row_index,subject_id,activity_id,frame,filepath,label,prediction,prob_phone
0,12,1,1,D:\Skripsi\Experiment\data\raw\RGB2\S12\AC1\RGB2_SUB12ACT1F1.jpg,0,0,0.0329047255218029
1,12,1,121,D:\Skripsi\Experiment\data\raw\RGB2\S12\AC1\RGB2_SUB12ACT1F121.jpg,0,0,0.09984830766916275
2,12,1,151,D:\Skripsi\Experiment\data\raw\RGB2\S12\AC1\RGB2_SUB12ACT1F151.jpg,0,0,0.10363282263278961
3,12,1,31,D:\Skripsi\Experiment\data\raw\RGB2\S12\AC1\RGB2_SUB12ACT1F31.jpg,0,0,0.01791275478899479
4,12,1,61,D:\Skripsi\Experiment\data\raw\RGB2\S12\AC1\RGB2_SUB12ACT1F61.jpg,0,0,0.040326908230781555
5,12,1,91,D:\Skripsi\Experiment\data\raw\RGB2\S12\AC1\RGB2_SUB12ACT1F91.jpg,0,0,0.4919561743736267
6,12,5,1,D:\Skripsi\Experiment\data\raw\RGB2\S12\AC5\RGB2_SUB12ACT5F1.jpg,1,1,0.5207046866416931
7,12,5,121,D:\Skripsi\Experiment\data\raw\RGB2\S12\AC5\RGB2_SUB12ACT5F121.jpg,1,1,0.7844076752662659
8,12,5,31,D:\Skripsi\Experiment\data\raw\RGB2\S12\AC5\RGB2_SUB12ACT5F31.jpg,1,1,0.8303138017654419
9,12,5,61,D:\Skripsi\Experiment\data\raw\RGB2\S12\AC5\RGB2_SUB12ACT5F61.jpg,1,1,0.8452340364456177
10,12,5,91,D:\Skripsi\Experiment\data\raw\RGB2\S12\AC5\RGB2_SUB12ACT5F91.jpg,1,1,0.7545088529586792
11,12,6,1,D:\Skripsi\Experiment\data\raw\RGB2\S12\AC6\RGB2_SUB12ACT6F1.jpg,1,1,0.6645293831825256
12,12,6,121,D:\Skripsi\Experiment\data\raw\RGB2\S12\AC6\RGB2_SUB12ACT6F121.jpg,1,1,0.7890973687171936
13,12,6,151,D:\Skripsi\Experiment\data\raw\RGB2\S12\AC6\RGB2_SUB12ACT6F151.jpg,1,1,0.9194537997245789
14,12,6,181,D:\Skripsi\Experiment\data\raw\RGB2\S12\AC6\RGB2_SUB12ACT6F181.jpg,1,1,0.7691932916641235
15,12,6,31,D:\Skripsi\Experiment\data\raw\RGB2\S12\AC6\RGB2_SUB12ACT6F31.jpg,1,1,0.878685712814331
16,12,6,61,D:\Skripsi\Experiment\data\raw\RGB2\S12\AC6\RGB2_SUB12ACT6F61.jpg,1,0,0.3977891206741333
17,12,6,91,D:\Skripsi\Experiment\data\raw\RGB2\S12\AC6\RGB2_SUB12ACT6F91.jpg,1,1,0.7879366278648376
18,12,7,1,D:\Skripsi\Experiment\data\raw\RGB2\S12\AC7\RGB2_SUB12ACT7F1.jpg,1,1,0.7905544638633728
19,12,7,121,D:\Skripsi\Experiment\data\raw\RGB2\S12\AC7\RGB2_SUB12ACT7F121.jpg,1,1,0.7262141108512878
20,12,7,151,D:\Skripsi\Experiment\data\raw\RGB2\S12\AC7\RGB2_SUB12ACT7F151.jpg,1,1,0.8315969109535217
21,12,7,181,D:\Skripsi\Experiment\data\raw\RGB2\S12\AC7\RGB2_SUB12ACT7F181.jpg,1,1,0.8658333420753479
22,12,7,211,D:\Skripsi\Experiment\data\raw\RGB2\S12\AC7\RGB2_SUB12ACT7F211.jpg,1,1,0.7248637080192566
23,12,7,31,D:\Skripsi\Experiment\data\raw\RGB2\S12\AC7\RGB2_SUB12ACT7F31.jpg,1,1,0.735478401184082
24,12,7,61,D:\Skripsi\Experiment\data\raw\RGB2\S12\AC7\RGB2_SUB12ACT7F61.jpg,1,1,0.8116565942764282
25,12,7,91,D:\Skripsi\Experiment\data\raw\RGB2\S12\AC7\RGB2_SUB12ACT7F91.jpg,1,1,0.8621805310249329
26,12,8,1,D:\Skripsi\Experiment\data\raw\RGB2\S12\AC8\RGB2_SUB12ACT8F1.jpg,1,0,0.3932499587535858
27,12,8,121,D:\Skripsi\Experiment\data\raw\RGB2\S12\AC8\RGB2_SUB12ACT8F121.jpg,1,1,0.888093888759613
28,12,8,151,D:\Skripsi\Experiment\data\raw\RGB2\S12\AC8\RGB2_SUB12ACT8F151.jpg,1,1,0.8551638126373291
29,12,8,31,D:\Skripsi\Experiment\data\raw\RGB2\S12\AC8\RGB2_SUB12ACT8F31.jpg,1,1,0.8278296589851379
30,12,8,61,D:\Skripsi\Experiment\data\raw\RGB2\S12\AC8\RGB2_SUB12ACT8F61.jpg,1,1,0.857669472694397
31,12,8,91,D:\Skripsi\Experiment\data\raw\RGB2\S12\AC8\RGB2_SUB12ACT8F91.jpg,1,1,0.9285455942153931
32,12,9,1,D:\Skripsi\Experiment\data\raw\RGB2\S12\AC9\RGB2_SUB12ACT9F1.jpg,1,1,0.8148595094680786
33,12,9,121,D:\Skripsi\Experiment\data\raw\RGB2\S12\AC9\RGB2_SUB12ACT9F121.jpg,1,1,0.7884793281555176
34,12,9,151,D:\Skripsi\Experiment\data\raw\RGB2\S12\AC9\RGB2_SUB12ACT9F151.jpg,1,1,0.8251708149909973
35,12,9,31,D:\Skripsi\Experiment\data\raw\RGB2\S12\AC9\RGB2_SUB12ACT9F31.jpg,1,1,0.7893293499946594
36,12,9,61,D:\Skripsi\Experiment\data\raw\RGB2\S12\AC9\RGB2_SUB12ACT9F61.jpg,1,1,0.859169602394104
37,12,9,91,D:\Skripsi\Experiment\data\raw\RGB2\S12\AC9\RGB2_SUB12ACT9F91.jpg,1,1,0.8141187429428101
38,13,1,1,D:\Skripsi\Experiment\data\raw\RGB2\S13\AC1\RGB2_SUB13ACT1F1.jpg,0,0,0.2925374507904053
39,13,1,121,D:\Skripsi\Experiment\data\raw\RGB2\S13\AC1\RGB2_SUB13ACT1F121.jpg,0,0,0.020782465115189552
40,13,1,31,D:\Skripsi\Experiment\data\raw\RGB2\S13\AC1\RGB2_SUB13ACT1F31.jpg,0,0,0.010057646781206131
41,13,1,61,D:\Skripsi\Experiment\data\raw\RGB2\S13\AC1\RGB2_SUB13ACT1F61.jpg,0,0,0.07536213099956512
42,13,1,91,D:\Skripsi\Experiment\data\raw\RGB2\S13\AC1\RGB2_SUB13ACT1F91.jpg,0,0,0.02163812518119812
43,13,5,1,D:\Skripsi\Experiment\data\raw\RGB2\S13\AC5\RGB2_SUB13ACT5F1.jpg,1,1,0.8561202883720398
44,13,5,121,D:\Skripsi\Experiment\data\raw\RGB2\S13\AC5\RGB2_SUB13ACT5F121.jpg,1,1,0.8496843576431274
45,13,5,31,D:\Skripsi\Experiment\data\raw\RGB2\S13\AC5\RGB2_SUB13ACT5F31.jpg,1,1,0.7769063115119934
46,13,5,61,D:\Skripsi\Experiment\data\raw\RGB2\S13\AC5\RGB2_SUB13ACT5F61.jpg,1,1,0.8763167858123779
47,13,5,91,D:\Skripsi\Experiment\data\raw\RGB2\S13\AC5\RGB2_SUB13ACT5F91.jpg,1,1,0.7288035750389099
48,13,6,1,D:\Skripsi\Experiment\data\raw\RGB2\S13\AC6\RGB2_SUB13ACT6F1.jpg,1,1,0.8252393007278442
49,13,6,31,D:\Skripsi\Experiment\data\raw\RGB2\S13\AC6\RGB2_SUB13ACT6F31.jpg,1,1,0.835732638835907
50,13,6,61,D:\Skripsi\Experiment\data\raw\RGB2\S13\AC6\RGB2_SUB13ACT6F61.jpg,1,1,0.8740404844284058
51,13,6,91,D:\Skripsi\Experiment\data\raw\RGB2\S13\AC6\RGB2_SUB13ACT6F91.jpg,1,1,0.5485402941703796
52,13,7,1,D:\Skripsi\Experiment\data\raw\RGB2\S13\AC7\RGB2_SUB13ACT7F1.jpg,1,1,0.8640343546867371
53,13,7,121,D:\Skripsi\Experiment\data\raw\RGB2\S13\AC7\RGB2_SUB13ACT7F121.jpg,1,1,0.8785668611526489
54,13,7,31,D:\Skripsi\Experiment\data\raw\RGB2\S13\AC7\RGB2_SUB13ACT7F31.jpg,1,1,0.8832293152809143
55,13,7,61,D:\Skripsi\Experiment\data\raw\RGB2\S13\AC7\RGB2_SUB13ACT7F61.jpg,1,1,0.830175518989563
56,13,7,91,D:\Skripsi\Experiment\data\raw\RGB2\S13\AC7\RGB2_SUB13ACT7F91.jpg,1,1,0.9435245394706726
57,13,8,1,D:\Skripsi\Experiment\data\raw\RGB2\S13\AC8\RGB2_SUB13ACT8F1.jpg,1,1,0.8459740877151489
58,13,8,121,D:\Skripsi\Experiment\data\raw\RGB2\S13\AC8\RGB2_SUB13ACT8F121.jpg,1,1,0.888918399810791
59,13,8,31,D:\Skripsi\Experiment\data\raw\RGB2\S13\AC8\RGB2_SUB13ACT8F31.jpg,1,1,0.7744392156600952
60,13,8,61,D:\Skripsi\Experiment\data\raw\RGB2\S13\AC8\RGB2_SUB13ACT8F61.jpg,1,1,0.8439192771911621
61,13,8,91,D:\Skripsi\Experiment\data\raw\RGB2\S13\AC8\RGB2_SUB13ACT8F91.jpg,1,1,0.8790215253829956
62,13,9,1,D:\Skripsi\Experiment\data\raw\RGB2\S13\AC9\RGB2_SUB13ACT9F1.jpg,1,1,0.7514091730117798
63,13,9,121,D:\Skripsi\Experiment\data\raw\RGB2\S13\AC9\RGB2_SUB13ACT9F121.jpg,1,1,0.9140055775642395
64,13,9,151,D:\Skripsi\Experiment\data\raw\RGB2\S13\AC9\RGB2_SUB13ACT9F151.jpg,1,1,0.8980849385261536
65,13,9,181,D:\Skripsi\Experiment\data\raw\RGB2\S13\AC9\RGB2_SUB13ACT9F181.jpg,1,1,0.917877197265625
66,13,9,31,D:\Skripsi\Experiment\data\raw\RGB2\S13\AC9\RGB2_SUB13ACT9F31.jpg,1,1,0.9412409067153931
67,13,9,61,D:\Skripsi\Experiment\data\raw\RGB2\S13\AC9\RGB2_SUB13ACT9F61.jpg,1,1,0.8429586887359619
68,13,9,91,D:\Skripsi\Experiment\data\raw\RGB2\S13\AC9\RGB2_SUB13ACT9F91.jpg,1,1,0.7571451663970947
69,14,1,1,D:\Skripsi\Experiment\data\raw\RGB2\S14\AC1\RGB2_SUB14ACT1F1.jpg,0,0,0.1887931227684021
70,14,1,31,D:\Skripsi\Experiment\data\raw\RGB2\S14\AC1\RGB2_SUB14ACT1F31.jpg,0,0,0.07119393348693848
71,14,1,61,D:\Skripsi\Experiment\data\raw\RGB2\S14\AC1\RGB2_SUB14ACT1F61.jpg,0,0,0.15062206983566284
72,14,1,91,D:\Skripsi\Experiment\data\raw\RGB2\S14\AC1\RGB2_SUB14ACT1F91.jpg,0,0,0.2805633842945099
73,14,5,1,D:\Skripsi\Experiment\data\raw\RGB2\S14\AC5\RGB2_SUB14ACT5F1.jpg,1,1,0.5858359932899475
74,14,5,121,D:\Skripsi\Experiment\data\raw\RGB2\S14\AC5\RGB2_SUB14ACT5F121.jpg,1,1,0.895351767539978
75,14,5,31,D:\Skripsi\Experiment\data\raw\RGB2\S14\AC5\RGB2_SUB14ACT5F31.jpg,1,1,0.9081447124481201
76,14,5,61,D:\Skripsi\Experiment\data\raw\RGB2\S14\AC5\RGB2_SUB14ACT5F61.jpg,1,1,0.9217533469200134
77,14,5,91,D:\Skripsi\Experiment\data\raw\RGB2\S14\AC5\RGB2_SUB14ACT5F91.jpg,1,1,0.8916813135147095
78,14,6,1,D:\Skripsi\Experiment\data\raw\RGB2\S14\AC6\RGB2_SUB14ACT6F1.jpg,1,1,0.5976712107658386
79,14,6,31,D:\Skripsi\Experiment\data\raw\RGB2\S14\AC6\RGB2_SUB14ACT6F31.jpg,1,1,0.6480497717857361
80,14,6,61,D:\Skripsi\Experiment\data\raw\RGB2\S14\AC6\RGB2_SUB14ACT6F61.jpg,1,1,0.8027127385139465
81,14,6,91,D:\Skripsi\Experiment\data\raw\RGB2\S14\AC6\RGB2_SUB14ACT6F91.jpg,1,1,0.8649021983146667
82,14,7,1,D:\Skripsi\Experiment\data\raw\RGB2\S14\AC7\RGB2_SUB14ACT7F1.jpg,1,1,0.9052540063858032
83,14,7,31,D:\Skripsi\Experiment\data\raw\RGB2\S14\AC7\RGB2_SUB14ACT7F31.jpg,1,1,0.8587548136711121
84,14,7,61,D:\Skripsi\Experiment\data\raw\RGB2\S14\AC7\RGB2_SUB14ACT7F61.jpg,1,1,0.8745858669281006
85,14,7,91,D:\Skripsi\Experiment\data\raw\RGB2\S14\AC7\RGB2_SUB14ACT7F91.jpg,1,1,0.8934759497642517
86,14,8,1,D:\Skripsi\Experiment\data\raw\RGB2\S14\AC8\RGB2_SUB14ACT8F1.jpg,1,0,0.3927921950817108
87,14,8,121,D:\Skripsi\Experiment\data\raw\RGB2\S14\AC8\RGB2_SUB14ACT8F121.jpg,1,1,0.5941873788833618
88,14,8,31,D:\Skripsi\Experiment\data\raw\RGB2\S14\AC8\RGB2_SUB14ACT8F31.jpg,1,1,0.8066966533660889
89,14,8,61,D:\Skripsi\Experiment\data\raw\RGB2\S14\AC8\RGB2_SUB14ACT8F61.jpg,1,1,0.8314417004585266
90,14,8,91,D:\Skripsi\Experiment\data\raw\RGB2\S14\AC8\RGB2_SUB14ACT8F91.jpg,1,1,0.8013468384742737
91,14,9,1,D:\Skripsi\Experiment\data\raw\RGB2\S14\AC9\RGB2_SUB14ACT9F1.jpg,1,1,0.9259241223335266
92,14,9,121,D:\Skripsi\Experiment\data\raw\RGB2\S14\AC9\RGB2_SUB14ACT9F121.jpg,1,1,0.9121339917182922
93,14,9,31,D:\Skripsi\Experiment\data\raw\RGB2\S14\AC9\RGB2_SUB14ACT9F31.jpg,1,1,0.8965286612510681
94,14,9,61,D:\Skripsi\Experiment\data\raw\RGB2\S14\AC9\RGB2_SUB14ACT9F61.jpg,1,1,0.8113593459129333
95,14,9,91,D:\Skripsi\Experiment\data\raw\RGB2\S14\AC9\RGB2_SUB14ACT9F91.jpg,1,1,0.9073991179466248
96,16,1,1,D:\Skripsi\Experiment\data\raw\RGB2\S16\AC1\RGB2_SUB16ACT1F1.jpg,0,0,0.058757707476615906
97,16,1,121,D:\Skripsi\Experiment\data\raw\RGB2\S16\AC1\RGB2_SUB16ACT1F121.jpg,0,0,0.1446485072374344
98,16,1,31,D:\Skripsi\Experiment\data\raw\RGB2\S16\AC1\RGB2_SUB16ACT1F31.jpg,0,0,0.036782559007406235
99,16,1,61,D:\Skripsi\Experiment\data\raw\RGB2\S16\AC1\RGB2_SUB16ACT1F61.jpg,0,0,0.08892065286636353
100,16,1,91,D:\Skripsi\Experiment\data\raw\RGB2\S16\AC1\RGB2_SUB16ACT1F91.jpg,0,0,0.07896284013986588
101,16,5,1,D:\Skripsi\Experiment\data\raw\RGB2\S16\AC5\RGB2_SUB16ACT5F1.jpg,1,1,0.9663782715797424
102,16,5,31,D:\Skripsi\Experiment\data\raw\RGB2\S16\AC5\RGB2_SUB16ACT5F31.jpg,1,1,0.9502708315849304
103,16,5,61,D:\Skripsi\Experiment\data\raw\RGB2\S16\AC5\RGB2_SUB16ACT5F61.jpg,1,1,0.9198656678199768
104,16,5,91,D:\Skripsi\Experiment\data\raw\RGB2\S16\AC5\RGB2_SUB16ACT5F91.jpg,1,1,0.8866133689880371
105,16,6,1,D:\Skripsi\Experiment\data\raw\RGB2\S16\AC6\RGB2_SUB16ACT6F1.jpg,1,1,0.804588258266449
106,16,6,31,D:\Skripsi\Experiment\data\raw\RGB2\S16\AC6\RGB2_SUB16ACT6F31.jpg,1,1,0.8623825311660767
107,16,6,61,D:\Skripsi\Experiment\data\raw\RGB2\S16\AC6\RGB2_SUB16ACT6F61.jpg,1,1,0.854230523109436
108,16,6,91,D:\Skripsi\Experiment\data\raw\RGB2\S16\AC6\RGB2_SUB16ACT6F91.jpg,1,1,0.7105410695075989
109,16,7,1,D:\Skripsi\Experiment\data\raw\RGB2\S16\AC7\RGB2_SUB16ACT7F1.jpg,1,1,0.8553726673126221
110,16,7,121,D:\Skripsi\Experiment\data\raw\RGB2\S16\AC7\RGB2_SUB16ACT7F121.jpg,1,1,0.8885440230369568
111,16,7,31,D:\Skripsi\Experiment\data\raw\RGB2\S16\AC7\RGB2_SUB16ACT7F31.jpg,1,1,0.8517055511474609
112,16,7,61,D:\Skripsi\Experiment\data\raw\RGB2\S16\AC7\RGB2_SUB16ACT7F61.jpg,1,1,0.7801443338394165
113,16,7,91,D:\Skripsi\Experiment\data\raw\RGB2\S16\AC7\RGB2_SUB16ACT7F91.jpg,1,1,0.7570482492446899
114,16,8,1,D:\Skripsi\Experiment\data\raw\RGB2\S16\AC8\RGB2_SUB16ACT8F1.jpg,1,0,0.45171818137168884
115,16,8,121,D:\Skripsi\Experiment\data\raw\RGB2\S16\AC8\RGB2_SUB16ACT8F121.jpg,1,1,0.8619270920753479
116,16,8,31,D:\Skripsi\Experiment\data\raw\RGB2\S16\AC8\RGB2_SUB16ACT8F31.jpg,1,1,0.8055495619773865
117,16,8,61,D:\Skripsi\Experiment\data\raw\RGB2\S16\AC8\RGB2_SUB16ACT8F61.jpg,1,1,0.781578004360199
118,16,8,91,D:\Skripsi\Experiment\data\raw\RGB2\S16\AC8\RGB2_SUB16ACT8F91.jpg,1,0,0.29918810725212097
119,16,9,1,D:\Skripsi\Experiment\data\raw\RGB2\S16\AC9\RGB2_SUB16ACT9F1.jpg,1,1,0.9273792505264282
120,16,9,121,D:\Skripsi\Experiment\data\raw\RGB2\S16\AC9\RGB2_SUB16ACT9F121.jpg,1,1,0.8716473579406738
121,16,9,31,D:\Skripsi\Experiment\data\raw\RGB2\S16\AC9\RGB2_SUB16ACT9F31.jpg,1,1,0.8753316402435303
122,16,9,61,D:\Skripsi\Experiment\data\raw\RGB2\S16\AC9\RGB2_SUB16ACT9F61.jpg,1,1,0.8715231418609619
123,16,9,91,D:\Skripsi\Experiment\data\raw\RGB2\S16\AC9\RGB2_SUB16ACT9F91.jpg,1,1,0.892121434211731
124,18,1,1,D:\Skripsi\Experiment\data\raw\RGB2\S18\AC1\RGB2_SUB18ACT1F1.jpg,0,0,0.13208290934562683
125,18,1,121,D:\Skripsi\Experiment\data\raw\RGB2\S18\AC1\RGB2_SUB18ACT1F121.jpg,0,0,0.052593231201171875
126,18,1,31,D:\Skripsi\Experiment\data\raw\RGB2\S18\AC1\RGB2_SUB18ACT1F31.jpg,0,0,0.02555694244801998
127,18,1,61,D:\Skripsi\Experiment\data\raw\RGB2\S18\AC1\RGB2_SUB18ACT1F61.jpg,0,0,0.02145219035446644
128,18,1,91,D:\Skripsi\Experiment\data\raw\RGB2\S18\AC1\RGB2_SUB18ACT1F91.jpg,0,0,0.09338938444852829
129,18,5,1,D:\Skripsi\Experiment\data\raw\RGB2\S18\AC5\RGB2_SUB18ACT5F1.jpg,1,0,0.4965444505214691
130,18,5,121,D:\Skripsi\Experiment\data\raw\RGB2\S18\AC5\RGB2_SUB18ACT5F121.jpg,1,1,0.842831552028656
131,18,5,151,D:\Skripsi\Experiment\data\raw\RGB2\S18\AC5\RGB2_SUB18ACT5F151.jpg,1,1,0.742756187915802
132,18,5,31,D:\Skripsi\Experiment\data\raw\RGB2\S18\AC5\RGB2_SUB18ACT5F31.jpg,1,1,0.7942488193511963
133,18,5,61,D:\Skripsi\Experiment\data\raw\RGB2\S18\AC5\RGB2_SUB18ACT5F61.jpg,1,1,0.801408052444458
134,18,5,91,D:\Skripsi\Experiment\data\raw\RGB2\S18\AC5\RGB2_SUB18ACT5F91.jpg,1,1,0.8521594405174255
135,18,6,1,D:\Skripsi\Experiment\data\raw\RGB2\S18\AC6\RGB2_SUB18ACT6F1.jpg,1,1,0.7533080577850342
136,18,6,121,D:\Skripsi\Experiment\data\raw\RGB2\S18\AC6\RGB2_SUB18ACT6F121.jpg,1,1,0.8354018330574036
137,18,6,151,D:\Skripsi\Experiment\data\raw\RGB2\S18\AC6\RGB2_SUB18ACT6F151.jpg,1,1,0.9054257869720459
138,18,6,31,D:\Skripsi\Experiment\data\raw\RGB2\S18\AC6\RGB2_SUB18ACT6F31.jpg,1,1,0.7606598138809204
139,18,6,61,D:\Skripsi\Experiment\data\raw\RGB2\S18\AC6\RGB2_SUB18ACT6F61.jpg,1,1,0.8525064587593079
140,18,6,91,D:\Skripsi\Experiment\data\raw\RGB2\S18\AC6\RGB2_SUB18ACT6F91.jpg,1,1,0.8530774116516113
141,18,7,1,D:\Skripsi\Experiment\data\raw\RGB2\S18\AC7\RGB2_SUB18ACT7F1.jpg,1,1,0.8144648671150208
142,18,7,121,D:\Skripsi\Experiment\data\raw\RGB2\S18\AC7\RGB2_SUB18ACT7F121.jpg,1,1,0.7462704181671143
143,18,7,151,D:\Skripsi\Experiment\data\raw\RGB2\S18\AC7\RGB2_SUB18ACT7F151.jpg,1,1,0.80158931016922
144,18,7,181,D:\Skripsi\Experiment\data\raw\RGB2\S18\AC7\RGB2_SUB18ACT7F181.jpg,1,1,0.9103721976280212
145,18,7,31,D:\Skripsi\Experiment\data\raw\RGB2\S18\AC7\RGB2_SUB18ACT7F31.jpg,1,1,0.8075370788574219
146,18,7,61,D:\Skripsi\Experiment\data\raw\RGB2\S18\AC7\RGB2_SUB18ACT7F61.jpg,1,1,0.7710665464401245
147,18,7,91,D:\Skripsi\Experiment\data\raw\RGB2\S18\AC7\RGB2_SUB18ACT7F91.jpg,1,1,0.849835991859436
148,18,8,1,D:\Skripsi\Experiment\data\raw\RGB2\S18\AC8\RGB2_SUB18ACT8F1.jpg,1,1,0.8056632280349731
149,18,8,121,D:\Skripsi\Experiment\data\raw\RGB2\S18\AC8\RGB2_SUB18ACT8F121.jpg,1,1,0.9199036955833435
150,18,8,151,D:\Skripsi\Experiment\data\raw\RGB2\S18\AC8\RGB2_SUB18ACT8F151.jpg,1,1,0.8253603577613831
151,18,8,181,D:\Skripsi\Experiment\data\raw\RGB2\S18\AC8\RGB2_SUB18ACT8F181.jpg,1,1,0.6316646337509155
152,18,8,211,D:\Skripsi\Experiment\data\raw\RGB2\S18\AC8\RGB2_SUB18ACT8F211.jpg,1,1,0.7939382791519165
153,18,8,31,D:\Skripsi\Experiment\data\raw\RGB2\S18\AC8\RGB2_SUB18ACT8F31.jpg,1,1,0.8324451446533203
154,18,8,61,D:\Skripsi\Experiment\data\raw\RGB2\S18\AC8\RGB2_SUB18ACT8F61.jpg,1,1,0.8386369943618774
155,18,8,91,D:\Skripsi\Experiment\data\raw\RGB2\S18\AC8\RGB2_SUB18ACT8F91.jpg,1,1,0.9011592864990234
156,18,9,1,D:\Skripsi\Experiment\data\raw\RGB2\S18\AC9\RGB2_SUB18ACT9F1.jpg,1,1,0.6264528036117554
157,18,9,121,D:\Skripsi\Experiment\data\raw\RGB2\S18\AC9\RGB2_SUB18ACT9F121.jpg,1,1,0.8530905246734619
158,18,9,151,D:\Skripsi\Experiment\data\raw\RGB2\S18\AC9\RGB2_SUB18ACT9F151.jpg,1,1,0.9215036630630493
159,18,9,31,D:\Skripsi\Experiment\data\raw\RGB2\S18\AC9\RGB2_SUB18ACT9F31.jpg,1,1,0.8454403281211853
160,18,9,61,D:\Skripsi\Experiment\data\raw\RGB2\S18\AC9\RGB2_SUB18ACT9F61.jpg,1,1,0.7933176755905151
161,18,9,91,D:\Skripsi\Experiment\data\raw\RGB2\S18\AC9\RGB2_SUB18ACT9F91.jpg,1,1,0.9167451858520508
162,19,1,1,D:\Skripsi\Experiment\data\raw\RGB2\S19\AC1\RGB2_SUB19ACT1F1.jpg,0,0,0.22203747928142548
163,19,1,121,D:\Skripsi\Experiment\data\raw\RGB2\S19\AC1\RGB2_SUB19ACT1F121.jpg,0,0,0.17851252853870392
164,19,1,31,D:\Skripsi\Experiment\data\raw\RGB2\S19\AC1\RGB2_SUB19ACT1F31.jpg,0,0,0.03429305925965309
165,19,1,61,D:\Skripsi\Experiment\data\raw\RGB2\S19\AC1\RGB2_SUB19ACT1F61.jpg,0,0,0.019869284704327583
166,19,1,91,D:\Skripsi\Experiment\data\raw\RGB2\S19\AC1\RGB2_SUB19ACT1F91.jpg,0,0,0.1654689610004425
167,19,5,1,D:\Skripsi\Experiment\data\raw\RGB2\S19\AC5\RGB2_SUB19ACT5F1.jpg,1,1,0.903931200504303
168,19,5,31,D:\Skripsi\Experiment\data\raw\RGB2\S19\AC5\RGB2_SUB19ACT5F31.jpg,1,1,0.9039081931114197
169,19,5,61,D:\Skripsi\Experiment\data\raw\RGB2\S19\AC5\RGB2_SUB19ACT5F61.jpg,1,1,0.8610389232635498
170,19,5,91,D:\Skripsi\Experiment\data\raw\RGB2\S19\AC5\RGB2_SUB19ACT5F91.jpg,1,1,0.8893161416053772
171,19,6,1,D:\Skripsi\Experiment\data\raw\RGB2\S19\AC6\RGB2_SUB19ACT6F1.jpg,1,0,0.47708234190940857
172,19,6,121,D:\Skripsi\Experiment\data\raw\RGB2\S19\AC6\RGB2_SUB19ACT6F121.jpg,1,1,0.7494262456893921
173,19,6,31,D:\Skripsi\Experiment\data\raw\RGB2\S19\AC6\RGB2_SUB19ACT6F31.jpg,1,1,0.761598527431488
174,19,6,61,D:\Skripsi\Experiment\data\raw\RGB2\S19\AC6\RGB2_SUB19ACT6F61.jpg,1,1,0.7189415693283081
175,19,6,91,D:\Skripsi\Experiment\data\raw\RGB2\S19\AC6\RGB2_SUB19ACT6F91.jpg,1,1,0.7632651925086975
176,19,7,1,D:\Skripsi\Experiment\data\raw\RGB2\S19\AC7\RGB2_SUB19ACT7F1.jpg,1,1,0.8755634427070618
177,19,7,121,D:\Skripsi\Experiment\data\raw\RGB2\S19\AC7\RGB2_SUB19ACT7F121.jpg,1,1,0.8843913674354553
178,19,7,31,D:\Skripsi\Experiment\data\raw\RGB2\S19\AC7\RGB2_SUB19ACT7F31.jpg,1,1,0.9098170399665833
179,19,7,61,D:\Skripsi\Experiment\data\raw\RGB2\S19\AC7\RGB2_SUB19ACT7F61.jpg,1,1,0.794438362121582
180,19,7,91,D:\Skripsi\Experiment\data\raw\RGB2\S19\AC7\RGB2_SUB19ACT7F91.jpg,1,1,0.8671183586120605
181,19,8,1,D:\Skripsi\Experiment\data\raw\RGB2\S19\AC8\RGB2_SUB19ACT8F1.jpg,1,1,0.7533472776412964
182,19,8,121,D:\Skripsi\Experiment\data\raw\RGB2\S19\AC8\RGB2_SUB19ACT8F121.jpg,1,1,0.8632909059524536
183,19,8,151,D:\Skripsi\Experiment\data\raw\RGB2\S19\AC8\RGB2_SUB19ACT8F151.jpg,1,1,0.9048181772232056
184,19,8,31,D:\Skripsi\Experiment\data\raw\RGB2\S19\AC8\RGB2_SUB19ACT8F31.jpg,1,1,0.8182215094566345
185,19,8,61,D:\Skripsi\Experiment\data\raw\RGB2\S19\AC8\RGB2_SUB19ACT8F61.jpg,1,1,0.949884295463562
186,19,8,91,D:\Skripsi\Experiment\data\raw\RGB2\S19\AC8\RGB2_SUB19ACT8F91.jpg,1,1,0.8332558274269104
187,19,9,1,D:\Skripsi\Experiment\data\raw\RGB2\S19\AC9\RGB2_SUB19ACT9F1.jpg,1,1,0.6251933574676514
188,19,9,31,D:\Skripsi\Experiment\data\raw\RGB2\S19\AC9\RGB2_SUB19ACT9F31.jpg,1,1,0.7761134505271912
189,19,9,61,D:\Skripsi\Experiment\data\raw\RGB2\S19\AC9\RGB2_SUB19ACT9F61.jpg,1,1,0.7724488377571106
190,19,9,91,D:\Skripsi\Experiment\data\raw\RGB2\S19\AC9\RGB2_SUB19ACT9F91.jpg,1,1,0.9025487899780273
191,23,1,1,D:\Skripsi\Experiment\data\raw\RGB2\S23\AC1\RGB2_SUB23ACT1F1.jpg,0,0,0.025635678321123123
192,23,1,121,D:\Skripsi\Experiment\data\raw\RGB2\S23\AC1\RGB2_SUB23ACT1F121.jpg,0,0,0.008485013619065285
193,23,1,31,D:\Skripsi\Experiment\data\raw\RGB2\S23\AC1\RGB2_SUB23ACT1F31.jpg,0,0,0.048070281744003296
194,23,1,61,D:\Skripsi\Experiment\data\raw\RGB2\S23\AC1\RGB2_SUB23ACT1F61.jpg,0,0,0.03030804544687271
195,23,1,91,D:\Skripsi\Experiment\data\raw\RGB2\S23\AC1\RGB2_SUB23ACT1F91.jpg,0,0,0.004129226319491863
196,23,5,1,D:\Skripsi\Experiment\data\raw\RGB2\S23\AC5\RGB2_SUB23ACT5F1.jpg,1,1,0.7067229747772217
197,23,5,121,D:\Skripsi\Experiment\data\raw\RGB2\S23\AC5\RGB2_SUB23ACT5F121.jpg,1,1,0.8686395287513733
198,23,5,31,D:\Skripsi\Experiment\data\raw\RGB2\S23\AC5\RGB2_SUB23ACT5F31.jpg,1,1,0.8502001166343689
199,23,5,61,D:\Skripsi\Experiment\data\raw\RGB2\S23\AC5\RGB2_SUB23ACT5F61.jpg,1,1,0.8281975984573364
200,23,5,91,D:\Skripsi\Experiment\data\raw\RGB2\S23\AC5\RGB2_SUB23ACT5F91.jpg,1,1,0.8701377511024475
201,23,6,1,D:\Skripsi\Experiment\data\raw\RGB2\S23\AC6\RGB2_SUB23ACT6F1.jpg,1,1,0.9016284942626953
202,23,6,121,D:\Skripsi\Experiment\data\raw\RGB2\S23\AC6\RGB2_SUB23ACT6F121.jpg,1,1,0.8773111701011658
203,23,6,31,D:\Skripsi\Experiment\data\raw\RGB2\S23\AC6\RGB2_SUB23ACT6F31.jpg,1,1,0.8699274063110352
204,23,6,61,D:\Skripsi\Experiment\data\raw\RGB2\S23\AC6\RGB2_SUB23ACT6F61.jpg,1,1,0.9301759004592896
205,23,6,91,D:\Skripsi\Experiment\data\raw\RGB2\S23\AC6\RGB2_SUB23ACT6F91.jpg,1,1,0.8927210569381714
206,23,7,1,D:\Skripsi\Experiment\data\raw\RGB2\S23\AC7\RGB2_SUB23ACT7F1.jpg,1,1,0.7806860208511353
207,23,7,121,D:\Skripsi\Experiment\data\raw\RGB2\S23\AC7\RGB2_SUB23ACT7F121.jpg,1,1,0.8863527178764343
208,23,7,31,D:\Skripsi\Experiment\data\raw\RGB2\S23\AC7\RGB2_SUB23ACT7F31.jpg,1,1,0.8177995085716248
209,23,7,61,D:\Skripsi\Experiment\data\raw\RGB2\S23\AC7\RGB2_SUB23ACT7F61.jpg,1,1,0.867387056350708
210,23,7,91,D:\Skripsi\Experiment\data\raw\RGB2\S23\AC7\RGB2_SUB23ACT7F91.jpg,1,1,0.7731390595436096
211,23,8,1,D:\Skripsi\Experiment\data\raw\RGB2\S23\AC8\RGB2_SUB23ACT8F1.jpg,1,1,0.8848404884338379
212,23,8,121,D:\Skripsi\Experiment\data\raw\RGB2\S23\AC8\RGB2_SUB23ACT8F121.jpg,1,1,0.91367506980896
213,23,8,31,D:\Skripsi\Experiment\data\raw\RGB2\S23\AC8\RGB2_SUB23ACT8F31.jpg,1,1,0.8777806162834167
214,23,8,61,D:\Skripsi\Experiment\data\raw\RGB2\S23\AC8\RGB2_SUB23ACT8F61.jpg,1,1,0.8985697031021118
215,23,8,91,D:\Skripsi\Experiment\data\raw\RGB2\S23\AC8\RGB2_SUB23ACT8F91.jpg,1,1,0.9054253101348877
216,23,9,1,D:\Skripsi\Experiment\data\raw\RGB2\S23\AC9\RGB2_SUB23ACT9F1.jpg,1,1,0.8833921551704407
217,23,9,121,D:\Skripsi\Experiment\data\raw\RGB2\S23\AC9\RGB2_SUB23ACT9F121.jpg,1,1,0.8364344835281372
218,23,9,31,D:\Skripsi\Experiment\data\raw\RGB2\S23\AC9\RGB2_SUB23ACT9F31.jpg,1,1,0.8582360148429871
219,23,9,61,D:\Skripsi\Experiment\data\raw\RGB2\S23\AC9\RGB2_SUB23ACT9F61.jpg,1,1,0.8756650686264038
220,23,9,91,D:\Skripsi\Experiment\data\raw\RGB2\S23\AC9\RGB2_SUB23ACT9F91.jpg,1,1,0.7669670581817627
221,24,1,1,D:\Skripsi\Experiment\data\raw\RGB2\S24\AC1\RGB2_SUB24ACT1F1.jpg,0,0,0.03344440087676048
222,24,1,31,D:\Skripsi\Experiment\data\raw\RGB2\S24\AC1\RGB2_SUB24ACT1F31.jpg,0,0,0.059292372316122055
223,24,1,61,D:\Skripsi\Experiment\data\raw\RGB2\S24\AC1\RGB2_SUB24ACT1F61.jpg,0,0,0.01708185113966465
224,24,1,91,D:\Skripsi\Experiment\data\raw\RGB2\S24\AC1\RGB2_SUB24ACT1F91.jpg,0,0,0.026499368250370026
225,24,5,1,D:\Skripsi\Experiment\data\raw\RGB2\S24\AC5\RGB2_SUB24ACT5F1.jpg,1,1,0.8712151050567627
226,24,5,31,D:\Skripsi\Experiment\data\raw\RGB2\S24\AC5\RGB2_SUB24ACT5F31.jpg,1,1,0.8782070279121399
227,24,5,61,D:\Skripsi\Experiment\data\raw\RGB2\S24\AC5\RGB2_SUB24ACT5F61.jpg,1,1,0.8549012541770935
228,24,5,91,D:\Skripsi\Experiment\data\raw\RGB2\S24\AC5\RGB2_SUB24ACT5F91.jpg,1,1,0.6728761196136475
229,24,6,1,D:\Skripsi\Experiment\data\raw\RGB2\S24\AC6\RGB2_SUB24ACT6F1.jpg,1,1,0.8950492143630981
230,24,6,31,D:\Skripsi\Experiment\data\raw\RGB2\S24\AC6\RGB2_SUB24ACT6F31.jpg,1,1,0.8462876677513123
231,24,6,61,D:\Skripsi\Experiment\data\raw\RGB2\S24\AC6\RGB2_SUB24ACT6F61.jpg,1,1,0.8647737503051758
232,24,6,91,D:\Skripsi\Experiment\data\raw\RGB2\S24\AC6\RGB2_SUB24ACT6F91.jpg,1,1,0.9317654371261597
233,24,7,1,D:\Skripsi\Experiment\data\raw\RGB2\S24\AC7\RGB2_SUB24ACT7F1.jpg,1,1,0.9090120792388916
234,24,7,121,D:\Skripsi\Experiment\data\raw\RGB2\S24\AC7\RGB2_SUB24ACT7F121.jpg,1,1,0.8235939741134644
235,24,7,151,D:\Skripsi\Experiment\data\raw\RGB2\S24\AC7\RGB2_SUB24ACT7F151.jpg,1,1,0.9339128732681274
236,24,7,31,D:\Skripsi\Experiment\data\raw\RGB2\S24\AC7\RGB2_SUB24ACT7F31.jpg,1,1,0.7660935521125793
237,24,7,61,D:\Skripsi\Experiment\data\raw\RGB2\S24\AC7\RGB2_SUB24ACT7F61.jpg,1,1,0.8192511796951294
238,24,7,91,D:\Skripsi\Experiment\data\raw\RGB2\S24\AC7\RGB2_SUB24ACT7F91.jpg,1,1,0.8539437651634216
239,24,8,1,D:\Skripsi\Experiment\data\raw\RGB2\S24\AC8\RGB2_SUB24ACT8F1.jpg,1,1,0.8561790585517883
240,24,8,121,D:\Skripsi\Experiment\data\raw\RGB2\S24\AC8\RGB2_SUB24ACT8F121.jpg,1,1,0.9230058789253235
241,24,8,151,D:\Skripsi\Experiment\data\raw\RGB2\S24\AC8\RGB2_SUB24ACT8F151.jpg,1,1,0.8259270191192627
242,24,8,31,D:\Skripsi\Experiment\data\raw\RGB2\S24\AC8\RGB2_SUB24ACT8F31.jpg,1,1,0.9074622392654419
243,24,8,61,D:\Skripsi\Experiment\data\raw\RGB2\S24\AC8\RGB2_SUB24ACT8F61.jpg,1,1,0.9106239080429077
244,24,8,91,D:\Skripsi\Experiment\data\raw\RGB2\S24\AC8\RGB2_SUB24ACT8F91.jpg,1,1,0.9041219353675842
245,24,9,1,D:\Skripsi\Experiment\data\raw\RGB2\S24\AC9\RGB2_SUB24ACT9F1.jpg,1,1,0.8078489303588867
246,24,9,121,D:\Skripsi\Experiment\data\raw\RGB2\S24\AC9\RGB2_SUB24ACT9F121.jpg,1,1,0.9156784415245056
247,24,9,31,D:\Skripsi\Experiment\data\raw\RGB2\S24\AC9\RGB2_SUB24ACT9F31.jpg,1,1,0.8971236944198608
248,24,9,61,D:\Skripsi\Experiment\data\raw\RGB2\S24\AC9\RGB2_SUB24ACT9F61.jpg,1,1,0.8254185318946838
249,24,9,91,D:\Skripsi\Experiment\data\raw\RGB2\S24\AC9\RGB2_SUB24ACT9F91.jpg,1,1,0.9015961289405823
250,25,1,1,D:\Skripsi\Experiment\data\raw\RGB2\S25\AC1\RGB2_SUB25ACT1F1.jpg,0,0,0.012375052087008953
251,25,1,121,D:\Skripsi\Experiment\data\raw\RGB2\S25\AC1\RGB2_SUB25ACT1F121.jpg,0,0,0.007898692041635513
252,25,1,31,D:\Skripsi\Experiment\data\raw\RGB2\S25\AC1\RGB2_SUB25ACT1F31.jpg,0,1,0.5105466842651367
253,25,1,61,D:\Skripsi\Experiment\data\raw\RGB2\S25\AC1\RGB2_SUB25ACT1F61.jpg,0,0,0.025557689368724823
254,25,1,91,D:\Skripsi\Experiment\data\raw\RGB2\S25\AC1\RGB2_SUB25ACT1F91.jpg,0,0,0.026099398732185364
255,25,5,1,D:\Skripsi\Experiment\data\raw\RGB2\S25\AC5\RGB2_SUB25ACT5F1.jpg,1,1,0.8424100279808044
256,25,5,121,D:\Skripsi\Experiment\data\raw\RGB2\S25\AC5\RGB2_SUB25ACT5F121.jpg,1,1,0.7729226350784302
257,25,5,31,D:\Skripsi\Experiment\data\raw\RGB2\S25\AC5\RGB2_SUB25ACT5F31.jpg,1,1,0.9009018540382385
258,25,5,61,D:\Skripsi\Experiment\data\raw\RGB2\S25\AC5\RGB2_SUB25ACT5F61.jpg,1,1,0.8442981839179993
259,25,5,91,D:\Skripsi\Experiment\data\raw\RGB2\S25\AC5\RGB2_SUB25ACT5F91.jpg,1,1,0.7030528783798218
260,25,6,1,D:\Skripsi\Experiment\data\raw\RGB2\S25\AC6\RGB2_SUB25ACT6F1.jpg,1,1,0.6603714823722839
261,25,6,31,D:\Skripsi\Experiment\data\raw\RGB2\S25\AC6\RGB2_SUB25ACT6F31.jpg,1,1,0.8130350708961487
262,25,6,61,D:\Skripsi\Experiment\data\raw\RGB2\S25\AC6\RGB2_SUB25ACT6F61.jpg,1,1,0.6679708361625671
263,25,6,91,D:\Skripsi\Experiment\data\raw\RGB2\S25\AC6\RGB2_SUB25ACT6F91.jpg,1,1,0.6650839447975159
264,25,7,1,D:\Skripsi\Experiment\data\raw\RGB2\S25\AC7\RGB2_SUB25ACT7F1.jpg,1,1,0.7339919805526733
265,25,7,31,D:\Skripsi\Experiment\data\raw\RGB2\S25\AC7\RGB2_SUB25ACT7F31.jpg,1,1,0.8399951457977295
266,25,7,61,D:\Skripsi\Experiment\data\raw\RGB2\S25\AC7\RGB2_SUB25ACT7F61.jpg,1,1,0.7567014694213867
267,25,8,1,D:\Skripsi\Experiment\data\raw\RGB2\S25\AC8\RGB2_SUB25ACT8F1.jpg,1,1,0.8452527523040771
268,25,8,31,D:\Skripsi\Experiment\data\raw\RGB2\S25\AC8\RGB2_SUB25ACT8F31.jpg,1,1,0.7880510687828064
269,25,8,61,D:\Skripsi\Experiment\data\raw\RGB2\S25\AC8\RGB2_SUB25ACT8F61.jpg,1,1,0.8743749260902405
270,25,8,91,D:\Skripsi\Experiment\data\raw\RGB2\S25\AC8\RGB2_SUB25ACT8F91.jpg,1,1,0.8068394660949707
271,25,9,1,D:\Skripsi\Experiment\data\raw\RGB2\S25\AC9\RGB2_SUB25ACT9F1.jpg,1,1,0.7406838536262512
272,25,9,31,D:\Skripsi\Experiment\data\raw\RGB2\S25\AC9\RGB2_SUB25ACT9F31.jpg,1,1,0.8780568242073059
273,25,9,61,D:\Skripsi\Experiment\data\raw\RGB2\S25\AC9\RGB2_SUB25ACT9F61.jpg,1,1,0.8568053245544434
274,26,1,1,D:\Skripsi\Experiment\data\raw\RGB2\S26\AC1\RGB2_SUB26ACT1F1.jpg,0,0,0.056889429688453674
275,26,1,31,D:\Skripsi\Experiment\data\raw\RGB2\S26\AC1\RGB2_SUB26ACT1F31.jpg,0,0,0.015950633212924004
276,26,1,61,D:\Skripsi\Experiment\data\raw\RGB2\S26\AC1\RGB2_SUB26ACT1F61.jpg,0,0,0.04637327417731285
277,26,1,91,D:\Skripsi\Experiment\data\raw\RGB2\S26\AC1\RGB2_SUB26ACT1F91.jpg,0,0,0.019959064200520515
278,26,5,1,D:\Skripsi\Experiment\data\raw\RGB2\S26\AC5\RGB2_SUB26ACT5F1.jpg,1,1,0.8960443139076233
279,26,5,31,D:\Skripsi\Experiment\data\raw\RGB2\S26\AC5\RGB2_SUB26ACT5F31.jpg,1,1,0.9267901182174683
280,26,5,61,D:\Skripsi\Experiment\data\raw\RGB2\S26\AC5\RGB2_SUB26ACT5F61.jpg,1,1,0.9228687882423401
281,26,6,1,D:\Skripsi\Experiment\data\raw\RGB2\S26\AC6\RGB2_SUB26ACT6F1.jpg,1,1,0.8779923319816589
282,26,6,31,D:\Skripsi\Experiment\data\raw\RGB2\S26\AC6\RGB2_SUB26ACT6F31.jpg,1,1,0.9194857478141785
283,26,6,61,D:\Skripsi\Experiment\data\raw\RGB2\S26\AC6\RGB2_SUB26ACT6F61.jpg,1,1,0.8885425925254822
284,26,6,91,D:\Skripsi\Experiment\data\raw\RGB2\S26\AC6\RGB2_SUB26ACT6F91.jpg,1,1,0.8999362587928772
285,26,7,1,D:\Skripsi\Experiment\data\raw\RGB2\S26\AC7\RGB2_SUB26ACT7F1.jpg,1,1,0.9260140061378479
286,26,7,121,D:\Skripsi\Experiment\data\raw\RGB2\S26\AC7\RGB2_SUB26ACT7F121.jpg,1,1,0.8582968711853027
287,26,7,151,D:\Skripsi\Experiment\data\raw\RGB2\S26\AC7\RGB2_SUB26ACT7F151.jpg,1,1,0.8350633382797241
288,26,7,31,D:\Skripsi\Experiment\data\raw\RGB2\S26\AC7\RGB2_SUB26ACT7F31.jpg,1,1,0.919805645942688
289,26,7,61,D:\Skripsi\Experiment\data\raw\RGB2\S26\AC7\RGB2_SUB26ACT7F61.jpg,1,1,0.8868468403816223
290,26,7,91,D:\Skripsi\Experiment\data\raw\RGB2\S26\AC7\RGB2_SUB26ACT7F91.jpg,1,1,0.8683049082756042
291,26,8,1,D:\Skripsi\Experiment\data\raw\RGB2\S26\AC8\RGB2_SUB26ACT8F1.jpg,1,1,0.6998425126075745
292,26,8,31,D:\Skripsi\Experiment\data\raw\RGB2\S26\AC8\RGB2_SUB26ACT8F31.jpg,1,1,0.6931777000427246
293,26,8,61,D:\Skripsi\Experiment\data\raw\RGB2\S26\AC8\RGB2_SUB26ACT8F61.jpg,1,1,0.8119416832923889
294,26,8,91,D:\Skripsi\Experiment\data\raw\RGB2\S26\AC8\RGB2_SUB26ACT8F91.jpg,1,1,0.8957694172859192
295,26,9,1,D:\Skripsi\Experiment\data\raw\RGB2\S26\AC9\RGB2_SUB26ACT9F1.jpg,1,1,0.8600711822509766
296,26,9,121,D:\Skripsi\Experiment\data\raw\RGB2\S26\AC9\RGB2_SUB26ACT9F121.jpg,1,1,0.8749009370803833
297,26,9,31,D:\Skripsi\Experiment\data\raw\RGB2\S26\AC9\RGB2_SUB26ACT9F31.jpg,1,1,0.8483555912971497
298,26,9,61,D:\Skripsi\Experiment\data\raw\RGB2\S26\AC9\RGB2_SUB26ACT9F61.jpg,1,1,0.9406045079231262
299,26,9,91,D:\Skripsi\Experiment\data\raw\RGB2\S26\AC9\RGB2_SUB26ACT9F91.jpg,1,1,0.886924684047699
300,28,1,1,D:\Skripsi\Experiment\data\raw\RGB2\S28\AC1\RGB2_SUB28ACT1F1.jpg,0,0,0.16017627716064453
301,28,1,121,D:\Skripsi\Experiment\data\raw\RGB2\S28\AC1\RGB2_SUB28ACT1F121.jpg,0,0,0.12950094044208527
302,28,1,31,D:\Skripsi\Experiment\data\raw\RGB2\S28\AC1\RGB2_SUB28ACT1F31.jpg,0,0,0.02001602202653885
303,28,1,61,D:\Skripsi\Experiment\data\raw\RGB2\S28\AC1\RGB2_SUB28ACT1F61.jpg,0,0,0.03400059789419174
304,28,1,91,D:\Skripsi\Experiment\data\raw\RGB2\S28\AC1\RGB2_SUB28ACT1F91.jpg,0,0,0.014356207102537155
305,28,5,1,D:\Skripsi\Experiment\data\raw\RGB2\S28\AC5\RGB2_SUB28ACT5F1.jpg,1,1,0.8737051486968994
306,28,5,121,D:\Skripsi\Experiment\data\raw\RGB2\S28\AC5\RGB2_SUB28ACT5F121.jpg,1,1,0.7332724928855896
307,28,5,151,D:\Skripsi\Experiment\data\raw\RGB2\S28\AC5\RGB2_SUB28ACT5F151.jpg,1,1,0.8283143043518066
308,28,5,31,D:\Skripsi\Experiment\data\raw\RGB2\S28\AC5\RGB2_SUB28ACT5F31.jpg,1,1,0.874009907245636
309,28,5,61,D:\Skripsi\Experiment\data\raw\RGB2\S28\AC5\RGB2_SUB28ACT5F61.jpg,1,1,0.8300735354423523
310,28,5,91,D:\Skripsi\Experiment\data\raw\RGB2\S28\AC5\RGB2_SUB28ACT5F91.jpg,1,1,0.8476401567459106
311,28,6,1,D:\Skripsi\Experiment\data\raw\RGB2\S28\AC6\RGB2_SUB28ACT6F1.jpg,1,1,0.7711743712425232
312,28,6,31,D:\Skripsi\Experiment\data\raw\RGB2\S28\AC6\RGB2_SUB28ACT6F31.jpg,1,1,0.7305656671524048
313,28,6,61,D:\Skripsi\Experiment\data\raw\RGB2\S28\AC6\RGB2_SUB28ACT6F61.jpg,1,0,0.4830380976200104
314,28,6,91,D:\Skripsi\Experiment\data\raw\RGB2\S28\AC6\RGB2_SUB28ACT6F91.jpg,1,1,0.7317357063293457
315,28,7,1,D:\Skripsi\Experiment\data\raw\RGB2\S28\AC7\RGB2_SUB28ACT7F1.jpg,1,1,0.8124183416366577
316,28,7,121,D:\Skripsi\Experiment\data\raw\RGB2\S28\AC7\RGB2_SUB28ACT7F121.jpg,1,1,0.8309328556060791
317,28,7,151,D:\Skripsi\Experiment\data\raw\RGB2\S28\AC7\RGB2_SUB28ACT7F151.jpg,1,1,0.8953538537025452
318,28,7,31,D:\Skripsi\Experiment\data\raw\RGB2\S28\AC7\RGB2_SUB28ACT7F31.jpg,1,1,0.8997063040733337
319,28,7,61,D:\Skripsi\Experiment\data\raw\RGB2\S28\AC7\RGB2_SUB28ACT7F61.jpg,1,1,0.7549792528152466
320,28,7,91,D:\Skripsi\Experiment\data\raw\RGB2\S28\AC7\RGB2_SUB28ACT7F91.jpg,1,1,0.8579312562942505
321,28,8,1,D:\Skripsi\Experiment\data\raw\RGB2\S28\AC8\RGB2_SUB28ACT8F1.jpg,1,1,0.9244144558906555
322,28,8,31,D:\Skripsi\Experiment\data\raw\RGB2\S28\AC8\RGB2_SUB28ACT8F31.jpg,1,1,0.7718961834907532
323,28,8,61,D:\Skripsi\Experiment\data\raw\RGB2\S28\AC8\RGB2_SUB28ACT8F61.jpg,1,1,0.8177855014801025
324,28,8,91,D:\Skripsi\Experiment\data\raw\RGB2\S28\AC8\RGB2_SUB28ACT8F91.jpg,1,1,0.8630159497261047
325,28,9,1,D:\Skripsi\Experiment\data\raw\RGB2\S28\AC9\RGB2_SUB28ACT9F1.jpg,1,1,0.9054508209228516
326,28,9,121,D:\Skripsi\Experiment\data\raw\RGB2\S28\AC9\RGB2_SUB28ACT9F121.jpg,1,1,0.789725124835968
327,28,9,151,D:\Skripsi\Experiment\data\raw\RGB2\S28\AC9\RGB2_SUB28ACT9F151.jpg,1,1,0.8794924020767212
328,28,9,31,D:\Skripsi\Experiment\data\raw\RGB2\S28\AC9\RGB2_SUB28ACT9F31.jpg,1,1,0.8788150548934937
329,28,9,61,D:\Skripsi\Experiment\data\raw\RGB2\S28\AC9\RGB2_SUB28ACT9F61.jpg,1,1,0.8325585722923279
330,28,9,91,D:\Skripsi\Experiment\data\raw\RGB2\S28\AC9\RGB2_SUB28ACT9F91.jpg,1,1,0.8946289420127869
331,29,1,1,D:\Skripsi\Experiment\data\raw\RGB2\S29\AC1\RGB2_SUB29ACT1F1.jpg,0,0,0.36539095640182495
332,29,1,121,D:\Skripsi\Experiment\data\raw\RGB2\S29\AC1\RGB2_SUB29ACT1F121.jpg,0,0,0.05204789340496063
333,29,1,31,D:\Skripsi\Experiment\data\raw\RGB2\S29\AC1\RGB2_SUB29ACT1F31.jpg,0,0,0.3350451588630676
334,29,1,61,D:\Skripsi\Experiment\data\raw\RGB2\S29\AC1\RGB2_SUB29ACT1F61.jpg,0,0,0.08239537477493286
335,29,1,91,D:\Skripsi\Experiment\data\raw\RGB2\S29\AC1\RGB2_SUB29ACT1F91.jpg,0,0,0.07915782183408737
336,29,5,1,D:\Skripsi\Experiment\data\raw\RGB2\S29\AC5\RGB2_SUB29ACT5F1.jpg,1,1,0.8433312773704529
337,29,5,121,D:\Skripsi\Experiment\data\raw\RGB2\S29\AC5\RGB2_SUB29ACT5F121.jpg,1,1,0.7254704833030701
338,29,5,31,D:\Skripsi\Experiment\data\raw\RGB2\S29\AC5\RGB2_SUB29ACT5F31.jpg,1,1,0.8704646825790405
339,29,5,61,D:\Skripsi\Experiment\data\raw\RGB2\S29\AC5\RGB2_SUB29ACT5F61.jpg,1,1,0.8531873226165771
340,29,5,91,D:\Skripsi\Experiment\data\raw\RGB2\S29\AC5\RGB2_SUB29ACT5F91.jpg,1,1,0.8513140082359314
341,29,6,1,D:\Skripsi\Experiment\data\raw\RGB2\S29\AC6\RGB2_SUB29ACT6F1.jpg,1,1,0.6535747051239014
342,29,6,31,D:\Skripsi\Experiment\data\raw\RGB2\S29\AC6\RGB2_SUB29ACT6F31.jpg,1,1,0.5690969228744507
343,29,6,61,D:\Skripsi\Experiment\data\raw\RGB2\S29\AC6\RGB2_SUB29ACT6F61.jpg,1,1,0.8197333216667175
344,29,6,91,D:\Skripsi\Experiment\data\raw\RGB2\S29\AC6\RGB2_SUB29ACT6F91.jpg,1,1,0.8305188417434692
345,29,7,1,D:\Skripsi\Experiment\data\raw\RGB2\S29\AC7\RGB2_SUB29ACT7F1.jpg,1,1,0.867149293422699
346,29,7,121,D:\Skripsi\Experiment\data\raw\RGB2\S29\AC7\RGB2_SUB29ACT7F121.jpg,1,1,0.9160215854644775
347,29,7,31,D:\Skripsi\Experiment\data\raw\RGB2\S29\AC7\RGB2_SUB29ACT7F31.jpg,1,1,0.9188080430030823
348,29,7,61,D:\Skripsi\Experiment\data\raw\RGB2\S29\AC7\RGB2_SUB29ACT7F61.jpg,1,1,0.8762945532798767
349,29,7,91,D:\Skripsi\Experiment\data\raw\RGB2\S29\AC7\RGB2_SUB29ACT7F91.jpg,1,1,0.9307135939598083
350,29,8,1,D:\Skripsi\Experiment\data\raw\RGB2\S29\AC8\RGB2_SUB29ACT8F1.jpg,1,1,0.7358730435371399
351,29,8,121,D:\Skripsi\Experiment\data\raw\RGB2\S29\AC8\RGB2_SUB29ACT8F121.jpg,1,1,0.8090429306030273
352,29,8,151,D:\Skripsi\Experiment\data\raw\RGB2\S29\AC8\RGB2_SUB29ACT8F151.jpg,1,1,0.8263504505157471
353,29,8,31,D:\Skripsi\Experiment\data\raw\RGB2\S29\AC8\RGB2_SUB29ACT8F31.jpg,1,1,0.7317427396774292
354,29,8,61,D:\Skripsi\Experiment\data\raw\RGB2\S29\AC8\RGB2_SUB29ACT8F61.jpg,1,1,0.8133668899536133
355,29,8,91,D:\Skripsi\Experiment\data\raw\RGB2\S29\AC8\RGB2_SUB29ACT8F91.jpg,1,1,0.820190966129303
356,29,9,1,D:\Skripsi\Experiment\data\raw\RGB2\S29\AC9\RGB2_SUB29ACT9F1.jpg,1,1,0.79176265001297
357,29,9,121,D:\Skripsi\Experiment\data\raw\RGB2\S29\AC9\RGB2_SUB29ACT9F121.jpg,1,1,0.8855404853820801
358,29,9,151,D:\Skripsi\Experiment\data\raw\RGB2\S29\AC9\RGB2_SUB29ACT9F151.jpg,1,1,0.6335535049438477
359,29,9,31,D:\Skripsi\Experiment\data\raw\RGB2\S29\AC9\RGB2_SUB29ACT9F31.jpg,1,1,0.7659540176391602
360,29,9,61,D:\Skripsi\Experiment\data\raw\RGB2\S29\AC9\RGB2_SUB29ACT9F61.jpg,1,1,0.8654934167861938
361,29,9,91,D:\Skripsi\Experiment\data\raw\RGB2\S29\AC9\RGB2_SUB29ACT9F91.jpg,1,1,0.9249114990234375
362,30,1,1,D:\Skripsi\Experiment\data\raw\RGB2\S30\AC1\RGB2_SUB30ACT1F1.jpg,0,0,0.13102932274341583
363,30,1,31,D:\Skripsi\Experiment\data\raw\RGB2\S30\AC1\RGB2_SUB30ACT1F31.jpg,0,0,0.03931289166212082
364,30,1,61,D:\Skripsi\Experiment\data\raw\RGB2\S30\AC1\RGB2_SUB30ACT1F61.jpg,0,0,0.02122011035680771
365,30,1,91,D:\Skripsi\Experiment\data\raw\RGB2\S30\AC1\RGB2_SUB30ACT1F91.jpg,0,0,0.020629769191145897
366,30,5,1,D:\Skripsi\Experiment\data\raw\RGB2\S30\AC5\RGB2_SUB30ACT5F1.jpg,1,1,0.8336499929428101
367,30,5,31,D:\Skripsi\Experiment\data\raw\RGB2\S30\AC5\RGB2_SUB30ACT5F31.jpg,1,1,0.940101146697998
368,30,5,61,D:\Skripsi\Experiment\data\raw\RGB2\S30\AC5\RGB2_SUB30ACT5F61.jpg,1,1,0.8348810076713562
369,30,5,91,D:\Skripsi\Experiment\data\raw\RGB2\S30\AC5\RGB2_SUB30ACT5F91.jpg,1,1,0.9533042907714844
370,30,6,1,D:\Skripsi\Experiment\data\raw\RGB2\S30\AC6\RGB2_SUB30ACT6F1.jpg,1,1,0.8822085857391357
371,30,6,121,D:\Skripsi\Experiment\data\raw\RGB2\S30\AC6\RGB2_SUB30ACT6F121.jpg,1,1,0.7586293816566467
372,30,6,31,D:\Skripsi\Experiment\data\raw\RGB2\S30\AC6\RGB2_SUB30ACT6F31.jpg,1,1,0.887434720993042
373,30,6,61,D:\Skripsi\Experiment\data\raw\RGB2\S30\AC6\RGB2_SUB30ACT6F61.jpg,1,1,0.6676279306411743
374,30,6,91,D:\Skripsi\Experiment\data\raw\RGB2\S30\AC6\RGB2_SUB30ACT6F91.jpg,1,1,0.7848787307739258
375,30,7,1,D:\Skripsi\Experiment\data\raw\RGB2\S30\AC7\RGB2_SUB30ACT7F1.jpg,1,1,0.757809042930603
376,30,7,121,D:\Skripsi\Experiment\data\raw\RGB2\S30\AC7\RGB2_SUB30ACT7F121.jpg,1,1,0.8762397766113281
377,30,7,151,D:\Skripsi\Experiment\data\raw\RGB2\S30\AC7\RGB2_SUB30ACT7F151.jpg,1,1,0.8583317995071411
378,30,7,31,D:\Skripsi\Experiment\data\raw\RGB2\S30\AC7\RGB2_SUB30ACT7F31.jpg,1,1,0.8692737221717834
379,30,7,61,D:\Skripsi\Experiment\data\raw\RGB2\S30\AC7\RGB2_SUB30ACT7F61.jpg,1,1,0.8934184908866882
380,30,7,91,D:\Skripsi\Experiment\data\raw\RGB2\S30\AC7\RGB2_SUB30ACT7F91.jpg,1,1,0.8197312355041504
381,30,8,1,D:\Skripsi\Experiment\data\raw\RGB2\S30\AC8\RGB2_SUB30ACT8F1.jpg,1,1,0.9196444153785706
382,30,8,121,D:\Skripsi\Experiment\data\raw\RGB2\S30\AC8\RGB2_SUB30ACT8F121.jpg,1,1,0.8860519528388977
383,30,8,31,D:\Skripsi\Experiment\data\raw\RGB2\S30\AC8\RGB2_SUB30ACT8F31.jpg,1,1,0.8972364664077759
384,30,8,61,D:\Skripsi\Experiment\data\raw\RGB2\S30\AC8\RGB2_SUB30ACT8F61.jpg,1,1,0.8301411867141724
385,30,8,91,D:\Skripsi\Experiment\data\raw\RGB2\S30\AC8\RGB2_SUB30ACT8F91.jpg,1,1,0.7989113926887512
386,30,9,1,D:\Skripsi\Experiment\data\raw\RGB2\S30\AC9\RGB2_SUB30ACT9F1.jpg,1,1,0.8961768746376038
387,30,9,121,D:\Skripsi\Experiment\data\raw\RGB2\S30\AC9\RGB2_SUB30ACT9F121.jpg,1,1,0.9161936640739441
388,30,9,31,D:\Skripsi\Experiment\data\raw\RGB2\S30\AC9\RGB2_SUB30ACT9F31.jpg,1,1,0.8982759118080139
389,30,9,61,D:\Skripsi\Experiment\data\raw\RGB2\S30\AC9\RGB2_SUB30ACT9F61.jpg,1,1,0.767170250415802
390,30,9,91,D:\Skripsi\Experiment\data\raw\RGB2\S30\AC9\RGB2_SUB30ACT9F91.jpg,1,1,0.9109417200088501
391,31,1,1,D:\Skripsi\Experiment\data\raw\RGB2\S31\AC1\RGB2_SUB31ACT1F1.jpg,0,0,0.05688093230128288
392,31,1,31,D:\Skripsi\Experiment\data\raw\RGB2\S31\AC1\RGB2_SUB31ACT1F31.jpg,0,0,0.0684666782617569
393,31,1,61,D:\Skripsi\Experiment\data\raw\RGB2\S31\AC1\RGB2_SUB31ACT1F61.jpg,0,0,0.11153320223093033
394,31,1,91,D:\Skripsi\Experiment\data\raw\RGB2\S31\AC1\RGB2_SUB31ACT1F91.jpg,0,1,0.5156106948852539
395,31,5,1,D:\Skripsi\Experiment\data\raw\RGB2\S31\AC5\RGB2_SUB31ACT5F1.jpg,1,1,0.8622729182243347
396,31,5,31,D:\Skripsi\Experiment\data\raw\RGB2\S31\AC5\RGB2_SUB31ACT5F31.jpg,1,1,0.863454282283783
397,31,5,61,D:\Skripsi\Experiment\data\raw\RGB2\S31\AC5\RGB2_SUB31ACT5F61.jpg,1,1,0.8063626289367676
398,31,5,91,D:\Skripsi\Experiment\data\raw\RGB2\S31\AC5\RGB2_SUB31ACT5F91.jpg,1,1,0.8196449875831604
399,31,6,1,D:\Skripsi\Experiment\data\raw\RGB2\S31\AC6\RGB2_SUB31ACT6F1.jpg,1,1,0.68534255027771
400,31,6,31,D:\Skripsi\Experiment\data\raw\RGB2\S31\AC6\RGB2_SUB31ACT6F31.jpg,1,1,0.791633665561676
401,31,6,61,D:\Skripsi\Experiment\data\raw\RGB2\S31\AC6\RGB2_SUB31ACT6F61.jpg,1,1,0.6566801071166992
402,31,7,1,D:\Skripsi\Experiment\data\raw\RGB2\S31\AC7\RGB2_SUB31ACT7F1.jpg,1,1,0.8289770483970642
403,31,7,31,D:\Skripsi\Experiment\data\raw\RGB2\S31\AC7\RGB2_SUB31ACT7F31.jpg,1,1,0.8834738731384277
404,31,7,61,D:\Skripsi\Experiment\data\raw\RGB2\S31\AC7\RGB2_SUB31ACT7F61.jpg,1,1,0.7961574792861938
405,31,7,91,D:\Skripsi\Experiment\data\raw\RGB2\S31\AC7\RGB2_SUB31ACT7F91.jpg,1,1,0.8350252509117126
406,31,8,1,D:\Skripsi\Experiment\data\raw\RGB2\S31\AC8\RGB2_SUB31ACT8F1.jpg,1,1,0.8217402696609497
407,31,8,121,D:\Skripsi\Experiment\data\raw\RGB2\S31\AC8\RGB2_SUB31ACT8F121.jpg,1,1,0.8973971009254456
408,31,8,31,D:\Skripsi\Experiment\data\raw\RGB2\S31\AC8\RGB2_SUB31ACT8F31.jpg,1,1,0.7898632287979126
409,31,8,61,D:\Skripsi\Experiment\data\raw\RGB2\S31\AC8\RGB2_SUB31ACT8F61.jpg,1,1,0.7678903937339783
410,31,8,91,D:\Skripsi\Experiment\data\raw\RGB2\S31\AC8\RGB2_SUB31ACT8F91.jpg,1,1,0.8614522814750671
411,31,9,1,D:\Skripsi\Experiment\data\raw\RGB2\S31\AC9\RGB2_SUB31ACT9F1.jpg,1,1,0.8360834121704102
412,31,9,121,D:\Skripsi\Experiment\data\raw\RGB2\S31\AC9\RGB2_SUB31ACT9F121.jpg,1,1,0.6184827089309692
413,31,9,31,D:\Skripsi\Experiment\data\raw\RGB2\S31\AC9\RGB2_SUB31ACT9F31.jpg,1,1,0.8676304817199707
414,31,9,61,D:\Skripsi\Experiment\data\raw\RGB2\S31\AC9\RGB2_SUB31ACT9F61.jpg,1,1,0.8074504137039185
415,31,9,91,D:\Skripsi\Experiment\data\raw\RGB2\S31\AC9\RGB2_SUB31ACT9F91.jpg,1,0,0.4845377504825592
416,32,1,1,D:\Skripsi\Experiment\data\raw\RGB2\S32\AC1\RGB2_SUB32ACT1F1.jpg,0,0,0.28672754764556885
417,32,1,31,D:\Skripsi\Experiment\data\raw\RGB2\S32\AC1\RGB2_SUB32ACT1F31.jpg,0,0,0.04061035066843033
418,32,1,61,D:\Skripsi\Experiment\data\raw\RGB2\S32\AC1\RGB2_SUB32ACT1F61.jpg,0,0,0.018655424937605858
419,32,1,91,D:\Skripsi\Experiment\data\raw\RGB2\S32\AC1\RGB2_SUB32ACT1F91.jpg,0,0,0.22867469489574432
420,32,5,1,D:\Skripsi\Experiment\data\raw\RGB2\S32\AC5\RGB2_SUB32ACT5F1.jpg,1,1,0.9166352152824402
421,32,5,31,D:\Skripsi\Experiment\data\raw\RGB2\S32\AC5\RGB2_SUB32ACT5F31.jpg,1,1,0.9387596845626831
422,32,5,61,D:\Skripsi\Experiment\data\raw\RGB2\S32\AC5\RGB2_SUB32ACT5F61.jpg,1,1,0.9338583946228027
423,32,5,91,D:\Skripsi\Experiment\data\raw\RGB2\S32\AC5\RGB2_SUB32ACT5F91.jpg,1,1,0.8897277116775513
424,32,6,1,D:\Skripsi\Experiment\data\raw\RGB2\S32\AC6\RGB2_SUB32ACT6F1.jpg,1,1,0.926156222820282
425,32,6,31,D:\Skripsi\Experiment\data\raw\RGB2\S32\AC6\RGB2_SUB32ACT6F31.jpg,1,1,0.9226228594779968
426,32,6,61,D:\Skripsi\Experiment\data\raw\RGB2\S32\AC6\RGB2_SUB32ACT6F61.jpg,1,1,0.7264510989189148
427,32,6,91,D:\Skripsi\Experiment\data\raw\RGB2\S32\AC6\RGB2_SUB32ACT6F91.jpg,1,1,0.9373205900192261
428,32,7,1,D:\Skripsi\Experiment\data\raw\RGB2\S32\AC7\RGB2_SUB32ACT7F1.jpg,1,1,0.8660987615585327
429,32,7,31,D:\Skripsi\Experiment\data\raw\RGB2\S32\AC7\RGB2_SUB32ACT7F31.jpg,1,1,0.8749862909317017
430,32,7,61,D:\Skripsi\Experiment\data\raw\RGB2\S32\AC7\RGB2_SUB32ACT7F61.jpg,1,1,0.8693264126777649
431,32,7,91,D:\Skripsi\Experiment\data\raw\RGB2\S32\AC7\RGB2_SUB32ACT7F91.jpg,1,1,0.7972129583358765
432,32,8,1,D:\Skripsi\Experiment\data\raw\RGB2\S32\AC8\RGB2_SUB32ACT8F1.jpg,1,1,0.9157102108001709
433,32,8,31,D:\Skripsi\Experiment\data\raw\RGB2\S32\AC8\RGB2_SUB32ACT8F31.jpg,1,1,0.7638024091720581
434,32,8,61,D:\Skripsi\Experiment\data\raw\RGB2\S32\AC8\RGB2_SUB32ACT8F61.jpg,1,1,0.8875643014907837
435,32,9,1,D:\Skripsi\Experiment\data\raw\RGB2\S32\AC9\RGB2_SUB32ACT9F1.jpg,1,1,0.8924773335456848
436,32,9,31,D:\Skripsi\Experiment\data\raw\RGB2\S32\AC9\RGB2_SUB32ACT9F31.jpg,1,1,0.8987377882003784
437,32,9,61,D:\Skripsi\Experiment\data\raw\RGB2\S32\AC9\RGB2_SUB32ACT9F61.jpg,1,1,0.8781487345695496
438,33,1,1,D:\Skripsi\Experiment\data\raw\RGB2\S33\AC1\RGB2_SUB33ACT1F1.jpg,0,0,0.020243462175130844
439,33,1,31,D:\Skripsi\Experiment\data\raw\RGB2\S33\AC1\RGB2_SUB33ACT1F31.jpg,0,0,0.02725391462445259
440,33,1,61,D:\Skripsi\Experiment\data\raw\RGB2\S33\AC1\RGB2_SUB33ACT1F61.jpg,0,0,0.07093071937561035
441,33,5,1,D:\Skripsi\Experiment\data\raw\RGB2\S33\AC5\RGB2_SUB33ACT5F1.jpg,1,1,0.9542086720466614
442,33,5,31,D:\Skripsi\Experiment\data\raw\RGB2\S33\AC5\RGB2_SUB33ACT5F31.jpg,1,1,0.8957309126853943
443,33,5,61,D:\Skripsi\Experiment\data\raw\RGB2\S33\AC5\RGB2_SUB33ACT5F61.jpg,1,1,0.872912585735321
444,33,6,1,D:\Skripsi\Experiment\data\raw\RGB2\S33\AC6\RGB2_SUB33ACT6F1.jpg,1,1,0.7696026563644409
445,33,6,31,D:\Skripsi\Experiment\data\raw\RGB2\S33\AC6\RGB2_SUB33ACT6F31.jpg,1,1,0.8517323732376099
446,33,6,61,D:\Skripsi\Experiment\data\raw\RGB2\S33\AC6\RGB2_SUB33ACT6F61.jpg,1,1,0.856073260307312
447,33,7,1,D:\Skripsi\Experiment\data\raw\RGB2\S33\AC7\RGB2_SUB33ACT7F1.jpg,1,1,0.8177444934844971
448,33,7,31,D:\Skripsi\Experiment\data\raw\RGB2\S33\AC7\RGB2_SUB33ACT7F31.jpg,1,1,0.9062408804893494
449,33,7,61,D:\Skripsi\Experiment\data\raw\RGB2\S33\AC7\RGB2_SUB33ACT7F61.jpg,1,1,0.6944034695625305
450,33,7,91,D:\Skripsi\Experiment\data\raw\RGB2\S33\AC7\RGB2_SUB33ACT7F91.jpg,1,1,0.8920141458511353
451,33,8,1,D:\Skripsi\Experiment\data\raw\RGB2\S33\AC8\RGB2_SUB33ACT8F1.jpg,1,1,0.9492448568344116
452,33,8,31,D:\Skripsi\Experiment\data\raw\RGB2\S33\AC8\RGB2_SUB33ACT8F31.jpg,1,1,0.8963278532028198
453,33,8,61,D:\Skripsi\Experiment\data\raw\RGB2\S33\AC8\RGB2_SUB33ACT8F61.jpg,1,1,0.8644818663597107
454,33,8,91,D:\Skripsi\Experiment\data\raw\RGB2\S33\AC8\RGB2_SUB33ACT8F91.jpg,1,1,0.7816837430000305
455,33,9,1,D:\Skripsi\Experiment\data\raw\RGB2\S33\AC9\RGB2_SUB33ACT9F1.jpg,1,1,0.8540174961090088
456,33,9,31,D:\Skripsi\Experiment\data\raw\RGB2\S33\AC9\RGB2_SUB33ACT9F31.jpg,1,1,0.8574750423431396
457,33,9,61,D:\Skripsi\Experiment\data\raw\RGB2\S33\AC9\RGB2_SUB33ACT9F61.jpg,1,1,0.818093478679657
458,33,9,91,D:\Skripsi\Experiment\data\raw\RGB2\S33\AC9\RGB2_SUB33ACT9F91.jpg,1,1,0.889745831489563
459,34,1,1,D:\Skripsi\Experiment\data\raw\RGB2\S34\AC1\RGB2_SUB34ACT1F1.jpg,0,0,0.014062766917049885
460,34,1,31,D:\Skripsi\Experiment\data\raw\RGB2\S34\AC1\RGB2_SUB34ACT1F31.jpg,0,0,0.018925338983535767
461,34,1,61,D:\Skripsi\Experiment\data\raw\RGB2\S34\AC1\RGB2_SUB34ACT1F61.jpg,0,0,0.031096024438738823
462,34,5,1,D:\Skripsi\Experiment\data\raw\RGB2\S34\AC5\RGB2_SUB34ACT5F1.jpg,1,1,0.958894670009613
463,34,5,31,D:\Skripsi\Experiment\data\raw\RGB2\S34\AC5\RGB2_SUB34ACT5F31.jpg,1,1,0.8716213703155518
464,34,5,61,D:\Skripsi\Experiment\data\raw\RGB2\S34\AC5\RGB2_SUB34ACT5F61.jpg,1,1,0.8553454279899597
465,34,6,1,D:\Skripsi\Experiment\data\raw\RGB2\S34\AC6\RGB2_SUB34ACT6F1.jpg,1,1,0.8019818067550659
466,34,6,31,D:\Skripsi\Experiment\data\raw\RGB2\S34\AC6\RGB2_SUB34ACT6F31.jpg,1,1,0.8551443815231323
467,34,6,61,D:\Skripsi\Experiment\data\raw\RGB2\S34\AC6\RGB2_SUB34ACT6F61.jpg,1,1,0.8719152212142944
468,34,7,1,D:\Skripsi\Experiment\data\raw\RGB2\S34\AC7\RGB2_SUB34ACT7F1.jpg,1,1,0.8918054103851318
469,34,7,31,D:\Skripsi\Experiment\data\raw\RGB2\S34\AC7\RGB2_SUB34ACT7F31.jpg,1,1,0.8760493397712708
470,34,7,61,D:\Skripsi\Experiment\data\raw\RGB2\S34\AC7\RGB2_SUB34ACT7F61.jpg,1,1,0.9070343375205994
471,34,8,1,D:\Skripsi\Experiment\data\raw\RGB2\S34\AC8\RGB2_SUB34ACT8F1.jpg,1,1,0.7967584133148193
472,34,8,31,D:\Skripsi\Experiment\data\raw\RGB2\S34\AC8\RGB2_SUB34ACT8F31.jpg,1,1,0.8825089931488037
473,34,8,61,D:\Skripsi\Experiment\data\raw\RGB2\S34\AC8\RGB2_SUB34ACT8F61.jpg,1,1,0.906090259552002
474,34,8,91,D:\Skripsi\Experiment\data\raw\RGB2\S34\AC8\RGB2_SUB34ACT8F91.jpg,1,1,0.8793899416923523
475,34,9,1,D:\Skripsi\Experiment\data\raw\RGB2\S34\AC9\RGB2_SUB34ACT9F1.jpg,1,1,0.9384257793426514
476,34,9,31,D:\Skripsi\Experiment\data\raw\RGB2\S34\AC9\RGB2_SUB34ACT9F31.jpg,1,1,0.9370238780975342
477,34,9,61,D:\Skripsi\Experiment\data\raw\RGB2\S34\AC9\RGB2_SUB34ACT9F61.jpg,1,1,0.9102563858032227
478,35,1,1,D:\Skripsi\Experiment\data\raw\RGB2\S35\AC1\RGB2_SUB35ACT1F1.jpg,0,0,0.07010431587696075
479,35,1,121,D:\Skripsi\Experiment\data\raw\RGB2\S35\AC1\RGB2_SUB35ACT1F121.jpg,0,0,0.0013095632893964648
480,35,1,31,D:\Skripsi\Experiment\data\raw\RGB2\S35\AC1\RGB2_SUB35ACT1F31.jpg,0,0,0.009872711263597012
481,35,1,61,D:\Skripsi\Experiment\data\raw\RGB2\S35\AC1\RGB2_SUB35ACT1F61.jpg,0,0,0.0017605090979486704
482,35,1,91,D:\Skripsi\Experiment\data\raw\RGB2\S35\AC1\RGB2_SUB35ACT1F91.jpg,0,0,0.0023221548181027174
483,35,5,1,D:\Skripsi\Experiment\data\raw\RGB2\S35\AC5\RGB2_SUB35ACT5F1.jpg,1,0,0.49921026825904846
484,35,5,31,D:\Skripsi\Experiment\data\raw\RGB2\S35\AC5\RGB2_SUB35ACT5F31.jpg,1,1,0.7226090431213379
485,35,5,61,D:\Skripsi\Experiment\data\raw\RGB2\S35\AC5\RGB2_SUB35ACT5F61.jpg,1,1,0.6047247052192688
486,35,5,91,D:\Skripsi\Experiment\data\raw\RGB2\S35\AC5\RGB2_SUB35ACT5F91.jpg,1,1,0.5947371125221252
487,35,6,1,D:\Skripsi\Experiment\data\raw\RGB2\S35\AC6\RGB2_SUB35ACT6F1.jpg,1,1,0.8756800889968872
488,35,6,121,D:\Skripsi\Experiment\data\raw\RGB2\S35\AC6\RGB2_SUB35ACT6F121.jpg,1,1,0.8914997577667236
489,35,6,151,D:\Skripsi\Experiment\data\raw\RGB2\S35\AC6\RGB2_SUB35ACT6F151.jpg,1,1,0.8722715973854065
490,35,6,31,D:\Skripsi\Experiment\data\raw\RGB2\S35\AC6\RGB2_SUB35ACT6F31.jpg,1,1,0.9182800054550171
491,35,6,61,D:\Skripsi\Experiment\data\raw\RGB2\S35\AC6\RGB2_SUB35ACT6F61.jpg,1,1,0.9424046874046326
492,35,6,91,D:\Skripsi\Experiment\data\raw\RGB2\S35\AC6\RGB2_SUB35ACT6F91.jpg,1,1,0.8374018669128418
493,35,7,1,D:\Skripsi\Experiment\data\raw\RGB2\S35\AC7\RGB2_SUB35ACT7F1.jpg,1,1,0.8960413932800293
494,35,7,121,D:\Skripsi\Experiment\data\raw\RGB2\S35\AC7\RGB2_SUB35ACT7F121.jpg,1,1,0.9273293018341064
495,35,7,151,D:\Skripsi\Experiment\data\raw\RGB2\S35\AC7\RGB2_SUB35ACT7F151.jpg,1,1,0.8165804147720337
496,35,7,181,D:\Skripsi\Experiment\data\raw\RGB2\S35\AC7\RGB2_SUB35ACT7F181.jpg,1,1,0.8476653099060059
497,35,7,31,D:\Skripsi\Experiment\data\raw\RGB2\S35\AC7\RGB2_SUB35ACT7F31.jpg,1,1,0.8862607479095459
498,35,7,61,D:\Skripsi\Experiment\data\raw\RGB2\S35\AC7\RGB2_SUB35ACT7F61.jpg,1,1,0.9112309217453003
499,35,7,91,D:\Skripsi\Experiment\data\raw\RGB2\S35\AC7\RGB2_SUB35ACT7F91.jpg,1,1,0.839828372001648
500,35,8,1,D:\Skripsi\Experiment\data\raw\RGB2\S35\AC8\RGB2_SUB35ACT8F1.jpg,1,1,0.7588091492652893
501,35,8,31,D:\Skripsi\Experiment\data\raw\RGB2\S35\AC8\RGB2_SUB35ACT8F31.jpg,1,1,0.8971142172813416
502,35,8,61,D:\Skripsi\Experiment\data\raw\RGB2\S35\AC8\RGB2_SUB35ACT8F61.jpg,1,1,0.8590657711029053
503,35,8,91,D:\Skripsi\Experiment\data\raw\RGB2\S35\AC8\RGB2_SUB35ACT8F91.jpg,1,1,0.8481622338294983
504,35,9,1,D:\Skripsi\Experiment\data\raw\RGB2\S35\AC9\RGB2_SUB35ACT9F1.jpg,1,1,0.7095252275466919
505,35,9,121,D:\Skripsi\Experiment\data\raw\RGB2\S35\AC9\RGB2_SUB35ACT9F121.jpg,1,1,0.9174734950065613
506,35,9,31,D:\Skripsi\Experiment\data\raw\RGB2\S35\AC9\RGB2_SUB35ACT9F31.jpg,1,1,0.9083676338195801
507,35,9,61,D:\Skripsi\Experiment\data\raw\RGB2\S35\AC9\RGB2_SUB35ACT9F61.jpg,1,1,0.8977924585342407
508,35,9,91,D:\Skripsi\Experiment\data\raw\RGB2\S35\AC9\RGB2_SUB35ACT9F91.jpg,1,1,0.8521567583084106
509,36,1,1,D:\Skripsi\Experiment\data\raw\RGB2\S36\AC1\RGB2_SUB36ACT1F1.jpg,0,0,0.024521581828594208
510,36,1,121,D:\Skripsi\Experiment\data\raw\RGB2\S36\AC1\RGB2_SUB36ACT1F121.jpg,0,0,0.18113434314727783
511,36,1,31,D:\Skripsi\Experiment\data\raw\RGB2\S36\AC1\RGB2_SUB36ACT1F31.jpg,0,0,0.13242055475711823
512,36,1,61,D:\Skripsi\Experiment\data\raw\RGB2\S36\AC1\RGB2_SUB36ACT1F61.jpg,0,0,0.036425016820430756
513,36,1,91,D:\Skripsi\Experiment\data\raw\RGB2\S36\AC1\RGB2_SUB36ACT1F91.jpg,0,0,0.04060377553105354
514,36,5,1,D:\Skripsi\Experiment\data\raw\RGB2\S36\AC5\RGB2_SUB36ACT5F1.jpg,1,1,0.8894031643867493
515,36,5,121,D:\Skripsi\Experiment\data\raw\RGB2\S36\AC5\RGB2_SUB36ACT5F121.jpg,1,1,0.6997793912887573
516,36,5,31,D:\Skripsi\Experiment\data\raw\RGB2\S36\AC5\RGB2_SUB36ACT5F31.jpg,1,1,0.8599874973297119
517,36,5,61,D:\Skripsi\Experiment\data\raw\RGB2\S36\AC5\RGB2_SUB36ACT5F61.jpg,1,1,0.8855412006378174
518,36,5,91,D:\Skripsi\Experiment\data\raw\RGB2\S36\AC5\RGB2_SUB36ACT5F91.jpg,1,1,0.8097485303878784
519,36,6,1,D:\Skripsi\Experiment\data\raw\RGB2\S36\AC6\RGB2_SUB36ACT6F1.jpg,1,1,0.8734758496284485
520,36,6,31,D:\Skripsi\Experiment\data\raw\RGB2\S36\AC6\RGB2_SUB36ACT6F31.jpg,1,1,0.7974770069122314
521,36,6,61,D:\Skripsi\Experiment\data\raw\RGB2\S36\AC6\RGB2_SUB36ACT6F61.jpg,1,1,0.8879263401031494
522,36,6,91,D:\Skripsi\Experiment\data\raw\RGB2\S36\AC6\RGB2_SUB36ACT6F91.jpg,1,1,0.8066057562828064
523,36,7,1,D:\Skripsi\Experiment\data\raw\RGB2\S36\AC7\RGB2_SUB36ACT7F1.jpg,1,1,0.9217548370361328
524,36,7,121,D:\Skripsi\Experiment\data\raw\RGB2\S36\AC7\RGB2_SUB36ACT7F121.jpg,1,1,0.9376214146614075
525,36,7,31,D:\Skripsi\Experiment\data\raw\RGB2\S36\AC7\RGB2_SUB36ACT7F31.jpg,1,1,0.8914517164230347
526,36,7,61,D:\Skripsi\Experiment\data\raw\RGB2\S36\AC7\RGB2_SUB36ACT7F61.jpg,1,1,0.756659209728241
527,36,7,91,D:\Skripsi\Experiment\data\raw\RGB2\S36\AC7\RGB2_SUB36ACT7F91.jpg,1,1,0.8731518983840942
528,36,8,1,D:\Skripsi\Experiment\data\raw\RGB2\S36\AC8\RGB2_SUB36ACT8F1.jpg,1,1,0.9246783256530762
529,36,8,121,D:\Skripsi\Experiment\data\raw\RGB2\S36\AC8\RGB2_SUB36ACT8F121.jpg,1,1,0.8691980838775635
530,36,8,31,D:\Skripsi\Experiment\data\raw\RGB2\S36\AC8\RGB2_SUB36ACT8F31.jpg,1,1,0.8918700814247131
531,36,8,61,D:\Skripsi\Experiment\data\raw\RGB2\S36\AC8\RGB2_SUB36ACT8F61.jpg,1,1,0.8626962304115295
532,36,8,91,D:\Skripsi\Experiment\data\raw\RGB2\S36\AC8\RGB2_SUB36ACT8F91.jpg,1,1,0.7939906716346741
533,36,9,1,D:\Skripsi\Experiment\data\raw\RGB2\S36\AC9\RGB2_SUB36ACT9F1.jpg,1,1,0.905303955078125
534,36,9,121,D:\Skripsi\Experiment\data\raw\RGB2\S36\AC9\RGB2_SUB36ACT9F121.jpg,1,1,0.8817200660705566
535,36,9,151,D:\Skripsi\Experiment\data\raw\RGB2\S36\AC9\RGB2_SUB36ACT9F151.jpg,1,1,0.8709223866462708
536,36,9,31,D:\Skripsi\Experiment\data\raw\RGB2\S36\AC9\RGB2_SUB36ACT9F31.jpg,1,1,0.8578807711601257
537,36,9,61,D:\Skripsi\Experiment\data\raw\RGB2\S36\AC9\RGB2_SUB36ACT9F61.jpg,1,1,0.8979973196983337
538,36,9,91,D:\Skripsi\Experiment\data\raw\RGB2\S36\AC9\RGB2_SUB36ACT9F91.jpg,1,1,0.9118659496307373
539,37,1,1,D:\Skripsi\Experiment\data\raw\RGB2\S37\AC1\RGB2_SUB37ACT1F1.jpg,0,0,0.002405662089586258
540,37,1,121,D:\Skripsi\Experiment\data\raw\RGB2\S37\AC1\RGB2_SUB37ACT1F121.jpg,0,0,0.0007165789720602334
541,37,1,31,D:\Skripsi\Experiment\data\raw\RGB2\S37\AC1\RGB2_SUB37ACT1F31.jpg,0,0,0.002469992497935891
542,37,1,61,D:\Skripsi\Experiment\data\raw\RGB2\S37\AC1\RGB2_SUB37ACT1F61.jpg,0,0,0.0009667363483458757
543,37,1,91,D:\Skripsi\Experiment\data\raw\RGB2\S37\AC1\RGB2_SUB37ACT1F91.jpg,0,0,0.0007954880711622536
544,37,5,1,D:\Skripsi\Experiment\data\raw\RGB2\S37\AC5\RGB2_SUB37ACT5F1.jpg,1,1,0.9154117703437805
545,37,5,121,D:\Skripsi\Experiment\data\raw\RGB2\S37\AC5\RGB2_SUB37ACT5F121.jpg,1,1,0.8949583768844604
546,37,5,31,D:\Skripsi\Experiment\data\raw\RGB2\S37\AC5\RGB2_SUB37ACT5F31.jpg,1,1,0.9015561938285828
547,37,5,61,D:\Skripsi\Experiment\data\raw\RGB2\S37\AC5\RGB2_SUB37ACT5F61.jpg,1,1,0.8486655950546265
548,37,5,91,D:\Skripsi\Experiment\data\raw\RGB2\S37\AC5\RGB2_SUB37ACT5F91.jpg,1,1,0.8089168071746826
549,37,6,1,D:\Skripsi\Experiment\data\raw\RGB2\S37\AC6\RGB2_SUB37ACT6F1.jpg,1,0,0.4978652000427246
550,37,6,121,D:\Skripsi\Experiment\data\raw\RGB2\S37\AC6\RGB2_SUB37ACT6F121.jpg,1,1,0.8487513661384583
551,37,6,31,D:\Skripsi\Experiment\data\raw\RGB2\S37\AC6\RGB2_SUB37ACT6F31.jpg,1,1,0.6232374906539917
552,37,6,61,D:\Skripsi\Experiment\data\raw\RGB2\S37\AC6\RGB2_SUB37ACT6F61.jpg,1,1,0.8415284156799316
553,37,6,91,D:\Skripsi\Experiment\data\raw\RGB2\S37\AC6\RGB2_SUB37ACT6F91.jpg,1,1,0.9045636057853699
554,37,7,1,D:\Skripsi\Experiment\data\raw\RGB2\S37\AC7\RGB2_SUB37ACT7F1.jpg,1,1,0.9092970490455627
555,37,7,121,D:\Skripsi\Experiment\data\raw\RGB2\S37\AC7\RGB2_SUB37ACT7F121.jpg,1,1,0.9160787463188171
556,37,7,151,D:\Skripsi\Experiment\data\raw\RGB2\S37\AC7\RGB2_SUB37ACT7F151.jpg,1,1,0.8837993741035461
557,37,7,31,D:\Skripsi\Experiment\data\raw\RGB2\S37\AC7\RGB2_SUB37ACT7F31.jpg,1,1,0.8491142988204956
558,37,7,61,D:\Skripsi\Experiment\data\raw\RGB2\S37\AC7\RGB2_SUB37ACT7F61.jpg,1,1,0.8711665272712708
559,37,7,91,D:\Skripsi\Experiment\data\raw\RGB2\S37\AC7\RGB2_SUB37ACT7F91.jpg,1,1,0.9581962823867798
560,37,8,1,D:\Skripsi\Experiment\data\raw\RGB2\S37\AC8\RGB2_SUB37ACT8F1.jpg,1,1,0.8276888132095337
561,37,8,121,D:\Skripsi\Experiment\data\raw\RGB2\S37\AC8\RGB2_SUB37ACT8F121.jpg,1,1,0.8965348601341248
562,37,8,151,D:\Skripsi\Experiment\data\raw\RGB2\S37\AC8\RGB2_SUB37ACT8F151.jpg,1,1,0.8271092176437378
563,37,8,31,D:\Skripsi\Experiment\data\raw\RGB2\S37\AC8\RGB2_SUB37ACT8F31.jpg,1,1,0.8293213844299316
564,37,8,61,D:\Skripsi\Experiment\data\raw\RGB2\S37\AC8\RGB2_SUB37ACT8F61.jpg,1,1,0.8504301309585571
565,37,8,91,D:\Skripsi\Experiment\data\raw\RGB2\S37\AC8\RGB2_SUB37ACT8F91.jpg,1,1,0.7952548861503601
566,37,9,1,D:\Skripsi\Experiment\data\raw\RGB2\S37\AC9\RGB2_SUB37ACT9F1.jpg,1,1,0.849755585193634
567,37,9,121,D:\Skripsi\Experiment\data\raw\RGB2\S37\AC9\RGB2_SUB37ACT9F121.jpg,1,1,0.7973010540008545
568,37,9,151,D:\Skripsi\Experiment\data\raw\RGB2\S37\AC9\RGB2_SUB37ACT9F151.jpg,1,1,0.8198488354682922
569,37,9,31,D:\Skripsi\Experiment\data\raw\RGB2\S37\AC9\RGB2_SUB37ACT9F31.jpg,1,1,0.8260122537612915
570,37,9,61,D:\Skripsi\Experiment\data\raw\RGB2\S37\AC9\RGB2_SUB37ACT9F61.jpg,1,1,0.9026395082473755
571,37,9,91,D:\Skripsi\Experiment\data\raw\RGB2\S37\AC9\RGB2_SUB37ACT9F91.jpg,1,1,0.8826214075088501
572,38,1,1,D:\Skripsi\Experiment\data\raw\RGB2\S38\AC1\RGB2_SUB38ACT1F1.jpg,0,0,0.1280176341533661
573,38,1,121,D:\Skripsi\Experiment\data\raw\RGB2\S38\AC1\RGB2_SUB38ACT1F121.jpg,0,0,0.004499537404626608
574,38,1,31,D:\Skripsi\Experiment\data\raw\RGB2\S38\AC1\RGB2_SUB38ACT1F31.jpg,0,0,0.034101057797670364
575,38,1,61,D:\Skripsi\Experiment\data\raw\RGB2\S38\AC1\RGB2_SUB38ACT1F61.jpg,0,0,0.12412433326244354
576,38,1,91,D:\Skripsi\Experiment\data\raw\RGB2\S38\AC1\RGB2_SUB38ACT1F91.jpg,0,0,0.37046676874160767
577,38,5,1,D:\Skripsi\Experiment\data\raw\RGB2\S38\AC5\RGB2_SUB38ACT5F1.jpg,1,1,0.8536921739578247
578,38,5,31,D:\Skripsi\Experiment\data\raw\RGB2\S38\AC5\RGB2_SUB38ACT5F31.jpg,1,1,0.7550303936004639
579,38,5,61,D:\Skripsi\Experiment\data\raw\RGB2\S38\AC5\RGB2_SUB38ACT5F61.jpg,1,1,0.783397376537323
580,38,5,91,D:\Skripsi\Experiment\data\raw\RGB2\S38\AC5\RGB2_SUB38ACT5F91.jpg,1,1,0.8641977906227112
581,38,6,1,D:\Skripsi\Experiment\data\raw\RGB2\S38\AC6\RGB2_SUB38ACT6F1.jpg,1,1,0.9512245059013367
582,38,6,31,D:\Skripsi\Experiment\data\raw\RGB2\S38\AC6\RGB2_SUB38ACT6F31.jpg,1,1,0.7600048780441284
583,38,6,61,D:\Skripsi\Experiment\data\raw\RGB2\S38\AC6\RGB2_SUB38ACT6F61.jpg,1,1,0.938597559928894
584,38,6,91,D:\Skripsi\Experiment\data\raw\RGB2\S38\AC6\RGB2_SUB38ACT6F91.jpg,1,1,0.9376958012580872
585,38,7,1,D:\Skripsi\Experiment\data\raw\RGB2\S38\AC7\RGB2_SUB38ACT7F1.jpg,1,1,0.9508476257324219
586,38,7,121,D:\Skripsi\Experiment\data\raw\RGB2\S38\AC7\RGB2_SUB38ACT7F121.jpg,1,1,0.8426232933998108
587,38,7,31,D:\Skripsi\Experiment\data\raw\RGB2\S38\AC7\RGB2_SUB38ACT7F31.jpg,1,1,0.902855396270752
588,38,7,61,D:\Skripsi\Experiment\data\raw\RGB2\S38\AC7\RGB2_SUB38ACT7F61.jpg,1,1,0.9526335597038269
589,38,7,91,D:\Skripsi\Experiment\data\raw\RGB2\S38\AC7\RGB2_SUB38ACT7F91.jpg,1,1,0.8795673251152039
590,38,8,1,D:\Skripsi\Experiment\data\raw\RGB2\S38\AC8\RGB2_SUB38ACT8F1.jpg,1,1,0.9048078060150146
591,38,8,121,D:\Skripsi\Experiment\data\raw\RGB2\S38\AC8\RGB2_SUB38ACT8F121.jpg,1,1,0.8483129739761353
592,38,8,31,D:\Skripsi\Experiment\data\raw\RGB2\S38\AC8\RGB2_SUB38ACT8F31.jpg,1,1,0.8636506795883179
593,38,8,61,D:\Skripsi\Experiment\data\raw\RGB2\S38\AC8\RGB2_SUB38ACT8F61.jpg,1,1,0.9080814719200134
594,38,8,91,D:\Skripsi\Experiment\data\raw\RGB2\S38\AC8\RGB2_SUB38ACT8F91.jpg,1,1,0.8965764045715332
595,38,9,1,D:\Skripsi\Experiment\data\raw\RGB2\S38\AC9\RGB2_SUB38ACT9F1.jpg,1,1,0.81650710105896
596,38,9,121,D:\Skripsi\Experiment\data\raw\RGB2\S38\AC9\RGB2_SUB38ACT9F121.jpg,1,0,0.49552109837532043
597,38,9,31,D:\Skripsi\Experiment\data\raw\RGB2\S38\AC9\RGB2_SUB38ACT9F31.jpg,1,1,0.732639729976654
598,38,9,61,D:\Skripsi\Experiment\data\raw\RGB2\S38\AC9\RGB2_SUB38ACT9F61.jpg,1,1,0.8450196385383606
599,38,9,91,D:\Skripsi\Experiment\data\raw\RGB2\S38\AC9\RGB2_SUB38ACT9F91.jpg,1,0,0.2882641553878784
600,39,1,1,D:\Skripsi\Experiment\data\raw\RGB2\S39\AC1\RGB2_SUB39ACT1F1.jpg,0,0,0.006439661141484976
601,39,1,31,D:\Skripsi\Experiment\data\raw\RGB2\S39\AC1\RGB2_SUB39ACT1F31.jpg,0,0,0.005382323171943426
602,39,1,61,D:\Skripsi\Experiment\data\raw\RGB2\S39\AC1\RGB2_SUB39ACT1F61.jpg,0,0,0.003258375683799386
603,39,1,91,D:\Skripsi\Experiment\data\raw\RGB2\S39\AC1\RGB2_SUB39ACT1F91.jpg,0,0,0.010599528439342976
604,39,5,1,D:\Skripsi\Experiment\data\raw\RGB2\S39\AC5\RGB2_SUB39ACT5F1.jpg,1,1,0.7638044953346252
605,39,5,31,D:\Skripsi\Experiment\data\raw\RGB2\S39\AC5\RGB2_SUB39ACT5F31.jpg,1,1,0.77629554271698
606,39,5,61,D:\Skripsi\Experiment\data\raw\RGB2\S39\AC5\RGB2_SUB39ACT5F61.jpg,1,1,0.8993840217590332
607,39,5,91,D:\Skripsi\Experiment\data\raw\RGB2\S39\AC5\RGB2_SUB39ACT5F91.jpg,1,1,0.8836919069290161
608,39,6,1,D:\Skripsi\Experiment\data\raw\RGB2\S39\AC6\RGB2_SUB39ACT6F1.jpg,1,1,0.90678471326828
609,39,6,31,D:\Skripsi\Experiment\data\raw\RGB2\S39\AC6\RGB2_SUB39ACT6F31.jpg,1,1,0.9404064416885376
610,39,6,61,D:\Skripsi\Experiment\data\raw\RGB2\S39\AC6\RGB2_SUB39ACT6F61.jpg,1,1,0.9286708831787109
611,39,6,91,D:\Skripsi\Experiment\data\raw\RGB2\S39\AC6\RGB2_SUB39ACT6F91.jpg,1,1,0.7874675393104553
612,39,7,1,D:\Skripsi\Experiment\data\raw\RGB2\S39\AC7\RGB2_SUB39ACT7F1.jpg,1,1,0.9521929025650024
613,39,7,31,D:\Skripsi\Experiment\data\raw\RGB2\S39\AC7\RGB2_SUB39ACT7F31.jpg,1,1,0.8243494629859924
614,39,7,61,D:\Skripsi\Experiment\data\raw\RGB2\S39\AC7\RGB2_SUB39ACT7F61.jpg,1,1,0.9048834443092346
615,39,7,91,D:\Skripsi\Experiment\data\raw\RGB2\S39\AC7\RGB2_SUB39ACT7F91.jpg,1,1,0.9388768076896667
616,39,8,1,D:\Skripsi\Experiment\data\raw\RGB2\S39\AC8\RGB2_SUB39ACT8F1.jpg,1,1,0.8123944401741028
617,39,8,121,D:\Skripsi\Experiment\data\raw\RGB2\S39\AC8\RGB2_SUB39ACT8F121.jpg,1,1,0.6964032649993896
618,39,8,31,D:\Skripsi\Experiment\data\raw\RGB2\S39\AC8\RGB2_SUB39ACT8F31.jpg,1,1,0.8492461442947388
619,39,8,61,D:\Skripsi\Experiment\data\raw\RGB2\S39\AC8\RGB2_SUB39ACT8F61.jpg,1,1,0.8697200417518616
620,39,8,91,D:\Skripsi\Experiment\data\raw\RGB2\S39\AC8\RGB2_SUB39ACT8F91.jpg,1,1,0.961267352104187
621,39,9,1,D:\Skripsi\Experiment\data\raw\RGB2\S39\AC9\RGB2_SUB39ACT9F1.jpg,1,1,0.8817107081413269
622,39,9,121,D:\Skripsi\Experiment\data\raw\RGB2\S39\AC9\RGB2_SUB39ACT9F121.jpg,1,1,0.853655219078064
623,39,9,31,D:\Skripsi\Experiment\data\raw\RGB2\S39\AC9\RGB2_SUB39ACT9F31.jpg,1,1,0.8293962478637695
624,39,9,61,D:\Skripsi\Experiment\data\raw\RGB2\S39\AC9\RGB2_SUB39ACT9F61.jpg,1,1,0.9102622270584106
625,39,9,91,D:\Skripsi\Experiment\data\raw\RGB2\S39\AC9\RGB2_SUB39ACT9F91.jpg,1,1,0.907438337802887
626,40,1,1,D:\Skripsi\Experiment\data\raw\RGB2\S40\AC1\RGB2_SUB40ACT1F1.jpg,0,0,0.021759314462542534
627,40,1,121,D:\Skripsi\Experiment\data\raw\RGB2\S40\AC1\RGB2_SUB40ACT1F121.jpg,0,0,0.03934474661946297
628,40,1,31,D:\Skripsi\Experiment\data\raw\RGB2\S40\AC1\RGB2_SUB40ACT1F31.jpg,0,0,0.030482206493616104
629,40,1,61,D:\Skripsi\Experiment\data\raw\RGB2\S40\AC1\RGB2_SUB40ACT1F61.jpg,0,1,0.6147781014442444
630,40,1,91,D:\Skripsi\Experiment\data\raw\RGB2\S40\AC1\RGB2_SUB40ACT1F91.jpg,0,0,0.03281812369823456
631,40,5,1,D:\Skripsi\Experiment\data\raw\RGB2\S40\AC5\RGB2_SUB40ACT5F1.jpg,1,1,0.8791665434837341
632,40,5,31,D:\Skripsi\Experiment\data\raw\RGB2\S40\AC5\RGB2_SUB40ACT5F31.jpg,1,1,0.8073729276657104
633,40,5,61,D:\Skripsi\Experiment\data\raw\RGB2\S40\AC5\RGB2_SUB40ACT5F61.jpg,1,1,0.8227214813232422
634,40,5,91,D:\Skripsi\Experiment\data\raw\RGB2\S40\AC5\RGB2_SUB40ACT5F91.jpg,1,1,0.796531081199646
635,40,6,1,D:\Skripsi\Experiment\data\raw\RGB2\S40\AC6\RGB2_SUB40ACT6F1.jpg,1,1,0.626569390296936
636,40,6,121,D:\Skripsi\Experiment\data\raw\RGB2\S40\AC6\RGB2_SUB40ACT6F121.jpg,1,1,0.8543506264686584
637,40,6,31,D:\Skripsi\Experiment\data\raw\RGB2\S40\AC6\RGB2_SUB40ACT6F31.jpg,1,1,0.9133683443069458
638,40,6,61,D:\Skripsi\Experiment\data\raw\RGB2\S40\AC6\RGB2_SUB40ACT6F61.jpg,1,1,0.902715265750885
639,40,6,91,D:\Skripsi\Experiment\data\raw\RGB2\S40\AC6\RGB2_SUB40ACT6F91.jpg,1,1,0.9339542388916016
640,40,7,1,D:\Skripsi\Experiment\data\raw\RGB2\S40\AC7\RGB2_SUB40ACT7F1.jpg,1,1,0.7023250460624695
641,40,7,121,D:\Skripsi\Experiment\data\raw\RGB2\S40\AC7\RGB2_SUB40ACT7F121.jpg,1,1,0.7400400042533875
642,40,7,151,D:\Skripsi\Experiment\data\raw\RGB2\S40\AC7\RGB2_SUB40ACT7F151.jpg,1,1,0.6759642362594604
643,40,7,181,D:\Skripsi\Experiment\data\raw\RGB2\S40\AC7\RGB2_SUB40ACT7F181.jpg,1,1,0.8161590099334717
644,40,7,211,D:\Skripsi\Experiment\data\raw\RGB2\S40\AC7\RGB2_SUB40ACT7F211.jpg,1,1,0.9486159682273865
645,40,7,31,D:\Skripsi\Experiment\data\raw\RGB2\S40\AC7\RGB2_SUB40ACT7F31.jpg,1,1,0.765177845954895
646,40,7,61,D:\Skripsi\Experiment\data\raw\RGB2\S40\AC7\RGB2_SUB40ACT7F61.jpg,1,1,0.5508675575256348
647,40,7,91,D:\Skripsi\Experiment\data\raw\RGB2\S40\AC7\RGB2_SUB40ACT7F91.jpg,1,1,0.7895042896270752
648,40,8,1,D:\Skripsi\Experiment\data\raw\RGB2\S40\AC8\RGB2_SUB40ACT8F1.jpg,1,1,0.9151397943496704
649,40,8,121,D:\Skripsi\Experiment\data\raw\RGB2\S40\AC8\RGB2_SUB40ACT8F121.jpg,1,1,0.8496725559234619
650,40,8,151,D:\Skripsi\Experiment\data\raw\RGB2\S40\AC8\RGB2_SUB40ACT8F151.jpg,1,1,0.8478628396987915
651,40,8,181,D:\Skripsi\Experiment\data\raw\RGB2\S40\AC8\RGB2_SUB40ACT8F181.jpg,1,1,0.8990236520767212
652,40,8,31,D:\Skripsi\Experiment\data\raw\RGB2\S40\AC8\RGB2_SUB40ACT8F31.jpg,1,1,0.7373560667037964
653,40,8,61,D:\Skripsi\Experiment\data\raw\RGB2\S40\AC8\RGB2_SUB40ACT8F61.jpg,1,1,0.833973228931427
654,40,8,91,D:\Skripsi\Experiment\data\raw\RGB2\S40\AC8\RGB2_SUB40ACT8F91.jpg,1,1,0.8170899152755737
655,40,9,1,D:\Skripsi\Experiment\data\raw\RGB2\S40\AC9\RGB2_SUB40ACT9F1.jpg,1,1,0.6893661618232727
656,40,9,121,D:\Skripsi\Experiment\data\raw\RGB2\S40\AC9\RGB2_SUB40ACT9F121.jpg,1,1,0.8629493117332458
657,40,9,31,D:\Skripsi\Experiment\data\raw\RGB2\S40\AC9\RGB2_SUB40ACT9F31.jpg,1,1,0.7770241498947144
658,40,9,61,D:\Skripsi\Experiment\data\raw\RGB2\S40\AC9\RGB2_SUB40ACT9F61.jpg,1,1,0.7974463105201721
659,40,9,91,D:\Skripsi\Experiment\data\raw\RGB2\S40\AC9\RGB2_SUB40ACT9F91.jpg,1,1,0.8698065876960754
660,43,1,1,D:\Skripsi\Experiment\data\raw\RGB2\S43\AC1\RGB2_SUB43ACT1F1.jpg,0,0,0.0968303382396698
661,43,1,121,D:\Skripsi\Experiment\data\raw\RGB2\S43\AC1\RGB2_SUB43ACT1F121.jpg,0,0,0.40618276596069336
662,43,1,151,D:\Skripsi\Experiment\data\raw\RGB2\S43\AC1\RGB2_SUB43ACT1F151.jpg,0,1,0.6446219086647034
663,43,1,181,D:\Skripsi\Experiment\data\raw\RGB2\S43\AC1\RGB2_SUB43ACT1F181.jpg,0,0,0.4942385256290436
664,43,1,31,D:\Skripsi\Experiment\data\raw\RGB2\S43\AC1\RGB2_SUB43ACT1F31.jpg,0,0,0.04009684547781944
665,43,1,61,D:\Skripsi\Experiment\data\raw\RGB2\S43\AC1\RGB2_SUB43ACT1F61.jpg,0,0,0.1766885221004486
666,43,1,91,D:\Skripsi\Experiment\data\raw\RGB2\S43\AC1\RGB2_SUB43ACT1F91.jpg,0,0,0.09147774428129196
667,43,5,1,D:\Skripsi\Experiment\data\raw\RGB2\S43\AC5\RGB2_SUB43ACT5F1.jpg,1,1,0.8417524099349976
668,43,5,121,D:\Skripsi\Experiment\data\raw\RGB2\S43\AC5\RGB2_SUB43ACT5F121.jpg,1,1,0.8571967482566833
669,43,5,151,D:\Skripsi\Experiment\data\raw\RGB2\S43\AC5\RGB2_SUB43ACT5F151.jpg,1,1,0.910586416721344
670,43,5,181,D:\Skripsi\Experiment\data\raw\RGB2\S43\AC5\RGB2_SUB43ACT5F181.jpg,1,1,0.8529695272445679
671,43,5,31,D:\Skripsi\Experiment\data\raw\RGB2\S43\AC5\RGB2_SUB43ACT5F31.jpg,1,1,0.7800509929656982
672,43,5,61,D:\Skripsi\Experiment\data\raw\RGB2\S43\AC5\RGB2_SUB43ACT5F61.jpg,1,1,0.850468099117279
673,43,5,91,D:\Skripsi\Experiment\data\raw\RGB2\S43\AC5\RGB2_SUB43ACT5F91.jpg,1,1,0.8588155508041382
674,43,6,1,D:\Skripsi\Experiment\data\raw\RGB2\S43\AC6\RGB2_SUB43ACT6F1.jpg,1,1,0.8205037713050842
675,43,6,121,D:\Skripsi\Experiment\data\raw\RGB2\S43\AC6\RGB2_SUB43ACT6F121.jpg,1,1,0.8471544981002808
676,43,6,151,D:\Skripsi\Experiment\data\raw\RGB2\S43\AC6\RGB2_SUB43ACT6F151.jpg,1,1,0.7687104940414429
677,43,6,181,D:\Skripsi\Experiment\data\raw\RGB2\S43\AC6\RGB2_SUB43ACT6F181.jpg,1,1,0.8509897589683533
678,43,6,31,D:\Skripsi\Experiment\data\raw\RGB2\S43\AC6\RGB2_SUB43ACT6F31.jpg,1,1,0.6812822818756104
679,43,6,61,D:\Skripsi\Experiment\data\raw\RGB2\S43\AC6\RGB2_SUB43ACT6F61.jpg,1,1,0.9071990847587585
680,43,6,91,D:\Skripsi\Experiment\data\raw\RGB2\S43\AC6\RGB2_SUB43ACT6F91.jpg,1,1,0.892768383026123
681,43,7,1,D:\Skripsi\Experiment\data\raw\RGB2\S43\AC7\RGB2_SUB43ACT7F1.jpg,1,1,0.7706308960914612
682,43,7,121,D:\Skripsi\Experiment\data\raw\RGB2\S43\AC7\RGB2_SUB43ACT7F121.jpg,1,1,0.7936036586761475
683,43,7,151,D:\Skripsi\Experiment\data\raw\RGB2\S43\AC7\RGB2_SUB43ACT7F151.jpg,1,1,0.823742151260376
684,43,7,181,D:\Skripsi\Experiment\data\raw\RGB2\S43\AC7\RGB2_SUB43ACT7F181.jpg,1,1,0.8402933478355408
685,43,7,211,D:\Skripsi\Experiment\data\raw\RGB2\S43\AC7\RGB2_SUB43ACT7F211.jpg,1,1,0.698197603225708
686,43,7,31,D:\Skripsi\Experiment\data\raw\RGB2\S43\AC7\RGB2_SUB43ACT7F31.jpg,1,1,0.7801006436347961
687,43,7,61,D:\Skripsi\Experiment\data\raw\RGB2\S43\AC7\RGB2_SUB43ACT7F61.jpg,1,1,0.7773036360740662
688,43,7,91,D:\Skripsi\Experiment\data\raw\RGB2\S43\AC7\RGB2_SUB43ACT7F91.jpg,1,1,0.784052312374115
689,43,8,1,D:\Skripsi\Experiment\data\raw\RGB2\S43\AC8\RGB2_SUB43ACT8F1.jpg,1,1,0.8383713364601135
690,43,8,121,D:\Skripsi\Experiment\data\raw\RGB2\S43\AC8\RGB2_SUB43ACT8F121.jpg,1,1,0.8699752688407898
691,43,8,151,D:\Skripsi\Experiment\data\raw\RGB2\S43\AC8\RGB2_SUB43ACT8F151.jpg,1,1,0.7312499284744263
692,43,8,181,D:\Skripsi\Experiment\data\raw\RGB2\S43\AC8\RGB2_SUB43ACT8F181.jpg,1,1,0.8321729302406311
693,43,8,211,D:\Skripsi\Experiment\data\raw\RGB2\S43\AC8\RGB2_SUB43ACT8F211.jpg,1,1,0.8192471265792847
694,43,8,241,D:\Skripsi\Experiment\data\raw\RGB2\S43\AC8\RGB2_SUB43ACT8F241.jpg,1,1,0.7445341348648071
695,43,8,31,D:\Skripsi\Experiment\data\raw\RGB2\S43\AC8\RGB2_SUB43ACT8F31.jpg,1,1,0.8194591999053955
696,43,8,61,D:\Skripsi\Experiment\data\raw\RGB2\S43\AC8\RGB2_SUB43ACT8F61.jpg,1,1,0.8349040150642395
697,43,8,91,D:\Skripsi\Experiment\data\raw\RGB2\S43\AC8\RGB2_SUB43ACT8F91.jpg,1,1,0.8173737525939941
698,43,9,1,D:\Skripsi\Experiment\data\raw\RGB2\S43\AC9\RGB2_SUB43ACT9F1.jpg,1,1,0.7103756666183472
699,43,9,121,D:\Skripsi\Experiment\data\raw\RGB2\S43\AC9\RGB2_SUB43ACT9F121.jpg,1,1,0.8025397658348083
700,43,9,151,D:\Skripsi\Experiment\data\raw\RGB2\S43\AC9\RGB2_SUB43ACT9F151.jpg,1,1,0.8828496932983398
701,43,9,31,D:\Skripsi\Experiment\data\raw\RGB2\S43\AC9\RGB2_SUB43ACT9F31.jpg,1,1,0.6853616833686829
702,43,9,61,D:\Skripsi\Experiment\data\raw\RGB2\S43\AC9\RGB2_SUB43ACT9F61.jpg,1,1,0.9179145097732544
703,43,9,91,D:\Skripsi\Experiment\data\raw\RGB2\S43\AC9\RGB2_SUB43ACT9F91.jpg,1,1,0.8227392435073853
704,44,1,1,D:\Skripsi\Experiment\data\raw\RGB2\S44\AC1\RGB2_SUB44ACT1F1.jpg,0,0,0.030882123857736588
705,44,1,121,D:\Skripsi\Experiment\data\raw\RGB2\S44\AC1\RGB2_SUB44ACT1F121.jpg,0,0,0.03578568994998932
706,44,1,151,D:\Skripsi\Experiment\data\raw\RGB2\S44\AC1\RGB2_SUB44ACT1F151.jpg,0,0,0.00601624883711338
707,44,1,31,D:\Skripsi\Experiment\data\raw\RGB2\S44\AC1\RGB2_SUB44ACT1F31.jpg,0,0,0.039232734590768814
708,44,1,61,D:\Skripsi\Experiment\data\raw\RGB2\S44\AC1\RGB2_SUB44ACT1F61.jpg,0,0,0.016178453341126442
709,44,1,91,D:\Skripsi\Experiment\data\raw\RGB2\S44\AC1\RGB2_SUB44ACT1F91.jpg,0,0,0.012076638638973236
710,44,5,1,D:\Skripsi\Experiment\data\raw\RGB2\S44\AC5\RGB2_SUB44ACT5F1.jpg,1,1,0.9096183776855469
711,44,5,121,D:\Skripsi\Experiment\data\raw\RGB2\S44\AC5\RGB2_SUB44ACT5F121.jpg,1,1,0.8875547051429749
712,44,5,31,D:\Skripsi\Experiment\data\raw\RGB2\S44\AC5\RGB2_SUB44ACT5F31.jpg,1,1,0.8755518794059753
713,44,5,61,D:\Skripsi\Experiment\data\raw\RGB2\S44\AC5\RGB2_SUB44ACT5F61.jpg,1,1,0.8118927478790283
714,44,5,91,D:\Skripsi\Experiment\data\raw\RGB2\S44\AC5\RGB2_SUB44ACT5F91.jpg,1,1,0.921130359172821
715,44,6,1,D:\Skripsi\Experiment\data\raw\RGB2\S44\AC6\RGB2_SUB44ACT6F1.jpg,1,1,0.8347381949424744
716,44,6,121,D:\Skripsi\Experiment\data\raw\RGB2\S44\AC6\RGB2_SUB44ACT6F121.jpg,1,1,0.7563000321388245
717,44,6,31,D:\Skripsi\Experiment\data\raw\RGB2\S44\AC6\RGB2_SUB44ACT6F31.jpg,1,1,0.5563822984695435
718,44,6,61,D:\Skripsi\Experiment\data\raw\RGB2\S44\AC6\RGB2_SUB44ACT6F61.jpg,1,0,0.4917151927947998
719,44,6,91,D:\Skripsi\Experiment\data\raw\RGB2\S44\AC6\RGB2_SUB44ACT6F91.jpg,1,1,0.5923830270767212
720,44,7,1,D:\Skripsi\Experiment\data\raw\RGB2\S44\AC7\RGB2_SUB44ACT7F1.jpg,1,1,0.9014624953269958
721,44,7,121,D:\Skripsi\Experiment\data\raw\RGB2\S44\AC7\RGB2_SUB44ACT7F121.jpg,1,1,0.9297559857368469
722,44,7,151,D:\Skripsi\Experiment\data\raw\RGB2\S44\AC7\RGB2_SUB44ACT7F151.jpg,1,1,0.9247447848320007
723,44,7,31,D:\Skripsi\Experiment\data\raw\RGB2\S44\AC7\RGB2_SUB44ACT7F31.jpg,1,1,0.9250199198722839
724,44,7,61,D:\Skripsi\Experiment\data\raw\RGB2\S44\AC7\RGB2_SUB44ACT7F61.jpg,1,1,0.8862127661705017
725,44,7,91,D:\Skripsi\Experiment\data\raw\RGB2\S44\AC7\RGB2_SUB44ACT7F91.jpg,1,1,0.9255886673927307
726,44,8,1,D:\Skripsi\Experiment\data\raw\RGB2\S44\AC8\RGB2_SUB44ACT8F1.jpg,1,1,0.9454982280731201
727,44,8,121,D:\Skripsi\Experiment\data\raw\RGB2\S44\AC8\RGB2_SUB44ACT8F121.jpg,1,1,0.8911216855049133
728,44,8,151,D:\Skripsi\Experiment\data\raw\RGB2\S44\AC8\RGB2_SUB44ACT8F151.jpg,1,1,0.9384595155715942
729,44,8,181,D:\Skripsi\Experiment\data\raw\RGB2\S44\AC8\RGB2_SUB44ACT8F181.jpg,1,1,0.9511123299598694
730,44,8,31,D:\Skripsi\Experiment\data\raw\RGB2\S44\AC8\RGB2_SUB44ACT8F31.jpg,1,1,0.5839579105377197
731,44,8,61,D:\Skripsi\Experiment\data\raw\RGB2\S44\AC8\RGB2_SUB44ACT8F61.jpg,1,1,0.883246898651123
732,44,8,91,D:\Skripsi\Experiment\data\raw\RGB2\S44\AC8\RGB2_SUB44ACT8F91.jpg,1,1,0.8749693632125854
733,44,9,1,D:\Skripsi\Experiment\data\raw\RGB2\S44\AC9\RGB2_SUB44ACT9F1.jpg,1,1,0.9411450028419495
734,44,9,121,D:\Skripsi\Experiment\data\raw\RGB2\S44\AC9\RGB2_SUB44ACT9F121.jpg,1,1,0.9431328177452087
735,44,9,151,D:\Skripsi\Experiment\data\raw\RGB2\S44\AC9\RGB2_SUB44ACT9F151.jpg,1,1,0.8225135803222656
736,44,9,181,D:\Skripsi\Experiment\data\raw\RGB2\S44\AC9\RGB2_SUB44ACT9F181.jpg,1,1,0.9252694845199585
737,44,9,31,D:\Skripsi\Experiment\data\raw\RGB2\S44\AC9\RGB2_SUB44ACT9F31.jpg,1,1,0.9551517963409424
738,44,9,61,D:\Skripsi\Experiment\data\raw\RGB2\S44\AC9\RGB2_SUB44ACT9F61.jpg,1,1,0.9557764530181885
739,44,9,91,D:\Skripsi\Experiment\data\raw\RGB2\S44\AC9\RGB2_SUB44ACT9F91.jpg,1,1,0.9245445132255554
740,45,1,1,D:\Skripsi\Experiment\data\raw\RGB2\S45\AC1\RGB2_SUB45ACT1F1.jpg,0,0,0.08697038888931274
741,45,1,121,D:\Skripsi\Experiment\data\raw\RGB2\S45\AC1\RGB2_SUB45ACT1F121.jpg,0,0,0.010313627310097218
742,45,1,151,D:\Skripsi\Experiment\data\raw\RGB2\S45\AC1\RGB2_SUB45ACT1F151.jpg,0,0,0.02264050766825676
743,45,1,31,D:\Skripsi\Experiment\data\raw\RGB2\S45\AC1\RGB2_SUB45ACT1F31.jpg,0,0,0.011564230546355247
744,45,1,61,D:\Skripsi\Experiment\data\raw\RGB2\S45\AC1\RGB2_SUB45ACT1F61.jpg,0,0,0.006297396495938301
745,45,1,91,D:\Skripsi\Experiment\data\raw\RGB2\S45\AC1\RGB2_SUB45ACT1F91.jpg,0,0,0.051750101149082184
746,45,5,1,D:\Skripsi\Experiment\data\raw\RGB2\S45\AC5\RGB2_SUB45ACT5F1.jpg,1,1,0.8044482469558716
747,45,5,31,D:\Skripsi\Experiment\data\raw\RGB2\S45\AC5\RGB2_SUB45ACT5F31.jpg,1,1,0.8242491483688354
748,45,5,61,D:\Skripsi\Experiment\data\raw\RGB2\S45\AC5\RGB2_SUB45ACT5F61.jpg,1,1,0.9108477234840393
749,45,5,91,D:\Skripsi\Experiment\data\raw\RGB2\S45\AC5\RGB2_SUB45ACT5F91.jpg,1,1,0.8683406114578247
750,45,6,1,D:\Skripsi\Experiment\data\raw\RGB2\S45\AC6\RGB2_SUB45ACT6F1.jpg,1,1,0.7421533465385437
751,45,6,121,D:\Skripsi\Experiment\data\raw\RGB2\S45\AC6\RGB2_SUB45ACT6F121.jpg,1,1,0.875177264213562
752,45,6,151,D:\Skripsi\Experiment\data\raw\RGB2\S45\AC6\RGB2_SUB45ACT6F151.jpg,1,1,0.8723015189170837
753,45,6,31,D:\Skripsi\Experiment\data\raw\RGB2\S45\AC6\RGB2_SUB45ACT6F31.jpg,1,1,0.8058025240898132
754,45,6,61,D:\Skripsi\Experiment\data\raw\RGB2\S45\AC6\RGB2_SUB45ACT6F61.jpg,1,1,0.8251414895057678
755,45,6,91,D:\Skripsi\Experiment\data\raw\RGB2\S45\AC6\RGB2_SUB45ACT6F91.jpg,1,1,0.8864844441413879
756,45,7,1,D:\Skripsi\Experiment\data\raw\RGB2\S45\AC7\RGB2_SUB45ACT7F1.jpg,1,1,0.883797287940979
757,45,7,121,D:\Skripsi\Experiment\data\raw\RGB2\S45\AC7\RGB2_SUB45ACT7F121.jpg,1,1,0.8516020178794861
758,45,7,151,D:\Skripsi\Experiment\data\raw\RGB2\S45\AC7\RGB2_SUB45ACT7F151.jpg,1,1,0.8960739374160767
759,45,7,181,D:\Skripsi\Experiment\data\raw\RGB2\S45\AC7\RGB2_SUB45ACT7F181.jpg,1,1,0.897419273853302
760,45,7,31,D:\Skripsi\Experiment\data\raw\RGB2\S45\AC7\RGB2_SUB45ACT7F31.jpg,1,1,0.8928439021110535
761,45,7,61,D:\Skripsi\Experiment\data\raw\RGB2\S45\AC7\RGB2_SUB45ACT7F61.jpg,1,1,0.6853322386741638
762,45,7,91,D:\Skripsi\Experiment\data\raw\RGB2\S45\AC7\RGB2_SUB45ACT7F91.jpg,1,1,0.8492945432662964
763,45,8,1,D:\Skripsi\Experiment\data\raw\RGB2\S45\AC8\RGB2_SUB45ACT8F1.jpg,1,1,0.8172968029975891
764,45,8,121,D:\Skripsi\Experiment\data\raw\RGB2\S45\AC8\RGB2_SUB45ACT8F121.jpg,1,1,0.8484719395637512
765,45,8,151,D:\Skripsi\Experiment\data\raw\RGB2\S45\AC8\RGB2_SUB45ACT8F151.jpg,1,1,0.8549181222915649
766,45,8,181,D:\Skripsi\Experiment\data\raw\RGB2\S45\AC8\RGB2_SUB45ACT8F181.jpg,1,1,0.8256094455718994
767,45,8,211,D:\Skripsi\Experiment\data\raw\RGB2\S45\AC8\RGB2_SUB45ACT8F211.jpg,1,1,0.802520215511322
768,45,8,31,D:\Skripsi\Experiment\data\raw\RGB2\S45\AC8\RGB2_SUB45ACT8F31.jpg,1,1,0.8770458102226257
769,45,8,61,D:\Skripsi\Experiment\data\raw\RGB2\S45\AC8\RGB2_SUB45ACT8F61.jpg,1,1,0.8076469302177429
770,45,8,91,D:\Skripsi\Experiment\data\raw\RGB2\S45\AC8\RGB2_SUB45ACT8F91.jpg,1,1,0.831449568271637
771,45,9,1,D:\Skripsi\Experiment\data\raw\RGB2\S45\AC9\RGB2_SUB45ACT9F1.jpg,1,1,0.8357691764831543
772,45,9,121,D:\Skripsi\Experiment\data\raw\RGB2\S45\AC9\RGB2_SUB45ACT9F121.jpg,1,1,0.803590714931488
773,45,9,151,D:\Skripsi\Experiment\data\raw\RGB2\S45\AC9\RGB2_SUB45ACT9F151.jpg,1,1,0.8908761143684387
774,45,9,181,D:\Skripsi\Experiment\data\raw\RGB2\S45\AC9\RGB2_SUB45ACT9F181.jpg,1,1,0.861117959022522
775,45,9,211,D:\Skripsi\Experiment\data\raw\RGB2\S45\AC9\RGB2_SUB45ACT9F211.jpg,1,1,0.8793313503265381
776,45,9,31,D:\Skripsi\Experiment\data\raw\RGB2\S45\AC9\RGB2_SUB45ACT9F31.jpg,1,1,0.8131047487258911
777,45,9,61,D:\Skripsi\Experiment\data\raw\RGB2\S45\AC9\RGB2_SUB45ACT9F61.jpg,1,1,0.7679322957992554
778,45,9,91,D:\Skripsi\Experiment\data\raw\RGB2\S45\AC9\RGB2_SUB45ACT9F91.jpg,1,1,0.5991008877754211
779,46,1,1,D:\Skripsi\Experiment\data\raw\RGB2\S46\AC1\RGB2_SUB46ACT1F1.jpg,0,0,0.1378718465566635
780,46,1,121,D:\Skripsi\Experiment\data\raw\RGB2\S46\AC1\RGB2_SUB46ACT1F121.jpg,0,0,0.020235754549503326
781,46,1,151,D:\Skripsi\Experiment\data\raw\RGB2\S46\AC1\RGB2_SUB46ACT1F151.jpg,0,0,0.3315870761871338
782,46,1,181,D:\Skripsi\Experiment\data\raw\RGB2\S46\AC1\RGB2_SUB46ACT1F181.jpg,0,0,0.015761397778987885
783,46,1,211,D:\Skripsi\Experiment\data\raw\RGB2\S46\AC1\RGB2_SUB46ACT1F211.jpg,0,0,0.0949346199631691
784,46,1,241,D:\Skripsi\Experiment\data\raw\RGB2\S46\AC1\RGB2_SUB46ACT1F241.jpg,0,0,0.051365140825510025
785,46,1,31,D:\Skripsi\Experiment\data\raw\RGB2\S46\AC1\RGB2_SUB46ACT1F31.jpg,0,0,0.24610258638858795
786,46,1,61,D:\Skripsi\Experiment\data\raw\RGB2\S46\AC1\RGB2_SUB46ACT1F61.jpg,0,0,0.39156854152679443
787,46,1,91,D:\Skripsi\Experiment\data\raw\RGB2\S46\AC1\RGB2_SUB46ACT1F91.jpg,0,0,0.03874175250530243
788,46,5,1,D:\Skripsi\Experiment\data\raw\RGB2\S46\AC5\RGB2_SUB46ACT5F1.jpg,1,1,0.8328568935394287
789,46,5,121,D:\Skripsi\Experiment\data\raw\RGB2\S46\AC5\RGB2_SUB46ACT5F121.jpg,1,1,0.6442595720291138
790,46,5,31,D:\Skripsi\Experiment\data\raw\RGB2\S46\AC5\RGB2_SUB46ACT5F31.jpg,1,1,0.8772012591362
791,46,5,61,D:\Skripsi\Experiment\data\raw\RGB2\S46\AC5\RGB2_SUB46ACT5F61.jpg,1,1,0.7670764923095703
792,46,5,91,D:\Skripsi\Experiment\data\raw\RGB2\S46\AC5\RGB2_SUB46ACT5F91.jpg,1,1,0.8523889780044556
793,46,6,1,D:\Skripsi\Experiment\data\raw\RGB2\S46\AC6\RGB2_SUB46ACT6F1.jpg,1,1,0.9035537838935852
794,46,6,121,D:\Skripsi\Experiment\data\raw\RGB2\S46\AC6\RGB2_SUB46ACT6F121.jpg,1,1,0.7966753840446472
795,46,6,31,D:\Skripsi\Experiment\data\raw\RGB2\S46\AC6\RGB2_SUB46ACT6F31.jpg,1,1,0.7896263599395752
796,46,6,61,D:\Skripsi\Experiment\data\raw\RGB2\S46\AC6\RGB2_SUB46ACT6F61.jpg,1,1,0.78360915184021
797,46,6,91,D:\Skripsi\Experiment\data\raw\RGB2\S46\AC6\RGB2_SUB46ACT6F91.jpg,1,1,0.646213948726654
798,46,7,1,D:\Skripsi\Experiment\data\raw\RGB2\S46\AC7\RGB2_SUB46ACT7F1.jpg,1,1,0.7840197682380676
799,46,7,121,D:\Skripsi\Experiment\data\raw\RGB2\S46\AC7\RGB2_SUB46ACT7F121.jpg,1,1,0.8425366282463074
800,46,7,31,D:\Skripsi\Experiment\data\raw\RGB2\S46\AC7\RGB2_SUB46ACT7F31.jpg,1,1,0.8157224059104919
801,46,7,61,D:\Skripsi\Experiment\data\raw\RGB2\S46\AC7\RGB2_SUB46ACT7F61.jpg,1,1,0.874866247177124
802,46,7,91,D:\Skripsi\Experiment\data\raw\RGB2\S46\AC7\RGB2_SUB46ACT7F91.jpg,1,1,0.8775986433029175
803,46,8,1,D:\Skripsi\Experiment\data\raw\RGB2\S46\AC8\RGB2_SUB46ACT8F1.jpg,1,1,0.885746955871582
804,46,8,121,D:\Skripsi\Experiment\data\raw\RGB2\S46\AC8\RGB2_SUB46ACT8F121.jpg,1,1,0.7180591225624084
805,46,8,151,D:\Skripsi\Experiment\data\raw\RGB2\S46\AC8\RGB2_SUB46ACT8F151.jpg,1,1,0.779899001121521
806,46,8,31,D:\Skripsi\Experiment\data\raw\RGB2\S46\AC8\RGB2_SUB46ACT8F31.jpg,1,1,0.7836608290672302
807,46,8,61,D:\Skripsi\Experiment\data\raw\RGB2\S46\AC8\RGB2_SUB46ACT8F61.jpg,1,1,0.6520825624465942
808,46,8,91,D:\Skripsi\Experiment\data\raw\RGB2\S46\AC8\RGB2_SUB46ACT8F91.jpg,1,1,0.767338216304779
809,46,9,1,D:\Skripsi\Experiment\data\raw\RGB2\S46\AC9\RGB2_SUB46ACT9F1.jpg,1,1,0.8625196218490601
810,46,9,31,D:\Skripsi\Experiment\data\raw\RGB2\S46\AC9\RGB2_SUB46ACT9F31.jpg,1,1,0.6785377860069275
811,46,9,61,D:\Skripsi\Experiment\data\raw\RGB2\S46\AC9\RGB2_SUB46ACT9F61.jpg,1,1,0.7756808400154114
812,47,1,1,D:\Skripsi\Experiment\data\raw\RGB2\S47\AC1\RGB2_SUB47ACT1F1.jpg,0,0,0.0078075360506772995
813,47,1,121,D:\Skripsi\Experiment\data\raw\RGB2\S47\AC1\RGB2_SUB47ACT1F121.jpg,0,0,0.06941121816635132
814,47,1,151,D:\Skripsi\Experiment\data\raw\RGB2\S47\AC1\RGB2_SUB47ACT1F151.jpg,0,0,0.023582182824611664
815,47,1,181,D:\Skripsi\Experiment\data\raw\RGB2\S47\AC1\RGB2_SUB47ACT1F181.jpg,0,0,0.19260819256305695
816,47,1,31,D:\Skripsi\Experiment\data\raw\RGB2\S47\AC1\RGB2_SUB47ACT1F31.jpg,0,0,0.1437290906906128
817,47,1,61,D:\Skripsi\Experiment\data\raw\RGB2\S47\AC1\RGB2_SUB47ACT1F61.jpg,0,0,0.038421254605054855
818,47,1,91,D:\Skripsi\Experiment\data\raw\RGB2\S47\AC1\RGB2_SUB47ACT1F91.jpg,0,0,0.04450641945004463
819,47,5,1,D:\Skripsi\Experiment\data\raw\RGB2\S47\AC5\RGB2_SUB47ACT5F1.jpg,1,1,0.7677552103996277
820,47,5,31,D:\Skripsi\Experiment\data\raw\RGB2\S47\AC5\RGB2_SUB47ACT5F31.jpg,1,1,0.7464261651039124
821,47,5,61,D:\Skripsi\Experiment\data\raw\RGB2\S47\AC5\RGB2_SUB47ACT5F61.jpg,1,1,0.665467381477356
822,47,5,91,D:\Skripsi\Experiment\data\raw\RGB2\S47\AC5\RGB2_SUB47ACT5F91.jpg,1,1,0.8695011734962463
823,47,6,1,D:\Skripsi\Experiment\data\raw\RGB2\S47\AC6\RGB2_SUB47ACT6F1.jpg,1,1,0.6440001130104065
824,47,6,31,D:\Skripsi\Experiment\data\raw\RGB2\S47\AC6\RGB2_SUB47ACT6F31.jpg,1,1,0.7131977081298828
825,47,6,61,D:\Skripsi\Experiment\data\raw\RGB2\S47\AC6\RGB2_SUB47ACT6F61.jpg,1,1,0.7212491631507874
826,47,6,91,D:\Skripsi\Experiment\data\raw\RGB2\S47\AC6\RGB2_SUB47ACT6F91.jpg,1,1,0.8071427345275879
827,47,7,1,D:\Skripsi\Experiment\data\raw\RGB2\S47\AC7\RGB2_SUB47ACT7F1.jpg,1,1,0.8860854506492615
828,47,7,121,D:\Skripsi\Experiment\data\raw\RGB2\S47\AC7\RGB2_SUB47ACT7F121.jpg,1,1,0.769860565662384
829,47,7,151,D:\Skripsi\Experiment\data\raw\RGB2\S47\AC7\RGB2_SUB47ACT7F151.jpg,1,1,0.8491199612617493
830,47,7,31,D:\Skripsi\Experiment\data\raw\RGB2\S47\AC7\RGB2_SUB47ACT7F31.jpg,1,1,0.8472205996513367
831,47,7,61,D:\Skripsi\Experiment\data\raw\RGB2\S47\AC7\RGB2_SUB47ACT7F61.jpg,1,1,0.8746367692947388
832,47,7,91,D:\Skripsi\Experiment\data\raw\RGB2\S47\AC7\RGB2_SUB47ACT7F91.jpg,1,1,0.7136979699134827
833,47,8,1,D:\Skripsi\Experiment\data\raw\RGB2\S47\AC8\RGB2_SUB47ACT8F1.jpg,1,1,0.6964024901390076
834,47,8,121,D:\Skripsi\Experiment\data\raw\RGB2\S47\AC8\RGB2_SUB47ACT8F121.jpg,1,1,0.6568282246589661
835,47,8,151,D:\Skripsi\Experiment\data\raw\RGB2\S47\AC8\RGB2_SUB47ACT8F151.jpg,1,1,0.6654775738716125
836,47,8,31,D:\Skripsi\Experiment\data\raw\RGB2\S47\AC8\RGB2_SUB47ACT8F31.jpg,1,1,0.5857949256896973
837,47,8,61,D:\Skripsi\Experiment\data\raw\RGB2\S47\AC8\RGB2_SUB47ACT8F61.jpg,1,1,0.6749858260154724
838,47,8,91,D:\Skripsi\Experiment\data\raw\RGB2\S47\AC8\RGB2_SUB47ACT8F91.jpg,1,1,0.5766673684120178
839,47,9,1,D:\Skripsi\Experiment\data\raw\RGB2\S47\AC9\RGB2_SUB47ACT9F1.jpg,1,1,0.8479880094528198
840,47,9,121,D:\Skripsi\Experiment\data\raw\RGB2\S47\AC9\RGB2_SUB47ACT9F121.jpg,1,1,0.8016412258148193
841,47,9,151,D:\Skripsi\Experiment\data\raw\RGB2\S47\AC9\RGB2_SUB47ACT9F151.jpg,1,1,0.8501195907592773
842,47,9,31,D:\Skripsi\Experiment\data\raw\RGB2\S47\AC9\RGB2_SUB47ACT9F31.jpg,1,1,0.7388126850128174
843,47,9,61,D:\Skripsi\Experiment\data\raw\RGB2\S47\AC9\RGB2_SUB47ACT9F61.jpg,1,1,0.7982532382011414
844,47,9,91,D:\Skripsi\Experiment\data\raw\RGB2\S47\AC9\RGB2_SUB47ACT9F91.jpg,1,1,0.7846835851669312
845,48,1,1,D:\Skripsi\Experiment\data\raw\RGB2\S48\AC1\RGB2_SUB48ACT1F1.jpg,0,0,0.03404548391699791
846,48,1,121,D:\Skripsi\Experiment\data\raw\RGB2\S48\AC1\RGB2_SUB48ACT1F121.jpg,0,0,0.02495751343667507
847,48,1,31,D:\Skripsi\Experiment\data\raw\RGB2\S48\AC1\RGB2_SUB48ACT1F31.jpg,0,0,0.06476496905088425
848,48,1,61,D:\Skripsi\Experiment\data\raw\RGB2\S48\AC1\RGB2_SUB48ACT1F61.jpg,0,0,0.1572721302509308
849,48,1,91,D:\Skripsi\Experiment\data\raw\RGB2\S48\AC1\RGB2_SUB48ACT1F91.jpg,0,0,0.4874942898750305
850,48,5,1,D:\Skripsi\Experiment\data\raw\RGB2\S48\AC5\RGB2_SUB48ACT5F1.jpg,1,1,0.6670960187911987
851,48,5,121,D:\Skripsi\Experiment\data\raw\RGB2\S48\AC5\RGB2_SUB48ACT5F121.jpg,1,1,0.8838503956794739
852,48,5,31,D:\Skripsi\Experiment\data\raw\RGB2\S48\AC5\RGB2_SUB48ACT5F31.jpg,1,1,0.9180662035942078
853,48,5,61,D:\Skripsi\Experiment\data\raw\RGB2\S48\AC5\RGB2_SUB48ACT5F61.jpg,1,1,0.9096638560295105
854,48,5,91,D:\Skripsi\Experiment\data\raw\RGB2\S48\AC5\RGB2_SUB48ACT5F91.jpg,1,1,0.8486930727958679
855,48,6,1,D:\Skripsi\Experiment\data\raw\RGB2\S48\AC6\RGB2_SUB48ACT6F1.jpg,1,1,0.5402505397796631
856,48,6,31,D:\Skripsi\Experiment\data\raw\RGB2\S48\AC6\RGB2_SUB48ACT6F31.jpg,1,1,0.7250262498855591
857,48,6,61,D:\Skripsi\Experiment\data\raw\RGB2\S48\AC6\RGB2_SUB48ACT6F61.jpg,1,1,0.702692985534668
858,48,6,91,D:\Skripsi\Experiment\data\raw\RGB2\S48\AC6\RGB2_SUB48ACT6F91.jpg,1,1,0.690200924873352
859,48,7,1,D:\Skripsi\Experiment\data\raw\RGB2\S48\AC7\RGB2_SUB48ACT7F1.jpg,1,1,0.8269916772842407
860,48,7,121,D:\Skripsi\Experiment\data\raw\RGB2\S48\AC7\RGB2_SUB48ACT7F121.jpg,1,1,0.8715962171554565
861,48,7,151,D:\Skripsi\Experiment\data\raw\RGB2\S48\AC7\RGB2_SUB48ACT7F151.jpg,1,1,0.7262856960296631
862,48,7,181,D:\Skripsi\Experiment\data\raw\RGB2\S48\AC7\RGB2_SUB48ACT7F181.jpg,1,1,0.8110269904136658
863,48,7,31,D:\Skripsi\Experiment\data\raw\RGB2\S48\AC7\RGB2_SUB48ACT7F31.jpg,1,1,0.7714989185333252
864,48,7,61,D:\Skripsi\Experiment\data\raw\RGB2\S48\AC7\RGB2_SUB48ACT7F61.jpg,1,1,0.865908682346344
865,48,7,91,D:\Skripsi\Experiment\data\raw\RGB2\S48\AC7\RGB2_SUB48ACT7F91.jpg,1,1,0.9367837309837341
866,48,8,1,D:\Skripsi\Experiment\data\raw\RGB2\S48\AC8\RGB2_SUB48ACT8F1.jpg,1,1,0.909898579120636
867,48,8,121,D:\Skripsi\Experiment\data\raw\RGB2\S48\AC8\RGB2_SUB48ACT8F121.jpg,1,1,0.8642569184303284
868,48,8,151,D:\Skripsi\Experiment\data\raw\RGB2\S48\AC8\RGB2_SUB48ACT8F151.jpg,1,1,0.7963740825653076
869,48,8,181,D:\Skripsi\Experiment\data\raw\RGB2\S48\AC8\RGB2_SUB48ACT8F181.jpg,1,1,0.8245635032653809
870,48,8,31,D:\Skripsi\Experiment\data\raw\RGB2\S48\AC8\RGB2_SUB48ACT8F31.jpg,1,1,0.8940335512161255
871,48,8,61,D:\Skripsi\Experiment\data\raw\RGB2\S48\AC8\RGB2_SUB48ACT8F61.jpg,1,1,0.8360322713851929
872,48,8,91,D:\Skripsi\Experiment\data\raw\RGB2\S48\AC8\RGB2_SUB48ACT8F91.jpg,1,1,0.83706134557724
873,48,9,1,D:\Skripsi\Experiment\data\raw\RGB2\S48\AC9\RGB2_SUB48ACT9F1.jpg,1,1,0.7953969836235046
874,48,9,121,D:\Skripsi\Experiment\data\raw\RGB2\S48\AC9\RGB2_SUB48ACT9F121.jpg,1,1,0.7863473892211914
875,48,9,151,D:\Skripsi\Experiment\data\raw\RGB2\S48\AC9\RGB2_SUB48ACT9F151.jpg,1,1,0.7394952774047852
876,48,9,31,D:\Skripsi\Experiment\data\raw\RGB2\S48\AC9\RGB2_SUB48ACT9F31.jpg,1,1,0.894153356552124
877,48,9,61,D:\Skripsi\Experiment\data\raw\RGB2\S48\AC9\RGB2_SUB48ACT9F61.jpg,1,1,0.8861603140830994
878,48,9,91,D:\Skripsi\Experiment\data\raw\RGB2\S48\AC9\RGB2_SUB48ACT9F91.jpg,1,1,0.9448290467262268
879,49,1,1,D:\Skripsi\Experiment\data\raw\RGB2\S49\AC1\RGB2_SUB49ACT1F1.jpg,0,0,0.13708995282649994
880,49,1,121,D:\Skripsi\Experiment\data\raw\RGB2\S49\AC1\RGB2_SUB49ACT1F121.jpg,0,0,0.07508785277605057
881,49,1,151,D:\Skripsi\Experiment\data\raw\RGB2\S49\AC1\RGB2_SUB49ACT1F151.jpg,0,0,0.19721603393554688
882,49,1,31,D:\Skripsi\Experiment\data\raw\RGB2\S49\AC1\RGB2_SUB49ACT1F31.jpg,0,0,0.11962606012821198
883,49,1,61,D:\Skripsi\Experiment\data\raw\RGB2\S49\AC1\RGB2_SUB49ACT1F61.jpg,0,0,0.09543150663375854
884,49,1,91,D:\Skripsi\Experiment\data\raw\RGB2\S49\AC1\RGB2_SUB49ACT1F91.jpg,0,0,0.08644356578588486
885,49,5,1,D:\Skripsi\Experiment\data\raw\RGB2\S49\AC5\RGB2_SUB49ACT5F1.jpg,1,1,0.6603596210479736
886,49,5,121,D:\Skripsi\Experiment\data\raw\RGB2\S49\AC5\RGB2_SUB49ACT5F121.jpg,1,1,0.8750600218772888
887,49,5,151,D:\Skripsi\Experiment\data\raw\RGB2\S49\AC5\RGB2_SUB49ACT5F151.jpg,1,1,0.83137047290802
888,49,5,31,D:\Skripsi\Experiment\data\raw\RGB2\S49\AC5\RGB2_SUB49ACT5F31.jpg,1,1,0.8024762868881226
889,49,5,61,D:\Skripsi\Experiment\data\raw\RGB2\S49\AC5\RGB2_SUB49ACT5F61.jpg,1,1,0.834518551826477
890,49,5,91,D:\Skripsi\Experiment\data\raw\RGB2\S49\AC5\RGB2_SUB49ACT5F91.jpg,1,1,0.850655198097229
891,49,6,1,D:\Skripsi\Experiment\data\raw\RGB2\S49\AC6\RGB2_SUB49ACT6F1.jpg,1,1,0.8190688490867615
892,49,6,121,D:\Skripsi\Experiment\data\raw\RGB2\S49\AC6\RGB2_SUB49ACT6F121.jpg,1,1,0.8529470562934875
893,49,6,151,D:\Skripsi\Experiment\data\raw\RGB2\S49\AC6\RGB2_SUB49ACT6F151.jpg,1,1,0.8671993017196655
894,49,6,181,D:\Skripsi\Experiment\data\raw\RGB2\S49\AC6\RGB2_SUB49ACT6F181.jpg,1,1,0.8193641304969788
895,49,6,31,D:\Skripsi\Experiment\data\raw\RGB2\S49\AC6\RGB2_SUB49ACT6F31.jpg,1,1,0.818189263343811
896,49,6,61,D:\Skripsi\Experiment\data\raw\RGB2\S49\AC6\RGB2_SUB49ACT6F61.jpg,1,1,0.8309159874916077
897,49,6,91,D:\Skripsi\Experiment\data\raw\RGB2\S49\AC6\RGB2_SUB49ACT6F91.jpg,1,1,0.8186217546463013
898,49,7,1,D:\Skripsi\Experiment\data\raw\RGB2\S49\AC7\RGB2_SUB49ACT7F1.jpg,1,1,0.6969852447509766
899,49,7,121,D:\Skripsi\Experiment\data\raw\RGB2\S49\AC7\RGB2_SUB49ACT7F121.jpg,1,1,0.8485574126243591
900,49,7,31,D:\Skripsi\Experiment\data\raw\RGB2\S49\AC7\RGB2_SUB49ACT7F31.jpg,1,1,0.7258126139640808
901,49,7,61,D:\Skripsi\Experiment\data\raw\RGB2\S49\AC7\RGB2_SUB49ACT7F61.jpg,1,1,0.829120397567749
902,49,7,91,D:\Skripsi\Experiment\data\raw\RGB2\S49\AC7\RGB2_SUB49ACT7F91.jpg,1,1,0.8717208504676819
903,49,8,1,D:\Skripsi\Experiment\data\raw\RGB2\S49\AC8\RGB2_SUB49ACT8F1.jpg,1,1,0.6833481192588806
904,49,8,121,D:\Skripsi\Experiment\data\raw\RGB2\S49\AC8\RGB2_SUB49ACT8F121.jpg,1,1,0.7320449948310852
905,49,8,151,D:\Skripsi\Experiment\data\raw\RGB2\S49\AC8\RGB2_SUB49ACT8F151.jpg,1,1,0.8514207601547241
906,49,8,181,D:\Skripsi\Experiment\data\raw\RGB2\S49\AC8\RGB2_SUB49ACT8F181.jpg,1,1,0.8245301246643066
907,49,8,211,D:\Skripsi\Experiment\data\raw\RGB2\S49\AC8\RGB2_SUB49ACT8F211.jpg,1,1,0.7790701389312744
908,49,8,31,D:\Skripsi\Experiment\data\raw\RGB2\S49\AC8\RGB2_SUB49ACT8F31.jpg,1,1,0.7547637224197388
909,49,8,61,D:\Skripsi\Experiment\data\raw\RGB2\S49\AC8\RGB2_SUB49ACT8F61.jpg,1,1,0.628450334072113
910,49,8,91,D:\Skripsi\Experiment\data\raw\RGB2\S49\AC8\RGB2_SUB49ACT8F91.jpg,1,1,0.6715825200080872
911,49,9,1,D:\Skripsi\Experiment\data\raw\RGB2\S49\AC9\RGB2_SUB49ACT9F1.jpg,1,1,0.9255232810974121
912,49,9,121,D:\Skripsi\Experiment\data\raw\RGB2\S49\AC9\RGB2_SUB49ACT9F121.jpg,1,1,0.8996895551681519
913,49,9,151,D:\Skripsi\Experiment\data\raw\RGB2\S49\AC9\RGB2_SUB49ACT9F151.jpg,1,1,0.8431702256202698
914,49,9,181,D:\Skripsi\Experiment\data\raw\RGB2\S49\AC9\RGB2_SUB49ACT9F181.jpg,1,1,0.8416686654090881
915,49,9,31,D:\Skripsi\Experiment\data\raw\RGB2\S49\AC9\RGB2_SUB49ACT9F31.jpg,1,1,0.7289804220199585
916,49,9,61,D:\Skripsi\Experiment\data\raw\RGB2\S49\AC9\RGB2_SUB49ACT9F61.jpg,1,1,0.6641302108764648
917,49,9,91,D:\Skripsi\Experiment\data\raw\RGB2\S49\AC9\RGB2_SUB49ACT9F91.jpg,1,1,0.6804443001747131
918,5,1,1,D:\Skripsi\Experiment\data\raw\RGB2\S5\AC1\RGB2_SUB5ACT1F1.jpg,0,0,0.009365375153720379
919,5,1,121,D:\Skripsi\Experiment\data\raw\RGB2\S5\AC1\RGB2_SUB5ACT1F121.jpg,0,0,0.0745914876461029
920,5,1,31,D:\Skripsi\Experiment\data\raw\RGB2\S5\AC1\RGB2_SUB5ACT1F31.jpg,0,0,0.051912687718868256
921,5,1,61,D:\Skripsi\Experiment\data\raw\RGB2\S5\AC1\RGB2_SUB5ACT1F61.jpg,0,0,0.10226467251777649
922,5,1,91,D:\Skripsi\Experiment\data\raw\RGB2\S5\AC1\RGB2_SUB5ACT1F91.jpg,0,0,0.1041945368051529
923,5,5,1,D:\Skripsi\Experiment\data\raw\RGB2\S5\AC5\RGB2_SUB5ACT5F1.jpg,1,0,0.2286256104707718
924,5,5,121,D:\Skripsi\Experiment\data\raw\RGB2\S5\AC5\RGB2_SUB5ACT5F121.jpg,1,1,0.8847886919975281
925,5,5,31,D:\Skripsi\Experiment\data\raw\RGB2\S5\AC5\RGB2_SUB5ACT5F31.jpg,1,1,0.7729700207710266
926,5,5,61,D:\Skripsi\Experiment\data\raw\RGB2\S5\AC5\RGB2_SUB5ACT5F61.jpg,1,1,0.8616457581520081
927,5,5,91,D:\Skripsi\Experiment\data\raw\RGB2\S5\AC5\RGB2_SUB5ACT5F91.jpg,1,1,0.9072087407112122
928,5,6,1,D:\Skripsi\Experiment\data\raw\RGB2\S5\AC6\RGB2_SUB5ACT6F1.jpg,1,1,0.9229914546012878
929,5,6,121,D:\Skripsi\Experiment\data\raw\RGB2\S5\AC6\RGB2_SUB5ACT6F121.jpg,1,1,0.8671362996101379
930,5,6,31,D:\Skripsi\Experiment\data\raw\RGB2\S5\AC6\RGB2_SUB5ACT6F31.jpg,1,1,0.8404623866081238
931,5,6,61,D:\Skripsi\Experiment\data\raw\RGB2\S5\AC6\RGB2_SUB5ACT6F61.jpg,1,1,0.7129342555999756
932,5,6,91,D:\Skripsi\Experiment\data\raw\RGB2\S5\AC6\RGB2_SUB5ACT6F91.jpg,1,1,0.7723601460456848
933,5,7,1,D:\Skripsi\Experiment\data\raw\RGB2\S5\AC7\RGB2_SUB5ACT7F1.jpg,1,1,0.6157931089401245
934,5,7,121,D:\Skripsi\Experiment\data\raw\RGB2\S5\AC7\RGB2_SUB5ACT7F121.jpg,1,1,0.9388021230697632
935,5,7,151,D:\Skripsi\Experiment\data\raw\RGB2\S5\AC7\RGB2_SUB5ACT7F151.jpg,1,1,0.8798889517784119
936,5,7,31,D:\Skripsi\Experiment\data\raw\RGB2\S5\AC7\RGB2_SUB5ACT7F31.jpg,1,1,0.924321711063385
937,5,7,61,D:\Skripsi\Experiment\data\raw\RGB2\S5\AC7\RGB2_SUB5ACT7F61.jpg,1,1,0.8871572613716125
938,5,7,91,D:\Skripsi\Experiment\data\raw\RGB2\S5\AC7\RGB2_SUB5ACT7F91.jpg,1,1,0.8630173206329346
939,5,8,1,D:\Skripsi\Experiment\data\raw\RGB2\S5\AC8\RGB2_SUB5ACT8F1.jpg,1,0,0.49451130628585815
940,5,8,121,D:\Skripsi\Experiment\data\raw\RGB2\S5\AC8\RGB2_SUB5ACT8F121.jpg,1,1,0.814940333366394
941,5,8,151,D:\Skripsi\Experiment\data\raw\RGB2\S5\AC8\RGB2_SUB5ACT8F151.jpg,1,1,0.7771372199058533
942,5,8,31,D:\Skripsi\Experiment\data\raw\RGB2\S5\AC8\RGB2_SUB5ACT8F31.jpg,1,1,0.5055842399597168
943,5,8,61,D:\Skripsi\Experiment\data\raw\RGB2\S5\AC8\RGB2_SUB5ACT8F61.jpg,1,1,0.7989515066146851
944,5,8,91,D:\Skripsi\Experiment\data\raw\RGB2\S5\AC8\RGB2_SUB5ACT8F91.jpg,1,1,0.8125404119491577
945,5,9,1,D:\Skripsi\Experiment\data\raw\RGB2\S5\AC9\RGB2_SUB5ACT9F1.jpg,1,0,0.47737783193588257
946,5,9,121,D:\Skripsi\Experiment\data\raw\RGB2\S5\AC9\RGB2_SUB5ACT9F121.jpg,1,1,0.8622725605964661
947,5,9,151,D:\Skripsi\Experiment\data\raw\RGB2\S5\AC9\RGB2_SUB5ACT9F151.jpg,1,1,0.6863938570022583
948,5,9,31,D:\Skripsi\Experiment\data\raw\RGB2\S5\AC9\RGB2_SUB5ACT9F31.jpg,1,1,0.8269205093383789
949,5,9,61,D:\Skripsi\Experiment\data\raw\RGB2\S5\AC9\RGB2_SUB5ACT9F61.jpg,1,1,0.7109650373458862
950,5,9,91,D:\Skripsi\Experiment\data\raw\RGB2\S5\AC9\RGB2_SUB5ACT9F91.jpg,1,1,0.8346729278564453
951,50,1,1,D:\Skripsi\Experiment\data\raw\RGB2\S50\AC1\RGB2_SUB50ACT1F1.jpg,0,0,0.19043610990047455
952,50,1,31,D:\Skripsi\Experiment\data\raw\RGB2\S50\AC1\RGB2_SUB50ACT1F31.jpg,0,0,0.1423608809709549
953,50,1,61,D:\Skripsi\Experiment\data\raw\RGB2\S50\AC1\RGB2_SUB50ACT1F61.jpg,0,0,0.1386294662952423
954,50,1,91,D:\Skripsi\Experiment\data\raw\RGB2\S50\AC1\RGB2_SUB50ACT1F91.jpg,0,0,0.04978549852967262
955,50,5,1,D:\Skripsi\Experiment\data\raw\RGB2\S50\AC5\RGB2_SUB50ACT5F1.jpg,1,1,0.866085946559906
956,50,5,121,D:\Skripsi\Experiment\data\raw\RGB2\S50\AC5\RGB2_SUB50ACT5F121.jpg,1,1,0.6992707252502441
957,50,5,31,D:\Skripsi\Experiment\data\raw\RGB2\S50\AC5\RGB2_SUB50ACT5F31.jpg,1,1,0.8765840530395508
958,50,5,61,D:\Skripsi\Experiment\data\raw\RGB2\S50\AC5\RGB2_SUB50ACT5F61.jpg,1,1,0.8614152073860168
959,50,5,91,D:\Skripsi\Experiment\data\raw\RGB2\S50\AC5\RGB2_SUB50ACT5F91.jpg,1,1,0.6882717609405518
960,50,6,1,D:\Skripsi\Experiment\data\raw\RGB2\S50\AC6\RGB2_SUB50ACT6F1.jpg,1,1,0.8520854115486145
961,50,6,121,D:\Skripsi\Experiment\data\raw\RGB2\S50\AC6\RGB2_SUB50ACT6F121.jpg,1,1,0.8424381017684937
962,50,6,31,D:\Skripsi\Experiment\data\raw\RGB2\S50\AC6\RGB2_SUB50ACT6F31.jpg,1,1,0.8181110620498657
963,50,6,61,D:\Skripsi\Experiment\data\raw\RGB2\S50\AC6\RGB2_SUB50ACT6F61.jpg,1,1,0.8416284918785095
964,50,6,91,D:\Skripsi\Experiment\data\raw\RGB2\S50\AC6\RGB2_SUB50ACT6F91.jpg,1,1,0.8344079852104187
965,50,7,1,D:\Skripsi\Experiment\data\raw\RGB2\S50\AC7\RGB2_SUB50ACT7F1.jpg,1,1,0.8750652074813843
966,50,7,121,D:\Skripsi\Experiment\data\raw\RGB2\S50\AC7\RGB2_SUB50ACT7F121.jpg,1,1,0.9246767163276672
967,50,7,31,D:\Skripsi\Experiment\data\raw\RGB2\S50\AC7\RGB2_SUB50ACT7F31.jpg,1,1,0.8548012971878052
968,50,7,61,D:\Skripsi\Experiment\data\raw\RGB2\S50\AC7\RGB2_SUB50ACT7F61.jpg,1,1,0.9258983731269836
969,50,7,91,D:\Skripsi\Experiment\data\raw\RGB2\S50\AC7\RGB2_SUB50ACT7F91.jpg,1,1,0.9452212452888489
970,50,8,1,D:\Skripsi\Experiment\data\raw\RGB2\S50\AC8\RGB2_SUB50ACT8F1.jpg,1,1,0.8526585102081299
971,50,8,121,D:\Skripsi\Experiment\data\raw\RGB2\S50\AC8\RGB2_SUB50ACT8F121.jpg,1,1,0.887445867061615
972,50,8,151,D:\Skripsi\Experiment\data\raw\RGB2\S50\AC8\RGB2_SUB50ACT8F151.jpg,1,1,0.9252902269363403
973,50,8,181,D:\Skripsi\Experiment\data\raw\RGB2\S50\AC8\RGB2_SUB50ACT8F181.jpg,1,1,0.896465539932251
974,50,8,211,D:\Skripsi\Experiment\data\raw\RGB2\S50\AC8\RGB2_SUB50ACT8F211.jpg,1,1,0.9066174030303955
975,50,8,31,D:\Skripsi\Experiment\data\raw\RGB2\S50\AC8\RGB2_SUB50ACT8F31.jpg,1,1,0.7190091609954834
976,50,8,61,D:\Skripsi\Experiment\data\raw\RGB2\S50\AC8\RGB2_SUB50ACT8F61.jpg,1,1,0.9111875891685486
977,50,8,91,D:\Skripsi\Experiment\data\raw\RGB2\S50\AC8\RGB2_SUB50ACT8F91.jpg,1,1,0.8908292055130005
978,50,9,1,D:\Skripsi\Experiment\data\raw\RGB2\S50\AC9\RGB2_SUB50ACT9F1.jpg,1,1,0.827124834060669
979,50,9,121,D:\Skripsi\Experiment\data\raw\RGB2\S50\AC9\RGB2_SUB50ACT9F121.jpg,1,1,0.8114185333251953
980,50,9,151,D:\Skripsi\Experiment\data\raw\RGB2\S50\AC9\RGB2_SUB50ACT9F151.jpg,1,1,0.7847077250480652
981,50,9,181,D:\Skripsi\Experiment\data\raw\RGB2\S50\AC9\RGB2_SUB50ACT9F181.jpg,1,1,0.5507707595825195
982,50,9,31,D:\Skripsi\Experiment\data\raw\RGB2\S50\AC9\RGB2_SUB50ACT9F31.jpg,1,1,0.6666643619537354
983,50,9,61,D:\Skripsi\Experiment\data\raw\RGB2\S50\AC9\RGB2_SUB50ACT9F61.jpg,1,1,0.8770472407341003
984,50,9,91,D:\Skripsi\Experiment\data\raw\RGB2\S50\AC9\RGB2_SUB50ACT9F91.jpg,1,1,0.8717003464698792
985,6,1,1,D:\Skripsi\Experiment\data\raw\RGB2\S6\AC1\RGB2_SUB6ACT1F1.jpg,0,0,0.01673874631524086
986,6,1,121,D:\Skripsi\Experiment\data\raw\RGB2\S6\AC1\RGB2_SUB6ACT1F121.jpg,0,0,0.06415323168039322
987,6,1,31,D:\Skripsi\Experiment\data\raw\RGB2\S6\AC1\RGB2_SUB6ACT1F31.jpg,0,0,0.013165220618247986
988,6,1,61,D:\Skripsi\Experiment\data\raw\RGB2\S6\AC1\RGB2_SUB6ACT1F61.jpg,0,0,0.019990727305412292
989,6,1,91,D:\Skripsi\Experiment\data\raw\RGB2\S6\AC1\RGB2_SUB6ACT1F91.jpg,0,0,0.08101515471935272
990,6,5,1,D:\Skripsi\Experiment\data\raw\RGB2\S6\AC5\RGB2_SUB6ACT5F1.jpg,1,1,0.8997764587402344
991,6,5,121,D:\Skripsi\Experiment\data\raw\RGB2\S6\AC5\RGB2_SUB6ACT5F121.jpg,1,1,0.8839566707611084
992,6,5,31,D:\Skripsi\Experiment\data\raw\RGB2\S6\AC5\RGB2_SUB6ACT5F31.jpg,1,1,0.9514934420585632
993,6,5,61,D:\Skripsi\Experiment\data\raw\RGB2\S6\AC5\RGB2_SUB6ACT5F61.jpg,1,1,0.8891089558601379
994,6,5,91,D:\Skripsi\Experiment\data\raw\RGB2\S6\AC5\RGB2_SUB6ACT5F91.jpg,1,1,0.8646382689476013
995,6,6,1,D:\Skripsi\Experiment\data\raw\RGB2\S6\AC6\RGB2_SUB6ACT6F1.jpg,1,1,0.8820139765739441
996,6,6,121,D:\Skripsi\Experiment\data\raw\RGB2\S6\AC6\RGB2_SUB6ACT6F121.jpg,1,1,0.8558291792869568
997,6,6,151,D:\Skripsi\Experiment\data\raw\RGB2\S6\AC6\RGB2_SUB6ACT6F151.jpg,1,1,0.8237465620040894
998,6,6,31,D:\Skripsi\Experiment\data\raw\RGB2\S6\AC6\RGB2_SUB6ACT6F31.jpg,1,1,0.9353216290473938
999,6,6,61,D:\Skripsi\Experiment\data\raw\RGB2\S6\AC6\RGB2_SUB6ACT6F61.jpg,1,1,0.8753785490989685
1000,6,6,91,D:\Skripsi\Experiment\data\raw\RGB2\S6\AC6\RGB2_SUB6ACT6F91.jpg,1,1,0.9443598389625549
1001,6,7,1,D:\Skripsi\Experiment\data\raw\RGB2\S6\AC7\RGB2_SUB6ACT7F1.jpg,1,1,0.627994954586029
1002,6,7,121,D:\Skripsi\Experiment\data\raw\RGB2\S6\AC7\RGB2_SUB6ACT7F121.jpg,1,1,0.9203058481216431
1003,6,7,31,D:\Skripsi\Experiment\data\raw\RGB2\S6\AC7\RGB2_SUB6ACT7F31.jpg,1,1,0.9538705945014954
1004,6,7,61,D:\Skripsi\Experiment\data\raw\RGB2\S6\AC7\RGB2_SUB6ACT7F61.jpg,1,1,0.9403611421585083
1005,6,7,91,D:\Skripsi\Experiment\data\raw\RGB2\S6\AC7\RGB2_SUB6ACT7F91.jpg,1,1,0.798086404800415
1006,6,8,1,D:\Skripsi\Experiment\data\raw\RGB2\S6\AC8\RGB2_SUB6ACT8F1.jpg,1,1,0.7910212874412537
1007,6,8,121,D:\Skripsi\Experiment\data\raw\RGB2\S6\AC8\RGB2_SUB6ACT8F121.jpg,1,1,0.9480769038200378
1008,6,8,151,D:\Skripsi\Experiment\data\raw\RGB2\S6\AC8\RGB2_SUB6ACT8F151.jpg,1,1,0.9465041756629944
1009,6,8,31,D:\Skripsi\Experiment\data\raw\RGB2\S6\AC8\RGB2_SUB6ACT8F31.jpg,1,1,0.6515487432479858
1010,6,8,61,D:\Skripsi\Experiment\data\raw\RGB2\S6\AC8\RGB2_SUB6ACT8F61.jpg,1,1,0.5808188915252686
1011,6,8,91,D:\Skripsi\Experiment\data\raw\RGB2\S6\AC8\RGB2_SUB6ACT8F91.jpg,1,1,0.7618032097816467
1012,6,9,1,D:\Skripsi\Experiment\data\raw\RGB2\S6\AC9\RGB2_SUB6ACT9F1.jpg,1,1,0.8766277432441711
1013,6,9,121,D:\Skripsi\Experiment\data\raw\RGB2\S6\AC9\RGB2_SUB6ACT9F121.jpg,1,1,0.9220278859138489
1014,6,9,151,D:\Skripsi\Experiment\data\raw\RGB2\S6\AC9\RGB2_SUB6ACT9F151.jpg,1,1,0.9371019005775452
1015,6,9,31,D:\Skripsi\Experiment\data\raw\RGB2\S6\AC9\RGB2_SUB6ACT9F31.jpg,1,1,0.9098069071769714
1016,6,9,61,D:\Skripsi\Experiment\data\raw\RGB2\S6\AC9\RGB2_SUB6ACT9F61.jpg,1,1,0.9072920083999634
1017,6,9,91,D:\Skripsi\Experiment\data\raw\RGB2\S6\AC9\RGB2_SUB6ACT9F91.jpg,1,1,0.904763400554657
1018,7,1,1,D:\Skripsi\Experiment\data\raw\RGB2\S7\AC1\RGB2_SUB7ACT1F1.jpg,0,0,0.05776454880833626
1019,7,1,121,D:\Skripsi\Experiment\data\raw\RGB2\S7\AC1\RGB2_SUB7ACT1F121.jpg,0,0,0.1245349794626236
1020,7,1,31,D:\Skripsi\Experiment\data\raw\RGB2\S7\AC1\RGB2_SUB7ACT1F31.jpg,0,0,0.1297481209039688
1021,7,1,61,D:\Skripsi\Experiment\data\raw\RGB2\S7\AC1\RGB2_SUB7ACT1F61.jpg,0,0,0.0737406462430954
1022,7,1,91,D:\Skripsi\Experiment\data\raw\RGB2\S7\AC1\RGB2_SUB7ACT1F91.jpg,0,0,0.16491568088531494
1023,7,5,1,D:\Skripsi\Experiment\data\raw\RGB2\S7\AC5\RGB2_SUB7ACT5F1.jpg,1,0,0.23613491654396057
1024,7,5,121,D:\Skripsi\Experiment\data\raw\RGB2\S7\AC5\RGB2_SUB7ACT5F121.jpg,1,1,0.8350688219070435
1025,7,5,31,D:\Skripsi\Experiment\data\raw\RGB2\S7\AC5\RGB2_SUB7ACT5F31.jpg,1,1,0.8092229962348938
1026,7,5,61,D:\Skripsi\Experiment\data\raw\RGB2\S7\AC5\RGB2_SUB7ACT5F61.jpg,1,1,0.931330144405365
1027,7,5,91,D:\Skripsi\Experiment\data\raw\RGB2\S7\AC5\RGB2_SUB7ACT5F91.jpg,1,1,0.8203210234642029
1028,7,6,1,D:\Skripsi\Experiment\data\raw\RGB2\S7\AC6\RGB2_SUB7ACT6F1.jpg,1,1,0.7965419888496399
1029,7,6,121,D:\Skripsi\Experiment\data\raw\RGB2\S7\AC6\RGB2_SUB7ACT6F121.jpg,1,1,0.8169077634811401
1030,7,6,31,D:\Skripsi\Experiment\data\raw\RGB2\S7\AC6\RGB2_SUB7ACT6F31.jpg,1,1,0.7829141020774841
1031,7,6,61,D:\Skripsi\Experiment\data\raw\RGB2\S7\AC6\RGB2_SUB7ACT6F61.jpg,1,1,0.7644568085670471
1032,7,6,91,D:\Skripsi\Experiment\data\raw\RGB2\S7\AC6\RGB2_SUB7ACT6F91.jpg,1,1,0.7975800037384033
1033,7,7,1,D:\Skripsi\Experiment\data\raw\RGB2\S7\AC7\RGB2_SUB7ACT7F1.jpg,1,0,0.12299671024084091
1034,7,7,121,D:\Skripsi\Experiment\data\raw\RGB2\S7\AC7\RGB2_SUB7ACT7F121.jpg,1,1,0.7931622862815857
1035,7,7,151,D:\Skripsi\Experiment\data\raw\RGB2\S7\AC7\RGB2_SUB7ACT7F151.jpg,1,1,0.771528422832489
1036,7,7,31,D:\Skripsi\Experiment\data\raw\RGB2\S7\AC7\RGB2_SUB7ACT7F31.jpg,1,1,0.7283344268798828
1037,7,7,61,D:\Skripsi\Experiment\data\raw\RGB2\S7\AC7\RGB2_SUB7ACT7F61.jpg,1,1,0.8959326148033142
1038,7,7,91,D:\Skripsi\Experiment\data\raw\RGB2\S7\AC7\RGB2_SUB7ACT7F91.jpg,1,1,0.8159017562866211
1039,7,8,1,D:\Skripsi\Experiment\data\raw\RGB2\S7\AC8\RGB2_SUB7ACT8F1.jpg,1,0,0.26390308141708374
1040,7,8,121,D:\Skripsi\Experiment\data\raw\RGB2\S7\AC8\RGB2_SUB7ACT8F121.jpg,1,1,0.7009166479110718
1041,7,8,31,D:\Skripsi\Experiment\data\raw\RGB2\S7\AC8\RGB2_SUB7ACT8F31.jpg,1,1,0.6522037982940674
1042,7,8,61,D:\Skripsi\Experiment\data\raw\RGB2\S7\AC8\RGB2_SUB7ACT8F61.jpg,1,1,0.8311094045639038
1043,7,8,91,D:\Skripsi\Experiment\data\raw\RGB2\S7\AC8\RGB2_SUB7ACT8F91.jpg,1,1,0.7169303894042969
1044,7,9,1,D:\Skripsi\Experiment\data\raw\RGB2\S7\AC9\RGB2_SUB7ACT9F1.jpg,1,0,0.3946528434753418
1045,7,9,121,D:\Skripsi\Experiment\data\raw\RGB2\S7\AC9\RGB2_SUB7ACT9F121.jpg,1,1,0.8414111137390137
1046,7,9,31,D:\Skripsi\Experiment\data\raw\RGB2\S7\AC9\RGB2_SUB7ACT9F31.jpg,1,1,0.7580032348632812
1047,7,9,61,D:\Skripsi\Experiment\data\raw\RGB2\S7\AC9\RGB2_SUB7ACT9F61.jpg,1,1,0.7734251618385315
1048,7,9,91,D:\Skripsi\Experiment\data\raw\RGB2\S7\AC9\RGB2_SUB7ACT9F91.jpg,1,1,0.8033121228218079
1049,9,1,1,D:\Skripsi\Experiment\data\raw\RGB2\S9\AC1\RGB2_SUB9ACT1F1.jpg,0,0,0.0069843255914747715
1050,9,1,121,D:\Skripsi\Experiment\data\raw\RGB2\S9\AC1\RGB2_SUB9ACT1F121.jpg,0,0,0.17495064437389374
1051,9,1,151,D:\Skripsi\Experiment\data\raw\RGB2\S9\AC1\RGB2_SUB9ACT1F151.jpg,0,0,0.008945121429860592
1052,9,1,31,D:\Skripsi\Experiment\data\raw\RGB2\S9\AC1\RGB2_SUB9ACT1F31.jpg,0,0,0.0003248998546041548
1053,9,1,61,D:\Skripsi\Experiment\data\raw\RGB2\S9\AC1\RGB2_SUB9ACT1F61.jpg,0,0,0.0012575914151966572
1054,9,1,91,D:\Skripsi\Experiment\data\raw\RGB2\S9\AC1\RGB2_SUB9ACT1F91.jpg,0,0,0.10014577209949493
1055,9,5,1,D:\Skripsi\Experiment\data\raw\RGB2\S9\AC5\RGB2_SUB9ACT5F1.jpg,1,1,0.7274121046066284
1056,9,5,121,D:\Skripsi\Experiment\data\raw\RGB2\S9\AC5\RGB2_SUB9ACT5F121.jpg,1,1,0.8565486073493958
1057,9,5,151,D:\Skripsi\Experiment\data\raw\RGB2\S9\AC5\RGB2_SUB9ACT5F151.jpg,1,1,0.8847550749778748
1058,9,5,31,D:\Skripsi\Experiment\data\raw\RGB2\S9\AC5\RGB2_SUB9ACT5F31.jpg,1,1,0.8932206034660339
1059,9,5,61,D:\Skripsi\Experiment\data\raw\RGB2\S9\AC5\RGB2_SUB9ACT5F61.jpg,1,1,0.7694174647331238
1060,9,5,91,D:\Skripsi\Experiment\data\raw\RGB2\S9\AC5\RGB2_SUB9ACT5F91.jpg,1,1,0.8353541493415833
1061,9,6,1,D:\Skripsi\Experiment\data\raw\RGB2\S9\AC6\RGB2_SUB9ACT6F1.jpg,1,1,0.7120470404624939
1062,9,6,121,D:\Skripsi\Experiment\data\raw\RGB2\S9\AC6\RGB2_SUB9ACT6F121.jpg,1,1,0.7346606850624084
1063,9,6,31,D:\Skripsi\Experiment\data\raw\RGB2\S9\AC6\RGB2_SUB9ACT6F31.jpg,1,1,0.7054600119590759
1064,9,6,61,D:\Skripsi\Experiment\data\raw\RGB2\S9\AC6\RGB2_SUB9ACT6F61.jpg,1,1,0.8645965456962585
1065,9,6,91,D:\Skripsi\Experiment\data\raw\RGB2\S9\AC6\RGB2_SUB9ACT6F91.jpg,1,1,0.8668851256370544
1066,9,7,1,D:\Skripsi\Experiment\data\raw\RGB2\S9\AC7\RGB2_SUB9ACT7F1.jpg,1,0,0.3533613979816437
1067,9,7,121,D:\Skripsi\Experiment\data\raw\RGB2\S9\AC7\RGB2_SUB9ACT7F121.jpg,1,1,0.730824887752533
1068,9,7,151,D:\Skripsi\Experiment\data\raw\RGB2\S9\AC7\RGB2_SUB9ACT7F151.jpg,1,1,0.7452366948127747
1069,9,7,181,D:\Skripsi\Experiment\data\raw\RGB2\S9\AC7\RGB2_SUB9ACT7F181.jpg,1,1,0.7679160237312317
1070,9,7,31,D:\Skripsi\Experiment\data\raw\RGB2\S9\AC7\RGB2_SUB9ACT7F31.jpg,1,1,0.7756832838058472
1071,9,7,61,D:\Skripsi\Experiment\data\raw\RGB2\S9\AC7\RGB2_SUB9ACT7F61.jpg,1,1,0.6425399780273438
1072,9,7,91,D:\Skripsi\Experiment\data\raw\RGB2\S9\AC7\RGB2_SUB9ACT7F91.jpg,1,1,0.8275561928749084
1073,9,8,1,D:\Skripsi\Experiment\data\raw\RGB2\S9\AC8\RGB2_SUB9ACT8F1.jpg,1,1,0.6942761540412903
1074,9,8,121,D:\Skripsi\Experiment\data\raw\RGB2\S9\AC8\RGB2_SUB9ACT8F121.jpg,1,1,0.7959175705909729
1075,9,8,31,D:\Skripsi\Experiment\data\raw\RGB2\S9\AC8\RGB2_SUB9ACT8F31.jpg,1,1,0.7832992672920227
1076,9,8,61,D:\Skripsi\Experiment\data\raw\RGB2\S9\AC8\RGB2_SUB9ACT8F61.jpg,1,1,0.8074852824211121
1077,9,8,91,D:\Skripsi\Experiment\data\raw\RGB2\S9\AC8\RGB2_SUB9ACT8F91.jpg,1,1,0.5572490096092224
1078,9,9,1,D:\Skripsi\Experiment\data\raw\RGB2\S9\AC9\RGB2_SUB9ACT9F1.jpg,1,1,0.5625741481781006
1079,9,9,121,D:\Skripsi\Experiment\data\raw\RGB2\S9\AC9\RGB2_SUB9ACT9F121.jpg,1,1,0.8471826910972595
1080,9,9,151,D:\Skripsi\Experiment\data\raw\RGB2\S9\AC9\RGB2_SUB9ACT9F151.jpg,1,1,0.9111202955245972
1081,9,9,31,D:\Skripsi\Experiment\data\raw\RGB2\S9\AC9\RGB2_SUB9ACT9F31.jpg,1,1,0.8713181614875793
1082,9,9,61,D:\Skripsi\Experiment\data\raw\RGB2\S9\AC9\RGB2_SUB9ACT9F61.jpg,1,1,0.750789999961853
1083,9,9,91,D:\Skripsi\Experiment\data\raw\RGB2\S9\AC9\RGB2_SUB9ACT9F91.jpg,1,1,0.9059127569198608
