row_index,subject_id,activity_id,frame,filepath,label,prediction,prob_phone
0,12,1,1,D:\Skripsi\Experiment\data\raw\RGB1\S12\AC1\RGB1_SUB12ACT1F1.jpg,0,0,0.3110648989677429
1,12,1,106,D:\Skripsi\Experiment\data\raw\RGB1\S12\AC1\RGB1_SUB12ACT1F106.jpg,0,1,0.5444707274436951
2,12,1,121,D:\Skripsi\Experiment\data\raw\RGB1\S12\AC1\RGB1_SUB12ACT1F121.jpg,0,0,0.3645974397659302
3,12,1,136,D:\Skripsi\Experiment\data\raw\RGB1\S12\AC1\RGB1_SUB12ACT1F136.jpg,0,1,0.5188286304473877
4,12,1,151,D:\Skripsi\Experiment\data\raw\RGB1\S12\AC1\RGB1_SUB12ACT1F151.jpg,0,0,0.24346163868904114
5,12,1,16,D:\Skripsi\Experiment\data\raw\RGB1\S12\AC1\RGB1_SUB12ACT1F16.jpg,0,0,0.4275910556316376
6,12,1,31,D:\Skripsi\Experiment\data\raw\RGB1\S12\AC1\RGB1_SUB12ACT1F31.jpg,0,0,0.3080637753009796
7,12,1,46,D:\Skripsi\Experiment\data\raw\RGB1\S12\AC1\RGB1_SUB12ACT1F46.jpg,0,0,0.3794447183609009
8,12,1,61,D:\Skripsi\Experiment\data\raw\RGB1\S12\AC1\RGB1_SUB12ACT1F61.jpg,0,0,0.34379246830940247
9,12,1,76,D:\Skripsi\Experiment\data\raw\RGB1\S12\AC1\RGB1_SUB12ACT1F76.jpg,0,0,0.4487462639808655
10,12,1,91,D:\Skripsi\Experiment\data\raw\RGB1\S12\AC1\RGB1_SUB12ACT1F91.jpg,0,1,0.6443080902099609
11,12,5,1,D:\Skripsi\Experiment\data\raw\RGB1\S12\AC5\RGB1_SUB12ACT5F1.jpg,1,0,0.4019477069377899
12,12,5,106,D:\Skripsi\Experiment\data\raw\RGB1\S12\AC5\RGB1_SUB12ACT5F106.jpg,1,0,0.41216790676116943
13,12,5,121,D:\Skripsi\Experiment\data\raw\RGB1\S12\AC5\RGB1_SUB12ACT5F121.jpg,1,0,0.4637439250946045
14,12,5,136,D:\Skripsi\Experiment\data\raw\RGB1\S12\AC5\RGB1_SUB12ACT5F136.jpg,1,1,0.5944030284881592
15,12,5,16,D:\Skripsi\Experiment\data\raw\RGB1\S12\AC5\RGB1_SUB12ACT5F16.jpg,1,1,0.5919495224952698
16,12,5,31,D:\Skripsi\Experiment\data\raw\RGB1\S12\AC5\RGB1_SUB12ACT5F31.jpg,1,0,0.42194700241088867
17,12,5,46,D:\Skripsi\Experiment\data\raw\RGB1\S12\AC5\RGB1_SUB12ACT5F46.jpg,1,1,0.5811916589736938
18,12,5,61,D:\Skripsi\Experiment\data\raw\RGB1\S12\AC5\RGB1_SUB12ACT5F61.jpg,1,1,0.6294373273849487
19,12,5,76,D:\Skripsi\Experiment\data\raw\RGB1\S12\AC5\RGB1_SUB12ACT5F76.jpg,1,0,0.434520423412323
20,12,5,91,D:\Skripsi\Experiment\data\raw\RGB1\S12\AC5\RGB1_SUB12ACT5F91.jpg,1,0,0.4567159116268158
21,12,6,1,D:\Skripsi\Experiment\data\raw\RGB1\S12\AC6\RGB1_SUB12ACT6F1.jpg,1,0,0.43466007709503174
22,12,6,106,D:\Skripsi\Experiment\data\raw\RGB1\S12\AC6\RGB1_SUB12ACT6F106.jpg,1,1,0.6228048801422119
23,12,6,121,D:\Skripsi\Experiment\data\raw\RGB1\S12\AC6\RGB1_SUB12ACT6F121.jpg,1,0,0.45118895173072815
24,12,6,136,D:\Skripsi\Experiment\data\raw\RGB1\S12\AC6\RGB1_SUB12ACT6F136.jpg,1,0,0.4895038604736328
25,12,6,151,D:\Skripsi\Experiment\data\raw\RGB1\S12\AC6\RGB1_SUB12ACT6F151.jpg,1,1,0.5264303684234619
26,12,6,16,D:\Skripsi\Experiment\data\raw\RGB1\S12\AC6\RGB1_SUB12ACT6F16.jpg,1,0,0.44853806495666504
27,12,6,166,D:\Skripsi\Experiment\data\raw\RGB1\S12\AC6\RGB1_SUB12ACT6F166.jpg,1,0,0.40013042092323303
28,12,6,181,D:\Skripsi\Experiment\data\raw\RGB1\S12\AC6\RGB1_SUB12ACT6F181.jpg,1,1,0.6624388694763184
29,12,6,196,D:\Skripsi\Experiment\data\raw\RGB1\S12\AC6\RGB1_SUB12ACT6F196.jpg,1,1,0.5596165060997009
30,12,6,31,D:\Skripsi\Experiment\data\raw\RGB1\S12\AC6\RGB1_SUB12ACT6F31.jpg,1,1,0.7331823706626892
31,12,6,46,D:\Skripsi\Experiment\data\raw\RGB1\S12\AC6\RGB1_SUB12ACT6F46.jpg,1,1,0.5805189609527588
32,12,6,61,D:\Skripsi\Experiment\data\raw\RGB1\S12\AC6\RGB1_SUB12ACT6F61.jpg,1,1,0.6064267754554749
33,12,6,76,D:\Skripsi\Experiment\data\raw\RGB1\S12\AC6\RGB1_SUB12ACT6F76.jpg,1,1,0.5159462690353394
34,12,6,91,D:\Skripsi\Experiment\data\raw\RGB1\S12\AC6\RGB1_SUB12ACT6F91.jpg,1,0,0.4774785339832306
35,12,7,1,D:\Skripsi\Experiment\data\raw\RGB1\S12\AC7\RGB1_SUB12ACT7F1.jpg,1,0,0.28681957721710205
36,12,7,106,D:\Skripsi\Experiment\data\raw\RGB1\S12\AC7\RGB1_SUB12ACT7F106.jpg,1,0,0.3787878751754761
37,12,7,121,D:\Skripsi\Experiment\data\raw\RGB1\S12\AC7\RGB1_SUB12ACT7F121.jpg,1,1,0.5618559122085571
38,12,7,136,D:\Skripsi\Experiment\data\raw\RGB1\S12\AC7\RGB1_SUB12ACT7F136.jpg,1,0,0.46610546112060547
39,12,7,151,D:\Skripsi\Experiment\data\raw\RGB1\S12\AC7\RGB1_SUB12ACT7F151.jpg,1,0,0.3812078535556793
40,12,7,16,D:\Skripsi\Experiment\data\raw\RGB1\S12\AC7\RGB1_SUB12ACT7F16.jpg,1,0,0.28674179315567017
41,12,7,166,D:\Skripsi\Experiment\data\raw\RGB1\S12\AC7\RGB1_SUB12ACT7F166.jpg,1,0,0.32722726464271545
42,12,7,181,D:\Skripsi\Experiment\data\raw\RGB1\S12\AC7\RGB1_SUB12ACT7F181.jpg,1,0,0.45144590735435486
43,12,7,196,D:\Skripsi\Experiment\data\raw\RGB1\S12\AC7\RGB1_SUB12ACT7F196.jpg,1,0,0.47302690148353577
44,12,7,211,D:\Skripsi\Experiment\data\raw\RGB1\S12\AC7\RGB1_SUB12ACT7F211.jpg,1,1,0.6269144415855408
45,12,7,226,D:\Skripsi\Experiment\data\raw\RGB1\S12\AC7\RGB1_SUB12ACT7F226.jpg,1,0,0.45244473218917847
46,12,7,31,D:\Skripsi\Experiment\data\raw\RGB1\S12\AC7\RGB1_SUB12ACT7F31.jpg,1,0,0.44868505001068115
47,12,7,46,D:\Skripsi\Experiment\data\raw\RGB1\S12\AC7\RGB1_SUB12ACT7F46.jpg,1,0,0.24890701472759247
48,12,7,61,D:\Skripsi\Experiment\data\raw\RGB1\S12\AC7\RGB1_SUB12ACT7F61.jpg,1,0,0.3237670361995697
49,12,7,76,D:\Skripsi\Experiment\data\raw\RGB1\S12\AC7\RGB1_SUB12ACT7F76.jpg,1,0,0.28764721751213074
50,12,7,91,D:\Skripsi\Experiment\data\raw\RGB1\S12\AC7\RGB1_SUB12ACT7F91.jpg,1,0,0.29254773259162903
51,12,8,1,D:\Skripsi\Experiment\data\raw\RGB1\S12\AC8\RGB1_SUB12ACT8F1.jpg,1,1,0.5077442526817322
52,12,8,106,D:\Skripsi\Experiment\data\raw\RGB1\S12\AC8\RGB1_SUB12ACT8F106.jpg,1,0,0.48306357860565186
53,12,8,121,D:\Skripsi\Experiment\data\raw\RGB1\S12\AC8\RGB1_SUB12ACT8F121.jpg,1,0,0.3712427616119385
54,12,8,136,D:\Skripsi\Experiment\data\raw\RGB1\S12\AC8\RGB1_SUB12ACT8F136.jpg,1,1,0.5673351883888245
55,12,8,151,D:\Skripsi\Experiment\data\raw\RGB1\S12\AC8\RGB1_SUB12ACT8F151.jpg,1,0,0.3920847177505493
56,12,8,16,D:\Skripsi\Experiment\data\raw\RGB1\S12\AC8\RGB1_SUB12ACT8F16.jpg,1,1,0.5992804169654846
57,12,8,31,D:\Skripsi\Experiment\data\raw\RGB1\S12\AC8\RGB1_SUB12ACT8F31.jpg,1,0,0.4797092378139496
58,12,8,46,D:\Skripsi\Experiment\data\raw\RGB1\S12\AC8\RGB1_SUB12ACT8F46.jpg,1,1,0.5828709602355957
59,12,8,61,D:\Skripsi\Experiment\data\raw\RGB1\S12\AC8\RGB1_SUB12ACT8F61.jpg,1,0,0.4418160319328308
60,12,8,76,D:\Skripsi\Experiment\data\raw\RGB1\S12\AC8\RGB1_SUB12ACT8F76.jpg,1,1,0.5381009578704834
61,12,8,91,D:\Skripsi\Experiment\data\raw\RGB1\S12\AC8\RGB1_SUB12ACT8F91.jpg,1,1,0.5427768230438232
62,12,9,1,D:\Skripsi\Experiment\data\raw\RGB1\S12\AC9\RGB1_SUB12ACT9F1.jpg,1,1,0.5711115002632141
63,12,9,106,D:\Skripsi\Experiment\data\raw\RGB1\S12\AC9\RGB1_SUB12ACT9F106.jpg,1,1,0.6656639575958252
64,12,9,121,D:\Skripsi\Experiment\data\raw\RGB1\S12\AC9\RGB1_SUB12ACT9F121.jpg,1,0,0.46023091673851013
65,12,9,136,D:\Skripsi\Experiment\data\raw\RGB1\S12\AC9\RGB1_SUB12ACT9F136.jpg,1,1,0.6810123324394226
66,12,9,151,D:\Skripsi\Experiment\data\raw\RGB1\S12\AC9\RGB1_SUB12ACT9F151.jpg,1,1,0.5876041054725647
67,12,9,16,D:\Skripsi\Experiment\data\raw\RGB1\S12\AC9\RGB1_SUB12ACT9F16.jpg,1,1,0.5864237546920776
68,12,9,166,D:\Skripsi\Experiment\data\raw\RGB1\S12\AC9\RGB1_SUB12ACT9F166.jpg,1,1,0.5212928652763367
69,12,9,31,D:\Skripsi\Experiment\data\raw\RGB1\S12\AC9\RGB1_SUB12ACT9F31.jpg,1,0,0.47454777359962463
70,12,9,46,D:\Skripsi\Experiment\data\raw\RGB1\S12\AC9\RGB1_SUB12ACT9F46.jpg,1,0,0.47298380732536316
71,12,9,61,D:\Skripsi\Experiment\data\raw\RGB1\S12\AC9\RGB1_SUB12ACT9F61.jpg,1,0,0.4192507266998291
72,12,9,76,D:\Skripsi\Experiment\data\raw\RGB1\S12\AC9\RGB1_SUB12ACT9F76.jpg,1,1,0.5044011473655701
73,12,9,91,D:\Skripsi\Experiment\data\raw\RGB1\S12\AC9\RGB1_SUB12ACT9F91.jpg,1,1,0.6804881691932678
74,13,1,1,D:\Skripsi\Experiment\data\raw\RGB1\S13\AC1\RGB1_SUB13ACT1F1.jpg,0,1,0.5325586795806885
75,13,1,106,D:\Skripsi\Experiment\data\raw\RGB1\S13\AC1\RGB1_SUB13ACT1F106.jpg,0,0,0.40090036392211914
76,13,1,121,D:\Skripsi\Experiment\data\raw\RGB1\S13\AC1\RGB1_SUB13ACT1F121.jpg,0,0,0.3546982705593109
77,13,1,16,D:\Skripsi\Experiment\data\raw\RGB1\S13\AC1\RGB1_SUB13ACT1F16.jpg,0,0,0.4713115096092224
78,13,1,31,D:\Skripsi\Experiment\data\raw\RGB1\S13\AC1\RGB1_SUB13ACT1F31.jpg,0,0,0.4302142262458801
79,13,1,46,D:\Skripsi\Experiment\data\raw\RGB1\S13\AC1\RGB1_SUB13ACT1F46.jpg,0,0,0.3050926923751831
80,13,1,61,D:\Skripsi\Experiment\data\raw\RGB1\S13\AC1\RGB1_SUB13ACT1F61.jpg,0,0,0.44398409128189087
81,13,1,76,D:\Skripsi\Experiment\data\raw\RGB1\S13\AC1\RGB1_SUB13ACT1F76.jpg,0,0,0.2735738754272461
82,13,1,91,D:\Skripsi\Experiment\data\raw\RGB1\S13\AC1\RGB1_SUB13ACT1F91.jpg,0,0,0.48348918557167053
83,13,5,1,D:\Skripsi\Experiment\data\raw\RGB1\S13\AC5\RGB1_SUB13ACT5F1.jpg,1,1,0.6679450273513794
84,13,5,106,D:\Skripsi\Experiment\data\raw\RGB1\S13\AC5\RGB1_SUB13ACT5F106.jpg,1,1,0.6460865139961243
85,13,5,121,D:\Skripsi\Experiment\data\raw\RGB1\S13\AC5\RGB1_SUB13ACT5F121.jpg,1,1,0.5614238977432251
86,13,5,16,D:\Skripsi\Experiment\data\raw\RGB1\S13\AC5\RGB1_SUB13ACT5F16.jpg,1,1,0.5775250196456909
87,13,5,31,D:\Skripsi\Experiment\data\raw\RGB1\S13\AC5\RGB1_SUB13ACT5F31.jpg,1,1,0.5245339870452881
88,13,5,46,D:\Skripsi\Experiment\data\raw\RGB1\S13\AC5\RGB1_SUB13ACT5F46.jpg,1,1,0.5621795654296875
89,13,5,61,D:\Skripsi\Experiment\data\raw\RGB1\S13\AC5\RGB1_SUB13ACT5F61.jpg,1,1,0.5958970189094543
90,13,5,76,D:\Skripsi\Experiment\data\raw\RGB1\S13\AC5\RGB1_SUB13ACT5F76.jpg,1,1,0.655731201171875
91,13,5,91,D:\Skripsi\Experiment\data\raw\RGB1\S13\AC5\RGB1_SUB13ACT5F91.jpg,1,1,0.6451340317726135
92,13,6,1,D:\Skripsi\Experiment\data\raw\RGB1\S13\AC6\RGB1_SUB13ACT6F1.jpg,1,1,0.5755219459533691
93,13,6,106,D:\Skripsi\Experiment\data\raw\RGB1\S13\AC6\RGB1_SUB13ACT6F106.jpg,1,1,0.5638245344161987
94,13,6,16,D:\Skripsi\Experiment\data\raw\RGB1\S13\AC6\RGB1_SUB13ACT6F16.jpg,1,1,0.5128940343856812
95,13,6,31,D:\Skripsi\Experiment\data\raw\RGB1\S13\AC6\RGB1_SUB13ACT6F31.jpg,1,1,0.5121952891349792
96,13,6,46,D:\Skripsi\Experiment\data\raw\RGB1\S13\AC6\RGB1_SUB13ACT6F46.jpg,1,1,0.5912243723869324
97,13,6,61,D:\Skripsi\Experiment\data\raw\RGB1\S13\AC6\RGB1_SUB13ACT6F61.jpg,1,1,0.5585545301437378
98,13,6,76,D:\Skripsi\Experiment\data\raw\RGB1\S13\AC6\RGB1_SUB13ACT6F76.jpg,1,0,0.4942680895328522
99,13,6,91,D:\Skripsi\Experiment\data\raw\RGB1\S13\AC6\RGB1_SUB13ACT6F91.jpg,1,1,0.589074969291687
100,13,7,1,D:\Skripsi\Experiment\data\raw\RGB1\S13\AC7\RGB1_SUB13ACT7F1.jpg,1,1,0.5164464116096497
101,13,7,106,D:\Skripsi\Experiment\data\raw\RGB1\S13\AC7\RGB1_SUB13ACT7F106.jpg,1,0,0.4535687267780304
102,13,7,121,D:\Skripsi\Experiment\data\raw\RGB1\S13\AC7\RGB1_SUB13ACT7F121.jpg,1,1,0.598502516746521
103,13,7,136,D:\Skripsi\Experiment\data\raw\RGB1\S13\AC7\RGB1_SUB13ACT7F136.jpg,1,1,0.5749062895774841
104,13,7,16,D:\Skripsi\Experiment\data\raw\RGB1\S13\AC7\RGB1_SUB13ACT7F16.jpg,1,1,0.5535239577293396
105,13,7,31,D:\Skripsi\Experiment\data\raw\RGB1\S13\AC7\RGB1_SUB13ACT7F31.jpg,1,1,0.5776992440223694
106,13,7,46,D:\Skripsi\Experiment\data\raw\RGB1\S13\AC7\RGB1_SUB13ACT7F46.jpg,1,1,0.5058765411376953
107,13,7,61,D:\Skripsi\Experiment\data\raw\RGB1\S13\AC7\RGB1_SUB13ACT7F61.jpg,1,1,0.683535635471344
108,13,7,76,D:\Skripsi\Experiment\data\raw\RGB1\S13\AC7\RGB1_SUB13ACT7F76.jpg,1,1,0.5755405426025391
109,13,7,91,D:\Skripsi\Experiment\data\raw\RGB1\S13\AC7\RGB1_SUB13ACT7F91.jpg,1,0,0.40467679500579834
110,13,8,1,D:\Skripsi\Experiment\data\raw\RGB1\S13\AC8\RGB1_SUB13ACT8F1.jpg,1,0,0.4147520959377289
111,13,8,106,D:\Skripsi\Experiment\data\raw\RGB1\S13\AC8\RGB1_SUB13ACT8F106.jpg,1,0,0.3808239996433258
112,13,8,121,D:\Skripsi\Experiment\data\raw\RGB1\S13\AC8\RGB1_SUB13ACT8F121.jpg,1,0,0.46367722749710083
113,13,8,136,D:\Skripsi\Experiment\data\raw\RGB1\S13\AC8\RGB1_SUB13ACT8F136.jpg,1,0,0.497646689414978
114,13,8,16,D:\Skripsi\Experiment\data\raw\RGB1\S13\AC8\RGB1_SUB13ACT8F16.jpg,1,1,0.5113222002983093
115,13,8,31,D:\Skripsi\Experiment\data\raw\RGB1\S13\AC8\RGB1_SUB13ACT8F31.jpg,1,0,0.449000746011734
116,13,8,46,D:\Skripsi\Experiment\data\raw\RGB1\S13\AC8\RGB1_SUB13ACT8F46.jpg,1,0,0.3618471622467041
117,13,8,61,D:\Skripsi\Experiment\data\raw\RGB1\S13\AC8\RGB1_SUB13ACT8F61.jpg,1,0,0.4958621859550476
118,13,8,76,D:\Skripsi\Experiment\data\raw\RGB1\S13\AC8\RGB1_SUB13ACT8F76.jpg,1,1,0.5146565437316895
119,13,8,91,D:\Skripsi\Experiment\data\raw\RGB1\S13\AC8\RGB1_SUB13ACT8F91.jpg,1,1,0.5328271985054016
120,13,9,1,D:\Skripsi\Experiment\data\raw\RGB1\S13\AC9\RGB1_SUB13ACT9F1.jpg,1,0,0.4216943383216858
121,13,9,106,D:\Skripsi\Experiment\data\raw\RGB1\S13\AC9\RGB1_SUB13ACT9F106.jpg,1,1,0.5860313773155212
122,13,9,121,D:\Skripsi\Experiment\data\raw\RGB1\S13\AC9\RGB1_SUB13ACT9F121.jpg,1,0,0.3742855191230774
123,13,9,136,D:\Skripsi\Experiment\data\raw\RGB1\S13\AC9\RGB1_SUB13ACT9F136.jpg,1,1,0.6755290627479553
124,13,9,151,D:\Skripsi\Experiment\data\raw\RGB1\S13\AC9\RGB1_SUB13ACT9F151.jpg,1,1,0.5615586042404175
125,13,9,16,D:\Skripsi\Experiment\data\raw\RGB1\S13\AC9\RGB1_SUB13ACT9F16.jpg,1,0,0.4809408485889435
126,13,9,166,D:\Skripsi\Experiment\data\raw\RGB1\S13\AC9\RGB1_SUB13ACT9F166.jpg,1,0,0.48667171597480774
127,13,9,181,D:\Skripsi\Experiment\data\raw\RGB1\S13\AC9\RGB1_SUB13ACT9F181.jpg,1,1,0.5549555420875549
128,13,9,31,D:\Skripsi\Experiment\data\raw\RGB1\S13\AC9\RGB1_SUB13ACT9F31.jpg,1,0,0.45527321100234985
129,13,9,46,D:\Skripsi\Experiment\data\raw\RGB1\S13\AC9\RGB1_SUB13ACT9F46.jpg,1,0,0.3608420193195343
130,13,9,61,D:\Skripsi\Experiment\data\raw\RGB1\S13\AC9\RGB1_SUB13ACT9F61.jpg,1,1,0.6381784677505493
131,13,9,76,D:\Skripsi\Experiment\data\raw\RGB1\S13\AC9\RGB1_SUB13ACT9F76.jpg,1,1,0.6146504282951355
132,13,9,91,D:\Skripsi\Experiment\data\raw\RGB1\S13\AC9\RGB1_SUB13ACT9F91.jpg,1,0,0.49945101141929626
133,14,1,1,D:\Skripsi\Experiment\data\raw\RGB1\S14\AC1\RGB1_SUB14ACT1F1.jpg,0,1,0.5456461310386658
134,14,1,106,D:\Skripsi\Experiment\data\raw\RGB1\S14\AC1\RGB1_SUB14ACT1F106.jpg,0,0,0.45192763209342957
135,14,1,16,D:\Skripsi\Experiment\data\raw\RGB1\S14\AC1\RGB1_SUB14ACT1F16.jpg,0,1,0.6234390735626221
136,14,1,31,D:\Skripsi\Experiment\data\raw\RGB1\S14\AC1\RGB1_SUB14ACT1F31.jpg,0,1,0.5597200989723206
137,14,1,46,D:\Skripsi\Experiment\data\raw\RGB1\S14\AC1\RGB1_SUB14ACT1F46.jpg,0,1,0.5379929542541504
138,14,1,61,D:\Skripsi\Experiment\data\raw\RGB1\S14\AC1\RGB1_SUB14ACT1F61.jpg,0,1,0.7203934788703918
139,14,1,76,D:\Skripsi\Experiment\data\raw\RGB1\S14\AC1\RGB1_SUB14ACT1F76.jpg,0,1,0.5942704677581787
140,14,1,91,D:\Skripsi\Experiment\data\raw\RGB1\S14\AC1\RGB1_SUB14ACT1F91.jpg,0,1,0.6796141266822815
141,14,5,1,D:\Skripsi\Experiment\data\raw\RGB1\S14\AC5\RGB1_SUB14ACT5F1.jpg,1,0,0.47225749492645264
142,14,5,106,D:\Skripsi\Experiment\data\raw\RGB1\S14\AC5\RGB1_SUB14ACT5F106.jpg,1,1,0.5573840737342834
143,14,5,121,D:\Skripsi\Experiment\data\raw\RGB1\S14\AC5\RGB1_SUB14ACT5F121.jpg,1,0,0.4563838243484497
144,14,5,16,D:\Skripsi\Experiment\data\raw\RGB1\S14\AC5\RGB1_SUB14ACT5F16.jpg,1,0,0.397620290517807
145,14,5,31,D:\Skripsi\Experiment\data\raw\RGB1\S14\AC5\RGB1_SUB14ACT5F31.jpg,1,1,0.5242785811424255
146,14,5,46,D:\Skripsi\Experiment\data\raw\RGB1\S14\AC5\RGB1_SUB14ACT5F46.jpg,1,0,0.44052401185035706
147,14,5,61,D:\Skripsi\Experiment\data\raw\RGB1\S14\AC5\RGB1_SUB14ACT5F61.jpg,1,1,0.5387113690376282
148,14,5,76,D:\Skripsi\Experiment\data\raw\RGB1\S14\AC5\RGB1_SUB14ACT5F76.jpg,1,1,0.5438847541809082
149,14,5,91,D:\Skripsi\Experiment\data\raw\RGB1\S14\AC5\RGB1_SUB14ACT5F91.jpg,1,0,0.4961700439453125
150,14,6,1,D:\Skripsi\Experiment\data\raw\RGB1\S14\AC6\RGB1_SUB14ACT6F1.jpg,1,0,0.439812034368515
151,14,6,106,D:\Skripsi\Experiment\data\raw\RGB1\S14\AC6\RGB1_SUB14ACT6F106.jpg,1,1,0.5642405152320862
152,14,6,16,D:\Skripsi\Experiment\data\raw\RGB1\S14\AC6\RGB1_SUB14ACT6F16.jpg,1,0,0.4550837576389313
153,14,6,31,D:\Skripsi\Experiment\data\raw\RGB1\S14\AC6\RGB1_SUB14ACT6F31.jpg,1,0,0.4265880584716797
154,14,6,46,D:\Skripsi\Experiment\data\raw\RGB1\S14\AC6\RGB1_SUB14ACT6F46.jpg,1,0,0.4482150673866272
155,14,6,61,D:\Skripsi\Experiment\data\raw\RGB1\S14\AC6\RGB1_SUB14ACT6F61.jpg,1,0,0.43804264068603516
156,14,6,76,D:\Skripsi\Experiment\data\raw\RGB1\S14\AC6\RGB1_SUB14ACT6F76.jpg,1,1,0.658783495426178
157,14,6,91,D:\Skripsi\Experiment\data\raw\RGB1\S14\AC6\RGB1_SUB14ACT6F91.jpg,1,1,0.5941357016563416
158,14,7,1,D:\Skripsi\Experiment\data\raw\RGB1\S14\AC7\RGB1_SUB14ACT7F1.jpg,1,0,0.41045472025871277
159,14,7,106,D:\Skripsi\Experiment\data\raw\RGB1\S14\AC7\RGB1_SUB14ACT7F106.jpg,1,1,0.671039879322052
160,14,7,16,D:\Skripsi\Experiment\data\raw\RGB1\S14\AC7\RGB1_SUB14ACT7F16.jpg,1,1,0.628913938999176
161,14,7,31,D:\Skripsi\Experiment\data\raw\RGB1\S14\AC7\RGB1_SUB14ACT7F31.jpg,1,1,0.7522581219673157
162,14,7,46,D:\Skripsi\Experiment\data\raw\RGB1\S14\AC7\RGB1_SUB14ACT7F46.jpg,1,1,0.7045511603355408
163,14,7,61,D:\Skripsi\Experiment\data\raw\RGB1\S14\AC7\RGB1_SUB14ACT7F61.jpg,1,1,0.6382940411567688
164,14,7,76,D:\Skripsi\Experiment\data\raw\RGB1\S14\AC7\RGB1_SUB14ACT7F76.jpg,1,1,0.635540783405304
165,14,7,91,D:\Skripsi\Experiment\data\raw\RGB1\S14\AC7\RGB1_SUB14ACT7F91.jpg,1,1,0.7157536149024963
166,14,8,1,D:\Skripsi\Experiment\data\raw\RGB1\S14\AC8\RGB1_SUB14ACT8F1.jpg,1,1,0.5010502934455872
167,14,8,106,D:\Skripsi\Experiment\data\raw\RGB1\S14\AC8\RGB1_SUB14ACT8F106.jpg,1,1,0.5370740294456482
168,14,8,121,D:\Skripsi\Experiment\data\raw\RGB1\S14\AC8\RGB1_SUB14ACT8F121.jpg,1,1,0.5605678558349609
169,14,8,136,D:\Skripsi\Experiment\data\raw\RGB1\S14\AC8\RGB1_SUB14ACT8F136.jpg,1,0,0.4574250280857086
170,14,8,16,D:\Skripsi\Experiment\data\raw\RGB1\S14\AC8\RGB1_SUB14ACT8F16.jpg,1,0,0.4963040053844452
171,14,8,31,D:\Skripsi\Experiment\data\raw\RGB1\S14\AC8\RGB1_SUB14ACT8F31.jpg,1,1,0.5053855180740356
172,14,8,46,D:\Skripsi\Experiment\data\raw\RGB1\S14\AC8\RGB1_SUB14ACT8F46.jpg,1,0,0.4966922402381897
173,14,8,61,D:\Skripsi\Experiment\data\raw\RGB1\S14\AC8\RGB1_SUB14ACT8F61.jpg,1,0,0.49849390983581543
174,14,8,76,D:\Skripsi\Experiment\data\raw\RGB1\S14\AC8\RGB1_SUB14ACT8F76.jpg,1,1,0.5165196657180786
175,14,8,91,D:\Skripsi\Experiment\data\raw\RGB1\S14\AC8\RGB1_SUB14ACT8F91.jpg,1,0,0.47831711173057556
176,14,9,1,D:\Skripsi\Experiment\data\raw\RGB1\S14\AC9\RGB1_SUB14ACT9F1.jpg,1,0,0.4894145429134369
177,14,9,106,D:\Skripsi\Experiment\data\raw\RGB1\S14\AC9\RGB1_SUB14ACT9F106.jpg,1,1,0.6834136843681335
178,14,9,121,D:\Skripsi\Experiment\data\raw\RGB1\S14\AC9\RGB1_SUB14ACT9F121.jpg,1,1,0.6123033761978149
179,14,9,136,D:\Skripsi\Experiment\data\raw\RGB1\S14\AC9\RGB1_SUB14ACT9F136.jpg,1,1,0.6635115742683411
180,14,9,16,D:\Skripsi\Experiment\data\raw\RGB1\S14\AC9\RGB1_SUB14ACT9F16.jpg,1,1,0.5433237552642822
181,14,9,31,D:\Skripsi\Experiment\data\raw\RGB1\S14\AC9\RGB1_SUB14ACT9F31.jpg,1,1,0.7479532361030579
182,14,9,46,D:\Skripsi\Experiment\data\raw\RGB1\S14\AC9\RGB1_SUB14ACT9F46.jpg,1,1,0.5933431386947632
183,14,9,61,D:\Skripsi\Experiment\data\raw\RGB1\S14\AC9\RGB1_SUB14ACT9F61.jpg,1,1,0.662899374961853
184,14,9,76,D:\Skripsi\Experiment\data\raw\RGB1\S14\AC9\RGB1_SUB14ACT9F76.jpg,1,1,0.6475545167922974
185,14,9,91,D:\Skripsi\Experiment\data\raw\RGB1\S14\AC9\RGB1_SUB14ACT9F91.jpg,1,1,0.7275899052619934
186,16,1,1,D:\Skripsi\Experiment\data\raw\RGB1\S16\AC1\RGB1_SUB16ACT1F1.jpg,0,1,0.5765746831893921
187,16,1,106,D:\Skripsi\Experiment\data\raw\RGB1\S16\AC1\RGB1_SUB16ACT1F106.jpg,0,0,0.4543903172016144
188,16,1,121,D:\Skripsi\Experiment\data\raw\RGB1\S16\AC1\RGB1_SUB16ACT1F121.jpg,0,1,0.555863618850708
189,16,1,16,D:\Skripsi\Experiment\data\raw\RGB1\S16\AC1\RGB1_SUB16ACT1F16.jpg,0,1,0.5675604343414307
190,16,1,31,D:\Skripsi\Experiment\data\raw\RGB1\S16\AC1\RGB1_SUB16ACT1F31.jpg,0,1,0.503777265548706
191,16,1,46,D:\Skripsi\Experiment\data\raw\RGB1\S16\AC1\RGB1_SUB16ACT1F46.jpg,0,1,0.5552732348442078
192,16,1,61,D:\Skripsi\Experiment\data\raw\RGB1\S16\AC1\RGB1_SUB16ACT1F61.jpg,0,1,0.5654422640800476
193,16,1,76,D:\Skripsi\Experiment\data\raw\RGB1\S16\AC1\RGB1_SUB16ACT1F76.jpg,0,1,0.5805504322052002
194,16,1,91,D:\Skripsi\Experiment\data\raw\RGB1\S16\AC1\RGB1_SUB16ACT1F91.jpg,0,1,0.5096979737281799
195,16,5,1,D:\Skripsi\Experiment\data\raw\RGB1\S16\AC5\RGB1_SUB16ACT5F1.jpg,1,1,0.5329640507698059
196,16,5,106,D:\Skripsi\Experiment\data\raw\RGB1\S16\AC5\RGB1_SUB16ACT5F106.jpg,1,0,0.34632715582847595
197,16,5,16,D:\Skripsi\Experiment\data\raw\RGB1\S16\AC5\RGB1_SUB16ACT5F16.jpg,1,1,0.6200478672981262
198,16,5,31,D:\Skripsi\Experiment\data\raw\RGB1\S16\AC5\RGB1_SUB16ACT5F31.jpg,1,1,0.5602816939353943
199,16,5,46,D:\Skripsi\Experiment\data\raw\RGB1\S16\AC5\RGB1_SUB16ACT5F46.jpg,1,1,0.5322145223617554
200,16,5,61,D:\Skripsi\Experiment\data\raw\RGB1\S16\AC5\RGB1_SUB16ACT5F61.jpg,1,0,0.4531242549419403
201,16,5,76,D:\Skripsi\Experiment\data\raw\RGB1\S16\AC5\RGB1_SUB16ACT5F76.jpg,1,1,0.5012333989143372
202,16,5,91,D:\Skripsi\Experiment\data\raw\RGB1\S16\AC5\RGB1_SUB16ACT5F91.jpg,1,0,0.45615318417549133
203,16,6,1,D:\Skripsi\Experiment\data\raw\RGB1\S16\AC6\RGB1_SUB16ACT6F1.jpg,1,0,0.45604610443115234
204,16,6,106,D:\Skripsi\Experiment\data\raw\RGB1\S16\AC6\RGB1_SUB16ACT6F106.jpg,1,0,0.49431851506233215
205,16,6,16,D:\Skripsi\Experiment\data\raw\RGB1\S16\AC6\RGB1_SUB16ACT6F16.jpg,1,0,0.3971431851387024
206,16,6,31,D:\Skripsi\Experiment\data\raw\RGB1\S16\AC6\RGB1_SUB16ACT6F31.jpg,1,0,0.34127190709114075
207,16,6,46,D:\Skripsi\Experiment\data\raw\RGB1\S16\AC6\RGB1_SUB16ACT6F46.jpg,1,0,0.3740805685520172
208,16,6,61,D:\Skripsi\Experiment\data\raw\RGB1\S16\AC6\RGB1_SUB16ACT6F61.jpg,1,0,0.45933863520622253
209,16,6,76,D:\Skripsi\Experiment\data\raw\RGB1\S16\AC6\RGB1_SUB16ACT6F76.jpg,1,0,0.4175381660461426
210,16,6,91,D:\Skripsi\Experiment\data\raw\RGB1\S16\AC6\RGB1_SUB16ACT6F91.jpg,1,0,0.3761213421821594
211,16,7,1,D:\Skripsi\Experiment\data\raw\RGB1\S16\AC7\RGB1_SUB16ACT7F1.jpg,1,1,0.5165726542472839
212,16,7,106,D:\Skripsi\Experiment\data\raw\RGB1\S16\AC7\RGB1_SUB16ACT7F106.jpg,1,1,0.5423058867454529
213,16,7,121,D:\Skripsi\Experiment\data\raw\RGB1\S16\AC7\RGB1_SUB16ACT7F121.jpg,1,1,0.6370067596435547
214,16,7,16,D:\Skripsi\Experiment\data\raw\RGB1\S16\AC7\RGB1_SUB16ACT7F16.jpg,1,0,0.4459286332130432
215,16,7,31,D:\Skripsi\Experiment\data\raw\RGB1\S16\AC7\RGB1_SUB16ACT7F31.jpg,1,0,0.46352657675743103
216,16,7,46,D:\Skripsi\Experiment\data\raw\RGB1\S16\AC7\RGB1_SUB16ACT7F46.jpg,1,1,0.5951579213142395
217,16,7,61,D:\Skripsi\Experiment\data\raw\RGB1\S16\AC7\RGB1_SUB16ACT7F61.jpg,1,0,0.44953984022140503
218,16,7,76,D:\Skripsi\Experiment\data\raw\RGB1\S16\AC7\RGB1_SUB16ACT7F76.jpg,1,1,0.6046484708786011
219,16,7,91,D:\Skripsi\Experiment\data\raw\RGB1\S16\AC7\RGB1_SUB16ACT7F91.jpg,1,1,0.5578124523162842
220,16,8,1,D:\Skripsi\Experiment\data\raw\RGB1\S16\AC8\RGB1_SUB16ACT8F1.jpg,1,1,0.5272386074066162
221,16,8,106,D:\Skripsi\Experiment\data\raw\RGB1\S16\AC8\RGB1_SUB16ACT8F106.jpg,1,0,0.492023229598999
222,16,8,121,D:\Skripsi\Experiment\data\raw\RGB1\S16\AC8\RGB1_SUB16ACT8F121.jpg,1,1,0.6128011345863342
223,16,8,16,D:\Skripsi\Experiment\data\raw\RGB1\S16\AC8\RGB1_SUB16ACT8F16.jpg,1,1,0.5794118046760559
224,16,8,31,D:\Skripsi\Experiment\data\raw\RGB1\S16\AC8\RGB1_SUB16ACT8F31.jpg,1,1,0.5055397748947144
225,16,8,46,D:\Skripsi\Experiment\data\raw\RGB1\S16\AC8\RGB1_SUB16ACT8F46.jpg,1,1,0.5045239329338074
226,16,8,61,D:\Skripsi\Experiment\data\raw\RGB1\S16\AC8\RGB1_SUB16ACT8F61.jpg,1,1,0.6382378339767456
227,16,8,76,D:\Skripsi\Experiment\data\raw\RGB1\S16\AC8\RGB1_SUB16ACT8F76.jpg,1,1,0.624606728553772
228,16,8,91,D:\Skripsi\Experiment\data\raw\RGB1\S16\AC8\RGB1_SUB16ACT8F91.jpg,1,1,0.5840957760810852
229,16,9,1,D:\Skripsi\Experiment\data\raw\RGB1\S16\AC9\RGB1_SUB16ACT9F1.jpg,1,0,0.4573524296283722
230,16,9,106,D:\Skripsi\Experiment\data\raw\RGB1\S16\AC9\RGB1_SUB16ACT9F106.jpg,1,0,0.4077882766723633
231,16,9,121,D:\Skripsi\Experiment\data\raw\RGB1\S16\AC9\RGB1_SUB16ACT9F121.jpg,1,0,0.41182324290275574
232,16,9,16,D:\Skripsi\Experiment\data\raw\RGB1\S16\AC9\RGB1_SUB16ACT9F16.jpg,1,0,0.39903584122657776
233,16,9,31,D:\Skripsi\Experiment\data\raw\RGB1\S16\AC9\RGB1_SUB16ACT9F31.jpg,1,1,0.5287765264511108
234,16,9,46,D:\Skripsi\Experiment\data\raw\RGB1\S16\AC9\RGB1_SUB16ACT9F46.jpg,1,1,0.5879402160644531
235,16,9,61,D:\Skripsi\Experiment\data\raw\RGB1\S16\AC9\RGB1_SUB16ACT9F61.jpg,1,1,0.630566418170929
236,16,9,76,D:\Skripsi\Experiment\data\raw\RGB1\S16\AC9\RGB1_SUB16ACT9F76.jpg,1,1,0.5643689036369324
237,16,9,91,D:\Skripsi\Experiment\data\raw\RGB1\S16\AC9\RGB1_SUB16ACT9F91.jpg,1,0,0.4954942762851715
238,18,1,1,D:\Skripsi\Experiment\data\raw\RGB1\S18\AC1\RGB1_SUB18ACT1F1.jpg,0,0,0.4496998190879822
239,18,1,106,D:\Skripsi\Experiment\data\raw\RGB1\S18\AC1\RGB1_SUB18ACT1F106.jpg,0,0,0.361503928899765
240,18,1,121,D:\Skripsi\Experiment\data\raw\RGB1\S18\AC1\RGB1_SUB18ACT1F121.jpg,0,0,0.4516262710094452
241,18,1,136,D:\Skripsi\Experiment\data\raw\RGB1\S18\AC1\RGB1_SUB18ACT1F136.jpg,0,0,0.43805187940597534
242,18,1,16,D:\Skripsi\Experiment\data\raw\RGB1\S18\AC1\RGB1_SUB18ACT1F16.jpg,0,0,0.39667218923568726
243,18,1,31,D:\Skripsi\Experiment\data\raw\RGB1\S18\AC1\RGB1_SUB18ACT1F31.jpg,0,0,0.3816707730293274
244,18,1,46,D:\Skripsi\Experiment\data\raw\RGB1\S18\AC1\RGB1_SUB18ACT1F46.jpg,0,0,0.37629327178001404
245,18,1,61,D:\Skripsi\Experiment\data\raw\RGB1\S18\AC1\RGB1_SUB18ACT1F61.jpg,0,0,0.28595170378685
246,18,1,76,D:\Skripsi\Experiment\data\raw\RGB1\S18\AC1\RGB1_SUB18ACT1F76.jpg,0,0,0.4740292429924011
247,18,1,91,D:\Skripsi\Experiment\data\raw\RGB1\S18\AC1\RGB1_SUB18ACT1F91.jpg,0,0,0.32167404890060425
248,18,5,1,D:\Skripsi\Experiment\data\raw\RGB1\S18\AC5\RGB1_SUB18ACT5F1.jpg,1,1,0.529662013053894
249,18,5,106,D:\Skripsi\Experiment\data\raw\RGB1\S18\AC5\RGB1_SUB18ACT5F106.jpg,1,1,0.597213625907898
250,18,5,121,D:\Skripsi\Experiment\data\raw\RGB1\S18\AC5\RGB1_SUB18ACT5F121.jpg,1,0,0.4124411344528198
251,18,5,136,D:\Skripsi\Experiment\data\raw\RGB1\S18\AC5\RGB1_SUB18ACT5F136.jpg,1,0,0.4659367799758911
252,18,5,151,D:\Skripsi\Experiment\data\raw\RGB1\S18\AC5\RGB1_SUB18ACT5F151.jpg,1,0,0.4329884350299835
253,18,5,16,D:\Skripsi\Experiment\data\raw\RGB1\S18\AC5\RGB1_SUB18ACT5F16.jpg,1,1,0.5921139121055603
254,18,5,31,D:\Skripsi\Experiment\data\raw\RGB1\S18\AC5\RGB1_SUB18ACT5F31.jpg,1,1,0.5805461406707764
255,18,5,46,D:\Skripsi\Experiment\data\raw\RGB1\S18\AC5\RGB1_SUB18ACT5F46.jpg,1,1,0.5061249136924744
256,18,5,61,D:\Skripsi\Experiment\data\raw\RGB1\S18\AC5\RGB1_SUB18ACT5F61.jpg,1,1,0.5215697884559631
257,18,5,76,D:\Skripsi\Experiment\data\raw\RGB1\S18\AC5\RGB1_SUB18ACT5F76.jpg,1,1,0.6470596194267273
258,18,5,91,D:\Skripsi\Experiment\data\raw\RGB1\S18\AC5\RGB1_SUB18ACT5F91.jpg,1,1,0.5970003008842468
259,18,6,1,D:\Skripsi\Experiment\data\raw\RGB1\S18\AC6\RGB1_SUB18ACT6F1.jpg,1,0,0.44942590594291687
260,18,6,106,D:\Skripsi\Experiment\data\raw\RGB1\S18\AC6\RGB1_SUB18ACT6F106.jpg,1,1,0.6113188862800598
261,18,6,121,D:\Skripsi\Experiment\data\raw\RGB1\S18\AC6\RGB1_SUB18ACT6F121.jpg,1,1,0.6055222749710083
262,18,6,136,D:\Skripsi\Experiment\data\raw\RGB1\S18\AC6\RGB1_SUB18ACT6F136.jpg,1,1,0.5136832594871521
263,18,6,151,D:\Skripsi\Experiment\data\raw\RGB1\S18\AC6\RGB1_SUB18ACT6F151.jpg,1,0,0.4005260467529297
264,18,6,16,D:\Skripsi\Experiment\data\raw\RGB1\S18\AC6\RGB1_SUB18ACT6F16.jpg,1,0,0.44313502311706543
265,18,6,31,D:\Skripsi\Experiment\data\raw\RGB1\S18\AC6\RGB1_SUB18ACT6F31.jpg,1,1,0.545261025428772
266,18,6,46,D:\Skripsi\Experiment\data\raw\RGB1\S18\AC6\RGB1_SUB18ACT6F46.jpg,1,1,0.5614898800849915
267,18,6,61,D:\Skripsi\Experiment\data\raw\RGB1\S18\AC6\RGB1_SUB18ACT6F61.jpg,1,1,0.5171346068382263
268,18,6,76,D:\Skripsi\Experiment\data\raw\RGB1\S18\AC6\RGB1_SUB18ACT6F76.jpg,1,1,0.5635689496994019
269,18,6,91,D:\Skripsi\Experiment\data\raw\RGB1\S18\AC6\RGB1_SUB18ACT6F91.jpg,1,0,0.421723335981369
270,18,7,1,D:\Skripsi\Experiment\data\raw\RGB1\S18\AC7\RGB1_SUB18ACT7F1.jpg,1,1,0.5147110819816589
271,18,7,106,D:\Skripsi\Experiment\data\raw\RGB1\S18\AC7\RGB1_SUB18ACT7F106.jpg,1,1,0.5730299353599548
272,18,7,121,D:\Skripsi\Experiment\data\raw\RGB1\S18\AC7\RGB1_SUB18ACT7F121.jpg,1,1,0.6023482084274292
273,18,7,136,D:\Skripsi\Experiment\data\raw\RGB1\S18\AC7\RGB1_SUB18ACT7F136.jpg,1,1,0.6527766585350037
274,18,7,151,D:\Skripsi\Experiment\data\raw\RGB1\S18\AC7\RGB1_SUB18ACT7F151.jpg,1,1,0.5483710169792175
275,18,7,16,D:\Skripsi\Experiment\data\raw\RGB1\S18\AC7\RGB1_SUB18ACT7F16.jpg,1,1,0.6401539444923401
276,18,7,166,D:\Skripsi\Experiment\data\raw\RGB1\S18\AC7\RGB1_SUB18ACT7F166.jpg,1,1,0.7538085579872131
277,18,7,181,D:\Skripsi\Experiment\data\raw\RGB1\S18\AC7\RGB1_SUB18ACT7F181.jpg,1,1,0.6539855003356934
278,18,7,31,D:\Skripsi\Experiment\data\raw\RGB1\S18\AC7\RGB1_SUB18ACT7F31.jpg,1,1,0.6212719082832336
279,18,7,46,D:\Skripsi\Experiment\data\raw\RGB1\S18\AC7\RGB1_SUB18ACT7F46.jpg,1,1,0.6468135714530945
280,18,7,61,D:\Skripsi\Experiment\data\raw\RGB1\S18\AC7\RGB1_SUB18ACT7F61.jpg,1,1,0.6536430716514587
281,18,7,76,D:\Skripsi\Experiment\data\raw\RGB1\S18\AC7\RGB1_SUB18ACT7F76.jpg,1,1,0.5569548010826111
282,18,7,91,D:\Skripsi\Experiment\data\raw\RGB1\S18\AC7\RGB1_SUB18ACT7F91.jpg,1,1,0.6721141934394836
283,18,8,1,D:\Skripsi\Experiment\data\raw\RGB1\S18\AC8\RGB1_SUB18ACT8F1.jpg,1,0,0.4806142747402191
284,18,8,106,D:\Skripsi\Experiment\data\raw\RGB1\S18\AC8\RGB1_SUB18ACT8F106.jpg,1,1,0.5975807905197144
285,18,8,121,D:\Skripsi\Experiment\data\raw\RGB1\S18\AC8\RGB1_SUB18ACT8F121.jpg,1,1,0.6480799317359924
286,18,8,136,D:\Skripsi\Experiment\data\raw\RGB1\S18\AC8\RGB1_SUB18ACT8F136.jpg,1,1,0.5895891189575195
287,18,8,151,D:\Skripsi\Experiment\data\raw\RGB1\S18\AC8\RGB1_SUB18ACT8F151.jpg,1,1,0.630767822265625
288,18,8,16,D:\Skripsi\Experiment\data\raw\RGB1\S18\AC8\RGB1_SUB18ACT8F16.jpg,1,0,0.4998255670070648
289,18,8,166,D:\Skripsi\Experiment\data\raw\RGB1\S18\AC8\RGB1_SUB18ACT8F166.jpg,1,1,0.5503702759742737
290,18,8,181,D:\Skripsi\Experiment\data\raw\RGB1\S18\AC8\RGB1_SUB18ACT8F181.jpg,1,0,0.4494907557964325
291,18,8,196,D:\Skripsi\Experiment\data\raw\RGB1\S18\AC8\RGB1_SUB18ACT8F196.jpg,1,1,0.6670896410942078
292,18,8,211,D:\Skripsi\Experiment\data\raw\RGB1\S18\AC8\RGB1_SUB18ACT8F211.jpg,1,1,0.5829076170921326
293,18,8,31,D:\Skripsi\Experiment\data\raw\RGB1\S18\AC8\RGB1_SUB18ACT8F31.jpg,1,1,0.5803760290145874
294,18,8,46,D:\Skripsi\Experiment\data\raw\RGB1\S18\AC8\RGB1_SUB18ACT8F46.jpg,1,1,0.5222869515419006
295,18,8,61,D:\Skripsi\Experiment\data\raw\RGB1\S18\AC8\RGB1_SUB18ACT8F61.jpg,1,1,0.5560342669487
296,18,8,76,D:\Skripsi\Experiment\data\raw\RGB1\S18\AC8\RGB1_SUB18ACT8F76.jpg,1,1,0.650446891784668
297,18,8,91,D:\Skripsi\Experiment\data\raw\RGB1\S18\AC8\RGB1_SUB18ACT8F91.jpg,1,1,0.6613552570343018
298,18,9,1,D:\Skripsi\Experiment\data\raw\RGB1\S18\AC9\RGB1_SUB18ACT9F1.jpg,1,0,0.4845519959926605
299,18,9,106,D:\Skripsi\Experiment\data\raw\RGB1\S18\AC9\RGB1_SUB18ACT9F106.jpg,1,1,0.5693169236183167
300,18,9,121,D:\Skripsi\Experiment\data\raw\RGB1\S18\AC9\RGB1_SUB18ACT9F121.jpg,1,0,0.4802986681461334
301,18,9,136,D:\Skripsi\Experiment\data\raw\RGB1\S18\AC9\RGB1_SUB18ACT9F136.jpg,1,1,0.5472418665885925
302,18,9,151,D:\Skripsi\Experiment\data\raw\RGB1\S18\AC9\RGB1_SUB18ACT9F151.jpg,1,1,0.518605649471283
303,18,9,16,D:\Skripsi\Experiment\data\raw\RGB1\S18\AC9\RGB1_SUB18ACT9F16.jpg,1,1,0.5899547338485718
304,18,9,31,D:\Skripsi\Experiment\data\raw\RGB1\S18\AC9\RGB1_SUB18ACT9F31.jpg,1,0,0.4930047392845154
305,18,9,46,D:\Skripsi\Experiment\data\raw\RGB1\S18\AC9\RGB1_SUB18ACT9F46.jpg,1,1,0.5302546620368958
306,18,9,61,D:\Skripsi\Experiment\data\raw\RGB1\S18\AC9\RGB1_SUB18ACT9F61.jpg,1,1,0.5921076536178589
307,18,9,76,D:\Skripsi\Experiment\data\raw\RGB1\S18\AC9\RGB1_SUB18ACT9F76.jpg,1,1,0.5640320181846619
308,18,9,91,D:\Skripsi\Experiment\data\raw\RGB1\S18\AC9\RGB1_SUB18ACT9F91.jpg,1,1,0.576177716255188
309,19,1,1,D:\Skripsi\Experiment\data\raw\RGB1\S19\AC1\RGB1_SUB19ACT1F1.jpg,0,1,0.5535316467285156
310,19,1,106,D:\Skripsi\Experiment\data\raw\RGB1\S19\AC1\RGB1_SUB19ACT1F106.jpg,0,1,0.6413585543632507
311,19,1,121,D:\Skripsi\Experiment\data\raw\RGB1\S19\AC1\RGB1_SUB19ACT1F121.jpg,0,1,0.6933546662330627
312,19,1,16,D:\Skripsi\Experiment\data\raw\RGB1\S19\AC1\RGB1_SUB19ACT1F16.jpg,0,1,0.5620677471160889
313,19,1,31,D:\Skripsi\Experiment\data\raw\RGB1\S19\AC1\RGB1_SUB19ACT1F31.jpg,0,1,0.5905676484107971
314,19,1,46,D:\Skripsi\Experiment\data\raw\RGB1\S19\AC1\RGB1_SUB19ACT1F46.jpg,0,1,0.5958119034767151
315,19,1,61,D:\Skripsi\Experiment\data\raw\RGB1\S19\AC1\RGB1_SUB19ACT1F61.jpg,0,1,0.5887291431427002
316,19,1,76,D:\Skripsi\Experiment\data\raw\RGB1\S19\AC1\RGB1_SUB19ACT1F76.jpg,0,0,0.49901965260505676
317,19,1,91,D:\Skripsi\Experiment\data\raw\RGB1\S19\AC1\RGB1_SUB19ACT1F91.jpg,0,1,0.5589700937271118
318,19,5,1,D:\Skripsi\Experiment\data\raw\RGB1\S19\AC5\RGB1_SUB19ACT5F1.jpg,1,1,0.6184340119361877
319,19,5,106,D:\Skripsi\Experiment\data\raw\RGB1\S19\AC5\RGB1_SUB19ACT5F106.jpg,1,1,0.6471869945526123
320,19,5,16,D:\Skripsi\Experiment\data\raw\RGB1\S19\AC5\RGB1_SUB19ACT5F16.jpg,1,1,0.5997106432914734
321,19,5,31,D:\Skripsi\Experiment\data\raw\RGB1\S19\AC5\RGB1_SUB19ACT5F31.jpg,1,1,0.6554391384124756
322,19,5,46,D:\Skripsi\Experiment\data\raw\RGB1\S19\AC5\RGB1_SUB19ACT5F46.jpg,1,1,0.6674250364303589
323,19,5,61,D:\Skripsi\Experiment\data\raw\RGB1\S19\AC5\RGB1_SUB19ACT5F61.jpg,1,1,0.6381821036338806
324,19,5,76,D:\Skripsi\Experiment\data\raw\RGB1\S19\AC5\RGB1_SUB19ACT5F76.jpg,1,1,0.6905764937400818
325,19,5,91,D:\Skripsi\Experiment\data\raw\RGB1\S19\AC5\RGB1_SUB19ACT5F91.jpg,1,1,0.6317811608314514
326,19,6,1,D:\Skripsi\Experiment\data\raw\RGB1\S19\AC6\RGB1_SUB19ACT6F1.jpg,1,1,0.5629932880401611
327,19,6,106,D:\Skripsi\Experiment\data\raw\RGB1\S19\AC6\RGB1_SUB19ACT6F106.jpg,1,1,0.6445440649986267
328,19,6,121,D:\Skripsi\Experiment\data\raw\RGB1\S19\AC6\RGB1_SUB19ACT6F121.jpg,1,1,0.6178095936775208
329,19,6,16,D:\Skripsi\Experiment\data\raw\RGB1\S19\AC6\RGB1_SUB19ACT6F16.jpg,1,1,0.5772435069084167
330,19,6,31,D:\Skripsi\Experiment\data\raw\RGB1\S19\AC6\RGB1_SUB19ACT6F31.jpg,1,1,0.6541681289672852
331,19,6,46,D:\Skripsi\Experiment\data\raw\RGB1\S19\AC6\RGB1_SUB19ACT6F46.jpg,1,1,0.5779833793640137
332,19,6,61,D:\Skripsi\Experiment\data\raw\RGB1\S19\AC6\RGB1_SUB19ACT6F61.jpg,1,1,0.6811986565589905
333,19,6,76,D:\Skripsi\Experiment\data\raw\RGB1\S19\AC6\RGB1_SUB19ACT6F76.jpg,1,1,0.6128331422805786
334,19,6,91,D:\Skripsi\Experiment\data\raw\RGB1\S19\AC6\RGB1_SUB19ACT6F91.jpg,1,1,0.5525009632110596
335,19,7,1,D:\Skripsi\Experiment\data\raw\RGB1\S19\AC7\RGB1_SUB19ACT7F1.jpg,1,1,0.616980791091919
336,19,7,106,D:\Skripsi\Experiment\data\raw\RGB1\S19\AC7\RGB1_SUB19ACT7F106.jpg,1,1,0.528743326663971
337,19,7,121,D:\Skripsi\Experiment\data\raw\RGB1\S19\AC7\RGB1_SUB19ACT7F121.jpg,1,1,0.5792443752288818
338,19,7,136,D:\Skripsi\Experiment\data\raw\RGB1\S19\AC7\RGB1_SUB19ACT7F136.jpg,1,1,0.5731369853019714
339,19,7,16,D:\Skripsi\Experiment\data\raw\RGB1\S19\AC7\RGB1_SUB19ACT7F16.jpg,1,1,0.6454533934593201
340,19,7,31,D:\Skripsi\Experiment\data\raw\RGB1\S19\AC7\RGB1_SUB19ACT7F31.jpg,1,1,0.6417481303215027
341,19,7,46,D:\Skripsi\Experiment\data\raw\RGB1\S19\AC7\RGB1_SUB19ACT7F46.jpg,1,1,0.5511141419410706
342,19,7,61,D:\Skripsi\Experiment\data\raw\RGB1\S19\AC7\RGB1_SUB19ACT7F61.jpg,1,1,0.6132686138153076
343,19,7,76,D:\Skripsi\Experiment\data\raw\RGB1\S19\AC7\RGB1_SUB19ACT7F76.jpg,1,1,0.5441981554031372
344,19,7,91,D:\Skripsi\Experiment\data\raw\RGB1\S19\AC7\RGB1_SUB19ACT7F91.jpg,1,1,0.6479331851005554
345,19,8,1,D:\Skripsi\Experiment\data\raw\RGB1\S19\AC8\RGB1_SUB19ACT8F1.jpg,1,1,0.5304535627365112
346,19,8,106,D:\Skripsi\Experiment\data\raw\RGB1\S19\AC8\RGB1_SUB19ACT8F106.jpg,1,1,0.62401282787323
347,19,8,121,D:\Skripsi\Experiment\data\raw\RGB1\S19\AC8\RGB1_SUB19ACT8F121.jpg,1,1,0.5970152020454407
348,19,8,136,D:\Skripsi\Experiment\data\raw\RGB1\S19\AC8\RGB1_SUB19ACT8F136.jpg,1,1,0.5318170785903931
349,19,8,151,D:\Skripsi\Experiment\data\raw\RGB1\S19\AC8\RGB1_SUB19ACT8F151.jpg,1,1,0.5398635864257812
350,19,8,16,D:\Skripsi\Experiment\data\raw\RGB1\S19\AC8\RGB1_SUB19ACT8F16.jpg,1,1,0.6414928436279297
351,19,8,31,D:\Skripsi\Experiment\data\raw\RGB1\S19\AC8\RGB1_SUB19ACT8F31.jpg,1,1,0.5882391333580017
352,19,8,46,D:\Skripsi\Experiment\data\raw\RGB1\S19\AC8\RGB1_SUB19ACT8F46.jpg,1,1,0.5810972452163696
353,19,8,61,D:\Skripsi\Experiment\data\raw\RGB1\S19\AC8\RGB1_SUB19ACT8F61.jpg,1,1,0.5728480219841003
354,19,8,76,D:\Skripsi\Experiment\data\raw\RGB1\S19\AC8\RGB1_SUB19ACT8F76.jpg,1,1,0.5887619256973267
355,19,8,91,D:\Skripsi\Experiment\data\raw\RGB1\S19\AC8\RGB1_SUB19ACT8F91.jpg,1,1,0.6492282152175903
356,19,9,1,D:\Skripsi\Experiment\data\raw\RGB1\S19\AC9\RGB1_SUB19ACT9F1.jpg,1,1,0.5835790634155273
357,19,9,16,D:\Skripsi\Experiment\data\raw\RGB1\S19\AC9\RGB1_SUB19ACT9F16.jpg,1,0,0.4661465883255005
358,19,9,31,D:\Skripsi\Experiment\data\raw\RGB1\S19\AC9\RGB1_SUB19ACT9F31.jpg,1,1,0.6036357879638672
359,19,9,46,D:\Skripsi\Experiment\data\raw\RGB1\S19\AC9\RGB1_SUB19ACT9F46.jpg,1,1,0.5882666110992432
360,19,9,61,D:\Skripsi\Experiment\data\raw\RGB1\S19\AC9\RGB1_SUB19ACT9F61.jpg,1,1,0.5831828117370605
361,19,9,76,D:\Skripsi\Experiment\data\raw\RGB1\S19\AC9\RGB1_SUB19ACT9F76.jpg,1,1,0.609281599521637
362,19,9,91,D:\Skripsi\Experiment\data\raw\RGB1\S19\AC9\RGB1_SUB19ACT9F91.jpg,1,1,0.6538969278335571
363,23,1,1,D:\Skripsi\Experiment\data\raw\RGB1\S23\AC1\RGB1_SUB23ACT1F1.jpg,0,0,0.3014402389526367
364,23,1,106,D:\Skripsi\Experiment\data\raw\RGB1\S23\AC1\RGB1_SUB23ACT1F106.jpg,0,0,0.39058685302734375
365,23,1,121,D:\Skripsi\Experiment\data\raw\RGB1\S23\AC1\RGB1_SUB23ACT1F121.jpg,0,0,0.37815332412719727
366,23,1,136,D:\Skripsi\Experiment\data\raw\RGB1\S23\AC1\RGB1_SUB23ACT1F136.jpg,0,0,0.4661283493041992
367,23,1,16,D:\Skripsi\Experiment\data\raw\RGB1\S23\AC1\RGB1_SUB23ACT1F16.jpg,0,0,0.3384268283843994
368,23,1,31,D:\Skripsi\Experiment\data\raw\RGB1\S23\AC1\RGB1_SUB23ACT1F31.jpg,0,0,0.3919064700603485
369,23,1,46,D:\Skripsi\Experiment\data\raw\RGB1\S23\AC1\RGB1_SUB23ACT1F46.jpg,0,0,0.3787693977355957
370,23,1,61,D:\Skripsi\Experiment\data\raw\RGB1\S23\AC1\RGB1_SUB23ACT1F61.jpg,0,0,0.3503393232822418
371,23,1,76,D:\Skripsi\Experiment\data\raw\RGB1\S23\AC1\RGB1_SUB23ACT1F76.jpg,0,0,0.4131714105606079
372,23,1,91,D:\Skripsi\Experiment\data\raw\RGB1\S23\AC1\RGB1_SUB23ACT1F91.jpg,0,0,0.3117273449897766
373,23,5,1,D:\Skripsi\Experiment\data\raw\RGB1\S23\AC5\RGB1_SUB23ACT5F1.jpg,1,1,0.6206668615341187
374,23,5,106,D:\Skripsi\Experiment\data\raw\RGB1\S23\AC5\RGB1_SUB23ACT5F106.jpg,1,1,0.6426958441734314
375,23,5,121,D:\Skripsi\Experiment\data\raw\RGB1\S23\AC5\RGB1_SUB23ACT5F121.jpg,1,1,0.5755559206008911
376,23,5,136,D:\Skripsi\Experiment\data\raw\RGB1\S23\AC5\RGB1_SUB23ACT5F136.jpg,1,1,0.5441873669624329
377,23,5,16,D:\Skripsi\Experiment\data\raw\RGB1\S23\AC5\RGB1_SUB23ACT5F16.jpg,1,1,0.7557638883590698
378,23,5,31,D:\Skripsi\Experiment\data\raw\RGB1\S23\AC5\RGB1_SUB23ACT5F31.jpg,1,1,0.7200244665145874
379,23,5,46,D:\Skripsi\Experiment\data\raw\RGB1\S23\AC5\RGB1_SUB23ACT5F46.jpg,1,1,0.6875289082527161
380,23,5,61,D:\Skripsi\Experiment\data\raw\RGB1\S23\AC5\RGB1_SUB23ACT5F61.jpg,1,1,0.7155119776725769
381,23,5,76,D:\Skripsi\Experiment\data\raw\RGB1\S23\AC5\RGB1_SUB23ACT5F76.jpg,1,1,0.6298251152038574
382,23,5,91,D:\Skripsi\Experiment\data\raw\RGB1\S23\AC5\RGB1_SUB23ACT5F91.jpg,1,1,0.5378648638725281
383,23,6,1,D:\Skripsi\Experiment\data\raw\RGB1\S23\AC6\RGB1_SUB23ACT6F1.jpg,1,1,0.5032422542572021
384,23,6,106,D:\Skripsi\Experiment\data\raw\RGB1\S23\AC6\RGB1_SUB23ACT6F106.jpg,1,1,0.5964564681053162
385,23,6,121,D:\Skripsi\Experiment\data\raw\RGB1\S23\AC6\RGB1_SUB23ACT6F121.jpg,1,1,0.510944664478302
386,23,6,16,D:\Skripsi\Experiment\data\raw\RGB1\S23\AC6\RGB1_SUB23ACT6F16.jpg,1,1,0.5272708535194397
387,23,6,31,D:\Skripsi\Experiment\data\raw\RGB1\S23\AC6\RGB1_SUB23ACT6F31.jpg,1,0,0.37891483306884766
388,23,6,46,D:\Skripsi\Experiment\data\raw\RGB1\S23\AC6\RGB1_SUB23ACT6F46.jpg,1,0,0.46557655930519104
389,23,6,61,D:\Skripsi\Experiment\data\raw\RGB1\S23\AC6\RGB1_SUB23ACT6F61.jpg,1,1,0.5227423906326294
390,23,6,76,D:\Skripsi\Experiment\data\raw\RGB1\S23\AC6\RGB1_SUB23ACT6F76.jpg,1,1,0.5318231582641602
391,23,6,91,D:\Skripsi\Experiment\data\raw\RGB1\S23\AC6\RGB1_SUB23ACT6F91.jpg,1,1,0.5643545389175415
392,23,7,1,D:\Skripsi\Experiment\data\raw\RGB1\S23\AC7\RGB1_SUB23ACT7F1.jpg,1,1,0.6095613241195679
393,23,7,106,D:\Skripsi\Experiment\data\raw\RGB1\S23\AC7\RGB1_SUB23ACT7F106.jpg,1,0,0.4614397883415222
394,23,7,121,D:\Skripsi\Experiment\data\raw\RGB1\S23\AC7\RGB1_SUB23ACT7F121.jpg,1,1,0.650809645652771
395,23,7,136,D:\Skripsi\Experiment\data\raw\RGB1\S23\AC7\RGB1_SUB23ACT7F136.jpg,1,1,0.5761388540267944
396,23,7,16,D:\Skripsi\Experiment\data\raw\RGB1\S23\AC7\RGB1_SUB23ACT7F16.jpg,1,1,0.666882336139679
397,23,7,31,D:\Skripsi\Experiment\data\raw\RGB1\S23\AC7\RGB1_SUB23ACT7F31.jpg,1,1,0.6160162687301636
398,23,7,46,D:\Skripsi\Experiment\data\raw\RGB1\S23\AC7\RGB1_SUB23ACT7F46.jpg,1,1,0.5710294246673584
399,23,7,61,D:\Skripsi\Experiment\data\raw\RGB1\S23\AC7\RGB1_SUB23ACT7F61.jpg,1,1,0.539682924747467
400,23,7,76,D:\Skripsi\Experiment\data\raw\RGB1\S23\AC7\RGB1_SUB23ACT7F76.jpg,1,1,0.6234838366508484
401,23,7,91,D:\Skripsi\Experiment\data\raw\RGB1\S23\AC7\RGB1_SUB23ACT7F91.jpg,1,1,0.5683447122573853
402,23,8,1,D:\Skripsi\Experiment\data\raw\RGB1\S23\AC8\RGB1_SUB23ACT8F1.jpg,1,1,0.5605223178863525
403,23,8,106,D:\Skripsi\Experiment\data\raw\RGB1\S23\AC8\RGB1_SUB23ACT8F106.jpg,1,0,0.4720902144908905
404,23,8,121,D:\Skripsi\Experiment\data\raw\RGB1\S23\AC8\RGB1_SUB23ACT8F121.jpg,1,0,0.44621312618255615
405,23,8,136,D:\Skripsi\Experiment\data\raw\RGB1\S23\AC8\RGB1_SUB23ACT8F136.jpg,1,0,0.4736807644367218
406,23,8,16,D:\Skripsi\Experiment\data\raw\RGB1\S23\AC8\RGB1_SUB23ACT8F16.jpg,1,1,0.5652743577957153
407,23,8,31,D:\Skripsi\Experiment\data\raw\RGB1\S23\AC8\RGB1_SUB23ACT8F31.jpg,1,0,0.4890248477458954
408,23,8,46,D:\Skripsi\Experiment\data\raw\RGB1\S23\AC8\RGB1_SUB23ACT8F46.jpg,1,1,0.5600665211677551
409,23,8,61,D:\Skripsi\Experiment\data\raw\RGB1\S23\AC8\RGB1_SUB23ACT8F61.jpg,1,0,0.40781843662261963
410,23,8,76,D:\Skripsi\Experiment\data\raw\RGB1\S23\AC8\RGB1_SUB23ACT8F76.jpg,1,1,0.588424563407898
411,23,8,91,D:\Skripsi\Experiment\data\raw\RGB1\S23\AC8\RGB1_SUB23ACT8F91.jpg,1,1,0.6249100565910339
412,23,9,1,D:\Skripsi\Experiment\data\raw\RGB1\S23\AC9\RGB1_SUB23ACT9F1.jpg,1,1,0.5009298324584961
413,23,9,106,D:\Skripsi\Experiment\data\raw\RGB1\S23\AC9\RGB1_SUB23ACT9F106.jpg,1,0,0.4934884309768677
414,23,9,121,D:\Skripsi\Experiment\data\raw\RGB1\S23\AC9\RGB1_SUB23ACT9F121.jpg,1,1,0.5423726439476013
415,23,9,136,D:\Skripsi\Experiment\data\raw\RGB1\S23\AC9\RGB1_SUB23ACT9F136.jpg,1,0,0.4768490493297577
416,23,9,16,D:\Skripsi\Experiment\data\raw\RGB1\S23\AC9\RGB1_SUB23ACT9F16.jpg,1,1,0.530535876750946
417,23,9,31,D:\Skripsi\Experiment\data\raw\RGB1\S23\AC9\RGB1_SUB23ACT9F31.jpg,1,0,0.44067907333374023
418,23,9,46,D:\Skripsi\Experiment\data\raw\RGB1\S23\AC9\RGB1_SUB23ACT9F46.jpg,1,1,0.5163121819496155
419,23,9,61,D:\Skripsi\Experiment\data\raw\RGB1\S23\AC9\RGB1_SUB23ACT9F61.jpg,1,1,0.5384861826896667
420,23,9,76,D:\Skripsi\Experiment\data\raw\RGB1\S23\AC9\RGB1_SUB23ACT9F76.jpg,1,0,0.46997231245040894
421,23,9,91,D:\Skripsi\Experiment\data\raw\RGB1\S23\AC9\RGB1_SUB23ACT9F91.jpg,1,0,0.47077661752700806
422,24,1,1,D:\Skripsi\Experiment\data\raw\RGB1\S24\AC1\RGB1_SUB24ACT1F1.jpg,0,0,0.47607243061065674
423,24,1,106,D:\Skripsi\Experiment\data\raw\RGB1\S24\AC1\RGB1_SUB24ACT1F106.jpg,0,0,0.30265510082244873
424,24,1,16,D:\Skripsi\Experiment\data\raw\RGB1\S24\AC1\RGB1_SUB24ACT1F16.jpg,0,0,0.35668647289276123
425,24,1,31,D:\Skripsi\Experiment\data\raw\RGB1\S24\AC1\RGB1_SUB24ACT1F31.jpg,0,0,0.44686391949653625
426,24,1,46,D:\Skripsi\Experiment\data\raw\RGB1\S24\AC1\RGB1_SUB24ACT1F46.jpg,0,1,0.505208432674408
427,24,1,61,D:\Skripsi\Experiment\data\raw\RGB1\S24\AC1\RGB1_SUB24ACT1F61.jpg,0,1,0.5382498502731323
428,24,1,76,D:\Skripsi\Experiment\data\raw\RGB1\S24\AC1\RGB1_SUB24ACT1F76.jpg,0,0,0.4841856062412262
429,24,1,91,D:\Skripsi\Experiment\data\raw\RGB1\S24\AC1\RGB1_SUB24ACT1F91.jpg,0,0,0.37745821475982666
430,24,5,1,D:\Skripsi\Experiment\data\raw\RGB1\S24\AC5\RGB1_SUB24ACT5F1.jpg,1,0,0.44818583130836487
431,24,5,106,D:\Skripsi\Experiment\data\raw\RGB1\S24\AC5\RGB1_SUB24ACT5F106.jpg,1,1,0.6484896540641785
432,24,5,16,D:\Skripsi\Experiment\data\raw\RGB1\S24\AC5\RGB1_SUB24ACT5F16.jpg,1,0,0.3991527557373047
433,24,5,31,D:\Skripsi\Experiment\data\raw\RGB1\S24\AC5\RGB1_SUB24ACT5F31.jpg,1,0,0.47654446959495544
434,24,5,46,D:\Skripsi\Experiment\data\raw\RGB1\S24\AC5\RGB1_SUB24ACT5F46.jpg,1,0,0.36707746982574463
435,24,5,61,D:\Skripsi\Experiment\data\raw\RGB1\S24\AC5\RGB1_SUB24ACT5F61.jpg,1,0,0.41490137577056885
436,24,5,76,D:\Skripsi\Experiment\data\raw\RGB1\S24\AC5\RGB1_SUB24ACT5F76.jpg,1,0,0.3928040564060211
437,24,5,91,D:\Skripsi\Experiment\data\raw\RGB1\S24\AC5\RGB1_SUB24ACT5F91.jpg,1,1,0.5546222925186157
438,24,6,1,D:\Skripsi\Experiment\data\raw\RGB1\S24\AC6\RGB1_SUB24ACT6F1.jpg,1,1,0.577254593372345
439,24,6,16,D:\Skripsi\Experiment\data\raw\RGB1\S24\AC6\RGB1_SUB24ACT6F16.jpg,1,1,0.6525089144706726
440,24,6,31,D:\Skripsi\Experiment\data\raw\RGB1\S24\AC6\RGB1_SUB24ACT6F31.jpg,1,1,0.5702787041664124
441,24,6,46,D:\Skripsi\Experiment\data\raw\RGB1\S24\AC6\RGB1_SUB24ACT6F46.jpg,1,1,0.6479853391647339
442,24,6,61,D:\Skripsi\Experiment\data\raw\RGB1\S24\AC6\RGB1_SUB24ACT6F61.jpg,1,1,0.5724008083343506
443,24,6,76,D:\Skripsi\Experiment\data\raw\RGB1\S24\AC6\RGB1_SUB24ACT6F76.jpg,1,1,0.6000678539276123
444,24,6,91,D:\Skripsi\Experiment\data\raw\RGB1\S24\AC6\RGB1_SUB24ACT6F91.jpg,1,1,0.5979729294776917
445,24,7,1,D:\Skripsi\Experiment\data\raw\RGB1\S24\AC7\RGB1_SUB24ACT7F1.jpg,1,1,0.622546911239624
446,24,7,106,D:\Skripsi\Experiment\data\raw\RGB1\S24\AC7\RGB1_SUB24ACT7F106.jpg,1,1,0.6147069334983826
447,24,7,121,D:\Skripsi\Experiment\data\raw\RGB1\S24\AC7\RGB1_SUB24ACT7F121.jpg,1,1,0.660638689994812
448,24,7,136,D:\Skripsi\Experiment\data\raw\RGB1\S24\AC7\RGB1_SUB24ACT7F136.jpg,1,1,0.573244571685791
449,24,7,151,D:\Skripsi\Experiment\data\raw\RGB1\S24\AC7\RGB1_SUB24ACT7F151.jpg,1,1,0.6969009041786194
450,24,7,16,D:\Skripsi\Experiment\data\raw\RGB1\S24\AC7\RGB1_SUB24ACT7F16.jpg,1,1,0.6022068858146667
451,24,7,31,D:\Skripsi\Experiment\data\raw\RGB1\S24\AC7\RGB1_SUB24ACT7F31.jpg,1,1,0.6458160281181335
452,24,7,46,D:\Skripsi\Experiment\data\raw\RGB1\S24\AC7\RGB1_SUB24ACT7F46.jpg,1,1,0.6025165915489197
453,24,7,61,D:\Skripsi\Experiment\data\raw\RGB1\S24\AC7\RGB1_SUB24ACT7F61.jpg,1,1,0.677672803401947
454,24,7,76,D:\Skripsi\Experiment\data\raw\RGB1\S24\AC7\RGB1_SUB24ACT7F76.jpg,1,1,0.6721322536468506
455,24,7,91,D:\Skripsi\Experiment\data\raw\RGB1\S24\AC7\RGB1_SUB24ACT7F91.jpg,1,1,0.6695652604103088
456,24,8,1,D:\Skripsi\Experiment\data\raw\RGB1\S24\AC8\RGB1_SUB24ACT8F1.jpg,1,0,0.3977369964122772
457,24,8,106,D:\Skripsi\Experiment\data\raw\RGB1\S24\AC8\RGB1_SUB24ACT8F106.jpg,1,0,0.4704349637031555
458,24,8,121,D:\Skripsi\Experiment\data\raw\RGB1\S24\AC8\RGB1_SUB24ACT8F121.jpg,1,0,0.42374834418296814
459,24,8,136,D:\Skripsi\Experiment\data\raw\RGB1\S24\AC8\RGB1_SUB24ACT8F136.jpg,1,1,0.5009360909461975
460,24,8,151,D:\Skripsi\Experiment\data\raw\RGB1\S24\AC8\RGB1_SUB24ACT8F151.jpg,1,1,0.5032375454902649
461,24,8,16,D:\Skripsi\Experiment\data\raw\RGB1\S24\AC8\RGB1_SUB24ACT8F16.jpg,1,0,0.42515671253204346
462,24,8,31,D:\Skripsi\Experiment\data\raw\RGB1\S24\AC8\RGB1_SUB24ACT8F31.jpg,1,0,0.39251500368118286
463,24,8,46,D:\Skripsi\Experiment\data\raw\RGB1\S24\AC8\RGB1_SUB24ACT8F46.jpg,1,0,0.46615031361579895
464,24,8,61,D:\Skripsi\Experiment\data\raw\RGB1\S24\AC8\RGB1_SUB24ACT8F61.jpg,1,1,0.5751017928123474
465,24,8,76,D:\Skripsi\Experiment\data\raw\RGB1\S24\AC8\RGB1_SUB24ACT8F76.jpg,1,0,0.48478856682777405
466,24,8,91,D:\Skripsi\Experiment\data\raw\RGB1\S24\AC8\RGB1_SUB24ACT8F91.jpg,1,0,0.48790010809898376
467,24,9,1,D:\Skripsi\Experiment\data\raw\RGB1\S24\AC9\RGB1_SUB24ACT9F1.jpg,1,1,0.6235736012458801
468,24,9,106,D:\Skripsi\Experiment\data\raw\RGB1\S24\AC9\RGB1_SUB24ACT9F106.jpg,1,1,0.56206214427948
469,24,9,121,D:\Skripsi\Experiment\data\raw\RGB1\S24\AC9\RGB1_SUB24ACT9F121.jpg,1,1,0.5152885913848877
470,24,9,136,D:\Skripsi\Experiment\data\raw\RGB1\S24\AC9\RGB1_SUB24ACT9F136.jpg,1,1,0.5020519495010376
471,24,9,16,D:\Skripsi\Experiment\data\raw\RGB1\S24\AC9\RGB1_SUB24ACT9F16.jpg,1,1,0.5465590953826904
472,24,9,31,D:\Skripsi\Experiment\data\raw\RGB1\S24\AC9\RGB1_SUB24ACT9F31.jpg,1,1,0.5292319059371948
473,24,9,46,D:\Skripsi\Experiment\data\raw\RGB1\S24\AC9\RGB1_SUB24ACT9F46.jpg,1,1,0.6143115758895874
474,24,9,61,D:\Skripsi\Experiment\data\raw\RGB1\S24\AC9\RGB1_SUB24ACT9F61.jpg,1,1,0.6044912934303284
475,24,9,76,D:\Skripsi\Experiment\data\raw\RGB1\S24\AC9\RGB1_SUB24ACT9F76.jpg,1,0,0.49068188667297363
476,24,9,91,D:\Skripsi\Experiment\data\raw\RGB1\S24\AC9\RGB1_SUB24ACT9F91.jpg,1,0,0.46616408228874207
477,25,1,1,D:\Skripsi\Experiment\data\raw\RGB1\S25\AC1\RGB1_SUB25ACT1F1.jpg,0,0,0.40747493505477905
478,25,1,106,D:\Skripsi\Experiment\data\raw\RGB1\S25\AC1\RGB1_SUB25ACT1F106.jpg,0,1,0.5936239957809448
479,25,1,121,D:\Skripsi\Experiment\data\raw\RGB1\S25\AC1\RGB1_SUB25ACT1F121.jpg,0,1,0.5457355976104736
480,25,1,136,D:\Skripsi\Experiment\data\raw\RGB1\S25\AC1\RGB1_SUB25ACT1F136.jpg,0,1,0.579818069934845
481,25,1,16,D:\Skripsi\Experiment\data\raw\RGB1\S25\AC1\RGB1_SUB25ACT1F16.jpg,0,1,0.5866139531135559
482,25,1,31,D:\Skripsi\Experiment\data\raw\RGB1\S25\AC1\RGB1_SUB25ACT1F31.jpg,0,0,0.3568820059299469
483,25,1,46,D:\Skripsi\Experiment\data\raw\RGB1\S25\AC1\RGB1_SUB25ACT1F46.jpg,0,0,0.495808482170105
484,25,1,61,D:\Skripsi\Experiment\data\raw\RGB1\S25\AC1\RGB1_SUB25ACT1F61.jpg,0,1,0.5822338461875916
485,25,1,76,D:\Skripsi\Experiment\data\raw\RGB1\S25\AC1\RGB1_SUB25ACT1F76.jpg,0,1,0.525300145149231
486,25,1,91,D:\Skripsi\Experiment\data\raw\RGB1\S25\AC1\RGB1_SUB25ACT1F91.jpg,0,0,0.4487682282924652
487,25,5,1,D:\Skripsi\Experiment\data\raw\RGB1\S25\AC5\RGB1_SUB25ACT5F1.jpg,1,1,0.6964795589447021
488,25,5,106,D:\Skripsi\Experiment\data\raw\RGB1\S25\AC5\RGB1_SUB25ACT5F106.jpg,1,1,0.6462246179580688
489,25,5,121,D:\Skripsi\Experiment\data\raw\RGB1\S25\AC5\RGB1_SUB25ACT5F121.jpg,1,1,0.6801117062568665
490,25,5,136,D:\Skripsi\Experiment\data\raw\RGB1\S25\AC5\RGB1_SUB25ACT5F136.jpg,1,1,0.5730607509613037
491,25,5,16,D:\Skripsi\Experiment\data\raw\RGB1\S25\AC5\RGB1_SUB25ACT5F16.jpg,1,1,0.700533390045166
492,25,5,31,D:\Skripsi\Experiment\data\raw\RGB1\S25\AC5\RGB1_SUB25ACT5F31.jpg,1,1,0.5238604545593262
493,25,5,46,D:\Skripsi\Experiment\data\raw\RGB1\S25\AC5\RGB1_SUB25ACT5F46.jpg,1,0,0.4546959698200226
494,25,5,61,D:\Skripsi\Experiment\data\raw\RGB1\S25\AC5\RGB1_SUB25ACT5F61.jpg,1,1,0.6466444730758667
495,25,5,76,D:\Skripsi\Experiment\data\raw\RGB1\S25\AC5\RGB1_SUB25ACT5F76.jpg,1,1,0.5080002546310425
496,25,5,91,D:\Skripsi\Experiment\data\raw\RGB1\S25\AC5\RGB1_SUB25ACT5F91.jpg,1,0,0.486053466796875
497,25,6,1,D:\Skripsi\Experiment\data\raw\RGB1\S25\AC6\RGB1_SUB25ACT6F1.jpg,1,1,0.5263952016830444
498,25,6,16,D:\Skripsi\Experiment\data\raw\RGB1\S25\AC6\RGB1_SUB25ACT6F16.jpg,1,1,0.5293053388595581
499,25,6,31,D:\Skripsi\Experiment\data\raw\RGB1\S25\AC6\RGB1_SUB25ACT6F31.jpg,1,0,0.41889017820358276
500,25,6,46,D:\Skripsi\Experiment\data\raw\RGB1\S25\AC6\RGB1_SUB25ACT6F46.jpg,1,0,0.4159429669380188
501,25,6,61,D:\Skripsi\Experiment\data\raw\RGB1\S25\AC6\RGB1_SUB25ACT6F61.jpg,1,1,0.5840076804161072
502,25,6,76,D:\Skripsi\Experiment\data\raw\RGB1\S25\AC6\RGB1_SUB25ACT6F76.jpg,1,1,0.6545423269271851
503,25,6,91,D:\Skripsi\Experiment\data\raw\RGB1\S25\AC6\RGB1_SUB25ACT6F91.jpg,1,1,0.5825697779655457
504,25,7,1,D:\Skripsi\Experiment\data\raw\RGB1\S25\AC7\RGB1_SUB25ACT7F1.jpg,1,1,0.5779895782470703
505,25,7,16,D:\Skripsi\Experiment\data\raw\RGB1\S25\AC7\RGB1_SUB25ACT7F16.jpg,1,1,0.6079453229904175
506,25,7,31,D:\Skripsi\Experiment\data\raw\RGB1\S25\AC7\RGB1_SUB25ACT7F31.jpg,1,1,0.5867468118667603
507,25,7,46,D:\Skripsi\Experiment\data\raw\RGB1\S25\AC7\RGB1_SUB25ACT7F46.jpg,1,1,0.5417877435684204
508,25,7,61,D:\Skripsi\Experiment\data\raw\RGB1\S25\AC7\RGB1_SUB25ACT7F61.jpg,1,1,0.5835533142089844
509,25,7,76,D:\Skripsi\Experiment\data\raw\RGB1\S25\AC7\RGB1_SUB25ACT7F76.jpg,1,1,0.5889859795570374
510,25,8,1,D:\Skripsi\Experiment\data\raw\RGB1\S25\AC8\RGB1_SUB25ACT8F1.jpg,1,1,0.739224374294281
511,25,8,106,D:\Skripsi\Experiment\data\raw\RGB1\S25\AC8\RGB1_SUB25ACT8F106.jpg,1,1,0.6222612261772156
512,25,8,16,D:\Skripsi\Experiment\data\raw\RGB1\S25\AC8\RGB1_SUB25ACT8F16.jpg,1,1,0.5583725571632385
513,25,8,31,D:\Skripsi\Experiment\data\raw\RGB1\S25\AC8\RGB1_SUB25ACT8F31.jpg,1,1,0.7160691022872925
514,25,8,46,D:\Skripsi\Experiment\data\raw\RGB1\S25\AC8\RGB1_SUB25ACT8F46.jpg,1,1,0.7033255696296692
515,25,8,61,D:\Skripsi\Experiment\data\raw\RGB1\S25\AC8\RGB1_SUB25ACT8F61.jpg,1,1,0.6553733348846436
516,25,8,76,D:\Skripsi\Experiment\data\raw\RGB1\S25\AC8\RGB1_SUB25ACT8F76.jpg,1,1,0.6826862096786499
517,25,8,91,D:\Skripsi\Experiment\data\raw\RGB1\S25\AC8\RGB1_SUB25ACT8F91.jpg,1,1,0.6618276834487915
518,25,9,1,D:\Skripsi\Experiment\data\raw\RGB1\S25\AC9\RGB1_SUB25ACT9F1.jpg,1,1,0.6892895102500916
519,25,9,16,D:\Skripsi\Experiment\data\raw\RGB1\S25\AC9\RGB1_SUB25ACT9F16.jpg,1,0,0.4490462839603424
520,25,9,31,D:\Skripsi\Experiment\data\raw\RGB1\S25\AC9\RGB1_SUB25ACT9F31.jpg,1,1,0.5987824201583862
521,25,9,46,D:\Skripsi\Experiment\data\raw\RGB1\S25\AC9\RGB1_SUB25ACT9F46.jpg,1,1,0.5505415797233582
522,25,9,61,D:\Skripsi\Experiment\data\raw\RGB1\S25\AC9\RGB1_SUB25ACT9F61.jpg,1,0,0.4939483106136322
523,25,9,76,D:\Skripsi\Experiment\data\raw\RGB1\S25\AC9\RGB1_SUB25ACT9F76.jpg,1,1,0.5762087106704712
524,26,1,1,D:\Skripsi\Experiment\data\raw\RGB1\S26\AC1\RGB1_SUB26ACT1F1.jpg,0,1,0.5455573201179504
525,26,1,106,D:\Skripsi\Experiment\data\raw\RGB1\S26\AC1\RGB1_SUB26ACT1F106.jpg,0,1,0.5920363664627075
526,26,1,16,D:\Skripsi\Experiment\data\raw\RGB1\S26\AC1\RGB1_SUB26ACT1F16.jpg,0,1,0.5495778322219849
527,26,1,31,D:\Skripsi\Experiment\data\raw\RGB1\S26\AC1\RGB1_SUB26ACT1F31.jpg,0,1,0.6092112064361572
528,26,1,46,D:\Skripsi\Experiment\data\raw\RGB1\S26\AC1\RGB1_SUB26ACT1F46.jpg,0,1,0.5419085621833801
529,26,1,61,D:\Skripsi\Experiment\data\raw\RGB1\S26\AC1\RGB1_SUB26ACT1F61.jpg,0,1,0.5422680974006653
530,26,1,76,D:\Skripsi\Experiment\data\raw\RGB1\S26\AC1\RGB1_SUB26ACT1F76.jpg,0,1,0.6177277565002441
531,26,1,91,D:\Skripsi\Experiment\data\raw\RGB1\S26\AC1\RGB1_SUB26ACT1F91.jpg,0,1,0.669155478477478
532,26,5,1,D:\Skripsi\Experiment\data\raw\RGB1\S26\AC5\RGB1_SUB26ACT5F1.jpg,1,1,0.5773522257804871
533,26,5,16,D:\Skripsi\Experiment\data\raw\RGB1\S26\AC5\RGB1_SUB26ACT5F16.jpg,1,1,0.6484708786010742
534,26,5,31,D:\Skripsi\Experiment\data\raw\RGB1\S26\AC5\RGB1_SUB26ACT5F31.jpg,1,1,0.6751647591590881
535,26,5,46,D:\Skripsi\Experiment\data\raw\RGB1\S26\AC5\RGB1_SUB26ACT5F46.jpg,1,1,0.5394805669784546
536,26,5,61,D:\Skripsi\Experiment\data\raw\RGB1\S26\AC5\RGB1_SUB26ACT5F61.jpg,1,1,0.5702114701271057
537,26,5,76,D:\Skripsi\Experiment\data\raw\RGB1\S26\AC5\RGB1_SUB26ACT5F76.jpg,1,0,0.48414862155914307
538,26,6,1,D:\Skripsi\Experiment\data\raw\RGB1\S26\AC6\RGB1_SUB26ACT6F1.jpg,1,1,0.7092460989952087
539,26,6,16,D:\Skripsi\Experiment\data\raw\RGB1\S26\AC6\RGB1_SUB26ACT6F16.jpg,1,1,0.7416059970855713
540,26,6,31,D:\Skripsi\Experiment\data\raw\RGB1\S26\AC6\RGB1_SUB26ACT6F31.jpg,1,1,0.6456008553504944
541,26,6,46,D:\Skripsi\Experiment\data\raw\RGB1\S26\AC6\RGB1_SUB26ACT6F46.jpg,1,1,0.6570701003074646
542,26,6,61,D:\Skripsi\Experiment\data\raw\RGB1\S26\AC6\RGB1_SUB26ACT6F61.jpg,1,1,0.7294752597808838
543,26,6,76,D:\Skripsi\Experiment\data\raw\RGB1\S26\AC6\RGB1_SUB26ACT6F76.jpg,1,1,0.7592065334320068
544,26,6,91,D:\Skripsi\Experiment\data\raw\RGB1\S26\AC6\RGB1_SUB26ACT6F91.jpg,1,1,0.6120447516441345
545,26,7,1,D:\Skripsi\Experiment\data\raw\RGB1\S26\AC7\RGB1_SUB26ACT7F1.jpg,1,1,0.7092499136924744
546,26,7,106,D:\Skripsi\Experiment\data\raw\RGB1\S26\AC7\RGB1_SUB26ACT7F106.jpg,1,1,0.7694661617279053
547,26,7,121,D:\Skripsi\Experiment\data\raw\RGB1\S26\AC7\RGB1_SUB26ACT7F121.jpg,1,1,0.6533483862876892
548,26,7,136,D:\Skripsi\Experiment\data\raw\RGB1\S26\AC7\RGB1_SUB26ACT7F136.jpg,1,1,0.8041486144065857
549,26,7,151,D:\Skripsi\Experiment\data\raw\RGB1\S26\AC7\RGB1_SUB26ACT7F151.jpg,1,1,0.8032439351081848
550,26,7,16,D:\Skripsi\Experiment\data\raw\RGB1\S26\AC7\RGB1_SUB26ACT7F16.jpg,1,1,0.5900649428367615
551,26,7,166,D:\Skripsi\Experiment\data\raw\RGB1\S26\AC7\RGB1_SUB26ACT7F166.jpg,1,1,0.6641116142272949
552,26,7,31,D:\Skripsi\Experiment\data\raw\RGB1\S26\AC7\RGB1_SUB26ACT7F31.jpg,1,1,0.655367910861969
553,26,7,46,D:\Skripsi\Experiment\data\raw\RGB1\S26\AC7\RGB1_SUB26ACT7F46.jpg,1,1,0.643693745136261
554,26,7,61,D:\Skripsi\Experiment\data\raw\RGB1\S26\AC7\RGB1_SUB26ACT7F61.jpg,1,1,0.6269997358322144
555,26,7,76,D:\Skripsi\Experiment\data\raw\RGB1\S26\AC7\RGB1_SUB26ACT7F76.jpg,1,1,0.6798360347747803
556,26,7,91,D:\Skripsi\Experiment\data\raw\RGB1\S26\AC7\RGB1_SUB26ACT7F91.jpg,1,1,0.7254425883293152
557,26,8,1,D:\Skripsi\Experiment\data\raw\RGB1\S26\AC8\RGB1_SUB26ACT8F1.jpg,1,1,0.5344457626342773
558,26,8,106,D:\Skripsi\Experiment\data\raw\RGB1\S26\AC8\RGB1_SUB26ACT8F106.jpg,1,1,0.7133460640907288
559,26,8,16,D:\Skripsi\Experiment\data\raw\RGB1\S26\AC8\RGB1_SUB26ACT8F16.jpg,1,1,0.7268568277359009
560,26,8,31,D:\Skripsi\Experiment\data\raw\RGB1\S26\AC8\RGB1_SUB26ACT8F31.jpg,1,1,0.7455922961235046
561,26,8,46,D:\Skripsi\Experiment\data\raw\RGB1\S26\AC8\RGB1_SUB26ACT8F46.jpg,1,1,0.7462598085403442
562,26,8,61,D:\Skripsi\Experiment\data\raw\RGB1\S26\AC8\RGB1_SUB26ACT8F61.jpg,1,1,0.6918141841888428
563,26,8,76,D:\Skripsi\Experiment\data\raw\RGB1\S26\AC8\RGB1_SUB26ACT8F76.jpg,1,1,0.6868840456008911
564,26,8,91,D:\Skripsi\Experiment\data\raw\RGB1\S26\AC8\RGB1_SUB26ACT8F91.jpg,1,1,0.7131294012069702
565,26,9,1,D:\Skripsi\Experiment\data\raw\RGB1\S26\AC9\RGB1_SUB26ACT9F1.jpg,1,1,0.6149454712867737
566,26,9,106,D:\Skripsi\Experiment\data\raw\RGB1\S26\AC9\RGB1_SUB26ACT9F106.jpg,1,1,0.6217856407165527
567,26,9,121,D:\Skripsi\Experiment\data\raw\RGB1\S26\AC9\RGB1_SUB26ACT9F121.jpg,1,1,0.5462248921394348
568,26,9,16,D:\Skripsi\Experiment\data\raw\RGB1\S26\AC9\RGB1_SUB26ACT9F16.jpg,1,1,0.6685476303100586
569,26,9,31,D:\Skripsi\Experiment\data\raw\RGB1\S26\AC9\RGB1_SUB26ACT9F31.jpg,1,1,0.6640762090682983
570,26,9,46,D:\Skripsi\Experiment\data\raw\RGB1\S26\AC9\RGB1_SUB26ACT9F46.jpg,1,1,0.5651597380638123
571,26,9,61,D:\Skripsi\Experiment\data\raw\RGB1\S26\AC9\RGB1_SUB26ACT9F61.jpg,1,1,0.5522828698158264
572,26,9,76,D:\Skripsi\Experiment\data\raw\RGB1\S26\AC9\RGB1_SUB26ACT9F76.jpg,1,1,0.6458078026771545
573,26,9,91,D:\Skripsi\Experiment\data\raw\RGB1\S26\AC9\RGB1_SUB26ACT9F91.jpg,1,1,0.6906118392944336
574,28,1,1,D:\Skripsi\Experiment\data\raw\RGB1\S28\AC1\RGB1_SUB28ACT1F1.jpg,0,1,0.5080186724662781
575,28,1,106,D:\Skripsi\Experiment\data\raw\RGB1\S28\AC1\RGB1_SUB28ACT1F106.jpg,0,0,0.44931864738464355
576,28,1,121,D:\Skripsi\Experiment\data\raw\RGB1\S28\AC1\RGB1_SUB28ACT1F121.jpg,0,0,0.4775952398777008
577,28,1,16,D:\Skripsi\Experiment\data\raw\RGB1\S28\AC1\RGB1_SUB28ACT1F16.jpg,0,1,0.5020221471786499
578,28,1,31,D:\Skripsi\Experiment\data\raw\RGB1\S28\AC1\RGB1_SUB28ACT1F31.jpg,0,1,0.5504340529441833
579,28,1,46,D:\Skripsi\Experiment\data\raw\RGB1\S28\AC1\RGB1_SUB28ACT1F46.jpg,0,1,0.505535900592804
580,28,1,61,D:\Skripsi\Experiment\data\raw\RGB1\S28\AC1\RGB1_SUB28ACT1F61.jpg,0,0,0.3930729329586029
581,28,1,76,D:\Skripsi\Experiment\data\raw\RGB1\S28\AC1\RGB1_SUB28ACT1F76.jpg,0,0,0.49820175766944885
582,28,1,91,D:\Skripsi\Experiment\data\raw\RGB1\S28\AC1\RGB1_SUB28ACT1F91.jpg,0,0,0.490093469619751
583,28,5,1,D:\Skripsi\Experiment\data\raw\RGB1\S28\AC5\RGB1_SUB28ACT5F1.jpg,1,1,0.6004654169082642
584,28,5,106,D:\Skripsi\Experiment\data\raw\RGB1\S28\AC5\RGB1_SUB28ACT5F106.jpg,1,1,0.5335437059402466
585,28,5,121,D:\Skripsi\Experiment\data\raw\RGB1\S28\AC5\RGB1_SUB28ACT5F121.jpg,1,0,0.4375405013561249
586,28,5,136,D:\Skripsi\Experiment\data\raw\RGB1\S28\AC5\RGB1_SUB28ACT5F136.jpg,1,0,0.4426409900188446
587,28,5,151,D:\Skripsi\Experiment\data\raw\RGB1\S28\AC5\RGB1_SUB28ACT5F151.jpg,1,1,0.5228590965270996
588,28,5,16,D:\Skripsi\Experiment\data\raw\RGB1\S28\AC5\RGB1_SUB28ACT5F16.jpg,1,0,0.45108237862586975
589,28,5,31,D:\Skripsi\Experiment\data\raw\RGB1\S28\AC5\RGB1_SUB28ACT5F31.jpg,1,1,0.5304787755012512
590,28,5,46,D:\Skripsi\Experiment\data\raw\RGB1\S28\AC5\RGB1_SUB28ACT5F46.jpg,1,1,0.6153038144111633
591,28,5,61,D:\Skripsi\Experiment\data\raw\RGB1\S28\AC5\RGB1_SUB28ACT5F61.jpg,1,0,0.4687562882900238
592,28,5,76,D:\Skripsi\Experiment\data\raw\RGB1\S28\AC5\RGB1_SUB28ACT5F76.jpg,1,0,0.40846484899520874
593,28,5,91,D:\Skripsi\Experiment\data\raw\RGB1\S28\AC5\RGB1_SUB28ACT5F91.jpg,1,0,0.48048824071884155
594,28,6,1,D:\Skripsi\Experiment\data\raw\RGB1\S28\AC6\RGB1_SUB28ACT6F1.jpg,1,1,0.6666108965873718
595,28,6,106,D:\Skripsi\Experiment\data\raw\RGB1\S28\AC6\RGB1_SUB28ACT6F106.jpg,1,1,0.5263640880584717
596,28,6,16,D:\Skripsi\Experiment\data\raw\RGB1\S28\AC6\RGB1_SUB28ACT6F16.jpg,1,1,0.6178048253059387
597,28,6,31,D:\Skripsi\Experiment\data\raw\RGB1\S28\AC6\RGB1_SUB28ACT6F31.jpg,1,0,0.43883267045021057
598,28,6,46,D:\Skripsi\Experiment\data\raw\RGB1\S28\AC6\RGB1_SUB28ACT6F46.jpg,1,1,0.6187978386878967
599,28,6,61,D:\Skripsi\Experiment\data\raw\RGB1\S28\AC6\RGB1_SUB28ACT6F61.jpg,1,1,0.5218250751495361
600,28,6,76,D:\Skripsi\Experiment\data\raw\RGB1\S28\AC6\RGB1_SUB28ACT6F76.jpg,1,1,0.6762843728065491
601,28,6,91,D:\Skripsi\Experiment\data\raw\RGB1\S28\AC6\RGB1_SUB28ACT6F91.jpg,1,1,0.5139673352241516
602,28,7,1,D:\Skripsi\Experiment\data\raw\RGB1\S28\AC7\RGB1_SUB28ACT7F1.jpg,1,1,0.5665207505226135
603,28,7,106,D:\Skripsi\Experiment\data\raw\RGB1\S28\AC7\RGB1_SUB28ACT7F106.jpg,1,1,0.6204965710639954
604,28,7,121,D:\Skripsi\Experiment\data\raw\RGB1\S28\AC7\RGB1_SUB28ACT7F121.jpg,1,1,0.6616191267967224
605,28,7,136,D:\Skripsi\Experiment\data\raw\RGB1\S28\AC7\RGB1_SUB28ACT7F136.jpg,1,1,0.5192328691482544
606,28,7,151,D:\Skripsi\Experiment\data\raw\RGB1\S28\AC7\RGB1_SUB28ACT7F151.jpg,1,1,0.5599479079246521
607,28,7,16,D:\Skripsi\Experiment\data\raw\RGB1\S28\AC7\RGB1_SUB28ACT7F16.jpg,1,1,0.5101705193519592
608,28,7,31,D:\Skripsi\Experiment\data\raw\RGB1\S28\AC7\RGB1_SUB28ACT7F31.jpg,1,1,0.6183088421821594
609,28,7,46,D:\Skripsi\Experiment\data\raw\RGB1\S28\AC7\RGB1_SUB28ACT7F46.jpg,1,1,0.5975263714790344
610,28,7,61,D:\Skripsi\Experiment\data\raw\RGB1\S28\AC7\RGB1_SUB28ACT7F61.jpg,1,1,0.5790059566497803
611,28,7,76,D:\Skripsi\Experiment\data\raw\RGB1\S28\AC7\RGB1_SUB28ACT7F76.jpg,1,1,0.6187330484390259
612,28,7,91,D:\Skripsi\Experiment\data\raw\RGB1\S28\AC7\RGB1_SUB28ACT7F91.jpg,1,1,0.5498745441436768
613,28,8,1,D:\Skripsi\Experiment\data\raw\RGB1\S28\AC8\RGB1_SUB28ACT8F1.jpg,1,1,0.5073326826095581
614,28,8,106,D:\Skripsi\Experiment\data\raw\RGB1\S28\AC8\RGB1_SUB28ACT8F106.jpg,1,1,0.5753381848335266
615,28,8,16,D:\Skripsi\Experiment\data\raw\RGB1\S28\AC8\RGB1_SUB28ACT8F16.jpg,1,1,0.5107408165931702
616,28,8,31,D:\Skripsi\Experiment\data\raw\RGB1\S28\AC8\RGB1_SUB28ACT8F31.jpg,1,0,0.40854135155677795
617,28,8,46,D:\Skripsi\Experiment\data\raw\RGB1\S28\AC8\RGB1_SUB28ACT8F46.jpg,1,0,0.4784834086894989
618,28,8,61,D:\Skripsi\Experiment\data\raw\RGB1\S28\AC8\RGB1_SUB28ACT8F61.jpg,1,1,0.5351804494857788
619,28,8,76,D:\Skripsi\Experiment\data\raw\RGB1\S28\AC8\RGB1_SUB28ACT8F76.jpg,1,1,0.5098317861557007
620,28,8,91,D:\Skripsi\Experiment\data\raw\RGB1\S28\AC8\RGB1_SUB28ACT8F91.jpg,1,1,0.6106712818145752
621,28,9,1,D:\Skripsi\Experiment\data\raw\RGB1\S28\AC9\RGB1_SUB28ACT9F1.jpg,1,1,0.5413545370101929
622,28,9,106,D:\Skripsi\Experiment\data\raw\RGB1\S28\AC9\RGB1_SUB28ACT9F106.jpg,1,0,0.4439099431037903
623,28,9,121,D:\Skripsi\Experiment\data\raw\RGB1\S28\AC9\RGB1_SUB28ACT9F121.jpg,1,1,0.525949239730835
624,28,9,136,D:\Skripsi\Experiment\data\raw\RGB1\S28\AC9\RGB1_SUB28ACT9F136.jpg,1,1,0.5521658062934875
625,28,9,151,D:\Skripsi\Experiment\data\raw\RGB1\S28\AC9\RGB1_SUB28ACT9F151.jpg,1,1,0.5566087365150452
626,28,9,16,D:\Skripsi\Experiment\data\raw\RGB1\S28\AC9\RGB1_SUB28ACT9F16.jpg,1,1,0.5826180577278137
627,28,9,31,D:\Skripsi\Experiment\data\raw\RGB1\S28\AC9\RGB1_SUB28ACT9F31.jpg,1,1,0.5162070989608765
628,28,9,46,D:\Skripsi\Experiment\data\raw\RGB1\S28\AC9\RGB1_SUB28ACT9F46.jpg,1,1,0.6069346070289612
629,28,9,61,D:\Skripsi\Experiment\data\raw\RGB1\S28\AC9\RGB1_SUB28ACT9F61.jpg,1,1,0.5947479605674744
630,28,9,76,D:\Skripsi\Experiment\data\raw\RGB1\S28\AC9\RGB1_SUB28ACT9F76.jpg,1,1,0.5585007071495056
631,28,9,91,D:\Skripsi\Experiment\data\raw\RGB1\S28\AC9\RGB1_SUB28ACT9F91.jpg,1,1,0.6193807721138
632,29,1,1,D:\Skripsi\Experiment\data\raw\RGB1\S29\AC1\RGB1_SUB29ACT1F1.jpg,0,1,0.6413866877555847
633,29,1,106,D:\Skripsi\Experiment\data\raw\RGB1\S29\AC1\RGB1_SUB29ACT1F106.jpg,0,0,0.39135265350341797
634,29,1,121,D:\Skripsi\Experiment\data\raw\RGB1\S29\AC1\RGB1_SUB29ACT1F121.jpg,0,0,0.44742804765701294
635,29,1,16,D:\Skripsi\Experiment\data\raw\RGB1\S29\AC1\RGB1_SUB29ACT1F16.jpg,0,0,0.4135357439517975
636,29,1,31,D:\Skripsi\Experiment\data\raw\RGB1\S29\AC1\RGB1_SUB29ACT1F31.jpg,0,0,0.4058167338371277
637,29,1,46,D:\Skripsi\Experiment\data\raw\RGB1\S29\AC1\RGB1_SUB29ACT1F46.jpg,0,1,0.6879701018333435
638,29,1,61,D:\Skripsi\Experiment\data\raw\RGB1\S29\AC1\RGB1_SUB29ACT1F61.jpg,0,0,0.41537684202194214
639,29,1,76,D:\Skripsi\Experiment\data\raw\RGB1\S29\AC1\RGB1_SUB29ACT1F76.jpg,0,1,0.503641664981842
640,29,1,91,D:\Skripsi\Experiment\data\raw\RGB1\S29\AC1\RGB1_SUB29ACT1F91.jpg,0,1,0.5745055079460144
641,29,5,1,D:\Skripsi\Experiment\data\raw\RGB1\S29\AC5\RGB1_SUB29ACT5F1.jpg,1,1,0.5591286420822144
642,29,5,106,D:\Skripsi\Experiment\data\raw\RGB1\S29\AC5\RGB1_SUB29ACT5F106.jpg,1,1,0.5918800830841064
643,29,5,121,D:\Skripsi\Experiment\data\raw\RGB1\S29\AC5\RGB1_SUB29ACT5F121.jpg,1,1,0.5169898867607117
644,29,5,16,D:\Skripsi\Experiment\data\raw\RGB1\S29\AC5\RGB1_SUB29ACT5F16.jpg,1,1,0.6862035989761353
645,29,5,31,D:\Skripsi\Experiment\data\raw\RGB1\S29\AC5\RGB1_SUB29ACT5F31.jpg,1,1,0.5753593444824219
646,29,5,46,D:\Skripsi\Experiment\data\raw\RGB1\S29\AC5\RGB1_SUB29ACT5F46.jpg,1,0,0.4435731768608093
647,29,5,61,D:\Skripsi\Experiment\data\raw\RGB1\S29\AC5\RGB1_SUB29ACT5F61.jpg,1,1,0.7709233164787292
648,29,5,76,D:\Skripsi\Experiment\data\raw\RGB1\S29\AC5\RGB1_SUB29ACT5F76.jpg,1,1,0.6508207321166992
649,29,5,91,D:\Skripsi\Experiment\data\raw\RGB1\S29\AC5\RGB1_SUB29ACT5F91.jpg,1,1,0.6175321340560913
650,29,6,1,D:\Skripsi\Experiment\data\raw\RGB1\S29\AC6\RGB1_SUB29ACT6F1.jpg,1,1,0.8434545993804932
651,29,6,106,D:\Skripsi\Experiment\data\raw\RGB1\S29\AC6\RGB1_SUB29ACT6F106.jpg,1,0,0.47645559906959534
652,29,6,16,D:\Skripsi\Experiment\data\raw\RGB1\S29\AC6\RGB1_SUB29ACT6F16.jpg,1,1,0.8421820402145386
653,29,6,31,D:\Skripsi\Experiment\data\raw\RGB1\S29\AC6\RGB1_SUB29ACT6F31.jpg,1,1,0.7609256505966187
654,29,6,46,D:\Skripsi\Experiment\data\raw\RGB1\S29\AC6\RGB1_SUB29ACT6F46.jpg,1,1,0.7048649787902832
655,29,6,61,D:\Skripsi\Experiment\data\raw\RGB1\S29\AC6\RGB1_SUB29ACT6F61.jpg,1,1,0.7538694739341736
656,29,6,76,D:\Skripsi\Experiment\data\raw\RGB1\S29\AC6\RGB1_SUB29ACT6F76.jpg,1,1,0.6629689335823059
657,29,6,91,D:\Skripsi\Experiment\data\raw\RGB1\S29\AC6\RGB1_SUB29ACT6F91.jpg,1,1,0.536501944065094
658,29,7,1,D:\Skripsi\Experiment\data\raw\RGB1\S29\AC7\RGB1_SUB29ACT7F1.jpg,1,1,0.5106372833251953
659,29,7,106,D:\Skripsi\Experiment\data\raw\RGB1\S29\AC7\RGB1_SUB29ACT7F106.jpg,1,1,0.548022449016571
660,29,7,121,D:\Skripsi\Experiment\data\raw\RGB1\S29\AC7\RGB1_SUB29ACT7F121.jpg,1,1,0.5695950984954834
661,29,7,16,D:\Skripsi\Experiment\data\raw\RGB1\S29\AC7\RGB1_SUB29ACT7F16.jpg,1,1,0.5919570326805115
662,29,7,31,D:\Skripsi\Experiment\data\raw\RGB1\S29\AC7\RGB1_SUB29ACT7F31.jpg,1,1,0.5408177971839905
663,29,7,46,D:\Skripsi\Experiment\data\raw\RGB1\S29\AC7\RGB1_SUB29ACT7F46.jpg,1,1,0.5841740965843201
664,29,7,61,D:\Skripsi\Experiment\data\raw\RGB1\S29\AC7\RGB1_SUB29ACT7F61.jpg,1,1,0.6047064661979675
665,29,7,76,D:\Skripsi\Experiment\data\raw\RGB1\S29\AC7\RGB1_SUB29ACT7F76.jpg,1,1,0.5517688989639282
666,29,7,91,D:\Skripsi\Experiment\data\raw\RGB1\S29\AC7\RGB1_SUB29ACT7F91.jpg,1,1,0.5129649639129639
667,29,8,1,D:\Skripsi\Experiment\data\raw\RGB1\S29\AC8\RGB1_SUB29ACT8F1.jpg,1,1,0.5695818066596985
668,29,8,106,D:\Skripsi\Experiment\data\raw\RGB1\S29\AC8\RGB1_SUB29ACT8F106.jpg,1,1,0.5388105511665344
669,29,8,121,D:\Skripsi\Experiment\data\raw\RGB1\S29\AC8\RGB1_SUB29ACT8F121.jpg,1,0,0.4911743998527527
670,29,8,136,D:\Skripsi\Experiment\data\raw\RGB1\S29\AC8\RGB1_SUB29ACT8F136.jpg,1,1,0.6201856136322021
671,29,8,151,D:\Skripsi\Experiment\data\raw\RGB1\S29\AC8\RGB1_SUB29ACT8F151.jpg,1,1,0.568661093711853
672,29,8,16,D:\Skripsi\Experiment\data\raw\RGB1\S29\AC8\RGB1_SUB29ACT8F16.jpg,1,1,0.537370502948761
673,29,8,31,D:\Skripsi\Experiment\data\raw\RGB1\S29\AC8\RGB1_SUB29ACT8F31.jpg,1,0,0.4202175736427307
674,29,8,46,D:\Skripsi\Experiment\data\raw\RGB1\S29\AC8\RGB1_SUB29ACT8F46.jpg,1,1,0.5009262561798096
675,29,8,61,D:\Skripsi\Experiment\data\raw\RGB1\S29\AC8\RGB1_SUB29ACT8F61.jpg,1,1,0.6130039691925049
676,29,8,76,D:\Skripsi\Experiment\data\raw\RGB1\S29\AC8\RGB1_SUB29ACT8F76.jpg,1,1,0.5096842646598816
677,29,8,91,D:\Skripsi\Experiment\data\raw\RGB1\S29\AC8\RGB1_SUB29ACT8F91.jpg,1,1,0.5143862962722778
678,29,9,1,D:\Skripsi\Experiment\data\raw\RGB1\S29\AC9\RGB1_SUB29ACT9F1.jpg,1,1,0.6339512467384338
679,29,9,106,D:\Skripsi\Experiment\data\raw\RGB1\S29\AC9\RGB1_SUB29ACT9F106.jpg,1,1,0.5950375199317932
680,29,9,121,D:\Skripsi\Experiment\data\raw\RGB1\S29\AC9\RGB1_SUB29ACT9F121.jpg,1,1,0.6817298531532288
681,29,9,136,D:\Skripsi\Experiment\data\raw\RGB1\S29\AC9\RGB1_SUB29ACT9F136.jpg,1,1,0.5149317979812622
682,29,9,151,D:\Skripsi\Experiment\data\raw\RGB1\S29\AC9\RGB1_SUB29ACT9F151.jpg,1,1,0.5674670934677124
683,29,9,16,D:\Skripsi\Experiment\data\raw\RGB1\S29\AC9\RGB1_SUB29ACT9F16.jpg,1,1,0.631917417049408
684,29,9,31,D:\Skripsi\Experiment\data\raw\RGB1\S29\AC9\RGB1_SUB29ACT9F31.jpg,1,1,0.6423887610435486
685,29,9,46,D:\Skripsi\Experiment\data\raw\RGB1\S29\AC9\RGB1_SUB29ACT9F46.jpg,1,1,0.5882430672645569
686,29,9,61,D:\Skripsi\Experiment\data\raw\RGB1\S29\AC9\RGB1_SUB29ACT9F61.jpg,1,1,0.6326574087142944
687,29,9,76,D:\Skripsi\Experiment\data\raw\RGB1\S29\AC9\RGB1_SUB29ACT9F76.jpg,1,1,0.6082774996757507
688,29,9,91,D:\Skripsi\Experiment\data\raw\RGB1\S29\AC9\RGB1_SUB29ACT9F91.jpg,1,1,0.5546014308929443
689,30,1,1,D:\Skripsi\Experiment\data\raw\RGB1\S30\AC1\RGB1_SUB30ACT1F1.jpg,0,0,0.3154997229576111
690,30,1,106,D:\Skripsi\Experiment\data\raw\RGB1\S30\AC1\RGB1_SUB30ACT1F106.jpg,0,1,0.5825501084327698
691,30,1,16,D:\Skripsi\Experiment\data\raw\RGB1\S30\AC1\RGB1_SUB30ACT1F16.jpg,0,0,0.4742608070373535
692,30,1,31,D:\Skripsi\Experiment\data\raw\RGB1\S30\AC1\RGB1_SUB30ACT1F31.jpg,0,0,0.4962609112262726
693,30,1,46,D:\Skripsi\Experiment\data\raw\RGB1\S30\AC1\RGB1_SUB30ACT1F46.jpg,0,1,0.575814962387085
694,30,1,61,D:\Skripsi\Experiment\data\raw\RGB1\S30\AC1\RGB1_SUB30ACT1F61.jpg,0,0,0.45839473605155945
695,30,1,76,D:\Skripsi\Experiment\data\raw\RGB1\S30\AC1\RGB1_SUB30ACT1F76.jpg,0,1,0.5467438697814941
696,30,1,91,D:\Skripsi\Experiment\data\raw\RGB1\S30\AC1\RGB1_SUB30ACT1F91.jpg,0,1,0.5529604554176331
697,30,5,1,D:\Skripsi\Experiment\data\raw\RGB1\S30\AC5\RGB1_SUB30ACT5F1.jpg,1,0,0.4308869242668152
698,30,5,106,D:\Skripsi\Experiment\data\raw\RGB1\S30\AC5\RGB1_SUB30ACT5F106.jpg,1,1,0.569502055644989
699,30,5,16,D:\Skripsi\Experiment\data\raw\RGB1\S30\AC5\RGB1_SUB30ACT5F16.jpg,1,0,0.4043775498867035
700,30,5,31,D:\Skripsi\Experiment\data\raw\RGB1\S30\AC5\RGB1_SUB30ACT5F31.jpg,1,0,0.42401668429374695
701,30,5,46,D:\Skripsi\Experiment\data\raw\RGB1\S30\AC5\RGB1_SUB30ACT5F46.jpg,1,0,0.47289347648620605
702,30,5,61,D:\Skripsi\Experiment\data\raw\RGB1\S30\AC5\RGB1_SUB30ACT5F61.jpg,1,0,0.4777058959007263
703,30,5,76,D:\Skripsi\Experiment\data\raw\RGB1\S30\AC5\RGB1_SUB30ACT5F76.jpg,1,0,0.4501205086708069
704,30,5,91,D:\Skripsi\Experiment\data\raw\RGB1\S30\AC5\RGB1_SUB30ACT5F91.jpg,1,1,0.5122146010398865
705,30,6,1,D:\Skripsi\Experiment\data\raw\RGB1\S30\AC6\RGB1_SUB30ACT6F1.jpg,1,0,0.3998764157295227
706,30,6,106,D:\Skripsi\Experiment\data\raw\RGB1\S30\AC6\RGB1_SUB30ACT6F106.jpg,1,0,0.4909355938434601
707,30,6,121,D:\Skripsi\Experiment\data\raw\RGB1\S30\AC6\RGB1_SUB30ACT6F121.jpg,1,0,0.46749624609947205
708,30,6,16,D:\Skripsi\Experiment\data\raw\RGB1\S30\AC6\RGB1_SUB30ACT6F16.jpg,1,0,0.4634902775287628
709,30,6,31,D:\Skripsi\Experiment\data\raw\RGB1\S30\AC6\RGB1_SUB30ACT6F31.jpg,1,0,0.4235552251338959
710,30,6,46,D:\Skripsi\Experiment\data\raw\RGB1\S30\AC6\RGB1_SUB30ACT6F46.jpg,1,0,0.4871625304222107
711,30,6,61,D:\Skripsi\Experiment\data\raw\RGB1\S30\AC6\RGB1_SUB30ACT6F61.jpg,1,0,0.4669978618621826
712,30,6,76,D:\Skripsi\Experiment\data\raw\RGB1\S30\AC6\RGB1_SUB30ACT6F76.jpg,1,0,0.4246562123298645
713,30,6,91,D:\Skripsi\Experiment\data\raw\RGB1\S30\AC6\RGB1_SUB30ACT6F91.jpg,1,0,0.4404636323451996
714,30,7,1,D:\Skripsi\Experiment\data\raw\RGB1\S30\AC7\RGB1_SUB30ACT7F1.jpg,1,1,0.5543045401573181
715,30,7,106,D:\Skripsi\Experiment\data\raw\RGB1\S30\AC7\RGB1_SUB30ACT7F106.jpg,1,1,0.5402188301086426
716,30,7,121,D:\Skripsi\Experiment\data\raw\RGB1\S30\AC7\RGB1_SUB30ACT7F121.jpg,1,1,0.5640279054641724
717,30,7,136,D:\Skripsi\Experiment\data\raw\RGB1\S30\AC7\RGB1_SUB30ACT7F136.jpg,1,1,0.5250126123428345
718,30,7,151,D:\Skripsi\Experiment\data\raw\RGB1\S30\AC7\RGB1_SUB30ACT7F151.jpg,1,1,0.6406393051147461
719,30,7,16,D:\Skripsi\Experiment\data\raw\RGB1\S30\AC7\RGB1_SUB30ACT7F16.jpg,1,1,0.551171600818634
720,30,7,166,D:\Skripsi\Experiment\data\raw\RGB1\S30\AC7\RGB1_SUB30ACT7F166.jpg,1,1,0.5985656380653381
721,30,7,31,D:\Skripsi\Experiment\data\raw\RGB1\S30\AC7\RGB1_SUB30ACT7F31.jpg,1,1,0.5210990309715271
722,30,7,46,D:\Skripsi\Experiment\data\raw\RGB1\S30\AC7\RGB1_SUB30ACT7F46.jpg,1,1,0.509193480014801
723,30,7,61,D:\Skripsi\Experiment\data\raw\RGB1\S30\AC7\RGB1_SUB30ACT7F61.jpg,1,1,0.5763733983039856
724,30,7,76,D:\Skripsi\Experiment\data\raw\RGB1\S30\AC7\RGB1_SUB30ACT7F76.jpg,1,1,0.6227977275848389
725,30,7,91,D:\Skripsi\Experiment\data\raw\RGB1\S30\AC7\RGB1_SUB30ACT7F91.jpg,1,1,0.5739278197288513
726,30,8,1,D:\Skripsi\Experiment\data\raw\RGB1\S30\AC8\RGB1_SUB30ACT8F1.jpg,1,1,0.5004060864448547
727,30,8,106,D:\Skripsi\Experiment\data\raw\RGB1\S30\AC8\RGB1_SUB30ACT8F106.jpg,1,1,0.5136164426803589
728,30,8,121,D:\Skripsi\Experiment\data\raw\RGB1\S30\AC8\RGB1_SUB30ACT8F121.jpg,1,1,0.6651595830917358
729,30,8,136,D:\Skripsi\Experiment\data\raw\RGB1\S30\AC8\RGB1_SUB30ACT8F136.jpg,1,1,0.556563138961792
730,30,8,16,D:\Skripsi\Experiment\data\raw\RGB1\S30\AC8\RGB1_SUB30ACT8F16.jpg,1,0,0.44138407707214355
731,30,8,31,D:\Skripsi\Experiment\data\raw\RGB1\S30\AC8\RGB1_SUB30ACT8F31.jpg,1,0,0.4291485548019409
732,30,8,46,D:\Skripsi\Experiment\data\raw\RGB1\S30\AC8\RGB1_SUB30ACT8F46.jpg,1,1,0.5364827513694763
733,30,8,61,D:\Skripsi\Experiment\data\raw\RGB1\S30\AC8\RGB1_SUB30ACT8F61.jpg,1,0,0.47144266963005066
734,30,8,76,D:\Skripsi\Experiment\data\raw\RGB1\S30\AC8\RGB1_SUB30ACT8F76.jpg,1,1,0.582521915435791
735,30,8,91,D:\Skripsi\Experiment\data\raw\RGB1\S30\AC8\RGB1_SUB30ACT8F91.jpg,1,1,0.5361654758453369
736,30,9,1,D:\Skripsi\Experiment\data\raw\RGB1\S30\AC9\RGB1_SUB30ACT9F1.jpg,1,1,0.5697915554046631
737,30,9,106,D:\Skripsi\Experiment\data\raw\RGB1\S30\AC9\RGB1_SUB30ACT9F106.jpg,1,1,0.5118518471717834
738,30,9,121,D:\Skripsi\Experiment\data\raw\RGB1\S30\AC9\RGB1_SUB30ACT9F121.jpg,1,1,0.5733748078346252
739,30,9,16,D:\Skripsi\Experiment\data\raw\RGB1\S30\AC9\RGB1_SUB30ACT9F16.jpg,1,1,0.5758768320083618
740,30,9,31,D:\Skripsi\Experiment\data\raw\RGB1\S30\AC9\RGB1_SUB30ACT9F31.jpg,1,1,0.6727138757705688
741,30,9,46,D:\Skripsi\Experiment\data\raw\RGB1\S30\AC9\RGB1_SUB30ACT9F46.jpg,1,1,0.6672836542129517
742,30,9,61,D:\Skripsi\Experiment\data\raw\RGB1\S30\AC9\RGB1_SUB30ACT9F61.jpg,1,1,0.5763775706291199
743,30,9,76,D:\Skripsi\Experiment\data\raw\RGB1\S30\AC9\RGB1_SUB30ACT9F76.jpg,1,0,0.42481720447540283
744,30,9,91,D:\Skripsi\Experiment\data\raw\RGB1\S30\AC9\RGB1_SUB30ACT9F91.jpg,1,0,0.440146803855896
745,31,1,1,D:\Skripsi\Experiment\data\raw\RGB1\S31\AC1\RGB1_SUB31ACT1F1.jpg,0,0,0.40743643045425415
746,31,1,16,D:\Skripsi\Experiment\data\raw\RGB1\S31\AC1\RGB1_SUB31ACT1F16.jpg,0,0,0.482031911611557
747,31,1,31,D:\Skripsi\Experiment\data\raw\RGB1\S31\AC1\RGB1_SUB31ACT1F31.jpg,0,1,0.5130213499069214
748,31,1,46,D:\Skripsi\Experiment\data\raw\RGB1\S31\AC1\RGB1_SUB31ACT1F46.jpg,0,0,0.4647025465965271
749,31,1,61,D:\Skripsi\Experiment\data\raw\RGB1\S31\AC1\RGB1_SUB31ACT1F61.jpg,0,1,0.5492842197418213
750,31,1,76,D:\Skripsi\Experiment\data\raw\RGB1\S31\AC1\RGB1_SUB31ACT1F76.jpg,0,1,0.571876049041748
751,31,1,91,D:\Skripsi\Experiment\data\raw\RGB1\S31\AC1\RGB1_SUB31ACT1F91.jpg,0,0,0.48063522577285767
752,31,9,1,D:\Skripsi\Experiment\data\raw\RGB1\S31\AC10\RGB1_SUB31ACT10F1.jpg,1,0,0.47536730766296387
753,31,9,106,D:\Skripsi\Experiment\data\raw\RGB1\S31\AC10\RGB1_SUB31ACT10F106.jpg,1,0,0.35981738567352295
754,31,9,121,D:\Skripsi\Experiment\data\raw\RGB1\S31\AC10\RGB1_SUB31ACT10F121.jpg,1,0,0.42059892416000366
755,31,9,136,D:\Skripsi\Experiment\data\raw\RGB1\S31\AC10\RGB1_SUB31ACT10F136.jpg,1,0,0.36935871839523315
756,31,9,16,D:\Skripsi\Experiment\data\raw\RGB1\S31\AC10\RGB1_SUB31ACT10F16.jpg,1,0,0.38339999318122864
757,31,9,31,D:\Skripsi\Experiment\data\raw\RGB1\S31\AC10\RGB1_SUB31ACT10F31.jpg,1,0,0.47618189454078674
758,31,9,46,D:\Skripsi\Experiment\data\raw\RGB1\S31\AC10\RGB1_SUB31ACT10F46.jpg,1,0,0.43083900213241577
759,31,9,61,D:\Skripsi\Experiment\data\raw\RGB1\S31\AC10\RGB1_SUB31ACT10F61.jpg,1,0,0.4745122790336609
760,31,9,76,D:\Skripsi\Experiment\data\raw\RGB1\S31\AC10\RGB1_SUB31ACT10F76.jpg,1,0,0.48832300305366516
761,31,9,91,D:\Skripsi\Experiment\data\raw\RGB1\S31\AC10\RGB1_SUB31ACT10F91.jpg,1,0,0.3120598793029785
762,31,5,1,D:\Skripsi\Experiment\data\raw\RGB1\S31\AC5\RGB1_SUB31ACT5F1.jpg,1,1,0.5638628602027893
763,31,5,16,D:\Skripsi\Experiment\data\raw\RGB1\S31\AC5\RGB1_SUB31ACT5F16.jpg,1,1,0.6048217415809631
764,31,5,31,D:\Skripsi\Experiment\data\raw\RGB1\S31\AC5\RGB1_SUB31ACT5F31.jpg,1,1,0.5686795711517334
765,31,5,46,D:\Skripsi\Experiment\data\raw\RGB1\S31\AC5\RGB1_SUB31ACT5F46.jpg,1,1,0.6269272565841675
766,31,5,61,D:\Skripsi\Experiment\data\raw\RGB1\S31\AC5\RGB1_SUB31ACT5F61.jpg,1,1,0.6022418737411499
767,31,5,76,D:\Skripsi\Experiment\data\raw\RGB1\S31\AC5\RGB1_SUB31ACT5F76.jpg,1,1,0.6610069870948792
768,31,5,91,D:\Skripsi\Experiment\data\raw\RGB1\S31\AC5\RGB1_SUB31ACT5F91.jpg,1,1,0.6815181374549866
769,31,6,1,D:\Skripsi\Experiment\data\raw\RGB1\S31\AC6\RGB1_SUB31ACT6F1.jpg,1,0,0.32599571347236633
770,31,6,16,D:\Skripsi\Experiment\data\raw\RGB1\S31\AC6\RGB1_SUB31ACT6F16.jpg,1,1,0.5688499212265015
771,31,6,31,D:\Skripsi\Experiment\data\raw\RGB1\S31\AC6\RGB1_SUB31ACT6F31.jpg,1,1,0.5895253419876099
772,31,6,46,D:\Skripsi\Experiment\data\raw\RGB1\S31\AC6\RGB1_SUB31ACT6F46.jpg,1,1,0.5745130777359009
773,31,6,61,D:\Skripsi\Experiment\data\raw\RGB1\S31\AC6\RGB1_SUB31ACT6F61.jpg,1,1,0.6439308524131775
774,31,6,76,D:\Skripsi\Experiment\data\raw\RGB1\S31\AC6\RGB1_SUB31ACT6F76.jpg,1,0,0.48406171798706055
775,31,7,1,D:\Skripsi\Experiment\data\raw\RGB1\S31\AC7\RGB1_SUB31ACT7F1.jpg,1,0,0.4033310115337372
776,31,7,106,D:\Skripsi\Experiment\data\raw\RGB1\S31\AC7\RGB1_SUB31ACT7F106.jpg,1,1,0.5454164743423462
777,31,7,16,D:\Skripsi\Experiment\data\raw\RGB1\S31\AC7\RGB1_SUB31ACT7F16.jpg,1,1,0.5310712456703186
778,31,7,31,D:\Skripsi\Experiment\data\raw\RGB1\S31\AC7\RGB1_SUB31ACT7F31.jpg,1,1,0.5794780850410461
779,31,7,46,D:\Skripsi\Experiment\data\raw\RGB1\S31\AC7\RGB1_SUB31ACT7F46.jpg,1,1,0.5093114376068115
780,31,7,61,D:\Skripsi\Experiment\data\raw\RGB1\S31\AC7\RGB1_SUB31ACT7F61.jpg,1,1,0.5466105341911316
781,31,7,76,D:\Skripsi\Experiment\data\raw\RGB1\S31\AC7\RGB1_SUB31ACT7F76.jpg,1,0,0.47159677743911743
782,31,7,91,D:\Skripsi\Experiment\data\raw\RGB1\S31\AC7\RGB1_SUB31ACT7F91.jpg,1,1,0.6313138604164124
783,31,8,1,D:\Skripsi\Experiment\data\raw\RGB1\S31\AC8\RGB1_SUB31ACT8F1.jpg,1,1,0.6714083552360535
784,31,8,106,D:\Skripsi\Experiment\data\raw\RGB1\S31\AC8\RGB1_SUB31ACT8F106.jpg,1,1,0.5182031989097595
785,31,8,121,D:\Skripsi\Experiment\data\raw\RGB1\S31\AC8\RGB1_SUB31ACT8F121.jpg,1,1,0.6775250434875488
786,31,8,16,D:\Skripsi\Experiment\data\raw\RGB1\S31\AC8\RGB1_SUB31ACT8F16.jpg,1,1,0.6919204592704773
787,31,8,31,D:\Skripsi\Experiment\data\raw\RGB1\S31\AC8\RGB1_SUB31ACT8F31.jpg,1,1,0.6938618421554565
788,31,8,46,D:\Skripsi\Experiment\data\raw\RGB1\S31\AC8\RGB1_SUB31ACT8F46.jpg,1,1,0.6830301880836487
789,31,8,61,D:\Skripsi\Experiment\data\raw\RGB1\S31\AC8\RGB1_SUB31ACT8F61.jpg,1,1,0.6372386813163757
790,31,8,76,D:\Skripsi\Experiment\data\raw\RGB1\S31\AC8\RGB1_SUB31ACT8F76.jpg,1,1,0.7289470434188843
791,31,8,91,D:\Skripsi\Experiment\data\raw\RGB1\S31\AC8\RGB1_SUB31ACT8F91.jpg,1,1,0.5269538164138794
792,32,1,1,D:\Skripsi\Experiment\data\raw\RGB1\S32\AC1\RGB1_SUB32ACT1F1.jpg,0,1,0.6775386929512024
793,32,1,16,D:\Skripsi\Experiment\data\raw\RGB1\S32\AC1\RGB1_SUB32ACT1F16.jpg,0,0,0.4019169509410858
794,32,1,31,D:\Skripsi\Experiment\data\raw\RGB1\S32\AC1\RGB1_SUB32ACT1F31.jpg,0,0,0.40111979842185974
795,32,1,46,D:\Skripsi\Experiment\data\raw\RGB1\S32\AC1\RGB1_SUB32ACT1F46.jpg,0,1,0.5733684301376343
796,32,1,61,D:\Skripsi\Experiment\data\raw\RGB1\S32\AC1\RGB1_SUB32ACT1F61.jpg,0,0,0.4504972994327545
797,32,1,76,D:\Skripsi\Experiment\data\raw\RGB1\S32\AC1\RGB1_SUB32ACT1F76.jpg,0,0,0.47446534037590027
798,32,1,91,D:\Skripsi\Experiment\data\raw\RGB1\S32\AC1\RGB1_SUB32ACT1F91.jpg,0,0,0.44009485840797424
799,32,5,1,D:\Skripsi\Experiment\data\raw\RGB1\S32\AC5\RGB1_SUB32ACT5F1.jpg,1,1,0.6401948928833008
800,32,5,16,D:\Skripsi\Experiment\data\raw\RGB1\S32\AC5\RGB1_SUB32ACT5F16.jpg,1,1,0.6612377166748047
801,32,5,31,D:\Skripsi\Experiment\data\raw\RGB1\S32\AC5\RGB1_SUB32ACT5F31.jpg,1,1,0.6469267010688782
802,32,5,46,D:\Skripsi\Experiment\data\raw\RGB1\S32\AC5\RGB1_SUB32ACT5F46.jpg,1,1,0.6068797707557678
803,32,5,61,D:\Skripsi\Experiment\data\raw\RGB1\S32\AC5\RGB1_SUB32ACT5F61.jpg,1,1,0.6369893550872803
804,32,5,76,D:\Skripsi\Experiment\data\raw\RGB1\S32\AC5\RGB1_SUB32ACT5F76.jpg,1,1,0.5252574682235718
805,32,5,91,D:\Skripsi\Experiment\data\raw\RGB1\S32\AC5\RGB1_SUB32ACT5F91.jpg,1,1,0.5243555307388306
806,32,6,1,D:\Skripsi\Experiment\data\raw\RGB1\S32\AC6\RGB1_SUB32ACT6F1.jpg,1,0,0.4699501395225525
807,32,6,16,D:\Skripsi\Experiment\data\raw\RGB1\S32\AC6\RGB1_SUB32ACT6F16.jpg,1,0,0.44680076837539673
808,32,6,31,D:\Skripsi\Experiment\data\raw\RGB1\S32\AC6\RGB1_SUB32ACT6F31.jpg,1,1,0.560020387172699
809,32,6,46,D:\Skripsi\Experiment\data\raw\RGB1\S32\AC6\RGB1_SUB32ACT6F46.jpg,1,1,0.5595932006835938
810,32,6,61,D:\Skripsi\Experiment\data\raw\RGB1\S32\AC6\RGB1_SUB32ACT6F61.jpg,1,1,0.5906813144683838
811,32,6,76,D:\Skripsi\Experiment\data\raw\RGB1\S32\AC6\RGB1_SUB32ACT6F76.jpg,1,1,0.6320086717605591
812,32,6,91,D:\Skripsi\Experiment\data\raw\RGB1\S32\AC6\RGB1_SUB32ACT6F91.jpg,1,1,0.5768805742263794
813,32,7,1,D:\Skripsi\Experiment\data\raw\RGB1\S32\AC7\RGB1_SUB32ACT7F1.jpg,1,1,0.5641610622406006
814,32,7,16,D:\Skripsi\Experiment\data\raw\RGB1\S32\AC7\RGB1_SUB32ACT7F16.jpg,1,1,0.5665542483329773
815,32,7,31,D:\Skripsi\Experiment\data\raw\RGB1\S32\AC7\RGB1_SUB32ACT7F31.jpg,1,1,0.5607937574386597
816,32,7,46,D:\Skripsi\Experiment\data\raw\RGB1\S32\AC7\RGB1_SUB32ACT7F46.jpg,1,1,0.5009763240814209
817,32,7,61,D:\Skripsi\Experiment\data\raw\RGB1\S32\AC7\RGB1_SUB32ACT7F61.jpg,1,1,0.6183109283447266
818,32,7,76,D:\Skripsi\Experiment\data\raw\RGB1\S32\AC7\RGB1_SUB32ACT7F76.jpg,1,1,0.7028905749320984
819,32,7,91,D:\Skripsi\Experiment\data\raw\RGB1\S32\AC7\RGB1_SUB32ACT7F91.jpg,1,1,0.6797164678573608
820,32,8,1,D:\Skripsi\Experiment\data\raw\RGB1\S32\AC8\RGB1_SUB32ACT8F1.jpg,1,1,0.5121338367462158
821,32,8,16,D:\Skripsi\Experiment\data\raw\RGB1\S32\AC8\RGB1_SUB32ACT8F16.jpg,1,1,0.6001659631729126
822,32,8,31,D:\Skripsi\Experiment\data\raw\RGB1\S32\AC8\RGB1_SUB32ACT8F31.jpg,1,1,0.5980335474014282
823,32,8,46,D:\Skripsi\Experiment\data\raw\RGB1\S32\AC8\RGB1_SUB32ACT8F46.jpg,1,1,0.5748915076255798
824,32,8,61,D:\Skripsi\Experiment\data\raw\RGB1\S32\AC8\RGB1_SUB32ACT8F61.jpg,1,1,0.6237761974334717
825,32,8,76,D:\Skripsi\Experiment\data\raw\RGB1\S32\AC8\RGB1_SUB32ACT8F76.jpg,1,1,0.6423380970954895
826,32,9,1,D:\Skripsi\Experiment\data\raw\RGB1\S32\AC9\RGB1_SUB32ACT9F1.jpg,1,1,0.6694686412811279
827,32,9,16,D:\Skripsi\Experiment\data\raw\RGB1\S32\AC9\RGB1_SUB32ACT9F16.jpg,1,1,0.7052702307701111
828,32,9,31,D:\Skripsi\Experiment\data\raw\RGB1\S32\AC9\RGB1_SUB32ACT9F31.jpg,1,1,0.5370045304298401
829,32,9,46,D:\Skripsi\Experiment\data\raw\RGB1\S32\AC9\RGB1_SUB32ACT9F46.jpg,1,1,0.5546248555183411
830,32,9,61,D:\Skripsi\Experiment\data\raw\RGB1\S32\AC9\RGB1_SUB32ACT9F61.jpg,1,1,0.6297630667686462
831,33,1,1,D:\Skripsi\Experiment\data\raw\RGB1\S33\AC1\RGB1_SUB33ACT1F1.jpg,0,0,0.4798939526081085
832,33,1,16,D:\Skripsi\Experiment\data\raw\RGB1\S33\AC1\RGB1_SUB33ACT1F16.jpg,0,1,0.6104350090026855
833,33,1,31,D:\Skripsi\Experiment\data\raw\RGB1\S33\AC1\RGB1_SUB33ACT1F31.jpg,0,1,0.6103832721710205
834,33,1,46,D:\Skripsi\Experiment\data\raw\RGB1\S33\AC1\RGB1_SUB33ACT1F46.jpg,0,1,0.5809337496757507
835,33,1,61,D:\Skripsi\Experiment\data\raw\RGB1\S33\AC1\RGB1_SUB33ACT1F61.jpg,0,1,0.5655933618545532
836,33,1,76,D:\Skripsi\Experiment\data\raw\RGB1\S33\AC1\RGB1_SUB33ACT1F76.jpg,0,0,0.4736815392971039
837,33,5,1,D:\Skripsi\Experiment\data\raw\RGB1\S33\AC5\RGB1_SUB33ACT5F1.jpg,1,1,0.6644299030303955
838,33,5,16,D:\Skripsi\Experiment\data\raw\RGB1\S33\AC5\RGB1_SUB33ACT5F16.jpg,1,1,0.6986132860183716
839,33,5,31,D:\Skripsi\Experiment\data\raw\RGB1\S33\AC5\RGB1_SUB33ACT5F31.jpg,1,1,0.6086835861206055
840,33,5,46,D:\Skripsi\Experiment\data\raw\RGB1\S33\AC5\RGB1_SUB33ACT5F46.jpg,1,1,0.6070802211761475
841,33,5,61,D:\Skripsi\Experiment\data\raw\RGB1\S33\AC5\RGB1_SUB33ACT5F61.jpg,1,1,0.5381741523742676
842,33,5,76,D:\Skripsi\Experiment\data\raw\RGB1\S33\AC5\RGB1_SUB33ACT5F76.jpg,1,1,0.6535358428955078
843,33,6,1,D:\Skripsi\Experiment\data\raw\RGB1\S33\AC6\RGB1_SUB33ACT6F1.jpg,1,1,0.6782954335212708
844,33,6,16,D:\Skripsi\Experiment\data\raw\RGB1\S33\AC6\RGB1_SUB33ACT6F16.jpg,1,1,0.6329444646835327
845,33,6,31,D:\Skripsi\Experiment\data\raw\RGB1\S33\AC6\RGB1_SUB33ACT6F31.jpg,1,1,0.7087476849555969
846,33,6,46,D:\Skripsi\Experiment\data\raw\RGB1\S33\AC6\RGB1_SUB33ACT6F46.jpg,1,1,0.6379529237747192
847,33,6,61,D:\Skripsi\Experiment\data\raw\RGB1\S33\AC6\RGB1_SUB33ACT6F61.jpg,1,1,0.5084537267684937
848,33,6,76,D:\Skripsi\Experiment\data\raw\RGB1\S33\AC6\RGB1_SUB33ACT6F76.jpg,1,1,0.7253515124320984
849,33,7,1,D:\Skripsi\Experiment\data\raw\RGB1\S33\AC7\RGB1_SUB33ACT7F1.jpg,1,1,0.5626834630966187
850,33,7,16,D:\Skripsi\Experiment\data\raw\RGB1\S33\AC7\RGB1_SUB33ACT7F16.jpg,1,1,0.6055892705917358
851,33,7,31,D:\Skripsi\Experiment\data\raw\RGB1\S33\AC7\RGB1_SUB33ACT7F31.jpg,1,1,0.5678001642227173
852,33,7,46,D:\Skripsi\Experiment\data\raw\RGB1\S33\AC7\RGB1_SUB33ACT7F46.jpg,1,1,0.55635666847229
853,33,7,61,D:\Skripsi\Experiment\data\raw\RGB1\S33\AC7\RGB1_SUB33ACT7F61.jpg,1,0,0.4663005471229553
854,33,7,76,D:\Skripsi\Experiment\data\raw\RGB1\S33\AC7\RGB1_SUB33ACT7F76.jpg,1,1,0.6413196325302124
855,33,7,91,D:\Skripsi\Experiment\data\raw\RGB1\S33\AC7\RGB1_SUB33ACT7F91.jpg,1,1,0.7265110611915588
856,33,8,1,D:\Skripsi\Experiment\data\raw\RGB1\S33\AC8\RGB1_SUB33ACT8F1.jpg,1,1,0.5362029075622559
857,33,8,106,D:\Skripsi\Experiment\data\raw\RGB1\S33\AC8\RGB1_SUB33ACT8F106.jpg,1,0,0.4535747170448303
858,33,8,16,D:\Skripsi\Experiment\data\raw\RGB1\S33\AC8\RGB1_SUB33ACT8F16.jpg,1,0,0.49027949571609497
859,33,8,31,D:\Skripsi\Experiment\data\raw\RGB1\S33\AC8\RGB1_SUB33ACT8F31.jpg,1,1,0.6065163612365723
860,33,8,46,D:\Skripsi\Experiment\data\raw\RGB1\S33\AC8\RGB1_SUB33ACT8F46.jpg,1,1,0.5092252492904663
861,33,8,61,D:\Skripsi\Experiment\data\raw\RGB1\S33\AC8\RGB1_SUB33ACT8F61.jpg,1,0,0.45144569873809814
862,33,8,76,D:\Skripsi\Experiment\data\raw\RGB1\S33\AC8\RGB1_SUB33ACT8F76.jpg,1,1,0.6199458837509155
863,33,8,91,D:\Skripsi\Experiment\data\raw\RGB1\S33\AC8\RGB1_SUB33ACT8F91.jpg,1,0,0.4115963280200958
864,33,9,1,D:\Skripsi\Experiment\data\raw\RGB1\S33\AC9\RGB1_SUB33ACT9F1.jpg,1,0,0.4525506794452667
865,33,9,16,D:\Skripsi\Experiment\data\raw\RGB1\S33\AC9\RGB1_SUB33ACT9F16.jpg,1,1,0.5139405131340027
866,33,9,31,D:\Skripsi\Experiment\data\raw\RGB1\S33\AC9\RGB1_SUB33ACT9F31.jpg,1,1,0.5561721920967102
867,33,9,46,D:\Skripsi\Experiment\data\raw\RGB1\S33\AC9\RGB1_SUB33ACT9F46.jpg,1,1,0.5505139827728271
868,33,9,61,D:\Skripsi\Experiment\data\raw\RGB1\S33\AC9\RGB1_SUB33ACT9F61.jpg,1,1,0.7134100794792175
869,33,9,76,D:\Skripsi\Experiment\data\raw\RGB1\S33\AC9\RGB1_SUB33ACT9F76.jpg,1,1,0.5528177618980408
870,33,9,91,D:\Skripsi\Experiment\data\raw\RGB1\S33\AC9\RGB1_SUB33ACT9F91.jpg,1,1,0.6172780394554138
871,34,1,1,D:\Skripsi\Experiment\data\raw\RGB1\S34\AC1\RGB1_SUB34ACT1F1.jpg,0,0,0.43987324833869934
872,34,1,16,D:\Skripsi\Experiment\data\raw\RGB1\S34\AC1\RGB1_SUB34ACT1F16.jpg,0,0,0.4243188500404358
873,34,1,31,D:\Skripsi\Experiment\data\raw\RGB1\S34\AC1\RGB1_SUB34ACT1F31.jpg,0,0,0.4723174273967743
874,34,1,46,D:\Skripsi\Experiment\data\raw\RGB1\S34\AC1\RGB1_SUB34ACT1F46.jpg,0,0,0.4117528796195984
875,34,1,61,D:\Skripsi\Experiment\data\raw\RGB1\S34\AC1\RGB1_SUB34ACT1F61.jpg,0,0,0.44053688645362854
876,34,5,1,D:\Skripsi\Experiment\data\raw\RGB1\S34\AC5\RGB1_SUB34ACT5F1.jpg,1,0,0.4902983009815216
877,34,5,16,D:\Skripsi\Experiment\data\raw\RGB1\S34\AC5\RGB1_SUB34ACT5F16.jpg,1,1,0.5091620683670044
878,34,5,31,D:\Skripsi\Experiment\data\raw\RGB1\S34\AC5\RGB1_SUB34ACT5F31.jpg,1,1,0.6239514350891113
879,34,5,46,D:\Skripsi\Experiment\data\raw\RGB1\S34\AC5\RGB1_SUB34ACT5F46.jpg,1,1,0.6490687727928162
880,34,5,61,D:\Skripsi\Experiment\data\raw\RGB1\S34\AC5\RGB1_SUB34ACT5F61.jpg,1,1,0.6305332183837891
881,34,5,76,D:\Skripsi\Experiment\data\raw\RGB1\S34\AC5\RGB1_SUB34ACT5F76.jpg,1,1,0.5440307259559631
882,34,6,1,D:\Skripsi\Experiment\data\raw\RGB1\S34\AC6\RGB1_SUB34ACT6F1.jpg,1,1,0.541955292224884
883,34,6,16,D:\Skripsi\Experiment\data\raw\RGB1\S34\AC6\RGB1_SUB34ACT6F16.jpg,1,1,0.5588582158088684
884,34,6,31,D:\Skripsi\Experiment\data\raw\RGB1\S34\AC6\RGB1_SUB34ACT6F31.jpg,1,1,0.5797505378723145
885,34,6,46,D:\Skripsi\Experiment\data\raw\RGB1\S34\AC6\RGB1_SUB34ACT6F46.jpg,1,1,0.6151257157325745
886,34,6,61,D:\Skripsi\Experiment\data\raw\RGB1\S34\AC6\RGB1_SUB34ACT6F61.jpg,1,1,0.7303047776222229
887,34,7,1,D:\Skripsi\Experiment\data\raw\RGB1\S34\AC7\RGB1_SUB34ACT7F1.jpg,1,1,0.6055312752723694
888,34,7,16,D:\Skripsi\Experiment\data\raw\RGB1\S34\AC7\RGB1_SUB34ACT7F16.jpg,1,0,0.48031553626060486
889,34,7,31,D:\Skripsi\Experiment\data\raw\RGB1\S34\AC7\RGB1_SUB34ACT7F31.jpg,1,1,0.5326584577560425
890,34,7,46,D:\Skripsi\Experiment\data\raw\RGB1\S34\AC7\RGB1_SUB34ACT7F46.jpg,1,1,0.6002655029296875
891,34,7,61,D:\Skripsi\Experiment\data\raw\RGB1\S34\AC7\RGB1_SUB34ACT7F61.jpg,1,1,0.5924946665763855
892,34,7,76,D:\Skripsi\Experiment\data\raw\RGB1\S34\AC7\RGB1_SUB34ACT7F76.jpg,1,1,0.5701661109924316
893,34,8,1,D:\Skripsi\Experiment\data\raw\RGB1\S34\AC8\RGB1_SUB34ACT8F1.jpg,1,0,0.4973664879798889
894,34,8,16,D:\Skripsi\Experiment\data\raw\RGB1\S34\AC8\RGB1_SUB34ACT8F16.jpg,1,0,0.47642573714256287
895,34,8,31,D:\Skripsi\Experiment\data\raw\RGB1\S34\AC8\RGB1_SUB34ACT8F31.jpg,1,1,0.5240917801856995
896,34,8,46,D:\Skripsi\Experiment\data\raw\RGB1\S34\AC8\RGB1_SUB34ACT8F46.jpg,1,1,0.5685794949531555
897,34,8,61,D:\Skripsi\Experiment\data\raw\RGB1\S34\AC8\RGB1_SUB34ACT8F61.jpg,1,1,0.5077164173126221
898,34,8,76,D:\Skripsi\Experiment\data\raw\RGB1\S34\AC8\RGB1_SUB34ACT8F76.jpg,1,1,0.5845999121665955
899,34,8,91,D:\Skripsi\Experiment\data\raw\RGB1\S34\AC8\RGB1_SUB34ACT8F91.jpg,1,1,0.6255237460136414
900,34,9,1,D:\Skripsi\Experiment\data\raw\RGB1\S34\AC9\RGB1_SUB34ACT9F1.jpg,1,1,0.6367064714431763
901,34,9,16,D:\Skripsi\Experiment\data\raw\RGB1\S34\AC9\RGB1_SUB34ACT9F16.jpg,1,1,0.6521288156509399
902,34,9,31,D:\Skripsi\Experiment\data\raw\RGB1\S34\AC9\RGB1_SUB34ACT9F31.jpg,1,1,0.7203928232192993
903,34,9,46,D:\Skripsi\Experiment\data\raw\RGB1\S34\AC9\RGB1_SUB34ACT9F46.jpg,1,1,0.6474748849868774
904,34,9,61,D:\Skripsi\Experiment\data\raw\RGB1\S34\AC9\RGB1_SUB34ACT9F61.jpg,1,1,0.625851035118103
905,34,9,76,D:\Skripsi\Experiment\data\raw\RGB1\S34\AC9\RGB1_SUB34ACT9F76.jpg,1,1,0.6849784255027771
906,35,1,1,D:\Skripsi\Experiment\data\raw\RGB1\S35\AC1\RGB1_SUB35ACT1F1.jpg,0,1,0.6010312438011169
907,35,1,106,D:\Skripsi\Experiment\data\raw\RGB1\S35\AC1\RGB1_SUB35ACT1F106.jpg,0,0,0.48368018865585327
908,35,1,121,D:\Skripsi\Experiment\data\raw\RGB1\S35\AC1\RGB1_SUB35ACT1F121.jpg,0,1,0.5111798048019409
909,35,1,16,D:\Skripsi\Experiment\data\raw\RGB1\S35\AC1\RGB1_SUB35ACT1F16.jpg,0,0,0.3905516564846039
910,35,1,31,D:\Skripsi\Experiment\data\raw\RGB1\S35\AC1\RGB1_SUB35ACT1F31.jpg,0,0,0.3410652279853821
911,35,1,46,D:\Skripsi\Experiment\data\raw\RGB1\S35\AC1\RGB1_SUB35ACT1F46.jpg,0,0,0.4919660687446594
912,35,1,61,D:\Skripsi\Experiment\data\raw\RGB1\S35\AC1\RGB1_SUB35ACT1F61.jpg,0,1,0.5607753396034241
913,35,1,76,D:\Skripsi\Experiment\data\raw\RGB1\S35\AC1\RGB1_SUB35ACT1F76.jpg,0,1,0.5386239290237427
914,35,1,91,D:\Skripsi\Experiment\data\raw\RGB1\S35\AC1\RGB1_SUB35ACT1F91.jpg,0,0,0.48952150344848633
915,35,5,1,D:\Skripsi\Experiment\data\raw\RGB1\S35\AC5\RGB1_SUB35ACT5F1.jpg,1,1,0.5166559219360352
916,35,5,106,D:\Skripsi\Experiment\data\raw\RGB1\S35\AC5\RGB1_SUB35ACT5F106.jpg,1,0,0.49369314312934875
917,35,5,16,D:\Skripsi\Experiment\data\raw\RGB1\S35\AC5\RGB1_SUB35ACT5F16.jpg,1,1,0.6098717451095581
918,35,5,31,D:\Skripsi\Experiment\data\raw\RGB1\S35\AC5\RGB1_SUB35ACT5F31.jpg,1,1,0.6470080614089966
919,35,5,46,D:\Skripsi\Experiment\data\raw\RGB1\S35\AC5\RGB1_SUB35ACT5F46.jpg,1,1,0.5089994668960571
920,35,5,61,D:\Skripsi\Experiment\data\raw\RGB1\S35\AC5\RGB1_SUB35ACT5F61.jpg,1,0,0.4858993887901306
921,35,5,76,D:\Skripsi\Experiment\data\raw\RGB1\S35\AC5\RGB1_SUB35ACT5F76.jpg,1,0,0.4561670124530792
922,35,5,91,D:\Skripsi\Experiment\data\raw\RGB1\S35\AC5\RGB1_SUB35ACT5F91.jpg,1,0,0.3743274211883545
923,35,6,1,D:\Skripsi\Experiment\data\raw\RGB1\S35\AC6\RGB1_SUB35ACT6F1.jpg,1,1,0.5310914516448975
924,35,6,106,D:\Skripsi\Experiment\data\raw\RGB1\S35\AC6\RGB1_SUB35ACT6F106.jpg,1,0,0.46173205971717834
925,35,6,121,D:\Skripsi\Experiment\data\raw\RGB1\S35\AC6\RGB1_SUB35ACT6F121.jpg,1,1,0.5424946546554565
926,35,6,136,D:\Skripsi\Experiment\data\raw\RGB1\S35\AC6\RGB1_SUB35ACT6F136.jpg,1,1,0.5404837131500244
927,35,6,151,D:\Skripsi\Experiment\data\raw\RGB1\S35\AC6\RGB1_SUB35ACT6F151.jpg,1,0,0.4654413163661957
928,35,6,16,D:\Skripsi\Experiment\data\raw\RGB1\S35\AC6\RGB1_SUB35ACT6F16.jpg,1,0,0.44473615288734436
929,35,6,166,D:\Skripsi\Experiment\data\raw\RGB1\S35\AC6\RGB1_SUB35ACT6F166.jpg,1,1,0.5164855718612671
930,35,6,31,D:\Skripsi\Experiment\data\raw\RGB1\S35\AC6\RGB1_SUB35ACT6F31.jpg,1,1,0.5139095187187195
931,35,6,46,D:\Skripsi\Experiment\data\raw\RGB1\S35\AC6\RGB1_SUB35ACT6F46.jpg,1,1,0.545265793800354
932,35,6,61,D:\Skripsi\Experiment\data\raw\RGB1\S35\AC6\RGB1_SUB35ACT6F61.jpg,1,1,0.5143330693244934
933,35,6,76,D:\Skripsi\Experiment\data\raw\RGB1\S35\AC6\RGB1_SUB35ACT6F76.jpg,1,1,0.5194043517112732
934,35,6,91,D:\Skripsi\Experiment\data\raw\RGB1\S35\AC6\RGB1_SUB35ACT6F91.jpg,1,1,0.612521231174469
935,35,7,1,D:\Skripsi\Experiment\data\raw\RGB1\S35\AC7\RGB1_SUB35ACT7F1.jpg,1,1,0.6407731771469116
936,35,7,106,D:\Skripsi\Experiment\data\raw\RGB1\S35\AC7\RGB1_SUB35ACT7F106.jpg,1,1,0.6858189702033997
937,35,7,121,D:\Skripsi\Experiment\data\raw\RGB1\S35\AC7\RGB1_SUB35ACT7F121.jpg,1,1,0.5698267221450806
938,35,7,136,D:\Skripsi\Experiment\data\raw\RGB1\S35\AC7\RGB1_SUB35ACT7F136.jpg,1,1,0.5974698662757874
939,35,7,151,D:\Skripsi\Experiment\data\raw\RGB1\S35\AC7\RGB1_SUB35ACT7F151.jpg,1,0,0.49534502625465393
940,35,7,16,D:\Skripsi\Experiment\data\raw\RGB1\S35\AC7\RGB1_SUB35ACT7F16.jpg,1,0,0.49277636408805847
941,35,7,166,D:\Skripsi\Experiment\data\raw\RGB1\S35\AC7\RGB1_SUB35ACT7F166.jpg,1,1,0.6046468019485474
942,35,7,181,D:\Skripsi\Experiment\data\raw\RGB1\S35\AC7\RGB1_SUB35ACT7F181.jpg,1,1,0.5401915311813354
943,35,7,31,D:\Skripsi\Experiment\data\raw\RGB1\S35\AC7\RGB1_SUB35ACT7F31.jpg,1,1,0.5832603573799133
944,35,7,46,D:\Skripsi\Experiment\data\raw\RGB1\S35\AC7\RGB1_SUB35ACT7F46.jpg,1,1,0.6225021481513977
945,35,7,61,D:\Skripsi\Experiment\data\raw\RGB1\S35\AC7\RGB1_SUB35ACT7F61.jpg,1,0,0.45883122086524963
946,35,7,76,D:\Skripsi\Experiment\data\raw\RGB1\S35\AC7\RGB1_SUB35ACT7F76.jpg,1,1,0.5874825716018677
947,35,7,91,D:\Skripsi\Experiment\data\raw\RGB1\S35\AC7\RGB1_SUB35ACT7F91.jpg,1,1,0.608710527420044
948,35,8,1,D:\Skripsi\Experiment\data\raw\RGB1\S35\AC8\RGB1_SUB35ACT8F1.jpg,1,1,0.5225115418434143
949,35,8,106,D:\Skripsi\Experiment\data\raw\RGB1\S35\AC8\RGB1_SUB35ACT8F106.jpg,1,0,0.4860518276691437
950,35,8,16,D:\Skripsi\Experiment\data\raw\RGB1\S35\AC8\RGB1_SUB35ACT8F16.jpg,1,0,0.4241528809070587
951,35,8,31,D:\Skripsi\Experiment\data\raw\RGB1\S35\AC8\RGB1_SUB35ACT8F31.jpg,1,0,0.4443022906780243
952,35,8,46,D:\Skripsi\Experiment\data\raw\RGB1\S35\AC8\RGB1_SUB35ACT8F46.jpg,1,0,0.4739798605442047
953,35,8,61,D:\Skripsi\Experiment\data\raw\RGB1\S35\AC8\RGB1_SUB35ACT8F61.jpg,1,0,0.46498405933380127
954,35,8,76,D:\Skripsi\Experiment\data\raw\RGB1\S35\AC8\RGB1_SUB35ACT8F76.jpg,1,0,0.4950224459171295
955,35,8,91,D:\Skripsi\Experiment\data\raw\RGB1\S35\AC8\RGB1_SUB35ACT8F91.jpg,1,0,0.4708796739578247
956,35,9,1,D:\Skripsi\Experiment\data\raw\RGB1\S35\AC9\RGB1_SUB35ACT9F1.jpg,1,1,0.5382592678070068
957,35,9,106,D:\Skripsi\Experiment\data\raw\RGB1\S35\AC9\RGB1_SUB35ACT9F106.jpg,1,1,0.6282827258110046
958,35,9,121,D:\Skripsi\Experiment\data\raw\RGB1\S35\AC9\RGB1_SUB35ACT9F121.jpg,1,1,0.7453926205635071
959,35,9,16,D:\Skripsi\Experiment\data\raw\RGB1\S35\AC9\RGB1_SUB35ACT9F16.jpg,1,1,0.518034815788269
960,35,9,31,D:\Skripsi\Experiment\data\raw\RGB1\S35\AC9\RGB1_SUB35ACT9F31.jpg,1,0,0.43204471468925476
961,35,9,46,D:\Skripsi\Experiment\data\raw\RGB1\S35\AC9\RGB1_SUB35ACT9F46.jpg,1,1,0.549412727355957
962,35,9,61,D:\Skripsi\Experiment\data\raw\RGB1\S35\AC9\RGB1_SUB35ACT9F61.jpg,1,0,0.43024715781211853
963,35,9,76,D:\Skripsi\Experiment\data\raw\RGB1\S35\AC9\RGB1_SUB35ACT9F76.jpg,1,1,0.5911415219306946
964,35,9,91,D:\Skripsi\Experiment\data\raw\RGB1\S35\AC9\RGB1_SUB35ACT9F91.jpg,1,1,0.6789548993110657
965,36,1,1,D:\Skripsi\Experiment\data\raw\RGB1\S36\AC1\RGB1_SUB36ACT1F1.jpg,0,1,0.6159140467643738
966,36,1,106,D:\Skripsi\Experiment\data\raw\RGB1\S36\AC1\RGB1_SUB36ACT1F106.jpg,0,1,0.6097395420074463
967,36,1,121,D:\Skripsi\Experiment\data\raw\RGB1\S36\AC1\RGB1_SUB36ACT1F121.jpg,0,1,0.6230698823928833
968,36,1,16,D:\Skripsi\Experiment\data\raw\RGB1\S36\AC1\RGB1_SUB36ACT1F16.jpg,0,1,0.6582505106925964
969,36,1,31,D:\Skripsi\Experiment\data\raw\RGB1\S36\AC1\RGB1_SUB36ACT1F31.jpg,0,1,0.5915891528129578
970,36,1,46,D:\Skripsi\Experiment\data\raw\RGB1\S36\AC1\RGB1_SUB36ACT1F46.jpg,0,0,0.4742128849029541
971,36,1,61,D:\Skripsi\Experiment\data\raw\RGB1\S36\AC1\RGB1_SUB36ACT1F61.jpg,0,0,0.47922855615615845
972,36,1,76,D:\Skripsi\Experiment\data\raw\RGB1\S36\AC1\RGB1_SUB36ACT1F76.jpg,0,0,0.4946726858615875
973,36,1,91,D:\Skripsi\Experiment\data\raw\RGB1\S36\AC1\RGB1_SUB36ACT1F91.jpg,0,1,0.639154314994812
974,36,5,1,D:\Skripsi\Experiment\data\raw\RGB1\S36\AC5\RGB1_SUB36ACT5F1.jpg,1,1,0.6138417720794678
975,36,5,106,D:\Skripsi\Experiment\data\raw\RGB1\S36\AC5\RGB1_SUB36ACT5F106.jpg,1,1,0.548991322517395
976,36,5,121,D:\Skripsi\Experiment\data\raw\RGB1\S36\AC5\RGB1_SUB36ACT5F121.jpg,1,1,0.6259177327156067
977,36,5,136,D:\Skripsi\Experiment\data\raw\RGB1\S36\AC5\RGB1_SUB36ACT5F136.jpg,1,1,0.5343438386917114
978,36,5,16,D:\Skripsi\Experiment\data\raw\RGB1\S36\AC5\RGB1_SUB36ACT5F16.jpg,1,1,0.6467154622077942
979,36,5,31,D:\Skripsi\Experiment\data\raw\RGB1\S36\AC5\RGB1_SUB36ACT5F31.jpg,1,1,0.5779922008514404
980,36,5,46,D:\Skripsi\Experiment\data\raw\RGB1\S36\AC5\RGB1_SUB36ACT5F46.jpg,1,1,0.626771867275238
981,36,5,61,D:\Skripsi\Experiment\data\raw\RGB1\S36\AC5\RGB1_SUB36ACT5F61.jpg,1,1,0.601043701171875
982,36,5,76,D:\Skripsi\Experiment\data\raw\RGB1\S36\AC5\RGB1_SUB36ACT5F76.jpg,1,1,0.6440145969390869
983,36,5,91,D:\Skripsi\Experiment\data\raw\RGB1\S36\AC5\RGB1_SUB36ACT5F91.jpg,1,1,0.6308041214942932
984,36,6,1,D:\Skripsi\Experiment\data\raw\RGB1\S36\AC6\RGB1_SUB36ACT6F1.jpg,1,1,0.7093897461891174
985,36,6,16,D:\Skripsi\Experiment\data\raw\RGB1\S36\AC6\RGB1_SUB36ACT6F16.jpg,1,1,0.7764579653739929
986,36,6,31,D:\Skripsi\Experiment\data\raw\RGB1\S36\AC6\RGB1_SUB36ACT6F31.jpg,1,1,0.7200101613998413
987,36,6,46,D:\Skripsi\Experiment\data\raw\RGB1\S36\AC6\RGB1_SUB36ACT6F46.jpg,1,1,0.5980772972106934
988,36,6,61,D:\Skripsi\Experiment\data\raw\RGB1\S36\AC6\RGB1_SUB36ACT6F61.jpg,1,1,0.7620539665222168
989,36,6,76,D:\Skripsi\Experiment\data\raw\RGB1\S36\AC6\RGB1_SUB36ACT6F76.jpg,1,1,0.7948558926582336
990,36,6,91,D:\Skripsi\Experiment\data\raw\RGB1\S36\AC6\RGB1_SUB36ACT6F91.jpg,1,1,0.6639951467514038
991,36,7,1,D:\Skripsi\Experiment\data\raw\RGB1\S36\AC7\RGB1_SUB36ACT7F1.jpg,1,1,0.659502387046814
992,36,7,106,D:\Skripsi\Experiment\data\raw\RGB1\S36\AC7\RGB1_SUB36ACT7F106.jpg,1,1,0.6483577489852905
993,36,7,121,D:\Skripsi\Experiment\data\raw\RGB1\S36\AC7\RGB1_SUB36ACT7F121.jpg,1,1,0.7103263139724731
994,36,7,16,D:\Skripsi\Experiment\data\raw\RGB1\S36\AC7\RGB1_SUB36ACT7F16.jpg,1,1,0.7023395299911499
995,36,7,31,D:\Skripsi\Experiment\data\raw\RGB1\S36\AC7\RGB1_SUB36ACT7F31.jpg,1,1,0.7161032557487488
996,36,7,46,D:\Skripsi\Experiment\data\raw\RGB1\S36\AC7\RGB1_SUB36ACT7F46.jpg,1,1,0.6961507797241211
997,36,7,61,D:\Skripsi\Experiment\data\raw\RGB1\S36\AC7\RGB1_SUB36ACT7F61.jpg,1,1,0.6600149273872375
998,36,7,76,D:\Skripsi\Experiment\data\raw\RGB1\S36\AC7\RGB1_SUB36ACT7F76.jpg,1,1,0.5834879875183105
999,36,7,91,D:\Skripsi\Experiment\data\raw\RGB1\S36\AC7\RGB1_SUB36ACT7F91.jpg,1,1,0.6939111351966858
1000,36,8,1,D:\Skripsi\Experiment\data\raw\RGB1\S36\AC8\RGB1_SUB36ACT8F1.jpg,1,1,0.6386009454727173
1001,36,8,106,D:\Skripsi\Experiment\data\raw\RGB1\S36\AC8\RGB1_SUB36ACT8F106.jpg,1,1,0.722901463508606
1002,36,8,121,D:\Skripsi\Experiment\data\raw\RGB1\S36\AC8\RGB1_SUB36ACT8F121.jpg,1,1,0.7606927752494812
1003,36,8,136,D:\Skripsi\Experiment\data\raw\RGB1\S36\AC8\RGB1_SUB36ACT8F136.jpg,1,1,0.6363250613212585
1004,36,8,16,D:\Skripsi\Experiment\data\raw\RGB1\S36\AC8\RGB1_SUB36ACT8F16.jpg,1,1,0.7715905904769897
1005,36,8,31,D:\Skripsi\Experiment\data\raw\RGB1\S36\AC8\RGB1_SUB36ACT8F31.jpg,1,1,0.6565848588943481
1006,36,8,46,D:\Skripsi\Experiment\data\raw\RGB1\S36\AC8\RGB1_SUB36ACT8F46.jpg,1,1,0.7304670214653015
1007,36,8,61,D:\Skripsi\Experiment\data\raw\RGB1\S36\AC8\RGB1_SUB36ACT8F61.jpg,1,1,0.5354225635528564
1008,36,8,76,D:\Skripsi\Experiment\data\raw\RGB1\S36\AC8\RGB1_SUB36ACT8F76.jpg,1,0,0.4634842276573181
1009,36,8,91,D:\Skripsi\Experiment\data\raw\RGB1\S36\AC8\RGB1_SUB36ACT8F91.jpg,1,1,0.6205627918243408
1010,36,9,1,D:\Skripsi\Experiment\data\raw\RGB1\S36\AC9\RGB1_SUB36ACT9F1.jpg,1,1,0.6051408648490906
1011,36,9,106,D:\Skripsi\Experiment\data\raw\RGB1\S36\AC9\RGB1_SUB36ACT9F106.jpg,1,1,0.5536049008369446
1012,36,9,121,D:\Skripsi\Experiment\data\raw\RGB1\S36\AC9\RGB1_SUB36ACT9F121.jpg,1,1,0.5319333672523499
1013,36,9,136,D:\Skripsi\Experiment\data\raw\RGB1\S36\AC9\RGB1_SUB36ACT9F136.jpg,1,1,0.5920252203941345
1014,36,9,151,D:\Skripsi\Experiment\data\raw\RGB1\S36\AC9\RGB1_SUB36ACT9F151.jpg,1,0,0.4092243015766144
1015,36,9,16,D:\Skripsi\Experiment\data\raw\RGB1\S36\AC9\RGB1_SUB36ACT9F16.jpg,1,1,0.6546236872673035
1016,36,9,31,D:\Skripsi\Experiment\data\raw\RGB1\S36\AC9\RGB1_SUB36ACT9F31.jpg,1,1,0.6558906435966492
1017,36,9,46,D:\Skripsi\Experiment\data\raw\RGB1\S36\AC9\RGB1_SUB36ACT9F46.jpg,1,1,0.5572678446769714
1018,36,9,61,D:\Skripsi\Experiment\data\raw\RGB1\S36\AC9\RGB1_SUB36ACT9F61.jpg,1,1,0.5271629691123962
1019,36,9,76,D:\Skripsi\Experiment\data\raw\RGB1\S36\AC9\RGB1_SUB36ACT9F76.jpg,1,0,0.49728626012802124
1020,36,9,91,D:\Skripsi\Experiment\data\raw\RGB1\S36\AC9\RGB1_SUB36ACT9F91.jpg,1,1,0.6074215173721313
1021,37,1,1,D:\Skripsi\Experiment\data\raw\RGB1\S37\AC1\RGB1_SUB37ACT1F1.jpg,0,1,0.5241454839706421
1022,37,1,106,D:\Skripsi\Experiment\data\raw\RGB1\S37\AC1\RGB1_SUB37ACT1F106.jpg,0,1,0.5372984409332275
1023,37,1,121,D:\Skripsi\Experiment\data\raw\RGB1\S37\AC1\RGB1_SUB37ACT1F121.jpg,0,1,0.5419515371322632
1024,37,1,136,D:\Skripsi\Experiment\data\raw\RGB1\S37\AC1\RGB1_SUB37ACT1F136.jpg,0,1,0.5716928243637085
1025,37,1,16,D:\Skripsi\Experiment\data\raw\RGB1\S37\AC1\RGB1_SUB37ACT1F16.jpg,0,1,0.5278023481369019
1026,37,1,31,D:\Skripsi\Experiment\data\raw\RGB1\S37\AC1\RGB1_SUB37ACT1F31.jpg,0,1,0.5009162425994873
1027,37,1,46,D:\Skripsi\Experiment\data\raw\RGB1\S37\AC1\RGB1_SUB37ACT1F46.jpg,0,1,0.5057435631752014
1028,37,1,61,D:\Skripsi\Experiment\data\raw\RGB1\S37\AC1\RGB1_SUB37ACT1F61.jpg,0,1,0.5012660026550293
1029,37,1,76,D:\Skripsi\Experiment\data\raw\RGB1\S37\AC1\RGB1_SUB37ACT1F76.jpg,0,1,0.519405722618103
1030,37,1,91,D:\Skripsi\Experiment\data\raw\RGB1\S37\AC1\RGB1_SUB37ACT1F91.jpg,0,1,0.5975387692451477
1031,37,5,1,D:\Skripsi\Experiment\data\raw\RGB1\S37\AC5\RGB1_SUB37ACT5F1.jpg,1,1,0.6683064103126526
1032,37,5,106,D:\Skripsi\Experiment\data\raw\RGB1\S37\AC5\RGB1_SUB37ACT5F106.jpg,1,1,0.5732790231704712
1033,37,5,121,D:\Skripsi\Experiment\data\raw\RGB1\S37\AC5\RGB1_SUB37ACT5F121.jpg,1,1,0.5827537775039673
1034,37,5,16,D:\Skripsi\Experiment\data\raw\RGB1\S37\AC5\RGB1_SUB37ACT5F16.jpg,1,1,0.5944477915763855
1035,37,5,31,D:\Skripsi\Experiment\data\raw\RGB1\S37\AC5\RGB1_SUB37ACT5F31.jpg,1,1,0.6424782872200012
1036,37,5,46,D:\Skripsi\Experiment\data\raw\RGB1\S37\AC5\RGB1_SUB37ACT5F46.jpg,1,1,0.6422693133354187
1037,37,5,61,D:\Skripsi\Experiment\data\raw\RGB1\S37\AC5\RGB1_SUB37ACT5F61.jpg,1,1,0.5063704252243042
1038,37,5,76,D:\Skripsi\Experiment\data\raw\RGB1\S37\AC5\RGB1_SUB37ACT5F76.jpg,1,1,0.5198163390159607
1039,37,5,91,D:\Skripsi\Experiment\data\raw\RGB1\S37\AC5\RGB1_SUB37ACT5F91.jpg,1,1,0.5114003419876099
1040,37,6,1,D:\Skripsi\Experiment\data\raw\RGB1\S37\AC6\RGB1_SUB37ACT6F1.jpg,1,1,0.58420330286026
1041,37,6,106,D:\Skripsi\Experiment\data\raw\RGB1\S37\AC6\RGB1_SUB37ACT6F106.jpg,1,1,0.632419764995575
1042,37,6,121,D:\Skripsi\Experiment\data\raw\RGB1\S37\AC6\RGB1_SUB37ACT6F121.jpg,1,1,0.6439013481140137
1043,37,6,136,D:\Skripsi\Experiment\data\raw\RGB1\S37\AC6\RGB1_SUB37ACT6F136.jpg,1,1,0.6085398197174072
1044,37,6,16,D:\Skripsi\Experiment\data\raw\RGB1\S37\AC6\RGB1_SUB37ACT6F16.jpg,1,1,0.6859590411186218
1045,37,6,31,D:\Skripsi\Experiment\data\raw\RGB1\S37\AC6\RGB1_SUB37ACT6F31.jpg,1,1,0.6501070261001587
1046,37,6,46,D:\Skripsi\Experiment\data\raw\RGB1\S37\AC6\RGB1_SUB37ACT6F46.jpg,1,1,0.741577684879303
1047,37,6,61,D:\Skripsi\Experiment\data\raw\RGB1\S37\AC6\RGB1_SUB37ACT6F61.jpg,1,1,0.7462266683578491
1048,37,6,76,D:\Skripsi\Experiment\data\raw\RGB1\S37\AC6\RGB1_SUB37ACT6F76.jpg,1,1,0.6397292017936707
1049,37,6,91,D:\Skripsi\Experiment\data\raw\RGB1\S37\AC6\RGB1_SUB37ACT6F91.jpg,1,1,0.6100003123283386
1050,37,7,1,D:\Skripsi\Experiment\data\raw\RGB1\S37\AC7\RGB1_SUB37ACT7F1.jpg,1,1,0.5654186010360718
1051,37,7,106,D:\Skripsi\Experiment\data\raw\RGB1\S37\AC7\RGB1_SUB37ACT7F106.jpg,1,1,0.8138821125030518
1052,37,7,121,D:\Skripsi\Experiment\data\raw\RGB1\S37\AC7\RGB1_SUB37ACT7F121.jpg,1,1,0.6480837464332581
1053,37,7,136,D:\Skripsi\Experiment\data\raw\RGB1\S37\AC7\RGB1_SUB37ACT7F136.jpg,1,1,0.7736522555351257
1054,37,7,151,D:\Skripsi\Experiment\data\raw\RGB1\S37\AC7\RGB1_SUB37ACT7F151.jpg,1,1,0.7431336045265198
1055,37,7,16,D:\Skripsi\Experiment\data\raw\RGB1\S37\AC7\RGB1_SUB37ACT7F16.jpg,1,1,0.6997207999229431
1056,37,7,166,D:\Skripsi\Experiment\data\raw\RGB1\S37\AC7\RGB1_SUB37ACT7F166.jpg,1,1,0.6219142079353333
1057,37,7,31,D:\Skripsi\Experiment\data\raw\RGB1\S37\AC7\RGB1_SUB37ACT7F31.jpg,1,1,0.5590808391571045
1058,37,7,46,D:\Skripsi\Experiment\data\raw\RGB1\S37\AC7\RGB1_SUB37ACT7F46.jpg,1,1,0.5737698674201965
1059,37,7,61,D:\Skripsi\Experiment\data\raw\RGB1\S37\AC7\RGB1_SUB37ACT7F61.jpg,1,1,0.6114645600318909
1060,37,7,76,D:\Skripsi\Experiment\data\raw\RGB1\S37\AC7\RGB1_SUB37ACT7F76.jpg,1,1,0.7218784093856812
1061,37,7,91,D:\Skripsi\Experiment\data\raw\RGB1\S37\AC7\RGB1_SUB37ACT7F91.jpg,1,1,0.7696833610534668
1062,37,8,1,D:\Skripsi\Experiment\data\raw\RGB1\S37\AC8\RGB1_SUB37ACT8F1.jpg,1,1,0.6984373331069946
1063,37,8,106,D:\Skripsi\Experiment\data\raw\RGB1\S37\AC8\RGB1_SUB37ACT8F106.jpg,1,1,0.7051209211349487
1064,37,8,121,D:\Skripsi\Experiment\data\raw\RGB1\S37\AC8\RGB1_SUB37ACT8F121.jpg,1,1,0.6873860359191895
1065,37,8,136,D:\Skripsi\Experiment\data\raw\RGB1\S37\AC8\RGB1_SUB37ACT8F136.jpg,1,1,0.6458427309989929
1066,37,8,151,D:\Skripsi\Experiment\data\raw\RGB1\S37\AC8\RGB1_SUB37ACT8F151.jpg,1,1,0.7502169013023376
1067,37,8,16,D:\Skripsi\Experiment\data\raw\RGB1\S37\AC8\RGB1_SUB37ACT8F16.jpg,1,1,0.6297517418861389
1068,37,8,166,D:\Skripsi\Experiment\data\raw\RGB1\S37\AC8\RGB1_SUB37ACT8F166.jpg,1,1,0.6469418406486511
1069,37,8,31,D:\Skripsi\Experiment\data\raw\RGB1\S37\AC8\RGB1_SUB37ACT8F31.jpg,1,1,0.6513543725013733
1070,37,8,46,D:\Skripsi\Experiment\data\raw\RGB1\S37\AC8\RGB1_SUB37ACT8F46.jpg,1,1,0.6629437208175659
1071,37,8,61,D:\Skripsi\Experiment\data\raw\RGB1\S37\AC8\RGB1_SUB37ACT8F61.jpg,1,1,0.6530545949935913
1072,37,8,76,D:\Skripsi\Experiment\data\raw\RGB1\S37\AC8\RGB1_SUB37ACT8F76.jpg,1,1,0.5233134031295776
1073,37,8,91,D:\Skripsi\Experiment\data\raw\RGB1\S37\AC8\RGB1_SUB37ACT8F91.jpg,1,1,0.5926973223686218
1074,37,9,1,D:\Skripsi\Experiment\data\raw\RGB1\S37\AC9\RGB1_SUB37ACT9F1.jpg,1,1,0.587348997592926
1075,37,9,106,D:\Skripsi\Experiment\data\raw\RGB1\S37\AC9\RGB1_SUB37ACT9F106.jpg,1,1,0.7176889181137085
1076,37,9,121,D:\Skripsi\Experiment\data\raw\RGB1\S37\AC9\RGB1_SUB37ACT9F121.jpg,1,1,0.7157801985740662
1077,37,9,136,D:\Skripsi\Experiment\data\raw\RGB1\S37\AC9\RGB1_SUB37ACT9F136.jpg,1,1,0.6161651611328125
1078,37,9,151,D:\Skripsi\Experiment\data\raw\RGB1\S37\AC9\RGB1_SUB37ACT9F151.jpg,1,1,0.6733648180961609
1079,37,9,16,D:\Skripsi\Experiment\data\raw\RGB1\S37\AC9\RGB1_SUB37ACT9F16.jpg,1,1,0.6524842977523804
1080,37,9,166,D:\Skripsi\Experiment\data\raw\RGB1\S37\AC9\RGB1_SUB37ACT9F166.jpg,1,0,0.4600374698638916
1081,37,9,31,D:\Skripsi\Experiment\data\raw\RGB1\S37\AC9\RGB1_SUB37ACT9F31.jpg,1,1,0.7529528737068176
1082,37,9,46,D:\Skripsi\Experiment\data\raw\RGB1\S37\AC9\RGB1_SUB37ACT9F46.jpg,1,1,0.719147801399231
1083,37,9,61,D:\Skripsi\Experiment\data\raw\RGB1\S37\AC9\RGB1_SUB37ACT9F61.jpg,1,1,0.672542929649353
1084,37,9,76,D:\Skripsi\Experiment\data\raw\RGB1\S37\AC9\RGB1_SUB37ACT9F76.jpg,1,1,0.6310349106788635
1085,37,9,91,D:\Skripsi\Experiment\data\raw\RGB1\S37\AC9\RGB1_SUB37ACT9F91.jpg,1,1,0.767668604850769
1086,38,1,1,D:\Skripsi\Experiment\data\raw\RGB1\S38\AC1\RGB1_SUB38ACT1F1.jpg,0,1,0.5845973491668701
1087,38,1,106,D:\Skripsi\Experiment\data\raw\RGB1\S38\AC1\RGB1_SUB38ACT1F106.jpg,0,1,0.5209246277809143
1088,38,1,121,D:\Skripsi\Experiment\data\raw\RGB1\S38\AC1\RGB1_SUB38ACT1F121.jpg,0,1,0.5288234353065491
1089,38,1,16,D:\Skripsi\Experiment\data\raw\RGB1\S38\AC1\RGB1_SUB38ACT1F16.jpg,0,1,0.5585732460021973
1090,38,1,31,D:\Skripsi\Experiment\data\raw\RGB1\S38\AC1\RGB1_SUB38ACT1F31.jpg,0,1,0.5320127010345459
1091,38,1,46,D:\Skripsi\Experiment\data\raw\RGB1\S38\AC1\RGB1_SUB38ACT1F46.jpg,0,1,0.5659304857254028
1092,38,1,61,D:\Skripsi\Experiment\data\raw\RGB1\S38\AC1\RGB1_SUB38ACT1F61.jpg,0,1,0.599161684513092
1093,38,1,76,D:\Skripsi\Experiment\data\raw\RGB1\S38\AC1\RGB1_SUB38ACT1F76.jpg,0,1,0.6021152138710022
1094,38,1,91,D:\Skripsi\Experiment\data\raw\RGB1\S38\AC1\RGB1_SUB38ACT1F91.jpg,0,1,0.5932978987693787
1095,38,5,1,D:\Skripsi\Experiment\data\raw\RGB1\S38\AC5\RGB1_SUB38ACT5F1.jpg,1,1,0.5898003578186035
1096,38,5,106,D:\Skripsi\Experiment\data\raw\RGB1\S38\AC5\RGB1_SUB38ACT5F106.jpg,1,1,0.5341373085975647
1097,38,5,16,D:\Skripsi\Experiment\data\raw\RGB1\S38\AC5\RGB1_SUB38ACT5F16.jpg,1,1,0.5911509990692139
1098,38,5,31,D:\Skripsi\Experiment\data\raw\RGB1\S38\AC5\RGB1_SUB38ACT5F31.jpg,1,1,0.5369245409965515
1099,38,5,46,D:\Skripsi\Experiment\data\raw\RGB1\S38\AC5\RGB1_SUB38ACT5F46.jpg,1,1,0.5941254496574402
1100,38,5,61,D:\Skripsi\Experiment\data\raw\RGB1\S38\AC5\RGB1_SUB38ACT5F61.jpg,1,1,0.6386953592300415
1101,38,5,76,D:\Skripsi\Experiment\data\raw\RGB1\S38\AC5\RGB1_SUB38ACT5F76.jpg,1,1,0.5674992203712463
1102,38,5,91,D:\Skripsi\Experiment\data\raw\RGB1\S38\AC5\RGB1_SUB38ACT5F91.jpg,1,1,0.5816397666931152
1103,38,6,1,D:\Skripsi\Experiment\data\raw\RGB1\S38\AC6\RGB1_SUB38ACT6F1.jpg,1,1,0.5656233429908752
1104,38,6,106,D:\Skripsi\Experiment\data\raw\RGB1\S38\AC6\RGB1_SUB38ACT6F106.jpg,1,1,0.657671332359314
1105,38,6,16,D:\Skripsi\Experiment\data\raw\RGB1\S38\AC6\RGB1_SUB38ACT6F16.jpg,1,1,0.6168547868728638
1106,38,6,31,D:\Skripsi\Experiment\data\raw\RGB1\S38\AC6\RGB1_SUB38ACT6F31.jpg,1,0,0.4901224672794342
1107,38,6,46,D:\Skripsi\Experiment\data\raw\RGB1\S38\AC6\RGB1_SUB38ACT6F46.jpg,1,1,0.6504586338996887
1108,38,6,61,D:\Skripsi\Experiment\data\raw\RGB1\S38\AC6\RGB1_SUB38ACT6F61.jpg,1,1,0.6004258394241333
1109,38,6,76,D:\Skripsi\Experiment\data\raw\RGB1\S38\AC6\RGB1_SUB38ACT6F76.jpg,1,1,0.5679503083229065
1110,38,6,91,D:\Skripsi\Experiment\data\raw\RGB1\S38\AC6\RGB1_SUB38ACT6F91.jpg,1,1,0.6169682145118713
1111,38,7,1,D:\Skripsi\Experiment\data\raw\RGB1\S38\AC7\RGB1_SUB38ACT7F1.jpg,1,1,0.664857029914856
1112,38,7,106,D:\Skripsi\Experiment\data\raw\RGB1\S38\AC7\RGB1_SUB38ACT7F106.jpg,1,1,0.546374499797821
1113,38,7,121,D:\Skripsi\Experiment\data\raw\RGB1\S38\AC7\RGB1_SUB38ACT7F121.jpg,1,0,0.47391828894615173
1114,38,7,16,D:\Skripsi\Experiment\data\raw\RGB1\S38\AC7\RGB1_SUB38ACT7F16.jpg,1,1,0.6534498333930969
1115,38,7,31,D:\Skripsi\Experiment\data\raw\RGB1\S38\AC7\RGB1_SUB38ACT7F31.jpg,1,1,0.6778319478034973
1116,38,7,46,D:\Skripsi\Experiment\data\raw\RGB1\S38\AC7\RGB1_SUB38ACT7F46.jpg,1,1,0.5357019901275635
1117,38,7,61,D:\Skripsi\Experiment\data\raw\RGB1\S38\AC7\RGB1_SUB38ACT7F61.jpg,1,0,0.4693494141101837
1118,38,7,76,D:\Skripsi\Experiment\data\raw\RGB1\S38\AC7\RGB1_SUB38ACT7F76.jpg,1,0,0.42642050981521606
1119,38,7,91,D:\Skripsi\Experiment\data\raw\RGB1\S38\AC7\RGB1_SUB38ACT7F91.jpg,1,0,0.39633268117904663
1120,38,8,1,D:\Skripsi\Experiment\data\raw\RGB1\S38\AC8\RGB1_SUB38ACT8F1.jpg,1,1,0.7258331179618835
1121,38,8,106,D:\Skripsi\Experiment\data\raw\RGB1\S38\AC8\RGB1_SUB38ACT8F106.jpg,1,1,0.7145083546638489
1122,38,8,121,D:\Skripsi\Experiment\data\raw\RGB1\S38\AC8\RGB1_SUB38ACT8F121.jpg,1,1,0.5999681949615479
1123,38,8,16,D:\Skripsi\Experiment\data\raw\RGB1\S38\AC8\RGB1_SUB38ACT8F16.jpg,1,1,0.6639663577079773
1124,38,8,31,D:\Skripsi\Experiment\data\raw\RGB1\S38\AC8\RGB1_SUB38ACT8F31.jpg,1,1,0.6784074902534485
1125,38,8,46,D:\Skripsi\Experiment\data\raw\RGB1\S38\AC8\RGB1_SUB38ACT8F46.jpg,1,1,0.7248284220695496
1126,38,8,61,D:\Skripsi\Experiment\data\raw\RGB1\S38\AC8\RGB1_SUB38ACT8F61.jpg,1,1,0.7257676720619202
1127,38,8,76,D:\Skripsi\Experiment\data\raw\RGB1\S38\AC8\RGB1_SUB38ACT8F76.jpg,1,1,0.734312117099762
1128,38,8,91,D:\Skripsi\Experiment\data\raw\RGB1\S38\AC8\RGB1_SUB38ACT8F91.jpg,1,1,0.8005803227424622
1129,38,9,1,D:\Skripsi\Experiment\data\raw\RGB1\S38\AC9\RGB1_SUB38ACT9F1.jpg,1,1,0.6536287069320679
1130,38,9,106,D:\Skripsi\Experiment\data\raw\RGB1\S38\AC9\RGB1_SUB38ACT9F106.jpg,1,1,0.5998996496200562
1131,38,9,121,D:\Skripsi\Experiment\data\raw\RGB1\S38\AC9\RGB1_SUB38ACT9F121.jpg,1,1,0.668695330619812
1132,38,9,16,D:\Skripsi\Experiment\data\raw\RGB1\S38\AC9\RGB1_SUB38ACT9F16.jpg,1,1,0.5911078453063965
1133,38,9,31,D:\Skripsi\Experiment\data\raw\RGB1\S38\AC9\RGB1_SUB38ACT9F31.jpg,1,1,0.5693500638008118
1134,38,9,46,D:\Skripsi\Experiment\data\raw\RGB1\S38\AC9\RGB1_SUB38ACT9F46.jpg,1,1,0.6414914727210999
1135,38,9,61,D:\Skripsi\Experiment\data\raw\RGB1\S38\AC9\RGB1_SUB38ACT9F61.jpg,1,1,0.6522443890571594
1136,38,9,76,D:\Skripsi\Experiment\data\raw\RGB1\S38\AC9\RGB1_SUB38ACT9F76.jpg,1,1,0.5880856513977051
1137,38,9,91,D:\Skripsi\Experiment\data\raw\RGB1\S38\AC9\RGB1_SUB38ACT9F91.jpg,1,1,0.6743621826171875
1138,39,1,1,D:\Skripsi\Experiment\data\raw\RGB1\S39\AC1\RGB1_SUB39ACT1F1.jpg,0,1,0.6554800868034363
1139,39,1,16,D:\Skripsi\Experiment\data\raw\RGB1\S39\AC1\RGB1_SUB39ACT1F16.jpg,0,1,0.6701070070266724
1140,39,1,31,D:\Skripsi\Experiment\data\raw\RGB1\S39\AC1\RGB1_SUB39ACT1F31.jpg,0,1,0.5470052361488342
1141,39,1,46,D:\Skripsi\Experiment\data\raw\RGB1\S39\AC1\RGB1_SUB39ACT1F46.jpg,0,1,0.535016655921936
1142,39,1,61,D:\Skripsi\Experiment\data\raw\RGB1\S39\AC1\RGB1_SUB39ACT1F61.jpg,0,1,0.5662208795547485
1143,39,1,76,D:\Skripsi\Experiment\data\raw\RGB1\S39\AC1\RGB1_SUB39ACT1F76.jpg,0,1,0.6219717860221863
1144,39,1,91,D:\Skripsi\Experiment\data\raw\RGB1\S39\AC1\RGB1_SUB39ACT1F91.jpg,0,1,0.5413131713867188
1145,39,5,1,D:\Skripsi\Experiment\data\raw\RGB1\S39\AC5\RGB1_SUB39ACT5F1.jpg,1,1,0.5601608753204346
1146,39,5,16,D:\Skripsi\Experiment\data\raw\RGB1\S39\AC5\RGB1_SUB39ACT5F16.jpg,1,1,0.6942024827003479
1147,39,5,31,D:\Skripsi\Experiment\data\raw\RGB1\S39\AC5\RGB1_SUB39ACT5F31.jpg,1,1,0.5291424989700317
1148,39,5,46,D:\Skripsi\Experiment\data\raw\RGB1\S39\AC5\RGB1_SUB39ACT5F46.jpg,1,1,0.5357043743133545
1149,39,5,61,D:\Skripsi\Experiment\data\raw\RGB1\S39\AC5\RGB1_SUB39ACT5F61.jpg,1,1,0.569118320941925
1150,39,5,76,D:\Skripsi\Experiment\data\raw\RGB1\S39\AC5\RGB1_SUB39ACT5F76.jpg,1,0,0.49120569229125977
1151,39,5,91,D:\Skripsi\Experiment\data\raw\RGB1\S39\AC5\RGB1_SUB39ACT5F91.jpg,1,0,0.42439746856689453
1152,39,6,1,D:\Skripsi\Experiment\data\raw\RGB1\S39\AC6\RGB1_SUB39ACT6F1.jpg,1,1,0.5817325115203857
1153,39,6,106,D:\Skripsi\Experiment\data\raw\RGB1\S39\AC6\RGB1_SUB39ACT6F106.jpg,1,1,0.7172878384590149
1154,39,6,16,D:\Skripsi\Experiment\data\raw\RGB1\S39\AC6\RGB1_SUB39ACT6F16.jpg,1,1,0.5923177003860474
1155,39,6,31,D:\Skripsi\Experiment\data\raw\RGB1\S39\AC6\RGB1_SUB39ACT6F31.jpg,1,1,0.5733644962310791
1156,39,6,46,D:\Skripsi\Experiment\data\raw\RGB1\S39\AC6\RGB1_SUB39ACT6F46.jpg,1,1,0.6344727873802185
1157,39,6,61,D:\Skripsi\Experiment\data\raw\RGB1\S39\AC6\RGB1_SUB39ACT6F61.jpg,1,1,0.6080018877983093
1158,39,6,76,D:\Skripsi\Experiment\data\raw\RGB1\S39\AC6\RGB1_SUB39ACT6F76.jpg,1,1,0.5721266269683838
1159,39,6,91,D:\Skripsi\Experiment\data\raw\RGB1\S39\AC6\RGB1_SUB39ACT6F91.jpg,1,1,0.6391253471374512
1160,39,7,1,D:\Skripsi\Experiment\data\raw\RGB1\S39\AC7\RGB1_SUB39ACT7F1.jpg,1,1,0.5266974568367004
1161,39,7,16,D:\Skripsi\Experiment\data\raw\RGB1\S39\AC7\RGB1_SUB39ACT7F16.jpg,1,0,0.47451305389404297
1162,39,7,31,D:\Skripsi\Experiment\data\raw\RGB1\S39\AC7\RGB1_SUB39ACT7F31.jpg,1,0,0.49218490719795227
1163,39,7,46,D:\Skripsi\Experiment\data\raw\RGB1\S39\AC7\RGB1_SUB39ACT7F46.jpg,1,1,0.6040656566619873
1164,39,7,61,D:\Skripsi\Experiment\data\raw\RGB1\S39\AC7\RGB1_SUB39ACT7F61.jpg,1,1,0.5605122447013855
1165,39,7,76,D:\Skripsi\Experiment\data\raw\RGB1\S39\AC7\RGB1_SUB39ACT7F76.jpg,1,1,0.7390422224998474
1166,39,7,91,D:\Skripsi\Experiment\data\raw\RGB1\S39\AC7\RGB1_SUB39ACT7F91.jpg,1,1,0.5202900171279907
1167,39,8,1,D:\Skripsi\Experiment\data\raw\RGB1\S39\AC8\RGB1_SUB39ACT8F1.jpg,1,1,0.6622330546379089
1168,39,8,106,D:\Skripsi\Experiment\data\raw\RGB1\S39\AC8\RGB1_SUB39ACT8F106.jpg,1,1,0.5720282793045044
1169,39,8,121,D:\Skripsi\Experiment\data\raw\RGB1\S39\AC8\RGB1_SUB39ACT8F121.jpg,1,1,0.5497469305992126
1170,39,8,136,D:\Skripsi\Experiment\data\raw\RGB1\S39\AC8\RGB1_SUB39ACT8F136.jpg,1,1,0.7881205677986145
1171,39,8,16,D:\Skripsi\Experiment\data\raw\RGB1\S39\AC8\RGB1_SUB39ACT8F16.jpg,1,1,0.7260513305664062
1172,39,8,31,D:\Skripsi\Experiment\data\raw\RGB1\S39\AC8\RGB1_SUB39ACT8F31.jpg,1,1,0.6955800652503967
1173,39,8,46,D:\Skripsi\Experiment\data\raw\RGB1\S39\AC8\RGB1_SUB39ACT8F46.jpg,1,1,0.5878336429595947
1174,39,8,61,D:\Skripsi\Experiment\data\raw\RGB1\S39\AC8\RGB1_SUB39ACT8F61.jpg,1,1,0.5685493350028992
1175,39,8,76,D:\Skripsi\Experiment\data\raw\RGB1\S39\AC8\RGB1_SUB39ACT8F76.jpg,1,1,0.7776591777801514
1176,39,8,91,D:\Skripsi\Experiment\data\raw\RGB1\S39\AC8\RGB1_SUB39ACT8F91.jpg,1,0,0.4995517432689667
1177,39,9,1,D:\Skripsi\Experiment\data\raw\RGB1\S39\AC9\RGB1_SUB39ACT9F1.jpg,1,1,0.6459710597991943
1178,39,9,106,D:\Skripsi\Experiment\data\raw\RGB1\S39\AC9\RGB1_SUB39ACT9F106.jpg,1,0,0.42549601197242737
1179,39,9,121,D:\Skripsi\Experiment\data\raw\RGB1\S39\AC9\RGB1_SUB39ACT9F121.jpg,1,1,0.5839124917984009
1180,39,9,16,D:\Skripsi\Experiment\data\raw\RGB1\S39\AC9\RGB1_SUB39ACT9F16.jpg,1,1,0.6357052326202393
1181,39,9,31,D:\Skripsi\Experiment\data\raw\RGB1\S39\AC9\RGB1_SUB39ACT9F31.jpg,1,1,0.579899251461029
1182,39,9,46,D:\Skripsi\Experiment\data\raw\RGB1\S39\AC9\RGB1_SUB39ACT9F46.jpg,1,1,0.7021684646606445
1183,39,9,61,D:\Skripsi\Experiment\data\raw\RGB1\S39\AC9\RGB1_SUB39ACT9F61.jpg,1,1,0.5915673971176147
1184,39,9,76,D:\Skripsi\Experiment\data\raw\RGB1\S39\AC9\RGB1_SUB39ACT9F76.jpg,1,1,0.7141844034194946
1185,39,9,91,D:\Skripsi\Experiment\data\raw\RGB1\S39\AC9\RGB1_SUB39ACT9F91.jpg,1,1,0.6503193378448486
1186,40,1,1,D:\Skripsi\Experiment\data\raw\RGB1\S40\AC1\RGB1_SUB40ACT1F1.jpg,0,1,0.636522650718689
1187,40,1,106,D:\Skripsi\Experiment\data\raw\RGB1\S40\AC1\RGB1_SUB40ACT1F106.jpg,0,0,0.49468106031417847
1188,40,1,121,D:\Skripsi\Experiment\data\raw\RGB1\S40\AC1\RGB1_SUB40ACT1F121.jpg,0,0,0.49943360686302185
1189,40,1,16,D:\Skripsi\Experiment\data\raw\RGB1\S40\AC1\RGB1_SUB40ACT1F16.jpg,0,1,0.570073664188385
1190,40,1,31,D:\Skripsi\Experiment\data\raw\RGB1\S40\AC1\RGB1_SUB40ACT1F31.jpg,0,0,0.4905954599380493
1191,40,1,46,D:\Skripsi\Experiment\data\raw\RGB1\S40\AC1\RGB1_SUB40ACT1F46.jpg,0,0,0.4271865785121918
1192,40,1,61,D:\Skripsi\Experiment\data\raw\RGB1\S40\AC1\RGB1_SUB40ACT1F61.jpg,0,1,0.6165564656257629
1193,40,1,76,D:\Skripsi\Experiment\data\raw\RGB1\S40\AC1\RGB1_SUB40ACT1F76.jpg,0,1,0.5260050296783447
1194,40,1,91,D:\Skripsi\Experiment\data\raw\RGB1\S40\AC1\RGB1_SUB40ACT1F91.jpg,0,1,0.5841903686523438
1195,40,5,1,D:\Skripsi\Experiment\data\raw\RGB1\S40\AC5\RGB1_SUB40ACT5F1.jpg,1,1,0.6657463908195496
1196,40,5,106,D:\Skripsi\Experiment\data\raw\RGB1\S40\AC5\RGB1_SUB40ACT5F106.jpg,1,1,0.610680878162384
1197,40,5,16,D:\Skripsi\Experiment\data\raw\RGB1\S40\AC5\RGB1_SUB40ACT5F16.jpg,1,1,0.6814635396003723
1198,40,5,31,D:\Skripsi\Experiment\data\raw\RGB1\S40\AC5\RGB1_SUB40ACT5F31.jpg,1,1,0.6633815169334412
1199,40,5,46,D:\Skripsi\Experiment\data\raw\RGB1\S40\AC5\RGB1_SUB40ACT5F46.jpg,1,1,0.5885118842124939
1200,40,5,61,D:\Skripsi\Experiment\data\raw\RGB1\S40\AC5\RGB1_SUB40ACT5F61.jpg,1,1,0.5275912880897522
1201,40,5,76,D:\Skripsi\Experiment\data\raw\RGB1\S40\AC5\RGB1_SUB40ACT5F76.jpg,1,1,0.5340811014175415
1202,40,5,91,D:\Skripsi\Experiment\data\raw\RGB1\S40\AC5\RGB1_SUB40ACT5F91.jpg,1,1,0.5003166794776917
1203,40,6,1,D:\Skripsi\Experiment\data\raw\RGB1\S40\AC6\RGB1_SUB40ACT6F1.jpg,1,1,0.5236488580703735
1204,40,6,106,D:\Skripsi\Experiment\data\raw\RGB1\S40\AC6\RGB1_SUB40ACT6F106.jpg,1,0,0.4915015399456024
1205,40,6,121,D:\Skripsi\Experiment\data\raw\RGB1\S40\AC6\RGB1_SUB40ACT6F121.jpg,1,1,0.5407189726829529
1206,40,6,136,D:\Skripsi\Experiment\data\raw\RGB1\S40\AC6\RGB1_SUB40ACT6F136.jpg,1,1,0.5192509293556213
1207,40,6,16,D:\Skripsi\Experiment\data\raw\RGB1\S40\AC6\RGB1_SUB40ACT6F16.jpg,1,0,0.397041916847229
1208,40,6,31,D:\Skripsi\Experiment\data\raw\RGB1\S40\AC6\RGB1_SUB40ACT6F31.jpg,1,0,0.3968505561351776
1209,40,6,46,D:\Skripsi\Experiment\data\raw\RGB1\S40\AC6\RGB1_SUB40ACT6F46.jpg,1,1,0.514930248260498
1210,40,6,61,D:\Skripsi\Experiment\data\raw\RGB1\S40\AC6\RGB1_SUB40ACT6F61.jpg,1,0,0.3855634331703186
1211,40,6,76,D:\Skripsi\Experiment\data\raw\RGB1\S40\AC6\RGB1_SUB40ACT6F76.jpg,1,0,0.39221543073654175
1212,40,6,91,D:\Skripsi\Experiment\data\raw\RGB1\S40\AC6\RGB1_SUB40ACT6F91.jpg,1,0,0.4719341993331909
1213,40,7,1,D:\Skripsi\Experiment\data\raw\RGB1\S40\AC7\RGB1_SUB40ACT7F1.jpg,1,1,0.596222996711731
1214,40,7,106,D:\Skripsi\Experiment\data\raw\RGB1\S40\AC7\RGB1_SUB40ACT7F106.jpg,1,0,0.48162180185317993
1215,40,7,121,D:\Skripsi\Experiment\data\raw\RGB1\S40\AC7\RGB1_SUB40ACT7F121.jpg,1,1,0.5322409868240356
1216,40,7,136,D:\Skripsi\Experiment\data\raw\RGB1\S40\AC7\RGB1_SUB40ACT7F136.jpg,1,0,0.4934035837650299
1217,40,7,151,D:\Skripsi\Experiment\data\raw\RGB1\S40\AC7\RGB1_SUB40ACT7F151.jpg,1,1,0.569269061088562
1218,40,7,16,D:\Skripsi\Experiment\data\raw\RGB1\S40\AC7\RGB1_SUB40ACT7F16.jpg,1,0,0.33263319730758667
1219,40,7,166,D:\Skripsi\Experiment\data\raw\RGB1\S40\AC7\RGB1_SUB40ACT7F166.jpg,1,0,0.4948486387729645
1220,40,7,181,D:\Skripsi\Experiment\data\raw\RGB1\S40\AC7\RGB1_SUB40ACT7F181.jpg,1,1,0.5140604376792908
1221,40,7,196,D:\Skripsi\Experiment\data\raw\RGB1\S40\AC7\RGB1_SUB40ACT7F196.jpg,1,1,0.6645346879959106
1222,40,7,211,D:\Skripsi\Experiment\data\raw\RGB1\S40\AC7\RGB1_SUB40ACT7F211.jpg,1,1,0.6217727065086365
1223,40,7,226,D:\Skripsi\Experiment\data\raw\RGB1\S40\AC7\RGB1_SUB40ACT7F226.jpg,1,1,0.635534405708313
1224,40,7,31,D:\Skripsi\Experiment\data\raw\RGB1\S40\AC7\RGB1_SUB40ACT7F31.jpg,1,0,0.44118234515190125
1225,40,7,46,D:\Skripsi\Experiment\data\raw\RGB1\S40\AC7\RGB1_SUB40ACT7F46.jpg,1,1,0.6389278173446655
1226,40,7,61,D:\Skripsi\Experiment\data\raw\RGB1\S40\AC7\RGB1_SUB40ACT7F61.jpg,1,1,0.5737894773483276
1227,40,7,76,D:\Skripsi\Experiment\data\raw\RGB1\S40\AC7\RGB1_SUB40ACT7F76.jpg,1,0,0.48623138666152954
1228,40,7,91,D:\Skripsi\Experiment\data\raw\RGB1\S40\AC7\RGB1_SUB40ACT7F91.jpg,1,0,0.47352465987205505
1229,40,8,1,D:\Skripsi\Experiment\data\raw\RGB1\S40\AC8\RGB1_SUB40ACT8F1.jpg,1,1,0.5283905267715454
1230,40,8,106,D:\Skripsi\Experiment\data\raw\RGB1\S40\AC8\RGB1_SUB40ACT8F106.jpg,1,1,0.5204697847366333
1231,40,8,121,D:\Skripsi\Experiment\data\raw\RGB1\S40\AC8\RGB1_SUB40ACT8F121.jpg,1,1,0.5200881958007812
1232,40,8,136,D:\Skripsi\Experiment\data\raw\RGB1\S40\AC8\RGB1_SUB40ACT8F136.jpg,1,1,0.5330411791801453
1233,40,8,151,D:\Skripsi\Experiment\data\raw\RGB1\S40\AC8\RGB1_SUB40ACT8F151.jpg,1,0,0.4422140121459961
1234,40,8,16,D:\Skripsi\Experiment\data\raw\RGB1\S40\AC8\RGB1_SUB40ACT8F16.jpg,1,1,0.562339186668396
1235,40,8,166,D:\Skripsi\Experiment\data\raw\RGB1\S40\AC8\RGB1_SUB40ACT8F166.jpg,1,0,0.4953155517578125
1236,40,8,181,D:\Skripsi\Experiment\data\raw\RGB1\S40\AC8\RGB1_SUB40ACT8F181.jpg,1,0,0.4943925738334656
1237,40,8,31,D:\Skripsi\Experiment\data\raw\RGB1\S40\AC8\RGB1_SUB40ACT8F31.jpg,1,1,0.7243539094924927
1238,40,8,46,D:\Skripsi\Experiment\data\raw\RGB1\S40\AC8\RGB1_SUB40ACT8F46.jpg,1,1,0.6097280979156494
1239,40,8,61,D:\Skripsi\Experiment\data\raw\RGB1\S40\AC8\RGB1_SUB40ACT8F61.jpg,1,0,0.47756427526474
1240,40,8,76,D:\Skripsi\Experiment\data\raw\RGB1\S40\AC8\RGB1_SUB40ACT8F76.jpg,1,1,0.5419973134994507
1241,40,8,91,D:\Skripsi\Experiment\data\raw\RGB1\S40\AC8\RGB1_SUB40ACT8F91.jpg,1,1,0.532860279083252
1242,40,9,1,D:\Skripsi\Experiment\data\raw\RGB1\S40\AC9\RGB1_SUB40ACT9F1.jpg,1,1,0.5628845691680908
1243,40,9,106,D:\Skripsi\Experiment\data\raw\RGB1\S40\AC9\RGB1_SUB40ACT9F106.jpg,1,0,0.4688434600830078
1244,40,9,121,D:\Skripsi\Experiment\data\raw\RGB1\S40\AC9\RGB1_SUB40ACT9F121.jpg,1,0,0.40167295932769775
1245,40,9,136,D:\Skripsi\Experiment\data\raw\RGB1\S40\AC9\RGB1_SUB40ACT9F136.jpg,1,1,0.5685403347015381
1246,40,9,16,D:\Skripsi\Experiment\data\raw\RGB1\S40\AC9\RGB1_SUB40ACT9F16.jpg,1,1,0.6156122088432312
1247,40,9,31,D:\Skripsi\Experiment\data\raw\RGB1\S40\AC9\RGB1_SUB40ACT9F31.jpg,1,1,0.6293631196022034
1248,40,9,46,D:\Skripsi\Experiment\data\raw\RGB1\S40\AC9\RGB1_SUB40ACT9F46.jpg,1,1,0.5217565894126892
1249,40,9,61,D:\Skripsi\Experiment\data\raw\RGB1\S40\AC9\RGB1_SUB40ACT9F61.jpg,1,1,0.6070725917816162
1250,40,9,76,D:\Skripsi\Experiment\data\raw\RGB1\S40\AC9\RGB1_SUB40ACT9F76.jpg,1,0,0.4980306923389435
1251,40,9,91,D:\Skripsi\Experiment\data\raw\RGB1\S40\AC9\RGB1_SUB40ACT9F91.jpg,1,1,0.5005162358283997
1252,43,1,1,D:\Skripsi\Experiment\data\raw\RGB1\S43\AC1\RGB1_SUB43ACT1F1.jpg,0,1,0.6584624648094177
1253,43,1,106,D:\Skripsi\Experiment\data\raw\RGB1\S43\AC1\RGB1_SUB43ACT1F106.jpg,0,1,0.7112486958503723
1254,43,1,121,D:\Skripsi\Experiment\data\raw\RGB1\S43\AC1\RGB1_SUB43ACT1F121.jpg,0,1,0.6272740364074707
1255,43,1,136,D:\Skripsi\Experiment\data\raw\RGB1\S43\AC1\RGB1_SUB43ACT1F136.jpg,0,1,0.555017352104187
1256,43,1,151,D:\Skripsi\Experiment\data\raw\RGB1\S43\AC1\RGB1_SUB43ACT1F151.jpg,0,1,0.5481070280075073
1257,43,1,16,D:\Skripsi\Experiment\data\raw\RGB1\S43\AC1\RGB1_SUB43ACT1F16.jpg,0,1,0.671562671661377
1258,43,1,166,D:\Skripsi\Experiment\data\raw\RGB1\S43\AC1\RGB1_SUB43ACT1F166.jpg,0,1,0.5121172070503235
1259,43,1,181,D:\Skripsi\Experiment\data\raw\RGB1\S43\AC1\RGB1_SUB43ACT1F181.jpg,0,0,0.4655835032463074
1260,43,1,31,D:\Skripsi\Experiment\data\raw\RGB1\S43\AC1\RGB1_SUB43ACT1F31.jpg,0,1,0.6166146993637085
1261,43,1,46,D:\Skripsi\Experiment\data\raw\RGB1\S43\AC1\RGB1_SUB43ACT1F46.jpg,0,1,0.590796172618866
1262,43,1,61,D:\Skripsi\Experiment\data\raw\RGB1\S43\AC1\RGB1_SUB43ACT1F61.jpg,0,1,0.6528292298316956
1263,43,1,76,D:\Skripsi\Experiment\data\raw\RGB1\S43\AC1\RGB1_SUB43ACT1F76.jpg,0,1,0.6988754868507385
1264,43,1,91,D:\Skripsi\Experiment\data\raw\RGB1\S43\AC1\RGB1_SUB43ACT1F91.jpg,0,1,0.6643335819244385
1265,43,5,1,D:\Skripsi\Experiment\data\raw\RGB1\S43\AC5\RGB1_SUB43ACT5F1.jpg,1,1,0.5664817690849304
1266,43,5,106,D:\Skripsi\Experiment\data\raw\RGB1\S43\AC5\RGB1_SUB43ACT5F106.jpg,1,0,0.4980107545852661
1267,43,5,121,D:\Skripsi\Experiment\data\raw\RGB1\S43\AC5\RGB1_SUB43ACT5F121.jpg,1,1,0.6050136089324951
1268,43,5,136,D:\Skripsi\Experiment\data\raw\RGB1\S43\AC5\RGB1_SUB43ACT5F136.jpg,1,0,0.37309935688972473
1269,43,5,151,D:\Skripsi\Experiment\data\raw\RGB1\S43\AC5\RGB1_SUB43ACT5F151.jpg,1,1,0.557678759098053
1270,43,5,16,D:\Skripsi\Experiment\data\raw\RGB1\S43\AC5\RGB1_SUB43ACT5F16.jpg,1,1,0.6023936867713928
1271,43,5,166,D:\Skripsi\Experiment\data\raw\RGB1\S43\AC5\RGB1_SUB43ACT5F166.jpg,1,1,0.5618630051612854
1272,43,5,181,D:\Skripsi\Experiment\data\raw\RGB1\S43\AC5\RGB1_SUB43ACT5F181.jpg,1,1,0.6105432510375977
1273,43,5,31,D:\Skripsi\Experiment\data\raw\RGB1\S43\AC5\RGB1_SUB43ACT5F31.jpg,1,1,0.5941383838653564
1274,43,5,46,D:\Skripsi\Experiment\data\raw\RGB1\S43\AC5\RGB1_SUB43ACT5F46.jpg,1,1,0.703748881816864
1275,43,5,61,D:\Skripsi\Experiment\data\raw\RGB1\S43\AC5\RGB1_SUB43ACT5F61.jpg,1,1,0.6015247702598572
1276,43,5,76,D:\Skripsi\Experiment\data\raw\RGB1\S43\AC5\RGB1_SUB43ACT5F76.jpg,1,1,0.7261557579040527
1277,43,5,91,D:\Skripsi\Experiment\data\raw\RGB1\S43\AC5\RGB1_SUB43ACT5F91.jpg,1,1,0.7091286778450012
1278,43,6,1,D:\Skripsi\Experiment\data\raw\RGB1\S43\AC6\RGB1_SUB43ACT6F1.jpg,1,1,0.5041134357452393
1279,43,6,106,D:\Skripsi\Experiment\data\raw\RGB1\S43\AC6\RGB1_SUB43ACT6F106.jpg,1,1,0.7242952585220337
1280,43,6,121,D:\Skripsi\Experiment\data\raw\RGB1\S43\AC6\RGB1_SUB43ACT6F121.jpg,1,1,0.7272012233734131
1281,43,6,136,D:\Skripsi\Experiment\data\raw\RGB1\S43\AC6\RGB1_SUB43ACT6F136.jpg,1,1,0.6615322828292847
1282,43,6,151,D:\Skripsi\Experiment\data\raw\RGB1\S43\AC6\RGB1_SUB43ACT6F151.jpg,1,1,0.5617098808288574
1283,43,6,16,D:\Skripsi\Experiment\data\raw\RGB1\S43\AC6\RGB1_SUB43ACT6F16.jpg,1,0,0.4707658886909485
1284,43,6,166,D:\Skripsi\Experiment\data\raw\RGB1\S43\AC6\RGB1_SUB43ACT6F166.jpg,1,1,0.5955128073692322
1285,43,6,181,D:\Skripsi\Experiment\data\raw\RGB1\S43\AC6\RGB1_SUB43ACT6F181.jpg,1,1,0.6053035855293274
1286,43,6,196,D:\Skripsi\Experiment\data\raw\RGB1\S43\AC6\RGB1_SUB43ACT6F196.jpg,1,1,0.6858438849449158
1287,43,6,31,D:\Skripsi\Experiment\data\raw\RGB1\S43\AC6\RGB1_SUB43ACT6F31.jpg,1,1,0.5638502240180969
1288,43,6,46,D:\Skripsi\Experiment\data\raw\RGB1\S43\AC6\RGB1_SUB43ACT6F46.jpg,1,1,0.5967947840690613
1289,43,6,61,D:\Skripsi\Experiment\data\raw\RGB1\S43\AC6\RGB1_SUB43ACT6F61.jpg,1,1,0.6248095631599426
1290,43,6,76,D:\Skripsi\Experiment\data\raw\RGB1\S43\AC6\RGB1_SUB43ACT6F76.jpg,1,1,0.6426997780799866
1291,43,6,91,D:\Skripsi\Experiment\data\raw\RGB1\S43\AC6\RGB1_SUB43ACT6F91.jpg,1,1,0.6855406165122986
1292,43,7,1,D:\Skripsi\Experiment\data\raw\RGB1\S43\AC7\RGB1_SUB43ACT7F1.jpg,1,1,0.6579961776733398
1293,43,7,106,D:\Skripsi\Experiment\data\raw\RGB1\S43\AC7\RGB1_SUB43ACT7F106.jpg,1,1,0.6851559281349182
1294,43,7,121,D:\Skripsi\Experiment\data\raw\RGB1\S43\AC7\RGB1_SUB43ACT7F121.jpg,1,1,0.6915199160575867
1295,43,7,136,D:\Skripsi\Experiment\data\raw\RGB1\S43\AC7\RGB1_SUB43ACT7F136.jpg,1,1,0.7007119059562683
1296,43,7,151,D:\Skripsi\Experiment\data\raw\RGB1\S43\AC7\RGB1_SUB43ACT7F151.jpg,1,1,0.6297630667686462
1297,43,7,16,D:\Skripsi\Experiment\data\raw\RGB1\S43\AC7\RGB1_SUB43ACT7F16.jpg,1,1,0.713883638381958
1298,43,7,166,D:\Skripsi\Experiment\data\raw\RGB1\S43\AC7\RGB1_SUB43ACT7F166.jpg,1,1,0.785091757774353
1299,43,7,181,D:\Skripsi\Experiment\data\raw\RGB1\S43\AC7\RGB1_SUB43ACT7F181.jpg,1,1,0.8573979735374451
1300,43,7,196,D:\Skripsi\Experiment\data\raw\RGB1\S43\AC7\RGB1_SUB43ACT7F196.jpg,1,1,0.8241878747940063
1301,43,7,211,D:\Skripsi\Experiment\data\raw\RGB1\S43\AC7\RGB1_SUB43ACT7F211.jpg,1,1,0.8185705542564392
1302,43,7,31,D:\Skripsi\Experiment\data\raw\RGB1\S43\AC7\RGB1_SUB43ACT7F31.jpg,1,1,0.7384992241859436
1303,43,7,46,D:\Skripsi\Experiment\data\raw\RGB1\S43\AC7\RGB1_SUB43ACT7F46.jpg,1,1,0.7612009644508362
1304,43,7,61,D:\Skripsi\Experiment\data\raw\RGB1\S43\AC7\RGB1_SUB43ACT7F61.jpg,1,1,0.6426752209663391
1305,43,7,76,D:\Skripsi\Experiment\data\raw\RGB1\S43\AC7\RGB1_SUB43ACT7F76.jpg,1,1,0.6535354256629944
1306,43,7,91,D:\Skripsi\Experiment\data\raw\RGB1\S43\AC7\RGB1_SUB43ACT7F91.jpg,1,1,0.677742063999176
1307,43,8,1,D:\Skripsi\Experiment\data\raw\RGB1\S43\AC8\RGB1_SUB43ACT8F1.jpg,1,1,0.7729489207267761
1308,43,8,106,D:\Skripsi\Experiment\data\raw\RGB1\S43\AC8\RGB1_SUB43ACT8F106.jpg,1,1,0.5126109719276428
1309,43,8,121,D:\Skripsi\Experiment\data\raw\RGB1\S43\AC8\RGB1_SUB43ACT8F121.jpg,1,1,0.6209515333175659
1310,43,8,136,D:\Skripsi\Experiment\data\raw\RGB1\S43\AC8\RGB1_SUB43ACT8F136.jpg,1,0,0.45616263151168823
1311,43,8,151,D:\Skripsi\Experiment\data\raw\RGB1\S43\AC8\RGB1_SUB43ACT8F151.jpg,1,1,0.5304467082023621
1312,43,8,16,D:\Skripsi\Experiment\data\raw\RGB1\S43\AC8\RGB1_SUB43ACT8F16.jpg,1,1,0.7214494347572327
1313,43,8,166,D:\Skripsi\Experiment\data\raw\RGB1\S43\AC8\RGB1_SUB43ACT8F166.jpg,1,1,0.5513603687286377
1314,43,8,181,D:\Skripsi\Experiment\data\raw\RGB1\S43\AC8\RGB1_SUB43ACT8F181.jpg,1,1,0.5135769248008728
1315,43,8,196,D:\Skripsi\Experiment\data\raw\RGB1\S43\AC8\RGB1_SUB43ACT8F196.jpg,1,1,0.5431900024414062
1316,43,8,211,D:\Skripsi\Experiment\data\raw\RGB1\S43\AC8\RGB1_SUB43ACT8F211.jpg,1,1,0.6002085208892822
1317,43,8,226,D:\Skripsi\Experiment\data\raw\RGB1\S43\AC8\RGB1_SUB43ACT8F226.jpg,1,1,0.5812495350837708
1318,43,8,241,D:\Skripsi\Experiment\data\raw\RGB1\S43\AC8\RGB1_SUB43ACT8F241.jpg,1,1,0.5865831971168518
1319,43,8,256,D:\Skripsi\Experiment\data\raw\RGB1\S43\AC8\RGB1_SUB43ACT8F256.jpg,1,0,0.48062777519226074
1320,43,8,31,D:\Skripsi\Experiment\data\raw\RGB1\S43\AC8\RGB1_SUB43ACT8F31.jpg,1,1,0.7320595383644104
1321,43,8,46,D:\Skripsi\Experiment\data\raw\RGB1\S43\AC8\RGB1_SUB43ACT8F46.jpg,1,1,0.6598210334777832
1322,43,8,61,D:\Skripsi\Experiment\data\raw\RGB1\S43\AC8\RGB1_SUB43ACT8F61.jpg,1,1,0.7012507915496826
1323,43,8,76,D:\Skripsi\Experiment\data\raw\RGB1\S43\AC8\RGB1_SUB43ACT8F76.jpg,1,1,0.7250547409057617
1324,43,8,91,D:\Skripsi\Experiment\data\raw\RGB1\S43\AC8\RGB1_SUB43ACT8F91.jpg,1,1,0.6345863938331604
1325,43,9,1,D:\Skripsi\Experiment\data\raw\RGB1\S43\AC9\RGB1_SUB43ACT9F1.jpg,1,1,0.6323609948158264
1326,43,9,106,D:\Skripsi\Experiment\data\raw\RGB1\S43\AC9\RGB1_SUB43ACT9F106.jpg,1,1,0.5148922801017761
1327,43,9,121,D:\Skripsi\Experiment\data\raw\RGB1\S43\AC9\RGB1_SUB43ACT9F121.jpg,1,1,0.5253129005432129
1328,43,9,136,D:\Skripsi\Experiment\data\raw\RGB1\S43\AC9\RGB1_SUB43ACT9F136.jpg,1,1,0.6731302738189697
1329,43,9,151,D:\Skripsi\Experiment\data\raw\RGB1\S43\AC9\RGB1_SUB43ACT9F151.jpg,1,1,0.570585310459137
1330,43,9,16,D:\Skripsi\Experiment\data\raw\RGB1\S43\AC9\RGB1_SUB43ACT9F16.jpg,1,1,0.5781121253967285
1331,43,9,166,D:\Skripsi\Experiment\data\raw\RGB1\S43\AC9\RGB1_SUB43ACT9F166.jpg,1,1,0.5981327891349792
1332,43,9,31,D:\Skripsi\Experiment\data\raw\RGB1\S43\AC9\RGB1_SUB43ACT9F31.jpg,1,1,0.5825769305229187
1333,43,9,46,D:\Skripsi\Experiment\data\raw\RGB1\S43\AC9\RGB1_SUB43ACT9F46.jpg,1,1,0.5710439085960388
1334,43,9,61,D:\Skripsi\Experiment\data\raw\RGB1\S43\AC9\RGB1_SUB43ACT9F61.jpg,1,0,0.4376964569091797
1335,43,9,76,D:\Skripsi\Experiment\data\raw\RGB1\S43\AC9\RGB1_SUB43ACT9F76.jpg,1,1,0.507146418094635
1336,43,9,91,D:\Skripsi\Experiment\data\raw\RGB1\S43\AC9\RGB1_SUB43ACT9F91.jpg,1,0,0.4555635154247284
1337,44,1,1,D:\Skripsi\Experiment\data\raw\RGB1\S44\AC1\RGB1_SUB44ACT1F1.jpg,0,1,0.511513352394104
1338,44,1,106,D:\Skripsi\Experiment\data\raw\RGB1\S44\AC1\RGB1_SUB44ACT1F106.jpg,0,1,0.521111011505127
1339,44,1,121,D:\Skripsi\Experiment\data\raw\RGB1\S44\AC1\RGB1_SUB44ACT1F121.jpg,0,1,0.5289395451545715
1340,44,1,136,D:\Skripsi\Experiment\data\raw\RGB1\S44\AC1\RGB1_SUB44ACT1F136.jpg,0,1,0.6053562760353088
1341,44,1,151,D:\Skripsi\Experiment\data\raw\RGB1\S44\AC1\RGB1_SUB44ACT1F151.jpg,0,1,0.5858718752861023
1342,44,1,16,D:\Skripsi\Experiment\data\raw\RGB1\S44\AC1\RGB1_SUB44ACT1F16.jpg,0,0,0.48764467239379883
1343,44,1,31,D:\Skripsi\Experiment\data\raw\RGB1\S44\AC1\RGB1_SUB44ACT1F31.jpg,0,0,0.46009305119514465
1344,44,1,46,D:\Skripsi\Experiment\data\raw\RGB1\S44\AC1\RGB1_SUB44ACT1F46.jpg,0,1,0.5718041658401489
1345,44,1,61,D:\Skripsi\Experiment\data\raw\RGB1\S44\AC1\RGB1_SUB44ACT1F61.jpg,0,0,0.4613947570323944
1346,44,1,76,D:\Skripsi\Experiment\data\raw\RGB1\S44\AC1\RGB1_SUB44ACT1F76.jpg,0,0,0.4199628531932831
1347,44,1,91,D:\Skripsi\Experiment\data\raw\RGB1\S44\AC1\RGB1_SUB44ACT1F91.jpg,0,0,0.45383888483047485
1348,44,5,1,D:\Skripsi\Experiment\data\raw\RGB1\S44\AC5\RGB1_SUB44ACT5F1.jpg,1,1,0.8663508296012878
1349,44,5,106,D:\Skripsi\Experiment\data\raw\RGB1\S44\AC5\RGB1_SUB44ACT5F106.jpg,1,1,0.778164267539978
1350,44,5,121,D:\Skripsi\Experiment\data\raw\RGB1\S44\AC5\RGB1_SUB44ACT5F121.jpg,1,1,0.6950162053108215
1351,44,5,136,D:\Skripsi\Experiment\data\raw\RGB1\S44\AC5\RGB1_SUB44ACT5F136.jpg,1,1,0.7060810923576355
1352,44,5,16,D:\Skripsi\Experiment\data\raw\RGB1\S44\AC5\RGB1_SUB44ACT5F16.jpg,1,1,0.6833913922309875
1353,44,5,31,D:\Skripsi\Experiment\data\raw\RGB1\S44\AC5\RGB1_SUB44ACT5F31.jpg,1,1,0.6286177039146423
1354,44,5,46,D:\Skripsi\Experiment\data\raw\RGB1\S44\AC5\RGB1_SUB44ACT5F46.jpg,1,1,0.7320811152458191
1355,44,5,61,D:\Skripsi\Experiment\data\raw\RGB1\S44\AC5\RGB1_SUB44ACT5F61.jpg,1,1,0.7664149403572083
1356,44,5,76,D:\Skripsi\Experiment\data\raw\RGB1\S44\AC5\RGB1_SUB44ACT5F76.jpg,1,1,0.7041993737220764
1357,44,5,91,D:\Skripsi\Experiment\data\raw\RGB1\S44\AC5\RGB1_SUB44ACT5F91.jpg,1,1,0.6688207983970642
1358,44,6,1,D:\Skripsi\Experiment\data\raw\RGB1\S44\AC6\RGB1_SUB44ACT6F1.jpg,1,1,0.618506669998169
1359,44,6,106,D:\Skripsi\Experiment\data\raw\RGB1\S44\AC6\RGB1_SUB44ACT6F106.jpg,1,1,0.6458835005760193
1360,44,6,121,D:\Skripsi\Experiment\data\raw\RGB1\S44\AC6\RGB1_SUB44ACT6F121.jpg,1,1,0.7443819642066956
1361,44,6,136,D:\Skripsi\Experiment\data\raw\RGB1\S44\AC6\RGB1_SUB44ACT6F136.jpg,1,1,0.5361071228981018
1362,44,6,16,D:\Skripsi\Experiment\data\raw\RGB1\S44\AC6\RGB1_SUB44ACT6F16.jpg,1,1,0.717001736164093
1363,44,6,31,D:\Skripsi\Experiment\data\raw\RGB1\S44\AC6\RGB1_SUB44ACT6F31.jpg,1,1,0.621785044670105
1364,44,6,46,D:\Skripsi\Experiment\data\raw\RGB1\S44\AC6\RGB1_SUB44ACT6F46.jpg,1,1,0.734788179397583
1365,44,6,61,D:\Skripsi\Experiment\data\raw\RGB1\S44\AC6\RGB1_SUB44ACT6F61.jpg,1,1,0.6465377807617188
1366,44,6,76,D:\Skripsi\Experiment\data\raw\RGB1\S44\AC6\RGB1_SUB44ACT6F76.jpg,1,1,0.7198554277420044
1367,44,6,91,D:\Skripsi\Experiment\data\raw\RGB1\S44\AC6\RGB1_SUB44ACT6F91.jpg,1,1,0.7057026028633118
1368,44,7,1,D:\Skripsi\Experiment\data\raw\RGB1\S44\AC7\RGB1_SUB44ACT7F1.jpg,1,1,0.5512221455574036
1369,44,7,106,D:\Skripsi\Experiment\data\raw\RGB1\S44\AC7\RGB1_SUB44ACT7F106.jpg,1,1,0.6194412112236023
1370,44,7,121,D:\Skripsi\Experiment\data\raw\RGB1\S44\AC7\RGB1_SUB44ACT7F121.jpg,1,1,0.5673508644104004
1371,44,7,136,D:\Skripsi\Experiment\data\raw\RGB1\S44\AC7\RGB1_SUB44ACT7F136.jpg,1,1,0.5878958106040955
1372,44,7,151,D:\Skripsi\Experiment\data\raw\RGB1\S44\AC7\RGB1_SUB44ACT7F151.jpg,1,1,0.5536535978317261
1373,44,7,16,D:\Skripsi\Experiment\data\raw\RGB1\S44\AC7\RGB1_SUB44ACT7F16.jpg,1,1,0.5172779560089111
1374,44,7,31,D:\Skripsi\Experiment\data\raw\RGB1\S44\AC7\RGB1_SUB44ACT7F31.jpg,1,1,0.5515307784080505
1375,44,7,46,D:\Skripsi\Experiment\data\raw\RGB1\S44\AC7\RGB1_SUB44ACT7F46.jpg,1,1,0.6696478128433228
1376,44,7,61,D:\Skripsi\Experiment\data\raw\RGB1\S44\AC7\RGB1_SUB44ACT7F61.jpg,1,1,0.5872734189033508
1377,44,7,76,D:\Skripsi\Experiment\data\raw\RGB1\S44\AC7\RGB1_SUB44ACT7F76.jpg,1,1,0.5867838263511658
1378,44,7,91,D:\Skripsi\Experiment\data\raw\RGB1\S44\AC7\RGB1_SUB44ACT7F91.jpg,1,1,0.5055459141731262
1379,44,8,1,D:\Skripsi\Experiment\data\raw\RGB1\S44\AC8\RGB1_SUB44ACT8F1.jpg,1,1,0.5268251299858093
1380,44,8,106,D:\Skripsi\Experiment\data\raw\RGB1\S44\AC8\RGB1_SUB44ACT8F106.jpg,1,1,0.6071129441261292
1381,44,8,121,D:\Skripsi\Experiment\data\raw\RGB1\S44\AC8\RGB1_SUB44ACT8F121.jpg,1,1,0.509049117565155
1382,44,8,136,D:\Skripsi\Experiment\data\raw\RGB1\S44\AC8\RGB1_SUB44ACT8F136.jpg,1,1,0.7027766704559326
1383,44,8,151,D:\Skripsi\Experiment\data\raw\RGB1\S44\AC8\RGB1_SUB44ACT8F151.jpg,1,1,0.6393948793411255
1384,44,8,16,D:\Skripsi\Experiment\data\raw\RGB1\S44\AC8\RGB1_SUB44ACT8F16.jpg,1,1,0.6368741989135742
1385,44,8,166,D:\Skripsi\Experiment\data\raw\RGB1\S44\AC8\RGB1_SUB44ACT8F166.jpg,1,1,0.718639075756073
1386,44,8,181,D:\Skripsi\Experiment\data\raw\RGB1\S44\AC8\RGB1_SUB44ACT8F181.jpg,1,1,0.5212951898574829
1387,44,8,31,D:\Skripsi\Experiment\data\raw\RGB1\S44\AC8\RGB1_SUB44ACT8F31.jpg,1,1,0.6321485042572021
1388,44,8,46,D:\Skripsi\Experiment\data\raw\RGB1\S44\AC8\RGB1_SUB44ACT8F46.jpg,1,1,0.5324365496635437
1389,44,8,61,D:\Skripsi\Experiment\data\raw\RGB1\S44\AC8\RGB1_SUB44ACT8F61.jpg,1,1,0.5829917788505554
1390,44,8,76,D:\Skripsi\Experiment\data\raw\RGB1\S44\AC8\RGB1_SUB44ACT8F76.jpg,1,1,0.6231415271759033
1391,44,8,91,D:\Skripsi\Experiment\data\raw\RGB1\S44\AC8\RGB1_SUB44ACT8F91.jpg,1,1,0.5441908240318298
1392,44,9,1,D:\Skripsi\Experiment\data\raw\RGB1\S44\AC9\RGB1_SUB44ACT9F1.jpg,1,1,0.6315948367118835
1393,44,9,106,D:\Skripsi\Experiment\data\raw\RGB1\S44\AC9\RGB1_SUB44ACT9F106.jpg,1,1,0.643132209777832
1394,44,9,121,D:\Skripsi\Experiment\data\raw\RGB1\S44\AC9\RGB1_SUB44ACT9F121.jpg,1,1,0.6748855113983154
1395,44,9,136,D:\Skripsi\Experiment\data\raw\RGB1\S44\AC9\RGB1_SUB44ACT9F136.jpg,1,1,0.6485995650291443
1396,44,9,151,D:\Skripsi\Experiment\data\raw\RGB1\S44\AC9\RGB1_SUB44ACT9F151.jpg,1,1,0.6729755401611328
1397,44,9,16,D:\Skripsi\Experiment\data\raw\RGB1\S44\AC9\RGB1_SUB44ACT9F16.jpg,1,1,0.7133039832115173
1398,44,9,166,D:\Skripsi\Experiment\data\raw\RGB1\S44\AC9\RGB1_SUB44ACT9F166.jpg,1,1,0.637201726436615
1399,44,9,181,D:\Skripsi\Experiment\data\raw\RGB1\S44\AC9\RGB1_SUB44ACT9F181.jpg,1,1,0.559398353099823
1400,44,9,196,D:\Skripsi\Experiment\data\raw\RGB1\S44\AC9\RGB1_SUB44ACT9F196.jpg,1,1,0.6605779528617859
1401,44,9,31,D:\Skripsi\Experiment\data\raw\RGB1\S44\AC9\RGB1_SUB44ACT9F31.jpg,1,1,0.5735447406768799
1402,44,9,46,D:\Skripsi\Experiment\data\raw\RGB1\S44\AC9\RGB1_SUB44ACT9F46.jpg,1,1,0.672257661819458
1403,44,9,61,D:\Skripsi\Experiment\data\raw\RGB1\S44\AC9\RGB1_SUB44ACT9F61.jpg,1,1,0.5824653506278992
1404,44,9,76,D:\Skripsi\Experiment\data\raw\RGB1\S44\AC9\RGB1_SUB44ACT9F76.jpg,1,1,0.5611810088157654
1405,44,9,91,D:\Skripsi\Experiment\data\raw\RGB1\S44\AC9\RGB1_SUB44ACT9F91.jpg,1,1,0.6388744711875916
1406,45,1,1,D:\Skripsi\Experiment\data\raw\RGB1\S45\AC1\RGB1_SUB45ACT1F1.jpg,0,1,0.588420569896698
1407,45,1,106,D:\Skripsi\Experiment\data\raw\RGB1\S45\AC1\RGB1_SUB45ACT1F106.jpg,0,1,0.5268991589546204
1408,45,1,121,D:\Skripsi\Experiment\data\raw\RGB1\S45\AC1\RGB1_SUB45ACT1F121.jpg,0,0,0.48551592230796814
1409,45,1,136,D:\Skripsi\Experiment\data\raw\RGB1\S45\AC1\RGB1_SUB45ACT1F136.jpg,0,0,0.3434145450592041
1410,45,1,151,D:\Skripsi\Experiment\data\raw\RGB1\S45\AC1\RGB1_SUB45ACT1F151.jpg,0,0,0.417525053024292
1411,45,1,16,D:\Skripsi\Experiment\data\raw\RGB1\S45\AC1\RGB1_SUB45ACT1F16.jpg,0,1,0.5320847034454346
1412,45,1,166,D:\Skripsi\Experiment\data\raw\RGB1\S45\AC1\RGB1_SUB45ACT1F166.jpg,0,0,0.37216848134994507
1413,45,1,31,D:\Skripsi\Experiment\data\raw\RGB1\S45\AC1\RGB1_SUB45ACT1F31.jpg,0,0,0.4939928650856018
1414,45,1,46,D:\Skripsi\Experiment\data\raw\RGB1\S45\AC1\RGB1_SUB45ACT1F46.jpg,0,1,0.534286618232727
1415,45,1,61,D:\Skripsi\Experiment\data\raw\RGB1\S45\AC1\RGB1_SUB45ACT1F61.jpg,0,1,0.5144234895706177
1416,45,1,76,D:\Skripsi\Experiment\data\raw\RGB1\S45\AC1\RGB1_SUB45ACT1F76.jpg,0,0,0.4841991662979126
1417,45,1,91,D:\Skripsi\Experiment\data\raw\RGB1\S45\AC1\RGB1_SUB45ACT1F91.jpg,0,0,0.48440244793891907
1418,45,5,1,D:\Skripsi\Experiment\data\raw\RGB1\S45\AC5\RGB1_SUB45ACT5F1.jpg,1,0,0.47618523240089417
1419,45,5,106,D:\Skripsi\Experiment\data\raw\RGB1\S45\AC5\RGB1_SUB45ACT5F106.jpg,1,1,0.5707029104232788
1420,45,5,16,D:\Skripsi\Experiment\data\raw\RGB1\S45\AC5\RGB1_SUB45ACT5F16.jpg,1,1,0.6060671210289001
1421,45,5,31,D:\Skripsi\Experiment\data\raw\RGB1\S45\AC5\RGB1_SUB45ACT5F31.jpg,1,1,0.5168265700340271
1422,45,5,46,D:\Skripsi\Experiment\data\raw\RGB1\S45\AC5\RGB1_SUB45ACT5F46.jpg,1,0,0.45032548904418945
1423,45,5,61,D:\Skripsi\Experiment\data\raw\RGB1\S45\AC5\RGB1_SUB45ACT5F61.jpg,1,1,0.5439510941505432
1424,45,5,76,D:\Skripsi\Experiment\data\raw\RGB1\S45\AC5\RGB1_SUB45ACT5F76.jpg,1,1,0.6076090335845947
1425,45,5,91,D:\Skripsi\Experiment\data\raw\RGB1\S45\AC5\RGB1_SUB45ACT5F91.jpg,1,1,0.6882556080818176
1426,45,6,1,D:\Skripsi\Experiment\data\raw\RGB1\S45\AC6\RGB1_SUB45ACT6F1.jpg,1,1,0.5031425952911377
1427,45,6,106,D:\Skripsi\Experiment\data\raw\RGB1\S45\AC6\RGB1_SUB45ACT6F106.jpg,1,0,0.398528516292572
1428,45,6,121,D:\Skripsi\Experiment\data\raw\RGB1\S45\AC6\RGB1_SUB45ACT6F121.jpg,1,0,0.4932568669319153
1429,45,6,136,D:\Skripsi\Experiment\data\raw\RGB1\S45\AC6\RGB1_SUB45ACT6F136.jpg,1,0,0.41521552205085754
1430,45,6,151,D:\Skripsi\Experiment\data\raw\RGB1\S45\AC6\RGB1_SUB45ACT6F151.jpg,1,0,0.4385612905025482
1431,45,6,16,D:\Skripsi\Experiment\data\raw\RGB1\S45\AC6\RGB1_SUB45ACT6F16.jpg,1,0,0.47101840376853943
1432,45,6,31,D:\Skripsi\Experiment\data\raw\RGB1\S45\AC6\RGB1_SUB45ACT6F31.jpg,1,0,0.40416473150253296
1433,45,6,46,D:\Skripsi\Experiment\data\raw\RGB1\S45\AC6\RGB1_SUB45ACT6F46.jpg,1,0,0.4425356686115265
1434,45,6,61,D:\Skripsi\Experiment\data\raw\RGB1\S45\AC6\RGB1_SUB45ACT6F61.jpg,1,0,0.39162981510162354
1435,45,6,76,D:\Skripsi\Experiment\data\raw\RGB1\S45\AC6\RGB1_SUB45ACT6F76.jpg,1,0,0.44236648082733154
1436,45,6,91,D:\Skripsi\Experiment\data\raw\RGB1\S45\AC6\RGB1_SUB45ACT6F91.jpg,1,0,0.440254807472229
1437,45,7,1,D:\Skripsi\Experiment\data\raw\RGB1\S45\AC7\RGB1_SUB45ACT7F1.jpg,1,0,0.48630622029304504
1438,45,7,106,D:\Skripsi\Experiment\data\raw\RGB1\S45\AC7\RGB1_SUB45ACT7F106.jpg,1,1,0.7186402082443237
1439,45,7,121,D:\Skripsi\Experiment\data\raw\RGB1\S45\AC7\RGB1_SUB45ACT7F121.jpg,1,1,0.5691328048706055
1440,45,7,136,D:\Skripsi\Experiment\data\raw\RGB1\S45\AC7\RGB1_SUB45ACT7F136.jpg,1,1,0.6699352860450745
1441,45,7,151,D:\Skripsi\Experiment\data\raw\RGB1\S45\AC7\RGB1_SUB45ACT7F151.jpg,1,1,0.635430634021759
1442,45,7,16,D:\Skripsi\Experiment\data\raw\RGB1\S45\AC7\RGB1_SUB45ACT7F16.jpg,1,0,0.44040584564208984
1443,45,7,166,D:\Skripsi\Experiment\data\raw\RGB1\S45\AC7\RGB1_SUB45ACT7F166.jpg,1,1,0.6151804327964783
1444,45,7,181,D:\Skripsi\Experiment\data\raw\RGB1\S45\AC7\RGB1_SUB45ACT7F181.jpg,1,1,0.6886295080184937
1445,45,7,196,D:\Skripsi\Experiment\data\raw\RGB1\S45\AC7\RGB1_SUB45ACT7F196.jpg,1,1,0.5596416592597961
1446,45,7,31,D:\Skripsi\Experiment\data\raw\RGB1\S45\AC7\RGB1_SUB45ACT7F31.jpg,1,1,0.6956848502159119
1447,45,7,46,D:\Skripsi\Experiment\data\raw\RGB1\S45\AC7\RGB1_SUB45ACT7F46.jpg,1,0,0.46740731596946716
1448,45,7,61,D:\Skripsi\Experiment\data\raw\RGB1\S45\AC7\RGB1_SUB45ACT7F61.jpg,1,1,0.6022970080375671
1449,45,7,76,D:\Skripsi\Experiment\data\raw\RGB1\S45\AC7\RGB1_SUB45ACT7F76.jpg,1,1,0.6294537782669067
1450,45,7,91,D:\Skripsi\Experiment\data\raw\RGB1\S45\AC7\RGB1_SUB45ACT7F91.jpg,1,1,0.7072859406471252
1451,45,8,1,D:\Skripsi\Experiment\data\raw\RGB1\S45\AC8\RGB1_SUB45ACT8F1.jpg,1,1,0.6710669994354248
1452,45,8,106,D:\Skripsi\Experiment\data\raw\RGB1\S45\AC8\RGB1_SUB45ACT8F106.jpg,1,1,0.5836900472640991
1453,45,8,121,D:\Skripsi\Experiment\data\raw\RGB1\S45\AC8\RGB1_SUB45ACT8F121.jpg,1,1,0.6068059206008911
1454,45,8,136,D:\Skripsi\Experiment\data\raw\RGB1\S45\AC8\RGB1_SUB45ACT8F136.jpg,1,1,0.5491634607315063
1455,45,8,151,D:\Skripsi\Experiment\data\raw\RGB1\S45\AC8\RGB1_SUB45ACT8F151.jpg,1,1,0.5734752416610718
1456,45,8,16,D:\Skripsi\Experiment\data\raw\RGB1\S45\AC8\RGB1_SUB45ACT8F16.jpg,1,1,0.5945572257041931
1457,45,8,166,D:\Skripsi\Experiment\data\raw\RGB1\S45\AC8\RGB1_SUB45ACT8F166.jpg,1,1,0.609207034111023
1458,45,8,181,D:\Skripsi\Experiment\data\raw\RGB1\S45\AC8\RGB1_SUB45ACT8F181.jpg,1,1,0.5233979225158691
1459,45,8,196,D:\Skripsi\Experiment\data\raw\RGB1\S45\AC8\RGB1_SUB45ACT8F196.jpg,1,1,0.5426594614982605
1460,45,8,211,D:\Skripsi\Experiment\data\raw\RGB1\S45\AC8\RGB1_SUB45ACT8F211.jpg,1,0,0.43902483582496643
1461,45,8,31,D:\Skripsi\Experiment\data\raw\RGB1\S45\AC8\RGB1_SUB45ACT8F31.jpg,1,1,0.6044312119483948
1462,45,8,46,D:\Skripsi\Experiment\data\raw\RGB1\S45\AC8\RGB1_SUB45ACT8F46.jpg,1,1,0.6136631965637207
1463,45,8,61,D:\Skripsi\Experiment\data\raw\RGB1\S45\AC8\RGB1_SUB45ACT8F61.jpg,1,1,0.5295912027359009
1464,45,8,76,D:\Skripsi\Experiment\data\raw\RGB1\S45\AC8\RGB1_SUB45ACT8F76.jpg,1,1,0.5963360667228699
1465,45,8,91,D:\Skripsi\Experiment\data\raw\RGB1\S45\AC8\RGB1_SUB45ACT8F91.jpg,1,1,0.5585275292396545
1466,45,9,1,D:\Skripsi\Experiment\data\raw\RGB1\S45\AC9\RGB1_SUB45ACT9F1.jpg,1,1,0.5324320197105408
1467,45,9,106,D:\Skripsi\Experiment\data\raw\RGB1\S45\AC9\RGB1_SUB45ACT9F106.jpg,1,1,0.5726186037063599
1468,45,9,121,D:\Skripsi\Experiment\data\raw\RGB1\S45\AC9\RGB1_SUB45ACT9F121.jpg,1,0,0.4956548511981964
1469,45,9,136,D:\Skripsi\Experiment\data\raw\RGB1\S45\AC9\RGB1_SUB45ACT9F136.jpg,1,1,0.5544345378875732
1470,45,9,151,D:\Skripsi\Experiment\data\raw\RGB1\S45\AC9\RGB1_SUB45ACT9F151.jpg,1,0,0.474692702293396
1471,45,9,16,D:\Skripsi\Experiment\data\raw\RGB1\S45\AC9\RGB1_SUB45ACT9F16.jpg,1,0,0.42712903022766113
1472,45,9,166,D:\Skripsi\Experiment\data\raw\RGB1\S45\AC9\RGB1_SUB45ACT9F166.jpg,1,0,0.49343177676200867
1473,45,9,181,D:\Skripsi\Experiment\data\raw\RGB1\S45\AC9\RGB1_SUB45ACT9F181.jpg,1,1,0.5249887108802795
1474,45,9,196,D:\Skripsi\Experiment\data\raw\RGB1\S45\AC9\RGB1_SUB45ACT9F196.jpg,1,0,0.4039131700992584
1475,45,9,211,D:\Skripsi\Experiment\data\raw\RGB1\S45\AC9\RGB1_SUB45ACT9F211.jpg,1,0,0.48997411131858826
1476,45,9,226,D:\Skripsi\Experiment\data\raw\RGB1\S45\AC9\RGB1_SUB45ACT9F226.jpg,1,1,0.5026421546936035
1477,45,9,31,D:\Skripsi\Experiment\data\raw\RGB1\S45\AC9\RGB1_SUB45ACT9F31.jpg,1,1,0.6448718905448914
1478,45,9,46,D:\Skripsi\Experiment\data\raw\RGB1\S45\AC9\RGB1_SUB45ACT9F46.jpg,1,1,0.5465232133865356
1479,45,9,61,D:\Skripsi\Experiment\data\raw\RGB1\S45\AC9\RGB1_SUB45ACT9F61.jpg,1,1,0.6449533700942993
1480,45,9,76,D:\Skripsi\Experiment\data\raw\RGB1\S45\AC9\RGB1_SUB45ACT9F76.jpg,1,1,0.5518060922622681
1481,45,9,91,D:\Skripsi\Experiment\data\raw\RGB1\S45\AC9\RGB1_SUB45ACT9F91.jpg,1,1,0.6957130432128906
1482,46,1,1,D:\Skripsi\Experiment\data\raw\RGB1\S46\AC1\RGB1_SUB46ACT1F1.jpg,0,1,0.5111576914787292
1483,46,1,106,D:\Skripsi\Experiment\data\raw\RGB1\S46\AC1\RGB1_SUB46ACT1F106.jpg,0,1,0.5692035555839539
1484,46,1,121,D:\Skripsi\Experiment\data\raw\RGB1\S46\AC1\RGB1_SUB46ACT1F121.jpg,0,1,0.5139049291610718
1485,46,1,136,D:\Skripsi\Experiment\data\raw\RGB1\S46\AC1\RGB1_SUB46ACT1F136.jpg,0,0,0.3868556320667267
1486,46,1,151,D:\Skripsi\Experiment\data\raw\RGB1\S46\AC1\RGB1_SUB46ACT1F151.jpg,0,1,0.5007621645927429
1487,46,1,16,D:\Skripsi\Experiment\data\raw\RGB1\S46\AC1\RGB1_SUB46ACT1F16.jpg,0,0,0.4817809760570526
1488,46,1,166,D:\Skripsi\Experiment\data\raw\RGB1\S46\AC1\RGB1_SUB46ACT1F166.jpg,0,0,0.4909785985946655
1489,46,1,181,D:\Skripsi\Experiment\data\raw\RGB1\S46\AC1\RGB1_SUB46ACT1F181.jpg,0,0,0.4948831796646118
1490,46,1,196,D:\Skripsi\Experiment\data\raw\RGB1\S46\AC1\RGB1_SUB46ACT1F196.jpg,0,1,0.5123699903488159
1491,46,1,211,D:\Skripsi\Experiment\data\raw\RGB1\S46\AC1\RGB1_SUB46ACT1F211.jpg,0,0,0.4685196280479431
1492,46,1,226,D:\Skripsi\Experiment\data\raw\RGB1\S46\AC1\RGB1_SUB46ACT1F226.jpg,0,1,0.6452791094779968
1493,46,1,241,D:\Skripsi\Experiment\data\raw\RGB1\S46\AC1\RGB1_SUB46ACT1F241.jpg,0,1,0.5365729928016663
1494,46,1,256,D:\Skripsi\Experiment\data\raw\RGB1\S46\AC1\RGB1_SUB46ACT1F256.jpg,0,1,0.5656546950340271
1495,46,1,31,D:\Skripsi\Experiment\data\raw\RGB1\S46\AC1\RGB1_SUB46ACT1F31.jpg,0,0,0.4870712161064148
1496,46,1,46,D:\Skripsi\Experiment\data\raw\RGB1\S46\AC1\RGB1_SUB46ACT1F46.jpg,0,0,0.48357558250427246
1497,46,1,61,D:\Skripsi\Experiment\data\raw\RGB1\S46\AC1\RGB1_SUB46ACT1F61.jpg,0,1,0.5644516348838806
1498,46,1,76,D:\Skripsi\Experiment\data\raw\RGB1\S46\AC1\RGB1_SUB46ACT1F76.jpg,0,0,0.49030986428260803
1499,46,1,91,D:\Skripsi\Experiment\data\raw\RGB1\S46\AC1\RGB1_SUB46ACT1F91.jpg,0,1,0.5756260752677917
1500,46,5,1,D:\Skripsi\Experiment\data\raw\RGB1\S46\AC5\RGB1_SUB46ACT5F1.jpg,1,1,0.5081343650817871
1501,46,5,106,D:\Skripsi\Experiment\data\raw\RGB1\S46\AC5\RGB1_SUB46ACT5F106.jpg,1,1,0.5965854525566101
1502,46,5,121,D:\Skripsi\Experiment\data\raw\RGB1\S46\AC5\RGB1_SUB46ACT5F121.jpg,1,0,0.41958197951316833
1503,46,5,16,D:\Skripsi\Experiment\data\raw\RGB1\S46\AC5\RGB1_SUB46ACT5F16.jpg,1,0,0.45960327982902527
1504,46,5,31,D:\Skripsi\Experiment\data\raw\RGB1\S46\AC5\RGB1_SUB46ACT5F31.jpg,1,1,0.5067992806434631
1505,46,5,46,D:\Skripsi\Experiment\data\raw\RGB1\S46\AC5\RGB1_SUB46ACT5F46.jpg,1,1,0.5469051003456116
1506,46,5,61,D:\Skripsi\Experiment\data\raw\RGB1\S46\AC5\RGB1_SUB46ACT5F61.jpg,1,1,0.5345149040222168
1507,46,5,76,D:\Skripsi\Experiment\data\raw\RGB1\S46\AC5\RGB1_SUB46ACT5F76.jpg,1,0,0.4972076416015625
1508,46,5,91,D:\Skripsi\Experiment\data\raw\RGB1\S46\AC5\RGB1_SUB46ACT5F91.jpg,1,0,0.46330156922340393
1509,46,6,1,D:\Skripsi\Experiment\data\raw\RGB1\S46\AC6\RGB1_SUB46ACT6F1.jpg,1,1,0.569842517375946
1510,46,6,106,D:\Skripsi\Experiment\data\raw\RGB1\S46\AC6\RGB1_SUB46ACT6F106.jpg,1,1,0.6588749885559082
1511,46,6,121,D:\Skripsi\Experiment\data\raw\RGB1\S46\AC6\RGB1_SUB46ACT6F121.jpg,1,1,0.6177974343299866
1512,46,6,136,D:\Skripsi\Experiment\data\raw\RGB1\S46\AC6\RGB1_SUB46ACT6F136.jpg,1,1,0.5647233128547668
1513,46,6,16,D:\Skripsi\Experiment\data\raw\RGB1\S46\AC6\RGB1_SUB46ACT6F16.jpg,1,1,0.5441442131996155
1514,46,6,31,D:\Skripsi\Experiment\data\raw\RGB1\S46\AC6\RGB1_SUB46ACT6F31.jpg,1,1,0.5606656670570374
1515,46,6,46,D:\Skripsi\Experiment\data\raw\RGB1\S46\AC6\RGB1_SUB46ACT6F46.jpg,1,1,0.5388777852058411
1516,46,6,61,D:\Skripsi\Experiment\data\raw\RGB1\S46\AC6\RGB1_SUB46ACT6F61.jpg,1,1,0.5639284253120422
1517,46,6,76,D:\Skripsi\Experiment\data\raw\RGB1\S46\AC6\RGB1_SUB46ACT6F76.jpg,1,1,0.5358419418334961
1518,46,6,91,D:\Skripsi\Experiment\data\raw\RGB1\S46\AC6\RGB1_SUB46ACT6F91.jpg,1,1,0.5781833529472351
1519,46,7,1,D:\Skripsi\Experiment\data\raw\RGB1\S46\AC7\RGB1_SUB46ACT7F1.jpg,1,1,0.6895803809165955
1520,46,7,106,D:\Skripsi\Experiment\data\raw\RGB1\S46\AC7\RGB1_SUB46ACT7F106.jpg,1,1,0.5749792456626892
1521,46,7,121,D:\Skripsi\Experiment\data\raw\RGB1\S46\AC7\RGB1_SUB46ACT7F121.jpg,1,1,0.6569947004318237
1522,46,7,136,D:\Skripsi\Experiment\data\raw\RGB1\S46\AC7\RGB1_SUB46ACT7F136.jpg,1,1,0.6339665651321411
1523,46,7,16,D:\Skripsi\Experiment\data\raw\RGB1\S46\AC7\RGB1_SUB46ACT7F16.jpg,1,1,0.7414047122001648
1524,46,7,31,D:\Skripsi\Experiment\data\raw\RGB1\S46\AC7\RGB1_SUB46ACT7F31.jpg,1,1,0.61362224817276
1525,46,7,46,D:\Skripsi\Experiment\data\raw\RGB1\S46\AC7\RGB1_SUB46ACT7F46.jpg,1,1,0.574120044708252
1526,46,7,61,D:\Skripsi\Experiment\data\raw\RGB1\S46\AC7\RGB1_SUB46ACT7F61.jpg,1,1,0.6745814681053162
1527,46,7,76,D:\Skripsi\Experiment\data\raw\RGB1\S46\AC7\RGB1_SUB46ACT7F76.jpg,1,1,0.6559423804283142
1528,46,7,91,D:\Skripsi\Experiment\data\raw\RGB1\S46\AC7\RGB1_SUB46ACT7F91.jpg,1,1,0.6803705096244812
1529,46,8,1,D:\Skripsi\Experiment\data\raw\RGB1\S46\AC8\RGB1_SUB46ACT8F1.jpg,1,1,0.6034201383590698
1530,46,8,106,D:\Skripsi\Experiment\data\raw\RGB1\S46\AC8\RGB1_SUB46ACT8F106.jpg,1,1,0.6122467517852783
1531,46,8,121,D:\Skripsi\Experiment\data\raw\RGB1\S46\AC8\RGB1_SUB46ACT8F121.jpg,1,1,0.5814675092697144
1532,46,8,136,D:\Skripsi\Experiment\data\raw\RGB1\S46\AC8\RGB1_SUB46ACT8F136.jpg,1,0,0.49931296706199646
1533,46,8,151,D:\Skripsi\Experiment\data\raw\RGB1\S46\AC8\RGB1_SUB46ACT8F151.jpg,1,1,0.5306604504585266
1534,46,8,16,D:\Skripsi\Experiment\data\raw\RGB1\S46\AC8\RGB1_SUB46ACT8F16.jpg,1,1,0.623445451259613
1535,46,8,31,D:\Skripsi\Experiment\data\raw\RGB1\S46\AC8\RGB1_SUB46ACT8F31.jpg,1,1,0.570070207118988
1536,46,8,46,D:\Skripsi\Experiment\data\raw\RGB1\S46\AC8\RGB1_SUB46ACT8F46.jpg,1,1,0.5875380635261536
1537,46,8,61,D:\Skripsi\Experiment\data\raw\RGB1\S46\AC8\RGB1_SUB46ACT8F61.jpg,1,1,0.6013316512107849
1538,46,8,76,D:\Skripsi\Experiment\data\raw\RGB1\S46\AC8\RGB1_SUB46ACT8F76.jpg,1,1,0.6502957940101624
1539,46,8,91,D:\Skripsi\Experiment\data\raw\RGB1\S46\AC8\RGB1_SUB46ACT8F91.jpg,1,1,0.5480145215988159
1540,46,9,1,D:\Skripsi\Experiment\data\raw\RGB1\S46\AC9\RGB1_SUB46ACT9F1.jpg,1,1,0.5211751461029053
1541,46,9,16,D:\Skripsi\Experiment\data\raw\RGB1\S46\AC9\RGB1_SUB46ACT9F16.jpg,1,0,0.4031532406806946
1542,46,9,31,D:\Skripsi\Experiment\data\raw\RGB1\S46\AC9\RGB1_SUB46ACT9F31.jpg,1,0,0.4534739553928375
1543,46,9,46,D:\Skripsi\Experiment\data\raw\RGB1\S46\AC9\RGB1_SUB46ACT9F46.jpg,1,1,0.5575279593467712
1544,46,9,61,D:\Skripsi\Experiment\data\raw\RGB1\S46\AC9\RGB1_SUB46ACT9F61.jpg,1,1,0.522646427154541
1545,46,9,76,D:\Skripsi\Experiment\data\raw\RGB1\S46\AC9\RGB1_SUB46ACT9F76.jpg,1,1,0.6865395307540894
1546,47,1,1,D:\Skripsi\Experiment\data\raw\RGB1\S47\AC1\RGB1_SUB47ACT1F1.jpg,0,0,0.43083176016807556
1547,47,1,106,D:\Skripsi\Experiment\data\raw\RGB1\S47\AC1\RGB1_SUB47ACT1F106.jpg,0,0,0.34577566385269165
1548,47,1,121,D:\Skripsi\Experiment\data\raw\RGB1\S47\AC1\RGB1_SUB47ACT1F121.jpg,0,1,0.5123972296714783
1549,47,1,136,D:\Skripsi\Experiment\data\raw\RGB1\S47\AC1\RGB1_SUB47ACT1F136.jpg,0,1,0.5407177209854126
1550,47,1,151,D:\Skripsi\Experiment\data\raw\RGB1\S47\AC1\RGB1_SUB47ACT1F151.jpg,0,0,0.4449070990085602
1551,47,1,16,D:\Skripsi\Experiment\data\raw\RGB1\S47\AC1\RGB1_SUB47ACT1F16.jpg,0,0,0.3892674148082733
1552,47,1,166,D:\Skripsi\Experiment\data\raw\RGB1\S47\AC1\RGB1_SUB47ACT1F166.jpg,0,1,0.5561689734458923
1553,47,1,181,D:\Skripsi\Experiment\data\raw\RGB1\S47\AC1\RGB1_SUB47ACT1F181.jpg,0,1,0.5899719595909119
1554,47,1,196,D:\Skripsi\Experiment\data\raw\RGB1\S47\AC1\RGB1_SUB47ACT1F196.jpg,0,1,0.565152645111084
1555,47,1,31,D:\Skripsi\Experiment\data\raw\RGB1\S47\AC1\RGB1_SUB47ACT1F31.jpg,0,1,0.5926148295402527
1556,47,1,46,D:\Skripsi\Experiment\data\raw\RGB1\S47\AC1\RGB1_SUB47ACT1F46.jpg,0,0,0.4764804244041443
1557,47,1,61,D:\Skripsi\Experiment\data\raw\RGB1\S47\AC1\RGB1_SUB47ACT1F61.jpg,0,0,0.3592737019062042
1558,47,1,76,D:\Skripsi\Experiment\data\raw\RGB1\S47\AC1\RGB1_SUB47ACT1F76.jpg,0,0,0.3365326225757599
1559,47,1,91,D:\Skripsi\Experiment\data\raw\RGB1\S47\AC1\RGB1_SUB47ACT1F91.jpg,0,0,0.3817543089389801
1560,47,5,1,D:\Skripsi\Experiment\data\raw\RGB1\S47\AC5\RGB1_SUB47ACT5F1.jpg,1,1,0.5618019700050354
1561,47,5,16,D:\Skripsi\Experiment\data\raw\RGB1\S47\AC5\RGB1_SUB47ACT5F16.jpg,1,1,0.6185407042503357
1562,47,5,31,D:\Skripsi\Experiment\data\raw\RGB1\S47\AC5\RGB1_SUB47ACT5F31.jpg,1,1,0.5499938726425171
1563,47,5,46,D:\Skripsi\Experiment\data\raw\RGB1\S47\AC5\RGB1_SUB47ACT5F46.jpg,1,1,0.6743627190589905
1564,47,5,61,D:\Skripsi\Experiment\data\raw\RGB1\S47\AC5\RGB1_SUB47ACT5F61.jpg,1,1,0.5503069758415222
1565,47,5,76,D:\Skripsi\Experiment\data\raw\RGB1\S47\AC5\RGB1_SUB47ACT5F76.jpg,1,1,0.527641773223877
1566,47,5,91,D:\Skripsi\Experiment\data\raw\RGB1\S47\AC5\RGB1_SUB47ACT5F91.jpg,1,1,0.6669595837593079
1567,47,6,1,D:\Skripsi\Experiment\data\raw\RGB1\S47\AC6\RGB1_SUB47ACT6F1.jpg,1,0,0.39911168813705444
1568,47,6,106,D:\Skripsi\Experiment\data\raw\RGB1\S47\AC6\RGB1_SUB47ACT6F106.jpg,1,1,0.6159296035766602
1569,47,6,16,D:\Skripsi\Experiment\data\raw\RGB1\S47\AC6\RGB1_SUB47ACT6F16.jpg,1,1,0.6766398549079895
1570,47,6,31,D:\Skripsi\Experiment\data\raw\RGB1\S47\AC6\RGB1_SUB47ACT6F31.jpg,1,1,0.6287073493003845
1571,47,6,46,D:\Skripsi\Experiment\data\raw\RGB1\S47\AC6\RGB1_SUB47ACT6F46.jpg,1,1,0.5479766726493835
1572,47,6,61,D:\Skripsi\Experiment\data\raw\RGB1\S47\AC6\RGB1_SUB47ACT6F61.jpg,1,1,0.5463775396347046
1573,47,6,76,D:\Skripsi\Experiment\data\raw\RGB1\S47\AC6\RGB1_SUB47ACT6F76.jpg,1,1,0.5913750529289246
1574,47,6,91,D:\Skripsi\Experiment\data\raw\RGB1\S47\AC6\RGB1_SUB47ACT6F91.jpg,1,1,0.5748629570007324
1575,47,7,1,D:\Skripsi\Experiment\data\raw\RGB1\S47\AC7\RGB1_SUB47ACT7F1.jpg,1,1,0.7705478668212891
1576,47,7,106,D:\Skripsi\Experiment\data\raw\RGB1\S47\AC7\RGB1_SUB47ACT7F106.jpg,1,1,0.6639437675476074
1577,47,7,121,D:\Skripsi\Experiment\data\raw\RGB1\S47\AC7\RGB1_SUB47ACT7F121.jpg,1,1,0.5357069373130798
1578,47,7,136,D:\Skripsi\Experiment\data\raw\RGB1\S47\AC7\RGB1_SUB47ACT7F136.jpg,1,1,0.5063155293464661
1579,47,7,151,D:\Skripsi\Experiment\data\raw\RGB1\S47\AC7\RGB1_SUB47ACT7F151.jpg,1,1,0.5384217500686646
1580,47,7,16,D:\Skripsi\Experiment\data\raw\RGB1\S47\AC7\RGB1_SUB47ACT7F16.jpg,1,1,0.7131302356719971
1581,47,7,166,D:\Skripsi\Experiment\data\raw\RGB1\S47\AC7\RGB1_SUB47ACT7F166.jpg,1,0,0.4141247868537903
1582,47,7,31,D:\Skripsi\Experiment\data\raw\RGB1\S47\AC7\RGB1_SUB47ACT7F31.jpg,1,1,0.6066178679466248
1583,47,7,46,D:\Skripsi\Experiment\data\raw\RGB1\S47\AC7\RGB1_SUB47ACT7F46.jpg,1,1,0.7168943881988525
1584,47,7,61,D:\Skripsi\Experiment\data\raw\RGB1\S47\AC7\RGB1_SUB47ACT7F61.jpg,1,1,0.7339261770248413
1585,47,7,76,D:\Skripsi\Experiment\data\raw\RGB1\S47\AC7\RGB1_SUB47ACT7F76.jpg,1,1,0.6789257526397705
1586,47,7,91,D:\Skripsi\Experiment\data\raw\RGB1\S47\AC7\RGB1_SUB47ACT7F91.jpg,1,1,0.5307867527008057
1587,47,8,1,D:\Skripsi\Experiment\data\raw\RGB1\S47\AC8\RGB1_SUB47ACT8F1.jpg,1,1,0.5960322618484497
1588,47,8,106,D:\Skripsi\Experiment\data\raw\RGB1\S47\AC8\RGB1_SUB47ACT8F106.jpg,1,1,0.637199878692627
1589,47,8,121,D:\Skripsi\Experiment\data\raw\RGB1\S47\AC8\RGB1_SUB47ACT8F121.jpg,1,1,0.5625183582305908
1590,47,8,136,D:\Skripsi\Experiment\data\raw\RGB1\S47\AC8\RGB1_SUB47ACT8F136.jpg,1,1,0.7120538949966431
1591,47,8,151,D:\Skripsi\Experiment\data\raw\RGB1\S47\AC8\RGB1_SUB47ACT8F151.jpg,1,1,0.6156894564628601
1592,47,8,16,D:\Skripsi\Experiment\data\raw\RGB1\S47\AC8\RGB1_SUB47ACT8F16.jpg,1,0,0.4978320300579071
1593,47,8,31,D:\Skripsi\Experiment\data\raw\RGB1\S47\AC8\RGB1_SUB47ACT8F31.jpg,1,1,0.5679486393928528
1594,47,8,46,D:\Skripsi\Experiment\data\raw\RGB1\S47\AC8\RGB1_SUB47ACT8F46.jpg,1,1,0.587273359298706
1595,47,8,61,D:\Skripsi\Experiment\data\raw\RGB1\S47\AC8\RGB1_SUB47ACT8F61.jpg,1,1,0.6572337746620178
1596,47,8,76,D:\Skripsi\Experiment\data\raw\RGB1\S47\AC8\RGB1_SUB47ACT8F76.jpg,1,1,0.5290254354476929
1597,47,8,91,D:\Skripsi\Experiment\data\raw\RGB1\S47\AC8\RGB1_SUB47ACT8F91.jpg,1,0,0.47909989953041077
1598,47,9,1,D:\Skripsi\Experiment\data\raw\RGB1\S47\AC9\RGB1_SUB47ACT9F1.jpg,1,1,0.6518785953521729
1599,47,9,106,D:\Skripsi\Experiment\data\raw\RGB1\S47\AC9\RGB1_SUB47ACT9F106.jpg,1,1,0.5327467918395996
1600,47,9,121,D:\Skripsi\Experiment\data\raw\RGB1\S47\AC9\RGB1_SUB47ACT9F121.jpg,1,1,0.5690147280693054
1601,47,9,136,D:\Skripsi\Experiment\data\raw\RGB1\S47\AC9\RGB1_SUB47ACT9F136.jpg,1,1,0.6366564035415649
1602,47,9,151,D:\Skripsi\Experiment\data\raw\RGB1\S47\AC9\RGB1_SUB47ACT9F151.jpg,1,1,0.7732873558998108
1603,47,9,16,D:\Skripsi\Experiment\data\raw\RGB1\S47\AC9\RGB1_SUB47ACT9F16.jpg,1,1,0.6505411267280579
1604,47,9,31,D:\Skripsi\Experiment\data\raw\RGB1\S47\AC9\RGB1_SUB47ACT9F31.jpg,1,1,0.6122691631317139
1605,47,9,46,D:\Skripsi\Experiment\data\raw\RGB1\S47\AC9\RGB1_SUB47ACT9F46.jpg,1,1,0.6140070557594299
1606,47,9,61,D:\Skripsi\Experiment\data\raw\RGB1\S47\AC9\RGB1_SUB47ACT9F61.jpg,1,1,0.7445112466812134
1607,47,9,76,D:\Skripsi\Experiment\data\raw\RGB1\S47\AC9\RGB1_SUB47ACT9F76.jpg,1,1,0.7157205939292908
1608,47,9,91,D:\Skripsi\Experiment\data\raw\RGB1\S47\AC9\RGB1_SUB47ACT9F91.jpg,1,1,0.644625186920166
1609,48,1,1,D:\Skripsi\Experiment\data\raw\RGB1\S48\AC1\RGB1_SUB48ACT1F1.jpg,0,1,0.5863902568817139
1610,48,1,106,D:\Skripsi\Experiment\data\raw\RGB1\S48\AC1\RGB1_SUB48ACT1F106.jpg,0,1,0.7102604508399963
1611,48,1,121,D:\Skripsi\Experiment\data\raw\RGB1\S48\AC1\RGB1_SUB48ACT1F121.jpg,0,1,0.7206254005432129
1612,48,1,16,D:\Skripsi\Experiment\data\raw\RGB1\S48\AC1\RGB1_SUB48ACT1F16.jpg,0,1,0.63472980260849
1613,48,1,31,D:\Skripsi\Experiment\data\raw\RGB1\S48\AC1\RGB1_SUB48ACT1F31.jpg,0,1,0.6110440492630005
1614,48,1,46,D:\Skripsi\Experiment\data\raw\RGB1\S48\AC1\RGB1_SUB48ACT1F46.jpg,0,1,0.623582124710083
1615,48,1,61,D:\Skripsi\Experiment\data\raw\RGB1\S48\AC1\RGB1_SUB48ACT1F61.jpg,0,1,0.7160750031471252
1616,48,1,76,D:\Skripsi\Experiment\data\raw\RGB1\S48\AC1\RGB1_SUB48ACT1F76.jpg,0,1,0.8306287527084351
1617,48,1,91,D:\Skripsi\Experiment\data\raw\RGB1\S48\AC1\RGB1_SUB48ACT1F91.jpg,0,1,0.5788090825080872
1618,48,5,1,D:\Skripsi\Experiment\data\raw\RGB1\S48\AC5\RGB1_SUB48ACT5F1.jpg,1,1,0.6602289080619812
1619,48,5,106,D:\Skripsi\Experiment\data\raw\RGB1\S48\AC5\RGB1_SUB48ACT5F106.jpg,1,1,0.7837865352630615
1620,48,5,121,D:\Skripsi\Experiment\data\raw\RGB1\S48\AC5\RGB1_SUB48ACT5F121.jpg,1,1,0.7126812934875488
1621,48,5,136,D:\Skripsi\Experiment\data\raw\RGB1\S48\AC5\RGB1_SUB48ACT5F136.jpg,1,1,0.6573389768600464
1622,48,5,16,D:\Skripsi\Experiment\data\raw\RGB1\S48\AC5\RGB1_SUB48ACT5F16.jpg,1,1,0.7234274744987488
1623,48,5,31,D:\Skripsi\Experiment\data\raw\RGB1\S48\AC5\RGB1_SUB48ACT5F31.jpg,1,1,0.6858261823654175
1624,48,5,46,D:\Skripsi\Experiment\data\raw\RGB1\S48\AC5\RGB1_SUB48ACT5F46.jpg,1,1,0.6609146595001221
1625,48,5,61,D:\Skripsi\Experiment\data\raw\RGB1\S48\AC5\RGB1_SUB48ACT5F61.jpg,1,1,0.7762835621833801
1626,48,5,76,D:\Skripsi\Experiment\data\raw\RGB1\S48\AC5\RGB1_SUB48ACT5F76.jpg,1,1,0.6898208856582642
1627,48,5,91,D:\Skripsi\Experiment\data\raw\RGB1\S48\AC5\RGB1_SUB48ACT5F91.jpg,1,1,0.7458055019378662
1628,48,6,1,D:\Skripsi\Experiment\data\raw\RGB1\S48\AC6\RGB1_SUB48ACT6F1.jpg,1,1,0.7043125629425049
1629,48,6,16,D:\Skripsi\Experiment\data\raw\RGB1\S48\AC6\RGB1_SUB48ACT6F16.jpg,1,1,0.6165904402732849
1630,48,6,31,D:\Skripsi\Experiment\data\raw\RGB1\S48\AC6\RGB1_SUB48ACT6F31.jpg,1,1,0.7054633498191833
1631,48,6,46,D:\Skripsi\Experiment\data\raw\RGB1\S48\AC6\RGB1_SUB48ACT6F46.jpg,1,1,0.7261705994606018
1632,48,6,61,D:\Skripsi\Experiment\data\raw\RGB1\S48\AC6\RGB1_SUB48ACT6F61.jpg,1,1,0.6694169640541077
1633,48,6,76,D:\Skripsi\Experiment\data\raw\RGB1\S48\AC6\RGB1_SUB48ACT6F76.jpg,1,1,0.670051097869873
1634,48,6,91,D:\Skripsi\Experiment\data\raw\RGB1\S48\AC6\RGB1_SUB48ACT6F91.jpg,1,1,0.5976712107658386
1635,48,7,1,D:\Skripsi\Experiment\data\raw\RGB1\S48\AC7\RGB1_SUB48ACT7F1.jpg,1,1,0.6953678727149963
1636,48,7,106,D:\Skripsi\Experiment\data\raw\RGB1\S48\AC7\RGB1_SUB48ACT7F106.jpg,1,1,0.6531082987785339
1637,48,7,121,D:\Skripsi\Experiment\data\raw\RGB1\S48\AC7\RGB1_SUB48ACT7F121.jpg,1,1,0.5616346001625061
1638,48,7,136,D:\Skripsi\Experiment\data\raw\RGB1\S48\AC7\RGB1_SUB48ACT7F136.jpg,1,1,0.6440781354904175
1639,48,7,151,D:\Skripsi\Experiment\data\raw\RGB1\S48\AC7\RGB1_SUB48ACT7F151.jpg,1,1,0.6738555431365967
1640,48,7,16,D:\Skripsi\Experiment\data\raw\RGB1\S48\AC7\RGB1_SUB48ACT7F16.jpg,1,1,0.666535496711731
1641,48,7,166,D:\Skripsi\Experiment\data\raw\RGB1\S48\AC7\RGB1_SUB48ACT7F166.jpg,1,1,0.5296642184257507
1642,48,7,181,D:\Skripsi\Experiment\data\raw\RGB1\S48\AC7\RGB1_SUB48ACT7F181.jpg,1,1,0.6687663793563843
1643,48,7,31,D:\Skripsi\Experiment\data\raw\RGB1\S48\AC7\RGB1_SUB48ACT7F31.jpg,1,1,0.5710068345069885
1644,48,7,46,D:\Skripsi\Experiment\data\raw\RGB1\S48\AC7\RGB1_SUB48ACT7F46.jpg,1,1,0.7463765740394592
1645,48,7,61,D:\Skripsi\Experiment\data\raw\RGB1\S48\AC7\RGB1_SUB48ACT7F61.jpg,1,1,0.6491541862487793
1646,48,7,76,D:\Skripsi\Experiment\data\raw\RGB1\S48\AC7\RGB1_SUB48ACT7F76.jpg,1,1,0.7421574592590332
1647,48,7,91,D:\Skripsi\Experiment\data\raw\RGB1\S48\AC7\RGB1_SUB48ACT7F91.jpg,1,1,0.75117027759552
1648,48,8,1,D:\Skripsi\Experiment\data\raw\RGB1\S48\AC8\RGB1_SUB48ACT8F1.jpg,1,1,0.643204927444458
1649,48,8,106,D:\Skripsi\Experiment\data\raw\RGB1\S48\AC8\RGB1_SUB48ACT8F106.jpg,1,1,0.6260644197463989
1650,48,8,121,D:\Skripsi\Experiment\data\raw\RGB1\S48\AC8\RGB1_SUB48ACT8F121.jpg,1,1,0.6829525828361511
1651,48,8,136,D:\Skripsi\Experiment\data\raw\RGB1\S48\AC8\RGB1_SUB48ACT8F136.jpg,1,1,0.6325228810310364
1652,48,8,151,D:\Skripsi\Experiment\data\raw\RGB1\S48\AC8\RGB1_SUB48ACT8F151.jpg,1,1,0.7060648798942566
1653,48,8,16,D:\Skripsi\Experiment\data\raw\RGB1\S48\AC8\RGB1_SUB48ACT8F16.jpg,1,1,0.629435122013092
1654,48,8,166,D:\Skripsi\Experiment\data\raw\RGB1\S48\AC8\RGB1_SUB48ACT8F166.jpg,1,1,0.7780453562736511
1655,48,8,181,D:\Skripsi\Experiment\data\raw\RGB1\S48\AC8\RGB1_SUB48ACT8F181.jpg,1,1,0.6991212964057922
1656,48,8,31,D:\Skripsi\Experiment\data\raw\RGB1\S48\AC8\RGB1_SUB48ACT8F31.jpg,1,1,0.6829797029495239
1657,48,8,46,D:\Skripsi\Experiment\data\raw\RGB1\S48\AC8\RGB1_SUB48ACT8F46.jpg,1,1,0.8009212613105774
1658,48,8,61,D:\Skripsi\Experiment\data\raw\RGB1\S48\AC8\RGB1_SUB48ACT8F61.jpg,1,1,0.7017353773117065
1659,48,8,76,D:\Skripsi\Experiment\data\raw\RGB1\S48\AC8\RGB1_SUB48ACT8F76.jpg,1,1,0.7412887811660767
1660,48,8,91,D:\Skripsi\Experiment\data\raw\RGB1\S48\AC8\RGB1_SUB48ACT8F91.jpg,1,1,0.7368999123573303
1661,48,9,1,D:\Skripsi\Experiment\data\raw\RGB1\S48\AC9\RGB1_SUB48ACT9F1.jpg,1,1,0.7761962413787842
1662,48,9,106,D:\Skripsi\Experiment\data\raw\RGB1\S48\AC9\RGB1_SUB48ACT9F106.jpg,1,1,0.7050899863243103
1663,48,9,121,D:\Skripsi\Experiment\data\raw\RGB1\S48\AC9\RGB1_SUB48ACT9F121.jpg,1,1,0.6878869533538818
1664,48,9,136,D:\Skripsi\Experiment\data\raw\RGB1\S48\AC9\RGB1_SUB48ACT9F136.jpg,1,1,0.7105212211608887
1665,48,9,151,D:\Skripsi\Experiment\data\raw\RGB1\S48\AC9\RGB1_SUB48ACT9F151.jpg,1,1,0.6508349776268005
1666,48,9,16,D:\Skripsi\Experiment\data\raw\RGB1\S48\AC9\RGB1_SUB48ACT9F16.jpg,1,1,0.6895562410354614
1667,48,9,166,D:\Skripsi\Experiment\data\raw\RGB1\S48\AC9\RGB1_SUB48ACT9F166.jpg,1,1,0.6151403188705444
1668,48,9,31,D:\Skripsi\Experiment\data\raw\RGB1\S48\AC9\RGB1_SUB48ACT9F31.jpg,1,1,0.6606265306472778
1669,48,9,46,D:\Skripsi\Experiment\data\raw\RGB1\S48\AC9\RGB1_SUB48ACT9F46.jpg,1,1,0.6411110758781433
1670,48,9,61,D:\Skripsi\Experiment\data\raw\RGB1\S48\AC9\RGB1_SUB48ACT9F61.jpg,1,1,0.6267013549804688
1671,48,9,76,D:\Skripsi\Experiment\data\raw\RGB1\S48\AC9\RGB1_SUB48ACT9F76.jpg,1,1,0.6494391560554504
1672,48,9,91,D:\Skripsi\Experiment\data\raw\RGB1\S48\AC9\RGB1_SUB48ACT9F91.jpg,1,1,0.7217127680778503
1673,49,1,1,D:\Skripsi\Experiment\data\raw\RGB1\S49\AC1\RGB1_SUB49ACT1F1.jpg,0,1,0.634581983089447
1674,49,1,106,D:\Skripsi\Experiment\data\raw\RGB1\S49\AC1\RGB1_SUB49ACT1F106.jpg,0,1,0.5318800210952759
1675,49,1,121,D:\Skripsi\Experiment\data\raw\RGB1\S49\AC1\RGB1_SUB49ACT1F121.jpg,0,1,0.5552364587783813
1676,49,1,136,D:\Skripsi\Experiment\data\raw\RGB1\S49\AC1\RGB1_SUB49ACT1F136.jpg,0,1,0.530278742313385
1677,49,1,151,D:\Skripsi\Experiment\data\raw\RGB1\S49\AC1\RGB1_SUB49ACT1F151.jpg,0,0,0.4641357362270355
1678,49,1,16,D:\Skripsi\Experiment\data\raw\RGB1\S49\AC1\RGB1_SUB49ACT1F16.jpg,0,1,0.6105799078941345
1679,49,1,166,D:\Skripsi\Experiment\data\raw\RGB1\S49\AC1\RGB1_SUB49ACT1F166.jpg,0,0,0.48908111453056335
1680,49,1,31,D:\Skripsi\Experiment\data\raw\RGB1\S49\AC1\RGB1_SUB49ACT1F31.jpg,0,1,0.5247430205345154
1681,49,1,46,D:\Skripsi\Experiment\data\raw\RGB1\S49\AC1\RGB1_SUB49ACT1F46.jpg,0,1,0.5305351614952087
1682,49,1,61,D:\Skripsi\Experiment\data\raw\RGB1\S49\AC1\RGB1_SUB49ACT1F61.jpg,0,1,0.5626696348190308
1683,49,1,76,D:\Skripsi\Experiment\data\raw\RGB1\S49\AC1\RGB1_SUB49ACT1F76.jpg,0,1,0.6172424554824829
1684,49,1,91,D:\Skripsi\Experiment\data\raw\RGB1\S49\AC1\RGB1_SUB49ACT1F91.jpg,0,1,0.5697756409645081
1685,49,5,1,D:\Skripsi\Experiment\data\raw\RGB1\S49\AC5\RGB1_SUB49ACT5F1.jpg,1,1,0.6028567552566528
1686,49,5,106,D:\Skripsi\Experiment\data\raw\RGB1\S49\AC5\RGB1_SUB49ACT5F106.jpg,1,1,0.7515664100646973
1687,49,5,121,D:\Skripsi\Experiment\data\raw\RGB1\S49\AC5\RGB1_SUB49ACT5F121.jpg,1,1,0.6651793122291565
1688,49,5,136,D:\Skripsi\Experiment\data\raw\RGB1\S49\AC5\RGB1_SUB49ACT5F136.jpg,1,1,0.6918736696243286
1689,49,5,151,D:\Skripsi\Experiment\data\raw\RGB1\S49\AC5\RGB1_SUB49ACT5F151.jpg,1,1,0.5745565891265869
1690,49,5,16,D:\Skripsi\Experiment\data\raw\RGB1\S49\AC5\RGB1_SUB49ACT5F16.jpg,1,1,0.6135795712471008
1691,49,5,166,D:\Skripsi\Experiment\data\raw\RGB1\S49\AC5\RGB1_SUB49ACT5F166.jpg,1,1,0.5047522783279419
1692,49,5,31,D:\Skripsi\Experiment\data\raw\RGB1\S49\AC5\RGB1_SUB49ACT5F31.jpg,1,1,0.7157590985298157
1693,49,5,46,D:\Skripsi\Experiment\data\raw\RGB1\S49\AC5\RGB1_SUB49ACT5F46.jpg,1,1,0.7487922310829163
1694,49,5,61,D:\Skripsi\Experiment\data\raw\RGB1\S49\AC5\RGB1_SUB49ACT5F61.jpg,1,1,0.7681002020835876
1695,49,5,76,D:\Skripsi\Experiment\data\raw\RGB1\S49\AC5\RGB1_SUB49ACT5F76.jpg,1,1,0.6522001624107361
1696,49,5,91,D:\Skripsi\Experiment\data\raw\RGB1\S49\AC5\RGB1_SUB49ACT5F91.jpg,1,1,0.7218220829963684
1697,49,6,1,D:\Skripsi\Experiment\data\raw\RGB1\S49\AC6\RGB1_SUB49ACT6F1.jpg,1,1,0.6238837838172913
1698,49,6,106,D:\Skripsi\Experiment\data\raw\RGB1\S49\AC6\RGB1_SUB49ACT6F106.jpg,1,1,0.5911364555358887
1699,49,6,121,D:\Skripsi\Experiment\data\raw\RGB1\S49\AC6\RGB1_SUB49ACT6F121.jpg,1,1,0.6135233640670776
1700,49,6,136,D:\Skripsi\Experiment\data\raw\RGB1\S49\AC6\RGB1_SUB49ACT6F136.jpg,1,1,0.6079586744308472
1701,49,6,151,D:\Skripsi\Experiment\data\raw\RGB1\S49\AC6\RGB1_SUB49ACT6F151.jpg,1,1,0.6021828055381775
1702,49,6,16,D:\Skripsi\Experiment\data\raw\RGB1\S49\AC6\RGB1_SUB49ACT6F16.jpg,1,1,0.6227672100067139
1703,49,6,166,D:\Skripsi\Experiment\data\raw\RGB1\S49\AC6\RGB1_SUB49ACT6F166.jpg,1,1,0.783306360244751
1704,49,6,181,D:\Skripsi\Experiment\data\raw\RGB1\S49\AC6\RGB1_SUB49ACT6F181.jpg,1,1,0.6462547779083252
1705,49,6,31,D:\Skripsi\Experiment\data\raw\RGB1\S49\AC6\RGB1_SUB49ACT6F31.jpg,1,1,0.5821864604949951
1706,49,6,46,D:\Skripsi\Experiment\data\raw\RGB1\S49\AC6\RGB1_SUB49ACT6F46.jpg,1,1,0.6359196305274963
1707,49,6,61,D:\Skripsi\Experiment\data\raw\RGB1\S49\AC6\RGB1_SUB49ACT6F61.jpg,1,1,0.6579862833023071
1708,49,6,76,D:\Skripsi\Experiment\data\raw\RGB1\S49\AC6\RGB1_SUB49ACT6F76.jpg,1,1,0.5857852101325989
1709,49,6,91,D:\Skripsi\Experiment\data\raw\RGB1\S49\AC6\RGB1_SUB49ACT6F91.jpg,1,1,0.6803331971168518
1710,49,7,1,D:\Skripsi\Experiment\data\raw\RGB1\S49\AC7\RGB1_SUB49ACT7F1.jpg,1,1,0.5388171076774597
1711,49,7,106,D:\Skripsi\Experiment\data\raw\RGB1\S49\AC7\RGB1_SUB49ACT7F106.jpg,1,1,0.5106675028800964
1712,49,7,121,D:\Skripsi\Experiment\data\raw\RGB1\S49\AC7\RGB1_SUB49ACT7F121.jpg,1,1,0.520643949508667
1713,49,7,136,D:\Skripsi\Experiment\data\raw\RGB1\S49\AC7\RGB1_SUB49ACT7F136.jpg,1,0,0.4927147328853607
1714,49,7,16,D:\Skripsi\Experiment\data\raw\RGB1\S49\AC7\RGB1_SUB49ACT7F16.jpg,1,1,0.5080455541610718
1715,49,7,31,D:\Skripsi\Experiment\data\raw\RGB1\S49\AC7\RGB1_SUB49ACT7F31.jpg,1,1,0.5811306238174438
1716,49,7,46,D:\Skripsi\Experiment\data\raw\RGB1\S49\AC7\RGB1_SUB49ACT7F46.jpg,1,1,0.6183860898017883
1717,49,7,61,D:\Skripsi\Experiment\data\raw\RGB1\S49\AC7\RGB1_SUB49ACT7F61.jpg,1,1,0.569486141204834
1718,49,7,76,D:\Skripsi\Experiment\data\raw\RGB1\S49\AC7\RGB1_SUB49ACT7F76.jpg,1,1,0.5519794225692749
1719,49,7,91,D:\Skripsi\Experiment\data\raw\RGB1\S49\AC7\RGB1_SUB49ACT7F91.jpg,1,1,0.549233615398407
1720,49,8,1,D:\Skripsi\Experiment\data\raw\RGB1\S49\AC8\RGB1_SUB49ACT8F1.jpg,1,1,0.5886341333389282
1721,49,8,106,D:\Skripsi\Experiment\data\raw\RGB1\S49\AC8\RGB1_SUB49ACT8F106.jpg,1,1,0.6298750638961792
1722,49,8,121,D:\Skripsi\Experiment\data\raw\RGB1\S49\AC8\RGB1_SUB49ACT8F121.jpg,1,1,0.6232945322990417
1723,49,8,136,D:\Skripsi\Experiment\data\raw\RGB1\S49\AC8\RGB1_SUB49ACT8F136.jpg,1,1,0.617948055267334
1724,49,8,151,D:\Skripsi\Experiment\data\raw\RGB1\S49\AC8\RGB1_SUB49ACT8F151.jpg,1,1,0.5941622853279114
1725,49,8,16,D:\Skripsi\Experiment\data\raw\RGB1\S49\AC8\RGB1_SUB49ACT8F16.jpg,1,1,0.5738927125930786
1726,49,8,166,D:\Skripsi\Experiment\data\raw\RGB1\S49\AC8\RGB1_SUB49ACT8F166.jpg,1,0,0.48988625407218933
1727,49,8,181,D:\Skripsi\Experiment\data\raw\RGB1\S49\AC8\RGB1_SUB49ACT8F181.jpg,1,0,0.46531665325164795
1728,49,8,196,D:\Skripsi\Experiment\data\raw\RGB1\S49\AC8\RGB1_SUB49ACT8F196.jpg,1,0,0.4818827509880066
1729,49,8,211,D:\Skripsi\Experiment\data\raw\RGB1\S49\AC8\RGB1_SUB49ACT8F211.jpg,1,1,0.5573908090591431
1730,49,8,31,D:\Skripsi\Experiment\data\raw\RGB1\S49\AC8\RGB1_SUB49ACT8F31.jpg,1,1,0.62362140417099
1731,49,8,46,D:\Skripsi\Experiment\data\raw\RGB1\S49\AC8\RGB1_SUB49ACT8F46.jpg,1,1,0.59543776512146
1732,49,8,61,D:\Skripsi\Experiment\data\raw\RGB1\S49\AC8\RGB1_SUB49ACT8F61.jpg,1,1,0.5445333123207092
1733,49,8,76,D:\Skripsi\Experiment\data\raw\RGB1\S49\AC8\RGB1_SUB49ACT8F76.jpg,1,1,0.6843308806419373
1734,49,8,91,D:\Skripsi\Experiment\data\raw\RGB1\S49\AC8\RGB1_SUB49ACT8F91.jpg,1,1,0.5484621524810791
1735,49,9,1,D:\Skripsi\Experiment\data\raw\RGB1\S49\AC9\RGB1_SUB49ACT9F1.jpg,1,1,0.6955033540725708
1736,49,9,106,D:\Skripsi\Experiment\data\raw\RGB1\S49\AC9\RGB1_SUB49ACT9F106.jpg,1,1,0.5038034915924072
1737,49,9,121,D:\Skripsi\Experiment\data\raw\RGB1\S49\AC9\RGB1_SUB49ACT9F121.jpg,1,0,0.48871055245399475
1738,49,9,136,D:\Skripsi\Experiment\data\raw\RGB1\S49\AC9\RGB1_SUB49ACT9F136.jpg,1,1,0.5686911940574646
1739,49,9,151,D:\Skripsi\Experiment\data\raw\RGB1\S49\AC9\RGB1_SUB49ACT9F151.jpg,1,1,0.6386328339576721
1740,49,9,16,D:\Skripsi\Experiment\data\raw\RGB1\S49\AC9\RGB1_SUB49ACT9F16.jpg,1,1,0.618933379650116
1741,49,9,166,D:\Skripsi\Experiment\data\raw\RGB1\S49\AC9\RGB1_SUB49ACT9F166.jpg,1,0,0.45026499032974243
1742,49,9,181,D:\Skripsi\Experiment\data\raw\RGB1\S49\AC9\RGB1_SUB49ACT9F181.jpg,1,0,0.494336873292923
1743,49,9,196,D:\Skripsi\Experiment\data\raw\RGB1\S49\AC9\RGB1_SUB49ACT9F196.jpg,1,1,0.5310047268867493
1744,49,9,31,D:\Skripsi\Experiment\data\raw\RGB1\S49\AC9\RGB1_SUB49ACT9F31.jpg,1,1,0.58211350440979
1745,49,9,46,D:\Skripsi\Experiment\data\raw\RGB1\S49\AC9\RGB1_SUB49ACT9F46.jpg,1,1,0.5579784512519836
1746,49,9,61,D:\Skripsi\Experiment\data\raw\RGB1\S49\AC9\RGB1_SUB49ACT9F61.jpg,1,1,0.6700098514556885
1747,49,9,76,D:\Skripsi\Experiment\data\raw\RGB1\S49\AC9\RGB1_SUB49ACT9F76.jpg,1,1,0.5497571229934692
1748,49,9,91,D:\Skripsi\Experiment\data\raw\RGB1\S49\AC9\RGB1_SUB49ACT9F91.jpg,1,1,0.5337740182876587
1749,5,1,1,D:\Skripsi\Experiment\data\raw\RGB1\S5\AC1\RGB1_SUB5ACT1F1.jpg,0,1,0.5101667046546936
1750,5,1,106,D:\Skripsi\Experiment\data\raw\RGB1\S5\AC1\RGB1_SUB5ACT1F106.jpg,0,1,0.672435998916626
1751,5,1,121,D:\Skripsi\Experiment\data\raw\RGB1\S5\AC1\RGB1_SUB5ACT1F121.jpg,0,1,0.6277270913124084
1752,5,1,136,D:\Skripsi\Experiment\data\raw\RGB1\S5\AC1\RGB1_SUB5ACT1F136.jpg,0,1,0.592632532119751
1753,5,1,16,D:\Skripsi\Experiment\data\raw\RGB1\S5\AC1\RGB1_SUB5ACT1F16.jpg,0,0,0.4924484193325043
1754,5,1,31,D:\Skripsi\Experiment\data\raw\RGB1\S5\AC1\RGB1_SUB5ACT1F31.jpg,0,1,0.6010117530822754
1755,5,1,46,D:\Skripsi\Experiment\data\raw\RGB1\S5\AC1\RGB1_SUB5ACT1F46.jpg,0,1,0.6121216416358948
1756,5,1,61,D:\Skripsi\Experiment\data\raw\RGB1\S5\AC1\RGB1_SUB5ACT1F61.jpg,0,1,0.545191764831543
1757,5,1,76,D:\Skripsi\Experiment\data\raw\RGB1\S5\AC1\RGB1_SUB5ACT1F76.jpg,0,1,0.699873685836792
1758,5,1,91,D:\Skripsi\Experiment\data\raw\RGB1\S5\AC1\RGB1_SUB5ACT1F91.jpg,0,1,0.5882354974746704
1759,5,5,1,D:\Skripsi\Experiment\data\raw\RGB1\S5\AC5\RGB1_SUB5ACT5F1.jpg,1,1,0.5606203079223633
1760,5,5,106,D:\Skripsi\Experiment\data\raw\RGB1\S5\AC5\RGB1_SUB5ACT5F106.jpg,1,1,0.6457101702690125
1761,5,5,121,D:\Skripsi\Experiment\data\raw\RGB1\S5\AC5\RGB1_SUB5ACT5F121.jpg,1,1,0.5701995491981506
1762,5,5,16,D:\Skripsi\Experiment\data\raw\RGB1\S5\AC5\RGB1_SUB5ACT5F16.jpg,1,1,0.6265143752098083
1763,5,5,31,D:\Skripsi\Experiment\data\raw\RGB1\S5\AC5\RGB1_SUB5ACT5F31.jpg,1,0,0.4848500192165375
1764,5,5,46,D:\Skripsi\Experiment\data\raw\RGB1\S5\AC5\RGB1_SUB5ACT5F46.jpg,1,1,0.5203295350074768
1765,5,5,61,D:\Skripsi\Experiment\data\raw\RGB1\S5\AC5\RGB1_SUB5ACT5F61.jpg,1,1,0.6679595708847046
1766,5,5,76,D:\Skripsi\Experiment\data\raw\RGB1\S5\AC5\RGB1_SUB5ACT5F76.jpg,1,1,0.6393624544143677
1767,5,5,91,D:\Skripsi\Experiment\data\raw\RGB1\S5\AC5\RGB1_SUB5ACT5F91.jpg,1,1,0.5900576114654541
1768,5,6,1,D:\Skripsi\Experiment\data\raw\RGB1\S5\AC6\RGB1_SUB5ACT6F1.jpg,1,1,0.7241832613945007
1769,5,6,106,D:\Skripsi\Experiment\data\raw\RGB1\S5\AC6\RGB1_SUB5ACT6F106.jpg,1,1,0.5957823991775513
1770,5,6,121,D:\Skripsi\Experiment\data\raw\RGB1\S5\AC6\RGB1_SUB5ACT6F121.jpg,1,1,0.6826126575469971
1771,5,6,136,D:\Skripsi\Experiment\data\raw\RGB1\S5\AC6\RGB1_SUB5ACT6F136.jpg,1,1,0.5038406252861023
1772,5,6,16,D:\Skripsi\Experiment\data\raw\RGB1\S5\AC6\RGB1_SUB5ACT6F16.jpg,1,1,0.558957576751709
1773,5,6,31,D:\Skripsi\Experiment\data\raw\RGB1\S5\AC6\RGB1_SUB5ACT6F31.jpg,1,1,0.6606199145317078
1774,5,6,46,D:\Skripsi\Experiment\data\raw\RGB1\S5\AC6\RGB1_SUB5ACT6F46.jpg,1,1,0.5749017000198364
1775,5,6,61,D:\Skripsi\Experiment\data\raw\RGB1\S5\AC6\RGB1_SUB5ACT6F61.jpg,1,1,0.6286241412162781
1776,5,6,76,D:\Skripsi\Experiment\data\raw\RGB1\S5\AC6\RGB1_SUB5ACT6F76.jpg,1,1,0.6835938096046448
1777,5,6,91,D:\Skripsi\Experiment\data\raw\RGB1\S5\AC6\RGB1_SUB5ACT6F91.jpg,1,1,0.633010983467102
1778,5,7,1,D:\Skripsi\Experiment\data\raw\RGB1\S5\AC7\RGB1_SUB5ACT7F1.jpg,1,1,0.6557653546333313
1779,5,7,106,D:\Skripsi\Experiment\data\raw\RGB1\S5\AC7\RGB1_SUB5ACT7F106.jpg,1,1,0.628952145576477
1780,5,7,121,D:\Skripsi\Experiment\data\raw\RGB1\S5\AC7\RGB1_SUB5ACT7F121.jpg,1,1,0.652134895324707
1781,5,7,136,D:\Skripsi\Experiment\data\raw\RGB1\S5\AC7\RGB1_SUB5ACT7F136.jpg,1,1,0.5822283625602722
1782,5,7,151,D:\Skripsi\Experiment\data\raw\RGB1\S5\AC7\RGB1_SUB5ACT7F151.jpg,1,1,0.5755952596664429
1783,5,7,16,D:\Skripsi\Experiment\data\raw\RGB1\S5\AC7\RGB1_SUB5ACT7F16.jpg,1,1,0.7041780948638916
1784,5,7,31,D:\Skripsi\Experiment\data\raw\RGB1\S5\AC7\RGB1_SUB5ACT7F31.jpg,1,1,0.5667296648025513
1785,5,7,46,D:\Skripsi\Experiment\data\raw\RGB1\S5\AC7\RGB1_SUB5ACT7F46.jpg,1,1,0.6916987299919128
1786,5,7,61,D:\Skripsi\Experiment\data\raw\RGB1\S5\AC7\RGB1_SUB5ACT7F61.jpg,1,1,0.5670812129974365
1787,5,7,76,D:\Skripsi\Experiment\data\raw\RGB1\S5\AC7\RGB1_SUB5ACT7F76.jpg,1,1,0.6511071920394897
1788,5,7,91,D:\Skripsi\Experiment\data\raw\RGB1\S5\AC7\RGB1_SUB5ACT7F91.jpg,1,1,0.6027161478996277
1789,5,8,1,D:\Skripsi\Experiment\data\raw\RGB1\S5\AC8\RGB1_SUB5ACT8F1.jpg,1,1,0.636587917804718
1790,5,8,106,D:\Skripsi\Experiment\data\raw\RGB1\S5\AC8\RGB1_SUB5ACT8F106.jpg,1,1,0.5527749061584473
1791,5,8,121,D:\Skripsi\Experiment\data\raw\RGB1\S5\AC8\RGB1_SUB5ACT8F121.jpg,1,1,0.548204243183136
1792,5,8,136,D:\Skripsi\Experiment\data\raw\RGB1\S5\AC8\RGB1_SUB5ACT8F136.jpg,1,1,0.662676990032196
1793,5,8,151,D:\Skripsi\Experiment\data\raw\RGB1\S5\AC8\RGB1_SUB5ACT8F151.jpg,1,1,0.6083301901817322
1794,5,8,16,D:\Skripsi\Experiment\data\raw\RGB1\S5\AC8\RGB1_SUB5ACT8F16.jpg,1,1,0.5844686031341553
1795,5,8,31,D:\Skripsi\Experiment\data\raw\RGB1\S5\AC8\RGB1_SUB5ACT8F31.jpg,1,1,0.6121004223823547
1796,5,8,46,D:\Skripsi\Experiment\data\raw\RGB1\S5\AC8\RGB1_SUB5ACT8F46.jpg,1,1,0.5943235754966736
1797,5,8,61,D:\Skripsi\Experiment\data\raw\RGB1\S5\AC8\RGB1_SUB5ACT8F61.jpg,1,1,0.689369797706604
1798,5,8,76,D:\Skripsi\Experiment\data\raw\RGB1\S5\AC8\RGB1_SUB5ACT8F76.jpg,1,1,0.6286242008209229
1799,5,8,91,D:\Skripsi\Experiment\data\raw\RGB1\S5\AC8\RGB1_SUB5ACT8F91.jpg,1,1,0.6371621489524841
1800,5,9,1,D:\Skripsi\Experiment\data\raw\RGB1\S5\AC9\RGB1_SUB5ACT9F1.jpg,1,1,0.6185467839241028
1801,5,9,106,D:\Skripsi\Experiment\data\raw\RGB1\S5\AC9\RGB1_SUB5ACT9F106.jpg,1,1,0.6948301792144775
1802,5,9,121,D:\Skripsi\Experiment\data\raw\RGB1\S5\AC9\RGB1_SUB5ACT9F121.jpg,1,1,0.6848376989364624
1803,5,9,136,D:\Skripsi\Experiment\data\raw\RGB1\S5\AC9\RGB1_SUB5ACT9F136.jpg,1,1,0.6007453203201294
1804,5,9,151,D:\Skripsi\Experiment\data\raw\RGB1\S5\AC9\RGB1_SUB5ACT9F151.jpg,1,1,0.59270840883255
1805,5,9,16,D:\Skripsi\Experiment\data\raw\RGB1\S5\AC9\RGB1_SUB5ACT9F16.jpg,1,1,0.5136669278144836
1806,5,9,166,D:\Skripsi\Experiment\data\raw\RGB1\S5\AC9\RGB1_SUB5ACT9F166.jpg,1,1,0.6607190370559692
1807,5,9,31,D:\Skripsi\Experiment\data\raw\RGB1\S5\AC9\RGB1_SUB5ACT9F31.jpg,1,1,0.5107337236404419
1808,5,9,46,D:\Skripsi\Experiment\data\raw\RGB1\S5\AC9\RGB1_SUB5ACT9F46.jpg,1,1,0.6035578846931458
1809,5,9,61,D:\Skripsi\Experiment\data\raw\RGB1\S5\AC9\RGB1_SUB5ACT9F61.jpg,1,1,0.5332656502723694
1810,5,9,76,D:\Skripsi\Experiment\data\raw\RGB1\S5\AC9\RGB1_SUB5ACT9F76.jpg,1,1,0.665968656539917
1811,5,9,91,D:\Skripsi\Experiment\data\raw\RGB1\S5\AC9\RGB1_SUB5ACT9F91.jpg,1,1,0.7657375335693359
1812,50,1,1,D:\Skripsi\Experiment\data\raw\RGB1\S50\AC1\RGB1_SUB50ACT1F1.jpg,0,0,0.48944637179374695
1813,50,1,106,D:\Skripsi\Experiment\data\raw\RGB1\S50\AC1\RGB1_SUB50ACT1F106.jpg,0,0,0.45974650979042053
1814,50,1,16,D:\Skripsi\Experiment\data\raw\RGB1\S50\AC1\RGB1_SUB50ACT1F16.jpg,0,1,0.5487239360809326
1815,50,1,31,D:\Skripsi\Experiment\data\raw\RGB1\S50\AC1\RGB1_SUB50ACT1F31.jpg,0,0,0.49191227555274963
1816,50,1,46,D:\Skripsi\Experiment\data\raw\RGB1\S50\AC1\RGB1_SUB50ACT1F46.jpg,0,0,0.41680195927619934
1817,50,1,61,D:\Skripsi\Experiment\data\raw\RGB1\S50\AC1\RGB1_SUB50ACT1F61.jpg,0,0,0.47200584411621094
1818,50,1,76,D:\Skripsi\Experiment\data\raw\RGB1\S50\AC1\RGB1_SUB50ACT1F76.jpg,0,0,0.47256195545196533
1819,50,1,91,D:\Skripsi\Experiment\data\raw\RGB1\S50\AC1\RGB1_SUB50ACT1F91.jpg,0,1,0.6000157594680786
1820,50,5,1,D:\Skripsi\Experiment\data\raw\RGB1\S50\AC5\RGB1_SUB50ACT5F1.jpg,1,1,0.5830845832824707
1821,50,5,106,D:\Skripsi\Experiment\data\raw\RGB1\S50\AC5\RGB1_SUB50ACT5F106.jpg,1,1,0.5415413975715637
1822,50,5,121,D:\Skripsi\Experiment\data\raw\RGB1\S50\AC5\RGB1_SUB50ACT5F121.jpg,1,1,0.5928266048431396
1823,50,5,16,D:\Skripsi\Experiment\data\raw\RGB1\S50\AC5\RGB1_SUB50ACT5F16.jpg,1,1,0.7458541393280029
1824,50,5,31,D:\Skripsi\Experiment\data\raw\RGB1\S50\AC5\RGB1_SUB50ACT5F31.jpg,1,1,0.5754643678665161
1825,50,5,46,D:\Skripsi\Experiment\data\raw\RGB1\S50\AC5\RGB1_SUB50ACT5F46.jpg,1,0,0.46983516216278076
1826,50,5,61,D:\Skripsi\Experiment\data\raw\RGB1\S50\AC5\RGB1_SUB50ACT5F61.jpg,1,1,0.6605085134506226
1827,50,5,76,D:\Skripsi\Experiment\data\raw\RGB1\S50\AC5\RGB1_SUB50ACT5F76.jpg,1,1,0.5846126079559326
1828,50,5,91,D:\Skripsi\Experiment\data\raw\RGB1\S50\AC5\RGB1_SUB50ACT5F91.jpg,1,1,0.5540101528167725
1829,50,6,1,D:\Skripsi\Experiment\data\raw\RGB1\S50\AC6\RGB1_SUB50ACT6F1.jpg,1,1,0.582658052444458
1830,50,6,106,D:\Skripsi\Experiment\data\raw\RGB1\S50\AC6\RGB1_SUB50ACT6F106.jpg,1,1,0.5733073353767395
1831,50,6,121,D:\Skripsi\Experiment\data\raw\RGB1\S50\AC6\RGB1_SUB50ACT6F121.jpg,1,0,0.4816043972969055
1832,50,6,136,D:\Skripsi\Experiment\data\raw\RGB1\S50\AC6\RGB1_SUB50ACT6F136.jpg,1,0,0.4885029196739197
1833,50,6,16,D:\Skripsi\Experiment\data\raw\RGB1\S50\AC6\RGB1_SUB50ACT6F16.jpg,1,1,0.5119976997375488
1834,50,6,31,D:\Skripsi\Experiment\data\raw\RGB1\S50\AC6\RGB1_SUB50ACT6F31.jpg,1,0,0.4589416980743408
1835,50,6,46,D:\Skripsi\Experiment\data\raw\RGB1\S50\AC6\RGB1_SUB50ACT6F46.jpg,1,1,0.5912728309631348
1836,50,6,61,D:\Skripsi\Experiment\data\raw\RGB1\S50\AC6\RGB1_SUB50ACT6F61.jpg,1,0,0.4423779547214508
1837,50,6,76,D:\Skripsi\Experiment\data\raw\RGB1\S50\AC6\RGB1_SUB50ACT6F76.jpg,1,1,0.7010998725891113
1838,50,6,91,D:\Skripsi\Experiment\data\raw\RGB1\S50\AC6\RGB1_SUB50ACT6F91.jpg,1,1,0.6195383667945862
1839,50,7,1,D:\Skripsi\Experiment\data\raw\RGB1\S50\AC7\RGB1_SUB50ACT7F1.jpg,1,0,0.45131930708885193
1840,50,7,106,D:\Skripsi\Experiment\data\raw\RGB1\S50\AC7\RGB1_SUB50ACT7F106.jpg,1,1,0.7307208180427551
1841,50,7,121,D:\Skripsi\Experiment\data\raw\RGB1\S50\AC7\RGB1_SUB50ACT7F121.jpg,1,1,0.5855780243873596
1842,50,7,136,D:\Skripsi\Experiment\data\raw\RGB1\S50\AC7\RGB1_SUB50ACT7F136.jpg,1,1,0.5493828654289246
1843,50,7,16,D:\Skripsi\Experiment\data\raw\RGB1\S50\AC7\RGB1_SUB50ACT7F16.jpg,1,0,0.4962971806526184
1844,50,7,31,D:\Skripsi\Experiment\data\raw\RGB1\S50\AC7\RGB1_SUB50ACT7F31.jpg,1,1,0.5538762211799622
1845,50,7,46,D:\Skripsi\Experiment\data\raw\RGB1\S50\AC7\RGB1_SUB50ACT7F46.jpg,1,1,0.5288125872612
1846,50,7,61,D:\Skripsi\Experiment\data\raw\RGB1\S50\AC7\RGB1_SUB50ACT7F61.jpg,1,1,0.5564650893211365
1847,50,7,76,D:\Skripsi\Experiment\data\raw\RGB1\S50\AC7\RGB1_SUB50ACT7F76.jpg,1,1,0.553233802318573
1848,50,7,91,D:\Skripsi\Experiment\data\raw\RGB1\S50\AC7\RGB1_SUB50ACT7F91.jpg,1,1,0.6642699241638184
1849,50,8,1,D:\Skripsi\Experiment\data\raw\RGB1\S50\AC8\RGB1_SUB50ACT8F1.jpg,1,0,0.4858534336090088
1850,50,8,106,D:\Skripsi\Experiment\data\raw\RGB1\S50\AC8\RGB1_SUB50ACT8F106.jpg,1,1,0.5346996784210205
1851,50,8,121,D:\Skripsi\Experiment\data\raw\RGB1\S50\AC8\RGB1_SUB50ACT8F121.jpg,1,1,0.5437153577804565
1852,50,8,136,D:\Skripsi\Experiment\data\raw\RGB1\S50\AC8\RGB1_SUB50ACT8F136.jpg,1,1,0.583577573299408
1853,50,8,151,D:\Skripsi\Experiment\data\raw\RGB1\S50\AC8\RGB1_SUB50ACT8F151.jpg,1,1,0.5359374284744263
1854,50,8,16,D:\Skripsi\Experiment\data\raw\RGB1\S50\AC8\RGB1_SUB50ACT8F16.jpg,1,1,0.6400054693222046
1855,50,8,166,D:\Skripsi\Experiment\data\raw\RGB1\S50\AC8\RGB1_SUB50ACT8F166.jpg,1,1,0.5753395557403564
1856,50,8,181,D:\Skripsi\Experiment\data\raw\RGB1\S50\AC8\RGB1_SUB50ACT8F181.jpg,1,1,0.5375946164131165
1857,50,8,196,D:\Skripsi\Experiment\data\raw\RGB1\S50\AC8\RGB1_SUB50ACT8F196.jpg,1,1,0.5611957907676697
1858,50,8,211,D:\Skripsi\Experiment\data\raw\RGB1\S50\AC8\RGB1_SUB50ACT8F211.jpg,1,1,0.5836971402168274
1859,50,8,31,D:\Skripsi\Experiment\data\raw\RGB1\S50\AC8\RGB1_SUB50ACT8F31.jpg,1,1,0.522901713848114
1860,50,8,46,D:\Skripsi\Experiment\data\raw\RGB1\S50\AC8\RGB1_SUB50ACT8F46.jpg,1,1,0.7091230750083923
1861,50,8,61,D:\Skripsi\Experiment\data\raw\RGB1\S50\AC8\RGB1_SUB50ACT8F61.jpg,1,1,0.6762046217918396
1862,50,8,76,D:\Skripsi\Experiment\data\raw\RGB1\S50\AC8\RGB1_SUB50ACT8F76.jpg,1,1,0.5478914380073547
1863,50,8,91,D:\Skripsi\Experiment\data\raw\RGB1\S50\AC8\RGB1_SUB50ACT8F91.jpg,1,1,0.5647252798080444
1864,50,9,1,D:\Skripsi\Experiment\data\raw\RGB1\S50\AC9\RGB1_SUB50ACT9F1.jpg,1,1,0.5822287201881409
1865,50,9,106,D:\Skripsi\Experiment\data\raw\RGB1\S50\AC9\RGB1_SUB50ACT9F106.jpg,1,1,0.78635174036026
1866,50,9,121,D:\Skripsi\Experiment\data\raw\RGB1\S50\AC9\RGB1_SUB50ACT9F121.jpg,1,0,0.4834131598472595
1867,50,9,136,D:\Skripsi\Experiment\data\raw\RGB1\S50\AC9\RGB1_SUB50ACT9F136.jpg,1,1,0.6839320659637451
1868,50,9,151,D:\Skripsi\Experiment\data\raw\RGB1\S50\AC9\RGB1_SUB50ACT9F151.jpg,1,1,0.7538782358169556
1869,50,9,16,D:\Skripsi\Experiment\data\raw\RGB1\S50\AC9\RGB1_SUB50ACT9F16.jpg,1,1,0.5569920539855957
1870,50,9,166,D:\Skripsi\Experiment\data\raw\RGB1\S50\AC9\RGB1_SUB50ACT9F166.jpg,1,1,0.6886181235313416
1871,50,9,181,D:\Skripsi\Experiment\data\raw\RGB1\S50\AC9\RGB1_SUB50ACT9F181.jpg,1,1,0.6763067841529846
1872,50,9,31,D:\Skripsi\Experiment\data\raw\RGB1\S50\AC9\RGB1_SUB50ACT9F31.jpg,1,1,0.565852165222168
1873,50,9,46,D:\Skripsi\Experiment\data\raw\RGB1\S50\AC9\RGB1_SUB50ACT9F46.jpg,1,1,0.6941663026809692
1874,50,9,61,D:\Skripsi\Experiment\data\raw\RGB1\S50\AC9\RGB1_SUB50ACT9F61.jpg,1,1,0.6037499308586121
1875,50,9,76,D:\Skripsi\Experiment\data\raw\RGB1\S50\AC9\RGB1_SUB50ACT9F76.jpg,1,1,0.683295726776123
1876,50,9,91,D:\Skripsi\Experiment\data\raw\RGB1\S50\AC9\RGB1_SUB50ACT9F91.jpg,1,1,0.6890087127685547
1877,6,1,1,D:\Skripsi\Experiment\data\raw\RGB1\S6\AC1\RGB1_SUB6ACT1F1.jpg,0,1,0.5204519033432007
1878,6,1,106,D:\Skripsi\Experiment\data\raw\RGB1\S6\AC1\RGB1_SUB6ACT1F106.jpg,0,0,0.43615812063217163
1879,6,1,121,D:\Skripsi\Experiment\data\raw\RGB1\S6\AC1\RGB1_SUB6ACT1F121.jpg,0,1,0.5221121907234192
1880,6,1,136,D:\Skripsi\Experiment\data\raw\RGB1\S6\AC1\RGB1_SUB6ACT1F136.jpg,0,0,0.40046682953834534
1881,6,1,16,D:\Skripsi\Experiment\data\raw\RGB1\S6\AC1\RGB1_SUB6ACT1F16.jpg,0,1,0.5623918771743774
1882,6,1,31,D:\Skripsi\Experiment\data\raw\RGB1\S6\AC1\RGB1_SUB6ACT1F31.jpg,0,1,0.6109454035758972
1883,6,1,46,D:\Skripsi\Experiment\data\raw\RGB1\S6\AC1\RGB1_SUB6ACT1F46.jpg,0,0,0.4762272834777832
1884,6,1,61,D:\Skripsi\Experiment\data\raw\RGB1\S6\AC1\RGB1_SUB6ACT1F61.jpg,0,1,0.5437586903572083
1885,6,1,76,D:\Skripsi\Experiment\data\raw\RGB1\S6\AC1\RGB1_SUB6ACT1F76.jpg,0,1,0.5082302689552307
1886,6,1,91,D:\Skripsi\Experiment\data\raw\RGB1\S6\AC1\RGB1_SUB6ACT1F91.jpg,0,1,0.6180863976478577
1887,6,5,1,D:\Skripsi\Experiment\data\raw\RGB1\S6\AC5\RGB1_SUB6ACT5F1.jpg,1,1,0.5324077010154724
1888,6,5,106,D:\Skripsi\Experiment\data\raw\RGB1\S6\AC5\RGB1_SUB6ACT5F106.jpg,1,1,0.5720632672309875
1889,6,5,121,D:\Skripsi\Experiment\data\raw\RGB1\S6\AC5\RGB1_SUB6ACT5F121.jpg,1,0,0.4804217517375946
1890,6,5,136,D:\Skripsi\Experiment\data\raw\RGB1\S6\AC5\RGB1_SUB6ACT5F136.jpg,1,1,0.6336091756820679
1891,6,5,16,D:\Skripsi\Experiment\data\raw\RGB1\S6\AC5\RGB1_SUB6ACT5F16.jpg,1,0,0.47237005829811096
1892,6,5,31,D:\Skripsi\Experiment\data\raw\RGB1\S6\AC5\RGB1_SUB6ACT5F31.jpg,1,1,0.540905237197876
1893,6,5,46,D:\Skripsi\Experiment\data\raw\RGB1\S6\AC5\RGB1_SUB6ACT5F46.jpg,1,1,0.511874258518219
1894,6,5,61,D:\Skripsi\Experiment\data\raw\RGB1\S6\AC5\RGB1_SUB6ACT5F61.jpg,1,1,0.5278012156486511
1895,6,5,76,D:\Skripsi\Experiment\data\raw\RGB1\S6\AC5\RGB1_SUB6ACT5F76.jpg,1,1,0.5824277400970459
1896,6,5,91,D:\Skripsi\Experiment\data\raw\RGB1\S6\AC5\RGB1_SUB6ACT5F91.jpg,1,1,0.6170775294303894
1897,6,6,1,D:\Skripsi\Experiment\data\raw\RGB1\S6\AC6\RGB1_SUB6ACT6F1.jpg,1,1,0.6467215418815613
1898,6,6,106,D:\Skripsi\Experiment\data\raw\RGB1\S6\AC6\RGB1_SUB6ACT6F106.jpg,1,1,0.5281411409378052
1899,6,6,121,D:\Skripsi\Experiment\data\raw\RGB1\S6\AC6\RGB1_SUB6ACT6F121.jpg,1,1,0.6957126259803772
1900,6,6,136,D:\Skripsi\Experiment\data\raw\RGB1\S6\AC6\RGB1_SUB6ACT6F136.jpg,1,0,0.4040731191635132
1901,6,6,151,D:\Skripsi\Experiment\data\raw\RGB1\S6\AC6\RGB1_SUB6ACT6F151.jpg,1,1,0.6659741997718811
1902,6,6,16,D:\Skripsi\Experiment\data\raw\RGB1\S6\AC6\RGB1_SUB6ACT6F16.jpg,1,1,0.6356114745140076
1903,6,6,31,D:\Skripsi\Experiment\data\raw\RGB1\S6\AC6\RGB1_SUB6ACT6F31.jpg,1,1,0.6563056111335754
1904,6,6,46,D:\Skripsi\Experiment\data\raw\RGB1\S6\AC6\RGB1_SUB6ACT6F46.jpg,1,0,0.48470982909202576
1905,6,6,61,D:\Skripsi\Experiment\data\raw\RGB1\S6\AC6\RGB1_SUB6ACT6F61.jpg,1,0,0.47774842381477356
1906,6,6,76,D:\Skripsi\Experiment\data\raw\RGB1\S6\AC6\RGB1_SUB6ACT6F76.jpg,1,1,0.5324079394340515
1907,6,6,91,D:\Skripsi\Experiment\data\raw\RGB1\S6\AC6\RGB1_SUB6ACT6F91.jpg,1,0,0.4200142025947571
1908,6,7,1,D:\Skripsi\Experiment\data\raw\RGB1\S6\AC7\RGB1_SUB6ACT7F1.jpg,1,1,0.5783330202102661
1909,6,7,106,D:\Skripsi\Experiment\data\raw\RGB1\S6\AC7\RGB1_SUB6ACT7F106.jpg,1,1,0.6126685738563538
1910,6,7,121,D:\Skripsi\Experiment\data\raw\RGB1\S6\AC7\RGB1_SUB6ACT7F121.jpg,1,1,0.5190656781196594
1911,6,7,136,D:\Skripsi\Experiment\data\raw\RGB1\S6\AC7\RGB1_SUB6ACT7F136.jpg,1,1,0.7473623752593994
1912,6,7,16,D:\Skripsi\Experiment\data\raw\RGB1\S6\AC7\RGB1_SUB6ACT7F16.jpg,1,1,0.6346441507339478
1913,6,7,31,D:\Skripsi\Experiment\data\raw\RGB1\S6\AC7\RGB1_SUB6ACT7F31.jpg,1,1,0.6441732048988342
1914,6,7,46,D:\Skripsi\Experiment\data\raw\RGB1\S6\AC7\RGB1_SUB6ACT7F46.jpg,1,1,0.6380671262741089
1915,6,7,61,D:\Skripsi\Experiment\data\raw\RGB1\S6\AC7\RGB1_SUB6ACT7F61.jpg,1,1,0.5837733149528503
1916,6,7,76,D:\Skripsi\Experiment\data\raw\RGB1\S6\AC7\RGB1_SUB6ACT7F76.jpg,1,1,0.7035916447639465
1917,6,7,91,D:\Skripsi\Experiment\data\raw\RGB1\S6\AC7\RGB1_SUB6ACT7F91.jpg,1,1,0.6266854405403137
1918,6,8,1,D:\Skripsi\Experiment\data\raw\RGB1\S6\AC8\RGB1_SUB6ACT8F1.jpg,1,0,0.3211076855659485
1919,6,8,106,D:\Skripsi\Experiment\data\raw\RGB1\S6\AC8\RGB1_SUB6ACT8F106.jpg,1,0,0.43792781233787537
1920,6,8,121,D:\Skripsi\Experiment\data\raw\RGB1\S6\AC8\RGB1_SUB6ACT8F121.jpg,1,1,0.611816942691803
1921,6,8,136,D:\Skripsi\Experiment\data\raw\RGB1\S6\AC8\RGB1_SUB6ACT8F136.jpg,1,0,0.4104183316230774
1922,6,8,151,D:\Skripsi\Experiment\data\raw\RGB1\S6\AC8\RGB1_SUB6ACT8F151.jpg,1,1,0.5383597612380981
1923,6,8,16,D:\Skripsi\Experiment\data\raw\RGB1\S6\AC8\RGB1_SUB6ACT8F16.jpg,1,1,0.5577809810638428
1924,6,8,31,D:\Skripsi\Experiment\data\raw\RGB1\S6\AC8\RGB1_SUB6ACT8F31.jpg,1,0,0.4609662890434265
1925,6,8,46,D:\Skripsi\Experiment\data\raw\RGB1\S6\AC8\RGB1_SUB6ACT8F46.jpg,1,1,0.5696986317634583
1926,6,8,61,D:\Skripsi\Experiment\data\raw\RGB1\S6\AC8\RGB1_SUB6ACT8F61.jpg,1,1,0.5145655870437622
1927,6,8,76,D:\Skripsi\Experiment\data\raw\RGB1\S6\AC8\RGB1_SUB6ACT8F76.jpg,1,0,0.49503999948501587
1928,6,8,91,D:\Skripsi\Experiment\data\raw\RGB1\S6\AC8\RGB1_SUB6ACT8F91.jpg,1,0,0.4680666923522949
1929,6,9,1,D:\Skripsi\Experiment\data\raw\RGB1\S6\AC9\RGB1_SUB6ACT9F1.jpg,1,0,0.47337639331817627
1930,6,9,106,D:\Skripsi\Experiment\data\raw\RGB1\S6\AC9\RGB1_SUB6ACT9F106.jpg,1,1,0.616547167301178
1931,6,9,121,D:\Skripsi\Experiment\data\raw\RGB1\S6\AC9\RGB1_SUB6ACT9F121.jpg,1,0,0.41113314032554626
1932,6,9,136,D:\Skripsi\Experiment\data\raw\RGB1\S6\AC9\RGB1_SUB6ACT9F136.jpg,1,1,0.6681666374206543
1933,6,9,151,D:\Skripsi\Experiment\data\raw\RGB1\S6\AC9\RGB1_SUB6ACT9F151.jpg,1,1,0.5705907940864563
1934,6,9,16,D:\Skripsi\Experiment\data\raw\RGB1\S6\AC9\RGB1_SUB6ACT9F16.jpg,1,1,0.5506439805030823
1935,6,9,166,D:\Skripsi\Experiment\data\raw\RGB1\S6\AC9\RGB1_SUB6ACT9F166.jpg,1,1,0.5943533182144165
1936,6,9,31,D:\Skripsi\Experiment\data\raw\RGB1\S6\AC9\RGB1_SUB6ACT9F31.jpg,1,1,0.5416545867919922
1937,6,9,46,D:\Skripsi\Experiment\data\raw\RGB1\S6\AC9\RGB1_SUB6ACT9F46.jpg,1,1,0.6100500822067261
1938,6,9,61,D:\Skripsi\Experiment\data\raw\RGB1\S6\AC9\RGB1_SUB6ACT9F61.jpg,1,1,0.6224157810211182
1939,6,9,76,D:\Skripsi\Experiment\data\raw\RGB1\S6\AC9\RGB1_SUB6ACT9F76.jpg,1,1,0.523797869682312
1940,6,9,91,D:\Skripsi\Experiment\data\raw\RGB1\S6\AC9\RGB1_SUB6ACT9F91.jpg,1,0,0.49758419394493103
1941,7,1,1,D:\Skripsi\Experiment\data\raw\RGB1\S7\AC1\RGB1_SUB7ACT1F1.jpg,0,0,0.4532267451286316
1942,7,1,106,D:\Skripsi\Experiment\data\raw\RGB1\S7\AC1\RGB1_SUB7ACT1F106.jpg,0,1,0.5265547633171082
1943,7,1,121,D:\Skripsi\Experiment\data\raw\RGB1\S7\AC1\RGB1_SUB7ACT1F121.jpg,0,1,0.5918855667114258
1944,7,1,16,D:\Skripsi\Experiment\data\raw\RGB1\S7\AC1\RGB1_SUB7ACT1F16.jpg,0,1,0.5980587005615234
1945,7,1,31,D:\Skripsi\Experiment\data\raw\RGB1\S7\AC1\RGB1_SUB7ACT1F31.jpg,0,1,0.6190446019172668
1946,7,1,46,D:\Skripsi\Experiment\data\raw\RGB1\S7\AC1\RGB1_SUB7ACT1F46.jpg,0,1,0.562966525554657
1947,7,1,61,D:\Skripsi\Experiment\data\raw\RGB1\S7\AC1\RGB1_SUB7ACT1F61.jpg,0,1,0.5801699757575989
1948,7,1,76,D:\Skripsi\Experiment\data\raw\RGB1\S7\AC1\RGB1_SUB7ACT1F76.jpg,0,1,0.5585814714431763
1949,7,1,91,D:\Skripsi\Experiment\data\raw\RGB1\S7\AC1\RGB1_SUB7ACT1F91.jpg,0,1,0.5059575438499451
1950,7,5,1,D:\Skripsi\Experiment\data\raw\RGB1\S7\AC5\RGB1_SUB7ACT5F1.jpg,1,0,0.48961305618286133
1951,7,5,106,D:\Skripsi\Experiment\data\raw\RGB1\S7\AC5\RGB1_SUB7ACT5F106.jpg,1,1,0.5362583994865417
1952,7,5,121,D:\Skripsi\Experiment\data\raw\RGB1\S7\AC5\RGB1_SUB7ACT5F121.jpg,1,1,0.696677565574646
1953,7,5,16,D:\Skripsi\Experiment\data\raw\RGB1\S7\AC5\RGB1_SUB7ACT5F16.jpg,1,1,0.6339922547340393
1954,7,5,31,D:\Skripsi\Experiment\data\raw\RGB1\S7\AC5\RGB1_SUB7ACT5F31.jpg,1,1,0.6570333242416382
1955,7,5,46,D:\Skripsi\Experiment\data\raw\RGB1\S7\AC5\RGB1_SUB7ACT5F46.jpg,1,1,0.6253785490989685
1956,7,5,61,D:\Skripsi\Experiment\data\raw\RGB1\S7\AC5\RGB1_SUB7ACT5F61.jpg,1,1,0.5930140614509583
1957,7,5,76,D:\Skripsi\Experiment\data\raw\RGB1\S7\AC5\RGB1_SUB7ACT5F76.jpg,1,1,0.6095500588417053
1958,7,5,91,D:\Skripsi\Experiment\data\raw\RGB1\S7\AC5\RGB1_SUB7ACT5F91.jpg,1,1,0.6228395104408264
1959,7,6,1,D:\Skripsi\Experiment\data\raw\RGB1\S7\AC6\RGB1_SUB7ACT6F1.jpg,1,0,0.40531885623931885
1960,7,6,106,D:\Skripsi\Experiment\data\raw\RGB1\S7\AC6\RGB1_SUB7ACT6F106.jpg,1,0,0.35447874665260315
1961,7,6,121,D:\Skripsi\Experiment\data\raw\RGB1\S7\AC6\RGB1_SUB7ACT6F121.jpg,1,0,0.4152470529079437
1962,7,6,136,D:\Skripsi\Experiment\data\raw\RGB1\S7\AC6\RGB1_SUB7ACT6F136.jpg,1,0,0.3076742887496948
1963,7,6,16,D:\Skripsi\Experiment\data\raw\RGB1\S7\AC6\RGB1_SUB7ACT6F16.jpg,1,0,0.443216472864151
1964,7,6,31,D:\Skripsi\Experiment\data\raw\RGB1\S7\AC6\RGB1_SUB7ACT6F31.jpg,1,0,0.42241621017456055
1965,7,6,46,D:\Skripsi\Experiment\data\raw\RGB1\S7\AC6\RGB1_SUB7ACT6F46.jpg,1,0,0.4664306640625
1966,7,6,61,D:\Skripsi\Experiment\data\raw\RGB1\S7\AC6\RGB1_SUB7ACT6F61.jpg,1,0,0.34489139914512634
1967,7,6,76,D:\Skripsi\Experiment\data\raw\RGB1\S7\AC6\RGB1_SUB7ACT6F76.jpg,1,0,0.43237292766571045
1968,7,6,91,D:\Skripsi\Experiment\data\raw\RGB1\S7\AC6\RGB1_SUB7ACT6F91.jpg,1,0,0.3572832942008972
1969,7,7,1,D:\Skripsi\Experiment\data\raw\RGB1\S7\AC7\RGB1_SUB7ACT7F1.jpg,1,0,0.46277689933776855
1970,7,7,106,D:\Skripsi\Experiment\data\raw\RGB1\S7\AC7\RGB1_SUB7ACT7F106.jpg,1,1,0.7848859429359436
1971,7,7,121,D:\Skripsi\Experiment\data\raw\RGB1\S7\AC7\RGB1_SUB7ACT7F121.jpg,1,1,0.8260012269020081
1972,7,7,136,D:\Skripsi\Experiment\data\raw\RGB1\S7\AC7\RGB1_SUB7ACT7F136.jpg,1,1,0.7208510637283325
1973,7,7,151,D:\Skripsi\Experiment\data\raw\RGB1\S7\AC7\RGB1_SUB7ACT7F151.jpg,1,1,0.6974043250083923
1974,7,7,16,D:\Skripsi\Experiment\data\raw\RGB1\S7\AC7\RGB1_SUB7ACT7F16.jpg,1,0,0.4576495289802551
1975,7,7,31,D:\Skripsi\Experiment\data\raw\RGB1\S7\AC7\RGB1_SUB7ACT7F31.jpg,1,1,0.7322308421134949
1976,7,7,46,D:\Skripsi\Experiment\data\raw\RGB1\S7\AC7\RGB1_SUB7ACT7F46.jpg,1,1,0.7273842096328735
1977,7,7,61,D:\Skripsi\Experiment\data\raw\RGB1\S7\AC7\RGB1_SUB7ACT7F61.jpg,1,1,0.7632465958595276
1978,7,7,76,D:\Skripsi\Experiment\data\raw\RGB1\S7\AC7\RGB1_SUB7ACT7F76.jpg,1,1,0.7809944748878479
1979,7,7,91,D:\Skripsi\Experiment\data\raw\RGB1\S7\AC7\RGB1_SUB7ACT7F91.jpg,1,1,0.759841799736023
1980,7,8,1,D:\Skripsi\Experiment\data\raw\RGB1\S7\AC8\RGB1_SUB7ACT8F1.jpg,1,1,0.6198116540908813
1981,7,8,106,D:\Skripsi\Experiment\data\raw\RGB1\S7\AC8\RGB1_SUB7ACT8F106.jpg,1,1,0.55472731590271
1982,7,8,121,D:\Skripsi\Experiment\data\raw\RGB1\S7\AC8\RGB1_SUB7ACT8F121.jpg,1,1,0.5960814952850342
1983,7,8,136,D:\Skripsi\Experiment\data\raw\RGB1\S7\AC8\RGB1_SUB7ACT8F136.jpg,1,1,0.6737591028213501
1984,7,8,16,D:\Skripsi\Experiment\data\raw\RGB1\S7\AC8\RGB1_SUB7ACT8F16.jpg,1,1,0.5872926115989685
1985,7,8,31,D:\Skripsi\Experiment\data\raw\RGB1\S7\AC8\RGB1_SUB7ACT8F31.jpg,1,1,0.6832972764968872
1986,7,8,46,D:\Skripsi\Experiment\data\raw\RGB1\S7\AC8\RGB1_SUB7ACT8F46.jpg,1,1,0.6724533438682556
1987,7,8,61,D:\Skripsi\Experiment\data\raw\RGB1\S7\AC8\RGB1_SUB7ACT8F61.jpg,1,1,0.7240389585494995
1988,7,8,76,D:\Skripsi\Experiment\data\raw\RGB1\S7\AC8\RGB1_SUB7ACT8F76.jpg,1,0,0.47901085019111633
1989,7,8,91,D:\Skripsi\Experiment\data\raw\RGB1\S7\AC8\RGB1_SUB7ACT8F91.jpg,1,1,0.5256664156913757
1990,7,9,1,D:\Skripsi\Experiment\data\raw\RGB1\S7\AC9\RGB1_SUB7ACT9F1.jpg,1,1,0.6706242561340332
1991,7,9,106,D:\Skripsi\Experiment\data\raw\RGB1\S7\AC9\RGB1_SUB7ACT9F106.jpg,1,1,0.5646229386329651
1992,7,9,121,D:\Skripsi\Experiment\data\raw\RGB1\S7\AC9\RGB1_SUB7ACT9F121.jpg,1,0,0.4079967141151428
1993,7,9,136,D:\Skripsi\Experiment\data\raw\RGB1\S7\AC9\RGB1_SUB7ACT9F136.jpg,1,1,0.7681297063827515
1994,7,9,16,D:\Skripsi\Experiment\data\raw\RGB1\S7\AC9\RGB1_SUB7ACT9F16.jpg,1,1,0.6134805083274841
1995,7,9,31,D:\Skripsi\Experiment\data\raw\RGB1\S7\AC9\RGB1_SUB7ACT9F31.jpg,1,1,0.5743879079818726
1996,7,9,46,D:\Skripsi\Experiment\data\raw\RGB1\S7\AC9\RGB1_SUB7ACT9F46.jpg,1,1,0.6075479388237
1997,7,9,61,D:\Skripsi\Experiment\data\raw\RGB1\S7\AC9\RGB1_SUB7ACT9F61.jpg,1,1,0.6678274869918823
1998,7,9,76,D:\Skripsi\Experiment\data\raw\RGB1\S7\AC9\RGB1_SUB7ACT9F76.jpg,1,1,0.658857524394989
1999,7,9,91,D:\Skripsi\Experiment\data\raw\RGB1\S7\AC9\RGB1_SUB7ACT9F91.jpg,1,1,0.6307304501533508
2000,9,1,1,D:\Skripsi\Experiment\data\raw\RGB1\S9\AC1\RGB1_SUB9ACT1F1.jpg,0,1,0.5831435322761536
2001,9,1,106,D:\Skripsi\Experiment\data\raw\RGB1\S9\AC1\RGB1_SUB9ACT1F106.jpg,0,1,0.6176989674568176
2002,9,1,121,D:\Skripsi\Experiment\data\raw\RGB1\S9\AC1\RGB1_SUB9ACT1F121.jpg,0,0,0.4737401306629181
2003,9,1,136,D:\Skripsi\Experiment\data\raw\RGB1\S9\AC1\RGB1_SUB9ACT1F136.jpg,0,1,0.543502926826477
2004,9,1,151,D:\Skripsi\Experiment\data\raw\RGB1\S9\AC1\RGB1_SUB9ACT1F151.jpg,0,1,0.5544341206550598
2005,9,1,16,D:\Skripsi\Experiment\data\raw\RGB1\S9\AC1\RGB1_SUB9ACT1F16.jpg,0,1,0.5318763852119446
2006,9,1,31,D:\Skripsi\Experiment\data\raw\RGB1\S9\AC1\RGB1_SUB9ACT1F31.jpg,0,1,0.511256217956543
2007,9,1,46,D:\Skripsi\Experiment\data\raw\RGB1\S9\AC1\RGB1_SUB9ACT1F46.jpg,0,0,0.48773545026779175
2008,9,1,61,D:\Skripsi\Experiment\data\raw\RGB1\S9\AC1\RGB1_SUB9ACT1F61.jpg,0,1,0.5232696533203125
2009,9,1,76,D:\Skripsi\Experiment\data\raw\RGB1\S9\AC1\RGB1_SUB9ACT1F76.jpg,0,0,0.4811531901359558
2010,9,1,91,D:\Skripsi\Experiment\data\raw\RGB1\S9\AC1\RGB1_SUB9ACT1F91.jpg,0,0,0.45930546522140503
2011,9,5,1,D:\Skripsi\Experiment\data\raw\RGB1\S9\AC5\RGB1_SUB9ACT5F1.jpg,1,1,0.6003186702728271
2012,9,5,106,D:\Skripsi\Experiment\data\raw\RGB1\S9\AC5\RGB1_SUB9ACT5F106.jpg,1,1,0.531676173210144
2013,9,5,121,D:\Skripsi\Experiment\data\raw\RGB1\S9\AC5\RGB1_SUB9ACT5F121.jpg,1,1,0.5816017389297485
2014,9,5,136,D:\Skripsi\Experiment\data\raw\RGB1\S9\AC5\RGB1_SUB9ACT5F136.jpg,1,1,0.5964089632034302
2015,9,5,151,D:\Skripsi\Experiment\data\raw\RGB1\S9\AC5\RGB1_SUB9ACT5F151.jpg,1,1,0.5571575164794922
2016,9,5,16,D:\Skripsi\Experiment\data\raw\RGB1\S9\AC5\RGB1_SUB9ACT5F16.jpg,1,1,0.5308282375335693
2017,9,5,31,D:\Skripsi\Experiment\data\raw\RGB1\S9\AC5\RGB1_SUB9ACT5F31.jpg,1,1,0.5632871389389038
2018,9,5,46,D:\Skripsi\Experiment\data\raw\RGB1\S9\AC5\RGB1_SUB9ACT5F46.jpg,1,1,0.5851620435714722
2019,9,5,61,D:\Skripsi\Experiment\data\raw\RGB1\S9\AC5\RGB1_SUB9ACT5F61.jpg,1,1,0.6162499785423279
2020,9,5,76,D:\Skripsi\Experiment\data\raw\RGB1\S9\AC5\RGB1_SUB9ACT5F76.jpg,1,1,0.6152307987213135
2021,9,5,91,D:\Skripsi\Experiment\data\raw\RGB1\S9\AC5\RGB1_SUB9ACT5F91.jpg,1,1,0.6119218468666077
2022,9,6,1,D:\Skripsi\Experiment\data\raw\RGB1\S9\AC6\RGB1_SUB9ACT6F1.jpg,1,1,0.5068190097808838
2023,9,6,106,D:\Skripsi\Experiment\data\raw\RGB1\S9\AC6\RGB1_SUB9ACT6F106.jpg,1,1,0.6069552898406982
2024,9,6,121,D:\Skripsi\Experiment\data\raw\RGB1\S9\AC6\RGB1_SUB9ACT6F121.jpg,1,1,0.658490777015686
2025,9,6,136,D:\Skripsi\Experiment\data\raw\RGB1\S9\AC6\RGB1_SUB9ACT6F136.jpg,1,1,0.6083695292472839
2026,9,6,16,D:\Skripsi\Experiment\data\raw\RGB1\S9\AC6\RGB1_SUB9ACT6F16.jpg,1,1,0.5283307433128357
2027,9,6,31,D:\Skripsi\Experiment\data\raw\RGB1\S9\AC6\RGB1_SUB9ACT6F31.jpg,1,0,0.4987974762916565
2028,9,6,46,D:\Skripsi\Experiment\data\raw\RGB1\S9\AC6\RGB1_SUB9ACT6F46.jpg,1,1,0.5935651063919067
2029,9,6,61,D:\Skripsi\Experiment\data\raw\RGB1\S9\AC6\RGB1_SUB9ACT6F61.jpg,1,1,0.6046054363250732
2030,9,6,76,D:\Skripsi\Experiment\data\raw\RGB1\S9\AC6\RGB1_SUB9ACT6F76.jpg,1,1,0.5807790160179138
2031,9,6,91,D:\Skripsi\Experiment\data\raw\RGB1\S9\AC6\RGB1_SUB9ACT6F91.jpg,1,0,0.4678075909614563
2032,9,7,1,D:\Skripsi\Experiment\data\raw\RGB1\S9\AC7\RGB1_SUB9ACT7F1.jpg,1,1,0.5799397230148315
2033,9,7,106,D:\Skripsi\Experiment\data\raw\RGB1\S9\AC7\RGB1_SUB9ACT7F106.jpg,1,1,0.6460570096969604
2034,9,7,121,D:\Skripsi\Experiment\data\raw\RGB1\S9\AC7\RGB1_SUB9ACT7F121.jpg,1,1,0.6209293603897095
2035,9,7,136,D:\Skripsi\Experiment\data\raw\RGB1\S9\AC7\RGB1_SUB9ACT7F136.jpg,1,1,0.5862598419189453
2036,9,7,151,D:\Skripsi\Experiment\data\raw\RGB1\S9\AC7\RGB1_SUB9ACT7F151.jpg,1,1,0.6265879273414612
2037,9,7,16,D:\Skripsi\Experiment\data\raw\RGB1\S9\AC7\RGB1_SUB9ACT7F16.jpg,1,1,0.6371917128562927
2038,9,7,166,D:\Skripsi\Experiment\data\raw\RGB1\S9\AC7\RGB1_SUB9ACT7F166.jpg,1,1,0.6097927689552307
2039,9,7,181,D:\Skripsi\Experiment\data\raw\RGB1\S9\AC7\RGB1_SUB9ACT7F181.jpg,1,1,0.6029807329177856
2040,9,7,196,D:\Skripsi\Experiment\data\raw\RGB1\S9\AC7\RGB1_SUB9ACT7F196.jpg,1,1,0.6524915099143982
2041,9,7,31,D:\Skripsi\Experiment\data\raw\RGB1\S9\AC7\RGB1_SUB9ACT7F31.jpg,1,1,0.6600541472434998
2042,9,7,46,D:\Skripsi\Experiment\data\raw\RGB1\S9\AC7\RGB1_SUB9ACT7F46.jpg,1,1,0.6625369787216187
2043,9,7,61,D:\Skripsi\Experiment\data\raw\RGB1\S9\AC7\RGB1_SUB9ACT7F61.jpg,1,1,0.6742837429046631
2044,9,7,76,D:\Skripsi\Experiment\data\raw\RGB1\S9\AC7\RGB1_SUB9ACT7F76.jpg,1,1,0.6036247611045837
2045,9,7,91,D:\Skripsi\Experiment\data\raw\RGB1\S9\AC7\RGB1_SUB9ACT7F91.jpg,1,1,0.6129478216171265
2046,9,8,1,D:\Skripsi\Experiment\data\raw\RGB1\S9\AC8\RGB1_SUB9ACT8F1.jpg,1,1,0.5131931304931641
2047,9,8,106,D:\Skripsi\Experiment\data\raw\RGB1\S9\AC8\RGB1_SUB9ACT8F106.jpg,1,1,0.517092764377594
2048,9,8,121,D:\Skripsi\Experiment\data\raw\RGB1\S9\AC8\RGB1_SUB9ACT8F121.jpg,1,1,0.5592334270477295
2049,9,8,136,D:\Skripsi\Experiment\data\raw\RGB1\S9\AC8\RGB1_SUB9ACT8F136.jpg,1,0,0.4756574034690857
2050,9,8,16,D:\Skripsi\Experiment\data\raw\RGB1\S9\AC8\RGB1_SUB9ACT8F16.jpg,1,1,0.6635327339172363
2051,9,8,31,D:\Skripsi\Experiment\data\raw\RGB1\S9\AC8\RGB1_SUB9ACT8F31.jpg,1,1,0.637932300567627
2052,9,8,46,D:\Skripsi\Experiment\data\raw\RGB1\S9\AC8\RGB1_SUB9ACT8F46.jpg,1,1,0.6290591359138489
2053,9,8,61,D:\Skripsi\Experiment\data\raw\RGB1\S9\AC8\RGB1_SUB9ACT8F61.jpg,1,1,0.6472572684288025
2054,9,8,76,D:\Skripsi\Experiment\data\raw\RGB1\S9\AC8\RGB1_SUB9ACT8F76.jpg,1,1,0.517326295375824
2055,9,8,91,D:\Skripsi\Experiment\data\raw\RGB1\S9\AC8\RGB1_SUB9ACT8F91.jpg,1,1,0.541437566280365
2056,9,9,1,D:\Skripsi\Experiment\data\raw\RGB1\S9\AC9\RGB1_SUB9ACT9F1.jpg,1,1,0.5663700699806213
2057,9,9,106,D:\Skripsi\Experiment\data\raw\RGB1\S9\AC9\RGB1_SUB9ACT9F106.jpg,1,1,0.6417704820632935
2058,9,9,121,D:\Skripsi\Experiment\data\raw\RGB1\S9\AC9\RGB1_SUB9ACT9F121.jpg,1,1,0.6465896368026733
2059,9,9,136,D:\Skripsi\Experiment\data\raw\RGB1\S9\AC9\RGB1_SUB9ACT9F136.jpg,1,0,0.4726871848106384
2060,9,9,151,D:\Skripsi\Experiment\data\raw\RGB1\S9\AC9\RGB1_SUB9ACT9F151.jpg,1,1,0.529392421245575
2061,9,9,16,D:\Skripsi\Experiment\data\raw\RGB1\S9\AC9\RGB1_SUB9ACT9F16.jpg,1,1,0.5892450213432312
2062,9,9,31,D:\Skripsi\Experiment\data\raw\RGB1\S9\AC9\RGB1_SUB9ACT9F31.jpg,1,1,0.6179710030555725
2063,9,9,46,D:\Skripsi\Experiment\data\raw\RGB1\S9\AC9\RGB1_SUB9ACT9F46.jpg,1,1,0.5928915143013
2064,9,9,61,D:\Skripsi\Experiment\data\raw\RGB1\S9\AC9\RGB1_SUB9ACT9F61.jpg,1,1,0.5913962721824646
2065,9,9,76,D:\Skripsi\Experiment\data\raw\RGB1\S9\AC9\RGB1_SUB9ACT9F76.jpg,1,1,0.535657525062561
2066,9,9,91,D:\Skripsi\Experiment\data\raw\RGB1\S9\AC9\RGB1_SUB9ACT9F91.jpg,1,1,0.5517898797988892
