row_index,subject_id,activity_id,frame,filepath,label,prediction,prob_phone
0,12,1,1,D:\Skripsi\Experiment_TA\data\raw\RGB2\S12\AC1\RGB2_SUB12ACT1F1.jpg,0,0,0.25055548548698425
1,12,1,121,D:\Skripsi\Experiment_TA\data\raw\RGB2\S12\AC1\RGB2_SUB12ACT1F121.jpg,0,1,0.5449274778366089
2,12,1,151,D:\Skripsi\Experiment_TA\data\raw\RGB2\S12\AC1\RGB2_SUB12ACT1F151.jpg,0,0,0.41782891750335693
3,12,1,31,D:\Skripsi\Experiment_TA\data\raw\RGB2\S12\AC1\RGB2_SUB12ACT1F31.jpg,0,0,0.1561281830072403
4,12,1,61,D:\Skripsi\Experiment_TA\data\raw\RGB2\S12\AC1\RGB2_SUB12ACT1F61.jpg,0,0,0.18772569298744202
5,12,1,91,D:\Skripsi\Experiment_TA\data\raw\RGB2\S12\AC1\RGB2_SUB12ACT1F91.jpg,0,1,0.9516416788101196
6,12,5,1,D:\Skripsi\Experiment_TA\data\raw\RGB2\S12\AC5\RGB2_SUB12ACT5F1.jpg,1,1,0.867676854133606
7,12,5,121,D:\Skripsi\Experiment_TA\data\raw\RGB2\S12\AC5\RGB2_SUB12ACT5F121.jpg,1,1,0.6447144746780396
8,12,5,31,D:\Skripsi\Experiment_TA\data\raw\RGB2\S12\AC5\RGB2_SUB12ACT5F31.jpg,1,1,0.8420343399047852
9,12,5,61,D:\Skripsi\Experiment_TA\data\raw\RGB2\S12\AC5\RGB2_SUB12ACT5F61.jpg,1,1,0.7962822318077087
10,12,5,91,D:\Skripsi\Experiment_TA\data\raw\RGB2\S12\AC5\RGB2_SUB12ACT5F91.jpg,1,1,0.8063587546348572
11,12,6,1,D:\Skripsi\Experiment_TA\data\raw\RGB2\S12\AC6\RGB2_SUB12ACT6F1.jpg,1,1,0.7611174583435059
12,12,6,121,D:\Skripsi\Experiment_TA\data\raw\RGB2\S12\AC6\RGB2_SUB12ACT6F121.jpg,1,1,0.6251611113548279
13,12,6,151,D:\Skripsi\Experiment_TA\data\raw\RGB2\S12\AC6\RGB2_SUB12ACT6F151.jpg,1,1,0.8364214897155762
14,12,6,181,D:\Skripsi\Experiment_TA\data\raw\RGB2\S12\AC6\RGB2_SUB12ACT6F181.jpg,1,1,0.6768714189529419
15,12,6,31,D:\Skripsi\Experiment_TA\data\raw\RGB2\S12\AC6\RGB2_SUB12ACT6F31.jpg,1,1,0.9472372531890869
16,12,6,61,D:\Skripsi\Experiment_TA\data\raw\RGB2\S12\AC6\RGB2_SUB12ACT6F61.jpg,1,0,0.24251975119113922
17,12,6,91,D:\Skripsi\Experiment_TA\data\raw\RGB2\S12\AC6\RGB2_SUB12ACT6F91.jpg,1,1,0.5132997035980225
18,12,7,1,D:\Skripsi\Experiment_TA\data\raw\RGB2\S12\AC7\RGB2_SUB12ACT7F1.jpg,1,1,0.6476339101791382
19,12,7,121,D:\Skripsi\Experiment_TA\data\raw\RGB2\S12\AC7\RGB2_SUB12ACT7F121.jpg,1,1,0.723012387752533
20,12,7,151,D:\Skripsi\Experiment_TA\data\raw\RGB2\S12\AC7\RGB2_SUB12ACT7F151.jpg,1,1,0.6599153876304626
21,12,7,181,D:\Skripsi\Experiment_TA\data\raw\RGB2\S12\AC7\RGB2_SUB12ACT7F181.jpg,1,1,0.6366562247276306
22,12,7,211,D:\Skripsi\Experiment_TA\data\raw\RGB2\S12\AC7\RGB2_SUB12ACT7F211.jpg,1,1,0.6397364139556885
23,12,7,31,D:\Skripsi\Experiment_TA\data\raw\RGB2\S12\AC7\RGB2_SUB12ACT7F31.jpg,1,1,0.6145576238632202
24,12,7,61,D:\Skripsi\Experiment_TA\data\raw\RGB2\S12\AC7\RGB2_SUB12ACT7F61.jpg,1,1,0.6467835307121277
25,12,7,91,D:\Skripsi\Experiment_TA\data\raw\RGB2\S12\AC7\RGB2_SUB12ACT7F91.jpg,1,1,0.7303072214126587
26,12,8,1,D:\Skripsi\Experiment_TA\data\raw\RGB2\S12\AC8\RGB2_SUB12ACT8F1.jpg,1,0,0.43974876403808594
27,12,8,121,D:\Skripsi\Experiment_TA\data\raw\RGB2\S12\AC8\RGB2_SUB12ACT8F121.jpg,1,1,0.9766037464141846
28,12,8,151,D:\Skripsi\Experiment_TA\data\raw\RGB2\S12\AC8\RGB2_SUB12ACT8F151.jpg,1,1,0.9513095617294312
29,12,8,31,D:\Skripsi\Experiment_TA\data\raw\RGB2\S12\AC8\RGB2_SUB12ACT8F31.jpg,1,1,0.8228515386581421
30,12,8,61,D:\Skripsi\Experiment_TA\data\raw\RGB2\S12\AC8\RGB2_SUB12ACT8F61.jpg,1,1,0.8521988987922668
31,12,8,91,D:\Skripsi\Experiment_TA\data\raw\RGB2\S12\AC8\RGB2_SUB12ACT8F91.jpg,1,1,0.8651037812232971
32,12,9,1,D:\Skripsi\Experiment_TA\data\raw\RGB2\S12\AC9\RGB2_SUB12ACT9F1.jpg,1,1,0.9202911853790283
33,12,9,121,D:\Skripsi\Experiment_TA\data\raw\RGB2\S12\AC9\RGB2_SUB12ACT9F121.jpg,1,1,0.90339195728302
34,12,9,151,D:\Skripsi\Experiment_TA\data\raw\RGB2\S12\AC9\RGB2_SUB12ACT9F151.jpg,1,1,0.8832271695137024
35,12,9,31,D:\Skripsi\Experiment_TA\data\raw\RGB2\S12\AC9\RGB2_SUB12ACT9F31.jpg,1,1,0.5730145573616028
36,12,9,61,D:\Skripsi\Experiment_TA\data\raw\RGB2\S12\AC9\RGB2_SUB12ACT9F61.jpg,1,1,0.8431233167648315
37,12,9,91,D:\Skripsi\Experiment_TA\data\raw\RGB2\S12\AC9\RGB2_SUB12ACT9F91.jpg,1,1,0.8400550484657288
38,13,1,1,D:\Skripsi\Experiment_TA\data\raw\RGB2\S13\AC1\RGB2_SUB13ACT1F1.jpg,0,1,0.630757212638855
39,13,1,121,D:\Skripsi\Experiment_TA\data\raw\RGB2\S13\AC1\RGB2_SUB13ACT1F121.jpg,0,0,0.2676454186439514
40,13,1,31,D:\Skripsi\Experiment_TA\data\raw\RGB2\S13\AC1\RGB2_SUB13ACT1F31.jpg,0,0,0.18875987827777863
41,13,1,61,D:\Skripsi\Experiment_TA\data\raw\RGB2\S13\AC1\RGB2_SUB13ACT1F61.jpg,0,0,0.3509550392627716
42,13,1,91,D:\Skripsi\Experiment_TA\data\raw\RGB2\S13\AC1\RGB2_SUB13ACT1F91.jpg,0,0,0.23703382909297943
43,13,5,1,D:\Skripsi\Experiment_TA\data\raw\RGB2\S13\AC5\RGB2_SUB13ACT5F1.jpg,1,1,0.8375957608222961
44,13,5,121,D:\Skripsi\Experiment_TA\data\raw\RGB2\S13\AC5\RGB2_SUB13ACT5F121.jpg,1,1,0.8933395743370056
45,13,5,31,D:\Skripsi\Experiment_TA\data\raw\RGB2\S13\AC5\RGB2_SUB13ACT5F31.jpg,1,1,0.8153265714645386
46,13,5,61,D:\Skripsi\Experiment_TA\data\raw\RGB2\S13\AC5\RGB2_SUB13ACT5F61.jpg,1,1,0.8934752941131592
47,13,5,91,D:\Skripsi\Experiment_TA\data\raw\RGB2\S13\AC5\RGB2_SUB13ACT5F91.jpg,1,1,0.7870534658432007
48,13,6,1,D:\Skripsi\Experiment_TA\data\raw\RGB2\S13\AC6\RGB2_SUB13ACT6F1.jpg,1,1,0.760020911693573
49,13,6,31,D:\Skripsi\Experiment_TA\data\raw\RGB2\S13\AC6\RGB2_SUB13ACT6F31.jpg,1,1,0.7703598737716675
50,13,6,61,D:\Skripsi\Experiment_TA\data\raw\RGB2\S13\AC6\RGB2_SUB13ACT6F61.jpg,1,1,0.87956303358078
51,13,6,91,D:\Skripsi\Experiment_TA\data\raw\RGB2\S13\AC6\RGB2_SUB13ACT6F91.jpg,1,1,0.6168397665023804
52,13,7,1,D:\Skripsi\Experiment_TA\data\raw\RGB2\S13\AC7\RGB2_SUB13ACT7F1.jpg,1,1,0.918545126914978
53,13,7,121,D:\Skripsi\Experiment_TA\data\raw\RGB2\S13\AC7\RGB2_SUB13ACT7F121.jpg,1,1,0.9496269822120667
54,13,7,31,D:\Skripsi\Experiment_TA\data\raw\RGB2\S13\AC7\RGB2_SUB13ACT7F31.jpg,1,1,0.9368711113929749
55,13,7,61,D:\Skripsi\Experiment_TA\data\raw\RGB2\S13\AC7\RGB2_SUB13ACT7F61.jpg,1,1,0.8177749514579773
56,13,7,91,D:\Skripsi\Experiment_TA\data\raw\RGB2\S13\AC7\RGB2_SUB13ACT7F91.jpg,1,1,0.8610566258430481
57,13,8,1,D:\Skripsi\Experiment_TA\data\raw\RGB2\S13\AC8\RGB2_SUB13ACT8F1.jpg,1,1,0.8795539736747742
58,13,8,121,D:\Skripsi\Experiment_TA\data\raw\RGB2\S13\AC8\RGB2_SUB13ACT8F121.jpg,1,1,0.925643265247345
59,13,8,31,D:\Skripsi\Experiment_TA\data\raw\RGB2\S13\AC8\RGB2_SUB13ACT8F31.jpg,1,1,0.6246455311775208
60,13,8,61,D:\Skripsi\Experiment_TA\data\raw\RGB2\S13\AC8\RGB2_SUB13ACT8F61.jpg,1,1,0.725372850894928
61,13,8,91,D:\Skripsi\Experiment_TA\data\raw\RGB2\S13\AC8\RGB2_SUB13ACT8F91.jpg,1,1,0.9049187898635864
62,13,9,1,D:\Skripsi\Experiment_TA\data\raw\RGB2\S13\AC9\RGB2_SUB13ACT9F1.jpg,1,1,0.7143576145172119
63,13,9,121,D:\Skripsi\Experiment_TA\data\raw\RGB2\S13\AC9\RGB2_SUB13ACT9F121.jpg,1,1,0.950919508934021
64,13,9,151,D:\Skripsi\Experiment_TA\data\raw\RGB2\S13\AC9\RGB2_SUB13ACT9F151.jpg,1,1,0.893644392490387
65,13,9,181,D:\Skripsi\Experiment_TA\data\raw\RGB2\S13\AC9\RGB2_SUB13ACT9F181.jpg,1,1,0.9329522252082825
66,13,9,31,D:\Skripsi\Experiment_TA\data\raw\RGB2\S13\AC9\RGB2_SUB13ACT9F31.jpg,1,1,0.9639827609062195
67,13,9,61,D:\Skripsi\Experiment_TA\data\raw\RGB2\S13\AC9\RGB2_SUB13ACT9F61.jpg,1,1,0.8555324077606201
68,13,9,91,D:\Skripsi\Experiment_TA\data\raw\RGB2\S13\AC9\RGB2_SUB13ACT9F91.jpg,1,1,0.7912119626998901
69,14,1,1,D:\Skripsi\Experiment_TA\data\raw\RGB2\S14\AC1\RGB2_SUB14ACT1F1.jpg,0,0,0.33723321557044983
70,14,1,31,D:\Skripsi\Experiment_TA\data\raw\RGB2\S14\AC1\RGB2_SUB14ACT1F31.jpg,0,0,0.42084604501724243
71,14,1,61,D:\Skripsi\Experiment_TA\data\raw\RGB2\S14\AC1\RGB2_SUB14ACT1F61.jpg,0,0,0.4781823754310608
72,14,1,91,D:\Skripsi\Experiment_TA\data\raw\RGB2\S14\AC1\RGB2_SUB14ACT1F91.jpg,0,1,0.7887017130851746
73,14,5,1,D:\Skripsi\Experiment_TA\data\raw\RGB2\S14\AC5\RGB2_SUB14ACT5F1.jpg,1,1,0.5621215105056763
74,14,5,121,D:\Skripsi\Experiment_TA\data\raw\RGB2\S14\AC5\RGB2_SUB14ACT5F121.jpg,1,1,0.7847406268119812
75,14,5,31,D:\Skripsi\Experiment_TA\data\raw\RGB2\S14\AC5\RGB2_SUB14ACT5F31.jpg,1,1,0.7973188161849976
76,14,5,61,D:\Skripsi\Experiment_TA\data\raw\RGB2\S14\AC5\RGB2_SUB14ACT5F61.jpg,1,1,0.8619306087493896
77,14,5,91,D:\Skripsi\Experiment_TA\data\raw\RGB2\S14\AC5\RGB2_SUB14ACT5F91.jpg,1,1,0.8192905187606812
78,14,6,1,D:\Skripsi\Experiment_TA\data\raw\RGB2\S14\AC6\RGB2_SUB14ACT6F1.jpg,1,1,0.5437722206115723
79,14,6,31,D:\Skripsi\Experiment_TA\data\raw\RGB2\S14\AC6\RGB2_SUB14ACT6F31.jpg,1,0,0.27610155940055847
80,14,6,61,D:\Skripsi\Experiment_TA\data\raw\RGB2\S14\AC6\RGB2_SUB14ACT6F61.jpg,1,1,0.7688575387001038
81,14,6,91,D:\Skripsi\Experiment_TA\data\raw\RGB2\S14\AC6\RGB2_SUB14ACT6F91.jpg,1,1,0.6499499678611755
82,14,7,1,D:\Skripsi\Experiment_TA\data\raw\RGB2\S14\AC7\RGB2_SUB14ACT7F1.jpg,1,1,0.8774812817573547
83,14,7,31,D:\Skripsi\Experiment_TA\data\raw\RGB2\S14\AC7\RGB2_SUB14ACT7F31.jpg,1,1,0.9120439291000366
84,14,7,61,D:\Skripsi\Experiment_TA\data\raw\RGB2\S14\AC7\RGB2_SUB14ACT7F61.jpg,1,1,0.8907219171524048
85,14,7,91,D:\Skripsi\Experiment_TA\data\raw\RGB2\S14\AC7\RGB2_SUB14ACT7F91.jpg,1,1,0.9167440533638
86,14,8,1,D:\Skripsi\Experiment_TA\data\raw\RGB2\S14\AC8\RGB2_SUB14ACT8F1.jpg,1,0,0.17977315187454224
87,14,8,121,D:\Skripsi\Experiment_TA\data\raw\RGB2\S14\AC8\RGB2_SUB14ACT8F121.jpg,1,1,0.543624222278595
88,14,8,31,D:\Skripsi\Experiment_TA\data\raw\RGB2\S14\AC8\RGB2_SUB14ACT8F31.jpg,1,0,0.3301933705806732
89,14,8,61,D:\Skripsi\Experiment_TA\data\raw\RGB2\S14\AC8\RGB2_SUB14ACT8F61.jpg,1,0,0.45268234610557556
90,14,8,91,D:\Skripsi\Experiment_TA\data\raw\RGB2\S14\AC8\RGB2_SUB14ACT8F91.jpg,1,0,0.37777841091156006
91,14,9,1,D:\Skripsi\Experiment_TA\data\raw\RGB2\S14\AC9\RGB2_SUB14ACT9F1.jpg,1,1,0.8619831800460815
92,14,9,121,D:\Skripsi\Experiment_TA\data\raw\RGB2\S14\AC9\RGB2_SUB14ACT9F121.jpg,1,1,0.8869727849960327
93,14,9,31,D:\Skripsi\Experiment_TA\data\raw\RGB2\S14\AC9\RGB2_SUB14ACT9F31.jpg,1,1,0.5751591920852661
94,14,9,61,D:\Skripsi\Experiment_TA\data\raw\RGB2\S14\AC9\RGB2_SUB14ACT9F61.jpg,1,1,0.6368705630302429
95,14,9,91,D:\Skripsi\Experiment_TA\data\raw\RGB2\S14\AC9\RGB2_SUB14ACT9F91.jpg,1,1,0.8674440979957581
96,16,1,1,D:\Skripsi\Experiment_TA\data\raw\RGB2\S16\AC1\RGB2_SUB16ACT1F1.jpg,0,0,0.449624627828598
97,16,1,121,D:\Skripsi\Experiment_TA\data\raw\RGB2\S16\AC1\RGB2_SUB16ACT1F121.jpg,0,0,0.44171640276908875
98,16,1,31,D:\Skripsi\Experiment_TA\data\raw\RGB2\S16\AC1\RGB2_SUB16ACT1F31.jpg,0,0,0.3134126663208008
99,16,1,61,D:\Skripsi\Experiment_TA\data\raw\RGB2\S16\AC1\RGB2_SUB16ACT1F61.jpg,0,1,0.5323622822761536
100,16,1,91,D:\Skripsi\Experiment_TA\data\raw\RGB2\S16\AC1\RGB2_SUB16ACT1F91.jpg,0,0,0.3252151310443878
101,16,5,1,D:\Skripsi\Experiment_TA\data\raw\RGB2\S16\AC5\RGB2_SUB16ACT5F1.jpg,1,1,0.9302010536193848
102,16,5,31,D:\Skripsi\Experiment_TA\data\raw\RGB2\S16\AC5\RGB2_SUB16ACT5F31.jpg,1,1,0.9255855679512024
103,16,5,61,D:\Skripsi\Experiment_TA\data\raw\RGB2\S16\AC5\RGB2_SUB16ACT5F61.jpg,1,1,0.8067924380302429
104,16,5,91,D:\Skripsi\Experiment_TA\data\raw\RGB2\S16\AC5\RGB2_SUB16ACT5F91.jpg,1,1,0.9385898113250732
105,16,6,1,D:\Skripsi\Experiment_TA\data\raw\RGB2\S16\AC6\RGB2_SUB16ACT6F1.jpg,1,1,0.6799113154411316
106,16,6,31,D:\Skripsi\Experiment_TA\data\raw\RGB2\S16\AC6\RGB2_SUB16ACT6F31.jpg,1,1,0.7143999338150024
107,16,6,61,D:\Skripsi\Experiment_TA\data\raw\RGB2\S16\AC6\RGB2_SUB16ACT6F61.jpg,1,1,0.7059369683265686
108,16,6,91,D:\Skripsi\Experiment_TA\data\raw\RGB2\S16\AC6\RGB2_SUB16ACT6F91.jpg,1,1,0.6263866424560547
109,16,7,1,D:\Skripsi\Experiment_TA\data\raw\RGB2\S16\AC7\RGB2_SUB16ACT7F1.jpg,1,1,0.7774782180786133
110,16,7,121,D:\Skripsi\Experiment_TA\data\raw\RGB2\S16\AC7\RGB2_SUB16ACT7F121.jpg,1,1,0.546902060508728
111,16,7,31,D:\Skripsi\Experiment_TA\data\raw\RGB2\S16\AC7\RGB2_SUB16ACT7F31.jpg,1,1,0.7182216644287109
112,16,7,61,D:\Skripsi\Experiment_TA\data\raw\RGB2\S16\AC7\RGB2_SUB16ACT7F61.jpg,1,1,0.7870892286300659
113,16,7,91,D:\Skripsi\Experiment_TA\data\raw\RGB2\S16\AC7\RGB2_SUB16ACT7F91.jpg,1,1,0.7672231793403625
114,16,8,1,D:\Skripsi\Experiment_TA\data\raw\RGB2\S16\AC8\RGB2_SUB16ACT8F1.jpg,1,0,0.20390154421329498
115,16,8,121,D:\Skripsi\Experiment_TA\data\raw\RGB2\S16\AC8\RGB2_SUB16ACT8F121.jpg,1,1,0.9474387168884277
116,16,8,31,D:\Skripsi\Experiment_TA\data\raw\RGB2\S16\AC8\RGB2_SUB16ACT8F31.jpg,1,1,0.6739426255226135
117,16,8,61,D:\Skripsi\Experiment_TA\data\raw\RGB2\S16\AC8\RGB2_SUB16ACT8F61.jpg,1,1,0.7914563417434692
118,16,8,91,D:\Skripsi\Experiment_TA\data\raw\RGB2\S16\AC8\RGB2_SUB16ACT8F91.jpg,1,0,0.328882098197937
119,16,9,1,D:\Skripsi\Experiment_TA\data\raw\RGB2\S16\AC9\RGB2_SUB16ACT9F1.jpg,1,1,0.8961271047592163
120,16,9,121,D:\Skripsi\Experiment_TA\data\raw\RGB2\S16\AC9\RGB2_SUB16ACT9F121.jpg,1,1,0.8430590629577637
121,16,9,31,D:\Skripsi\Experiment_TA\data\raw\RGB2\S16\AC9\RGB2_SUB16ACT9F31.jpg,1,1,0.8587645292282104
122,16,9,61,D:\Skripsi\Experiment_TA\data\raw\RGB2\S16\AC9\RGB2_SUB16ACT9F61.jpg,1,1,0.8418285846710205
123,16,9,91,D:\Skripsi\Experiment_TA\data\raw\RGB2\S16\AC9\RGB2_SUB16ACT9F91.jpg,1,1,0.8686770796775818
124,18,1,1,D:\Skripsi\Experiment_TA\data\raw\RGB2\S18\AC1\RGB2_SUB18ACT1F1.jpg,0,0,0.15794530510902405
125,18,1,121,D:\Skripsi\Experiment_TA\data\raw\RGB2\S18\AC1\RGB2_SUB18ACT1F121.jpg,0,0,0.14728207886219025
126,18,1,31,D:\Skripsi\Experiment_TA\data\raw\RGB2\S18\AC1\RGB2_SUB18ACT1F31.jpg,0,0,0.13984018564224243
127,18,1,61,D:\Skripsi\Experiment_TA\data\raw\RGB2\S18\AC1\RGB2_SUB18ACT1F61.jpg,0,0,0.1493312269449234
128,18,1,91,D:\Skripsi\Experiment_TA\data\raw\RGB2\S18\AC1\RGB2_SUB18ACT1F91.jpg,0,0,0.19627076387405396
129,18,5,1,D:\Skripsi\Experiment_TA\data\raw\RGB2\S18\AC5\RGB2_SUB18ACT5F1.jpg,1,0,0.3300829231739044
130,18,5,121,D:\Skripsi\Experiment_TA\data\raw\RGB2\S18\AC5\RGB2_SUB18ACT5F121.jpg,1,1,0.6994300484657288
131,18,5,151,D:\Skripsi\Experiment_TA\data\raw\RGB2\S18\AC5\RGB2_SUB18ACT5F151.jpg,1,1,0.7439695596694946
132,18,5,31,D:\Skripsi\Experiment_TA\data\raw\RGB2\S18\AC5\RGB2_SUB18ACT5F31.jpg,1,1,0.8393667936325073
133,18,5,61,D:\Skripsi\Experiment_TA\data\raw\RGB2\S18\AC5\RGB2_SUB18ACT5F61.jpg,1,1,0.7589933276176453
134,18,5,91,D:\Skripsi\Experiment_TA\data\raw\RGB2\S18\AC5\RGB2_SUB18ACT5F91.jpg,1,1,0.7803031206130981
135,18,6,1,D:\Skripsi\Experiment_TA\data\raw\RGB2\S18\AC6\RGB2_SUB18ACT6F1.jpg,1,1,0.5829954743385315
136,18,6,121,D:\Skripsi\Experiment_TA\data\raw\RGB2\S18\AC6\RGB2_SUB18ACT6F121.jpg,1,1,0.5645284056663513
137,18,6,151,D:\Skripsi\Experiment_TA\data\raw\RGB2\S18\AC6\RGB2_SUB18ACT6F151.jpg,1,1,0.805756688117981
138,18,6,31,D:\Skripsi\Experiment_TA\data\raw\RGB2\S18\AC6\RGB2_SUB18ACT6F31.jpg,1,1,0.6034784913063049
139,18,6,61,D:\Skripsi\Experiment_TA\data\raw\RGB2\S18\AC6\RGB2_SUB18ACT6F61.jpg,1,1,0.6364647746086121
140,18,6,91,D:\Skripsi\Experiment_TA\data\raw\RGB2\S18\AC6\RGB2_SUB18ACT6F91.jpg,1,1,0.6471104621887207
141,18,7,1,D:\Skripsi\Experiment_TA\data\raw\RGB2\S18\AC7\RGB2_SUB18ACT7F1.jpg,1,1,0.830184817314148
142,18,7,121,D:\Skripsi\Experiment_TA\data\raw\RGB2\S18\AC7\RGB2_SUB18ACT7F121.jpg,1,1,0.7603560090065002
143,18,7,151,D:\Skripsi\Experiment_TA\data\raw\RGB2\S18\AC7\RGB2_SUB18ACT7F151.jpg,1,1,0.9103921055793762
144,18,7,181,D:\Skripsi\Experiment_TA\data\raw\RGB2\S18\AC7\RGB2_SUB18ACT7F181.jpg,1,1,0.8964054584503174
145,18,7,31,D:\Skripsi\Experiment_TA\data\raw\RGB2\S18\AC7\RGB2_SUB18ACT7F31.jpg,1,1,0.9193718433380127
146,18,7,61,D:\Skripsi\Experiment_TA\data\raw\RGB2\S18\AC7\RGB2_SUB18ACT7F61.jpg,1,1,0.8368670344352722
147,18,7,91,D:\Skripsi\Experiment_TA\data\raw\RGB2\S18\AC7\RGB2_SUB18ACT7F91.jpg,1,1,0.9543561339378357
148,18,8,1,D:\Skripsi\Experiment_TA\data\raw\RGB2\S18\AC8\RGB2_SUB18ACT8F1.jpg,1,0,0.4464246928691864
149,18,8,121,D:\Skripsi\Experiment_TA\data\raw\RGB2\S18\AC8\RGB2_SUB18ACT8F121.jpg,1,1,0.6028465032577515
150,18,8,151,D:\Skripsi\Experiment_TA\data\raw\RGB2\S18\AC8\RGB2_SUB18ACT8F151.jpg,1,1,0.5064551830291748
151,18,8,181,D:\Skripsi\Experiment_TA\data\raw\RGB2\S18\AC8\RGB2_SUB18ACT8F181.jpg,1,1,0.641728937625885
152,18,8,211,D:\Skripsi\Experiment_TA\data\raw\RGB2\S18\AC8\RGB2_SUB18ACT8F211.jpg,1,1,0.6102671027183533
153,18,8,31,D:\Skripsi\Experiment_TA\data\raw\RGB2\S18\AC8\RGB2_SUB18ACT8F31.jpg,1,0,0.4212058186531067
154,18,8,61,D:\Skripsi\Experiment_TA\data\raw\RGB2\S18\AC8\RGB2_SUB18ACT8F61.jpg,1,0,0.42014095187187195
155,18,8,91,D:\Skripsi\Experiment_TA\data\raw\RGB2\S18\AC8\RGB2_SUB18ACT8F91.jpg,1,1,0.7480414509773254
156,18,9,1,D:\Skripsi\Experiment_TA\data\raw\RGB2\S18\AC9\RGB2_SUB18ACT9F1.jpg,1,0,0.46272826194763184
157,18,9,121,D:\Skripsi\Experiment_TA\data\raw\RGB2\S18\AC9\RGB2_SUB18ACT9F121.jpg,1,1,0.8209664225578308
158,18,9,151,D:\Skripsi\Experiment_TA\data\raw\RGB2\S18\AC9\RGB2_SUB18ACT9F151.jpg,1,1,0.9270416498184204
159,18,9,31,D:\Skripsi\Experiment_TA\data\raw\RGB2\S18\AC9\RGB2_SUB18ACT9F31.jpg,1,1,0.7563908100128174
160,18,9,61,D:\Skripsi\Experiment_TA\data\raw\RGB2\S18\AC9\RGB2_SUB18ACT9F61.jpg,1,1,0.8221317529678345
161,18,9,91,D:\Skripsi\Experiment_TA\data\raw\RGB2\S18\AC9\RGB2_SUB18ACT9F91.jpg,1,1,0.9028283357620239
162,19,1,1,D:\Skripsi\Experiment_TA\data\raw\RGB2\S19\AC1\RGB2_SUB19ACT1F1.jpg,0,0,0.2207498550415039
163,19,1,121,D:\Skripsi\Experiment_TA\data\raw\RGB2\S19\AC1\RGB2_SUB19ACT1F121.jpg,0,0,0.3440437316894531
164,19,1,31,D:\Skripsi\Experiment_TA\data\raw\RGB2\S19\AC1\RGB2_SUB19ACT1F31.jpg,0,0,0.22980420291423798
165,19,1,61,D:\Skripsi\Experiment_TA\data\raw\RGB2\S19\AC1\RGB2_SUB19ACT1F61.jpg,0,0,0.17035011947155
166,19,1,91,D:\Skripsi\Experiment_TA\data\raw\RGB2\S19\AC1\RGB2_SUB19ACT1F91.jpg,0,1,0.7105041146278381
167,19,5,1,D:\Skripsi\Experiment_TA\data\raw\RGB2\S19\AC5\RGB2_SUB19ACT5F1.jpg,1,1,0.7855803966522217
168,19,5,31,D:\Skripsi\Experiment_TA\data\raw\RGB2\S19\AC5\RGB2_SUB19ACT5F31.jpg,1,1,0.8157899975776672
169,19,5,61,D:\Skripsi\Experiment_TA\data\raw\RGB2\S19\AC5\RGB2_SUB19ACT5F61.jpg,1,1,0.8690139055252075
170,19,5,91,D:\Skripsi\Experiment_TA\data\raw\RGB2\S19\AC5\RGB2_SUB19ACT5F91.jpg,1,1,0.911562979221344
171,19,6,1,D:\Skripsi\Experiment_TA\data\raw\RGB2\S19\AC6\RGB2_SUB19ACT6F1.jpg,1,0,0.2151586264371872
172,19,6,121,D:\Skripsi\Experiment_TA\data\raw\RGB2\S19\AC6\RGB2_SUB19ACT6F121.jpg,1,0,0.4774441123008728
173,19,6,31,D:\Skripsi\Experiment_TA\data\raw\RGB2\S19\AC6\RGB2_SUB19ACT6F31.jpg,1,1,0.7346184253692627
174,19,6,61,D:\Skripsi\Experiment_TA\data\raw\RGB2\S19\AC6\RGB2_SUB19ACT6F61.jpg,1,1,0.5099694728851318
175,19,6,91,D:\Skripsi\Experiment_TA\data\raw\RGB2\S19\AC6\RGB2_SUB19ACT6F91.jpg,1,1,0.5602222084999084
176,19,7,1,D:\Skripsi\Experiment_TA\data\raw\RGB2\S19\AC7\RGB2_SUB19ACT7F1.jpg,1,1,0.7145808935165405
177,19,7,121,D:\Skripsi\Experiment_TA\data\raw\RGB2\S19\AC7\RGB2_SUB19ACT7F121.jpg,1,1,0.8265618085861206
178,19,7,31,D:\Skripsi\Experiment_TA\data\raw\RGB2\S19\AC7\RGB2_SUB19ACT7F31.jpg,1,1,0.8918864130973816
179,19,7,61,D:\Skripsi\Experiment_TA\data\raw\RGB2\S19\AC7\RGB2_SUB19ACT7F61.jpg,1,1,0.7923476099967957
180,19,7,91,D:\Skripsi\Experiment_TA\data\raw\RGB2\S19\AC7\RGB2_SUB19ACT7F91.jpg,1,1,0.8585349917411804
181,19,8,1,D:\Skripsi\Experiment_TA\data\raw\RGB2\S19\AC8\RGB2_SUB19ACT8F1.jpg,1,1,0.7460148334503174
182,19,8,121,D:\Skripsi\Experiment_TA\data\raw\RGB2\S19\AC8\RGB2_SUB19ACT8F121.jpg,1,1,0.8886762857437134
183,19,8,151,D:\Skripsi\Experiment_TA\data\raw\RGB2\S19\AC8\RGB2_SUB19ACT8F151.jpg,1,1,0.8884096145629883
184,19,8,31,D:\Skripsi\Experiment_TA\data\raw\RGB2\S19\AC8\RGB2_SUB19ACT8F31.jpg,1,1,0.6682666540145874
185,19,8,61,D:\Skripsi\Experiment_TA\data\raw\RGB2\S19\AC8\RGB2_SUB19ACT8F61.jpg,1,1,0.9293122291564941
186,19,8,91,D:\Skripsi\Experiment_TA\data\raw\RGB2\S19\AC8\RGB2_SUB19ACT8F91.jpg,1,1,0.8308737874031067
187,19,9,1,D:\Skripsi\Experiment_TA\data\raw\RGB2\S19\AC9\RGB2_SUB19ACT9F1.jpg,1,1,0.5402486324310303
188,19,9,31,D:\Skripsi\Experiment_TA\data\raw\RGB2\S19\AC9\RGB2_SUB19ACT9F31.jpg,1,1,0.7265666127204895
189,19,9,61,D:\Skripsi\Experiment_TA\data\raw\RGB2\S19\AC9\RGB2_SUB19ACT9F61.jpg,1,1,0.6519433856010437
190,19,9,91,D:\Skripsi\Experiment_TA\data\raw\RGB2\S19\AC9\RGB2_SUB19ACT9F91.jpg,1,1,0.8346224427223206
191,23,1,1,D:\Skripsi\Experiment_TA\data\raw\RGB2\S23\AC1\RGB2_SUB23ACT1F1.jpg,0,0,0.17264224588871002
192,23,1,121,D:\Skripsi\Experiment_TA\data\raw\RGB2\S23\AC1\RGB2_SUB23ACT1F121.jpg,0,0,0.210111603140831
193,23,1,31,D:\Skripsi\Experiment_TA\data\raw\RGB2\S23\AC1\RGB2_SUB23ACT1F31.jpg,0,0,0.2846483290195465
194,23,1,61,D:\Skripsi\Experiment_TA\data\raw\RGB2\S23\AC1\RGB2_SUB23ACT1F61.jpg,0,0,0.1790294051170349
195,23,1,91,D:\Skripsi\Experiment_TA\data\raw\RGB2\S23\AC1\RGB2_SUB23ACT1F91.jpg,0,0,0.17784227430820465
196,23,5,1,D:\Skripsi\Experiment_TA\data\raw\RGB2\S23\AC5\RGB2_SUB23ACT5F1.jpg,1,1,0.8485281467437744
197,23,5,121,D:\Skripsi\Experiment_TA\data\raw\RGB2\S23\AC5\RGB2_SUB23ACT5F121.jpg,1,1,0.9308227300643921
198,23,5,31,D:\Skripsi\Experiment_TA\data\raw\RGB2\S23\AC5\RGB2_SUB23ACT5F31.jpg,1,1,0.8236889243125916
199,23,5,61,D:\Skripsi\Experiment_TA\data\raw\RGB2\S23\AC5\RGB2_SUB23ACT5F61.jpg,1,1,0.862145721912384
200,23,5,91,D:\Skripsi\Experiment_TA\data\raw\RGB2\S23\AC5\RGB2_SUB23ACT5F91.jpg,1,1,0.8530850410461426
201,23,6,1,D:\Skripsi\Experiment_TA\data\raw\RGB2\S23\AC6\RGB2_SUB23ACT6F1.jpg,1,1,0.932793378829956
202,23,6,121,D:\Skripsi\Experiment_TA\data\raw\RGB2\S23\AC6\RGB2_SUB23ACT6F121.jpg,1,1,0.8834872245788574
203,23,6,31,D:\Skripsi\Experiment_TA\data\raw\RGB2\S23\AC6\RGB2_SUB23ACT6F31.jpg,1,1,0.8572174310684204
204,23,6,61,D:\Skripsi\Experiment_TA\data\raw\RGB2\S23\AC6\RGB2_SUB23ACT6F61.jpg,1,1,0.9274585843086243
205,23,6,91,D:\Skripsi\Experiment_TA\data\raw\RGB2\S23\AC6\RGB2_SUB23ACT6F91.jpg,1,1,0.8604410886764526
206,23,7,1,D:\Skripsi\Experiment_TA\data\raw\RGB2\S23\AC7\RGB2_SUB23ACT7F1.jpg,1,1,0.8175756335258484
207,23,7,121,D:\Skripsi\Experiment_TA\data\raw\RGB2\S23\AC7\RGB2_SUB23ACT7F121.jpg,1,1,0.8193029761314392
208,23,7,31,D:\Skripsi\Experiment_TA\data\raw\RGB2\S23\AC7\RGB2_SUB23ACT7F31.jpg,1,1,0.9023559093475342
209,23,7,61,D:\Skripsi\Experiment_TA\data\raw\RGB2\S23\AC7\RGB2_SUB23ACT7F61.jpg,1,1,0.955249011516571
210,23,7,91,D:\Skripsi\Experiment_TA\data\raw\RGB2\S23\AC7\RGB2_SUB23ACT7F91.jpg,1,1,0.8000013828277588
211,23,8,1,D:\Skripsi\Experiment_TA\data\raw\RGB2\S23\AC8\RGB2_SUB23ACT8F1.jpg,1,1,0.9250459671020508
212,23,8,121,D:\Skripsi\Experiment_TA\data\raw\RGB2\S23\AC8\RGB2_SUB23ACT8F121.jpg,1,1,0.9424773454666138
213,23,8,31,D:\Skripsi\Experiment_TA\data\raw\RGB2\S23\AC8\RGB2_SUB23ACT8F31.jpg,1,1,0.8107492327690125
214,23,8,61,D:\Skripsi\Experiment_TA\data\raw\RGB2\S23\AC8\RGB2_SUB23ACT8F61.jpg,1,1,0.8819742798805237
215,23,8,91,D:\Skripsi\Experiment_TA\data\raw\RGB2\S23\AC8\RGB2_SUB23ACT8F91.jpg,1,1,0.8910297155380249
216,23,9,1,D:\Skripsi\Experiment_TA\data\raw\RGB2\S23\AC9\RGB2_SUB23ACT9F1.jpg,1,1,0.6625859141349792
217,23,9,121,D:\Skripsi\Experiment_TA\data\raw\RGB2\S23\AC9\RGB2_SUB23ACT9F121.jpg,1,1,0.8870808482170105
218,23,9,31,D:\Skripsi\Experiment_TA\data\raw\RGB2\S23\AC9\RGB2_SUB23ACT9F31.jpg,1,1,0.877871572971344
219,23,9,61,D:\Skripsi\Experiment_TA\data\raw\RGB2\S23\AC9\RGB2_SUB23ACT9F61.jpg,1,1,0.8751173615455627
220,23,9,91,D:\Skripsi\Experiment_TA\data\raw\RGB2\S23\AC9\RGB2_SUB23ACT9F91.jpg,1,1,0.7673154473304749
221,24,1,1,D:\Skripsi\Experiment_TA\data\raw\RGB2\S24\AC1\RGB2_SUB24ACT1F1.jpg,0,0,0.2562902867794037
222,24,1,31,D:\Skripsi\Experiment_TA\data\raw\RGB2\S24\AC1\RGB2_SUB24ACT1F31.jpg,0,1,0.6226573586463928
223,24,1,61,D:\Skripsi\Experiment_TA\data\raw\RGB2\S24\AC1\RGB2_SUB24ACT1F61.jpg,0,0,0.24927456676959991
224,24,1,91,D:\Skripsi\Experiment_TA\data\raw\RGB2\S24\AC1\RGB2_SUB24ACT1F91.jpg,0,0,0.296980619430542
225,24,5,1,D:\Skripsi\Experiment_TA\data\raw\RGB2\S24\AC5\RGB2_SUB24ACT5F1.jpg,1,1,0.7971946001052856
226,24,5,31,D:\Skripsi\Experiment_TA\data\raw\RGB2\S24\AC5\RGB2_SUB24ACT5F31.jpg,1,1,0.6661744117736816
227,24,5,61,D:\Skripsi\Experiment_TA\data\raw\RGB2\S24\AC5\RGB2_SUB24ACT5F61.jpg,1,1,0.7870061993598938
228,24,5,91,D:\Skripsi\Experiment_TA\data\raw\RGB2\S24\AC5\RGB2_SUB24ACT5F91.jpg,1,1,0.5177451372146606
229,24,6,1,D:\Skripsi\Experiment_TA\data\raw\RGB2\S24\AC6\RGB2_SUB24ACT6F1.jpg,1,1,0.8470158576965332
230,24,6,31,D:\Skripsi\Experiment_TA\data\raw\RGB2\S24\AC6\RGB2_SUB24ACT6F31.jpg,1,1,0.9061329364776611
231,24,6,61,D:\Skripsi\Experiment_TA\data\raw\RGB2\S24\AC6\RGB2_SUB24ACT6F61.jpg,1,1,0.9585579633712769
232,24,6,91,D:\Skripsi\Experiment_TA\data\raw\RGB2\S24\AC6\RGB2_SUB24ACT6F91.jpg,1,1,0.9651907682418823
233,24,7,1,D:\Skripsi\Experiment_TA\data\raw\RGB2\S24\AC7\RGB2_SUB24ACT7F1.jpg,1,1,0.9293515682220459
234,24,7,121,D:\Skripsi\Experiment_TA\data\raw\RGB2\S24\AC7\RGB2_SUB24ACT7F121.jpg,1,1,0.8381617665290833
235,24,7,151,D:\Skripsi\Experiment_TA\data\raw\RGB2\S24\AC7\RGB2_SUB24ACT7F151.jpg,1,1,0.8760159611701965
236,24,7,31,D:\Skripsi\Experiment_TA\data\raw\RGB2\S24\AC7\RGB2_SUB24ACT7F31.jpg,1,1,0.8711808919906616
237,24,7,61,D:\Skripsi\Experiment_TA\data\raw\RGB2\S24\AC7\RGB2_SUB24ACT7F61.jpg,1,1,0.718088686466217
238,24,7,91,D:\Skripsi\Experiment_TA\data\raw\RGB2\S24\AC7\RGB2_SUB24ACT7F91.jpg,1,1,0.8526636958122253
239,24,8,1,D:\Skripsi\Experiment_TA\data\raw\RGB2\S24\AC8\RGB2_SUB24ACT8F1.jpg,1,1,0.8581716418266296
240,24,8,121,D:\Skripsi\Experiment_TA\data\raw\RGB2\S24\AC8\RGB2_SUB24ACT8F121.jpg,1,1,0.8343384265899658
241,24,8,151,D:\Skripsi\Experiment_TA\data\raw\RGB2\S24\AC8\RGB2_SUB24ACT8F151.jpg,1,1,0.7762129902839661
242,24,8,31,D:\Skripsi\Experiment_TA\data\raw\RGB2\S24\AC8\RGB2_SUB24ACT8F31.jpg,1,1,0.8609438538551331
243,24,8,61,D:\Skripsi\Experiment_TA\data\raw\RGB2\S24\AC8\RGB2_SUB24ACT8F61.jpg,1,1,0.9027996063232422
244,24,8,91,D:\Skripsi\Experiment_TA\data\raw\RGB2\S24\AC8\RGB2_SUB24ACT8F91.jpg,1,1,0.8965627551078796
245,24,9,1,D:\Skripsi\Experiment_TA\data\raw\RGB2\S24\AC9\RGB2_SUB24ACT9F1.jpg,1,1,0.6845114827156067
246,24,9,121,D:\Skripsi\Experiment_TA\data\raw\RGB2\S24\AC9\RGB2_SUB24ACT9F121.jpg,1,1,0.771916925907135
247,24,9,31,D:\Skripsi\Experiment_TA\data\raw\RGB2\S24\AC9\RGB2_SUB24ACT9F31.jpg,1,1,0.7778817415237427
248,24,9,61,D:\Skripsi\Experiment_TA\data\raw\RGB2\S24\AC9\RGB2_SUB24ACT9F61.jpg,1,1,0.7565857768058777
249,24,9,91,D:\Skripsi\Experiment_TA\data\raw\RGB2\S24\AC9\RGB2_SUB24ACT9F91.jpg,1,1,0.9113219380378723
250,25,1,1,D:\Skripsi\Experiment_TA\data\raw\RGB2\S25\AC1\RGB2_SUB25ACT1F1.jpg,0,0,0.17078380286693573
251,25,1,121,D:\Skripsi\Experiment_TA\data\raw\RGB2\S25\AC1\RGB2_SUB25ACT1F121.jpg,0,0,0.4332773983478546
252,25,1,31,D:\Skripsi\Experiment_TA\data\raw\RGB2\S25\AC1\RGB2_SUB25ACT1F31.jpg,0,1,0.8382714986801147
253,25,1,61,D:\Skripsi\Experiment_TA\data\raw\RGB2\S25\AC1\RGB2_SUB25ACT1F61.jpg,0,0,0.4081135392189026
254,25,1,91,D:\Skripsi\Experiment_TA\data\raw\RGB2\S25\AC1\RGB2_SUB25ACT1F91.jpg,0,1,0.6124849319458008
255,25,5,1,D:\Skripsi\Experiment_TA\data\raw\RGB2\S25\AC5\RGB2_SUB25ACT5F1.jpg,1,1,0.7720499038696289
256,25,5,121,D:\Skripsi\Experiment_TA\data\raw\RGB2\S25\AC5\RGB2_SUB25ACT5F121.jpg,1,1,0.7350961565971375
257,25,5,31,D:\Skripsi\Experiment_TA\data\raw\RGB2\S25\AC5\RGB2_SUB25ACT5F31.jpg,1,1,0.8146044611930847
258,25,5,61,D:\Skripsi\Experiment_TA\data\raw\RGB2\S25\AC5\RGB2_SUB25ACT5F61.jpg,1,1,0.9181857109069824
259,25,5,91,D:\Skripsi\Experiment_TA\data\raw\RGB2\S25\AC5\RGB2_SUB25ACT5F91.jpg,1,0,0.25963178277015686
260,25,6,1,D:\Skripsi\Experiment_TA\data\raw\RGB2\S25\AC6\RGB2_SUB25ACT6F1.jpg,1,1,0.7509496808052063
261,25,6,31,D:\Skripsi\Experiment_TA\data\raw\RGB2\S25\AC6\RGB2_SUB25ACT6F31.jpg,1,1,0.8620574474334717
262,25,6,61,D:\Skripsi\Experiment_TA\data\raw\RGB2\S25\AC6\RGB2_SUB25ACT6F61.jpg,1,1,0.5460441708564758
263,25,6,91,D:\Skripsi\Experiment_TA\data\raw\RGB2\S25\AC6\RGB2_SUB25ACT6F91.jpg,1,1,0.77898770570755
264,25,7,1,D:\Skripsi\Experiment_TA\data\raw\RGB2\S25\AC7\RGB2_SUB25ACT7F1.jpg,1,1,0.9123929142951965
265,25,7,31,D:\Skripsi\Experiment_TA\data\raw\RGB2\S25\AC7\RGB2_SUB25ACT7F31.jpg,1,1,0.9557373523712158
266,25,7,61,D:\Skripsi\Experiment_TA\data\raw\RGB2\S25\AC7\RGB2_SUB25ACT7F61.jpg,1,1,0.9023991823196411
267,25,8,1,D:\Skripsi\Experiment_TA\data\raw\RGB2\S25\AC8\RGB2_SUB25ACT8F1.jpg,1,1,0.8687449097633362
268,25,8,31,D:\Skripsi\Experiment_TA\data\raw\RGB2\S25\AC8\RGB2_SUB25ACT8F31.jpg,1,1,0.8488327264785767
269,25,8,61,D:\Skripsi\Experiment_TA\data\raw\RGB2\S25\AC8\RGB2_SUB25ACT8F61.jpg,1,1,0.9433966875076294
270,25,8,91,D:\Skripsi\Experiment_TA\data\raw\RGB2\S25\AC8\RGB2_SUB25ACT8F91.jpg,1,1,0.8568545579910278
271,25,9,1,D:\Skripsi\Experiment_TA\data\raw\RGB2\S25\AC9\RGB2_SUB25ACT9F1.jpg,1,1,0.8895784020423889
272,25,9,31,D:\Skripsi\Experiment_TA\data\raw\RGB2\S25\AC9\RGB2_SUB25ACT9F31.jpg,1,1,0.9010267853736877
273,25,9,61,D:\Skripsi\Experiment_TA\data\raw\RGB2\S25\AC9\RGB2_SUB25ACT9F61.jpg,1,1,0.711872398853302
274,26,1,1,D:\Skripsi\Experiment_TA\data\raw\RGB2\S26\AC1\RGB2_SUB26ACT1F1.jpg,0,0,0.256842702627182
275,26,1,31,D:\Skripsi\Experiment_TA\data\raw\RGB2\S26\AC1\RGB2_SUB26ACT1F31.jpg,0,0,0.23112812638282776
276,26,1,61,D:\Skripsi\Experiment_TA\data\raw\RGB2\S26\AC1\RGB2_SUB26ACT1F61.jpg,0,0,0.3618667721748352
277,26,1,91,D:\Skripsi\Experiment_TA\data\raw\RGB2\S26\AC1\RGB2_SUB26ACT1F91.jpg,0,0,0.24606916308403015
278,26,5,1,D:\Skripsi\Experiment_TA\data\raw\RGB2\S26\AC5\RGB2_SUB26ACT5F1.jpg,1,1,0.9113069772720337
279,26,5,31,D:\Skripsi\Experiment_TA\data\raw\RGB2\S26\AC5\RGB2_SUB26ACT5F31.jpg,1,1,0.9239872694015503
280,26,5,61,D:\Skripsi\Experiment_TA\data\raw\RGB2\S26\AC5\RGB2_SUB26ACT5F61.jpg,1,1,0.8227335214614868
281,26,6,1,D:\Skripsi\Experiment_TA\data\raw\RGB2\S26\AC6\RGB2_SUB26ACT6F1.jpg,1,1,0.6876087784767151
282,26,6,31,D:\Skripsi\Experiment_TA\data\raw\RGB2\S26\AC6\RGB2_SUB26ACT6F31.jpg,1,1,0.9034566879272461
283,26,6,61,D:\Skripsi\Experiment_TA\data\raw\RGB2\S26\AC6\RGB2_SUB26ACT6F61.jpg,1,1,0.9283674955368042
284,26,6,91,D:\Skripsi\Experiment_TA\data\raw\RGB2\S26\AC6\RGB2_SUB26ACT6F91.jpg,1,1,0.8875030875205994
285,26,7,1,D:\Skripsi\Experiment_TA\data\raw\RGB2\S26\AC7\RGB2_SUB26ACT7F1.jpg,1,1,0.929169774055481
286,26,7,121,D:\Skripsi\Experiment_TA\data\raw\RGB2\S26\AC7\RGB2_SUB26ACT7F121.jpg,1,1,0.88631272315979
287,26,7,151,D:\Skripsi\Experiment_TA\data\raw\RGB2\S26\AC7\RGB2_SUB26ACT7F151.jpg,1,1,0.9778681993484497
288,26,7,31,D:\Skripsi\Experiment_TA\data\raw\RGB2\S26\AC7\RGB2_SUB26ACT7F31.jpg,1,1,0.9494336247444153
289,26,7,61,D:\Skripsi\Experiment_TA\data\raw\RGB2\S26\AC7\RGB2_SUB26ACT7F61.jpg,1,1,0.9772207140922546
290,26,7,91,D:\Skripsi\Experiment_TA\data\raw\RGB2\S26\AC7\RGB2_SUB26ACT7F91.jpg,1,1,0.9661255478858948
291,26,8,1,D:\Skripsi\Experiment_TA\data\raw\RGB2\S26\AC8\RGB2_SUB26ACT8F1.jpg,1,1,0.5775831341743469
292,26,8,31,D:\Skripsi\Experiment_TA\data\raw\RGB2\S26\AC8\RGB2_SUB26ACT8F31.jpg,1,1,0.6394292712211609
293,26,8,61,D:\Skripsi\Experiment_TA\data\raw\RGB2\S26\AC8\RGB2_SUB26ACT8F61.jpg,1,1,0.6092276573181152
294,26,8,91,D:\Skripsi\Experiment_TA\data\raw\RGB2\S26\AC8\RGB2_SUB26ACT8F91.jpg,1,1,0.5458914041519165
295,26,9,1,D:\Skripsi\Experiment_TA\data\raw\RGB2\S26\AC9\RGB2_SUB26ACT9F1.jpg,1,1,0.8339423537254333
296,26,9,121,D:\Skripsi\Experiment_TA\data\raw\RGB2\S26\AC9\RGB2_SUB26ACT9F121.jpg,1,1,0.8583043217658997
297,26,9,31,D:\Skripsi\Experiment_TA\data\raw\RGB2\S26\AC9\RGB2_SUB26ACT9F31.jpg,1,1,0.8980062007904053
298,26,9,61,D:\Skripsi\Experiment_TA\data\raw\RGB2\S26\AC9\RGB2_SUB26ACT9F61.jpg,1,1,0.8174772262573242
299,26,9,91,D:\Skripsi\Experiment_TA\data\raw\RGB2\S26\AC9\RGB2_SUB26ACT9F91.jpg,1,1,0.9041609168052673
300,28,1,1,D:\Skripsi\Experiment_TA\data\raw\RGB2\S28\AC1\RGB2_SUB28ACT1F1.jpg,0,1,0.520226240158081
301,28,1,121,D:\Skripsi\Experiment_TA\data\raw\RGB2\S28\AC1\RGB2_SUB28ACT1F121.jpg,0,1,0.7021519541740417
302,28,1,31,D:\Skripsi\Experiment_TA\data\raw\RGB2\S28\AC1\RGB2_SUB28ACT1F31.jpg,0,0,0.23578901588916779
303,28,1,61,D:\Skripsi\Experiment_TA\data\raw\RGB2\S28\AC1\RGB2_SUB28ACT1F61.jpg,0,0,0.2839367985725403
304,28,1,91,D:\Skripsi\Experiment_TA\data\raw\RGB2\S28\AC1\RGB2_SUB28ACT1F91.jpg,0,0,0.2136569768190384
305,28,5,1,D:\Skripsi\Experiment_TA\data\raw\RGB2\S28\AC5\RGB2_SUB28ACT5F1.jpg,1,1,0.7714463472366333
306,28,5,121,D:\Skripsi\Experiment_TA\data\raw\RGB2\S28\AC5\RGB2_SUB28ACT5F121.jpg,1,1,0.5690999031066895
307,28,5,151,D:\Skripsi\Experiment_TA\data\raw\RGB2\S28\AC5\RGB2_SUB28ACT5F151.jpg,1,1,0.5267715454101562
308,28,5,31,D:\Skripsi\Experiment_TA\data\raw\RGB2\S28\AC5\RGB2_SUB28ACT5F31.jpg,1,1,0.9121519327163696
309,28,5,61,D:\Skripsi\Experiment_TA\data\raw\RGB2\S28\AC5\RGB2_SUB28ACT5F61.jpg,1,1,0.6195228099822998
310,28,5,91,D:\Skripsi\Experiment_TA\data\raw\RGB2\S28\AC5\RGB2_SUB28ACT5F91.jpg,1,1,0.5447577834129333
311,28,6,1,D:\Skripsi\Experiment_TA\data\raw\RGB2\S28\AC6\RGB2_SUB28ACT6F1.jpg,1,1,0.6237590312957764
312,28,6,31,D:\Skripsi\Experiment_TA\data\raw\RGB2\S28\AC6\RGB2_SUB28ACT6F31.jpg,1,1,0.6051434874534607
313,28,6,61,D:\Skripsi\Experiment_TA\data\raw\RGB2\S28\AC6\RGB2_SUB28ACT6F61.jpg,1,0,0.2647102177143097
314,28,6,91,D:\Skripsi\Experiment_TA\data\raw\RGB2\S28\AC6\RGB2_SUB28ACT6F91.jpg,1,0,0.4971602261066437
315,28,7,1,D:\Skripsi\Experiment_TA\data\raw\RGB2\S28\AC7\RGB2_SUB28ACT7F1.jpg,1,1,0.7847945690155029
316,28,7,121,D:\Skripsi\Experiment_TA\data\raw\RGB2\S28\AC7\RGB2_SUB28ACT7F121.jpg,1,1,0.8311887383460999
317,28,7,151,D:\Skripsi\Experiment_TA\data\raw\RGB2\S28\AC7\RGB2_SUB28ACT7F151.jpg,1,1,0.9304246306419373
318,28,7,31,D:\Skripsi\Experiment_TA\data\raw\RGB2\S28\AC7\RGB2_SUB28ACT7F31.jpg,1,1,0.9313123822212219
319,28,7,61,D:\Skripsi\Experiment_TA\data\raw\RGB2\S28\AC7\RGB2_SUB28ACT7F61.jpg,1,1,0.925321638584137
320,28,7,91,D:\Skripsi\Experiment_TA\data\raw\RGB2\S28\AC7\RGB2_SUB28ACT7F91.jpg,1,1,0.9438566565513611
321,28,8,1,D:\Skripsi\Experiment_TA\data\raw\RGB2\S28\AC8\RGB2_SUB28ACT8F1.jpg,1,1,0.9610474109649658
322,28,8,31,D:\Skripsi\Experiment_TA\data\raw\RGB2\S28\AC8\RGB2_SUB28ACT8F31.jpg,1,1,0.7909038662910461
323,28,8,61,D:\Skripsi\Experiment_TA\data\raw\RGB2\S28\AC8\RGB2_SUB28ACT8F61.jpg,1,1,0.8721581697463989
324,28,8,91,D:\Skripsi\Experiment_TA\data\raw\RGB2\S28\AC8\RGB2_SUB28ACT8F91.jpg,1,1,0.931113064289093
325,28,9,1,D:\Skripsi\Experiment_TA\data\raw\RGB2\S28\AC9\RGB2_SUB28ACT9F1.jpg,1,1,0.8297419548034668
326,28,9,121,D:\Skripsi\Experiment_TA\data\raw\RGB2\S28\AC9\RGB2_SUB28ACT9F121.jpg,1,1,0.8985347151756287
327,28,9,151,D:\Skripsi\Experiment_TA\data\raw\RGB2\S28\AC9\RGB2_SUB28ACT9F151.jpg,1,1,0.7620477080345154
328,28,9,31,D:\Skripsi\Experiment_TA\data\raw\RGB2\S28\AC9\RGB2_SUB28ACT9F31.jpg,1,1,0.7976567149162292
329,28,9,61,D:\Skripsi\Experiment_TA\data\raw\RGB2\S28\AC9\RGB2_SUB28ACT9F61.jpg,1,1,0.7873842120170593
330,28,9,91,D:\Skripsi\Experiment_TA\data\raw\RGB2\S28\AC9\RGB2_SUB28ACT9F91.jpg,1,1,0.907171368598938
331,29,1,1,D:\Skripsi\Experiment_TA\data\raw\RGB2\S29\AC1\RGB2_SUB29ACT1F1.jpg,0,1,0.7273959517478943
332,29,1,121,D:\Skripsi\Experiment_TA\data\raw\RGB2\S29\AC1\RGB2_SUB29ACT1F121.jpg,0,0,0.47027671337127686
333,29,1,31,D:\Skripsi\Experiment_TA\data\raw\RGB2\S29\AC1\RGB2_SUB29ACT1F31.jpg,0,1,0.8282921314239502
334,29,1,61,D:\Skripsi\Experiment_TA\data\raw\RGB2\S29\AC1\RGB2_SUB29ACT1F61.jpg,0,0,0.4217146337032318
335,29,1,91,D:\Skripsi\Experiment_TA\data\raw\RGB2\S29\AC1\RGB2_SUB29ACT1F91.jpg,0,1,0.5018954873085022
336,29,5,1,D:\Skripsi\Experiment_TA\data\raw\RGB2\S29\AC5\RGB2_SUB29ACT5F1.jpg,1,1,0.9264644980430603
337,29,5,121,D:\Skripsi\Experiment_TA\data\raw\RGB2\S29\AC5\RGB2_SUB29ACT5F121.jpg,1,1,0.64228355884552
338,29,5,31,D:\Skripsi\Experiment_TA\data\raw\RGB2\S29\AC5\RGB2_SUB29ACT5F31.jpg,1,1,0.9072464108467102
339,29,5,61,D:\Skripsi\Experiment_TA\data\raw\RGB2\S29\AC5\RGB2_SUB29ACT5F61.jpg,1,1,0.6237534284591675
340,29,5,91,D:\Skripsi\Experiment_TA\data\raw\RGB2\S29\AC5\RGB2_SUB29ACT5F91.jpg,1,1,0.9227718710899353
341,29,6,1,D:\Skripsi\Experiment_TA\data\raw\RGB2\S29\AC6\RGB2_SUB29ACT6F1.jpg,1,1,0.535331130027771
342,29,6,31,D:\Skripsi\Experiment_TA\data\raw\RGB2\S29\AC6\RGB2_SUB29ACT6F31.jpg,1,1,0.605114758014679
343,29,6,61,D:\Skripsi\Experiment_TA\data\raw\RGB2\S29\AC6\RGB2_SUB29ACT6F61.jpg,1,1,0.6150116324424744
344,29,6,91,D:\Skripsi\Experiment_TA\data\raw\RGB2\S29\AC6\RGB2_SUB29ACT6F91.jpg,1,1,0.5884522199630737
345,29,7,1,D:\Skripsi\Experiment_TA\data\raw\RGB2\S29\AC7\RGB2_SUB29ACT7F1.jpg,1,1,0.7061929106712341
346,29,7,121,D:\Skripsi\Experiment_TA\data\raw\RGB2\S29\AC7\RGB2_SUB29ACT7F121.jpg,1,1,0.7584751844406128
347,29,7,31,D:\Skripsi\Experiment_TA\data\raw\RGB2\S29\AC7\RGB2_SUB29ACT7F31.jpg,1,1,0.7543029189109802
348,29,7,61,D:\Skripsi\Experiment_TA\data\raw\RGB2\S29\AC7\RGB2_SUB29ACT7F61.jpg,1,1,0.6913284063339233
349,29,7,91,D:\Skripsi\Experiment_TA\data\raw\RGB2\S29\AC7\RGB2_SUB29ACT7F91.jpg,1,1,0.7786434888839722
350,29,8,1,D:\Skripsi\Experiment_TA\data\raw\RGB2\S29\AC8\RGB2_SUB29ACT8F1.jpg,1,1,0.6863124370574951
351,29,8,121,D:\Skripsi\Experiment_TA\data\raw\RGB2\S29\AC8\RGB2_SUB29ACT8F121.jpg,1,1,0.8904719948768616
352,29,8,151,D:\Skripsi\Experiment_TA\data\raw\RGB2\S29\AC8\RGB2_SUB29ACT8F151.jpg,1,1,0.6466903686523438
353,29,8,31,D:\Skripsi\Experiment_TA\data\raw\RGB2\S29\AC8\RGB2_SUB29ACT8F31.jpg,1,1,0.628242552280426
354,29,8,61,D:\Skripsi\Experiment_TA\data\raw\RGB2\S29\AC8\RGB2_SUB29ACT8F61.jpg,1,1,0.6321777701377869
355,29,8,91,D:\Skripsi\Experiment_TA\data\raw\RGB2\S29\AC8\RGB2_SUB29ACT8F91.jpg,1,1,0.6031249761581421
356,29,9,1,D:\Skripsi\Experiment_TA\data\raw\RGB2\S29\AC9\RGB2_SUB29ACT9F1.jpg,1,1,0.8689014911651611
357,29,9,121,D:\Skripsi\Experiment_TA\data\raw\RGB2\S29\AC9\RGB2_SUB29ACT9F121.jpg,1,1,0.9325783848762512
358,29,9,151,D:\Skripsi\Experiment_TA\data\raw\RGB2\S29\AC9\RGB2_SUB29ACT9F151.jpg,1,1,0.6674562692642212
359,29,9,31,D:\Skripsi\Experiment_TA\data\raw\RGB2\S29\AC9\RGB2_SUB29ACT9F31.jpg,1,1,0.7857943773269653
360,29,9,61,D:\Skripsi\Experiment_TA\data\raw\RGB2\S29\AC9\RGB2_SUB29ACT9F61.jpg,1,1,0.8696982264518738
361,29,9,91,D:\Skripsi\Experiment_TA\data\raw\RGB2\S29\AC9\RGB2_SUB29ACT9F91.jpg,1,1,0.9464869499206543
362,30,1,1,D:\Skripsi\Experiment_TA\data\raw\RGB2\S30\AC1\RGB2_SUB30ACT1F1.jpg,0,1,0.7672072649002075
363,30,1,31,D:\Skripsi\Experiment_TA\data\raw\RGB2\S30\AC1\RGB2_SUB30ACT1F31.jpg,0,0,0.45529526472091675
364,30,1,61,D:\Skripsi\Experiment_TA\data\raw\RGB2\S30\AC1\RGB2_SUB30ACT1F61.jpg,0,0,0.45368289947509766
365,30,1,91,D:\Skripsi\Experiment_TA\data\raw\RGB2\S30\AC1\RGB2_SUB30ACT1F91.jpg,0,0,0.2280493676662445
366,30,5,1,D:\Skripsi\Experiment_TA\data\raw\RGB2\S30\AC5\RGB2_SUB30ACT5F1.jpg,1,1,0.7276872396469116
367,30,5,31,D:\Skripsi\Experiment_TA\data\raw\RGB2\S30\AC5\RGB2_SUB30ACT5F31.jpg,1,1,0.7009947299957275
368,30,5,61,D:\Skripsi\Experiment_TA\data\raw\RGB2\S30\AC5\RGB2_SUB30ACT5F61.jpg,1,1,0.6757265329360962
369,30,5,91,D:\Skripsi\Experiment_TA\data\raw\RGB2\S30\AC5\RGB2_SUB30ACT5F91.jpg,1,1,0.7593311667442322
370,30,6,1,D:\Skripsi\Experiment_TA\data\raw\RGB2\S30\AC6\RGB2_SUB30ACT6F1.jpg,1,1,0.6011471152305603
371,30,6,121,D:\Skripsi\Experiment_TA\data\raw\RGB2\S30\AC6\RGB2_SUB30ACT6F121.jpg,1,0,0.4405550956726074
372,30,6,31,D:\Skripsi\Experiment_TA\data\raw\RGB2\S30\AC6\RGB2_SUB30ACT6F31.jpg,1,0,0.40403664112091064
373,30,6,61,D:\Skripsi\Experiment_TA\data\raw\RGB2\S30\AC6\RGB2_SUB30ACT6F61.jpg,1,0,0.17930321395397186
374,30,6,91,D:\Skripsi\Experiment_TA\data\raw\RGB2\S30\AC6\RGB2_SUB30ACT6F91.jpg,1,0,0.2886211574077606
375,30,7,1,D:\Skripsi\Experiment_TA\data\raw\RGB2\S30\AC7\RGB2_SUB30ACT7F1.jpg,1,1,0.725881040096283
376,30,7,121,D:\Skripsi\Experiment_TA\data\raw\RGB2\S30\AC7\RGB2_SUB30ACT7F121.jpg,1,1,0.9445305466651917
377,30,7,151,D:\Skripsi\Experiment_TA\data\raw\RGB2\S30\AC7\RGB2_SUB30ACT7F151.jpg,1,1,0.9189505577087402
378,30,7,31,D:\Skripsi\Experiment_TA\data\raw\RGB2\S30\AC7\RGB2_SUB30ACT7F31.jpg,1,1,0.8416986465454102
379,30,7,61,D:\Skripsi\Experiment_TA\data\raw\RGB2\S30\AC7\RGB2_SUB30ACT7F61.jpg,1,1,0.8839036226272583
380,30,7,91,D:\Skripsi\Experiment_TA\data\raw\RGB2\S30\AC7\RGB2_SUB30ACT7F91.jpg,1,1,0.8891555070877075
381,30,8,1,D:\Skripsi\Experiment_TA\data\raw\RGB2\S30\AC8\RGB2_SUB30ACT8F1.jpg,1,1,0.5789588689804077
382,30,8,121,D:\Skripsi\Experiment_TA\data\raw\RGB2\S30\AC8\RGB2_SUB30ACT8F121.jpg,1,1,0.7838699221611023
383,30,8,31,D:\Skripsi\Experiment_TA\data\raw\RGB2\S30\AC8\RGB2_SUB30ACT8F31.jpg,1,1,0.7272962331771851
384,30,8,61,D:\Skripsi\Experiment_TA\data\raw\RGB2\S30\AC8\RGB2_SUB30ACT8F61.jpg,1,1,0.5110697746276855
385,30,8,91,D:\Skripsi\Experiment_TA\data\raw\RGB2\S30\AC8\RGB2_SUB30ACT8F91.jpg,1,1,0.5257273316383362
386,30,9,1,D:\Skripsi\Experiment_TA\data\raw\RGB2\S30\AC9\RGB2_SUB30ACT9F1.jpg,1,1,0.8965350985527039
387,30,9,121,D:\Skripsi\Experiment_TA\data\raw\RGB2\S30\AC9\RGB2_SUB30ACT9F121.jpg,1,1,0.7640155553817749
388,30,9,31,D:\Skripsi\Experiment_TA\data\raw\RGB2\S30\AC9\RGB2_SUB30ACT9F31.jpg,1,1,0.9329315423965454
389,30,9,61,D:\Skripsi\Experiment_TA\data\raw\RGB2\S30\AC9\RGB2_SUB30ACT9F61.jpg,1,1,0.8603380918502808
390,30,9,91,D:\Skripsi\Experiment_TA\data\raw\RGB2\S30\AC9\RGB2_SUB30ACT9F91.jpg,1,1,0.5740079879760742
391,31,1,1,D:\Skripsi\Experiment_TA\data\raw\RGB2\S31\AC1\RGB2_SUB31ACT1F1.jpg,0,1,0.5362316370010376
392,31,1,31,D:\Skripsi\Experiment_TA\data\raw\RGB2\S31\AC1\RGB2_SUB31ACT1F31.jpg,0,1,0.7788041830062866
393,31,1,61,D:\Skripsi\Experiment_TA\data\raw\RGB2\S31\AC1\RGB2_SUB31ACT1F61.jpg,0,0,0.36402931809425354
394,31,1,91,D:\Skripsi\Experiment_TA\data\raw\RGB2\S31\AC1\RGB2_SUB31ACT1F91.jpg,0,1,0.8733318448066711
395,31,5,1,D:\Skripsi\Experiment_TA\data\raw\RGB2\S31\AC5\RGB2_SUB31ACT5F1.jpg,1,1,0.7799175977706909
396,31,5,31,D:\Skripsi\Experiment_TA\data\raw\RGB2\S31\AC5\RGB2_SUB31ACT5F31.jpg,1,1,0.7189217805862427
397,31,5,61,D:\Skripsi\Experiment_TA\data\raw\RGB2\S31\AC5\RGB2_SUB31ACT5F61.jpg,1,1,0.6797024607658386
398,31,5,91,D:\Skripsi\Experiment_TA\data\raw\RGB2\S31\AC5\RGB2_SUB31ACT5F91.jpg,1,1,0.8383521437644958
399,31,6,1,D:\Skripsi\Experiment_TA\data\raw\RGB2\S31\AC6\RGB2_SUB31ACT6F1.jpg,1,1,0.7346100211143494
400,31,6,31,D:\Skripsi\Experiment_TA\data\raw\RGB2\S31\AC6\RGB2_SUB31ACT6F31.jpg,1,0,0.46103644371032715
401,31,6,61,D:\Skripsi\Experiment_TA\data\raw\RGB2\S31\AC6\RGB2_SUB31ACT6F61.jpg,1,1,0.8613831996917725
402,31,7,1,D:\Skripsi\Experiment_TA\data\raw\RGB2\S31\AC7\RGB2_SUB31ACT7F1.jpg,1,1,0.7979446053504944
403,31,7,31,D:\Skripsi\Experiment_TA\data\raw\RGB2\S31\AC7\RGB2_SUB31ACT7F31.jpg,1,1,0.8165134191513062
404,31,7,61,D:\Skripsi\Experiment_TA\data\raw\RGB2\S31\AC7\RGB2_SUB31ACT7F61.jpg,1,1,0.7586120367050171
405,31,7,91,D:\Skripsi\Experiment_TA\data\raw\RGB2\S31\AC7\RGB2_SUB31ACT7F91.jpg,1,1,0.858971118927002
406,31,8,1,D:\Skripsi\Experiment_TA\data\raw\RGB2\S31\AC8\RGB2_SUB31ACT8F1.jpg,1,1,0.862145185470581
407,31,8,121,D:\Skripsi\Experiment_TA\data\raw\RGB2\S31\AC8\RGB2_SUB31ACT8F121.jpg,1,1,0.5713781118392944
408,31,8,31,D:\Skripsi\Experiment_TA\data\raw\RGB2\S31\AC8\RGB2_SUB31ACT8F31.jpg,1,1,0.8861368298530579
409,31,8,61,D:\Skripsi\Experiment_TA\data\raw\RGB2\S31\AC8\RGB2_SUB31ACT8F61.jpg,1,1,0.8671046495437622
410,31,8,91,D:\Skripsi\Experiment_TA\data\raw\RGB2\S31\AC8\RGB2_SUB31ACT8F91.jpg,1,1,0.839468240737915
411,31,9,1,D:\Skripsi\Experiment_TA\data\raw\RGB2\S31\AC9\RGB2_SUB31ACT9F1.jpg,1,1,0.9247965216636658
412,31,9,121,D:\Skripsi\Experiment_TA\data\raw\RGB2\S31\AC9\RGB2_SUB31ACT9F121.jpg,1,0,0.29169362783432007
413,31,9,31,D:\Skripsi\Experiment_TA\data\raw\RGB2\S31\AC9\RGB2_SUB31ACT9F31.jpg,1,1,0.891048789024353
414,31,9,61,D:\Skripsi\Experiment_TA\data\raw\RGB2\S31\AC9\RGB2_SUB31ACT9F61.jpg,1,1,0.9051366448402405
415,31,9,91,D:\Skripsi\Experiment_TA\data\raw\RGB2\S31\AC9\RGB2_SUB31ACT9F91.jpg,1,0,0.25435665249824524
416,32,1,1,D:\Skripsi\Experiment_TA\data\raw\RGB2\S32\AC1\RGB2_SUB32ACT1F1.jpg,0,1,0.6999816298484802
417,32,1,31,D:\Skripsi\Experiment_TA\data\raw\RGB2\S32\AC1\RGB2_SUB32ACT1F31.jpg,0,0,0.3805568218231201
418,32,1,61,D:\Skripsi\Experiment_TA\data\raw\RGB2\S32\AC1\RGB2_SUB32ACT1F61.jpg,0,0,0.22446566820144653
419,32,1,91,D:\Skripsi\Experiment_TA\data\raw\RGB2\S32\AC1\RGB2_SUB32ACT1F91.jpg,0,1,0.6465178728103638
420,32,5,1,D:\Skripsi\Experiment_TA\data\raw\RGB2\S32\AC5\RGB2_SUB32ACT5F1.jpg,1,1,0.9113550782203674
421,32,5,31,D:\Skripsi\Experiment_TA\data\raw\RGB2\S32\AC5\RGB2_SUB32ACT5F31.jpg,1,1,0.8997070789337158
422,32,5,61,D:\Skripsi\Experiment_TA\data\raw\RGB2\S32\AC5\RGB2_SUB32ACT5F61.jpg,1,1,0.8001073002815247
423,32,5,91,D:\Skripsi\Experiment_TA\data\raw\RGB2\S32\AC5\RGB2_SUB32ACT5F91.jpg,1,1,0.8317841291427612
424,32,6,1,D:\Skripsi\Experiment_TA\data\raw\RGB2\S32\AC6\RGB2_SUB32ACT6F1.jpg,1,1,0.7930849194526672
425,32,6,31,D:\Skripsi\Experiment_TA\data\raw\RGB2\S32\AC6\RGB2_SUB32ACT6F31.jpg,1,1,0.7752252221107483
426,32,6,61,D:\Skripsi\Experiment_TA\data\raw\RGB2\S32\AC6\RGB2_SUB32ACT6F61.jpg,1,0,0.43864747881889343
427,32,6,91,D:\Skripsi\Experiment_TA\data\raw\RGB2\S32\AC6\RGB2_SUB32ACT6F91.jpg,1,1,0.8982957005500793
428,32,7,1,D:\Skripsi\Experiment_TA\data\raw\RGB2\S32\AC7\RGB2_SUB32ACT7F1.jpg,1,1,0.7948378324508667
429,32,7,31,D:\Skripsi\Experiment_TA\data\raw\RGB2\S32\AC7\RGB2_SUB32ACT7F31.jpg,1,1,0.8539644479751587
430,32,7,61,D:\Skripsi\Experiment_TA\data\raw\RGB2\S32\AC7\RGB2_SUB32ACT7F61.jpg,1,1,0.7471981644630432
431,32,7,91,D:\Skripsi\Experiment_TA\data\raw\RGB2\S32\AC7\RGB2_SUB32ACT7F91.jpg,1,1,0.7662819623947144
432,32,8,1,D:\Skripsi\Experiment_TA\data\raw\RGB2\S32\AC8\RGB2_SUB32ACT8F1.jpg,1,1,0.9153621196746826
433,32,8,31,D:\Skripsi\Experiment_TA\data\raw\RGB2\S32\AC8\RGB2_SUB32ACT8F31.jpg,1,1,0.6978423595428467
434,32,8,61,D:\Skripsi\Experiment_TA\data\raw\RGB2\S32\AC8\RGB2_SUB32ACT8F61.jpg,1,1,0.9132561087608337
435,32,9,1,D:\Skripsi\Experiment_TA\data\raw\RGB2\S32\AC9\RGB2_SUB32ACT9F1.jpg,1,1,0.9412908554077148
436,32,9,31,D:\Skripsi\Experiment_TA\data\raw\RGB2\S32\AC9\RGB2_SUB32ACT9F31.jpg,1,1,0.7501735687255859
437,32,9,61,D:\Skripsi\Experiment_TA\data\raw\RGB2\S32\AC9\RGB2_SUB32ACT9F61.jpg,1,1,0.7800552248954773
438,33,1,1,D:\Skripsi\Experiment_TA\data\raw\RGB2\S33\AC1\RGB2_SUB33ACT1F1.jpg,0,0,0.34795013070106506
439,33,1,31,D:\Skripsi\Experiment_TA\data\raw\RGB2\S33\AC1\RGB2_SUB33ACT1F31.jpg,0,0,0.41858482360839844
440,33,1,61,D:\Skripsi\Experiment_TA\data\raw\RGB2\S33\AC1\RGB2_SUB33ACT1F61.jpg,0,0,0.48861539363861084
441,33,5,1,D:\Skripsi\Experiment_TA\data\raw\RGB2\S33\AC5\RGB2_SUB33ACT5F1.jpg,1,1,0.953609049320221
442,33,5,31,D:\Skripsi\Experiment_TA\data\raw\RGB2\S33\AC5\RGB2_SUB33ACT5F31.jpg,1,1,0.904952347278595
443,33,5,61,D:\Skripsi\Experiment_TA\data\raw\RGB2\S33\AC5\RGB2_SUB33ACT5F61.jpg,1,1,0.9488636255264282
444,33,6,1,D:\Skripsi\Experiment_TA\data\raw\RGB2\S33\AC6\RGB2_SUB33ACT6F1.jpg,1,1,0.8738136291503906
445,33,6,31,D:\Skripsi\Experiment_TA\data\raw\RGB2\S33\AC6\RGB2_SUB33ACT6F31.jpg,1,1,0.9019292593002319
446,33,6,61,D:\Skripsi\Experiment_TA\data\raw\RGB2\S33\AC6\RGB2_SUB33ACT6F61.jpg,1,1,0.8069825768470764
447,33,7,1,D:\Skripsi\Experiment_TA\data\raw\RGB2\S33\AC7\RGB2_SUB33ACT7F1.jpg,1,1,0.897019624710083
448,33,7,31,D:\Skripsi\Experiment_TA\data\raw\RGB2\S33\AC7\RGB2_SUB33ACT7F31.jpg,1,1,0.8888285160064697
449,33,7,61,D:\Skripsi\Experiment_TA\data\raw\RGB2\S33\AC7\RGB2_SUB33ACT7F61.jpg,1,1,0.609362006187439
450,33,7,91,D:\Skripsi\Experiment_TA\data\raw\RGB2\S33\AC7\RGB2_SUB33ACT7F91.jpg,1,1,0.7563973069190979
451,33,8,1,D:\Skripsi\Experiment_TA\data\raw\RGB2\S33\AC8\RGB2_SUB33ACT8F1.jpg,1,1,0.7591006755828857
452,33,8,31,D:\Skripsi\Experiment_TA\data\raw\RGB2\S33\AC8\RGB2_SUB33ACT8F31.jpg,1,1,0.8458951115608215
453,33,8,61,D:\Skripsi\Experiment_TA\data\raw\RGB2\S33\AC8\RGB2_SUB33ACT8F61.jpg,1,1,0.7156167030334473
454,33,8,91,D:\Skripsi\Experiment_TA\data\raw\RGB2\S33\AC8\RGB2_SUB33ACT8F91.jpg,1,1,0.599394679069519
455,33,9,1,D:\Skripsi\Experiment_TA\data\raw\RGB2\S33\AC9\RGB2_SUB33ACT9F1.jpg,1,1,0.8269140124320984
456,33,9,31,D:\Skripsi\Experiment_TA\data\raw\RGB2\S33\AC9\RGB2_SUB33ACT9F31.jpg,1,1,0.7734448909759521
457,33,9,61,D:\Skripsi\Experiment_TA\data\raw\RGB2\S33\AC9\RGB2_SUB33ACT9F61.jpg,1,1,0.8391973972320557
458,33,9,91,D:\Skripsi\Experiment_TA\data\raw\RGB2\S33\AC9\RGB2_SUB33ACT9F91.jpg,1,1,0.873877763748169
459,34,1,1,D:\Skripsi\Experiment_TA\data\raw\RGB2\S34\AC1\RGB2_SUB34ACT1F1.jpg,0,0,0.24056166410446167
460,34,1,31,D:\Skripsi\Experiment_TA\data\raw\RGB2\S34\AC1\RGB2_SUB34ACT1F31.jpg,0,0,0.202159121632576
461,34,1,61,D:\Skripsi\Experiment_TA\data\raw\RGB2\S34\AC1\RGB2_SUB34ACT1F61.jpg,0,0,0.24035927653312683
462,34,5,1,D:\Skripsi\Experiment_TA\data\raw\RGB2\S34\AC5\RGB2_SUB34ACT5F1.jpg,1,1,0.7539063096046448
463,34,5,31,D:\Skripsi\Experiment_TA\data\raw\RGB2\S34\AC5\RGB2_SUB34ACT5F31.jpg,1,1,0.7217808365821838
464,34,5,61,D:\Skripsi\Experiment_TA\data\raw\RGB2\S34\AC5\RGB2_SUB34ACT5F61.jpg,1,1,0.734204888343811
465,34,6,1,D:\Skripsi\Experiment_TA\data\raw\RGB2\S34\AC6\RGB2_SUB34ACT6F1.jpg,1,1,0.6865006685256958
466,34,6,31,D:\Skripsi\Experiment_TA\data\raw\RGB2\S34\AC6\RGB2_SUB34ACT6F31.jpg,1,1,0.867027223110199
467,34,6,61,D:\Skripsi\Experiment_TA\data\raw\RGB2\S34\AC6\RGB2_SUB34ACT6F61.jpg,1,1,0.953468918800354
468,34,7,1,D:\Skripsi\Experiment_TA\data\raw\RGB2\S34\AC7\RGB2_SUB34ACT7F1.jpg,1,1,0.8424718976020813
469,34,7,31,D:\Skripsi\Experiment_TA\data\raw\RGB2\S34\AC7\RGB2_SUB34ACT7F31.jpg,1,1,0.8243892192840576
470,34,7,61,D:\Skripsi\Experiment_TA\data\raw\RGB2\S34\AC7\RGB2_SUB34ACT7F61.jpg,1,1,0.8171740770339966
471,34,8,1,D:\Skripsi\Experiment_TA\data\raw\RGB2\S34\AC8\RGB2_SUB34ACT8F1.jpg,1,0,0.3967108726501465
472,34,8,31,D:\Skripsi\Experiment_TA\data\raw\RGB2\S34\AC8\RGB2_SUB34ACT8F31.jpg,1,1,0.9618723392486572
473,34,8,61,D:\Skripsi\Experiment_TA\data\raw\RGB2\S34\AC8\RGB2_SUB34ACT8F61.jpg,1,1,0.6055478453636169
474,34,8,91,D:\Skripsi\Experiment_TA\data\raw\RGB2\S34\AC8\RGB2_SUB34ACT8F91.jpg,1,1,0.6976066827774048
475,34,9,1,D:\Skripsi\Experiment_TA\data\raw\RGB2\S34\AC9\RGB2_SUB34ACT9F1.jpg,1,1,0.9255042672157288
476,34,9,31,D:\Skripsi\Experiment_TA\data\raw\RGB2\S34\AC9\RGB2_SUB34ACT9F31.jpg,1,1,0.8265200257301331
477,34,9,61,D:\Skripsi\Experiment_TA\data\raw\RGB2\S34\AC9\RGB2_SUB34ACT9F61.jpg,1,1,0.9259984493255615
478,35,1,1,D:\Skripsi\Experiment_TA\data\raw\RGB2\S35\AC1\RGB2_SUB35ACT1F1.jpg,0,0,0.3355385363101959
479,35,1,121,D:\Skripsi\Experiment_TA\data\raw\RGB2\S35\AC1\RGB2_SUB35ACT1F121.jpg,0,0,0.09744060039520264
480,35,1,31,D:\Skripsi\Experiment_TA\data\raw\RGB2\S35\AC1\RGB2_SUB35ACT1F31.jpg,0,0,0.2599334716796875
481,35,1,61,D:\Skripsi\Experiment_TA\data\raw\RGB2\S35\AC1\RGB2_SUB35ACT1F61.jpg,0,0,0.1737556755542755
482,35,1,91,D:\Skripsi\Experiment_TA\data\raw\RGB2\S35\AC1\RGB2_SUB35ACT1F91.jpg,0,0,0.10878226161003113
483,35,5,1,D:\Skripsi\Experiment_TA\data\raw\RGB2\S35\AC5\RGB2_SUB35ACT5F1.jpg,1,0,0.4544505476951599
484,35,5,31,D:\Skripsi\Experiment_TA\data\raw\RGB2\S35\AC5\RGB2_SUB35ACT5F31.jpg,1,1,0.551672637462616
485,35,5,61,D:\Skripsi\Experiment_TA\data\raw\RGB2\S35\AC5\RGB2_SUB35ACT5F61.jpg,1,0,0.4488259255886078
486,35,5,91,D:\Skripsi\Experiment_TA\data\raw\RGB2\S35\AC5\RGB2_SUB35ACT5F91.jpg,1,0,0.464070588350296
487,35,6,1,D:\Skripsi\Experiment_TA\data\raw\RGB2\S35\AC6\RGB2_SUB35ACT6F1.jpg,1,1,0.7883124947547913
488,35,6,121,D:\Skripsi\Experiment_TA\data\raw\RGB2\S35\AC6\RGB2_SUB35ACT6F121.jpg,1,1,0.68304443359375
489,35,6,151,D:\Skripsi\Experiment_TA\data\raw\RGB2\S35\AC6\RGB2_SUB35ACT6F151.jpg,1,1,0.8966652154922485
490,35,6,31,D:\Skripsi\Experiment_TA\data\raw\RGB2\S35\AC6\RGB2_SUB35ACT6F31.jpg,1,1,0.8067806959152222
491,35,6,61,D:\Skripsi\Experiment_TA\data\raw\RGB2\S35\AC6\RGB2_SUB35ACT6F61.jpg,1,1,0.7886053323745728
492,35,6,91,D:\Skripsi\Experiment_TA\data\raw\RGB2\S35\AC6\RGB2_SUB35ACT6F91.jpg,1,1,0.6577239036560059
493,35,7,1,D:\Skripsi\Experiment_TA\data\raw\RGB2\S35\AC7\RGB2_SUB35ACT7F1.jpg,1,1,0.7968972325325012
494,35,7,121,D:\Skripsi\Experiment_TA\data\raw\RGB2\S35\AC7\RGB2_SUB35ACT7F121.jpg,1,1,0.7918397188186646
495,35,7,151,D:\Skripsi\Experiment_TA\data\raw\RGB2\S35\AC7\RGB2_SUB35ACT7F151.jpg,1,1,0.7171352505683899
496,35,7,181,D:\Skripsi\Experiment_TA\data\raw\RGB2\S35\AC7\RGB2_SUB35ACT7F181.jpg,1,1,0.647904634475708
497,35,7,31,D:\Skripsi\Experiment_TA\data\raw\RGB2\S35\AC7\RGB2_SUB35ACT7F31.jpg,1,1,0.6661942005157471
498,35,7,61,D:\Skripsi\Experiment_TA\data\raw\RGB2\S35\AC7\RGB2_SUB35ACT7F61.jpg,1,1,0.7661435604095459
499,35,7,91,D:\Skripsi\Experiment_TA\data\raw\RGB2\S35\AC7\RGB2_SUB35ACT7F91.jpg,1,1,0.6913063526153564
500,35,8,1,D:\Skripsi\Experiment_TA\data\raw\RGB2\S35\AC8\RGB2_SUB35ACT8F1.jpg,1,1,0.6761164665222168
501,35,8,31,D:\Skripsi\Experiment_TA\data\raw\RGB2\S35\AC8\RGB2_SUB35ACT8F31.jpg,1,1,0.6786237955093384
502,35,8,61,D:\Skripsi\Experiment_TA\data\raw\RGB2\S35\AC8\RGB2_SUB35ACT8F61.jpg,1,0,0.46805766224861145
503,35,8,91,D:\Skripsi\Experiment_TA\data\raw\RGB2\S35\AC8\RGB2_SUB35ACT8F91.jpg,1,0,0.47353002429008484
504,35,9,1,D:\Skripsi\Experiment_TA\data\raw\RGB2\S35\AC9\RGB2_SUB35ACT9F1.jpg,1,1,0.7470605373382568
505,35,9,121,D:\Skripsi\Experiment_TA\data\raw\RGB2\S35\AC9\RGB2_SUB35ACT9F121.jpg,1,1,0.9251040816307068
506,35,9,31,D:\Skripsi\Experiment_TA\data\raw\RGB2\S35\AC9\RGB2_SUB35ACT9F31.jpg,1,1,0.9148815274238586
507,35,9,61,D:\Skripsi\Experiment_TA\data\raw\RGB2\S35\AC9\RGB2_SUB35ACT9F61.jpg,1,1,0.8368934392929077
508,35,9,91,D:\Skripsi\Experiment_TA\data\raw\RGB2\S35\AC9\RGB2_SUB35ACT9F91.jpg,1,1,0.9084200859069824
509,36,1,1,D:\Skripsi\Experiment_TA\data\raw\RGB2\S36\AC1\RGB2_SUB36ACT1F1.jpg,0,1,0.5512788891792297
510,36,1,121,D:\Skripsi\Experiment_TA\data\raw\RGB2\S36\AC1\RGB2_SUB36ACT1F121.jpg,0,1,0.6029399037361145
511,36,1,31,D:\Skripsi\Experiment_TA\data\raw\RGB2\S36\AC1\RGB2_SUB36ACT1F31.jpg,0,1,0.5502339601516724
512,36,1,61,D:\Skripsi\Experiment_TA\data\raw\RGB2\S36\AC1\RGB2_SUB36ACT1F61.jpg,0,0,0.25321024656295776
513,36,1,91,D:\Skripsi\Experiment_TA\data\raw\RGB2\S36\AC1\RGB2_SUB36ACT1F91.jpg,0,1,0.8270321488380432
514,36,5,1,D:\Skripsi\Experiment_TA\data\raw\RGB2\S36\AC5\RGB2_SUB36ACT5F1.jpg,1,1,0.9168022871017456
515,36,5,121,D:\Skripsi\Experiment_TA\data\raw\RGB2\S36\AC5\RGB2_SUB36ACT5F121.jpg,1,1,0.6687873005867004
516,36,5,31,D:\Skripsi\Experiment_TA\data\raw\RGB2\S36\AC5\RGB2_SUB36ACT5F31.jpg,1,1,0.8712661266326904
517,36,5,61,D:\Skripsi\Experiment_TA\data\raw\RGB2\S36\AC5\RGB2_SUB36ACT5F61.jpg,1,1,0.891515851020813
518,36,5,91,D:\Skripsi\Experiment_TA\data\raw\RGB2\S36\AC5\RGB2_SUB36ACT5F91.jpg,1,1,0.8885510563850403
519,36,6,1,D:\Skripsi\Experiment_TA\data\raw\RGB2\S36\AC6\RGB2_SUB36ACT6F1.jpg,1,1,0.8205054402351379
520,36,6,31,D:\Skripsi\Experiment_TA\data\raw\RGB2\S36\AC6\RGB2_SUB36ACT6F31.jpg,1,1,0.8245365619659424
521,36,6,61,D:\Skripsi\Experiment_TA\data\raw\RGB2\S36\AC6\RGB2_SUB36ACT6F61.jpg,1,1,0.9255853891372681
522,36,6,91,D:\Skripsi\Experiment_TA\data\raw\RGB2\S36\AC6\RGB2_SUB36ACT6F91.jpg,1,1,0.7804007530212402
523,36,7,1,D:\Skripsi\Experiment_TA\data\raw\RGB2\S36\AC7\RGB2_SUB36ACT7F1.jpg,1,1,0.8625298142433167
524,36,7,121,D:\Skripsi\Experiment_TA\data\raw\RGB2\S36\AC7\RGB2_SUB36ACT7F121.jpg,1,1,0.8613372445106506
525,36,7,31,D:\Skripsi\Experiment_TA\data\raw\RGB2\S36\AC7\RGB2_SUB36ACT7F31.jpg,1,1,0.8751671314239502
526,36,7,61,D:\Skripsi\Experiment_TA\data\raw\RGB2\S36\AC7\RGB2_SUB36ACT7F61.jpg,1,1,0.5230426788330078
527,36,7,91,D:\Skripsi\Experiment_TA\data\raw\RGB2\S36\AC7\RGB2_SUB36ACT7F91.jpg,1,1,0.7674733996391296
528,36,8,1,D:\Skripsi\Experiment_TA\data\raw\RGB2\S36\AC8\RGB2_SUB36ACT8F1.jpg,1,1,0.8011672496795654
529,36,8,121,D:\Skripsi\Experiment_TA\data\raw\RGB2\S36\AC8\RGB2_SUB36ACT8F121.jpg,1,1,0.7260299921035767
530,36,8,31,D:\Skripsi\Experiment_TA\data\raw\RGB2\S36\AC8\RGB2_SUB36ACT8F31.jpg,1,1,0.8198509812355042
531,36,8,61,D:\Skripsi\Experiment_TA\data\raw\RGB2\S36\AC8\RGB2_SUB36ACT8F61.jpg,1,1,0.6616925597190857
532,36,8,91,D:\Skripsi\Experiment_TA\data\raw\RGB2\S36\AC8\RGB2_SUB36ACT8F91.jpg,1,1,0.8418692350387573
533,36,9,1,D:\Skripsi\Experiment_TA\data\raw\RGB2\S36\AC9\RGB2_SUB36ACT9F1.jpg,1,1,0.8888389468193054
534,36,9,121,D:\Skripsi\Experiment_TA\data\raw\RGB2\S36\AC9\RGB2_SUB36ACT9F121.jpg,1,1,0.8573319911956787
535,36,9,151,D:\Skripsi\Experiment_TA\data\raw\RGB2\S36\AC9\RGB2_SUB36ACT9F151.jpg,1,1,0.8771512508392334
536,36,9,31,D:\Skripsi\Experiment_TA\data\raw\RGB2\S36\AC9\RGB2_SUB36ACT9F31.jpg,1,1,0.8807277083396912
537,36,9,61,D:\Skripsi\Experiment_TA\data\raw\RGB2\S36\AC9\RGB2_SUB36ACT9F61.jpg,1,1,0.8479077219963074
538,36,9,91,D:\Skripsi\Experiment_TA\data\raw\RGB2\S36\AC9\RGB2_SUB36ACT9F91.jpg,1,1,0.8860094547271729
539,37,1,1,D:\Skripsi\Experiment_TA\data\raw\RGB2\S37\AC1\RGB2_SUB37ACT1F1.jpg,0,0,0.15241506695747375
540,37,1,121,D:\Skripsi\Experiment_TA\data\raw\RGB2\S37\AC1\RGB2_SUB37ACT1F121.jpg,0,0,0.11965678632259369
541,37,1,31,D:\Skripsi\Experiment_TA\data\raw\RGB2\S37\AC1\RGB2_SUB37ACT1F31.jpg,0,0,0.10571039468050003
542,37,1,61,D:\Skripsi\Experiment_TA\data\raw\RGB2\S37\AC1\RGB2_SUB37ACT1F61.jpg,0,0,0.12900488078594208
543,37,1,91,D:\Skripsi\Experiment_TA\data\raw\RGB2\S37\AC1\RGB2_SUB37ACT1F91.jpg,0,0,0.12256091088056564
544,37,5,1,D:\Skripsi\Experiment_TA\data\raw\RGB2\S37\AC5\RGB2_SUB37ACT5F1.jpg,1,1,0.9728286266326904
545,37,5,121,D:\Skripsi\Experiment_TA\data\raw\RGB2\S37\AC5\RGB2_SUB37ACT5F121.jpg,1,1,0.8855578303337097
546,37,5,31,D:\Skripsi\Experiment_TA\data\raw\RGB2\S37\AC5\RGB2_SUB37ACT5F31.jpg,1,1,0.8338378667831421
547,37,5,61,D:\Skripsi\Experiment_TA\data\raw\RGB2\S37\AC5\RGB2_SUB37ACT5F61.jpg,1,1,0.7495437264442444
548,37,5,91,D:\Skripsi\Experiment_TA\data\raw\RGB2\S37\AC5\RGB2_SUB37ACT5F91.jpg,1,1,0.7810947895050049
549,37,6,1,D:\Skripsi\Experiment_TA\data\raw\RGB2\S37\AC6\RGB2_SUB37ACT6F1.jpg,1,0,0.23216496407985687
550,37,6,121,D:\Skripsi\Experiment_TA\data\raw\RGB2\S37\AC6\RGB2_SUB37ACT6F121.jpg,1,1,0.682319164276123
551,37,6,31,D:\Skripsi\Experiment_TA\data\raw\RGB2\S37\AC6\RGB2_SUB37ACT6F31.jpg,1,1,0.6764619946479797
552,37,6,61,D:\Skripsi\Experiment_TA\data\raw\RGB2\S37\AC6\RGB2_SUB37ACT6F61.jpg,1,1,0.9049071669578552
553,37,6,91,D:\Skripsi\Experiment_TA\data\raw\RGB2\S37\AC6\RGB2_SUB37ACT6F91.jpg,1,1,0.8416275382041931
554,37,7,1,D:\Skripsi\Experiment_TA\data\raw\RGB2\S37\AC7\RGB2_SUB37ACT7F1.jpg,1,1,0.9232526421546936
555,37,7,121,D:\Skripsi\Experiment_TA\data\raw\RGB2\S37\AC7\RGB2_SUB37ACT7F121.jpg,1,1,0.9596405625343323
556,37,7,151,D:\Skripsi\Experiment_TA\data\raw\RGB2\S37\AC7\RGB2_SUB37ACT7F151.jpg,1,1,0.9193353652954102
557,37,7,31,D:\Skripsi\Experiment_TA\data\raw\RGB2\S37\AC7\RGB2_SUB37ACT7F31.jpg,1,1,0.8678975105285645
558,37,7,61,D:\Skripsi\Experiment_TA\data\raw\RGB2\S37\AC7\RGB2_SUB37ACT7F61.jpg,1,1,0.9635042548179626
559,37,7,91,D:\Skripsi\Experiment_TA\data\raw\RGB2\S37\AC7\RGB2_SUB37ACT7F91.jpg,1,1,0.9790375232696533
560,37,8,1,D:\Skripsi\Experiment_TA\data\raw\RGB2\S37\AC8\RGB2_SUB37ACT8F1.jpg,1,1,0.8713744878768921
561,37,8,121,D:\Skripsi\Experiment_TA\data\raw\RGB2\S37\AC8\RGB2_SUB37ACT8F121.jpg,1,1,0.8708066940307617
562,37,8,151,D:\Skripsi\Experiment_TA\data\raw\RGB2\S37\AC8\RGB2_SUB37ACT8F151.jpg,1,1,0.9095859527587891
563,37,8,31,D:\Skripsi\Experiment_TA\data\raw\RGB2\S37\AC8\RGB2_SUB37ACT8F31.jpg,1,1,0.7827057242393494
564,37,8,61,D:\Skripsi\Experiment_TA\data\raw\RGB2\S37\AC8\RGB2_SUB37ACT8F61.jpg,1,1,0.6551346182823181
565,37,8,91,D:\Skripsi\Experiment_TA\data\raw\RGB2\S37\AC8\RGB2_SUB37ACT8F91.jpg,1,1,0.7941976189613342
566,37,9,1,D:\Skripsi\Experiment_TA\data\raw\RGB2\S37\AC9\RGB2_SUB37ACT9F1.jpg,1,1,0.9703453183174133
567,37,9,121,D:\Skripsi\Experiment_TA\data\raw\RGB2\S37\AC9\RGB2_SUB37ACT9F121.jpg,1,1,0.9020442962646484
568,37,9,151,D:\Skripsi\Experiment_TA\data\raw\RGB2\S37\AC9\RGB2_SUB37ACT9F151.jpg,1,1,0.8863828182220459
569,37,9,31,D:\Skripsi\Experiment_TA\data\raw\RGB2\S37\AC9\RGB2_SUB37ACT9F31.jpg,1,1,0.7102245688438416
570,37,9,61,D:\Skripsi\Experiment_TA\data\raw\RGB2\S37\AC9\RGB2_SUB37ACT9F61.jpg,1,1,0.8601783514022827
571,37,9,91,D:\Skripsi\Experiment_TA\data\raw\RGB2\S37\AC9\RGB2_SUB37ACT9F91.jpg,1,1,0.927173912525177
572,38,1,1,D:\Skripsi\Experiment_TA\data\raw\RGB2\S38\AC1\RGB2_SUB38ACT1F1.jpg,0,1,0.5175881385803223
573,38,1,121,D:\Skripsi\Experiment_TA\data\raw\RGB2\S38\AC1\RGB2_SUB38ACT1F121.jpg,0,0,0.22342737019062042
574,38,1,31,D:\Skripsi\Experiment_TA\data\raw\RGB2\S38\AC1\RGB2_SUB38ACT1F31.jpg,0,0,0.410525918006897
575,38,1,61,D:\Skripsi\Experiment_TA\data\raw\RGB2\S38\AC1\RGB2_SUB38ACT1F61.jpg,0,0,0.29602792859077454
576,38,1,91,D:\Skripsi\Experiment_TA\data\raw\RGB2\S38\AC1\RGB2_SUB38ACT1F91.jpg,0,1,0.8367173075675964
577,38,5,1,D:\Skripsi\Experiment_TA\data\raw\RGB2\S38\AC5\RGB2_SUB38ACT5F1.jpg,1,1,0.6643341183662415
578,38,5,31,D:\Skripsi\Experiment_TA\data\raw\RGB2\S38\AC5\RGB2_SUB38ACT5F31.jpg,1,1,0.7285510897636414
579,38,5,61,D:\Skripsi\Experiment_TA\data\raw\RGB2\S38\AC5\RGB2_SUB38ACT5F61.jpg,1,1,0.6585503220558167
580,38,5,91,D:\Skripsi\Experiment_TA\data\raw\RGB2\S38\AC5\RGB2_SUB38ACT5F91.jpg,1,1,0.7566097378730774
581,38,6,1,D:\Skripsi\Experiment_TA\data\raw\RGB2\S38\AC6\RGB2_SUB38ACT6F1.jpg,1,1,0.9411534667015076
582,38,6,31,D:\Skripsi\Experiment_TA\data\raw\RGB2\S38\AC6\RGB2_SUB38ACT6F31.jpg,1,0,0.42628586292266846
583,38,6,61,D:\Skripsi\Experiment_TA\data\raw\RGB2\S38\AC6\RGB2_SUB38ACT6F61.jpg,1,1,0.9397748708724976
584,38,6,91,D:\Skripsi\Experiment_TA\data\raw\RGB2\S38\AC6\RGB2_SUB38ACT6F91.jpg,1,1,0.8732426166534424
585,38,7,1,D:\Skripsi\Experiment_TA\data\raw\RGB2\S38\AC7\RGB2_SUB38ACT7F1.jpg,1,1,0.941710352897644
586,38,7,121,D:\Skripsi\Experiment_TA\data\raw\RGB2\S38\AC7\RGB2_SUB38ACT7F121.jpg,1,1,0.7799619436264038
587,38,7,31,D:\Skripsi\Experiment_TA\data\raw\RGB2\S38\AC7\RGB2_SUB38ACT7F31.jpg,1,1,0.97380530834198
588,38,7,61,D:\Skripsi\Experiment_TA\data\raw\RGB2\S38\AC7\RGB2_SUB38ACT7F61.jpg,1,1,0.8760029673576355
589,38,7,91,D:\Skripsi\Experiment_TA\data\raw\RGB2\S38\AC7\RGB2_SUB38ACT7F91.jpg,1,1,0.8641873598098755
590,38,8,1,D:\Skripsi\Experiment_TA\data\raw\RGB2\S38\AC8\RGB2_SUB38ACT8F1.jpg,1,1,0.7094306945800781
591,38,8,121,D:\Skripsi\Experiment_TA\data\raw\RGB2\S38\AC8\RGB2_SUB38ACT8F121.jpg,1,1,0.8118522763252258
592,38,8,31,D:\Skripsi\Experiment_TA\data\raw\RGB2\S38\AC8\RGB2_SUB38ACT8F31.jpg,1,1,0.7735580205917358
593,38,8,61,D:\Skripsi\Experiment_TA\data\raw\RGB2\S38\AC8\RGB2_SUB38ACT8F61.jpg,1,1,0.8289825320243835
594,38,8,91,D:\Skripsi\Experiment_TA\data\raw\RGB2\S38\AC8\RGB2_SUB38ACT8F91.jpg,1,1,0.8669473528862
595,38,9,1,D:\Skripsi\Experiment_TA\data\raw\RGB2\S38\AC9\RGB2_SUB38ACT9F1.jpg,1,1,0.7770755887031555
596,38,9,121,D:\Skripsi\Experiment_TA\data\raw\RGB2\S38\AC9\RGB2_SUB38ACT9F121.jpg,1,0,0.30036354064941406
597,38,9,31,D:\Skripsi\Experiment_TA\data\raw\RGB2\S38\AC9\RGB2_SUB38ACT9F31.jpg,1,1,0.5725072622299194
598,38,9,61,D:\Skripsi\Experiment_TA\data\raw\RGB2\S38\AC9\RGB2_SUB38ACT9F61.jpg,1,1,0.5250396728515625
599,38,9,91,D:\Skripsi\Experiment_TA\data\raw\RGB2\S38\AC9\RGB2_SUB38ACT9F91.jpg,1,0,0.33656248450279236
600,39,1,1,D:\Skripsi\Experiment_TA\data\raw\RGB2\S39\AC1\RGB2_SUB39ACT1F1.jpg,0,0,0.1257936656475067
601,39,1,31,D:\Skripsi\Experiment_TA\data\raw\RGB2\S39\AC1\RGB2_SUB39ACT1F31.jpg,0,0,0.1514691859483719
602,39,1,61,D:\Skripsi\Experiment_TA\data\raw\RGB2\S39\AC1\RGB2_SUB39ACT1F61.jpg,0,0,0.15237918496131897
603,39,1,91,D:\Skripsi\Experiment_TA\data\raw\RGB2\S39\AC1\RGB2_SUB39ACT1F91.jpg,0,0,0.19476936757564545
604,39,5,1,D:\Skripsi\Experiment_TA\data\raw\RGB2\S39\AC5\RGB2_SUB39ACT5F1.jpg,1,1,0.8337846994400024
605,39,5,31,D:\Skripsi\Experiment_TA\data\raw\RGB2\S39\AC5\RGB2_SUB39ACT5F31.jpg,1,1,0.8286163806915283
606,39,5,61,D:\Skripsi\Experiment_TA\data\raw\RGB2\S39\AC5\RGB2_SUB39ACT5F61.jpg,1,1,0.8277525305747986
607,39,5,91,D:\Skripsi\Experiment_TA\data\raw\RGB2\S39\AC5\RGB2_SUB39ACT5F91.jpg,1,1,0.8766075968742371
608,39,6,1,D:\Skripsi\Experiment_TA\data\raw\RGB2\S39\AC6\RGB2_SUB39ACT6F1.jpg,1,1,0.9182701110839844
609,39,6,31,D:\Skripsi\Experiment_TA\data\raw\RGB2\S39\AC6\RGB2_SUB39ACT6F31.jpg,1,1,0.9397412538528442
610,39,6,61,D:\Skripsi\Experiment_TA\data\raw\RGB2\S39\AC6\RGB2_SUB39ACT6F61.jpg,1,1,0.9266310930252075
611,39,6,91,D:\Skripsi\Experiment_TA\data\raw\RGB2\S39\AC6\RGB2_SUB39ACT6F91.jpg,1,1,0.8016009330749512
612,39,7,1,D:\Skripsi\Experiment_TA\data\raw\RGB2\S39\AC7\RGB2_SUB39ACT7F1.jpg,1,1,0.9843754172325134
613,39,7,31,D:\Skripsi\Experiment_TA\data\raw\RGB2\S39\AC7\RGB2_SUB39ACT7F31.jpg,1,1,0.8015521764755249
614,39,7,61,D:\Skripsi\Experiment_TA\data\raw\RGB2\S39\AC7\RGB2_SUB39ACT7F61.jpg,1,1,0.8481613993644714
615,39,7,91,D:\Skripsi\Experiment_TA\data\raw\RGB2\S39\AC7\RGB2_SUB39ACT7F91.jpg,1,1,0.9467675685882568
616,39,8,1,D:\Skripsi\Experiment_TA\data\raw\RGB2\S39\AC8\RGB2_SUB39ACT8F1.jpg,1,1,0.7853235602378845
617,39,8,121,D:\Skripsi\Experiment_TA\data\raw\RGB2\S39\AC8\RGB2_SUB39ACT8F121.jpg,1,1,0.7020877003669739
618,39,8,31,D:\Skripsi\Experiment_TA\data\raw\RGB2\S39\AC8\RGB2_SUB39ACT8F31.jpg,1,1,0.7821335196495056
619,39,8,61,D:\Skripsi\Experiment_TA\data\raw\RGB2\S39\AC8\RGB2_SUB39ACT8F61.jpg,1,1,0.6704226136207581
620,39,8,91,D:\Skripsi\Experiment_TA\data\raw\RGB2\S39\AC8\RGB2_SUB39ACT8F91.jpg,1,1,0.9122418165206909
621,39,9,1,D:\Skripsi\Experiment_TA\data\raw\RGB2\S39\AC9\RGB2_SUB39ACT9F1.jpg,1,1,0.7084605693817139
622,39,9,121,D:\Skripsi\Experiment_TA\data\raw\RGB2\S39\AC9\RGB2_SUB39ACT9F121.jpg,1,1,0.7843272089958191
623,39,9,31,D:\Skripsi\Experiment_TA\data\raw\RGB2\S39\AC9\RGB2_SUB39ACT9F31.jpg,1,1,0.8613365292549133
624,39,9,61,D:\Skripsi\Experiment_TA\data\raw\RGB2\S39\AC9\RGB2_SUB39ACT9F61.jpg,1,1,0.8271477222442627
625,39,9,91,D:\Skripsi\Experiment_TA\data\raw\RGB2\S39\AC9\RGB2_SUB39ACT9F91.jpg,1,1,0.8236072659492493
626,40,1,1,D:\Skripsi\Experiment_TA\data\raw\RGB2\S40\AC1\RGB2_SUB40ACT1F1.jpg,0,0,0.38722869753837585
627,40,1,121,D:\Skripsi\Experiment_TA\data\raw\RGB2\S40\AC1\RGB2_SUB40ACT1F121.jpg,0,0,0.1704733967781067
628,40,1,31,D:\Skripsi\Experiment_TA\data\raw\RGB2\S40\AC1\RGB2_SUB40ACT1F31.jpg,0,1,0.5329768061637878
629,40,1,61,D:\Skripsi\Experiment_TA\data\raw\RGB2\S40\AC1\RGB2_SUB40ACT1F61.jpg,0,1,0.884811520576477
630,40,1,91,D:\Skripsi\Experiment_TA\data\raw\RGB2\S40\AC1\RGB2_SUB40ACT1F91.jpg,0,0,0.24919463694095612
631,40,5,1,D:\Skripsi\Experiment_TA\data\raw\RGB2\S40\AC5\RGB2_SUB40ACT5F1.jpg,1,1,0.706017255783081
632,40,5,31,D:\Skripsi\Experiment_TA\data\raw\RGB2\S40\AC5\RGB2_SUB40ACT5F31.jpg,1,1,0.9050862193107605
633,40,5,61,D:\Skripsi\Experiment_TA\data\raw\RGB2\S40\AC5\RGB2_SUB40ACT5F61.jpg,1,1,0.9058355689048767
634,40,5,91,D:\Skripsi\Experiment_TA\data\raw\RGB2\S40\AC5\RGB2_SUB40ACT5F91.jpg,1,1,0.7892967462539673
635,40,6,1,D:\Skripsi\Experiment_TA\data\raw\RGB2\S40\AC6\RGB2_SUB40ACT6F1.jpg,1,1,0.7909496426582336
636,40,6,121,D:\Skripsi\Experiment_TA\data\raw\RGB2\S40\AC6\RGB2_SUB40ACT6F121.jpg,1,1,0.7388203740119934
637,40,6,31,D:\Skripsi\Experiment_TA\data\raw\RGB2\S40\AC6\RGB2_SUB40ACT6F31.jpg,1,1,0.9040476083755493
638,40,6,61,D:\Skripsi\Experiment_TA\data\raw\RGB2\S40\AC6\RGB2_SUB40ACT6F61.jpg,1,1,0.8709598779678345
639,40,6,91,D:\Skripsi\Experiment_TA\data\raw\RGB2\S40\AC6\RGB2_SUB40ACT6F91.jpg,1,1,0.9307355880737305
640,40,7,1,D:\Skripsi\Experiment_TA\data\raw\RGB2\S40\AC7\RGB2_SUB40ACT7F1.jpg,1,1,0.7262874841690063
641,40,7,121,D:\Skripsi\Experiment_TA\data\raw\RGB2\S40\AC7\RGB2_SUB40ACT7F121.jpg,1,1,0.8770799040794373
642,40,7,151,D:\Skripsi\Experiment_TA\data\raw\RGB2\S40\AC7\RGB2_SUB40ACT7F151.jpg,1,1,0.8307253122329712
643,40,7,181,D:\Skripsi\Experiment_TA\data\raw\RGB2\S40\AC7\RGB2_SUB40ACT7F181.jpg,1,1,0.8548401594161987
644,40,7,211,D:\Skripsi\Experiment_TA\data\raw\RGB2\S40\AC7\RGB2_SUB40ACT7F211.jpg,1,1,0.9341012835502625
645,40,7,31,D:\Skripsi\Experiment_TA\data\raw\RGB2\S40\AC7\RGB2_SUB40ACT7F31.jpg,1,1,0.7132623791694641
646,40,7,61,D:\Skripsi\Experiment_TA\data\raw\RGB2\S40\AC7\RGB2_SUB40ACT7F61.jpg,1,1,0.6154255270957947
647,40,7,91,D:\Skripsi\Experiment_TA\data\raw\RGB2\S40\AC7\RGB2_SUB40ACT7F91.jpg,1,1,0.884009838104248
648,40,8,1,D:\Skripsi\Experiment_TA\data\raw\RGB2\S40\AC8\RGB2_SUB40ACT8F1.jpg,1,1,0.890801191329956
649,40,8,121,D:\Skripsi\Experiment_TA\data\raw\RGB2\S40\AC8\RGB2_SUB40ACT8F121.jpg,1,1,0.9209845066070557
650,40,8,151,D:\Skripsi\Experiment_TA\data\raw\RGB2\S40\AC8\RGB2_SUB40ACT8F151.jpg,1,1,0.9128884673118591
651,40,8,181,D:\Skripsi\Experiment_TA\data\raw\RGB2\S40\AC8\RGB2_SUB40ACT8F181.jpg,1,1,0.9260833263397217
652,40,8,31,D:\Skripsi\Experiment_TA\data\raw\RGB2\S40\AC8\RGB2_SUB40ACT8F31.jpg,1,1,0.8272758722305298
653,40,8,61,D:\Skripsi\Experiment_TA\data\raw\RGB2\S40\AC8\RGB2_SUB40ACT8F61.jpg,1,1,0.8526708483695984
654,40,8,91,D:\Skripsi\Experiment_TA\data\raw\RGB2\S40\AC8\RGB2_SUB40ACT8F91.jpg,1,1,0.8887087106704712
655,40,9,1,D:\Skripsi\Experiment_TA\data\raw\RGB2\S40\AC9\RGB2_SUB40ACT9F1.jpg,1,1,0.8273797631263733
656,40,9,121,D:\Skripsi\Experiment_TA\data\raw\RGB2\S40\AC9\RGB2_SUB40ACT9F121.jpg,1,1,0.7996589541435242
657,40,9,31,D:\Skripsi\Experiment_TA\data\raw\RGB2\S40\AC9\RGB2_SUB40ACT9F31.jpg,1,1,0.8674833178520203
658,40,9,61,D:\Skripsi\Experiment_TA\data\raw\RGB2\S40\AC9\RGB2_SUB40ACT9F61.jpg,1,1,0.8197896480560303
659,40,9,91,D:\Skripsi\Experiment_TA\data\raw\RGB2\S40\AC9\RGB2_SUB40ACT9F91.jpg,1,1,0.888372540473938
660,43,1,1,D:\Skripsi\Experiment_TA\data\raw\RGB2\S43\AC1\RGB2_SUB43ACT1F1.jpg,0,1,0.5591312646865845
661,43,1,121,D:\Skripsi\Experiment_TA\data\raw\RGB2\S43\AC1\RGB2_SUB43ACT1F121.jpg,0,1,0.6463874578475952
662,43,1,151,D:\Skripsi\Experiment_TA\data\raw\RGB2\S43\AC1\RGB2_SUB43ACT1F151.jpg,0,1,0.6568939685821533
663,43,1,181,D:\Skripsi\Experiment_TA\data\raw\RGB2\S43\AC1\RGB2_SUB43ACT1F181.jpg,0,1,0.5986297130584717
664,43,1,31,D:\Skripsi\Experiment_TA\data\raw\RGB2\S43\AC1\RGB2_SUB43ACT1F31.jpg,0,0,0.44738295674324036
665,43,1,61,D:\Skripsi\Experiment_TA\data\raw\RGB2\S43\AC1\RGB2_SUB43ACT1F61.jpg,0,0,0.46398329734802246
666,43,1,91,D:\Skripsi\Experiment_TA\data\raw\RGB2\S43\AC1\RGB2_SUB43ACT1F91.jpg,0,1,0.6266942024230957
667,43,5,1,D:\Skripsi\Experiment_TA\data\raw\RGB2\S43\AC5\RGB2_SUB43ACT5F1.jpg,1,1,0.8038291335105896
668,43,5,121,D:\Skripsi\Experiment_TA\data\raw\RGB2\S43\AC5\RGB2_SUB43ACT5F121.jpg,1,1,0.7801547050476074
669,43,5,151,D:\Skripsi\Experiment_TA\data\raw\RGB2\S43\AC5\RGB2_SUB43ACT5F151.jpg,1,1,0.8413553237915039
670,43,5,181,D:\Skripsi\Experiment_TA\data\raw\RGB2\S43\AC5\RGB2_SUB43ACT5F181.jpg,1,1,0.7780221104621887
671,43,5,31,D:\Skripsi\Experiment_TA\data\raw\RGB2\S43\AC5\RGB2_SUB43ACT5F31.jpg,1,1,0.6710771322250366
672,43,5,61,D:\Skripsi\Experiment_TA\data\raw\RGB2\S43\AC5\RGB2_SUB43ACT5F61.jpg,1,1,0.7284768223762512
673,43,5,91,D:\Skripsi\Experiment_TA\data\raw\RGB2\S43\AC5\RGB2_SUB43ACT5F91.jpg,1,1,0.773463249206543
674,43,6,1,D:\Skripsi\Experiment_TA\data\raw\RGB2\S43\AC6\RGB2_SUB43ACT6F1.jpg,1,1,0.7571642994880676
675,43,6,121,D:\Skripsi\Experiment_TA\data\raw\RGB2\S43\AC6\RGB2_SUB43ACT6F121.jpg,1,1,0.6114089488983154
676,43,6,151,D:\Skripsi\Experiment_TA\data\raw\RGB2\S43\AC6\RGB2_SUB43ACT6F151.jpg,1,1,0.5776126980781555
677,43,6,181,D:\Skripsi\Experiment_TA\data\raw\RGB2\S43\AC6\RGB2_SUB43ACT6F181.jpg,1,1,0.682212233543396
678,43,6,31,D:\Skripsi\Experiment_TA\data\raw\RGB2\S43\AC6\RGB2_SUB43ACT6F31.jpg,1,1,0.7144448161125183
679,43,6,61,D:\Skripsi\Experiment_TA\data\raw\RGB2\S43\AC6\RGB2_SUB43ACT6F61.jpg,1,1,0.8633447289466858
680,43,6,91,D:\Skripsi\Experiment_TA\data\raw\RGB2\S43\AC6\RGB2_SUB43ACT6F91.jpg,1,1,0.7558666467666626
681,43,7,1,D:\Skripsi\Experiment_TA\data\raw\RGB2\S43\AC7\RGB2_SUB43ACT7F1.jpg,1,1,0.7947984337806702
682,43,7,121,D:\Skripsi\Experiment_TA\data\raw\RGB2\S43\AC7\RGB2_SUB43ACT7F121.jpg,1,1,0.7059842944145203
683,43,7,151,D:\Skripsi\Experiment_TA\data\raw\RGB2\S43\AC7\RGB2_SUB43ACT7F151.jpg,1,1,0.8244770765304565
684,43,7,181,D:\Skripsi\Experiment_TA\data\raw\RGB2\S43\AC7\RGB2_SUB43ACT7F181.jpg,1,1,0.7615139484405518
685,43,7,211,D:\Skripsi\Experiment_TA\data\raw\RGB2\S43\AC7\RGB2_SUB43ACT7F211.jpg,1,1,0.7845553159713745
686,43,7,31,D:\Skripsi\Experiment_TA\data\raw\RGB2\S43\AC7\RGB2_SUB43ACT7F31.jpg,1,1,0.8494051694869995
687,43,7,61,D:\Skripsi\Experiment_TA\data\raw\RGB2\S43\AC7\RGB2_SUB43ACT7F61.jpg,1,1,0.7549446225166321
688,43,7,91,D:\Skripsi\Experiment_TA\data\raw\RGB2\S43\AC7\RGB2_SUB43ACT7F91.jpg,1,1,0.6935197114944458
689,43,8,1,D:\Skripsi\Experiment_TA\data\raw\RGB2\S43\AC8\RGB2_SUB43ACT8F1.jpg,1,1,0.7404466867446899
690,43,8,121,D:\Skripsi\Experiment_TA\data\raw\RGB2\S43\AC8\RGB2_SUB43ACT8F121.jpg,1,1,0.6433987021446228
691,43,8,151,D:\Skripsi\Experiment_TA\data\raw\RGB2\S43\AC8\RGB2_SUB43ACT8F151.jpg,1,1,0.5865774750709534
692,43,8,181,D:\Skripsi\Experiment_TA\data\raw\RGB2\S43\AC8\RGB2_SUB43ACT8F181.jpg,1,1,0.6600703001022339
693,43,8,211,D:\Skripsi\Experiment_TA\data\raw\RGB2\S43\AC8\RGB2_SUB43ACT8F211.jpg,1,1,0.73186856508255
694,43,8,241,D:\Skripsi\Experiment_TA\data\raw\RGB2\S43\AC8\RGB2_SUB43ACT8F241.jpg,1,1,0.6319930553436279
695,43,8,31,D:\Skripsi\Experiment_TA\data\raw\RGB2\S43\AC8\RGB2_SUB43ACT8F31.jpg,1,1,0.6654068231582642
696,43,8,61,D:\Skripsi\Experiment_TA\data\raw\RGB2\S43\AC8\RGB2_SUB43ACT8F61.jpg,1,1,0.7373778223991394
697,43,8,91,D:\Skripsi\Experiment_TA\data\raw\RGB2\S43\AC8\RGB2_SUB43ACT8F91.jpg,1,1,0.7456554770469666
698,43,9,1,D:\Skripsi\Experiment_TA\data\raw\RGB2\S43\AC9\RGB2_SUB43ACT9F1.jpg,1,1,0.5985017418861389
699,43,9,121,D:\Skripsi\Experiment_TA\data\raw\RGB2\S43\AC9\RGB2_SUB43ACT9F121.jpg,1,1,0.5838529467582703
700,43,9,151,D:\Skripsi\Experiment_TA\data\raw\RGB2\S43\AC9\RGB2_SUB43ACT9F151.jpg,1,1,0.7343356609344482
701,43,9,31,D:\Skripsi\Experiment_TA\data\raw\RGB2\S43\AC9\RGB2_SUB43ACT9F31.jpg,1,1,0.7124537229537964
702,43,9,61,D:\Skripsi\Experiment_TA\data\raw\RGB2\S43\AC9\RGB2_SUB43ACT9F61.jpg,1,1,0.9404385089874268
703,43,9,91,D:\Skripsi\Experiment_TA\data\raw\RGB2\S43\AC9\RGB2_SUB43ACT9F91.jpg,1,1,0.7797660827636719
704,44,1,1,D:\Skripsi\Experiment_TA\data\raw\RGB2\S44\AC1\RGB2_SUB44ACT1F1.jpg,0,0,0.46996432542800903
705,44,1,121,D:\Skripsi\Experiment_TA\data\raw\RGB2\S44\AC1\RGB2_SUB44ACT1F121.jpg,0,0,0.4885716438293457
706,44,1,151,D:\Skripsi\Experiment_TA\data\raw\RGB2\S44\AC1\RGB2_SUB44ACT1F151.jpg,0,0,0.21356327831745148
707,44,1,31,D:\Skripsi\Experiment_TA\data\raw\RGB2\S44\AC1\RGB2_SUB44ACT1F31.jpg,0,0,0.4694785475730896
708,44,1,61,D:\Skripsi\Experiment_TA\data\raw\RGB2\S44\AC1\RGB2_SUB44ACT1F61.jpg,0,0,0.3891865015029907
709,44,1,91,D:\Skripsi\Experiment_TA\data\raw\RGB2\S44\AC1\RGB2_SUB44ACT1F91.jpg,0,0,0.29555565118789673
710,44,5,1,D:\Skripsi\Experiment_TA\data\raw\RGB2\S44\AC5\RGB2_SUB44ACT5F1.jpg,1,1,0.8738896250724792
711,44,5,121,D:\Skripsi\Experiment_TA\data\raw\RGB2\S44\AC5\RGB2_SUB44ACT5F121.jpg,1,1,0.7988142967224121
712,44,5,31,D:\Skripsi\Experiment_TA\data\raw\RGB2\S44\AC5\RGB2_SUB44ACT5F31.jpg,1,1,0.7192826271057129
713,44,5,61,D:\Skripsi\Experiment_TA\data\raw\RGB2\S44\AC5\RGB2_SUB44ACT5F61.jpg,1,1,0.8043957948684692
714,44,5,91,D:\Skripsi\Experiment_TA\data\raw\RGB2\S44\AC5\RGB2_SUB44ACT5F91.jpg,1,1,0.8215263485908508
715,44,6,1,D:\Skripsi\Experiment_TA\data\raw\RGB2\S44\AC6\RGB2_SUB44ACT6F1.jpg,1,1,0.8216068148612976
716,44,6,121,D:\Skripsi\Experiment_TA\data\raw\RGB2\S44\AC6\RGB2_SUB44ACT6F121.jpg,1,1,0.8548194169998169
717,44,6,31,D:\Skripsi\Experiment_TA\data\raw\RGB2\S44\AC6\RGB2_SUB44ACT6F31.jpg,1,1,0.5862339735031128
718,44,6,61,D:\Skripsi\Experiment_TA\data\raw\RGB2\S44\AC6\RGB2_SUB44ACT6F61.jpg,1,1,0.5394824743270874
719,44,6,91,D:\Skripsi\Experiment_TA\data\raw\RGB2\S44\AC6\RGB2_SUB44ACT6F91.jpg,1,1,0.519102931022644
720,44,7,1,D:\Skripsi\Experiment_TA\data\raw\RGB2\S44\AC7\RGB2_SUB44ACT7F1.jpg,1,1,0.9544672966003418
721,44,7,121,D:\Skripsi\Experiment_TA\data\raw\RGB2\S44\AC7\RGB2_SUB44ACT7F121.jpg,1,1,0.9375958442687988
722,44,7,151,D:\Skripsi\Experiment_TA\data\raw\RGB2\S44\AC7\RGB2_SUB44ACT7F151.jpg,1,1,0.932659924030304
723,44,7,31,D:\Skripsi\Experiment_TA\data\raw\RGB2\S44\AC7\RGB2_SUB44ACT7F31.jpg,1,1,0.9636600613594055
724,44,7,61,D:\Skripsi\Experiment_TA\data\raw\RGB2\S44\AC7\RGB2_SUB44ACT7F61.jpg,1,1,0.8203415274620056
725,44,7,91,D:\Skripsi\Experiment_TA\data\raw\RGB2\S44\AC7\RGB2_SUB44ACT7F91.jpg,1,1,0.9277017116546631
726,44,8,1,D:\Skripsi\Experiment_TA\data\raw\RGB2\S44\AC8\RGB2_SUB44ACT8F1.jpg,1,1,0.8722403049468994
727,44,8,121,D:\Skripsi\Experiment_TA\data\raw\RGB2\S44\AC8\RGB2_SUB44ACT8F121.jpg,1,1,0.9452854990959167
728,44,8,151,D:\Skripsi\Experiment_TA\data\raw\RGB2\S44\AC8\RGB2_SUB44ACT8F151.jpg,1,1,0.9395433068275452
729,44,8,181,D:\Skripsi\Experiment_TA\data\raw\RGB2\S44\AC8\RGB2_SUB44ACT8F181.jpg,1,1,0.9345250725746155
730,44,8,31,D:\Skripsi\Experiment_TA\data\raw\RGB2\S44\AC8\RGB2_SUB44ACT8F31.jpg,1,1,0.5312546491622925
731,44,8,61,D:\Skripsi\Experiment_TA\data\raw\RGB2\S44\AC8\RGB2_SUB44ACT8F61.jpg,1,1,0.9013298749923706
732,44,8,91,D:\Skripsi\Experiment_TA\data\raw\RGB2\S44\AC8\RGB2_SUB44ACT8F91.jpg,1,1,0.7450731992721558
733,44,9,1,D:\Skripsi\Experiment_TA\data\raw\RGB2\S44\AC9\RGB2_SUB44ACT9F1.jpg,1,1,0.8966566920280457
734,44,9,121,D:\Skripsi\Experiment_TA\data\raw\RGB2\S44\AC9\RGB2_SUB44ACT9F121.jpg,1,1,0.8964726328849792
735,44,9,151,D:\Skripsi\Experiment_TA\data\raw\RGB2\S44\AC9\RGB2_SUB44ACT9F151.jpg,1,1,0.8030440807342529
736,44,9,181,D:\Skripsi\Experiment_TA\data\raw\RGB2\S44\AC9\RGB2_SUB44ACT9F181.jpg,1,1,0.8071206212043762
737,44,9,31,D:\Skripsi\Experiment_TA\data\raw\RGB2\S44\AC9\RGB2_SUB44ACT9F31.jpg,1,1,0.9127677083015442
738,44,9,61,D:\Skripsi\Experiment_TA\data\raw\RGB2\S44\AC9\RGB2_SUB44ACT9F61.jpg,1,1,0.8652201890945435
739,44,9,91,D:\Skripsi\Experiment_TA\data\raw\RGB2\S44\AC9\RGB2_SUB44ACT9F91.jpg,1,1,0.8353923559188843
740,45,1,1,D:\Skripsi\Experiment_TA\data\raw\RGB2\S45\AC1\RGB2_SUB45ACT1F1.jpg,0,1,0.5213049650192261
741,45,1,121,D:\Skripsi\Experiment_TA\data\raw\RGB2\S45\AC1\RGB2_SUB45ACT1F121.jpg,0,0,0.21690762042999268
742,45,1,151,D:\Skripsi\Experiment_TA\data\raw\RGB2\S45\AC1\RGB2_SUB45ACT1F151.jpg,0,0,0.30546486377716064
743,45,1,31,D:\Skripsi\Experiment_TA\data\raw\RGB2\S45\AC1\RGB2_SUB45ACT1F31.jpg,0,0,0.3789370059967041
744,45,1,61,D:\Skripsi\Experiment_TA\data\raw\RGB2\S45\AC1\RGB2_SUB45ACT1F61.jpg,0,0,0.37615057826042175
745,45,1,91,D:\Skripsi\Experiment_TA\data\raw\RGB2\S45\AC1\RGB2_SUB45ACT1F91.jpg,0,0,0.2276686280965805
746,45,5,1,D:\Skripsi\Experiment_TA\data\raw\RGB2\S45\AC5\RGB2_SUB45ACT5F1.jpg,1,1,0.6573716402053833
747,45,5,31,D:\Skripsi\Experiment_TA\data\raw\RGB2\S45\AC5\RGB2_SUB45ACT5F31.jpg,1,1,0.837717592716217
748,45,5,61,D:\Skripsi\Experiment_TA\data\raw\RGB2\S45\AC5\RGB2_SUB45ACT5F61.jpg,1,1,0.8199179172515869
749,45,5,91,D:\Skripsi\Experiment_TA\data\raw\RGB2\S45\AC5\RGB2_SUB45ACT5F91.jpg,1,1,0.8517091870307922
750,45,6,1,D:\Skripsi\Experiment_TA\data\raw\RGB2\S45\AC6\RGB2_SUB45ACT6F1.jpg,1,0,0.37736526131629944
751,45,6,121,D:\Skripsi\Experiment_TA\data\raw\RGB2\S45\AC6\RGB2_SUB45ACT6F121.jpg,1,1,0.6577662825584412
752,45,6,151,D:\Skripsi\Experiment_TA\data\raw\RGB2\S45\AC6\RGB2_SUB45ACT6F151.jpg,1,1,0.7286746501922607
753,45,6,31,D:\Skripsi\Experiment_TA\data\raw\RGB2\S45\AC6\RGB2_SUB45ACT6F31.jpg,1,1,0.5885316133499146
754,45,6,61,D:\Skripsi\Experiment_TA\data\raw\RGB2\S45\AC6\RGB2_SUB45ACT6F61.jpg,1,1,0.6333644390106201
755,45,6,91,D:\Skripsi\Experiment_TA\data\raw\RGB2\S45\AC6\RGB2_SUB45ACT6F91.jpg,1,1,0.596919596195221
756,45,7,1,D:\Skripsi\Experiment_TA\data\raw\RGB2\S45\AC7\RGB2_SUB45ACT7F1.jpg,1,1,0.8836221694946289
757,45,7,121,D:\Skripsi\Experiment_TA\data\raw\RGB2\S45\AC7\RGB2_SUB45ACT7F121.jpg,1,1,0.9394146203994751
758,45,7,151,D:\Skripsi\Experiment_TA\data\raw\RGB2\S45\AC7\RGB2_SUB45ACT7F151.jpg,1,1,0.8623062372207642
759,45,7,181,D:\Skripsi\Experiment_TA\data\raw\RGB2\S45\AC7\RGB2_SUB45ACT7F181.jpg,1,1,0.8937202095985413
760,45,7,31,D:\Skripsi\Experiment_TA\data\raw\RGB2\S45\AC7\RGB2_SUB45ACT7F31.jpg,1,1,0.9024688601493835
761,45,7,61,D:\Skripsi\Experiment_TA\data\raw\RGB2\S45\AC7\RGB2_SUB45ACT7F61.jpg,1,1,0.7386080026626587
762,45,7,91,D:\Skripsi\Experiment_TA\data\raw\RGB2\S45\AC7\RGB2_SUB45ACT7F91.jpg,1,1,0.7787180542945862
763,45,8,1,D:\Skripsi\Experiment_TA\data\raw\RGB2\S45\AC8\RGB2_SUB45ACT8F1.jpg,1,1,0.7209285497665405
764,45,8,121,D:\Skripsi\Experiment_TA\data\raw\RGB2\S45\AC8\RGB2_SUB45ACT8F121.jpg,1,1,0.7729442119598389
765,45,8,151,D:\Skripsi\Experiment_TA\data\raw\RGB2\S45\AC8\RGB2_SUB45ACT8F151.jpg,1,1,0.7826430797576904
766,45,8,181,D:\Skripsi\Experiment_TA\data\raw\RGB2\S45\AC8\RGB2_SUB45ACT8F181.jpg,1,1,0.6062393188476562
767,45,8,211,D:\Skripsi\Experiment_TA\data\raw\RGB2\S45\AC8\RGB2_SUB45ACT8F211.jpg,1,1,0.6959061026573181
768,45,8,31,D:\Skripsi\Experiment_TA\data\raw\RGB2\S45\AC8\RGB2_SUB45ACT8F31.jpg,1,1,0.73198002576828
769,45,8,61,D:\Skripsi\Experiment_TA\data\raw\RGB2\S45\AC8\RGB2_SUB45ACT8F61.jpg,1,1,0.797461986541748
770,45,8,91,D:\Skripsi\Experiment_TA\data\raw\RGB2\S45\AC8\RGB2_SUB45ACT8F91.jpg,1,1,0.7167815566062927
771,45,9,1,D:\Skripsi\Experiment_TA\data\raw\RGB2\S45\AC9\RGB2_SUB45ACT9F1.jpg,1,1,0.7766450643539429
772,45,9,121,D:\Skripsi\Experiment_TA\data\raw\RGB2\S45\AC9\RGB2_SUB45ACT9F121.jpg,1,1,0.590358555316925
773,45,9,151,D:\Skripsi\Experiment_TA\data\raw\RGB2\S45\AC9\RGB2_SUB45ACT9F151.jpg,1,1,0.8782026171684265
774,45,9,181,D:\Skripsi\Experiment_TA\data\raw\RGB2\S45\AC9\RGB2_SUB45ACT9F181.jpg,1,1,0.860844612121582
775,45,9,211,D:\Skripsi\Experiment_TA\data\raw\RGB2\S45\AC9\RGB2_SUB45ACT9F211.jpg,1,1,0.762907087802887
776,45,9,31,D:\Skripsi\Experiment_TA\data\raw\RGB2\S45\AC9\RGB2_SUB45ACT9F31.jpg,1,1,0.7969837188720703
777,45,9,61,D:\Skripsi\Experiment_TA\data\raw\RGB2\S45\AC9\RGB2_SUB45ACT9F61.jpg,1,1,0.6254754662513733
778,45,9,91,D:\Skripsi\Experiment_TA\data\raw\RGB2\S45\AC9\RGB2_SUB45ACT9F91.jpg,1,1,0.648439347743988
779,46,1,1,D:\Skripsi\Experiment_TA\data\raw\RGB2\S46\AC1\RGB2_SUB46ACT1F1.jpg,0,1,0.5212523937225342
780,46,1,121,D:\Skripsi\Experiment_TA\data\raw\RGB2\S46\AC1\RGB2_SUB46ACT1F121.jpg,0,1,0.6080302000045776
781,46,1,151,D:\Skripsi\Experiment_TA\data\raw\RGB2\S46\AC1\RGB2_SUB46ACT1F151.jpg,0,1,0.6013613939285278
782,46,1,181,D:\Skripsi\Experiment_TA\data\raw\RGB2\S46\AC1\RGB2_SUB46ACT1F181.jpg,0,0,0.3284359574317932
783,46,1,211,D:\Skripsi\Experiment_TA\data\raw\RGB2\S46\AC1\RGB2_SUB46ACT1F211.jpg,0,1,0.7314016819000244
784,46,1,241,D:\Skripsi\Experiment_TA\data\raw\RGB2\S46\AC1\RGB2_SUB46ACT1F241.jpg,0,1,0.7278358340263367
785,46,1,31,D:\Skripsi\Experiment_TA\data\raw\RGB2\S46\AC1\RGB2_SUB46ACT1F31.jpg,0,1,0.5028460621833801
786,46,1,61,D:\Skripsi\Experiment_TA\data\raw\RGB2\S46\AC1\RGB2_SUB46ACT1F61.jpg,0,1,0.6331226825714111
787,46,1,91,D:\Skripsi\Experiment_TA\data\raw\RGB2\S46\AC1\RGB2_SUB46ACT1F91.jpg,0,0,0.45740512013435364
788,46,5,1,D:\Skripsi\Experiment_TA\data\raw\RGB2\S46\AC5\RGB2_SUB46ACT5F1.jpg,1,1,0.8952880501747131
789,46,5,121,D:\Skripsi\Experiment_TA\data\raw\RGB2\S46\AC5\RGB2_SUB46ACT5F121.jpg,1,1,0.5567433834075928
790,46,5,31,D:\Skripsi\Experiment_TA\data\raw\RGB2\S46\AC5\RGB2_SUB46ACT5F31.jpg,1,1,0.8058670163154602
791,46,5,61,D:\Skripsi\Experiment_TA\data\raw\RGB2\S46\AC5\RGB2_SUB46ACT5F61.jpg,1,1,0.6044273376464844
792,46,5,91,D:\Skripsi\Experiment_TA\data\raw\RGB2\S46\AC5\RGB2_SUB46ACT5F91.jpg,1,1,0.7290147542953491
793,46,6,1,D:\Skripsi\Experiment_TA\data\raw\RGB2\S46\AC6\RGB2_SUB46ACT6F1.jpg,1,1,0.9684915542602539
794,46,6,121,D:\Skripsi\Experiment_TA\data\raw\RGB2\S46\AC6\RGB2_SUB46ACT6F121.jpg,1,1,0.7485901117324829
795,46,6,31,D:\Skripsi\Experiment_TA\data\raw\RGB2\S46\AC6\RGB2_SUB46ACT6F31.jpg,1,1,0.7370120882987976
796,46,6,61,D:\Skripsi\Experiment_TA\data\raw\RGB2\S46\AC6\RGB2_SUB46ACT6F61.jpg,1,1,0.77245032787323
797,46,6,91,D:\Skripsi\Experiment_TA\data\raw\RGB2\S46\AC6\RGB2_SUB46ACT6F91.jpg,1,1,0.6498135328292847
798,46,7,1,D:\Skripsi\Experiment_TA\data\raw\RGB2\S46\AC7\RGB2_SUB46ACT7F1.jpg,1,1,0.6941606998443604
799,46,7,121,D:\Skripsi\Experiment_TA\data\raw\RGB2\S46\AC7\RGB2_SUB46ACT7F121.jpg,1,1,0.6955084204673767
800,46,7,31,D:\Skripsi\Experiment_TA\data\raw\RGB2\S46\AC7\RGB2_SUB46ACT7F31.jpg,1,1,0.7059483528137207
801,46,7,61,D:\Skripsi\Experiment_TA\data\raw\RGB2\S46\AC7\RGB2_SUB46ACT7F61.jpg,1,1,0.8681602478027344
802,46,7,91,D:\Skripsi\Experiment_TA\data\raw\RGB2\S46\AC7\RGB2_SUB46ACT7F91.jpg,1,1,0.8650013208389282
803,46,8,1,D:\Skripsi\Experiment_TA\data\raw\RGB2\S46\AC8\RGB2_SUB46ACT8F1.jpg,1,1,0.8508685231208801
804,46,8,121,D:\Skripsi\Experiment_TA\data\raw\RGB2\S46\AC8\RGB2_SUB46ACT8F121.jpg,1,1,0.6899985671043396
805,46,8,151,D:\Skripsi\Experiment_TA\data\raw\RGB2\S46\AC8\RGB2_SUB46ACT8F151.jpg,1,1,0.6741259694099426
806,46,8,31,D:\Skripsi\Experiment_TA\data\raw\RGB2\S46\AC8\RGB2_SUB46ACT8F31.jpg,1,1,0.5765346884727478
807,46,8,61,D:\Skripsi\Experiment_TA\data\raw\RGB2\S46\AC8\RGB2_SUB46ACT8F61.jpg,1,1,0.6490046977996826
808,46,8,91,D:\Skripsi\Experiment_TA\data\raw\RGB2\S46\AC8\RGB2_SUB46ACT8F91.jpg,1,1,0.6085243821144104
809,46,9,1,D:\Skripsi\Experiment_TA\data\raw\RGB2\S46\AC9\RGB2_SUB46ACT9F1.jpg,1,1,0.8645525574684143
810,46,9,31,D:\Skripsi\Experiment_TA\data\raw\RGB2\S46\AC9\RGB2_SUB46ACT9F31.jpg,1,1,0.6521821618080139
811,46,9,61,D:\Skripsi\Experiment_TA\data\raw\RGB2\S46\AC9\RGB2_SUB46ACT9F61.jpg,1,1,0.6353102922439575
812,47,1,1,D:\Skripsi\Experiment_TA\data\raw\RGB2\S47\AC1\RGB2_SUB47ACT1F1.jpg,0,0,0.2263416349887848
813,47,1,121,D:\Skripsi\Experiment_TA\data\raw\RGB2\S47\AC1\RGB2_SUB47ACT1F121.jpg,0,0,0.47844037413597107
814,47,1,151,D:\Skripsi\Experiment_TA\data\raw\RGB2\S47\AC1\RGB2_SUB47ACT1F151.jpg,0,0,0.39818161725997925
815,47,1,181,D:\Skripsi\Experiment_TA\data\raw\RGB2\S47\AC1\RGB2_SUB47ACT1F181.jpg,0,0,0.4622603952884674
816,47,1,31,D:\Skripsi\Experiment_TA\data\raw\RGB2\S47\AC1\RGB2_SUB47ACT1F31.jpg,0,1,0.6308213472366333
817,47,1,61,D:\Skripsi\Experiment_TA\data\raw\RGB2\S47\AC1\RGB2_SUB47ACT1F61.jpg,0,1,0.5889880657196045
818,47,1,91,D:\Skripsi\Experiment_TA\data\raw\RGB2\S47\AC1\RGB2_SUB47ACT1F91.jpg,0,1,0.6088345646858215
819,47,5,1,D:\Skripsi\Experiment_TA\data\raw\RGB2\S47\AC5\RGB2_SUB47ACT5F1.jpg,1,1,0.6684877872467041
820,47,5,31,D:\Skripsi\Experiment_TA\data\raw\RGB2\S47\AC5\RGB2_SUB47ACT5F31.jpg,1,1,0.6749570369720459
821,47,5,61,D:\Skripsi\Experiment_TA\data\raw\RGB2\S47\AC5\RGB2_SUB47ACT5F61.jpg,1,1,0.5664154887199402
822,47,5,91,D:\Skripsi\Experiment_TA\data\raw\RGB2\S47\AC5\RGB2_SUB47ACT5F91.jpg,1,1,0.7515097856521606
823,47,6,1,D:\Skripsi\Experiment_TA\data\raw\RGB2\S47\AC6\RGB2_SUB47ACT6F1.jpg,1,1,0.6186926364898682
824,47,6,31,D:\Skripsi\Experiment_TA\data\raw\RGB2\S47\AC6\RGB2_SUB47ACT6F31.jpg,1,1,0.6583220362663269
825,47,6,61,D:\Skripsi\Experiment_TA\data\raw\RGB2\S47\AC6\RGB2_SUB47ACT6F61.jpg,1,1,0.7042239308357239
826,47,6,91,D:\Skripsi\Experiment_TA\data\raw\RGB2\S47\AC6\RGB2_SUB47ACT6F91.jpg,1,1,0.8018798828125
827,47,7,1,D:\Skripsi\Experiment_TA\data\raw\RGB2\S47\AC7\RGB2_SUB47ACT7F1.jpg,1,1,0.8725085854530334
828,47,7,121,D:\Skripsi\Experiment_TA\data\raw\RGB2\S47\AC7\RGB2_SUB47ACT7F121.jpg,1,1,0.7527588605880737
829,47,7,151,D:\Skripsi\Experiment_TA\data\raw\RGB2\S47\AC7\RGB2_SUB47ACT7F151.jpg,1,1,0.8601168394088745
830,47,7,31,D:\Skripsi\Experiment_TA\data\raw\RGB2\S47\AC7\RGB2_SUB47ACT7F31.jpg,1,1,0.8219853043556213
831,47,7,61,D:\Skripsi\Experiment_TA\data\raw\RGB2\S47\AC7\RGB2_SUB47ACT7F61.jpg,1,1,0.8588928580284119
832,47,7,91,D:\Skripsi\Experiment_TA\data\raw\RGB2\S47\AC7\RGB2_SUB47ACT7F91.jpg,1,1,0.6701077222824097
833,47,8,1,D:\Skripsi\Experiment_TA\data\raw\RGB2\S47\AC8\RGB2_SUB47ACT8F1.jpg,1,1,0.6580346822738647
834,47,8,121,D:\Skripsi\Experiment_TA\data\raw\RGB2\S47\AC8\RGB2_SUB47ACT8F121.jpg,1,1,0.710223913192749
835,47,8,151,D:\Skripsi\Experiment_TA\data\raw\RGB2\S47\AC8\RGB2_SUB47ACT8F151.jpg,1,1,0.6497370600700378
836,47,8,31,D:\Skripsi\Experiment_TA\data\raw\RGB2\S47\AC8\RGB2_SUB47ACT8F31.jpg,1,1,0.6745691299438477
837,47,8,61,D:\Skripsi\Experiment_TA\data\raw\RGB2\S47\AC8\RGB2_SUB47ACT8F61.jpg,1,1,0.7567064166069031
838,47,8,91,D:\Skripsi\Experiment_TA\data\raw\RGB2\S47\AC8\RGB2_SUB47ACT8F91.jpg,1,1,0.6746395230293274
839,47,9,1,D:\Skripsi\Experiment_TA\data\raw\RGB2\S47\AC9\RGB2_SUB47ACT9F1.jpg,1,1,0.8491440415382385
840,47,9,121,D:\Skripsi\Experiment_TA\data\raw\RGB2\S47\AC9\RGB2_SUB47ACT9F121.jpg,1,1,0.7676997780799866
841,47,9,151,D:\Skripsi\Experiment_TA\data\raw\RGB2\S47\AC9\RGB2_SUB47ACT9F151.jpg,1,1,0.8330045342445374
842,47,9,31,D:\Skripsi\Experiment_TA\data\raw\RGB2\S47\AC9\RGB2_SUB47ACT9F31.jpg,1,1,0.6465649604797363
843,47,9,61,D:\Skripsi\Experiment_TA\data\raw\RGB2\S47\AC9\RGB2_SUB47ACT9F61.jpg,1,1,0.7402495741844177
844,47,9,91,D:\Skripsi\Experiment_TA\data\raw\RGB2\S47\AC9\RGB2_SUB47ACT9F91.jpg,1,1,0.7224721312522888
845,48,1,1,D:\Skripsi\Experiment_TA\data\raw\RGB2\S48\AC1\RGB2_SUB48ACT1F1.jpg,0,0,0.4590987265110016
846,48,1,121,D:\Skripsi\Experiment_TA\data\raw\RGB2\S48\AC1\RGB2_SUB48ACT1F121.jpg,0,0,0.4428636133670807
847,48,1,31,D:\Skripsi\Experiment_TA\data\raw\RGB2\S48\AC1\RGB2_SUB48ACT1F31.jpg,0,1,0.6646174788475037
848,48,1,61,D:\Skripsi\Experiment_TA\data\raw\RGB2\S48\AC1\RGB2_SUB48ACT1F61.jpg,0,1,0.8273161053657532
849,48,1,91,D:\Skripsi\Experiment_TA\data\raw\RGB2\S48\AC1\RGB2_SUB48ACT1F91.jpg,0,1,0.8431169390678406
850,48,5,1,D:\Skripsi\Experiment_TA\data\raw\RGB2\S48\AC5\RGB2_SUB48ACT5F1.jpg,1,1,0.8200507760047913
851,48,5,121,D:\Skripsi\Experiment_TA\data\raw\RGB2\S48\AC5\RGB2_SUB48ACT5F121.jpg,1,1,0.9088307619094849
852,48,5,31,D:\Skripsi\Experiment_TA\data\raw\RGB2\S48\AC5\RGB2_SUB48ACT5F31.jpg,1,1,0.8271790742874146
853,48,5,61,D:\Skripsi\Experiment_TA\data\raw\RGB2\S48\AC5\RGB2_SUB48ACT5F61.jpg,1,1,0.89960777759552
854,48,5,91,D:\Skripsi\Experiment_TA\data\raw\RGB2\S48\AC5\RGB2_SUB48ACT5F91.jpg,1,1,0.8848394751548767
855,48,6,1,D:\Skripsi\Experiment_TA\data\raw\RGB2\S48\AC6\RGB2_SUB48ACT6F1.jpg,1,1,0.6154376864433289
856,48,6,31,D:\Skripsi\Experiment_TA\data\raw\RGB2\S48\AC6\RGB2_SUB48ACT6F31.jpg,1,1,0.7517138719558716
857,48,6,61,D:\Skripsi\Experiment_TA\data\raw\RGB2\S48\AC6\RGB2_SUB48ACT6F61.jpg,1,1,0.7998031973838806
858,48,6,91,D:\Skripsi\Experiment_TA\data\raw\RGB2\S48\AC6\RGB2_SUB48ACT6F91.jpg,1,1,0.7518011927604675
859,48,7,1,D:\Skripsi\Experiment_TA\data\raw\RGB2\S48\AC7\RGB2_SUB48ACT7F1.jpg,1,1,0.6897050142288208
860,48,7,121,D:\Skripsi\Experiment_TA\data\raw\RGB2\S48\AC7\RGB2_SUB48ACT7F121.jpg,1,1,0.7840206027030945
861,48,7,151,D:\Skripsi\Experiment_TA\data\raw\RGB2\S48\AC7\RGB2_SUB48ACT7F151.jpg,1,1,0.8765655755996704
862,48,7,181,D:\Skripsi\Experiment_TA\data\raw\RGB2\S48\AC7\RGB2_SUB48ACT7F181.jpg,1,1,0.9126538634300232
863,48,7,31,D:\Skripsi\Experiment_TA\data\raw\RGB2\S48\AC7\RGB2_SUB48ACT7F31.jpg,1,1,0.862590491771698
864,48,7,61,D:\Skripsi\Experiment_TA\data\raw\RGB2\S48\AC7\RGB2_SUB48ACT7F61.jpg,1,1,0.633437991142273
865,48,7,91,D:\Skripsi\Experiment_TA\data\raw\RGB2\S48\AC7\RGB2_SUB48ACT7F91.jpg,1,1,0.8442893028259277
866,48,8,1,D:\Skripsi\Experiment_TA\data\raw\RGB2\S48\AC8\RGB2_SUB48ACT8F1.jpg,1,1,0.8742567300796509
867,48,8,121,D:\Skripsi\Experiment_TA\data\raw\RGB2\S48\AC8\RGB2_SUB48ACT8F121.jpg,1,1,0.8276455998420715
868,48,8,151,D:\Skripsi\Experiment_TA\data\raw\RGB2\S48\AC8\RGB2_SUB48ACT8F151.jpg,1,1,0.7660694718360901
869,48,8,181,D:\Skripsi\Experiment_TA\data\raw\RGB2\S48\AC8\RGB2_SUB48ACT8F181.jpg,1,1,0.7228536009788513
870,48,8,31,D:\Skripsi\Experiment_TA\data\raw\RGB2\S48\AC8\RGB2_SUB48ACT8F31.jpg,1,1,0.8369978070259094
871,48,8,61,D:\Skripsi\Experiment_TA\data\raw\RGB2\S48\AC8\RGB2_SUB48ACT8F61.jpg,1,1,0.7177960276603699
872,48,8,91,D:\Skripsi\Experiment_TA\data\raw\RGB2\S48\AC8\RGB2_SUB48ACT8F91.jpg,1,1,0.6471822261810303
873,48,9,1,D:\Skripsi\Experiment_TA\data\raw\RGB2\S48\AC9\RGB2_SUB48ACT9F1.jpg,1,1,0.9620991349220276
874,48,9,121,D:\Skripsi\Experiment_TA\data\raw\RGB2\S48\AC9\RGB2_SUB48ACT9F121.jpg,1,1,0.8917173743247986
875,48,9,151,D:\Skripsi\Experiment_TA\data\raw\RGB2\S48\AC9\RGB2_SUB48ACT9F151.jpg,1,1,0.8310425877571106
876,48,9,31,D:\Skripsi\Experiment_TA\data\raw\RGB2\S48\AC9\RGB2_SUB48ACT9F31.jpg,1,1,0.9703422784805298
877,48,9,61,D:\Skripsi\Experiment_TA\data\raw\RGB2\S48\AC9\RGB2_SUB48ACT9F61.jpg,1,1,0.9542102217674255
878,48,9,91,D:\Skripsi\Experiment_TA\data\raw\RGB2\S48\AC9\RGB2_SUB48ACT9F91.jpg,1,1,0.9909332990646362
879,49,1,1,D:\Skripsi\Experiment_TA\data\raw\RGB2\S49\AC1\RGB2_SUB49ACT1F1.jpg,0,1,0.7173117399215698
880,49,1,121,D:\Skripsi\Experiment_TA\data\raw\RGB2\S49\AC1\RGB2_SUB49ACT1F121.jpg,0,1,0.636914849281311
881,49,1,151,D:\Skripsi\Experiment_TA\data\raw\RGB2\S49\AC1\RGB2_SUB49ACT1F151.jpg,0,1,0.5890830755233765
882,49,1,31,D:\Skripsi\Experiment_TA\data\raw\RGB2\S49\AC1\RGB2_SUB49ACT1F31.jpg,0,1,0.7583817839622498
883,49,1,61,D:\Skripsi\Experiment_TA\data\raw\RGB2\S49\AC1\RGB2_SUB49ACT1F61.jpg,0,1,0.6948989629745483
884,49,1,91,D:\Skripsi\Experiment_TA\data\raw\RGB2\S49\AC1\RGB2_SUB49ACT1F91.jpg,0,1,0.6390591263771057
885,49,5,1,D:\Skripsi\Experiment_TA\data\raw\RGB2\S49\AC5\RGB2_SUB49ACT5F1.jpg,1,1,0.7435318231582642
886,49,5,121,D:\Skripsi\Experiment_TA\data\raw\RGB2\S49\AC5\RGB2_SUB49ACT5F121.jpg,1,1,0.6451519131660461
887,49,5,151,D:\Skripsi\Experiment_TA\data\raw\RGB2\S49\AC5\RGB2_SUB49ACT5F151.jpg,1,1,0.7296461462974548
888,49,5,31,D:\Skripsi\Experiment_TA\data\raw\RGB2\S49\AC5\RGB2_SUB49ACT5F31.jpg,1,1,0.7326940894126892
889,49,5,61,D:\Skripsi\Experiment_TA\data\raw\RGB2\S49\AC5\RGB2_SUB49ACT5F61.jpg,1,1,0.8404684662818909
890,49,5,91,D:\Skripsi\Experiment_TA\data\raw\RGB2\S49\AC5\RGB2_SUB49ACT5F91.jpg,1,1,0.7469099760055542
891,49,6,1,D:\Skripsi\Experiment_TA\data\raw\RGB2\S49\AC6\RGB2_SUB49ACT6F1.jpg,1,1,0.502174437046051
892,49,6,121,D:\Skripsi\Experiment_TA\data\raw\RGB2\S49\AC6\RGB2_SUB49ACT6F121.jpg,1,1,0.5090972781181335
893,49,6,151,D:\Skripsi\Experiment_TA\data\raw\RGB2\S49\AC6\RGB2_SUB49ACT6F151.jpg,1,1,0.8941938877105713
894,49,6,181,D:\Skripsi\Experiment_TA\data\raw\RGB2\S49\AC6\RGB2_SUB49ACT6F181.jpg,1,1,0.7489014267921448
895,49,6,31,D:\Skripsi\Experiment_TA\data\raw\RGB2\S49\AC6\RGB2_SUB49ACT6F31.jpg,1,1,0.6298611760139465
896,49,6,61,D:\Skripsi\Experiment_TA\data\raw\RGB2\S49\AC6\RGB2_SUB49ACT6F61.jpg,1,1,0.6124332547187805
897,49,6,91,D:\Skripsi\Experiment_TA\data\raw\RGB2\S49\AC6\RGB2_SUB49ACT6F91.jpg,1,1,0.6924429535865784
898,49,7,1,D:\Skripsi\Experiment_TA\data\raw\RGB2\S49\AC7\RGB2_SUB49ACT7F1.jpg,1,1,0.7433949112892151
899,49,7,121,D:\Skripsi\Experiment_TA\data\raw\RGB2\S49\AC7\RGB2_SUB49ACT7F121.jpg,1,1,0.8734543323516846
900,49,7,31,D:\Skripsi\Experiment_TA\data\raw\RGB2\S49\AC7\RGB2_SUB49ACT7F31.jpg,1,1,0.8903397917747498
901,49,7,61,D:\Skripsi\Experiment_TA\data\raw\RGB2\S49\AC7\RGB2_SUB49ACT7F61.jpg,1,1,0.9092482328414917
902,49,7,91,D:\Skripsi\Experiment_TA\data\raw\RGB2\S49\AC7\RGB2_SUB49ACT7F91.jpg,1,1,0.8732540607452393
903,49,8,1,D:\Skripsi\Experiment_TA\data\raw\RGB2\S49\AC8\RGB2_SUB49ACT8F1.jpg,1,1,0.7909597754478455
904,49,8,121,D:\Skripsi\Experiment_TA\data\raw\RGB2\S49\AC8\RGB2_SUB49ACT8F121.jpg,1,1,0.7097509503364563
905,49,8,151,D:\Skripsi\Experiment_TA\data\raw\RGB2\S49\AC8\RGB2_SUB49ACT8F151.jpg,1,1,0.9243617653846741
906,49,8,181,D:\Skripsi\Experiment_TA\data\raw\RGB2\S49\AC8\RGB2_SUB49ACT8F181.jpg,1,1,0.7282044291496277
907,49,8,211,D:\Skripsi\Experiment_TA\data\raw\RGB2\S49\AC8\RGB2_SUB49ACT8F211.jpg,1,1,0.5874375700950623
908,49,8,31,D:\Skripsi\Experiment_TA\data\raw\RGB2\S49\AC8\RGB2_SUB49ACT8F31.jpg,1,1,0.7527909874916077
909,49,8,61,D:\Skripsi\Experiment_TA\data\raw\RGB2\S49\AC8\RGB2_SUB49ACT8F61.jpg,1,1,0.8102300763130188
910,49,8,91,D:\Skripsi\Experiment_TA\data\raw\RGB2\S49\AC8\RGB2_SUB49ACT8F91.jpg,1,1,0.7937586903572083
911,49,9,1,D:\Skripsi\Experiment_TA\data\raw\RGB2\S49\AC9\RGB2_SUB49ACT9F1.jpg,1,1,0.8129234313964844
912,49,9,121,D:\Skripsi\Experiment_TA\data\raw\RGB2\S49\AC9\RGB2_SUB49ACT9F121.jpg,1,1,0.8497117757797241
913,49,9,151,D:\Skripsi\Experiment_TA\data\raw\RGB2\S49\AC9\RGB2_SUB49ACT9F151.jpg,1,1,0.9125972986221313
914,49,9,181,D:\Skripsi\Experiment_TA\data\raw\RGB2\S49\AC9\RGB2_SUB49ACT9F181.jpg,1,1,0.883273184299469
915,49,9,31,D:\Skripsi\Experiment_TA\data\raw\RGB2\S49\AC9\RGB2_SUB49ACT9F31.jpg,1,1,0.7853037118911743
916,49,9,61,D:\Skripsi\Experiment_TA\data\raw\RGB2\S49\AC9\RGB2_SUB49ACT9F61.jpg,1,1,0.7205725908279419
917,49,9,91,D:\Skripsi\Experiment_TA\data\raw\RGB2\S49\AC9\RGB2_SUB49ACT9F91.jpg,1,1,0.8339787125587463
918,5,1,1,D:\Skripsi\Experiment_TA\data\raw\RGB2\S5\AC1\RGB2_SUB5ACT1F1.jpg,0,0,0.18664169311523438
919,5,1,121,D:\Skripsi\Experiment_TA\data\raw\RGB2\S5\AC1\RGB2_SUB5ACT1F121.jpg,0,0,0.27100807428359985
920,5,1,31,D:\Skripsi\Experiment_TA\data\raw\RGB2\S5\AC1\RGB2_SUB5ACT1F31.jpg,0,0,0.31183627247810364
921,5,1,61,D:\Skripsi\Experiment_TA\data\raw\RGB2\S5\AC1\RGB2_SUB5ACT1F61.jpg,0,1,0.611996591091156
922,5,1,91,D:\Skripsi\Experiment_TA\data\raw\RGB2\S5\AC1\RGB2_SUB5ACT1F91.jpg,0,0,0.4329829216003418
923,5,5,1,D:\Skripsi\Experiment_TA\data\raw\RGB2\S5\AC5\RGB2_SUB5ACT5F1.jpg,1,0,0.414758563041687
924,5,5,121,D:\Skripsi\Experiment_TA\data\raw\RGB2\S5\AC5\RGB2_SUB5ACT5F121.jpg,1,1,0.7885873913764954
925,5,5,31,D:\Skripsi\Experiment_TA\data\raw\RGB2\S5\AC5\RGB2_SUB5ACT5F31.jpg,1,1,0.7605124711990356
926,5,5,61,D:\Skripsi\Experiment_TA\data\raw\RGB2\S5\AC5\RGB2_SUB5ACT5F61.jpg,1,1,0.6006507277488708
927,5,5,91,D:\Skripsi\Experiment_TA\data\raw\RGB2\S5\AC5\RGB2_SUB5ACT5F91.jpg,1,1,0.8405688405036926
928,5,6,1,D:\Skripsi\Experiment_TA\data\raw\RGB2\S5\AC6\RGB2_SUB5ACT6F1.jpg,1,1,0.8493585586547852
929,5,6,121,D:\Skripsi\Experiment_TA\data\raw\RGB2\S5\AC6\RGB2_SUB5ACT6F121.jpg,1,1,0.782595157623291
930,5,6,31,D:\Skripsi\Experiment_TA\data\raw\RGB2\S5\AC6\RGB2_SUB5ACT6F31.jpg,1,1,0.819612979888916
931,5,6,61,D:\Skripsi\Experiment_TA\data\raw\RGB2\S5\AC6\RGB2_SUB5ACT6F61.jpg,1,1,0.6027194261550903
932,5,6,91,D:\Skripsi\Experiment_TA\data\raw\RGB2\S5\AC6\RGB2_SUB5ACT6F91.jpg,1,1,0.7194198369979858
933,5,7,1,D:\Skripsi\Experiment_TA\data\raw\RGB2\S5\AC7\RGB2_SUB5ACT7F1.jpg,1,1,0.6897030472755432
934,5,7,121,D:\Skripsi\Experiment_TA\data\raw\RGB2\S5\AC7\RGB2_SUB5ACT7F121.jpg,1,1,0.9198840260505676
935,5,7,151,D:\Skripsi\Experiment_TA\data\raw\RGB2\S5\AC7\RGB2_SUB5ACT7F151.jpg,1,1,0.9469613432884216
936,5,7,31,D:\Skripsi\Experiment_TA\data\raw\RGB2\S5\AC7\RGB2_SUB5ACT7F31.jpg,1,1,0.9279224276542664
937,5,7,61,D:\Skripsi\Experiment_TA\data\raw\RGB2\S5\AC7\RGB2_SUB5ACT7F61.jpg,1,1,0.9194850325584412
938,5,7,91,D:\Skripsi\Experiment_TA\data\raw\RGB2\S5\AC7\RGB2_SUB5ACT7F91.jpg,1,1,0.7722737193107605
939,5,8,1,D:\Skripsi\Experiment_TA\data\raw\RGB2\S5\AC8\RGB2_SUB5ACT8F1.jpg,1,0,0.4126181900501251
940,5,8,121,D:\Skripsi\Experiment_TA\data\raw\RGB2\S5\AC8\RGB2_SUB5ACT8F121.jpg,1,0,0.4519396424293518
941,5,8,151,D:\Skripsi\Experiment_TA\data\raw\RGB2\S5\AC8\RGB2_SUB5ACT8F151.jpg,1,1,0.545297384262085
942,5,8,31,D:\Skripsi\Experiment_TA\data\raw\RGB2\S5\AC8\RGB2_SUB5ACT8F31.jpg,1,1,0.5628853440284729
943,5,8,61,D:\Skripsi\Experiment_TA\data\raw\RGB2\S5\AC8\RGB2_SUB5ACT8F61.jpg,1,1,0.8123626708984375
944,5,8,91,D:\Skripsi\Experiment_TA\data\raw\RGB2\S5\AC8\RGB2_SUB5ACT8F91.jpg,1,1,0.7699167728424072
945,5,9,1,D:\Skripsi\Experiment_TA\data\raw\RGB2\S5\AC9\RGB2_SUB5ACT9F1.jpg,1,1,0.5751080513000488
946,5,9,121,D:\Skripsi\Experiment_TA\data\raw\RGB2\S5\AC9\RGB2_SUB5ACT9F121.jpg,1,1,0.7989492416381836
947,5,9,151,D:\Skripsi\Experiment_TA\data\raw\RGB2\S5\AC9\RGB2_SUB5ACT9F151.jpg,1,1,0.6502575278282166
948,5,9,31,D:\Skripsi\Experiment_TA\data\raw\RGB2\S5\AC9\RGB2_SUB5ACT9F31.jpg,1,1,0.696924090385437
949,5,9,61,D:\Skripsi\Experiment_TA\data\raw\RGB2\S5\AC9\RGB2_SUB5ACT9F61.jpg,1,1,0.5997947454452515
950,5,9,91,D:\Skripsi\Experiment_TA\data\raw\RGB2\S5\AC9\RGB2_SUB5ACT9F91.jpg,1,1,0.813213586807251
951,50,1,1,D:\Skripsi\Experiment_TA\data\raw\RGB2\S50\AC1\RGB2_SUB50ACT1F1.jpg,0,1,0.6956157684326172
952,50,1,31,D:\Skripsi\Experiment_TA\data\raw\RGB2\S50\AC1\RGB2_SUB50ACT1F31.jpg,0,1,0.6048972606658936
953,50,1,61,D:\Skripsi\Experiment_TA\data\raw\RGB2\S50\AC1\RGB2_SUB50ACT1F61.jpg,0,0,0.45979955792427063
954,50,1,91,D:\Skripsi\Experiment_TA\data\raw\RGB2\S50\AC1\RGB2_SUB50ACT1F91.jpg,0,1,0.6425901055335999
955,50,5,1,D:\Skripsi\Experiment_TA\data\raw\RGB2\S50\AC5\RGB2_SUB50ACT5F1.jpg,1,1,0.8459978699684143
956,50,5,121,D:\Skripsi\Experiment_TA\data\raw\RGB2\S50\AC5\RGB2_SUB50ACT5F121.jpg,1,1,0.7484334111213684
957,50,5,31,D:\Skripsi\Experiment_TA\data\raw\RGB2\S50\AC5\RGB2_SUB50ACT5F31.jpg,1,1,0.827272355556488
958,50,5,61,D:\Skripsi\Experiment_TA\data\raw\RGB2\S50\AC5\RGB2_SUB50ACT5F61.jpg,1,1,0.6560676097869873
959,50,5,91,D:\Skripsi\Experiment_TA\data\raw\RGB2\S50\AC5\RGB2_SUB50ACT5F91.jpg,1,1,0.6103761196136475
960,50,6,1,D:\Skripsi\Experiment_TA\data\raw\RGB2\S50\AC6\RGB2_SUB50ACT6F1.jpg,1,1,0.8019015789031982
961,50,6,121,D:\Skripsi\Experiment_TA\data\raw\RGB2\S50\AC6\RGB2_SUB50ACT6F121.jpg,1,1,0.866125762462616
962,50,6,31,D:\Skripsi\Experiment_TA\data\raw\RGB2\S50\AC6\RGB2_SUB50ACT6F31.jpg,1,1,0.6297118663787842
963,50,6,61,D:\Skripsi\Experiment_TA\data\raw\RGB2\S50\AC6\RGB2_SUB50ACT6F61.jpg,1,1,0.7167423367500305
964,50,6,91,D:\Skripsi\Experiment_TA\data\raw\RGB2\S50\AC6\RGB2_SUB50ACT6F91.jpg,1,0,0.4275427758693695
965,50,7,1,D:\Skripsi\Experiment_TA\data\raw\RGB2\S50\AC7\RGB2_SUB50ACT7F1.jpg,1,1,0.7870756387710571
966,50,7,121,D:\Skripsi\Experiment_TA\data\raw\RGB2\S50\AC7\RGB2_SUB50ACT7F121.jpg,1,1,0.8855299353599548
967,50,7,31,D:\Skripsi\Experiment_TA\data\raw\RGB2\S50\AC7\RGB2_SUB50ACT7F31.jpg,1,1,0.8138946890830994
968,50,7,61,D:\Skripsi\Experiment_TA\data\raw\RGB2\S50\AC7\RGB2_SUB50ACT7F61.jpg,1,1,0.8571982383728027
969,50,7,91,D:\Skripsi\Experiment_TA\data\raw\RGB2\S50\AC7\RGB2_SUB50ACT7F91.jpg,1,1,0.8563679456710815
970,50,8,1,D:\Skripsi\Experiment_TA\data\raw\RGB2\S50\AC8\RGB2_SUB50ACT8F1.jpg,1,1,0.8496861457824707
971,50,8,121,D:\Skripsi\Experiment_TA\data\raw\RGB2\S50\AC8\RGB2_SUB50ACT8F121.jpg,1,1,0.7631891965866089
972,50,8,151,D:\Skripsi\Experiment_TA\data\raw\RGB2\S50\AC8\RGB2_SUB50ACT8F151.jpg,1,1,0.8480560183525085
973,50,8,181,D:\Skripsi\Experiment_TA\data\raw\RGB2\S50\AC8\RGB2_SUB50ACT8F181.jpg,1,1,0.8471813201904297
974,50,8,211,D:\Skripsi\Experiment_TA\data\raw\RGB2\S50\AC8\RGB2_SUB50ACT8F211.jpg,1,1,0.8232345581054688
975,50,8,31,D:\Skripsi\Experiment_TA\data\raw\RGB2\S50\AC8\RGB2_SUB50ACT8F31.jpg,1,1,0.6317336559295654
976,50,8,61,D:\Skripsi\Experiment_TA\data\raw\RGB2\S50\AC8\RGB2_SUB50ACT8F61.jpg,1,1,0.8942728042602539
977,50,8,91,D:\Skripsi\Experiment_TA\data\raw\RGB2\S50\AC8\RGB2_SUB50ACT8F91.jpg,1,1,0.8479474186897278
978,50,9,1,D:\Skripsi\Experiment_TA\data\raw\RGB2\S50\AC9\RGB2_SUB50ACT9F1.jpg,1,1,0.7636942863464355
979,50,9,121,D:\Skripsi\Experiment_TA\data\raw\RGB2\S50\AC9\RGB2_SUB50ACT9F121.jpg,1,1,0.6667028665542603
980,50,9,151,D:\Skripsi\Experiment_TA\data\raw\RGB2\S50\AC9\RGB2_SUB50ACT9F151.jpg,1,1,0.6766034364700317
981,50,9,181,D:\Skripsi\Experiment_TA\data\raw\RGB2\S50\AC9\RGB2_SUB50ACT9F181.jpg,1,1,0.5986015796661377
982,50,9,31,D:\Skripsi\Experiment_TA\data\raw\RGB2\S50\AC9\RGB2_SUB50ACT9F31.jpg,1,1,0.8242255449295044
983,50,9,61,D:\Skripsi\Experiment_TA\data\raw\RGB2\S50\AC9\RGB2_SUB50ACT9F61.jpg,1,1,0.9070242047309875
984,50,9,91,D:\Skripsi\Experiment_TA\data\raw\RGB2\S50\AC9\RGB2_SUB50ACT9F91.jpg,1,1,0.881071150302887
985,6,1,1,D:\Skripsi\Experiment_TA\data\raw\RGB2\S6\AC1\RGB2_SUB6ACT1F1.jpg,0,0,0.2259877473115921
986,6,1,121,D:\Skripsi\Experiment_TA\data\raw\RGB2\S6\AC1\RGB2_SUB6ACT1F121.jpg,0,0,0.3069525957107544
987,6,1,31,D:\Skripsi\Experiment_TA\data\raw\RGB2\S6\AC1\RGB2_SUB6ACT1F31.jpg,0,0,0.36408793926239014
988,6,1,61,D:\Skripsi\Experiment_TA\data\raw\RGB2\S6\AC1\RGB2_SUB6ACT1F61.jpg,0,0,0.30060797929763794
989,6,1,91,D:\Skripsi\Experiment_TA\data\raw\RGB2\S6\AC1\RGB2_SUB6ACT1F91.jpg,0,0,0.2335701733827591
990,6,5,1,D:\Skripsi\Experiment_TA\data\raw\RGB2\S6\AC5\RGB2_SUB6ACT5F1.jpg,1,1,0.8703359961509705
991,6,5,121,D:\Skripsi\Experiment_TA\data\raw\RGB2\S6\AC5\RGB2_SUB6ACT5F121.jpg,1,1,0.7961809635162354
992,6,5,31,D:\Skripsi\Experiment_TA\data\raw\RGB2\S6\AC5\RGB2_SUB6ACT5F31.jpg,1,1,0.9552142024040222
993,6,5,61,D:\Skripsi\Experiment_TA\data\raw\RGB2\S6\AC5\RGB2_SUB6ACT5F61.jpg,1,1,0.9575384855270386
994,6,5,91,D:\Skripsi\Experiment_TA\data\raw\RGB2\S6\AC5\RGB2_SUB6ACT5F91.jpg,1,1,0.8909241557121277
995,6,6,1,D:\Skripsi\Experiment_TA\data\raw\RGB2\S6\AC6\RGB2_SUB6ACT6F1.jpg,1,1,0.9638314843177795
996,6,6,121,D:\Skripsi\Experiment_TA\data\raw\RGB2\S6\AC6\RGB2_SUB6ACT6F121.jpg,1,1,0.9328606128692627
997,6,6,151,D:\Skripsi\Experiment_TA\data\raw\RGB2\S6\AC6\RGB2_SUB6ACT6F151.jpg,1,1,0.9464737176895142
998,6,6,31,D:\Skripsi\Experiment_TA\data\raw\RGB2\S6\AC6\RGB2_SUB6ACT6F31.jpg,1,1,0.9357480406761169
999,6,6,61,D:\Skripsi\Experiment_TA\data\raw\RGB2\S6\AC6\RGB2_SUB6ACT6F61.jpg,1,1,0.9057683944702148
1000,6,6,91,D:\Skripsi\Experiment_TA\data\raw\RGB2\S6\AC6\RGB2_SUB6ACT6F91.jpg,1,1,0.9465535879135132
1001,6,7,1,D:\Skripsi\Experiment_TA\data\raw\RGB2\S6\AC7\RGB2_SUB6ACT7F1.jpg,1,0,0.4618924856185913
1002,6,7,121,D:\Skripsi\Experiment_TA\data\raw\RGB2\S6\AC7\RGB2_SUB6ACT7F121.jpg,1,1,0.9447503089904785
1003,6,7,31,D:\Skripsi\Experiment_TA\data\raw\RGB2\S6\AC7\RGB2_SUB6ACT7F31.jpg,1,1,0.9458703398704529
1004,6,7,61,D:\Skripsi\Experiment_TA\data\raw\RGB2\S6\AC7\RGB2_SUB6ACT7F61.jpg,1,1,0.9759279489517212
1005,6,7,91,D:\Skripsi\Experiment_TA\data\raw\RGB2\S6\AC7\RGB2_SUB6ACT7F91.jpg,1,1,0.8074076771736145
1006,6,8,1,D:\Skripsi\Experiment_TA\data\raw\RGB2\S6\AC8\RGB2_SUB6ACT8F1.jpg,1,1,0.74598628282547
1007,6,8,121,D:\Skripsi\Experiment_TA\data\raw\RGB2\S6\AC8\RGB2_SUB6ACT8F121.jpg,1,1,0.992195725440979
1008,6,8,151,D:\Skripsi\Experiment_TA\data\raw\RGB2\S6\AC8\RGB2_SUB6ACT8F151.jpg,1,1,0.9917113780975342
1009,6,8,31,D:\Skripsi\Experiment_TA\data\raw\RGB2\S6\AC8\RGB2_SUB6ACT8F31.jpg,1,0,0.49474096298217773
1010,6,8,61,D:\Skripsi\Experiment_TA\data\raw\RGB2\S6\AC8\RGB2_SUB6ACT8F61.jpg,1,0,0.3593902885913849
1011,6,8,91,D:\Skripsi\Experiment_TA\data\raw\RGB2\S6\AC8\RGB2_SUB6ACT8F91.jpg,1,1,0.5160245895385742
1012,6,9,1,D:\Skripsi\Experiment_TA\data\raw\RGB2\S6\AC9\RGB2_SUB6ACT9F1.jpg,1,1,0.9323490262031555
1013,6,9,121,D:\Skripsi\Experiment_TA\data\raw\RGB2\S6\AC9\RGB2_SUB6ACT9F121.jpg,1,1,0.9302988648414612
1014,6,9,151,D:\Skripsi\Experiment_TA\data\raw\RGB2\S6\AC9\RGB2_SUB6ACT9F151.jpg,1,1,0.9241395592689514
1015,6,9,31,D:\Skripsi\Experiment_TA\data\raw\RGB2\S6\AC9\RGB2_SUB6ACT9F31.jpg,1,1,0.966797947883606
1016,6,9,61,D:\Skripsi\Experiment_TA\data\raw\RGB2\S6\AC9\RGB2_SUB6ACT9F61.jpg,1,1,0.9112603664398193
1017,6,9,91,D:\Skripsi\Experiment_TA\data\raw\RGB2\S6\AC9\RGB2_SUB6ACT9F91.jpg,1,1,0.8683657646179199
1018,7,1,1,D:\Skripsi\Experiment_TA\data\raw\RGB2\S7\AC1\RGB2_SUB7ACT1F1.jpg,0,0,0.1542850136756897
1019,7,1,121,D:\Skripsi\Experiment_TA\data\raw\RGB2\S7\AC1\RGB2_SUB7ACT1F121.jpg,0,0,0.15620578825473785
1020,7,1,31,D:\Skripsi\Experiment_TA\data\raw\RGB2\S7\AC1\RGB2_SUB7ACT1F31.jpg,0,0,0.1483553946018219
1021,7,1,61,D:\Skripsi\Experiment_TA\data\raw\RGB2\S7\AC1\RGB2_SUB7ACT1F61.jpg,0,0,0.22145475447177887
1022,7,1,91,D:\Skripsi\Experiment_TA\data\raw\RGB2\S7\AC1\RGB2_SUB7ACT1F91.jpg,0,0,0.30142104625701904
1023,7,5,1,D:\Skripsi\Experiment_TA\data\raw\RGB2\S7\AC5\RGB2_SUB7ACT5F1.jpg,1,0,0.20854739844799042
1024,7,5,121,D:\Skripsi\Experiment_TA\data\raw\RGB2\S7\AC5\RGB2_SUB7ACT5F121.jpg,1,1,0.7121891379356384
1025,7,5,31,D:\Skripsi\Experiment_TA\data\raw\RGB2\S7\AC5\RGB2_SUB7ACT5F31.jpg,1,1,0.6553165912628174
1026,7,5,61,D:\Skripsi\Experiment_TA\data\raw\RGB2\S7\AC5\RGB2_SUB7ACT5F61.jpg,1,1,0.799129068851471
1027,7,5,91,D:\Skripsi\Experiment_TA\data\raw\RGB2\S7\AC5\RGB2_SUB7ACT5F91.jpg,1,1,0.608059287071228
1028,7,6,1,D:\Skripsi\Experiment_TA\data\raw\RGB2\S7\AC6\RGB2_SUB7ACT6F1.jpg,1,1,0.5497744679450989
1029,7,6,121,D:\Skripsi\Experiment_TA\data\raw\RGB2\S7\AC6\RGB2_SUB7ACT6F121.jpg,1,0,0.39491111040115356
1030,7,6,31,D:\Skripsi\Experiment_TA\data\raw\RGB2\S7\AC6\RGB2_SUB7ACT6F31.jpg,1,0,0.4456467628479004
1031,7,6,61,D:\Skripsi\Experiment_TA\data\raw\RGB2\S7\AC6\RGB2_SUB7ACT6F61.jpg,1,1,0.5112760066986084
1032,7,6,91,D:\Skripsi\Experiment_TA\data\raw\RGB2\S7\AC6\RGB2_SUB7ACT6F91.jpg,1,0,0.38658615946769714
1033,7,7,1,D:\Skripsi\Experiment_TA\data\raw\RGB2\S7\AC7\RGB2_SUB7ACT7F1.jpg,1,0,0.15879389643669128
1034,7,7,121,D:\Skripsi\Experiment_TA\data\raw\RGB2\S7\AC7\RGB2_SUB7ACT7F121.jpg,1,1,0.7982281446456909
1035,7,7,151,D:\Skripsi\Experiment_TA\data\raw\RGB2\S7\AC7\RGB2_SUB7ACT7F151.jpg,1,1,0.8079948425292969
1036,7,7,31,D:\Skripsi\Experiment_TA\data\raw\RGB2\S7\AC7\RGB2_SUB7ACT7F31.jpg,1,1,0.7684103846549988
1037,7,7,61,D:\Skripsi\Experiment_TA\data\raw\RGB2\S7\AC7\RGB2_SUB7ACT7F61.jpg,1,1,0.908549964427948
1038,7,7,91,D:\Skripsi\Experiment_TA\data\raw\RGB2\S7\AC7\RGB2_SUB7ACT7F91.jpg,1,1,0.7765123248100281
1039,7,8,1,D:\Skripsi\Experiment_TA\data\raw\RGB2\S7\AC8\RGB2_SUB7ACT8F1.jpg,1,0,0.2375967800617218
1040,7,8,121,D:\Skripsi\Experiment_TA\data\raw\RGB2\S7\AC8\RGB2_SUB7ACT8F121.jpg,1,0,0.259933739900589
1041,7,8,31,D:\Skripsi\Experiment_TA\data\raw\RGB2\S7\AC8\RGB2_SUB7ACT8F31.jpg,1,0,0.4444521367549896
1042,7,8,61,D:\Skripsi\Experiment_TA\data\raw\RGB2\S7\AC8\RGB2_SUB7ACT8F61.jpg,1,1,0.5135670900344849
1043,7,8,91,D:\Skripsi\Experiment_TA\data\raw\RGB2\S7\AC8\RGB2_SUB7ACT8F91.jpg,1,0,0.2854783236980438
1044,7,9,1,D:\Skripsi\Experiment_TA\data\raw\RGB2\S7\AC9\RGB2_SUB7ACT9F1.jpg,1,0,0.16088853776454926
1045,7,9,121,D:\Skripsi\Experiment_TA\data\raw\RGB2\S7\AC9\RGB2_SUB7ACT9F121.jpg,1,1,0.8780035376548767
1046,7,9,31,D:\Skripsi\Experiment_TA\data\raw\RGB2\S7\AC9\RGB2_SUB7ACT9F31.jpg,1,1,0.6518397927284241
1047,7,9,61,D:\Skripsi\Experiment_TA\data\raw\RGB2\S7\AC9\RGB2_SUB7ACT9F61.jpg,1,1,0.7969737648963928
1048,7,9,91,D:\Skripsi\Experiment_TA\data\raw\RGB2\S7\AC9\RGB2_SUB7ACT9F91.jpg,1,1,0.7334877848625183
1049,9,1,1,D:\Skripsi\Experiment_TA\data\raw\RGB2\S9\AC1\RGB2_SUB9ACT1F1.jpg,0,0,0.17811131477355957
1050,9,1,121,D:\Skripsi\Experiment_TA\data\raw\RGB2\S9\AC1\RGB2_SUB9ACT1F121.jpg,0,1,0.8243979215621948
1051,9,1,151,D:\Skripsi\Experiment_TA\data\raw\RGB2\S9\AC1\RGB2_SUB9ACT1F151.jpg,0,0,0.30755704641342163
1052,9,1,31,D:\Skripsi\Experiment_TA\data\raw\RGB2\S9\AC1\RGB2_SUB9ACT1F31.jpg,0,0,0.1757717728614807
1053,9,1,61,D:\Skripsi\Experiment_TA\data\raw\RGB2\S9\AC1\RGB2_SUB9ACT1F61.jpg,0,0,0.14744031429290771
1054,9,1,91,D:\Skripsi\Experiment_TA\data\raw\RGB2\S9\AC1\RGB2_SUB9ACT1F91.jpg,0,1,0.8043839335441589
1055,9,5,1,D:\Skripsi\Experiment_TA\data\raw\RGB2\S9\AC5\RGB2_SUB9ACT5F1.jpg,1,1,0.815718948841095
1056,9,5,121,D:\Skripsi\Experiment_TA\data\raw\RGB2\S9\AC5\RGB2_SUB9ACT5F121.jpg,1,1,0.9474160075187683
1057,9,5,151,D:\Skripsi\Experiment_TA\data\raw\RGB2\S9\AC5\RGB2_SUB9ACT5F151.jpg,1,1,0.9782272577285767
1058,9,5,31,D:\Skripsi\Experiment_TA\data\raw\RGB2\S9\AC5\RGB2_SUB9ACT5F31.jpg,1,1,0.9463303089141846
1059,9,5,61,D:\Skripsi\Experiment_TA\data\raw\RGB2\S9\AC5\RGB2_SUB9ACT5F61.jpg,1,1,0.920956015586853
1060,9,5,91,D:\Skripsi\Experiment_TA\data\raw\RGB2\S9\AC5\RGB2_SUB9ACT5F91.jpg,1,1,0.9173991680145264
1061,9,6,1,D:\Skripsi\Experiment_TA\data\raw\RGB2\S9\AC6\RGB2_SUB9ACT6F1.jpg,1,1,0.7571834921836853
1062,9,6,121,D:\Skripsi\Experiment_TA\data\raw\RGB2\S9\AC6\RGB2_SUB9ACT6F121.jpg,1,1,0.7804295420646667
1063,9,6,31,D:\Skripsi\Experiment_TA\data\raw\RGB2\S9\AC6\RGB2_SUB9ACT6F31.jpg,1,1,0.7856965661048889
1064,9,6,61,D:\Skripsi\Experiment_TA\data\raw\RGB2\S9\AC6\RGB2_SUB9ACT6F61.jpg,1,1,0.6608228087425232
1065,9,6,91,D:\Skripsi\Experiment_TA\data\raw\RGB2\S9\AC6\RGB2_SUB9ACT6F91.jpg,1,1,0.7011033892631531
1066,9,7,1,D:\Skripsi\Experiment_TA\data\raw\RGB2\S9\AC7\RGB2_SUB9ACT7F1.jpg,1,1,0.593046247959137
1067,9,7,121,D:\Skripsi\Experiment_TA\data\raw\RGB2\S9\AC7\RGB2_SUB9ACT7F121.jpg,1,1,0.7226938009262085
1068,9,7,151,D:\Skripsi\Experiment_TA\data\raw\RGB2\S9\AC7\RGB2_SUB9ACT7F151.jpg,1,1,0.7981632351875305
1069,9,7,181,D:\Skripsi\Experiment_TA\data\raw\RGB2\S9\AC7\RGB2_SUB9ACT7F181.jpg,1,1,0.7529737949371338
1070,9,7,31,D:\Skripsi\Experiment_TA\data\raw\RGB2\S9\AC7\RGB2_SUB9ACT7F31.jpg,1,1,0.7774631381034851
1071,9,7,61,D:\Skripsi\Experiment_TA\data\raw\RGB2\S9\AC7\RGB2_SUB9ACT7F61.jpg,1,1,0.6473962664604187
1072,9,7,91,D:\Skripsi\Experiment_TA\data\raw\RGB2\S9\AC7\RGB2_SUB9ACT7F91.jpg,1,1,0.881783664226532
1073,9,8,1,D:\Skripsi\Experiment_TA\data\raw\RGB2\S9\AC8\RGB2_SUB9ACT8F1.jpg,1,1,0.9218652844429016
1074,9,8,121,D:\Skripsi\Experiment_TA\data\raw\RGB2\S9\AC8\RGB2_SUB9ACT8F121.jpg,1,1,0.860375702381134
1075,9,8,31,D:\Skripsi\Experiment_TA\data\raw\RGB2\S9\AC8\RGB2_SUB9ACT8F31.jpg,1,1,0.7873228192329407
1076,9,8,61,D:\Skripsi\Experiment_TA\data\raw\RGB2\S9\AC8\RGB2_SUB9ACT8F61.jpg,1,1,0.5433793663978577
1077,9,8,91,D:\Skripsi\Experiment_TA\data\raw\RGB2\S9\AC8\RGB2_SUB9ACT8F91.jpg,1,1,0.5661307573318481
1078,9,9,1,D:\Skripsi\Experiment_TA\data\raw\RGB2\S9\AC9\RGB2_SUB9ACT9F1.jpg,1,1,0.678044855594635
1079,9,9,121,D:\Skripsi\Experiment_TA\data\raw\RGB2\S9\AC9\RGB2_SUB9ACT9F121.jpg,1,1,0.8707267642021179
1080,9,9,151,D:\Skripsi\Experiment_TA\data\raw\RGB2\S9\AC9\RGB2_SUB9ACT9F151.jpg,1,1,0.7761310935020447
1081,9,9,31,D:\Skripsi\Experiment_TA\data\raw\RGB2\S9\AC9\RGB2_SUB9ACT9F31.jpg,1,1,0.7773630619049072
1082,9,9,61,D:\Skripsi\Experiment_TA\data\raw\RGB2\S9\AC9\RGB2_SUB9ACT9F61.jpg,1,1,0.8831579089164734
1083,9,9,91,D:\Skripsi\Experiment_TA\data\raw\RGB2\S9\AC9\RGB2_SUB9ACT9F91.jpg,1,1,0.8293318748474121
