row_index,subject_id,activity_id,frame,filepath,label,prediction,prob_phone
0,12,1,1,D:\Skripsi\Experiment\data\raw\RGB2\S12\AC1\RGB2_SUB12ACT1F1.jpg,0,0,0.001983602996915579
1,12,1,106,D:\Skripsi\Experiment\data\raw\RGB2\S12\AC1\RGB2_SUB12ACT1F106.jpg,0,0,0.025869546458125114
2,12,1,121,D:\Skripsi\Experiment\data\raw\RGB2\S12\AC1\RGB2_SUB12ACT1F121.jpg,0,0,0.014749227091670036
3,12,1,136,D:\Skripsi\Experiment\data\raw\RGB2\S12\AC1\RGB2_SUB12ACT1F136.jpg,0,0,0.04327445849776268
4,12,1,151,D:\Skripsi\Experiment\data\raw\RGB2\S12\AC1\RGB2_SUB12ACT1F151.jpg,0,0,0.012002639472484589
5,12,1,16,D:\Skripsi\Experiment\data\raw\RGB2\S12\AC1\RGB2_SUB12ACT1F16.jpg,0,0,0.0004640035913325846
6,12,1,31,D:\Skripsi\Experiment\data\raw\RGB2\S12\AC1\RGB2_SUB12ACT1F31.jpg,0,0,0.0013206928269937634
7,12,1,46,D:\Skripsi\Experiment\data\raw\RGB2\S12\AC1\RGB2_SUB12ACT1F46.jpg,0,0,0.0011562819126993418
8,12,1,61,D:\Skripsi\Experiment\data\raw\RGB2\S12\AC1\RGB2_SUB12ACT1F61.jpg,0,0,0.0007814401760697365
9,12,1,76,D:\Skripsi\Experiment\data\raw\RGB2\S12\AC1\RGB2_SUB12ACT1F76.jpg,0,0,0.08190896362066269
10,12,1,91,D:\Skripsi\Experiment\data\raw\RGB2\S12\AC1\RGB2_SUB12ACT1F91.jpg,0,0,0.016648607328534126
11,12,5,1,D:\Skripsi\Experiment\data\raw\RGB2\S12\AC5\RGB2_SUB12ACT5F1.jpg,1,1,0.9979483485221863
12,12,5,106,D:\Skripsi\Experiment\data\raw\RGB2\S12\AC5\RGB2_SUB12ACT5F106.jpg,1,1,0.9998006224632263
13,12,5,121,D:\Skripsi\Experiment\data\raw\RGB2\S12\AC5\RGB2_SUB12ACT5F121.jpg,1,1,0.9997432827949524
14,12,5,136,D:\Skripsi\Experiment\data\raw\RGB2\S12\AC5\RGB2_SUB12ACT5F136.jpg,1,1,0.9991061091423035
15,12,5,16,D:\Skripsi\Experiment\data\raw\RGB2\S12\AC5\RGB2_SUB12ACT5F16.jpg,1,1,0.9978577494621277
16,12,5,31,D:\Skripsi\Experiment\data\raw\RGB2\S12\AC5\RGB2_SUB12ACT5F31.jpg,1,1,0.9985003471374512
17,12,5,46,D:\Skripsi\Experiment\data\raw\RGB2\S12\AC5\RGB2_SUB12ACT5F46.jpg,1,1,0.9998632669448853
18,12,5,61,D:\Skripsi\Experiment\data\raw\RGB2\S12\AC5\RGB2_SUB12ACT5F61.jpg,1,1,0.9973588585853577
19,12,5,76,D:\Skripsi\Experiment\data\raw\RGB2\S12\AC5\RGB2_SUB12ACT5F76.jpg,1,1,0.9987398982048035
20,12,5,91,D:\Skripsi\Experiment\data\raw\RGB2\S12\AC5\RGB2_SUB12ACT5F91.jpg,1,1,0.9998217225074768
21,12,6,1,D:\Skripsi\Experiment\data\raw\RGB2\S12\AC6\RGB2_SUB12ACT6F1.jpg,1,1,0.9787052273750305
22,12,6,106,D:\Skripsi\Experiment\data\raw\RGB2\S12\AC6\RGB2_SUB12ACT6F106.jpg,1,1,0.9969782829284668
23,12,6,121,D:\Skripsi\Experiment\data\raw\RGB2\S12\AC6\RGB2_SUB12ACT6F121.jpg,1,1,0.9983229041099548
24,12,6,136,D:\Skripsi\Experiment\data\raw\RGB2\S12\AC6\RGB2_SUB12ACT6F136.jpg,1,1,0.9972113966941833
25,12,6,151,D:\Skripsi\Experiment\data\raw\RGB2\S12\AC6\RGB2_SUB12ACT6F151.jpg,1,1,0.9957979321479797
26,12,6,16,D:\Skripsi\Experiment\data\raw\RGB2\S12\AC6\RGB2_SUB12ACT6F16.jpg,1,1,0.5677728056907654
27,12,6,166,D:\Skripsi\Experiment\data\raw\RGB2\S12\AC6\RGB2_SUB12ACT6F166.jpg,1,1,0.9968087077140808
28,12,6,181,D:\Skripsi\Experiment\data\raw\RGB2\S12\AC6\RGB2_SUB12ACT6F181.jpg,1,1,0.9993293285369873
29,12,6,196,D:\Skripsi\Experiment\data\raw\RGB2\S12\AC6\RGB2_SUB12ACT6F196.jpg,1,1,0.9952124357223511
30,12,6,31,D:\Skripsi\Experiment\data\raw\RGB2\S12\AC6\RGB2_SUB12ACT6F31.jpg,1,1,0.9997414946556091
31,12,6,46,D:\Skripsi\Experiment\data\raw\RGB2\S12\AC6\RGB2_SUB12ACT6F46.jpg,1,1,0.9831321835517883
32,12,6,61,D:\Skripsi\Experiment\data\raw\RGB2\S12\AC6\RGB2_SUB12ACT6F61.jpg,1,1,0.9944069385528564
33,12,6,76,D:\Skripsi\Experiment\data\raw\RGB2\S12\AC6\RGB2_SUB12ACT6F76.jpg,1,1,0.9971824884414673
34,12,6,91,D:\Skripsi\Experiment\data\raw\RGB2\S12\AC6\RGB2_SUB12ACT6F91.jpg,1,1,0.9979631900787354
35,12,7,1,D:\Skripsi\Experiment\data\raw\RGB2\S12\AC7\RGB2_SUB12ACT7F1.jpg,1,1,0.8982499241828918
36,12,7,106,D:\Skripsi\Experiment\data\raw\RGB2\S12\AC7\RGB2_SUB12ACT7F106.jpg,1,1,0.9956335425376892
37,12,7,121,D:\Skripsi\Experiment\data\raw\RGB2\S12\AC7\RGB2_SUB12ACT7F121.jpg,1,1,0.988059937953949
38,12,7,136,D:\Skripsi\Experiment\data\raw\RGB2\S12\AC7\RGB2_SUB12ACT7F136.jpg,1,1,0.9964348077774048
39,12,7,151,D:\Skripsi\Experiment\data\raw\RGB2\S12\AC7\RGB2_SUB12ACT7F151.jpg,1,1,0.9591163396835327
40,12,7,16,D:\Skripsi\Experiment\data\raw\RGB2\S12\AC7\RGB2_SUB12ACT7F16.jpg,1,1,0.9940786361694336
41,12,7,166,D:\Skripsi\Experiment\data\raw\RGB2\S12\AC7\RGB2_SUB12ACT7F166.jpg,1,1,0.9986967444419861
42,12,7,181,D:\Skripsi\Experiment\data\raw\RGB2\S12\AC7\RGB2_SUB12ACT7F181.jpg,1,1,0.998877227306366
43,12,7,196,D:\Skripsi\Experiment\data\raw\RGB2\S12\AC7\RGB2_SUB12ACT7F196.jpg,1,1,0.9978733062744141
44,12,7,211,D:\Skripsi\Experiment\data\raw\RGB2\S12\AC7\RGB2_SUB12ACT7F211.jpg,1,1,0.9550005197525024
45,12,7,226,D:\Skripsi\Experiment\data\raw\RGB2\S12\AC7\RGB2_SUB12ACT7F226.jpg,1,1,0.9986681938171387
46,12,7,31,D:\Skripsi\Experiment\data\raw\RGB2\S12\AC7\RGB2_SUB12ACT7F31.jpg,1,1,0.9906377792358398
47,12,7,46,D:\Skripsi\Experiment\data\raw\RGB2\S12\AC7\RGB2_SUB12ACT7F46.jpg,1,1,0.999821126461029
48,12,7,61,D:\Skripsi\Experiment\data\raw\RGB2\S12\AC7\RGB2_SUB12ACT7F61.jpg,1,1,0.9860495924949646
49,12,7,76,D:\Skripsi\Experiment\data\raw\RGB2\S12\AC7\RGB2_SUB12ACT7F76.jpg,1,1,0.9953263998031616
50,12,7,91,D:\Skripsi\Experiment\data\raw\RGB2\S12\AC7\RGB2_SUB12ACT7F91.jpg,1,1,0.9989666938781738
51,12,8,1,D:\Skripsi\Experiment\data\raw\RGB2\S12\AC8\RGB2_SUB12ACT8F1.jpg,1,1,0.8497915863990784
52,12,8,106,D:\Skripsi\Experiment\data\raw\RGB2\S12\AC8\RGB2_SUB12ACT8F106.jpg,1,1,0.9969162940979004
53,12,8,121,D:\Skripsi\Experiment\data\raw\RGB2\S12\AC8\RGB2_SUB12ACT8F121.jpg,1,1,0.9950050711631775
54,12,8,136,D:\Skripsi\Experiment\data\raw\RGB2\S12\AC8\RGB2_SUB12ACT8F136.jpg,1,1,0.9956979751586914
55,12,8,151,D:\Skripsi\Experiment\data\raw\RGB2\S12\AC8\RGB2_SUB12ACT8F151.jpg,1,1,0.9977939128875732
56,12,8,16,D:\Skripsi\Experiment\data\raw\RGB2\S12\AC8\RGB2_SUB12ACT8F16.jpg,1,1,0.9983072280883789
57,12,8,31,D:\Skripsi\Experiment\data\raw\RGB2\S12\AC8\RGB2_SUB12ACT8F31.jpg,1,1,0.9973196387290955
58,12,8,46,D:\Skripsi\Experiment\data\raw\RGB2\S12\AC8\RGB2_SUB12ACT8F46.jpg,1,1,0.9985870122909546
59,12,8,61,D:\Skripsi\Experiment\data\raw\RGB2\S12\AC8\RGB2_SUB12ACT8F61.jpg,1,1,0.9987795948982239
60,12,8,76,D:\Skripsi\Experiment\data\raw\RGB2\S12\AC8\RGB2_SUB12ACT8F76.jpg,1,1,0.997586727142334
61,12,8,91,D:\Skripsi\Experiment\data\raw\RGB2\S12\AC8\RGB2_SUB12ACT8F91.jpg,1,1,0.9993079900741577
62,12,9,1,D:\Skripsi\Experiment\data\raw\RGB2\S12\AC9\RGB2_SUB12ACT9F1.jpg,1,1,0.9988083839416504
63,12,9,106,D:\Skripsi\Experiment\data\raw\RGB2\S12\AC9\RGB2_SUB12ACT9F106.jpg,1,1,0.999077558517456
64,12,9,121,D:\Skripsi\Experiment\data\raw\RGB2\S12\AC9\RGB2_SUB12ACT9F121.jpg,1,1,0.9998372793197632
65,12,9,136,D:\Skripsi\Experiment\data\raw\RGB2\S12\AC9\RGB2_SUB12ACT9F136.jpg,1,1,0.9997959733009338
66,12,9,151,D:\Skripsi\Experiment\data\raw\RGB2\S12\AC9\RGB2_SUB12ACT9F151.jpg,1,1,0.9984459280967712
67,12,9,16,D:\Skripsi\Experiment\data\raw\RGB2\S12\AC9\RGB2_SUB12ACT9F16.jpg,1,1,0.9922692179679871
68,12,9,166,D:\Skripsi\Experiment\data\raw\RGB2\S12\AC9\RGB2_SUB12ACT9F166.jpg,1,1,0.9993764758110046
69,12,9,31,D:\Skripsi\Experiment\data\raw\RGB2\S12\AC9\RGB2_SUB12ACT9F31.jpg,1,1,0.9998337030410767
70,12,9,46,D:\Skripsi\Experiment\data\raw\RGB2\S12\AC9\RGB2_SUB12ACT9F46.jpg,1,1,0.9963072538375854
71,12,9,61,D:\Skripsi\Experiment\data\raw\RGB2\S12\AC9\RGB2_SUB12ACT9F61.jpg,1,1,0.9991933703422546
72,12,9,76,D:\Skripsi\Experiment\data\raw\RGB2\S12\AC9\RGB2_SUB12ACT9F76.jpg,1,1,0.9990386962890625
73,12,9,91,D:\Skripsi\Experiment\data\raw\RGB2\S12\AC9\RGB2_SUB12ACT9F91.jpg,1,1,0.9985116124153137
74,13,1,1,D:\Skripsi\Experiment\data\raw\RGB2\S13\AC1\RGB2_SUB13ACT1F1.jpg,0,0,0.0024349866434931755
75,13,1,106,D:\Skripsi\Experiment\data\raw\RGB2\S13\AC1\RGB2_SUB13ACT1F106.jpg,0,0,0.0003375059459358454
76,13,1,121,D:\Skripsi\Experiment\data\raw\RGB2\S13\AC1\RGB2_SUB13ACT1F121.jpg,0,0,0.00031041214242577553
77,13,1,16,D:\Skripsi\Experiment\data\raw\RGB2\S13\AC1\RGB2_SUB13ACT1F16.jpg,0,0,0.001539764809422195
78,13,1,31,D:\Skripsi\Experiment\data\raw\RGB2\S13\AC1\RGB2_SUB13ACT1F31.jpg,0,0,0.00013968574057798833
79,13,1,46,D:\Skripsi\Experiment\data\raw\RGB2\S13\AC1\RGB2_SUB13ACT1F46.jpg,0,0,0.00025206172722391784
80,13,1,61,D:\Skripsi\Experiment\data\raw\RGB2\S13\AC1\RGB2_SUB13ACT1F61.jpg,0,0,0.0003904291079379618
81,13,1,76,D:\Skripsi\Experiment\data\raw\RGB2\S13\AC1\RGB2_SUB13ACT1F76.jpg,0,0,0.0003878379357047379
82,13,1,91,D:\Skripsi\Experiment\data\raw\RGB2\S13\AC1\RGB2_SUB13ACT1F91.jpg,0,0,0.00018818621174432337
83,13,5,1,D:\Skripsi\Experiment\data\raw\RGB2\S13\AC5\RGB2_SUB13ACT5F1.jpg,1,1,0.9999151229858398
84,13,5,106,D:\Skripsi\Experiment\data\raw\RGB2\S13\AC5\RGB2_SUB13ACT5F106.jpg,1,1,0.9960291385650635
85,13,5,121,D:\Skripsi\Experiment\data\raw\RGB2\S13\AC5\RGB2_SUB13ACT5F121.jpg,1,1,0.9996421337127686
86,13,5,16,D:\Skripsi\Experiment\data\raw\RGB2\S13\AC5\RGB2_SUB13ACT5F16.jpg,1,1,0.9995537400245667
87,13,5,31,D:\Skripsi\Experiment\data\raw\RGB2\S13\AC5\RGB2_SUB13ACT5F31.jpg,1,1,0.9983458518981934
88,13,5,46,D:\Skripsi\Experiment\data\raw\RGB2\S13\AC5\RGB2_SUB13ACT5F46.jpg,1,1,0.9979270696640015
89,13,5,61,D:\Skripsi\Experiment\data\raw\RGB2\S13\AC5\RGB2_SUB13ACT5F61.jpg,1,1,0.9989334940910339
90,13,5,76,D:\Skripsi\Experiment\data\raw\RGB2\S13\AC5\RGB2_SUB13ACT5F76.jpg,1,1,0.9985696077346802
91,13,5,91,D:\Skripsi\Experiment\data\raw\RGB2\S13\AC5\RGB2_SUB13ACT5F91.jpg,1,1,0.9992504715919495
92,13,6,1,D:\Skripsi\Experiment\data\raw\RGB2\S13\AC6\RGB2_SUB13ACT6F1.jpg,1,1,0.9998001456260681
93,13,6,106,D:\Skripsi\Experiment\data\raw\RGB2\S13\AC6\RGB2_SUB13ACT6F106.jpg,1,1,0.9915784597396851
94,13,6,16,D:\Skripsi\Experiment\data\raw\RGB2\S13\AC6\RGB2_SUB13ACT6F16.jpg,1,1,0.9996603727340698
95,13,6,31,D:\Skripsi\Experiment\data\raw\RGB2\S13\AC6\RGB2_SUB13ACT6F31.jpg,1,1,0.9953852295875549
96,13,6,46,D:\Skripsi\Experiment\data\raw\RGB2\S13\AC6\RGB2_SUB13ACT6F46.jpg,1,1,0.9991983771324158
97,13,6,61,D:\Skripsi\Experiment\data\raw\RGB2\S13\AC6\RGB2_SUB13ACT6F61.jpg,1,1,0.9994606375694275
98,13,6,76,D:\Skripsi\Experiment\data\raw\RGB2\S13\AC6\RGB2_SUB13ACT6F76.jpg,1,1,0.9986286163330078
99,13,6,91,D:\Skripsi\Experiment\data\raw\RGB2\S13\AC6\RGB2_SUB13ACT6F91.jpg,1,1,0.9989089965820312
100,13,7,1,D:\Skripsi\Experiment\data\raw\RGB2\S13\AC7\RGB2_SUB13ACT7F1.jpg,1,1,0.9953917264938354
101,13,7,106,D:\Skripsi\Experiment\data\raw\RGB2\S13\AC7\RGB2_SUB13ACT7F106.jpg,1,1,0.9995675683021545
102,13,7,121,D:\Skripsi\Experiment\data\raw\RGB2\S13\AC7\RGB2_SUB13ACT7F121.jpg,1,1,0.9991257786750793
103,13,7,136,D:\Skripsi\Experiment\data\raw\RGB2\S13\AC7\RGB2_SUB13ACT7F136.jpg,1,1,0.9864670634269714
104,13,7,16,D:\Skripsi\Experiment\data\raw\RGB2\S13\AC7\RGB2_SUB13ACT7F16.jpg,1,1,0.9998670816421509
105,13,7,31,D:\Skripsi\Experiment\data\raw\RGB2\S13\AC7\RGB2_SUB13ACT7F31.jpg,1,1,0.9996746778488159
106,13,7,46,D:\Skripsi\Experiment\data\raw\RGB2\S13\AC7\RGB2_SUB13ACT7F46.jpg,1,1,0.9997476935386658
107,13,7,61,D:\Skripsi\Experiment\data\raw\RGB2\S13\AC7\RGB2_SUB13ACT7F61.jpg,1,1,0.9998843669891357
108,13,7,76,D:\Skripsi\Experiment\data\raw\RGB2\S13\AC7\RGB2_SUB13ACT7F76.jpg,1,1,0.9998602867126465
109,13,7,91,D:\Skripsi\Experiment\data\raw\RGB2\S13\AC7\RGB2_SUB13ACT7F91.jpg,1,1,0.9997809529304504
110,13,8,1,D:\Skripsi\Experiment\data\raw\RGB2\S13\AC8\RGB2_SUB13ACT8F1.jpg,1,1,0.9933761954307556
111,13,8,106,D:\Skripsi\Experiment\data\raw\RGB2\S13\AC8\RGB2_SUB13ACT8F106.jpg,1,1,0.9989814162254333
112,13,8,121,D:\Skripsi\Experiment\data\raw\RGB2\S13\AC8\RGB2_SUB13ACT8F121.jpg,1,1,0.999248206615448
113,13,8,136,D:\Skripsi\Experiment\data\raw\RGB2\S13\AC8\RGB2_SUB13ACT8F136.jpg,1,1,0.9989016056060791
114,13,8,16,D:\Skripsi\Experiment\data\raw\RGB2\S13\AC8\RGB2_SUB13ACT8F16.jpg,1,1,0.999680757522583
115,13,8,31,D:\Skripsi\Experiment\data\raw\RGB2\S13\AC8\RGB2_SUB13ACT8F31.jpg,1,1,0.9988206028938293
116,13,8,46,D:\Skripsi\Experiment\data\raw\RGB2\S13\AC8\RGB2_SUB13ACT8F46.jpg,1,1,0.9993392825126648
117,13,8,61,D:\Skripsi\Experiment\data\raw\RGB2\S13\AC8\RGB2_SUB13ACT8F61.jpg,1,1,0.9998911619186401
118,13,8,76,D:\Skripsi\Experiment\data\raw\RGB2\S13\AC8\RGB2_SUB13ACT8F76.jpg,1,1,0.9958887696266174
119,13,8,91,D:\Skripsi\Experiment\data\raw\RGB2\S13\AC8\RGB2_SUB13ACT8F91.jpg,1,1,0.9980413913726807
120,13,9,1,D:\Skripsi\Experiment\data\raw\RGB2\S13\AC9\RGB2_SUB13ACT9F1.jpg,1,1,0.9965108036994934
121,13,9,106,D:\Skripsi\Experiment\data\raw\RGB2\S13\AC9\RGB2_SUB13ACT9F106.jpg,1,1,0.9989525079727173
122,13,9,121,D:\Skripsi\Experiment\data\raw\RGB2\S13\AC9\RGB2_SUB13ACT9F121.jpg,1,1,0.9989932179450989
123,13,9,136,D:\Skripsi\Experiment\data\raw\RGB2\S13\AC9\RGB2_SUB13ACT9F136.jpg,1,1,0.9777461290359497
124,13,9,151,D:\Skripsi\Experiment\data\raw\RGB2\S13\AC9\RGB2_SUB13ACT9F151.jpg,1,1,0.9916117191314697
125,13,9,16,D:\Skripsi\Experiment\data\raw\RGB2\S13\AC9\RGB2_SUB13ACT9F16.jpg,1,1,0.9842081665992737
126,13,9,166,D:\Skripsi\Experiment\data\raw\RGB2\S13\AC9\RGB2_SUB13ACT9F166.jpg,1,1,0.9889488220214844
127,13,9,181,D:\Skripsi\Experiment\data\raw\RGB2\S13\AC9\RGB2_SUB13ACT9F181.jpg,1,1,0.999840497970581
128,13,9,31,D:\Skripsi\Experiment\data\raw\RGB2\S13\AC9\RGB2_SUB13ACT9F31.jpg,1,1,0.998870313167572
129,13,9,46,D:\Skripsi\Experiment\data\raw\RGB2\S13\AC9\RGB2_SUB13ACT9F46.jpg,1,1,0.9996610879898071
130,13,9,61,D:\Skripsi\Experiment\data\raw\RGB2\S13\AC9\RGB2_SUB13ACT9F61.jpg,1,1,0.9980921149253845
131,13,9,76,D:\Skripsi\Experiment\data\raw\RGB2\S13\AC9\RGB2_SUB13ACT9F76.jpg,1,1,0.9996637105941772
132,13,9,91,D:\Skripsi\Experiment\data\raw\RGB2\S13\AC9\RGB2_SUB13ACT9F91.jpg,1,1,0.9933819770812988
133,14,1,1,D:\Skripsi\Experiment\data\raw\RGB2\S14\AC1\RGB2_SUB14ACT1F1.jpg,0,0,0.010429006069898605
134,14,1,106,D:\Skripsi\Experiment\data\raw\RGB2\S14\AC1\RGB2_SUB14ACT1F106.jpg,0,0,0.002563993213698268
135,14,1,16,D:\Skripsi\Experiment\data\raw\RGB2\S14\AC1\RGB2_SUB14ACT1F16.jpg,0,0,0.015102898702025414
136,14,1,31,D:\Skripsi\Experiment\data\raw\RGB2\S14\AC1\RGB2_SUB14ACT1F31.jpg,0,0,0.002804573392495513
137,14,1,46,D:\Skripsi\Experiment\data\raw\RGB2\S14\AC1\RGB2_SUB14ACT1F46.jpg,0,0,0.0013332449598237872
138,14,1,61,D:\Skripsi\Experiment\data\raw\RGB2\S14\AC1\RGB2_SUB14ACT1F61.jpg,0,0,0.0015864672604948282
139,14,1,76,D:\Skripsi\Experiment\data\raw\RGB2\S14\AC1\RGB2_SUB14ACT1F76.jpg,0,0,0.008838126435875893
140,14,1,91,D:\Skripsi\Experiment\data\raw\RGB2\S14\AC1\RGB2_SUB14ACT1F91.jpg,0,0,0.006351000629365444
141,14,5,1,D:\Skripsi\Experiment\data\raw\RGB2\S14\AC5\RGB2_SUB14ACT5F1.jpg,1,1,0.9974484443664551
142,14,5,106,D:\Skripsi\Experiment\data\raw\RGB2\S14\AC5\RGB2_SUB14ACT5F106.jpg,1,1,0.9985800981521606
143,14,5,121,D:\Skripsi\Experiment\data\raw\RGB2\S14\AC5\RGB2_SUB14ACT5F121.jpg,1,1,0.9993640780448914
144,14,5,16,D:\Skripsi\Experiment\data\raw\RGB2\S14\AC5\RGB2_SUB14ACT5F16.jpg,1,1,0.9988184571266174
145,14,5,31,D:\Skripsi\Experiment\data\raw\RGB2\S14\AC5\RGB2_SUB14ACT5F31.jpg,1,1,0.9999276399612427
146,14,5,46,D:\Skripsi\Experiment\data\raw\RGB2\S14\AC5\RGB2_SUB14ACT5F46.jpg,1,1,0.9997126460075378
147,14,5,61,D:\Skripsi\Experiment\data\raw\RGB2\S14\AC5\RGB2_SUB14ACT5F61.jpg,1,1,0.9998040795326233
148,14,5,76,D:\Skripsi\Experiment\data\raw\RGB2\S14\AC5\RGB2_SUB14ACT5F76.jpg,1,1,0.9991897940635681
149,14,5,91,D:\Skripsi\Experiment\data\raw\RGB2\S14\AC5\RGB2_SUB14ACT5F91.jpg,1,1,0.9997044205665588
150,14,6,1,D:\Skripsi\Experiment\data\raw\RGB2\S14\AC6\RGB2_SUB14ACT6F1.jpg,1,1,0.9913623929023743
151,14,6,106,D:\Skripsi\Experiment\data\raw\RGB2\S14\AC6\RGB2_SUB14ACT6F106.jpg,1,1,0.9984681010246277
152,14,6,16,D:\Skripsi\Experiment\data\raw\RGB2\S14\AC6\RGB2_SUB14ACT6F16.jpg,1,1,0.9982466697692871
153,14,6,31,D:\Skripsi\Experiment\data\raw\RGB2\S14\AC6\RGB2_SUB14ACT6F31.jpg,1,1,0.9991239905357361
154,14,6,46,D:\Skripsi\Experiment\data\raw\RGB2\S14\AC6\RGB2_SUB14ACT6F46.jpg,1,1,0.9652328491210938
155,14,6,61,D:\Skripsi\Experiment\data\raw\RGB2\S14\AC6\RGB2_SUB14ACT6F61.jpg,1,1,0.9945465326309204
156,14,6,76,D:\Skripsi\Experiment\data\raw\RGB2\S14\AC6\RGB2_SUB14ACT6F76.jpg,1,1,0.9995781779289246
157,14,6,91,D:\Skripsi\Experiment\data\raw\RGB2\S14\AC6\RGB2_SUB14ACT6F91.jpg,1,1,0.9995792508125305
158,14,7,1,D:\Skripsi\Experiment\data\raw\RGB2\S14\AC7\RGB2_SUB14ACT7F1.jpg,1,1,0.9991703033447266
159,14,7,106,D:\Skripsi\Experiment\data\raw\RGB2\S14\AC7\RGB2_SUB14ACT7F106.jpg,1,1,0.9996925592422485
160,14,7,16,D:\Skripsi\Experiment\data\raw\RGB2\S14\AC7\RGB2_SUB14ACT7F16.jpg,1,1,0.9996553659439087
161,14,7,31,D:\Skripsi\Experiment\data\raw\RGB2\S14\AC7\RGB2_SUB14ACT7F31.jpg,1,1,0.9974008798599243
162,14,7,46,D:\Skripsi\Experiment\data\raw\RGB2\S14\AC7\RGB2_SUB14ACT7F46.jpg,1,1,0.9994220733642578
163,14,7,61,D:\Skripsi\Experiment\data\raw\RGB2\S14\AC7\RGB2_SUB14ACT7F61.jpg,1,1,0.9999349117279053
164,14,7,76,D:\Skripsi\Experiment\data\raw\RGB2\S14\AC7\RGB2_SUB14ACT7F76.jpg,1,1,0.9982377290725708
165,14,7,91,D:\Skripsi\Experiment\data\raw\RGB2\S14\AC7\RGB2_SUB14ACT7F91.jpg,1,1,0.9996175765991211
166,14,8,1,D:\Skripsi\Experiment\data\raw\RGB2\S14\AC8\RGB2_SUB14ACT8F1.jpg,1,1,0.9962707757949829
167,14,8,106,D:\Skripsi\Experiment\data\raw\RGB2\S14\AC8\RGB2_SUB14ACT8F106.jpg,1,1,0.9996334314346313
168,14,8,121,D:\Skripsi\Experiment\data\raw\RGB2\S14\AC8\RGB2_SUB14ACT8F121.jpg,1,1,0.9954320192337036
169,14,8,136,D:\Skripsi\Experiment\data\raw\RGB2\S14\AC8\RGB2_SUB14ACT8F136.jpg,1,1,0.9986746311187744
170,14,8,16,D:\Skripsi\Experiment\data\raw\RGB2\S14\AC8\RGB2_SUB14ACT8F16.jpg,1,1,0.9932565689086914
171,14,8,31,D:\Skripsi\Experiment\data\raw\RGB2\S14\AC8\RGB2_SUB14ACT8F31.jpg,1,1,0.9988265633583069
172,14,8,46,D:\Skripsi\Experiment\data\raw\RGB2\S14\AC8\RGB2_SUB14ACT8F46.jpg,1,1,0.9993075132369995
173,14,8,61,D:\Skripsi\Experiment\data\raw\RGB2\S14\AC8\RGB2_SUB14ACT8F61.jpg,1,1,0.999117910861969
174,14,8,76,D:\Skripsi\Experiment\data\raw\RGB2\S14\AC8\RGB2_SUB14ACT8F76.jpg,1,1,0.9996329545974731
175,14,8,91,D:\Skripsi\Experiment\data\raw\RGB2\S14\AC8\RGB2_SUB14ACT8F91.jpg,1,1,0.998963475227356
176,14,9,1,D:\Skripsi\Experiment\data\raw\RGB2\S14\AC9\RGB2_SUB14ACT9F1.jpg,1,1,0.9993624091148376
177,14,9,106,D:\Skripsi\Experiment\data\raw\RGB2\S14\AC9\RGB2_SUB14ACT9F106.jpg,1,1,0.9996262788772583
178,14,9,121,D:\Skripsi\Experiment\data\raw\RGB2\S14\AC9\RGB2_SUB14ACT9F121.jpg,1,1,0.9985511898994446
179,14,9,136,D:\Skripsi\Experiment\data\raw\RGB2\S14\AC9\RGB2_SUB14ACT9F136.jpg,1,1,0.9875230193138123
180,14,9,16,D:\Skripsi\Experiment\data\raw\RGB2\S14\AC9\RGB2_SUB14ACT9F16.jpg,1,1,0.9995505213737488
181,14,9,31,D:\Skripsi\Experiment\data\raw\RGB2\S14\AC9\RGB2_SUB14ACT9F31.jpg,1,1,0.9811137318611145
182,14,9,46,D:\Skripsi\Experiment\data\raw\RGB2\S14\AC9\RGB2_SUB14ACT9F46.jpg,1,1,0.9996790885925293
183,14,9,61,D:\Skripsi\Experiment\data\raw\RGB2\S14\AC9\RGB2_SUB14ACT9F61.jpg,1,1,0.9991611242294312
184,14,9,76,D:\Skripsi\Experiment\data\raw\RGB2\S14\AC9\RGB2_SUB14ACT9F76.jpg,1,1,0.9991877675056458
185,14,9,91,D:\Skripsi\Experiment\data\raw\RGB2\S14\AC9\RGB2_SUB14ACT9F91.jpg,1,1,0.9995442032814026
186,16,1,1,D:\Skripsi\Experiment\data\raw\RGB2\S16\AC1\RGB2_SUB16ACT1F1.jpg,0,0,0.0016882778145372868
187,16,1,106,D:\Skripsi\Experiment\data\raw\RGB2\S16\AC1\RGB2_SUB16ACT1F106.jpg,0,0,0.004632430616766214
188,16,1,121,D:\Skripsi\Experiment\data\raw\RGB2\S16\AC1\RGB2_SUB16ACT1F121.jpg,0,0,0.006378648802638054
189,16,1,16,D:\Skripsi\Experiment\data\raw\RGB2\S16\AC1\RGB2_SUB16ACT1F16.jpg,0,0,0.006037827581167221
190,16,1,31,D:\Skripsi\Experiment\data\raw\RGB2\S16\AC1\RGB2_SUB16ACT1F31.jpg,0,0,0.0032666558399796486
191,16,1,46,D:\Skripsi\Experiment\data\raw\RGB2\S16\AC1\RGB2_SUB16ACT1F46.jpg,0,0,0.003519834252074361
192,16,1,61,D:\Skripsi\Experiment\data\raw\RGB2\S16\AC1\RGB2_SUB16ACT1F61.jpg,0,0,0.006452118046581745
193,16,1,76,D:\Skripsi\Experiment\data\raw\RGB2\S16\AC1\RGB2_SUB16ACT1F76.jpg,0,0,0.0015634804731234908
194,16,1,91,D:\Skripsi\Experiment\data\raw\RGB2\S16\AC1\RGB2_SUB16ACT1F91.jpg,0,0,0.004923038184642792
195,16,5,1,D:\Skripsi\Experiment\data\raw\RGB2\S16\AC5\RGB2_SUB16ACT5F1.jpg,1,1,0.9981244206428528
196,16,5,106,D:\Skripsi\Experiment\data\raw\RGB2\S16\AC5\RGB2_SUB16ACT5F106.jpg,1,1,0.9995162487030029
197,16,5,16,D:\Skripsi\Experiment\data\raw\RGB2\S16\AC5\RGB2_SUB16ACT5F16.jpg,1,1,0.9974525570869446
198,16,5,31,D:\Skripsi\Experiment\data\raw\RGB2\S16\AC5\RGB2_SUB16ACT5F31.jpg,1,1,0.9974403381347656
199,16,5,46,D:\Skripsi\Experiment\data\raw\RGB2\S16\AC5\RGB2_SUB16ACT5F46.jpg,1,1,0.9995623230934143
200,16,5,61,D:\Skripsi\Experiment\data\raw\RGB2\S16\AC5\RGB2_SUB16ACT5F61.jpg,1,1,0.9990547299385071
201,16,5,76,D:\Skripsi\Experiment\data\raw\RGB2\S16\AC5\RGB2_SUB16ACT5F76.jpg,1,1,0.9990308284759521
202,16,5,91,D:\Skripsi\Experiment\data\raw\RGB2\S16\AC5\RGB2_SUB16ACT5F91.jpg,1,1,0.9940080642700195
203,16,6,1,D:\Skripsi\Experiment\data\raw\RGB2\S16\AC6\RGB2_SUB16ACT6F1.jpg,1,1,0.9996626377105713
204,16,6,106,D:\Skripsi\Experiment\data\raw\RGB2\S16\AC6\RGB2_SUB16ACT6F106.jpg,1,1,0.9957848191261292
205,16,6,16,D:\Skripsi\Experiment\data\raw\RGB2\S16\AC6\RGB2_SUB16ACT6F16.jpg,1,1,0.9974629878997803
206,16,6,31,D:\Skripsi\Experiment\data\raw\RGB2\S16\AC6\RGB2_SUB16ACT6F31.jpg,1,1,0.9992257356643677
207,16,6,46,D:\Skripsi\Experiment\data\raw\RGB2\S16\AC6\RGB2_SUB16ACT6F46.jpg,1,1,0.9983789920806885
208,16,6,61,D:\Skripsi\Experiment\data\raw\RGB2\S16\AC6\RGB2_SUB16ACT6F61.jpg,1,1,0.9997571110725403
209,16,6,76,D:\Skripsi\Experiment\data\raw\RGB2\S16\AC6\RGB2_SUB16ACT6F76.jpg,1,1,0.9964995384216309
210,16,6,91,D:\Skripsi\Experiment\data\raw\RGB2\S16\AC6\RGB2_SUB16ACT6F91.jpg,1,1,0.9994193315505981
211,16,7,1,D:\Skripsi\Experiment\data\raw\RGB2\S16\AC7\RGB2_SUB16ACT7F1.jpg,1,1,0.9994125366210938
212,16,7,106,D:\Skripsi\Experiment\data\raw\RGB2\S16\AC7\RGB2_SUB16ACT7F106.jpg,1,1,0.9988917708396912
213,16,7,121,D:\Skripsi\Experiment\data\raw\RGB2\S16\AC7\RGB2_SUB16ACT7F121.jpg,1,1,0.9983933568000793
214,16,7,16,D:\Skripsi\Experiment\data\raw\RGB2\S16\AC7\RGB2_SUB16ACT7F16.jpg,1,1,0.99636310338974
215,16,7,31,D:\Skripsi\Experiment\data\raw\RGB2\S16\AC7\RGB2_SUB16ACT7F31.jpg,1,1,0.9998214840888977
216,16,7,46,D:\Skripsi\Experiment\data\raw\RGB2\S16\AC7\RGB2_SUB16ACT7F46.jpg,1,1,0.9975079298019409
217,16,7,61,D:\Skripsi\Experiment\data\raw\RGB2\S16\AC7\RGB2_SUB16ACT7F61.jpg,1,1,0.9987099170684814
218,16,7,76,D:\Skripsi\Experiment\data\raw\RGB2\S16\AC7\RGB2_SUB16ACT7F76.jpg,1,1,0.9997504353523254
219,16,7,91,D:\Skripsi\Experiment\data\raw\RGB2\S16\AC7\RGB2_SUB16ACT7F91.jpg,1,1,0.9985325336456299
220,16,8,1,D:\Skripsi\Experiment\data\raw\RGB2\S16\AC8\RGB2_SUB16ACT8F1.jpg,1,1,0.9998206496238708
221,16,8,106,D:\Skripsi\Experiment\data\raw\RGB2\S16\AC8\RGB2_SUB16ACT8F106.jpg,1,1,0.9998689889907837
222,16,8,121,D:\Skripsi\Experiment\data\raw\RGB2\S16\AC8\RGB2_SUB16ACT8F121.jpg,1,1,0.9996143579483032
223,16,8,16,D:\Skripsi\Experiment\data\raw\RGB2\S16\AC8\RGB2_SUB16ACT8F16.jpg,1,1,0.9991649389266968
224,16,8,31,D:\Skripsi\Experiment\data\raw\RGB2\S16\AC8\RGB2_SUB16ACT8F31.jpg,1,1,0.999786913394928
225,16,8,46,D:\Skripsi\Experiment\data\raw\RGB2\S16\AC8\RGB2_SUB16ACT8F46.jpg,1,1,0.999515175819397
226,16,8,61,D:\Skripsi\Experiment\data\raw\RGB2\S16\AC8\RGB2_SUB16ACT8F61.jpg,1,1,0.9980682730674744
227,16,8,76,D:\Skripsi\Experiment\data\raw\RGB2\S16\AC8\RGB2_SUB16ACT8F76.jpg,1,1,0.997414231300354
228,16,8,91,D:\Skripsi\Experiment\data\raw\RGB2\S16\AC8\RGB2_SUB16ACT8F91.jpg,1,1,0.9794328212738037
229,16,9,1,D:\Skripsi\Experiment\data\raw\RGB2\S16\AC9\RGB2_SUB16ACT9F1.jpg,1,1,0.9981429576873779
230,16,9,106,D:\Skripsi\Experiment\data\raw\RGB2\S16\AC9\RGB2_SUB16ACT9F106.jpg,1,1,0.9967921376228333
231,16,9,121,D:\Skripsi\Experiment\data\raw\RGB2\S16\AC9\RGB2_SUB16ACT9F121.jpg,1,1,0.9989528656005859
232,16,9,16,D:\Skripsi\Experiment\data\raw\RGB2\S16\AC9\RGB2_SUB16ACT9F16.jpg,1,1,0.9978081583976746
233,16,9,31,D:\Skripsi\Experiment\data\raw\RGB2\S16\AC9\RGB2_SUB16ACT9F31.jpg,1,1,0.9994657635688782
234,16,9,46,D:\Skripsi\Experiment\data\raw\RGB2\S16\AC9\RGB2_SUB16ACT9F46.jpg,1,1,0.9961166381835938
235,16,9,61,D:\Skripsi\Experiment\data\raw\RGB2\S16\AC9\RGB2_SUB16ACT9F61.jpg,1,1,0.9987059831619263
236,16,9,76,D:\Skripsi\Experiment\data\raw\RGB2\S16\AC9\RGB2_SUB16ACT9F76.jpg,1,1,0.9999121427536011
237,16,9,91,D:\Skripsi\Experiment\data\raw\RGB2\S16\AC9\RGB2_SUB16ACT9F91.jpg,1,1,0.9994552731513977
238,18,1,1,D:\Skripsi\Experiment\data\raw\RGB2\S18\AC1\RGB2_SUB18ACT1F1.jpg,0,0,0.0020400341600179672
239,18,1,106,D:\Skripsi\Experiment\data\raw\RGB2\S18\AC1\RGB2_SUB18ACT1F106.jpg,0,0,0.0013915328308939934
240,18,1,121,D:\Skripsi\Experiment\data\raw\RGB2\S18\AC1\RGB2_SUB18ACT1F121.jpg,0,0,0.002184544922783971
241,18,1,136,D:\Skripsi\Experiment\data\raw\RGB2\S18\AC1\RGB2_SUB18ACT1F136.jpg,0,0,0.05171538516879082
242,18,1,16,D:\Skripsi\Experiment\data\raw\RGB2\S18\AC1\RGB2_SUB18ACT1F16.jpg,0,0,0.005914908833801746
243,18,1,31,D:\Skripsi\Experiment\data\raw\RGB2\S18\AC1\RGB2_SUB18ACT1F31.jpg,0,0,0.0005773187149316072
244,18,1,46,D:\Skripsi\Experiment\data\raw\RGB2\S18\AC1\RGB2_SUB18ACT1F46.jpg,0,0,0.001906942343339324
245,18,1,61,D:\Skripsi\Experiment\data\raw\RGB2\S18\AC1\RGB2_SUB18ACT1F61.jpg,0,0,0.0010792798129841685
246,18,1,76,D:\Skripsi\Experiment\data\raw\RGB2\S18\AC1\RGB2_SUB18ACT1F76.jpg,0,0,0.0007009919499978423
247,18,1,91,D:\Skripsi\Experiment\data\raw\RGB2\S18\AC1\RGB2_SUB18ACT1F91.jpg,0,0,0.0007729785866104066
248,18,5,1,D:\Skripsi\Experiment\data\raw\RGB2\S18\AC5\RGB2_SUB18ACT5F1.jpg,1,1,0.9686550498008728
249,18,5,106,D:\Skripsi\Experiment\data\raw\RGB2\S18\AC5\RGB2_SUB18ACT5F106.jpg,1,1,0.9998366832733154
250,18,5,121,D:\Skripsi\Experiment\data\raw\RGB2\S18\AC5\RGB2_SUB18ACT5F121.jpg,1,1,0.9147599935531616
251,18,5,136,D:\Skripsi\Experiment\data\raw\RGB2\S18\AC5\RGB2_SUB18ACT5F136.jpg,1,1,0.9993742108345032
252,18,5,151,D:\Skripsi\Experiment\data\raw\RGB2\S18\AC5\RGB2_SUB18ACT5F151.jpg,1,1,0.9902397394180298
253,18,5,16,D:\Skripsi\Experiment\data\raw\RGB2\S18\AC5\RGB2_SUB18ACT5F16.jpg,1,1,0.9997798800468445
254,18,5,31,D:\Skripsi\Experiment\data\raw\RGB2\S18\AC5\RGB2_SUB18ACT5F31.jpg,1,1,0.9998815059661865
255,18,5,46,D:\Skripsi\Experiment\data\raw\RGB2\S18\AC5\RGB2_SUB18ACT5F46.jpg,1,1,0.9995304346084595
256,18,5,61,D:\Skripsi\Experiment\data\raw\RGB2\S18\AC5\RGB2_SUB18ACT5F61.jpg,1,1,0.9998124241828918
257,18,5,76,D:\Skripsi\Experiment\data\raw\RGB2\S18\AC5\RGB2_SUB18ACT5F76.jpg,1,1,0.9998505115509033
258,18,5,91,D:\Skripsi\Experiment\data\raw\RGB2\S18\AC5\RGB2_SUB18ACT5F91.jpg,1,1,0.9989491105079651
259,18,6,1,D:\Skripsi\Experiment\data\raw\RGB2\S18\AC6\RGB2_SUB18ACT6F1.jpg,1,1,0.9988176226615906
260,18,6,106,D:\Skripsi\Experiment\data\raw\RGB2\S18\AC6\RGB2_SUB18ACT6F106.jpg,1,1,0.9979786276817322
261,18,6,121,D:\Skripsi\Experiment\data\raw\RGB2\S18\AC6\RGB2_SUB18ACT6F121.jpg,1,1,0.9883963465690613
262,18,6,136,D:\Skripsi\Experiment\data\raw\RGB2\S18\AC6\RGB2_SUB18ACT6F136.jpg,1,1,0.998689591884613
263,18,6,151,D:\Skripsi\Experiment\data\raw\RGB2\S18\AC6\RGB2_SUB18ACT6F151.jpg,1,1,0.9978558421134949
264,18,6,16,D:\Skripsi\Experiment\data\raw\RGB2\S18\AC6\RGB2_SUB18ACT6F16.jpg,1,1,0.9982659220695496
265,18,6,31,D:\Skripsi\Experiment\data\raw\RGB2\S18\AC6\RGB2_SUB18ACT6F31.jpg,1,1,0.9958816766738892
266,18,6,46,D:\Skripsi\Experiment\data\raw\RGB2\S18\AC6\RGB2_SUB18ACT6F46.jpg,1,1,0.9970136880874634
267,18,6,61,D:\Skripsi\Experiment\data\raw\RGB2\S18\AC6\RGB2_SUB18ACT6F61.jpg,1,1,0.9960677623748779
268,18,6,76,D:\Skripsi\Experiment\data\raw\RGB2\S18\AC6\RGB2_SUB18ACT6F76.jpg,1,1,0.9953197836875916
269,18,6,91,D:\Skripsi\Experiment\data\raw\RGB2\S18\AC6\RGB2_SUB18ACT6F91.jpg,1,1,0.9986230134963989
270,18,7,1,D:\Skripsi\Experiment\data\raw\RGB2\S18\AC7\RGB2_SUB18ACT7F1.jpg,1,1,0.9986801743507385
271,18,7,106,D:\Skripsi\Experiment\data\raw\RGB2\S18\AC7\RGB2_SUB18ACT7F106.jpg,1,1,0.9999159574508667
272,18,7,121,D:\Skripsi\Experiment\data\raw\RGB2\S18\AC7\RGB2_SUB18ACT7F121.jpg,1,1,0.9999197721481323
273,18,7,136,D:\Skripsi\Experiment\data\raw\RGB2\S18\AC7\RGB2_SUB18ACT7F136.jpg,1,1,0.9997871518135071
274,18,7,151,D:\Skripsi\Experiment\data\raw\RGB2\S18\AC7\RGB2_SUB18ACT7F151.jpg,1,1,0.9998973608016968
275,18,7,16,D:\Skripsi\Experiment\data\raw\RGB2\S18\AC7\RGB2_SUB18ACT7F16.jpg,1,1,0.9997544884681702
276,18,7,166,D:\Skripsi\Experiment\data\raw\RGB2\S18\AC7\RGB2_SUB18ACT7F166.jpg,1,1,0.9998608827590942
277,18,7,181,D:\Skripsi\Experiment\data\raw\RGB2\S18\AC7\RGB2_SUB18ACT7F181.jpg,1,1,0.999823272228241
278,18,7,31,D:\Skripsi\Experiment\data\raw\RGB2\S18\AC7\RGB2_SUB18ACT7F31.jpg,1,1,0.9996875524520874
279,18,7,46,D:\Skripsi\Experiment\data\raw\RGB2\S18\AC7\RGB2_SUB18ACT7F46.jpg,1,1,0.999883770942688
280,18,7,61,D:\Skripsi\Experiment\data\raw\RGB2\S18\AC7\RGB2_SUB18ACT7F61.jpg,1,1,0.9992413520812988
281,18,7,76,D:\Skripsi\Experiment\data\raw\RGB2\S18\AC7\RGB2_SUB18ACT7F76.jpg,1,1,0.999570906162262
282,18,7,91,D:\Skripsi\Experiment\data\raw\RGB2\S18\AC7\RGB2_SUB18ACT7F91.jpg,1,1,0.9995312690734863
283,18,8,1,D:\Skripsi\Experiment\data\raw\RGB2\S18\AC8\RGB2_SUB18ACT8F1.jpg,1,1,0.999630331993103
284,18,8,106,D:\Skripsi\Experiment\data\raw\RGB2\S18\AC8\RGB2_SUB18ACT8F106.jpg,1,1,0.9997015595436096
285,18,8,121,D:\Skripsi\Experiment\data\raw\RGB2\S18\AC8\RGB2_SUB18ACT8F121.jpg,1,1,0.9998915195465088
286,18,8,136,D:\Skripsi\Experiment\data\raw\RGB2\S18\AC8\RGB2_SUB18ACT8F136.jpg,1,1,0.9998657703399658
287,18,8,151,D:\Skripsi\Experiment\data\raw\RGB2\S18\AC8\RGB2_SUB18ACT8F151.jpg,1,1,0.9990212917327881
288,18,8,16,D:\Skripsi\Experiment\data\raw\RGB2\S18\AC8\RGB2_SUB18ACT8F16.jpg,1,1,0.9994218349456787
289,18,8,166,D:\Skripsi\Experiment\data\raw\RGB2\S18\AC8\RGB2_SUB18ACT8F166.jpg,1,1,0.9913027286529541
290,18,8,181,D:\Skripsi\Experiment\data\raw\RGB2\S18\AC8\RGB2_SUB18ACT8F181.jpg,1,1,0.9994626641273499
291,18,8,196,D:\Skripsi\Experiment\data\raw\RGB2\S18\AC8\RGB2_SUB18ACT8F196.jpg,1,1,0.9995318651199341
292,18,8,211,D:\Skripsi\Experiment\data\raw\RGB2\S18\AC8\RGB2_SUB18ACT8F211.jpg,1,1,0.9993829727172852
293,18,8,31,D:\Skripsi\Experiment\data\raw\RGB2\S18\AC8\RGB2_SUB18ACT8F31.jpg,1,1,0.9997509121894836
294,18,8,46,D:\Skripsi\Experiment\data\raw\RGB2\S18\AC8\RGB2_SUB18ACT8F46.jpg,1,1,0.9675233960151672
295,18,8,61,D:\Skripsi\Experiment\data\raw\RGB2\S18\AC8\RGB2_SUB18ACT8F61.jpg,1,1,0.9978360533714294
296,18,8,76,D:\Skripsi\Experiment\data\raw\RGB2\S18\AC8\RGB2_SUB18ACT8F76.jpg,1,1,0.9995334148406982
297,18,8,91,D:\Skripsi\Experiment\data\raw\RGB2\S18\AC8\RGB2_SUB18ACT8F91.jpg,1,1,0.999744713306427
298,18,9,1,D:\Skripsi\Experiment\data\raw\RGB2\S18\AC9\RGB2_SUB18ACT9F1.jpg,1,1,0.9962964653968811
299,18,9,106,D:\Skripsi\Experiment\data\raw\RGB2\S18\AC9\RGB2_SUB18ACT9F106.jpg,1,1,0.9992916584014893
300,18,9,121,D:\Skripsi\Experiment\data\raw\RGB2\S18\AC9\RGB2_SUB18ACT9F121.jpg,1,1,0.9998216032981873
301,18,9,136,D:\Skripsi\Experiment\data\raw\RGB2\S18\AC9\RGB2_SUB18ACT9F136.jpg,1,1,0.9999526739120483
302,18,9,151,D:\Skripsi\Experiment\data\raw\RGB2\S18\AC9\RGB2_SUB18ACT9F151.jpg,1,1,0.9998425245285034
303,18,9,16,D:\Skripsi\Experiment\data\raw\RGB2\S18\AC9\RGB2_SUB18ACT9F16.jpg,1,1,0.9984639883041382
304,18,9,31,D:\Skripsi\Experiment\data\raw\RGB2\S18\AC9\RGB2_SUB18ACT9F31.jpg,1,1,0.9949892163276672
305,18,9,46,D:\Skripsi\Experiment\data\raw\RGB2\S18\AC9\RGB2_SUB18ACT9F46.jpg,1,1,0.9994146823883057
306,18,9,61,D:\Skripsi\Experiment\data\raw\RGB2\S18\AC9\RGB2_SUB18ACT9F61.jpg,1,1,0.9902161359786987
307,18,9,76,D:\Skripsi\Experiment\data\raw\RGB2\S18\AC9\RGB2_SUB18ACT9F76.jpg,1,1,0.9978129863739014
308,18,9,91,D:\Skripsi\Experiment\data\raw\RGB2\S18\AC9\RGB2_SUB18ACT9F91.jpg,1,1,0.9989547729492188
309,19,1,1,D:\Skripsi\Experiment\data\raw\RGB2\S19\AC1\RGB2_SUB19ACT1F1.jpg,0,0,0.0026556220836937428
310,19,1,106,D:\Skripsi\Experiment\data\raw\RGB2\S19\AC1\RGB2_SUB19ACT1F106.jpg,0,0,0.020442089065909386
311,19,1,121,D:\Skripsi\Experiment\data\raw\RGB2\S19\AC1\RGB2_SUB19ACT1F121.jpg,0,0,0.013723526149988174
312,19,1,16,D:\Skripsi\Experiment\data\raw\RGB2\S19\AC1\RGB2_SUB19ACT1F16.jpg,0,0,0.003301213728263974
313,19,1,31,D:\Skripsi\Experiment\data\raw\RGB2\S19\AC1\RGB2_SUB19ACT1F31.jpg,0,0,0.0049953400157392025
314,19,1,46,D:\Skripsi\Experiment\data\raw\RGB2\S19\AC1\RGB2_SUB19ACT1F46.jpg,0,0,0.010465363040566444
315,19,1,61,D:\Skripsi\Experiment\data\raw\RGB2\S19\AC1\RGB2_SUB19ACT1F61.jpg,0,0,0.005356196314096451
316,19,1,76,D:\Skripsi\Experiment\data\raw\RGB2\S19\AC1\RGB2_SUB19ACT1F76.jpg,0,0,0.0028916371520608664
317,19,1,91,D:\Skripsi\Experiment\data\raw\RGB2\S19\AC1\RGB2_SUB19ACT1F91.jpg,0,0,0.03793022781610489
318,19,5,1,D:\Skripsi\Experiment\data\raw\RGB2\S19\AC5\RGB2_SUB19ACT5F1.jpg,1,1,0.9997281432151794
319,19,5,106,D:\Skripsi\Experiment\data\raw\RGB2\S19\AC5\RGB2_SUB19ACT5F106.jpg,1,1,0.9996702671051025
320,19,5,16,D:\Skripsi\Experiment\data\raw\RGB2\S19\AC5\RGB2_SUB19ACT5F16.jpg,1,1,0.9991880059242249
321,19,5,31,D:\Skripsi\Experiment\data\raw\RGB2\S19\AC5\RGB2_SUB19ACT5F31.jpg,1,1,0.9994667172431946
322,19,5,46,D:\Skripsi\Experiment\data\raw\RGB2\S19\AC5\RGB2_SUB19ACT5F46.jpg,1,1,0.9997873902320862
323,19,5,61,D:\Skripsi\Experiment\data\raw\RGB2\S19\AC5\RGB2_SUB19ACT5F61.jpg,1,1,0.9998155236244202
324,19,5,76,D:\Skripsi\Experiment\data\raw\RGB2\S19\AC5\RGB2_SUB19ACT5F76.jpg,1,1,0.9994176626205444
325,19,5,91,D:\Skripsi\Experiment\data\raw\RGB2\S19\AC5\RGB2_SUB19ACT5F91.jpg,1,1,0.9993928670883179
326,19,6,1,D:\Skripsi\Experiment\data\raw\RGB2\S19\AC6\RGB2_SUB19ACT6F1.jpg,1,1,0.9748725891113281
327,19,6,106,D:\Skripsi\Experiment\data\raw\RGB2\S19\AC6\RGB2_SUB19ACT6F106.jpg,1,1,0.9983695149421692
328,19,6,121,D:\Skripsi\Experiment\data\raw\RGB2\S19\AC6\RGB2_SUB19ACT6F121.jpg,1,1,0.9983726143836975
329,19,6,16,D:\Skripsi\Experiment\data\raw\RGB2\S19\AC6\RGB2_SUB19ACT6F16.jpg,1,1,0.9987428784370422
330,19,6,31,D:\Skripsi\Experiment\data\raw\RGB2\S19\AC6\RGB2_SUB19ACT6F31.jpg,1,1,0.9988516569137573
331,19,6,46,D:\Skripsi\Experiment\data\raw\RGB2\S19\AC6\RGB2_SUB19ACT6F46.jpg,1,1,0.9995388984680176
332,19,6,61,D:\Skripsi\Experiment\data\raw\RGB2\S19\AC6\RGB2_SUB19ACT6F61.jpg,1,1,0.9986055493354797
333,19,6,76,D:\Skripsi\Experiment\data\raw\RGB2\S19\AC6\RGB2_SUB19ACT6F76.jpg,1,1,0.9984325766563416
334,19,6,91,D:\Skripsi\Experiment\data\raw\RGB2\S19\AC6\RGB2_SUB19ACT6F91.jpg,1,1,0.9991126656532288
335,19,7,1,D:\Skripsi\Experiment\data\raw\RGB2\S19\AC7\RGB2_SUB19ACT7F1.jpg,1,1,0.9995651841163635
336,19,7,106,D:\Skripsi\Experiment\data\raw\RGB2\S19\AC7\RGB2_SUB19ACT7F106.jpg,1,1,0.9997827410697937
337,19,7,121,D:\Skripsi\Experiment\data\raw\RGB2\S19\AC7\RGB2_SUB19ACT7F121.jpg,1,1,0.9995392560958862
338,19,7,136,D:\Skripsi\Experiment\data\raw\RGB2\S19\AC7\RGB2_SUB19ACT7F136.jpg,1,1,0.9998217225074768
339,19,7,16,D:\Skripsi\Experiment\data\raw\RGB2\S19\AC7\RGB2_SUB19ACT7F16.jpg,1,1,0.9994925260543823
340,19,7,31,D:\Skripsi\Experiment\data\raw\RGB2\S19\AC7\RGB2_SUB19ACT7F31.jpg,1,1,0.9995042085647583
341,19,7,46,D:\Skripsi\Experiment\data\raw\RGB2\S19\AC7\RGB2_SUB19ACT7F46.jpg,1,1,0.9994137287139893
342,19,7,61,D:\Skripsi\Experiment\data\raw\RGB2\S19\AC7\RGB2_SUB19ACT7F61.jpg,1,1,0.9996986389160156
343,19,7,76,D:\Skripsi\Experiment\data\raw\RGB2\S19\AC7\RGB2_SUB19ACT7F76.jpg,1,1,0.9991289973258972
344,19,7,91,D:\Skripsi\Experiment\data\raw\RGB2\S19\AC7\RGB2_SUB19ACT7F91.jpg,1,1,0.9996718168258667
345,19,8,1,D:\Skripsi\Experiment\data\raw\RGB2\S19\AC8\RGB2_SUB19ACT8F1.jpg,1,1,0.9997673630714417
346,19,8,106,D:\Skripsi\Experiment\data\raw\RGB2\S19\AC8\RGB2_SUB19ACT8F106.jpg,1,1,0.999945878982544
347,19,8,121,D:\Skripsi\Experiment\data\raw\RGB2\S19\AC8\RGB2_SUB19ACT8F121.jpg,1,1,0.9995213747024536
348,19,8,136,D:\Skripsi\Experiment\data\raw\RGB2\S19\AC8\RGB2_SUB19ACT8F136.jpg,1,1,0.9998152852058411
349,19,8,151,D:\Skripsi\Experiment\data\raw\RGB2\S19\AC8\RGB2_SUB19ACT8F151.jpg,1,1,0.9997121691703796
350,19,8,16,D:\Skripsi\Experiment\data\raw\RGB2\S19\AC8\RGB2_SUB19ACT8F16.jpg,1,1,0.9977244734764099
351,19,8,31,D:\Skripsi\Experiment\data\raw\RGB2\S19\AC8\RGB2_SUB19ACT8F31.jpg,1,1,0.9997022747993469
352,19,8,46,D:\Skripsi\Experiment\data\raw\RGB2\S19\AC8\RGB2_SUB19ACT8F46.jpg,1,1,0.9994346499443054
353,19,8,61,D:\Skripsi\Experiment\data\raw\RGB2\S19\AC8\RGB2_SUB19ACT8F61.jpg,1,1,0.9998167157173157
354,19,8,76,D:\Skripsi\Experiment\data\raw\RGB2\S19\AC8\RGB2_SUB19ACT8F76.jpg,1,1,0.9993129968643188
355,19,8,91,D:\Skripsi\Experiment\data\raw\RGB2\S19\AC8\RGB2_SUB19ACT8F91.jpg,1,1,0.9983844757080078
356,19,9,1,D:\Skripsi\Experiment\data\raw\RGB2\S19\AC9\RGB2_SUB19ACT9F1.jpg,1,1,0.9869436025619507
357,19,9,16,D:\Skripsi\Experiment\data\raw\RGB2\S19\AC9\RGB2_SUB19ACT9F16.jpg,1,1,0.9981822967529297
358,19,9,31,D:\Skripsi\Experiment\data\raw\RGB2\S19\AC9\RGB2_SUB19ACT9F31.jpg,1,1,0.9950804710388184
359,19,9,46,D:\Skripsi\Experiment\data\raw\RGB2\S19\AC9\RGB2_SUB19ACT9F46.jpg,1,1,0.9931073784828186
360,19,9,61,D:\Skripsi\Experiment\data\raw\RGB2\S19\AC9\RGB2_SUB19ACT9F61.jpg,1,1,0.9942387342453003
361,19,9,76,D:\Skripsi\Experiment\data\raw\RGB2\S19\AC9\RGB2_SUB19ACT9F76.jpg,1,1,0.997794508934021
362,19,9,91,D:\Skripsi\Experiment\data\raw\RGB2\S19\AC9\RGB2_SUB19ACT9F91.jpg,1,1,0.9998156428337097
363,23,1,1,D:\Skripsi\Experiment\data\raw\RGB2\S23\AC1\RGB2_SUB23ACT1F1.jpg,0,0,0.005782727152109146
364,23,1,106,D:\Skripsi\Experiment\data\raw\RGB2\S23\AC1\RGB2_SUB23ACT1F106.jpg,0,0,0.006731767673045397
365,23,1,121,D:\Skripsi\Experiment\data\raw\RGB2\S23\AC1\RGB2_SUB23ACT1F121.jpg,0,0,0.002208766993135214
366,23,1,136,D:\Skripsi\Experiment\data\raw\RGB2\S23\AC1\RGB2_SUB23ACT1F136.jpg,0,0,0.0032522454857826233
367,23,1,16,D:\Skripsi\Experiment\data\raw\RGB2\S23\AC1\RGB2_SUB23ACT1F16.jpg,0,0,0.003260690253227949
368,23,1,31,D:\Skripsi\Experiment\data\raw\RGB2\S23\AC1\RGB2_SUB23ACT1F31.jpg,0,0,0.0017572046490386128
369,23,1,46,D:\Skripsi\Experiment\data\raw\RGB2\S23\AC1\RGB2_SUB23ACT1F46.jpg,0,0,0.0007484168745577335
370,23,1,61,D:\Skripsi\Experiment\data\raw\RGB2\S23\AC1\RGB2_SUB23ACT1F61.jpg,0,0,0.005026273895055056
371,23,1,76,D:\Skripsi\Experiment\data\raw\RGB2\S23\AC1\RGB2_SUB23ACT1F76.jpg,0,0,0.0022255522198975086
372,23,1,91,D:\Skripsi\Experiment\data\raw\RGB2\S23\AC1\RGB2_SUB23ACT1F91.jpg,0,0,0.0037109162658452988
373,23,5,1,D:\Skripsi\Experiment\data\raw\RGB2\S23\AC5\RGB2_SUB23ACT5F1.jpg,1,1,0.9999135732650757
374,23,5,106,D:\Skripsi\Experiment\data\raw\RGB2\S23\AC5\RGB2_SUB23ACT5F106.jpg,1,1,0.9998456239700317
375,23,5,121,D:\Skripsi\Experiment\data\raw\RGB2\S23\AC5\RGB2_SUB23ACT5F121.jpg,1,1,0.9990552067756653
376,23,5,136,D:\Skripsi\Experiment\data\raw\RGB2\S23\AC5\RGB2_SUB23ACT5F136.jpg,1,1,0.9961976408958435
377,23,5,16,D:\Skripsi\Experiment\data\raw\RGB2\S23\AC5\RGB2_SUB23ACT5F16.jpg,1,1,0.9976508021354675
378,23,5,31,D:\Skripsi\Experiment\data\raw\RGB2\S23\AC5\RGB2_SUB23ACT5F31.jpg,1,1,0.999736487865448
379,23,5,46,D:\Skripsi\Experiment\data\raw\RGB2\S23\AC5\RGB2_SUB23ACT5F46.jpg,1,1,0.9995895028114319
380,23,5,61,D:\Skripsi\Experiment\data\raw\RGB2\S23\AC5\RGB2_SUB23ACT5F61.jpg,1,1,0.9999264478683472
381,23,5,76,D:\Skripsi\Experiment\data\raw\RGB2\S23\AC5\RGB2_SUB23ACT5F76.jpg,1,1,0.9995068311691284
382,23,5,91,D:\Skripsi\Experiment\data\raw\RGB2\S23\AC5\RGB2_SUB23ACT5F91.jpg,1,1,0.9991825222969055
383,23,6,1,D:\Skripsi\Experiment\data\raw\RGB2\S23\AC6\RGB2_SUB23ACT6F1.jpg,1,1,0.9997528195381165
384,23,6,106,D:\Skripsi\Experiment\data\raw\RGB2\S23\AC6\RGB2_SUB23ACT6F106.jpg,1,1,0.9998629093170166
385,23,6,121,D:\Skripsi\Experiment\data\raw\RGB2\S23\AC6\RGB2_SUB23ACT6F121.jpg,1,1,0.9999136924743652
386,23,6,16,D:\Skripsi\Experiment\data\raw\RGB2\S23\AC6\RGB2_SUB23ACT6F16.jpg,1,1,0.9990310668945312
387,23,6,31,D:\Skripsi\Experiment\data\raw\RGB2\S23\AC6\RGB2_SUB23ACT6F31.jpg,1,1,0.99956876039505
388,23,6,46,D:\Skripsi\Experiment\data\raw\RGB2\S23\AC6\RGB2_SUB23ACT6F46.jpg,1,1,0.9989688396453857
389,23,6,61,D:\Skripsi\Experiment\data\raw\RGB2\S23\AC6\RGB2_SUB23ACT6F61.jpg,1,1,0.9905120730400085
390,23,6,76,D:\Skripsi\Experiment\data\raw\RGB2\S23\AC6\RGB2_SUB23ACT6F76.jpg,1,1,0.9966965913772583
391,23,6,91,D:\Skripsi\Experiment\data\raw\RGB2\S23\AC6\RGB2_SUB23ACT6F91.jpg,1,1,0.9991746544837952
392,23,7,1,D:\Skripsi\Experiment\data\raw\RGB2\S23\AC7\RGB2_SUB23ACT7F1.jpg,1,1,0.99189692735672
393,23,7,106,D:\Skripsi\Experiment\data\raw\RGB2\S23\AC7\RGB2_SUB23ACT7F106.jpg,1,1,0.9998370409011841
394,23,7,121,D:\Skripsi\Experiment\data\raw\RGB2\S23\AC7\RGB2_SUB23ACT7F121.jpg,1,1,0.9994351267814636
395,23,7,136,D:\Skripsi\Experiment\data\raw\RGB2\S23\AC7\RGB2_SUB23ACT7F136.jpg,1,1,0.9993851184844971
396,23,7,16,D:\Skripsi\Experiment\data\raw\RGB2\S23\AC7\RGB2_SUB23ACT7F16.jpg,1,1,0.9992274045944214
397,23,7,31,D:\Skripsi\Experiment\data\raw\RGB2\S23\AC7\RGB2_SUB23ACT7F31.jpg,1,1,0.9995235204696655
398,23,7,46,D:\Skripsi\Experiment\data\raw\RGB2\S23\AC7\RGB2_SUB23ACT7F46.jpg,1,1,0.9997585415840149
399,23,7,61,D:\Skripsi\Experiment\data\raw\RGB2\S23\AC7\RGB2_SUB23ACT7F61.jpg,1,1,0.9998482465744019
400,23,7,76,D:\Skripsi\Experiment\data\raw\RGB2\S23\AC7\RGB2_SUB23ACT7F76.jpg,1,1,0.9998449087142944
401,23,7,91,D:\Skripsi\Experiment\data\raw\RGB2\S23\AC7\RGB2_SUB23ACT7F91.jpg,1,1,0.9998793601989746
402,23,8,1,D:\Skripsi\Experiment\data\raw\RGB2\S23\AC8\RGB2_SUB23ACT8F1.jpg,1,1,0.999954104423523
403,23,8,106,D:\Skripsi\Experiment\data\raw\RGB2\S23\AC8\RGB2_SUB23ACT8F106.jpg,1,1,0.9991028308868408
404,23,8,121,D:\Skripsi\Experiment\data\raw\RGB2\S23\AC8\RGB2_SUB23ACT8F121.jpg,1,1,0.9906710386276245
405,23,8,136,D:\Skripsi\Experiment\data\raw\RGB2\S23\AC8\RGB2_SUB23ACT8F136.jpg,1,1,0.9976430535316467
406,23,8,16,D:\Skripsi\Experiment\data\raw\RGB2\S23\AC8\RGB2_SUB23ACT8F16.jpg,1,1,0.999616265296936
407,23,8,31,D:\Skripsi\Experiment\data\raw\RGB2\S23\AC8\RGB2_SUB23ACT8F31.jpg,1,1,0.9995104074478149
408,23,8,46,D:\Skripsi\Experiment\data\raw\RGB2\S23\AC8\RGB2_SUB23ACT8F46.jpg,1,1,0.9999756813049316
409,23,8,61,D:\Skripsi\Experiment\data\raw\RGB2\S23\AC8\RGB2_SUB23ACT8F61.jpg,1,1,0.9997101426124573
410,23,8,76,D:\Skripsi\Experiment\data\raw\RGB2\S23\AC8\RGB2_SUB23ACT8F76.jpg,1,1,0.999811589717865
411,23,8,91,D:\Skripsi\Experiment\data\raw\RGB2\S23\AC8\RGB2_SUB23ACT8F91.jpg,1,1,0.999850869178772
412,23,9,1,D:\Skripsi\Experiment\data\raw\RGB2\S23\AC9\RGB2_SUB23ACT9F1.jpg,1,1,0.9990384578704834
413,23,9,106,D:\Skripsi\Experiment\data\raw\RGB2\S23\AC9\RGB2_SUB23ACT9F106.jpg,1,1,0.9988512992858887
414,23,9,121,D:\Skripsi\Experiment\data\raw\RGB2\S23\AC9\RGB2_SUB23ACT9F121.jpg,1,1,0.9984614849090576
415,23,9,136,D:\Skripsi\Experiment\data\raw\RGB2\S23\AC9\RGB2_SUB23ACT9F136.jpg,1,1,0.9989001750946045
416,23,9,16,D:\Skripsi\Experiment\data\raw\RGB2\S23\AC9\RGB2_SUB23ACT9F16.jpg,1,1,0.9983090162277222
417,23,9,31,D:\Skripsi\Experiment\data\raw\RGB2\S23\AC9\RGB2_SUB23ACT9F31.jpg,1,1,0.9978908896446228
418,23,9,46,D:\Skripsi\Experiment\data\raw\RGB2\S23\AC9\RGB2_SUB23ACT9F46.jpg,1,1,0.9991745352745056
419,23,9,61,D:\Skripsi\Experiment\data\raw\RGB2\S23\AC9\RGB2_SUB23ACT9F61.jpg,1,1,0.9521109461784363
420,23,9,76,D:\Skripsi\Experiment\data\raw\RGB2\S23\AC9\RGB2_SUB23ACT9F76.jpg,1,1,0.999640941619873
421,23,9,91,D:\Skripsi\Experiment\data\raw\RGB2\S23\AC9\RGB2_SUB23ACT9F91.jpg,1,1,0.9973587393760681
422,24,1,1,D:\Skripsi\Experiment\data\raw\RGB2\S24\AC1\RGB2_SUB24ACT1F1.jpg,0,0,0.0033405213616788387
423,24,1,106,D:\Skripsi\Experiment\data\raw\RGB2\S24\AC1\RGB2_SUB24ACT1F106.jpg,0,0,0.0018586957594379783
424,24,1,16,D:\Skripsi\Experiment\data\raw\RGB2\S24\AC1\RGB2_SUB24ACT1F16.jpg,0,0,0.00628248555585742
425,24,1,31,D:\Skripsi\Experiment\data\raw\RGB2\S24\AC1\RGB2_SUB24ACT1F31.jpg,0,0,0.0010574451880529523
426,24,1,46,D:\Skripsi\Experiment\data\raw\RGB2\S24\AC1\RGB2_SUB24ACT1F46.jpg,0,0,0.001664993236772716
427,24,1,61,D:\Skripsi\Experiment\data\raw\RGB2\S24\AC1\RGB2_SUB24ACT1F61.jpg,0,0,0.005901001859456301
428,24,1,76,D:\Skripsi\Experiment\data\raw\RGB2\S24\AC1\RGB2_SUB24ACT1F76.jpg,0,0,0.003239290090277791
429,24,1,91,D:\Skripsi\Experiment\data\raw\RGB2\S24\AC1\RGB2_SUB24ACT1F91.jpg,0,0,0.0029366547241806984
430,24,5,1,D:\Skripsi\Experiment\data\raw\RGB2\S24\AC5\RGB2_SUB24ACT5F1.jpg,1,1,0.9991556406021118
431,24,5,106,D:\Skripsi\Experiment\data\raw\RGB2\S24\AC5\RGB2_SUB24ACT5F106.jpg,1,1,0.9997915625572205
432,24,5,16,D:\Skripsi\Experiment\data\raw\RGB2\S24\AC5\RGB2_SUB24ACT5F16.jpg,1,1,0.9919347763061523
433,24,5,31,D:\Skripsi\Experiment\data\raw\RGB2\S24\AC5\RGB2_SUB24ACT5F31.jpg,1,1,0.999763548374176
434,24,5,46,D:\Skripsi\Experiment\data\raw\RGB2\S24\AC5\RGB2_SUB24ACT5F46.jpg,1,1,0.9998041987419128
435,24,5,61,D:\Skripsi\Experiment\data\raw\RGB2\S24\AC5\RGB2_SUB24ACT5F61.jpg,1,1,0.9997192025184631
436,24,5,76,D:\Skripsi\Experiment\data\raw\RGB2\S24\AC5\RGB2_SUB24ACT5F76.jpg,1,1,0.9996602535247803
437,24,5,91,D:\Skripsi\Experiment\data\raw\RGB2\S24\AC5\RGB2_SUB24ACT5F91.jpg,1,1,0.9983636736869812
438,24,6,1,D:\Skripsi\Experiment\data\raw\RGB2\S24\AC6\RGB2_SUB24ACT6F1.jpg,1,1,0.9997184872627258
439,24,6,16,D:\Skripsi\Experiment\data\raw\RGB2\S24\AC6\RGB2_SUB24ACT6F16.jpg,1,1,0.9998395442962646
440,24,6,31,D:\Skripsi\Experiment\data\raw\RGB2\S24\AC6\RGB2_SUB24ACT6F31.jpg,1,1,0.9996238946914673
441,24,6,46,D:\Skripsi\Experiment\data\raw\RGB2\S24\AC6\RGB2_SUB24ACT6F46.jpg,1,1,0.9997920393943787
442,24,6,61,D:\Skripsi\Experiment\data\raw\RGB2\S24\AC6\RGB2_SUB24ACT6F61.jpg,1,1,0.999428927898407
443,24,6,76,D:\Skripsi\Experiment\data\raw\RGB2\S24\AC6\RGB2_SUB24ACT6F76.jpg,1,1,0.9997370839118958
444,24,6,91,D:\Skripsi\Experiment\data\raw\RGB2\S24\AC6\RGB2_SUB24ACT6F91.jpg,1,1,0.9997804760932922
445,24,7,1,D:\Skripsi\Experiment\data\raw\RGB2\S24\AC7\RGB2_SUB24ACT7F1.jpg,1,1,0.9996168613433838
446,24,7,106,D:\Skripsi\Experiment\data\raw\RGB2\S24\AC7\RGB2_SUB24ACT7F106.jpg,1,1,0.9990345239639282
447,24,7,121,D:\Skripsi\Experiment\data\raw\RGB2\S24\AC7\RGB2_SUB24ACT7F121.jpg,1,1,0.9995675683021545
448,24,7,136,D:\Skripsi\Experiment\data\raw\RGB2\S24\AC7\RGB2_SUB24ACT7F136.jpg,1,1,0.9996564388275146
449,24,7,151,D:\Skripsi\Experiment\data\raw\RGB2\S24\AC7\RGB2_SUB24ACT7F151.jpg,1,1,0.997552216053009
450,24,7,16,D:\Skripsi\Experiment\data\raw\RGB2\S24\AC7\RGB2_SUB24ACT7F16.jpg,1,1,0.9990090131759644
451,24,7,31,D:\Skripsi\Experiment\data\raw\RGB2\S24\AC7\RGB2_SUB24ACT7F31.jpg,1,1,0.9856022000312805
452,24,7,46,D:\Skripsi\Experiment\data\raw\RGB2\S24\AC7\RGB2_SUB24ACT7F46.jpg,1,1,0.9995705485343933
453,24,7,61,D:\Skripsi\Experiment\data\raw\RGB2\S24\AC7\RGB2_SUB24ACT7F61.jpg,1,1,0.999933123588562
454,24,7,76,D:\Skripsi\Experiment\data\raw\RGB2\S24\AC7\RGB2_SUB24ACT7F76.jpg,1,1,0.999805748462677
455,24,7,91,D:\Skripsi\Experiment\data\raw\RGB2\S24\AC7\RGB2_SUB24ACT7F91.jpg,1,1,0.9997947812080383
456,24,8,1,D:\Skripsi\Experiment\data\raw\RGB2\S24\AC8\RGB2_SUB24ACT8F1.jpg,1,1,0.9995751976966858
457,24,8,106,D:\Skripsi\Experiment\data\raw\RGB2\S24\AC8\RGB2_SUB24ACT8F106.jpg,1,1,0.9994082450866699
458,24,8,121,D:\Skripsi\Experiment\data\raw\RGB2\S24\AC8\RGB2_SUB24ACT8F121.jpg,1,1,0.9999833106994629
459,24,8,136,D:\Skripsi\Experiment\data\raw\RGB2\S24\AC8\RGB2_SUB24ACT8F136.jpg,1,1,0.9997504353523254
460,24,8,151,D:\Skripsi\Experiment\data\raw\RGB2\S24\AC8\RGB2_SUB24ACT8F151.jpg,1,1,0.9995226860046387
461,24,8,16,D:\Skripsi\Experiment\data\raw\RGB2\S24\AC8\RGB2_SUB24ACT8F16.jpg,1,1,0.9998207688331604
462,24,8,31,D:\Skripsi\Experiment\data\raw\RGB2\S24\AC8\RGB2_SUB24ACT8F31.jpg,1,1,0.9997296929359436
463,24,8,46,D:\Skripsi\Experiment\data\raw\RGB2\S24\AC8\RGB2_SUB24ACT8F46.jpg,1,1,0.9990467429161072
464,24,8,61,D:\Skripsi\Experiment\data\raw\RGB2\S24\AC8\RGB2_SUB24ACT8F61.jpg,1,1,0.9998098015785217
465,24,8,76,D:\Skripsi\Experiment\data\raw\RGB2\S24\AC8\RGB2_SUB24ACT8F76.jpg,1,1,0.999151349067688
466,24,8,91,D:\Skripsi\Experiment\data\raw\RGB2\S24\AC8\RGB2_SUB24ACT8F91.jpg,1,1,0.9998251795768738
467,24,9,1,D:\Skripsi\Experiment\data\raw\RGB2\S24\AC9\RGB2_SUB24ACT9F1.jpg,1,1,0.9988203644752502
468,24,9,106,D:\Skripsi\Experiment\data\raw\RGB2\S24\AC9\RGB2_SUB24ACT9F106.jpg,1,1,0.9996453523635864
469,24,9,121,D:\Skripsi\Experiment\data\raw\RGB2\S24\AC9\RGB2_SUB24ACT9F121.jpg,1,1,0.9990215301513672
470,24,9,136,D:\Skripsi\Experiment\data\raw\RGB2\S24\AC9\RGB2_SUB24ACT9F136.jpg,1,1,0.9972906708717346
471,24,9,16,D:\Skripsi\Experiment\data\raw\RGB2\S24\AC9\RGB2_SUB24ACT9F16.jpg,1,1,0.9986251592636108
472,24,9,31,D:\Skripsi\Experiment\data\raw\RGB2\S24\AC9\RGB2_SUB24ACT9F31.jpg,1,1,0.9998297691345215
473,24,9,46,D:\Skripsi\Experiment\data\raw\RGB2\S24\AC9\RGB2_SUB24ACT9F46.jpg,1,1,0.9995355606079102
474,24,9,61,D:\Skripsi\Experiment\data\raw\RGB2\S24\AC9\RGB2_SUB24ACT9F61.jpg,1,1,0.9993601441383362
475,24,9,76,D:\Skripsi\Experiment\data\raw\RGB2\S24\AC9\RGB2_SUB24ACT9F76.jpg,1,1,0.9998276233673096
476,24,9,91,D:\Skripsi\Experiment\data\raw\RGB2\S24\AC9\RGB2_SUB24ACT9F91.jpg,1,1,0.9978930354118347
477,25,1,1,D:\Skripsi\Experiment\data\raw\RGB2\S25\AC1\RGB2_SUB25ACT1F1.jpg,0,0,0.006158628035336733
478,25,1,106,D:\Skripsi\Experiment\data\raw\RGB2\S25\AC1\RGB2_SUB25ACT1F106.jpg,0,0,0.002794895088300109
479,25,1,121,D:\Skripsi\Experiment\data\raw\RGB2\S25\AC1\RGB2_SUB25ACT1F121.jpg,0,0,0.0038763885386288166
480,25,1,136,D:\Skripsi\Experiment\data\raw\RGB2\S25\AC1\RGB2_SUB25ACT1F136.jpg,0,0,0.0038158169481903315
481,25,1,16,D:\Skripsi\Experiment\data\raw\RGB2\S25\AC1\RGB2_SUB25ACT1F16.jpg,0,0,0.0036858331877738237
482,25,1,31,D:\Skripsi\Experiment\data\raw\RGB2\S25\AC1\RGB2_SUB25ACT1F31.jpg,0,0,0.011665945872664452
483,25,1,46,D:\Skripsi\Experiment\data\raw\RGB2\S25\AC1\RGB2_SUB25ACT1F46.jpg,0,0,0.02268056757748127
484,25,1,61,D:\Skripsi\Experiment\data\raw\RGB2\S25\AC1\RGB2_SUB25ACT1F61.jpg,0,0,0.022398721426725388
485,25,1,76,D:\Skripsi\Experiment\data\raw\RGB2\S25\AC1\RGB2_SUB25ACT1F76.jpg,0,0,0.006475274451076984
486,25,1,91,D:\Skripsi\Experiment\data\raw\RGB2\S25\AC1\RGB2_SUB25ACT1F91.jpg,0,0,0.0018713234458118677
487,25,5,1,D:\Skripsi\Experiment\data\raw\RGB2\S25\AC5\RGB2_SUB25ACT5F1.jpg,1,1,0.9951466917991638
488,25,5,106,D:\Skripsi\Experiment\data\raw\RGB2\S25\AC5\RGB2_SUB25ACT5F106.jpg,1,1,0.9997757077217102
489,25,5,121,D:\Skripsi\Experiment\data\raw\RGB2\S25\AC5\RGB2_SUB25ACT5F121.jpg,1,1,0.9982311129570007
490,25,5,136,D:\Skripsi\Experiment\data\raw\RGB2\S25\AC5\RGB2_SUB25ACT5F136.jpg,1,1,0.9983093738555908
491,25,5,16,D:\Skripsi\Experiment\data\raw\RGB2\S25\AC5\RGB2_SUB25ACT5F16.jpg,1,1,0.9997910857200623
492,25,5,31,D:\Skripsi\Experiment\data\raw\RGB2\S25\AC5\RGB2_SUB25ACT5F31.jpg,1,1,0.9995336532592773
493,25,5,46,D:\Skripsi\Experiment\data\raw\RGB2\S25\AC5\RGB2_SUB25ACT5F46.jpg,1,1,0.9100296497344971
494,25,5,61,D:\Skripsi\Experiment\data\raw\RGB2\S25\AC5\RGB2_SUB25ACT5F61.jpg,1,1,0.9317856431007385
495,25,5,76,D:\Skripsi\Experiment\data\raw\RGB2\S25\AC5\RGB2_SUB25ACT5F76.jpg,1,1,0.9822225570678711
496,25,5,91,D:\Skripsi\Experiment\data\raw\RGB2\S25\AC5\RGB2_SUB25ACT5F91.jpg,1,1,0.9993927478790283
497,25,6,1,D:\Skripsi\Experiment\data\raw\RGB2\S25\AC6\RGB2_SUB25ACT6F1.jpg,1,1,0.9978951215744019
498,25,6,16,D:\Skripsi\Experiment\data\raw\RGB2\S25\AC6\RGB2_SUB25ACT6F16.jpg,1,1,0.9996381998062134
499,25,6,31,D:\Skripsi\Experiment\data\raw\RGB2\S25\AC6\RGB2_SUB25ACT6F31.jpg,1,1,0.9977090358734131
500,25,6,46,D:\Skripsi\Experiment\data\raw\RGB2\S25\AC6\RGB2_SUB25ACT6F46.jpg,1,1,0.998788058757782
501,25,6,61,D:\Skripsi\Experiment\data\raw\RGB2\S25\AC6\RGB2_SUB25ACT6F61.jpg,1,1,0.9961878657341003
502,25,6,76,D:\Skripsi\Experiment\data\raw\RGB2\S25\AC6\RGB2_SUB25ACT6F76.jpg,1,1,0.9892337322235107
503,25,6,91,D:\Skripsi\Experiment\data\raw\RGB2\S25\AC6\RGB2_SUB25ACT6F91.jpg,1,1,0.9962192177772522
504,25,7,1,D:\Skripsi\Experiment\data\raw\RGB2\S25\AC7\RGB2_SUB25ACT7F1.jpg,1,1,0.9909713268280029
505,25,7,16,D:\Skripsi\Experiment\data\raw\RGB2\S25\AC7\RGB2_SUB25ACT7F16.jpg,1,1,0.9984652996063232
506,25,7,31,D:\Skripsi\Experiment\data\raw\RGB2\S25\AC7\RGB2_SUB25ACT7F31.jpg,1,1,0.9979820251464844
507,25,7,46,D:\Skripsi\Experiment\data\raw\RGB2\S25\AC7\RGB2_SUB25ACT7F46.jpg,1,1,0.9992610812187195
508,25,7,61,D:\Skripsi\Experiment\data\raw\RGB2\S25\AC7\RGB2_SUB25ACT7F61.jpg,1,1,0.9734015464782715
509,25,7,76,D:\Skripsi\Experiment\data\raw\RGB2\S25\AC7\RGB2_SUB25ACT7F76.jpg,1,1,0.9995555281639099
510,25,8,1,D:\Skripsi\Experiment\data\raw\RGB2\S25\AC8\RGB2_SUB25ACT8F1.jpg,1,1,0.9961426854133606
511,25,8,106,D:\Skripsi\Experiment\data\raw\RGB2\S25\AC8\RGB2_SUB25ACT8F106.jpg,1,1,0.9996263980865479
512,25,8,16,D:\Skripsi\Experiment\data\raw\RGB2\S25\AC8\RGB2_SUB25ACT8F16.jpg,1,1,0.9995232820510864
513,25,8,31,D:\Skripsi\Experiment\data\raw\RGB2\S25\AC8\RGB2_SUB25ACT8F31.jpg,1,1,0.8686436414718628
514,25,8,46,D:\Skripsi\Experiment\data\raw\RGB2\S25\AC8\RGB2_SUB25ACT8F46.jpg,1,1,0.9988722205162048
515,25,8,61,D:\Skripsi\Experiment\data\raw\RGB2\S25\AC8\RGB2_SUB25ACT8F61.jpg,1,1,0.9941375255584717
516,25,8,76,D:\Skripsi\Experiment\data\raw\RGB2\S25\AC8\RGB2_SUB25ACT8F76.jpg,1,1,0.9997510313987732
517,25,8,91,D:\Skripsi\Experiment\data\raw\RGB2\S25\AC8\RGB2_SUB25ACT8F91.jpg,1,1,0.9976207613945007
518,25,9,1,D:\Skripsi\Experiment\data\raw\RGB2\S25\AC9\RGB2_SUB25ACT9F1.jpg,1,1,0.9998419284820557
519,25,9,16,D:\Skripsi\Experiment\data\raw\RGB2\S25\AC9\RGB2_SUB25ACT9F16.jpg,1,1,0.9965564012527466
520,25,9,31,D:\Skripsi\Experiment\data\raw\RGB2\S25\AC9\RGB2_SUB25ACT9F31.jpg,1,1,0.9808017611503601
521,25,9,46,D:\Skripsi\Experiment\data\raw\RGB2\S25\AC9\RGB2_SUB25ACT9F46.jpg,1,1,0.9977139234542847
522,25,9,61,D:\Skripsi\Experiment\data\raw\RGB2\S25\AC9\RGB2_SUB25ACT9F61.jpg,1,1,0.9969894289970398
523,25,9,76,D:\Skripsi\Experiment\data\raw\RGB2\S25\AC9\RGB2_SUB25ACT9F76.jpg,1,1,0.9977680444717407
524,26,1,1,D:\Skripsi\Experiment\data\raw\RGB2\S26\AC1\RGB2_SUB26ACT1F1.jpg,0,0,0.0006738144438713789
525,26,1,106,D:\Skripsi\Experiment\data\raw\RGB2\S26\AC1\RGB2_SUB26ACT1F106.jpg,0,0,0.0016206655418500304
526,26,1,16,D:\Skripsi\Experiment\data\raw\RGB2\S26\AC1\RGB2_SUB26ACT1F16.jpg,0,0,0.0026640112046152353
527,26,1,31,D:\Skripsi\Experiment\data\raw\RGB2\S26\AC1\RGB2_SUB26ACT1F31.jpg,0,0,0.00044139951933175325
528,26,1,46,D:\Skripsi\Experiment\data\raw\RGB2\S26\AC1\RGB2_SUB26ACT1F46.jpg,0,0,0.0019168687285855412
529,26,1,61,D:\Skripsi\Experiment\data\raw\RGB2\S26\AC1\RGB2_SUB26ACT1F61.jpg,0,0,0.0017711856635287404
530,26,1,76,D:\Skripsi\Experiment\data\raw\RGB2\S26\AC1\RGB2_SUB26ACT1F76.jpg,0,0,0.0008041560067795217
531,26,1,91,D:\Skripsi\Experiment\data\raw\RGB2\S26\AC1\RGB2_SUB26ACT1F91.jpg,0,0,0.0009917548159137368
532,26,5,1,D:\Skripsi\Experiment\data\raw\RGB2\S26\AC5\RGB2_SUB26ACT5F1.jpg,1,1,0.9998904466629028
533,26,5,16,D:\Skripsi\Experiment\data\raw\RGB2\S26\AC5\RGB2_SUB26ACT5F16.jpg,1,1,0.7221648097038269
534,26,5,31,D:\Skripsi\Experiment\data\raw\RGB2\S26\AC5\RGB2_SUB26ACT5F31.jpg,1,1,0.9914531707763672
535,26,5,46,D:\Skripsi\Experiment\data\raw\RGB2\S26\AC5\RGB2_SUB26ACT5F46.jpg,1,1,0.9934961795806885
536,26,5,61,D:\Skripsi\Experiment\data\raw\RGB2\S26\AC5\RGB2_SUB26ACT5F61.jpg,1,1,0.9964718818664551
537,26,5,76,D:\Skripsi\Experiment\data\raw\RGB2\S26\AC5\RGB2_SUB26ACT5F76.jpg,1,1,0.9736303091049194
538,26,6,1,D:\Skripsi\Experiment\data\raw\RGB2\S26\AC6\RGB2_SUB26ACT6F1.jpg,1,1,0.8962158560752869
539,26,6,16,D:\Skripsi\Experiment\data\raw\RGB2\S26\AC6\RGB2_SUB26ACT6F16.jpg,1,1,0.9939193725585938
540,26,6,31,D:\Skripsi\Experiment\data\raw\RGB2\S26\AC6\RGB2_SUB26ACT6F31.jpg,1,1,0.9979378581047058
541,26,6,46,D:\Skripsi\Experiment\data\raw\RGB2\S26\AC6\RGB2_SUB26ACT6F46.jpg,1,1,0.9949470162391663
542,26,6,61,D:\Skripsi\Experiment\data\raw\RGB2\S26\AC6\RGB2_SUB26ACT6F61.jpg,1,1,0.9998339414596558
543,26,6,76,D:\Skripsi\Experiment\data\raw\RGB2\S26\AC6\RGB2_SUB26ACT6F76.jpg,1,1,0.9993096590042114
544,26,6,91,D:\Skripsi\Experiment\data\raw\RGB2\S26\AC6\RGB2_SUB26ACT6F91.jpg,1,1,0.9937611222267151
545,26,7,1,D:\Skripsi\Experiment\data\raw\RGB2\S26\AC7\RGB2_SUB26ACT7F1.jpg,1,1,0.9994502663612366
546,26,7,106,D:\Skripsi\Experiment\data\raw\RGB2\S26\AC7\RGB2_SUB26ACT7F106.jpg,1,1,0.9995798468589783
547,26,7,121,D:\Skripsi\Experiment\data\raw\RGB2\S26\AC7\RGB2_SUB26ACT7F121.jpg,1,1,0.9997603297233582
548,26,7,136,D:\Skripsi\Experiment\data\raw\RGB2\S26\AC7\RGB2_SUB26ACT7F136.jpg,1,1,0.9994645714759827
549,26,7,151,D:\Skripsi\Experiment\data\raw\RGB2\S26\AC7\RGB2_SUB26ACT7F151.jpg,1,1,0.9995203018188477
550,26,7,16,D:\Skripsi\Experiment\data\raw\RGB2\S26\AC7\RGB2_SUB26ACT7F16.jpg,1,1,0.9950987696647644
551,26,7,166,D:\Skripsi\Experiment\data\raw\RGB2\S26\AC7\RGB2_SUB26ACT7F166.jpg,1,1,0.9992319345474243
552,26,7,31,D:\Skripsi\Experiment\data\raw\RGB2\S26\AC7\RGB2_SUB26ACT7F31.jpg,1,1,0.9998725652694702
553,26,7,46,D:\Skripsi\Experiment\data\raw\RGB2\S26\AC7\RGB2_SUB26ACT7F46.jpg,1,1,0.9998319149017334
554,26,7,61,D:\Skripsi\Experiment\data\raw\RGB2\S26\AC7\RGB2_SUB26ACT7F61.jpg,1,1,0.9996685981750488
555,26,7,76,D:\Skripsi\Experiment\data\raw\RGB2\S26\AC7\RGB2_SUB26ACT7F76.jpg,1,1,0.9998836517333984
556,26,7,91,D:\Skripsi\Experiment\data\raw\RGB2\S26\AC7\RGB2_SUB26ACT7F91.jpg,1,1,0.9998799562454224
557,26,8,1,D:\Skripsi\Experiment\data\raw\RGB2\S26\AC8\RGB2_SUB26ACT8F1.jpg,1,1,0.9853655099868774
558,26,8,106,D:\Skripsi\Experiment\data\raw\RGB2\S26\AC8\RGB2_SUB26ACT8F106.jpg,1,1,0.9985861778259277
559,26,8,16,D:\Skripsi\Experiment\data\raw\RGB2\S26\AC8\RGB2_SUB26ACT8F16.jpg,1,1,0.9976866245269775
560,26,8,31,D:\Skripsi\Experiment\data\raw\RGB2\S26\AC8\RGB2_SUB26ACT8F31.jpg,1,1,0.9979193806648254
561,26,8,46,D:\Skripsi\Experiment\data\raw\RGB2\S26\AC8\RGB2_SUB26ACT8F46.jpg,1,1,0.9983298182487488
562,26,8,61,D:\Skripsi\Experiment\data\raw\RGB2\S26\AC8\RGB2_SUB26ACT8F61.jpg,1,1,0.9993478655815125
563,26,8,76,D:\Skripsi\Experiment\data\raw\RGB2\S26\AC8\RGB2_SUB26ACT8F76.jpg,1,1,0.9995772242546082
564,26,8,91,D:\Skripsi\Experiment\data\raw\RGB2\S26\AC8\RGB2_SUB26ACT8F91.jpg,1,1,0.9993294477462769
565,26,9,1,D:\Skripsi\Experiment\data\raw\RGB2\S26\AC9\RGB2_SUB26ACT9F1.jpg,1,1,0.9987025260925293
566,26,9,106,D:\Skripsi\Experiment\data\raw\RGB2\S26\AC9\RGB2_SUB26ACT9F106.jpg,1,1,0.9994398951530457
567,26,9,121,D:\Skripsi\Experiment\data\raw\RGB2\S26\AC9\RGB2_SUB26ACT9F121.jpg,1,1,0.9999089241027832
568,26,9,16,D:\Skripsi\Experiment\data\raw\RGB2\S26\AC9\RGB2_SUB26ACT9F16.jpg,1,1,0.9991921782493591
569,26,9,31,D:\Skripsi\Experiment\data\raw\RGB2\S26\AC9\RGB2_SUB26ACT9F31.jpg,1,1,0.9998568296432495
570,26,9,46,D:\Skripsi\Experiment\data\raw\RGB2\S26\AC9\RGB2_SUB26ACT9F46.jpg,1,1,0.9999266862869263
571,26,9,61,D:\Skripsi\Experiment\data\raw\RGB2\S26\AC9\RGB2_SUB26ACT9F61.jpg,1,1,0.9995725750923157
572,26,9,76,D:\Skripsi\Experiment\data\raw\RGB2\S26\AC9\RGB2_SUB26ACT9F76.jpg,1,1,0.9984771609306335
573,26,9,91,D:\Skripsi\Experiment\data\raw\RGB2\S26\AC9\RGB2_SUB26ACT9F91.jpg,1,1,0.9832770824432373
574,28,1,1,D:\Skripsi\Experiment\data\raw\RGB2\S28\AC1\RGB2_SUB28ACT1F1.jpg,0,0,0.01184932328760624
575,28,1,106,D:\Skripsi\Experiment\data\raw\RGB2\S28\AC1\RGB2_SUB28ACT1F106.jpg,0,0,0.007862748578190804
576,28,1,121,D:\Skripsi\Experiment\data\raw\RGB2\S28\AC1\RGB2_SUB28ACT1F121.jpg,0,0,0.06819501519203186
577,28,1,16,D:\Skripsi\Experiment\data\raw\RGB2\S28\AC1\RGB2_SUB28ACT1F16.jpg,0,0,0.004422308411449194
578,28,1,31,D:\Skripsi\Experiment\data\raw\RGB2\S28\AC1\RGB2_SUB28ACT1F31.jpg,0,0,0.001093776198104024
579,28,1,46,D:\Skripsi\Experiment\data\raw\RGB2\S28\AC1\RGB2_SUB28ACT1F46.jpg,0,0,0.0030752671882510185
580,28,1,61,D:\Skripsi\Experiment\data\raw\RGB2\S28\AC1\RGB2_SUB28ACT1F61.jpg,0,0,0.00420962693169713
581,28,1,76,D:\Skripsi\Experiment\data\raw\RGB2\S28\AC1\RGB2_SUB28ACT1F76.jpg,0,0,0.0012248847633600235
582,28,1,91,D:\Skripsi\Experiment\data\raw\RGB2\S28\AC1\RGB2_SUB28ACT1F91.jpg,0,0,0.006824329495429993
583,28,5,1,D:\Skripsi\Experiment\data\raw\RGB2\S28\AC5\RGB2_SUB28ACT5F1.jpg,1,1,0.9995929598808289
584,28,5,106,D:\Skripsi\Experiment\data\raw\RGB2\S28\AC5\RGB2_SUB28ACT5F106.jpg,1,1,0.9985120892524719
585,28,5,121,D:\Skripsi\Experiment\data\raw\RGB2\S28\AC5\RGB2_SUB28ACT5F121.jpg,1,1,0.9893770217895508
586,28,5,136,D:\Skripsi\Experiment\data\raw\RGB2\S28\AC5\RGB2_SUB28ACT5F136.jpg,1,1,0.9996071457862854
587,28,5,151,D:\Skripsi\Experiment\data\raw\RGB2\S28\AC5\RGB2_SUB28ACT5F151.jpg,1,1,0.9946674108505249
588,28,5,16,D:\Skripsi\Experiment\data\raw\RGB2\S28\AC5\RGB2_SUB28ACT5F16.jpg,1,1,0.9991322159767151
589,28,5,31,D:\Skripsi\Experiment\data\raw\RGB2\S28\AC5\RGB2_SUB28ACT5F31.jpg,1,1,0.9991979002952576
590,28,5,46,D:\Skripsi\Experiment\data\raw\RGB2\S28\AC5\RGB2_SUB28ACT5F46.jpg,1,1,0.9990296363830566
591,28,5,61,D:\Skripsi\Experiment\data\raw\RGB2\S28\AC5\RGB2_SUB28ACT5F61.jpg,1,1,0.9997205138206482
592,28,5,76,D:\Skripsi\Experiment\data\raw\RGB2\S28\AC5\RGB2_SUB28ACT5F76.jpg,1,1,0.9994480013847351
593,28,5,91,D:\Skripsi\Experiment\data\raw\RGB2\S28\AC5\RGB2_SUB28ACT5F91.jpg,1,1,0.9997897744178772
594,28,6,1,D:\Skripsi\Experiment\data\raw\RGB2\S28\AC6\RGB2_SUB28ACT6F1.jpg,1,1,0.9991133809089661
595,28,6,106,D:\Skripsi\Experiment\data\raw\RGB2\S28\AC6\RGB2_SUB28ACT6F106.jpg,1,1,0.9998879432678223
596,28,6,16,D:\Skripsi\Experiment\data\raw\RGB2\S28\AC6\RGB2_SUB28ACT6F16.jpg,1,1,0.9980823993682861
597,28,6,31,D:\Skripsi\Experiment\data\raw\RGB2\S28\AC6\RGB2_SUB28ACT6F31.jpg,1,1,0.9970961809158325
598,28,6,46,D:\Skripsi\Experiment\data\raw\RGB2\S28\AC6\RGB2_SUB28ACT6F46.jpg,1,1,0.9977532029151917
599,28,6,61,D:\Skripsi\Experiment\data\raw\RGB2\S28\AC6\RGB2_SUB28ACT6F61.jpg,1,1,0.992137610912323
600,28,6,76,D:\Skripsi\Experiment\data\raw\RGB2\S28\AC6\RGB2_SUB28ACT6F76.jpg,1,1,0.9975932240486145
601,28,6,91,D:\Skripsi\Experiment\data\raw\RGB2\S28\AC6\RGB2_SUB28ACT6F91.jpg,1,1,0.9999351501464844
602,28,7,1,D:\Skripsi\Experiment\data\raw\RGB2\S28\AC7\RGB2_SUB28ACT7F1.jpg,1,1,0.9996132254600525
603,28,7,106,D:\Skripsi\Experiment\data\raw\RGB2\S28\AC7\RGB2_SUB28ACT7F106.jpg,1,1,0.9998230338096619
604,28,7,121,D:\Skripsi\Experiment\data\raw\RGB2\S28\AC7\RGB2_SUB28ACT7F121.jpg,1,1,0.9990140199661255
605,28,7,136,D:\Skripsi\Experiment\data\raw\RGB2\S28\AC7\RGB2_SUB28ACT7F136.jpg,1,1,0.9963975548744202
606,28,7,151,D:\Skripsi\Experiment\data\raw\RGB2\S28\AC7\RGB2_SUB28ACT7F151.jpg,1,1,0.9959511756896973
607,28,7,16,D:\Skripsi\Experiment\data\raw\RGB2\S28\AC7\RGB2_SUB28ACT7F16.jpg,1,1,0.9996453523635864
608,28,7,31,D:\Skripsi\Experiment\data\raw\RGB2\S28\AC7\RGB2_SUB28ACT7F31.jpg,1,1,0.9998272061347961
609,28,7,46,D:\Skripsi\Experiment\data\raw\RGB2\S28\AC7\RGB2_SUB28ACT7F46.jpg,1,1,0.9990757703781128
610,28,7,61,D:\Skripsi\Experiment\data\raw\RGB2\S28\AC7\RGB2_SUB28ACT7F61.jpg,1,1,0.9995249509811401
611,28,7,76,D:\Skripsi\Experiment\data\raw\RGB2\S28\AC7\RGB2_SUB28ACT7F76.jpg,1,1,0.9983965754508972
612,28,7,91,D:\Skripsi\Experiment\data\raw\RGB2\S28\AC7\RGB2_SUB28ACT7F91.jpg,1,1,0.9998931884765625
613,28,8,1,D:\Skripsi\Experiment\data\raw\RGB2\S28\AC8\RGB2_SUB28ACT8F1.jpg,1,1,0.9997150301933289
614,28,8,106,D:\Skripsi\Experiment\data\raw\RGB2\S28\AC8\RGB2_SUB28ACT8F106.jpg,1,1,0.9992365837097168
615,28,8,16,D:\Skripsi\Experiment\data\raw\RGB2\S28\AC8\RGB2_SUB28ACT8F16.jpg,1,1,0.9997015595436096
616,28,8,31,D:\Skripsi\Experiment\data\raw\RGB2\S28\AC8\RGB2_SUB28ACT8F31.jpg,1,1,0.9983413219451904
617,28,8,46,D:\Skripsi\Experiment\data\raw\RGB2\S28\AC8\RGB2_SUB28ACT8F46.jpg,1,1,0.9991023540496826
618,28,8,61,D:\Skripsi\Experiment\data\raw\RGB2\S28\AC8\RGB2_SUB28ACT8F61.jpg,1,1,0.9962257146835327
619,28,8,76,D:\Skripsi\Experiment\data\raw\RGB2\S28\AC8\RGB2_SUB28ACT8F76.jpg,1,1,0.9990621209144592
620,28,8,91,D:\Skripsi\Experiment\data\raw\RGB2\S28\AC8\RGB2_SUB28ACT8F91.jpg,1,1,0.9992201328277588
621,28,9,1,D:\Skripsi\Experiment\data\raw\RGB2\S28\AC9\RGB2_SUB28ACT9F1.jpg,1,1,0.999922513961792
622,28,9,106,D:\Skripsi\Experiment\data\raw\RGB2\S28\AC9\RGB2_SUB28ACT9F106.jpg,1,0,0.3199610710144043
623,28,9,121,D:\Skripsi\Experiment\data\raw\RGB2\S28\AC9\RGB2_SUB28ACT9F121.jpg,1,1,0.9988621473312378
624,28,9,136,D:\Skripsi\Experiment\data\raw\RGB2\S28\AC9\RGB2_SUB28ACT9F136.jpg,1,1,0.9978222846984863
625,28,9,151,D:\Skripsi\Experiment\data\raw\RGB2\S28\AC9\RGB2_SUB28ACT9F151.jpg,1,1,0.9983282685279846
626,28,9,16,D:\Skripsi\Experiment\data\raw\RGB2\S28\AC9\RGB2_SUB28ACT9F16.jpg,1,1,0.999923825263977
627,28,9,31,D:\Skripsi\Experiment\data\raw\RGB2\S28\AC9\RGB2_SUB28ACT9F31.jpg,1,1,0.9992995262145996
628,28,9,46,D:\Skripsi\Experiment\data\raw\RGB2\S28\AC9\RGB2_SUB28ACT9F46.jpg,1,1,0.9997860789299011
629,28,9,61,D:\Skripsi\Experiment\data\raw\RGB2\S28\AC9\RGB2_SUB28ACT9F61.jpg,1,1,0.9997171759605408
630,28,9,76,D:\Skripsi\Experiment\data\raw\RGB2\S28\AC9\RGB2_SUB28ACT9F76.jpg,1,1,0.9999029636383057
631,28,9,91,D:\Skripsi\Experiment\data\raw\RGB2\S28\AC9\RGB2_SUB28ACT9F91.jpg,1,1,0.9991958737373352
632,29,1,1,D:\Skripsi\Experiment\data\raw\RGB2\S29\AC1\RGB2_SUB29ACT1F1.jpg,0,0,0.018356749787926674
633,29,1,106,D:\Skripsi\Experiment\data\raw\RGB2\S29\AC1\RGB2_SUB29ACT1F106.jpg,0,0,0.08739747107028961
634,29,1,121,D:\Skripsi\Experiment\data\raw\RGB2\S29\AC1\RGB2_SUB29ACT1F121.jpg,0,0,0.07008864730596542
635,29,1,16,D:\Skripsi\Experiment\data\raw\RGB2\S29\AC1\RGB2_SUB29ACT1F16.jpg,0,0,0.027724333107471466
636,29,1,31,D:\Skripsi\Experiment\data\raw\RGB2\S29\AC1\RGB2_SUB29ACT1F31.jpg,0,0,0.08435733616352081
637,29,1,46,D:\Skripsi\Experiment\data\raw\RGB2\S29\AC1\RGB2_SUB29ACT1F46.jpg,0,0,0.06411109119653702
638,29,1,61,D:\Skripsi\Experiment\data\raw\RGB2\S29\AC1\RGB2_SUB29ACT1F61.jpg,0,0,0.03598189726471901
639,29,1,76,D:\Skripsi\Experiment\data\raw\RGB2\S29\AC1\RGB2_SUB29ACT1F76.jpg,0,0,0.02559592016041279
640,29,1,91,D:\Skripsi\Experiment\data\raw\RGB2\S29\AC1\RGB2_SUB29ACT1F91.jpg,0,0,0.04553280398249626
641,29,5,1,D:\Skripsi\Experiment\data\raw\RGB2\S29\AC5\RGB2_SUB29ACT5F1.jpg,1,1,0.9996115565299988
642,29,5,106,D:\Skripsi\Experiment\data\raw\RGB2\S29\AC5\RGB2_SUB29ACT5F106.jpg,1,1,0.9994612336158752
643,29,5,121,D:\Skripsi\Experiment\data\raw\RGB2\S29\AC5\RGB2_SUB29ACT5F121.jpg,1,1,0.9996770620346069
644,29,5,16,D:\Skripsi\Experiment\data\raw\RGB2\S29\AC5\RGB2_SUB29ACT5F16.jpg,1,1,0.9992727637290955
645,29,5,31,D:\Skripsi\Experiment\data\raw\RGB2\S29\AC5\RGB2_SUB29ACT5F31.jpg,1,1,0.999496579170227
646,29,5,46,D:\Skripsi\Experiment\data\raw\RGB2\S29\AC5\RGB2_SUB29ACT5F46.jpg,1,1,0.9987605810165405
647,29,5,61,D:\Skripsi\Experiment\data\raw\RGB2\S29\AC5\RGB2_SUB29ACT5F61.jpg,1,1,0.9975202679634094
648,29,5,76,D:\Skripsi\Experiment\data\raw\RGB2\S29\AC5\RGB2_SUB29ACT5F76.jpg,1,1,0.9998718500137329
649,29,5,91,D:\Skripsi\Experiment\data\raw\RGB2\S29\AC5\RGB2_SUB29ACT5F91.jpg,1,1,0.9992192983627319
650,29,6,1,D:\Skripsi\Experiment\data\raw\RGB2\S29\AC6\RGB2_SUB29ACT6F1.jpg,1,1,0.9994075298309326
651,29,6,106,D:\Skripsi\Experiment\data\raw\RGB2\S29\AC6\RGB2_SUB29ACT6F106.jpg,1,1,0.9920365214347839
652,29,6,16,D:\Skripsi\Experiment\data\raw\RGB2\S29\AC6\RGB2_SUB29ACT6F16.jpg,1,1,0.9994813799858093
653,29,6,31,D:\Skripsi\Experiment\data\raw\RGB2\S29\AC6\RGB2_SUB29ACT6F31.jpg,1,1,0.9986248016357422
654,29,6,46,D:\Skripsi\Experiment\data\raw\RGB2\S29\AC6\RGB2_SUB29ACT6F46.jpg,1,1,0.9985408782958984
655,29,6,61,D:\Skripsi\Experiment\data\raw\RGB2\S29\AC6\RGB2_SUB29ACT6F61.jpg,1,1,0.9995755553245544
656,29,6,76,D:\Skripsi\Experiment\data\raw\RGB2\S29\AC6\RGB2_SUB29ACT6F76.jpg,1,1,0.9998531341552734
657,29,6,91,D:\Skripsi\Experiment\data\raw\RGB2\S29\AC6\RGB2_SUB29ACT6F91.jpg,1,1,0.9950066804885864
658,29,7,1,D:\Skripsi\Experiment\data\raw\RGB2\S29\AC7\RGB2_SUB29ACT7F1.jpg,1,1,0.9969969987869263
659,29,7,106,D:\Skripsi\Experiment\data\raw\RGB2\S29\AC7\RGB2_SUB29ACT7F106.jpg,1,1,0.9991003274917603
660,29,7,121,D:\Skripsi\Experiment\data\raw\RGB2\S29\AC7\RGB2_SUB29ACT7F121.jpg,1,1,0.9988529682159424
661,29,7,16,D:\Skripsi\Experiment\data\raw\RGB2\S29\AC7\RGB2_SUB29ACT7F16.jpg,1,1,0.9980893731117249
662,29,7,31,D:\Skripsi\Experiment\data\raw\RGB2\S29\AC7\RGB2_SUB29ACT7F31.jpg,1,1,0.9991212487220764
663,29,7,46,D:\Skripsi\Experiment\data\raw\RGB2\S29\AC7\RGB2_SUB29ACT7F46.jpg,1,1,0.9989230036735535
664,29,7,61,D:\Skripsi\Experiment\data\raw\RGB2\S29\AC7\RGB2_SUB29ACT7F61.jpg,1,1,0.9992690682411194
665,29,7,76,D:\Skripsi\Experiment\data\raw\RGB2\S29\AC7\RGB2_SUB29ACT7F76.jpg,1,1,0.9996076226234436
666,29,7,91,D:\Skripsi\Experiment\data\raw\RGB2\S29\AC7\RGB2_SUB29ACT7F91.jpg,1,1,0.9995999932289124
667,29,8,1,D:\Skripsi\Experiment\data\raw\RGB2\S29\AC8\RGB2_SUB29ACT8F1.jpg,1,1,0.9996566772460938
668,29,8,106,D:\Skripsi\Experiment\data\raw\RGB2\S29\AC8\RGB2_SUB29ACT8F106.jpg,1,1,0.9996542930603027
669,29,8,121,D:\Skripsi\Experiment\data\raw\RGB2\S29\AC8\RGB2_SUB29ACT8F121.jpg,1,1,0.9993152618408203
670,29,8,136,D:\Skripsi\Experiment\data\raw\RGB2\S29\AC8\RGB2_SUB29ACT8F136.jpg,1,1,0.9997555613517761
671,29,8,151,D:\Skripsi\Experiment\data\raw\RGB2\S29\AC8\RGB2_SUB29ACT8F151.jpg,1,1,0.9991087317466736
672,29,8,16,D:\Skripsi\Experiment\data\raw\RGB2\S29\AC8\RGB2_SUB29ACT8F16.jpg,1,1,0.9865965247154236
673,29,8,31,D:\Skripsi\Experiment\data\raw\RGB2\S29\AC8\RGB2_SUB29ACT8F31.jpg,1,1,0.9969943761825562
674,29,8,46,D:\Skripsi\Experiment\data\raw\RGB2\S29\AC8\RGB2_SUB29ACT8F46.jpg,1,1,0.9985945820808411
675,29,8,61,D:\Skripsi\Experiment\data\raw\RGB2\S29\AC8\RGB2_SUB29ACT8F61.jpg,1,1,0.9986401200294495
676,29,8,76,D:\Skripsi\Experiment\data\raw\RGB2\S29\AC8\RGB2_SUB29ACT8F76.jpg,1,1,0.9995717406272888
677,29,8,91,D:\Skripsi\Experiment\data\raw\RGB2\S29\AC8\RGB2_SUB29ACT8F91.jpg,1,1,0.9987961053848267
678,29,9,1,D:\Skripsi\Experiment\data\raw\RGB2\S29\AC9\RGB2_SUB29ACT9F1.jpg,1,1,0.9640980958938599
679,29,9,106,D:\Skripsi\Experiment\data\raw\RGB2\S29\AC9\RGB2_SUB29ACT9F106.jpg,1,1,0.997711181640625
680,29,9,121,D:\Skripsi\Experiment\data\raw\RGB2\S29\AC9\RGB2_SUB29ACT9F121.jpg,1,1,0.9993427395820618
681,29,9,136,D:\Skripsi\Experiment\data\raw\RGB2\S29\AC9\RGB2_SUB29ACT9F136.jpg,1,1,0.9856722354888916
682,29,9,151,D:\Skripsi\Experiment\data\raw\RGB2\S29\AC9\RGB2_SUB29ACT9F151.jpg,1,1,0.9954099059104919
683,29,9,16,D:\Skripsi\Experiment\data\raw\RGB2\S29\AC9\RGB2_SUB29ACT9F16.jpg,1,1,0.9994230270385742
684,29,9,31,D:\Skripsi\Experiment\data\raw\RGB2\S29\AC9\RGB2_SUB29ACT9F31.jpg,1,1,0.9962236881256104
685,29,9,46,D:\Skripsi\Experiment\data\raw\RGB2\S29\AC9\RGB2_SUB29ACT9F46.jpg,1,1,0.9835430383682251
686,29,9,61,D:\Skripsi\Experiment\data\raw\RGB2\S29\AC9\RGB2_SUB29ACT9F61.jpg,1,1,0.9990571141242981
687,29,9,76,D:\Skripsi\Experiment\data\raw\RGB2\S29\AC9\RGB2_SUB29ACT9F76.jpg,1,1,0.9992082715034485
688,29,9,91,D:\Skripsi\Experiment\data\raw\RGB2\S29\AC9\RGB2_SUB29ACT9F91.jpg,1,1,0.9979248046875
689,30,1,1,D:\Skripsi\Experiment\data\raw\RGB2\S30\AC1\RGB2_SUB30ACT1F1.jpg,0,0,0.005179324187338352
690,30,1,106,D:\Skripsi\Experiment\data\raw\RGB2\S30\AC1\RGB2_SUB30ACT1F106.jpg,0,0,0.0032430612482130527
691,30,1,16,D:\Skripsi\Experiment\data\raw\RGB2\S30\AC1\RGB2_SUB30ACT1F16.jpg,0,0,0.0035462086088955402
692,30,1,31,D:\Skripsi\Experiment\data\raw\RGB2\S30\AC1\RGB2_SUB30ACT1F31.jpg,0,0,0.0037505894433707
693,30,1,46,D:\Skripsi\Experiment\data\raw\RGB2\S30\AC1\RGB2_SUB30ACT1F46.jpg,0,0,0.012358673848211765
694,30,1,61,D:\Skripsi\Experiment\data\raw\RGB2\S30\AC1\RGB2_SUB30ACT1F61.jpg,0,0,0.00666859932243824
695,30,1,76,D:\Skripsi\Experiment\data\raw\RGB2\S30\AC1\RGB2_SUB30ACT1F76.jpg,0,0,0.0027522381860762835
696,30,1,91,D:\Skripsi\Experiment\data\raw\RGB2\S30\AC1\RGB2_SUB30ACT1F91.jpg,0,0,0.005484689958393574
697,30,5,1,D:\Skripsi\Experiment\data\raw\RGB2\S30\AC5\RGB2_SUB30ACT5F1.jpg,1,1,0.9969919919967651
698,30,5,106,D:\Skripsi\Experiment\data\raw\RGB2\S30\AC5\RGB2_SUB30ACT5F106.jpg,1,1,0.999941349029541
699,30,5,16,D:\Skripsi\Experiment\data\raw\RGB2\S30\AC5\RGB2_SUB30ACT5F16.jpg,1,1,0.998176097869873
700,30,5,31,D:\Skripsi\Experiment\data\raw\RGB2\S30\AC5\RGB2_SUB30ACT5F31.jpg,1,1,0.9994869232177734
701,30,5,46,D:\Skripsi\Experiment\data\raw\RGB2\S30\AC5\RGB2_SUB30ACT5F46.jpg,1,1,0.9998148083686829
702,30,5,61,D:\Skripsi\Experiment\data\raw\RGB2\S30\AC5\RGB2_SUB30ACT5F61.jpg,1,1,0.9993621706962585
703,30,5,76,D:\Skripsi\Experiment\data\raw\RGB2\S30\AC5\RGB2_SUB30ACT5F76.jpg,1,1,0.9998849630355835
704,30,5,91,D:\Skripsi\Experiment\data\raw\RGB2\S30\AC5\RGB2_SUB30ACT5F91.jpg,1,1,0.9994124174118042
705,30,6,1,D:\Skripsi\Experiment\data\raw\RGB2\S30\AC6\RGB2_SUB30ACT6F1.jpg,1,1,0.9908137917518616
706,30,6,106,D:\Skripsi\Experiment\data\raw\RGB2\S30\AC6\RGB2_SUB30ACT6F106.jpg,1,1,0.9966012239456177
707,30,6,121,D:\Skripsi\Experiment\data\raw\RGB2\S30\AC6\RGB2_SUB30ACT6F121.jpg,1,1,0.9914984107017517
708,30,6,16,D:\Skripsi\Experiment\data\raw\RGB2\S30\AC6\RGB2_SUB30ACT6F16.jpg,1,1,0.9917667508125305
709,30,6,31,D:\Skripsi\Experiment\data\raw\RGB2\S30\AC6\RGB2_SUB30ACT6F31.jpg,1,1,0.9772496223449707
710,30,6,46,D:\Skripsi\Experiment\data\raw\RGB2\S30\AC6\RGB2_SUB30ACT6F46.jpg,1,1,0.9992089867591858
711,30,6,61,D:\Skripsi\Experiment\data\raw\RGB2\S30\AC6\RGB2_SUB30ACT6F61.jpg,1,1,0.9934803247451782
712,30,6,76,D:\Skripsi\Experiment\data\raw\RGB2\S30\AC6\RGB2_SUB30ACT6F76.jpg,1,1,0.9984976053237915
713,30,6,91,D:\Skripsi\Experiment\data\raw\RGB2\S30\AC6\RGB2_SUB30ACT6F91.jpg,1,1,0.981687605381012
714,30,7,1,D:\Skripsi\Experiment\data\raw\RGB2\S30\AC7\RGB2_SUB30ACT7F1.jpg,1,1,0.998432457447052
715,30,7,106,D:\Skripsi\Experiment\data\raw\RGB2\S30\AC7\RGB2_SUB30ACT7F106.jpg,1,1,0.9981051683425903
716,30,7,121,D:\Skripsi\Experiment\data\raw\RGB2\S30\AC7\RGB2_SUB30ACT7F121.jpg,1,1,0.9984714388847351
717,30,7,136,D:\Skripsi\Experiment\data\raw\RGB2\S30\AC7\RGB2_SUB30ACT7F136.jpg,1,1,0.9973639845848083
718,30,7,151,D:\Skripsi\Experiment\data\raw\RGB2\S30\AC7\RGB2_SUB30ACT7F151.jpg,1,1,0.9989192485809326
719,30,7,16,D:\Skripsi\Experiment\data\raw\RGB2\S30\AC7\RGB2_SUB30ACT7F16.jpg,1,1,0.999458372592926
720,30,7,166,D:\Skripsi\Experiment\data\raw\RGB2\S30\AC7\RGB2_SUB30ACT7F166.jpg,1,1,0.9989436268806458
721,30,7,31,D:\Skripsi\Experiment\data\raw\RGB2\S30\AC7\RGB2_SUB30ACT7F31.jpg,1,1,0.9992107152938843
722,30,7,46,D:\Skripsi\Experiment\data\raw\RGB2\S30\AC7\RGB2_SUB30ACT7F46.jpg,1,1,0.9984229803085327
723,30,7,61,D:\Skripsi\Experiment\data\raw\RGB2\S30\AC7\RGB2_SUB30ACT7F61.jpg,1,1,0.9983932375907898
724,30,7,76,D:\Skripsi\Experiment\data\raw\RGB2\S30\AC7\RGB2_SUB30ACT7F76.jpg,1,1,0.9995866417884827
725,30,7,91,D:\Skripsi\Experiment\data\raw\RGB2\S30\AC7\RGB2_SUB30ACT7F91.jpg,1,1,0.9971140623092651
726,30,8,1,D:\Skripsi\Experiment\data\raw\RGB2\S30\AC8\RGB2_SUB30ACT8F1.jpg,1,1,0.9900279641151428
727,30,8,106,D:\Skripsi\Experiment\data\raw\RGB2\S30\AC8\RGB2_SUB30ACT8F106.jpg,1,1,0.9998286962509155
728,30,8,121,D:\Skripsi\Experiment\data\raw\RGB2\S30\AC8\RGB2_SUB30ACT8F121.jpg,1,1,0.9997703433036804
729,30,8,136,D:\Skripsi\Experiment\data\raw\RGB2\S30\AC8\RGB2_SUB30ACT8F136.jpg,1,1,0.999200165271759
730,30,8,16,D:\Skripsi\Experiment\data\raw\RGB2\S30\AC8\RGB2_SUB30ACT8F16.jpg,1,1,0.99125075340271
731,30,8,31,D:\Skripsi\Experiment\data\raw\RGB2\S30\AC8\RGB2_SUB30ACT8F31.jpg,1,1,0.999861478805542
732,30,8,46,D:\Skripsi\Experiment\data\raw\RGB2\S30\AC8\RGB2_SUB30ACT8F46.jpg,1,1,0.9974206686019897
733,30,8,61,D:\Skripsi\Experiment\data\raw\RGB2\S30\AC8\RGB2_SUB30ACT8F61.jpg,1,1,0.9931766986846924
734,30,8,76,D:\Skripsi\Experiment\data\raw\RGB2\S30\AC8\RGB2_SUB30ACT8F76.jpg,1,1,0.9823044538497925
735,30,8,91,D:\Skripsi\Experiment\data\raw\RGB2\S30\AC8\RGB2_SUB30ACT8F91.jpg,1,1,0.9987264275550842
736,30,9,1,D:\Skripsi\Experiment\data\raw\RGB2\S30\AC9\RGB2_SUB30ACT9F1.jpg,1,1,0.9983484745025635
737,30,9,106,D:\Skripsi\Experiment\data\raw\RGB2\S30\AC9\RGB2_SUB30ACT9F106.jpg,1,1,0.9995094537734985
738,30,9,121,D:\Skripsi\Experiment\data\raw\RGB2\S30\AC9\RGB2_SUB30ACT9F121.jpg,1,1,0.9996459484100342
739,30,9,16,D:\Skripsi\Experiment\data\raw\RGB2\S30\AC9\RGB2_SUB30ACT9F16.jpg,1,1,0.9994346499443054
740,30,9,31,D:\Skripsi\Experiment\data\raw\RGB2\S30\AC9\RGB2_SUB30ACT9F31.jpg,1,1,0.9994606375694275
741,30,9,46,D:\Skripsi\Experiment\data\raw\RGB2\S30\AC9\RGB2_SUB30ACT9F46.jpg,1,1,0.9979495406150818
742,30,9,61,D:\Skripsi\Experiment\data\raw\RGB2\S30\AC9\RGB2_SUB30ACT9F61.jpg,1,1,0.997453510761261
743,30,9,76,D:\Skripsi\Experiment\data\raw\RGB2\S30\AC9\RGB2_SUB30ACT9F76.jpg,1,1,0.999409556388855
744,30,9,91,D:\Skripsi\Experiment\data\raw\RGB2\S30\AC9\RGB2_SUB30ACT9F91.jpg,1,1,0.9981263279914856
745,31,1,1,D:\Skripsi\Experiment\data\raw\RGB2\S31\AC1\RGB2_SUB31ACT1F1.jpg,0,0,0.05444921553134918
746,31,1,16,D:\Skripsi\Experiment\data\raw\RGB2\S31\AC1\RGB2_SUB31ACT1F16.jpg,0,0,0.010306368581950665
747,31,1,31,D:\Skripsi\Experiment\data\raw\RGB2\S31\AC1\RGB2_SUB31ACT1F31.jpg,0,0,0.03936183452606201
748,31,1,46,D:\Skripsi\Experiment\data\raw\RGB2\S31\AC1\RGB2_SUB31ACT1F46.jpg,0,0,0.22933033108711243
749,31,1,61,D:\Skripsi\Experiment\data\raw\RGB2\S31\AC1\RGB2_SUB31ACT1F61.jpg,0,0,0.0034347791224718094
750,31,1,76,D:\Skripsi\Experiment\data\raw\RGB2\S31\AC1\RGB2_SUB31ACT1F76.jpg,0,0,0.004403897561132908
751,31,1,91,D:\Skripsi\Experiment\data\raw\RGB2\S31\AC1\RGB2_SUB31ACT1F91.jpg,0,0,0.03286111354827881
752,31,5,1,D:\Skripsi\Experiment\data\raw\RGB2\S31\AC5\RGB2_SUB31ACT5F1.jpg,1,1,0.9998420476913452
753,31,5,16,D:\Skripsi\Experiment\data\raw\RGB2\S31\AC5\RGB2_SUB31ACT5F16.jpg,1,1,0.9986207485198975
754,31,5,31,D:\Skripsi\Experiment\data\raw\RGB2\S31\AC5\RGB2_SUB31ACT5F31.jpg,1,1,0.9997406601905823
755,31,5,46,D:\Skripsi\Experiment\data\raw\RGB2\S31\AC5\RGB2_SUB31ACT5F46.jpg,1,1,0.9989463686943054
756,31,5,61,D:\Skripsi\Experiment\data\raw\RGB2\S31\AC5\RGB2_SUB31ACT5F61.jpg,1,1,0.9992201328277588
757,31,5,76,D:\Skripsi\Experiment\data\raw\RGB2\S31\AC5\RGB2_SUB31ACT5F76.jpg,1,1,0.9997745156288147
758,31,5,91,D:\Skripsi\Experiment\data\raw\RGB2\S31\AC5\RGB2_SUB31ACT5F91.jpg,1,1,0.999515175819397
759,31,6,1,D:\Skripsi\Experiment\data\raw\RGB2\S31\AC6\RGB2_SUB31ACT6F1.jpg,1,1,0.9993308782577515
760,31,6,16,D:\Skripsi\Experiment\data\raw\RGB2\S31\AC6\RGB2_SUB31ACT6F16.jpg,1,1,0.9868387579917908
761,31,6,31,D:\Skripsi\Experiment\data\raw\RGB2\S31\AC6\RGB2_SUB31ACT6F31.jpg,1,1,0.953550398349762
762,31,6,46,D:\Skripsi\Experiment\data\raw\RGB2\S31\AC6\RGB2_SUB31ACT6F46.jpg,1,1,0.9793108105659485
763,31,6,61,D:\Skripsi\Experiment\data\raw\RGB2\S31\AC6\RGB2_SUB31ACT6F61.jpg,1,1,0.9945710301399231
764,31,6,76,D:\Skripsi\Experiment\data\raw\RGB2\S31\AC6\RGB2_SUB31ACT6F76.jpg,1,1,0.9961477518081665
765,31,7,1,D:\Skripsi\Experiment\data\raw\RGB2\S31\AC7\RGB2_SUB31ACT7F1.jpg,1,1,0.9982255101203918
766,31,7,106,D:\Skripsi\Experiment\data\raw\RGB2\S31\AC7\RGB2_SUB31ACT7F106.jpg,1,1,0.9995111227035522
767,31,7,16,D:\Skripsi\Experiment\data\raw\RGB2\S31\AC7\RGB2_SUB31ACT7F16.jpg,1,1,0.9955376386642456
768,31,7,31,D:\Skripsi\Experiment\data\raw\RGB2\S31\AC7\RGB2_SUB31ACT7F31.jpg,1,1,0.9992756247520447
769,31,7,46,D:\Skripsi\Experiment\data\raw\RGB2\S31\AC7\RGB2_SUB31ACT7F46.jpg,1,1,0.9993478655815125
770,31,7,61,D:\Skripsi\Experiment\data\raw\RGB2\S31\AC7\RGB2_SUB31ACT7F61.jpg,1,1,0.9998296499252319
771,31,7,76,D:\Skripsi\Experiment\data\raw\RGB2\S31\AC7\RGB2_SUB31ACT7F76.jpg,1,1,0.9998605251312256
772,31,7,91,D:\Skripsi\Experiment\data\raw\RGB2\S31\AC7\RGB2_SUB31ACT7F91.jpg,1,1,0.9997236132621765
773,31,8,1,D:\Skripsi\Experiment\data\raw\RGB2\S31\AC8\RGB2_SUB31ACT8F1.jpg,1,1,0.999796450138092
774,31,8,106,D:\Skripsi\Experiment\data\raw\RGB2\S31\AC8\RGB2_SUB31ACT8F106.jpg,1,1,0.9981997013092041
775,31,8,121,D:\Skripsi\Experiment\data\raw\RGB2\S31\AC8\RGB2_SUB31ACT8F121.jpg,1,1,0.9992984533309937
776,31,8,16,D:\Skripsi\Experiment\data\raw\RGB2\S31\AC8\RGB2_SUB31ACT8F16.jpg,1,1,0.9996646642684937
777,31,8,31,D:\Skripsi\Experiment\data\raw\RGB2\S31\AC8\RGB2_SUB31ACT8F31.jpg,1,1,0.9998644590377808
778,31,8,46,D:\Skripsi\Experiment\data\raw\RGB2\S31\AC8\RGB2_SUB31ACT8F46.jpg,1,1,0.9998947381973267
779,31,8,61,D:\Skripsi\Experiment\data\raw\RGB2\S31\AC8\RGB2_SUB31ACT8F61.jpg,1,1,0.9998849630355835
780,31,8,76,D:\Skripsi\Experiment\data\raw\RGB2\S31\AC8\RGB2_SUB31ACT8F76.jpg,1,1,0.9997931122779846
781,31,8,91,D:\Skripsi\Experiment\data\raw\RGB2\S31\AC8\RGB2_SUB31ACT8F91.jpg,1,1,0.9999865293502808
782,31,9,1,D:\Skripsi\Experiment\data\raw\RGB2\S31\AC9\RGB2_SUB31ACT9F1.jpg,1,1,0.9997344613075256
783,31,9,106,D:\Skripsi\Experiment\data\raw\RGB2\S31\AC9\RGB2_SUB31ACT9F106.jpg,1,1,0.9993446469306946
784,31,9,121,D:\Skripsi\Experiment\data\raw\RGB2\S31\AC9\RGB2_SUB31ACT9F121.jpg,1,1,0.9977743029594421
785,31,9,136,D:\Skripsi\Experiment\data\raw\RGB2\S31\AC9\RGB2_SUB31ACT9F136.jpg,1,1,0.998362123966217
786,31,9,16,D:\Skripsi\Experiment\data\raw\RGB2\S31\AC9\RGB2_SUB31ACT9F16.jpg,1,1,0.9997568726539612
787,31,9,31,D:\Skripsi\Experiment\data\raw\RGB2\S31\AC9\RGB2_SUB31ACT9F31.jpg,1,1,0.9986611604690552
788,31,9,46,D:\Skripsi\Experiment\data\raw\RGB2\S31\AC9\RGB2_SUB31ACT9F46.jpg,1,1,0.9985212683677673
789,31,9,61,D:\Skripsi\Experiment\data\raw\RGB2\S31\AC9\RGB2_SUB31ACT9F61.jpg,1,1,0.9997279047966003
790,31,9,76,D:\Skripsi\Experiment\data\raw\RGB2\S31\AC9\RGB2_SUB31ACT9F76.jpg,1,1,0.9994968175888062
791,31,9,91,D:\Skripsi\Experiment\data\raw\RGB2\S31\AC9\RGB2_SUB31ACT9F91.jpg,1,1,0.9966155886650085
792,32,1,1,D:\Skripsi\Experiment\data\raw\RGB2\S32\AC1\RGB2_SUB32ACT1F1.jpg,0,0,0.004278429783880711
793,32,1,16,D:\Skripsi\Experiment\data\raw\RGB2\S32\AC1\RGB2_SUB32ACT1F16.jpg,0,0,0.005173652432858944
794,32,1,31,D:\Skripsi\Experiment\data\raw\RGB2\S32\AC1\RGB2_SUB32ACT1F31.jpg,0,0,0.0239456407725811
795,32,1,46,D:\Skripsi\Experiment\data\raw\RGB2\S32\AC1\RGB2_SUB32ACT1F46.jpg,0,0,0.014220600947737694
796,32,1,61,D:\Skripsi\Experiment\data\raw\RGB2\S32\AC1\RGB2_SUB32ACT1F61.jpg,0,0,0.020633019506931305
797,32,1,76,D:\Skripsi\Experiment\data\raw\RGB2\S32\AC1\RGB2_SUB32ACT1F76.jpg,0,0,0.01536888349801302
798,32,1,91,D:\Skripsi\Experiment\data\raw\RGB2\S32\AC1\RGB2_SUB32ACT1F91.jpg,0,0,0.04526941105723381
799,32,5,1,D:\Skripsi\Experiment\data\raw\RGB2\S32\AC5\RGB2_SUB32ACT5F1.jpg,1,1,0.9924916625022888
800,32,5,16,D:\Skripsi\Experiment\data\raw\RGB2\S32\AC5\RGB2_SUB32ACT5F16.jpg,1,1,0.9998975992202759
801,32,5,31,D:\Skripsi\Experiment\data\raw\RGB2\S32\AC5\RGB2_SUB32ACT5F31.jpg,1,1,0.9984476566314697
802,32,5,46,D:\Skripsi\Experiment\data\raw\RGB2\S32\AC5\RGB2_SUB32ACT5F46.jpg,1,1,0.9997237324714661
803,32,5,61,D:\Skripsi\Experiment\data\raw\RGB2\S32\AC5\RGB2_SUB32ACT5F61.jpg,1,1,0.9994145631790161
804,32,5,76,D:\Skripsi\Experiment\data\raw\RGB2\S32\AC5\RGB2_SUB32ACT5F76.jpg,1,1,0.9980011582374573
805,32,5,91,D:\Skripsi\Experiment\data\raw\RGB2\S32\AC5\RGB2_SUB32ACT5F91.jpg,1,1,0.9996168613433838
806,32,6,1,D:\Skripsi\Experiment\data\raw\RGB2\S32\AC6\RGB2_SUB32ACT6F1.jpg,1,1,0.9999744892120361
807,32,6,16,D:\Skripsi\Experiment\data\raw\RGB2\S32\AC6\RGB2_SUB32ACT6F16.jpg,1,1,0.9999772310256958
808,32,6,31,D:\Skripsi\Experiment\data\raw\RGB2\S32\AC6\RGB2_SUB32ACT6F31.jpg,1,1,0.9999586343765259
809,32,6,46,D:\Skripsi\Experiment\data\raw\RGB2\S32\AC6\RGB2_SUB32ACT6F46.jpg,1,1,0.9994567036628723
810,32,6,61,D:\Skripsi\Experiment\data\raw\RGB2\S32\AC6\RGB2_SUB32ACT6F61.jpg,1,1,0.9860627055168152
811,32,6,76,D:\Skripsi\Experiment\data\raw\RGB2\S32\AC6\RGB2_SUB32ACT6F76.jpg,1,1,0.9965180158615112
812,32,6,91,D:\Skripsi\Experiment\data\raw\RGB2\S32\AC6\RGB2_SUB32ACT6F91.jpg,1,1,0.9989563226699829
813,32,7,1,D:\Skripsi\Experiment\data\raw\RGB2\S32\AC7\RGB2_SUB32ACT7F1.jpg,1,1,0.9960513710975647
814,32,7,16,D:\Skripsi\Experiment\data\raw\RGB2\S32\AC7\RGB2_SUB32ACT7F16.jpg,1,1,0.9928451180458069
815,32,7,31,D:\Skripsi\Experiment\data\raw\RGB2\S32\AC7\RGB2_SUB32ACT7F31.jpg,1,1,0.9994086027145386
816,32,7,46,D:\Skripsi\Experiment\data\raw\RGB2\S32\AC7\RGB2_SUB32ACT7F46.jpg,1,1,0.9998757839202881
817,32,7,61,D:\Skripsi\Experiment\data\raw\RGB2\S32\AC7\RGB2_SUB32ACT7F61.jpg,1,1,0.9999208450317383
818,32,7,76,D:\Skripsi\Experiment\data\raw\RGB2\S32\AC7\RGB2_SUB32ACT7F76.jpg,1,1,0.9996386766433716
819,32,7,91,D:\Skripsi\Experiment\data\raw\RGB2\S32\AC7\RGB2_SUB32ACT7F91.jpg,1,1,0.9895104169845581
820,32,8,1,D:\Skripsi\Experiment\data\raw\RGB2\S32\AC8\RGB2_SUB32ACT8F1.jpg,1,1,0.9998261332511902
821,32,8,16,D:\Skripsi\Experiment\data\raw\RGB2\S32\AC8\RGB2_SUB32ACT8F16.jpg,1,1,0.9999251365661621
822,32,8,31,D:\Skripsi\Experiment\data\raw\RGB2\S32\AC8\RGB2_SUB32ACT8F31.jpg,1,1,0.9999852180480957
823,32,8,46,D:\Skripsi\Experiment\data\raw\RGB2\S32\AC8\RGB2_SUB32ACT8F46.jpg,1,1,0.9998034834861755
824,32,8,61,D:\Skripsi\Experiment\data\raw\RGB2\S32\AC8\RGB2_SUB32ACT8F61.jpg,1,1,0.9995792508125305
825,32,8,76,D:\Skripsi\Experiment\data\raw\RGB2\S32\AC8\RGB2_SUB32ACT8F76.jpg,1,1,0.9998748302459717
826,32,9,1,D:\Skripsi\Experiment\data\raw\RGB2\S32\AC9\RGB2_SUB32ACT9F1.jpg,1,1,0.9991267323493958
827,32,9,16,D:\Skripsi\Experiment\data\raw\RGB2\S32\AC9\RGB2_SUB32ACT9F16.jpg,1,1,0.9987199306488037
828,32,9,31,D:\Skripsi\Experiment\data\raw\RGB2\S32\AC9\RGB2_SUB32ACT9F31.jpg,1,1,0.9998939037322998
829,32,9,46,D:\Skripsi\Experiment\data\raw\RGB2\S32\AC9\RGB2_SUB32ACT9F46.jpg,1,1,0.9999651908874512
830,32,9,61,D:\Skripsi\Experiment\data\raw\RGB2\S32\AC9\RGB2_SUB32ACT9F61.jpg,1,1,0.9998912811279297
831,33,1,1,D:\Skripsi\Experiment\data\raw\RGB2\S33\AC1\RGB2_SUB33ACT1F1.jpg,0,0,0.0006633482407778502
832,33,1,16,D:\Skripsi\Experiment\data\raw\RGB2\S33\AC1\RGB2_SUB33ACT1F16.jpg,0,0,0.000905583321582526
833,33,1,31,D:\Skripsi\Experiment\data\raw\RGB2\S33\AC1\RGB2_SUB33ACT1F31.jpg,0,0,0.0014333511935546994
834,33,1,46,D:\Skripsi\Experiment\data\raw\RGB2\S33\AC1\RGB2_SUB33ACT1F46.jpg,0,0,0.00027383805718272924
835,33,1,61,D:\Skripsi\Experiment\data\raw\RGB2\S33\AC1\RGB2_SUB33ACT1F61.jpg,0,0,0.0008258411544375122
836,33,1,76,D:\Skripsi\Experiment\data\raw\RGB2\S33\AC1\RGB2_SUB33ACT1F76.jpg,0,0,0.0022589184809476137
837,33,5,1,D:\Skripsi\Experiment\data\raw\RGB2\S33\AC5\RGB2_SUB33ACT5F1.jpg,1,1,0.9999485015869141
838,33,5,16,D:\Skripsi\Experiment\data\raw\RGB2\S33\AC5\RGB2_SUB33ACT5F16.jpg,1,1,0.9999152421951294
839,33,5,31,D:\Skripsi\Experiment\data\raw\RGB2\S33\AC5\RGB2_SUB33ACT5F31.jpg,1,1,0.9999159574508667
840,33,5,46,D:\Skripsi\Experiment\data\raw\RGB2\S33\AC5\RGB2_SUB33ACT5F46.jpg,1,1,0.9998230338096619
841,33,5,61,D:\Skripsi\Experiment\data\raw\RGB2\S33\AC5\RGB2_SUB33ACT5F61.jpg,1,1,0.999872088432312
842,33,5,76,D:\Skripsi\Experiment\data\raw\RGB2\S33\AC5\RGB2_SUB33ACT5F76.jpg,1,1,0.9997968077659607
843,33,6,1,D:\Skripsi\Experiment\data\raw\RGB2\S33\AC6\RGB2_SUB33ACT6F1.jpg,1,1,0.9997822642326355
844,33,6,16,D:\Skripsi\Experiment\data\raw\RGB2\S33\AC6\RGB2_SUB33ACT6F16.jpg,1,1,0.9984862208366394
845,33,6,31,D:\Skripsi\Experiment\data\raw\RGB2\S33\AC6\RGB2_SUB33ACT6F31.jpg,1,1,0.9995386600494385
846,33,6,46,D:\Skripsi\Experiment\data\raw\RGB2\S33\AC6\RGB2_SUB33ACT6F46.jpg,1,1,0.9996821880340576
847,33,6,61,D:\Skripsi\Experiment\data\raw\RGB2\S33\AC6\RGB2_SUB33ACT6F61.jpg,1,1,0.9992863535881042
848,33,6,76,D:\Skripsi\Experiment\data\raw\RGB2\S33\AC6\RGB2_SUB33ACT6F76.jpg,1,1,0.9994556307792664
849,33,7,1,D:\Skripsi\Experiment\data\raw\RGB2\S33\AC7\RGB2_SUB33ACT7F1.jpg,1,1,0.9994491934776306
850,33,7,16,D:\Skripsi\Experiment\data\raw\RGB2\S33\AC7\RGB2_SUB33ACT7F16.jpg,1,1,0.9997580647468567
851,33,7,31,D:\Skripsi\Experiment\data\raw\RGB2\S33\AC7\RGB2_SUB33ACT7F31.jpg,1,1,0.9996849298477173
852,33,7,46,D:\Skripsi\Experiment\data\raw\RGB2\S33\AC7\RGB2_SUB33ACT7F46.jpg,1,1,0.9996101260185242
853,33,7,61,D:\Skripsi\Experiment\data\raw\RGB2\S33\AC7\RGB2_SUB33ACT7F61.jpg,1,1,0.998577356338501
854,33,7,76,D:\Skripsi\Experiment\data\raw\RGB2\S33\AC7\RGB2_SUB33ACT7F76.jpg,1,1,0.9998613595962524
855,33,7,91,D:\Skripsi\Experiment\data\raw\RGB2\S33\AC7\RGB2_SUB33ACT7F91.jpg,1,1,0.999359667301178
856,33,8,1,D:\Skripsi\Experiment\data\raw\RGB2\S33\AC8\RGB2_SUB33ACT8F1.jpg,1,1,0.9985853433609009
857,33,8,106,D:\Skripsi\Experiment\data\raw\RGB2\S33\AC8\RGB2_SUB33ACT8F106.jpg,1,1,0.9993780851364136
858,33,8,16,D:\Skripsi\Experiment\data\raw\RGB2\S33\AC8\RGB2_SUB33ACT8F16.jpg,1,1,0.9992380142211914
859,33,8,31,D:\Skripsi\Experiment\data\raw\RGB2\S33\AC8\RGB2_SUB33ACT8F31.jpg,1,1,0.9985272884368896
860,33,8,46,D:\Skripsi\Experiment\data\raw\RGB2\S33\AC8\RGB2_SUB33ACT8F46.jpg,1,1,0.9982665181159973
861,33,8,61,D:\Skripsi\Experiment\data\raw\RGB2\S33\AC8\RGB2_SUB33ACT8F61.jpg,1,1,0.9989030361175537
862,33,8,76,D:\Skripsi\Experiment\data\raw\RGB2\S33\AC8\RGB2_SUB33ACT8F76.jpg,1,1,0.9986842274665833
863,33,8,91,D:\Skripsi\Experiment\data\raw\RGB2\S33\AC8\RGB2_SUB33ACT8F91.jpg,1,1,0.9997914433479309
864,33,9,1,D:\Skripsi\Experiment\data\raw\RGB2\S33\AC9\RGB2_SUB33ACT9F1.jpg,1,1,0.9993183612823486
865,33,9,16,D:\Skripsi\Experiment\data\raw\RGB2\S33\AC9\RGB2_SUB33ACT9F16.jpg,1,1,0.9994106292724609
866,33,9,31,D:\Skripsi\Experiment\data\raw\RGB2\S33\AC9\RGB2_SUB33ACT9F31.jpg,1,1,0.999840497970581
867,33,9,46,D:\Skripsi\Experiment\data\raw\RGB2\S33\AC9\RGB2_SUB33ACT9F46.jpg,1,1,0.998831570148468
868,33,9,61,D:\Skripsi\Experiment\data\raw\RGB2\S33\AC9\RGB2_SUB33ACT9F61.jpg,1,1,0.9986604452133179
869,33,9,76,D:\Skripsi\Experiment\data\raw\RGB2\S33\AC9\RGB2_SUB33ACT9F76.jpg,1,1,0.9987396597862244
870,33,9,91,D:\Skripsi\Experiment\data\raw\RGB2\S33\AC9\RGB2_SUB33ACT9F91.jpg,1,1,0.9976855516433716
871,34,1,1,D:\Skripsi\Experiment\data\raw\RGB2\S34\AC1\RGB2_SUB34ACT1F1.jpg,0,0,0.0017406390979886055
872,34,1,16,D:\Skripsi\Experiment\data\raw\RGB2\S34\AC1\RGB2_SUB34ACT1F16.jpg,0,0,0.0013550389558076859
873,34,1,31,D:\Skripsi\Experiment\data\raw\RGB2\S34\AC1\RGB2_SUB34ACT1F31.jpg,0,0,0.0007403002819046378
874,34,1,46,D:\Skripsi\Experiment\data\raw\RGB2\S34\AC1\RGB2_SUB34ACT1F46.jpg,0,0,0.0007992023602128029
875,34,1,61,D:\Skripsi\Experiment\data\raw\RGB2\S34\AC1\RGB2_SUB34ACT1F61.jpg,0,0,0.0011687768856063485
876,34,5,1,D:\Skripsi\Experiment\data\raw\RGB2\S34\AC5\RGB2_SUB34ACT5F1.jpg,1,1,0.9956086277961731
877,34,5,16,D:\Skripsi\Experiment\data\raw\RGB2\S34\AC5\RGB2_SUB34ACT5F16.jpg,1,1,0.9988504648208618
878,34,5,31,D:\Skripsi\Experiment\data\raw\RGB2\S34\AC5\RGB2_SUB34ACT5F31.jpg,1,1,0.9996989965438843
879,34,5,46,D:\Skripsi\Experiment\data\raw\RGB2\S34\AC5\RGB2_SUB34ACT5F46.jpg,1,1,0.9989808201789856
880,34,5,61,D:\Skripsi\Experiment\data\raw\RGB2\S34\AC5\RGB2_SUB34ACT5F61.jpg,1,1,0.999915361404419
881,34,5,76,D:\Skripsi\Experiment\data\raw\RGB2\S34\AC5\RGB2_SUB34ACT5F76.jpg,1,1,0.9998204112052917
882,34,6,1,D:\Skripsi\Experiment\data\raw\RGB2\S34\AC6\RGB2_SUB34ACT6F1.jpg,1,1,0.9137153029441833
883,34,6,16,D:\Skripsi\Experiment\data\raw\RGB2\S34\AC6\RGB2_SUB34ACT6F16.jpg,1,1,0.8744687438011169
884,34,6,31,D:\Skripsi\Experiment\data\raw\RGB2\S34\AC6\RGB2_SUB34ACT6F31.jpg,1,1,0.9968971014022827
885,34,6,46,D:\Skripsi\Experiment\data\raw\RGB2\S34\AC6\RGB2_SUB34ACT6F46.jpg,1,1,0.9997010231018066
886,34,6,61,D:\Skripsi\Experiment\data\raw\RGB2\S34\AC6\RGB2_SUB34ACT6F61.jpg,1,1,0.9997420907020569
887,34,7,1,D:\Skripsi\Experiment\data\raw\RGB2\S34\AC7\RGB2_SUB34ACT7F1.jpg,1,1,0.9994947910308838
888,34,7,16,D:\Skripsi\Experiment\data\raw\RGB2\S34\AC7\RGB2_SUB34ACT7F16.jpg,1,1,0.9994940757751465
889,34,7,31,D:\Skripsi\Experiment\data\raw\RGB2\S34\AC7\RGB2_SUB34ACT7F31.jpg,1,1,0.998822033405304
890,34,7,46,D:\Skripsi\Experiment\data\raw\RGB2\S34\AC7\RGB2_SUB34ACT7F46.jpg,1,1,0.9998281002044678
891,34,7,61,D:\Skripsi\Experiment\data\raw\RGB2\S34\AC7\RGB2_SUB34ACT7F61.jpg,1,1,0.9996696710586548
892,34,7,76,D:\Skripsi\Experiment\data\raw\RGB2\S34\AC7\RGB2_SUB34ACT7F76.jpg,1,1,0.9988954067230225
893,34,8,1,D:\Skripsi\Experiment\data\raw\RGB2\S34\AC8\RGB2_SUB34ACT8F1.jpg,1,1,0.9993417859077454
894,34,8,16,D:\Skripsi\Experiment\data\raw\RGB2\S34\AC8\RGB2_SUB34ACT8F16.jpg,1,1,0.9998270869255066
895,34,8,31,D:\Skripsi\Experiment\data\raw\RGB2\S34\AC8\RGB2_SUB34ACT8F31.jpg,1,1,0.9996893405914307
896,34,8,46,D:\Skripsi\Experiment\data\raw\RGB2\S34\AC8\RGB2_SUB34ACT8F46.jpg,1,1,0.9996544122695923
897,34,8,61,D:\Skripsi\Experiment\data\raw\RGB2\S34\AC8\RGB2_SUB34ACT8F61.jpg,1,1,0.9996052384376526
898,34,8,76,D:\Skripsi\Experiment\data\raw\RGB2\S34\AC8\RGB2_SUB34ACT8F76.jpg,1,1,0.9993950128555298
899,34,8,91,D:\Skripsi\Experiment\data\raw\RGB2\S34\AC8\RGB2_SUB34ACT8F91.jpg,1,1,0.9997945427894592
900,34,9,1,D:\Skripsi\Experiment\data\raw\RGB2\S34\AC9\RGB2_SUB34ACT9F1.jpg,1,1,0.9998334646224976
901,34,9,16,D:\Skripsi\Experiment\data\raw\RGB2\S34\AC9\RGB2_SUB34ACT9F16.jpg,1,1,0.9998694658279419
902,34,9,31,D:\Skripsi\Experiment\data\raw\RGB2\S34\AC9\RGB2_SUB34ACT9F31.jpg,1,1,0.9996622800827026
903,34,9,46,D:\Skripsi\Experiment\data\raw\RGB2\S34\AC9\RGB2_SUB34ACT9F46.jpg,1,1,0.9995424747467041
904,34,9,61,D:\Skripsi\Experiment\data\raw\RGB2\S34\AC9\RGB2_SUB34ACT9F61.jpg,1,1,0.9973322153091431
905,34,9,76,D:\Skripsi\Experiment\data\raw\RGB2\S34\AC9\RGB2_SUB34ACT9F76.jpg,1,1,0.9995335340499878
906,35,1,1,D:\Skripsi\Experiment\data\raw\RGB2\S35\AC1\RGB2_SUB35ACT1F1.jpg,0,0,0.0023765924852341413
907,35,1,106,D:\Skripsi\Experiment\data\raw\RGB2\S35\AC1\RGB2_SUB35ACT1F106.jpg,0,0,0.0042240433394908905
908,35,1,121,D:\Skripsi\Experiment\data\raw\RGB2\S35\AC1\RGB2_SUB35ACT1F121.jpg,0,0,0.0031061735935509205
909,35,1,16,D:\Skripsi\Experiment\data\raw\RGB2\S35\AC1\RGB2_SUB35ACT1F16.jpg,0,0,0.005838966928422451
910,35,1,31,D:\Skripsi\Experiment\data\raw\RGB2\S35\AC1\RGB2_SUB35ACT1F31.jpg,0,0,0.003729770891368389
911,35,1,46,D:\Skripsi\Experiment\data\raw\RGB2\S35\AC1\RGB2_SUB35ACT1F46.jpg,0,0,0.0013835362624377012
912,35,1,61,D:\Skripsi\Experiment\data\raw\RGB2\S35\AC1\RGB2_SUB35ACT1F61.jpg,0,0,0.0026706489734351635
913,35,1,76,D:\Skripsi\Experiment\data\raw\RGB2\S35\AC1\RGB2_SUB35ACT1F76.jpg,0,0,0.0029106279835104942
914,35,1,91,D:\Skripsi\Experiment\data\raw\RGB2\S35\AC1\RGB2_SUB35ACT1F91.jpg,0,0,0.0029889598954468966
915,35,5,1,D:\Skripsi\Experiment\data\raw\RGB2\S35\AC5\RGB2_SUB35ACT5F1.jpg,1,1,0.9993025064468384
916,35,5,106,D:\Skripsi\Experiment\data\raw\RGB2\S35\AC5\RGB2_SUB35ACT5F106.jpg,1,1,0.9947695136070251
917,35,5,16,D:\Skripsi\Experiment\data\raw\RGB2\S35\AC5\RGB2_SUB35ACT5F16.jpg,1,1,0.9971135854721069
918,35,5,31,D:\Skripsi\Experiment\data\raw\RGB2\S35\AC5\RGB2_SUB35ACT5F31.jpg,1,1,0.9997580647468567
919,35,5,46,D:\Skripsi\Experiment\data\raw\RGB2\S35\AC5\RGB2_SUB35ACT5F46.jpg,1,1,0.999993085861206
920,35,5,61,D:\Skripsi\Experiment\data\raw\RGB2\S35\AC5\RGB2_SUB35ACT5F61.jpg,1,1,0.9987938404083252
921,35,5,76,D:\Skripsi\Experiment\data\raw\RGB2\S35\AC5\RGB2_SUB35ACT5F76.jpg,1,1,0.9995747208595276
922,35,5,91,D:\Skripsi\Experiment\data\raw\RGB2\S35\AC5\RGB2_SUB35ACT5F91.jpg,1,1,0.9985679388046265
923,35,6,1,D:\Skripsi\Experiment\data\raw\RGB2\S35\AC6\RGB2_SUB35ACT6F1.jpg,1,1,0.9973727464675903
924,35,6,106,D:\Skripsi\Experiment\data\raw\RGB2\S35\AC6\RGB2_SUB35ACT6F106.jpg,1,1,0.9968204498291016
925,35,6,121,D:\Skripsi\Experiment\data\raw\RGB2\S35\AC6\RGB2_SUB35ACT6F121.jpg,1,1,0.9984133243560791
926,35,6,136,D:\Skripsi\Experiment\data\raw\RGB2\S35\AC6\RGB2_SUB35ACT6F136.jpg,1,1,0.9992677569389343
927,35,6,151,D:\Skripsi\Experiment\data\raw\RGB2\S35\AC6\RGB2_SUB35ACT6F151.jpg,1,1,0.9992133378982544
928,35,6,16,D:\Skripsi\Experiment\data\raw\RGB2\S35\AC6\RGB2_SUB35ACT6F16.jpg,1,1,0.8024793267250061
929,35,6,166,D:\Skripsi\Experiment\data\raw\RGB2\S35\AC6\RGB2_SUB35ACT6F166.jpg,1,1,0.9997050166130066
930,35,6,31,D:\Skripsi\Experiment\data\raw\RGB2\S35\AC6\RGB2_SUB35ACT6F31.jpg,1,1,0.9983115196228027
931,35,6,46,D:\Skripsi\Experiment\data\raw\RGB2\S35\AC6\RGB2_SUB35ACT6F46.jpg,1,1,0.9962643980979919
932,35,6,61,D:\Skripsi\Experiment\data\raw\RGB2\S35\AC6\RGB2_SUB35ACT6F61.jpg,1,1,0.9910691976547241
933,35,6,76,D:\Skripsi\Experiment\data\raw\RGB2\S35\AC6\RGB2_SUB35ACT6F76.jpg,1,1,0.9967537522315979
934,35,6,91,D:\Skripsi\Experiment\data\raw\RGB2\S35\AC6\RGB2_SUB35ACT6F91.jpg,1,1,0.9747904539108276
935,35,7,1,D:\Skripsi\Experiment\data\raw\RGB2\S35\AC7\RGB2_SUB35ACT7F1.jpg,1,1,0.9995586276054382
936,35,7,106,D:\Skripsi\Experiment\data\raw\RGB2\S35\AC7\RGB2_SUB35ACT7F106.jpg,1,1,0.9978895783424377
937,35,7,121,D:\Skripsi\Experiment\data\raw\RGB2\S35\AC7\RGB2_SUB35ACT7F121.jpg,1,1,0.9988377690315247
938,35,7,136,D:\Skripsi\Experiment\data\raw\RGB2\S35\AC7\RGB2_SUB35ACT7F136.jpg,1,1,0.9995723366737366
939,35,7,151,D:\Skripsi\Experiment\data\raw\RGB2\S35\AC7\RGB2_SUB35ACT7F151.jpg,1,1,0.9956843852996826
940,35,7,16,D:\Skripsi\Experiment\data\raw\RGB2\S35\AC7\RGB2_SUB35ACT7F16.jpg,1,1,0.8988352417945862
941,35,7,166,D:\Skripsi\Experiment\data\raw\RGB2\S35\AC7\RGB2_SUB35ACT7F166.jpg,1,1,0.9993284940719604
942,35,7,181,D:\Skripsi\Experiment\data\raw\RGB2\S35\AC7\RGB2_SUB35ACT7F181.jpg,1,1,0.9990653395652771
943,35,7,31,D:\Skripsi\Experiment\data\raw\RGB2\S35\AC7\RGB2_SUB35ACT7F31.jpg,1,1,0.9882182478904724
944,35,7,46,D:\Skripsi\Experiment\data\raw\RGB2\S35\AC7\RGB2_SUB35ACT7F46.jpg,1,1,0.9899753928184509
945,35,7,61,D:\Skripsi\Experiment\data\raw\RGB2\S35\AC7\RGB2_SUB35ACT7F61.jpg,1,1,0.9977522492408752
946,35,7,76,D:\Skripsi\Experiment\data\raw\RGB2\S35\AC7\RGB2_SUB35ACT7F76.jpg,1,1,0.9964733719825745
947,35,7,91,D:\Skripsi\Experiment\data\raw\RGB2\S35\AC7\RGB2_SUB35ACT7F91.jpg,1,1,0.99960857629776
948,35,8,1,D:\Skripsi\Experiment\data\raw\RGB2\S35\AC8\RGB2_SUB35ACT8F1.jpg,1,1,0.9999419450759888
949,35,8,106,D:\Skripsi\Experiment\data\raw\RGB2\S35\AC8\RGB2_SUB35ACT8F106.jpg,1,1,0.961262583732605
950,35,8,16,D:\Skripsi\Experiment\data\raw\RGB2\S35\AC8\RGB2_SUB35ACT8F16.jpg,1,1,0.9998873472213745
951,35,8,31,D:\Skripsi\Experiment\data\raw\RGB2\S35\AC8\RGB2_SUB35ACT8F31.jpg,1,1,0.9998846054077148
952,35,8,46,D:\Skripsi\Experiment\data\raw\RGB2\S35\AC8\RGB2_SUB35ACT8F46.jpg,1,1,0.9999473094940186
953,35,8,61,D:\Skripsi\Experiment\data\raw\RGB2\S35\AC8\RGB2_SUB35ACT8F61.jpg,1,1,0.9998202919960022
954,35,8,76,D:\Skripsi\Experiment\data\raw\RGB2\S35\AC8\RGB2_SUB35ACT8F76.jpg,1,1,0.9996911287307739
955,35,8,91,D:\Skripsi\Experiment\data\raw\RGB2\S35\AC8\RGB2_SUB35ACT8F91.jpg,1,1,0.9994169473648071
956,35,9,1,D:\Skripsi\Experiment\data\raw\RGB2\S35\AC9\RGB2_SUB35ACT9F1.jpg,1,1,0.9851786494255066
957,35,9,106,D:\Skripsi\Experiment\data\raw\RGB2\S35\AC9\RGB2_SUB35ACT9F106.jpg,1,1,0.9907352924346924
958,35,9,121,D:\Skripsi\Experiment\data\raw\RGB2\S35\AC9\RGB2_SUB35ACT9F121.jpg,1,1,0.9979485869407654
959,35,9,16,D:\Skripsi\Experiment\data\raw\RGB2\S35\AC9\RGB2_SUB35ACT9F16.jpg,1,1,0.9989467263221741
960,35,9,31,D:\Skripsi\Experiment\data\raw\RGB2\S35\AC9\RGB2_SUB35ACT9F31.jpg,1,1,0.9998912811279297
961,35,9,46,D:\Skripsi\Experiment\data\raw\RGB2\S35\AC9\RGB2_SUB35ACT9F46.jpg,1,1,0.9983946681022644
962,35,9,61,D:\Skripsi\Experiment\data\raw\RGB2\S35\AC9\RGB2_SUB35ACT9F61.jpg,1,1,0.9998956918716431
963,35,9,76,D:\Skripsi\Experiment\data\raw\RGB2\S35\AC9\RGB2_SUB35ACT9F76.jpg,1,1,0.991502046585083
964,35,9,91,D:\Skripsi\Experiment\data\raw\RGB2\S35\AC9\RGB2_SUB35ACT9F91.jpg,1,1,0.9698569774627686
965,36,1,1,D:\Skripsi\Experiment\data\raw\RGB2\S36\AC1\RGB2_SUB36ACT1F1.jpg,0,0,0.004194206092506647
966,36,1,106,D:\Skripsi\Experiment\data\raw\RGB2\S36\AC1\RGB2_SUB36ACT1F106.jpg,0,0,0.004404495470225811
967,36,1,121,D:\Skripsi\Experiment\data\raw\RGB2\S36\AC1\RGB2_SUB36ACT1F121.jpg,0,0,0.0008469175081700087
968,36,1,16,D:\Skripsi\Experiment\data\raw\RGB2\S36\AC1\RGB2_SUB36ACT1F16.jpg,0,0,0.008350320160388947
969,36,1,31,D:\Skripsi\Experiment\data\raw\RGB2\S36\AC1\RGB2_SUB36ACT1F31.jpg,0,0,0.0016802680911496282
970,36,1,46,D:\Skripsi\Experiment\data\raw\RGB2\S36\AC1\RGB2_SUB36ACT1F46.jpg,0,0,0.0021329030860215425
971,36,1,61,D:\Skripsi\Experiment\data\raw\RGB2\S36\AC1\RGB2_SUB36ACT1F61.jpg,0,0,0.0019251928897574544
972,36,1,76,D:\Skripsi\Experiment\data\raw\RGB2\S36\AC1\RGB2_SUB36ACT1F76.jpg,0,0,0.0012095344718545675
973,36,1,91,D:\Skripsi\Experiment\data\raw\RGB2\S36\AC1\RGB2_SUB36ACT1F91.jpg,0,0,0.002083894796669483
974,36,5,1,D:\Skripsi\Experiment\data\raw\RGB2\S36\AC5\RGB2_SUB36ACT5F1.jpg,1,1,0.983744204044342
975,36,5,106,D:\Skripsi\Experiment\data\raw\RGB2\S36\AC5\RGB2_SUB36ACT5F106.jpg,1,1,0.9987781643867493
976,36,5,121,D:\Skripsi\Experiment\data\raw\RGB2\S36\AC5\RGB2_SUB36ACT5F121.jpg,1,1,0.987235963344574
977,36,5,136,D:\Skripsi\Experiment\data\raw\RGB2\S36\AC5\RGB2_SUB36ACT5F136.jpg,1,1,0.9998223185539246
978,36,5,16,D:\Skripsi\Experiment\data\raw\RGB2\S36\AC5\RGB2_SUB36ACT5F16.jpg,1,1,0.9995679259300232
979,36,5,31,D:\Skripsi\Experiment\data\raw\RGB2\S36\AC5\RGB2_SUB36ACT5F31.jpg,1,1,0.9969967603683472
980,36,5,46,D:\Skripsi\Experiment\data\raw\RGB2\S36\AC5\RGB2_SUB36ACT5F46.jpg,1,1,0.993748664855957
981,36,5,61,D:\Skripsi\Experiment\data\raw\RGB2\S36\AC5\RGB2_SUB36ACT5F61.jpg,1,1,0.9990266561508179
982,36,5,76,D:\Skripsi\Experiment\data\raw\RGB2\S36\AC5\RGB2_SUB36ACT5F76.jpg,1,1,0.9990118741989136
983,36,5,91,D:\Skripsi\Experiment\data\raw\RGB2\S36\AC5\RGB2_SUB36ACT5F91.jpg,1,1,0.9968463778495789
984,36,6,1,D:\Skripsi\Experiment\data\raw\RGB2\S36\AC6\RGB2_SUB36ACT6F1.jpg,1,1,0.9993810653686523
985,36,6,16,D:\Skripsi\Experiment\data\raw\RGB2\S36\AC6\RGB2_SUB36ACT6F16.jpg,1,1,0.9995325803756714
986,36,6,31,D:\Skripsi\Experiment\data\raw\RGB2\S36\AC6\RGB2_SUB36ACT6F31.jpg,1,1,0.9997890591621399
987,36,6,46,D:\Skripsi\Experiment\data\raw\RGB2\S36\AC6\RGB2_SUB36ACT6F46.jpg,1,1,0.999941349029541
988,36,6,61,D:\Skripsi\Experiment\data\raw\RGB2\S36\AC6\RGB2_SUB36ACT6F61.jpg,1,1,0.9923322200775146
989,36,6,76,D:\Skripsi\Experiment\data\raw\RGB2\S36\AC6\RGB2_SUB36ACT6F76.jpg,1,1,0.9994392991065979
990,36,6,91,D:\Skripsi\Experiment\data\raw\RGB2\S36\AC6\RGB2_SUB36ACT6F91.jpg,1,1,0.9963334798812866
991,36,7,1,D:\Skripsi\Experiment\data\raw\RGB2\S36\AC7\RGB2_SUB36ACT7F1.jpg,1,1,0.9994644522666931
992,36,7,106,D:\Skripsi\Experiment\data\raw\RGB2\S36\AC7\RGB2_SUB36ACT7F106.jpg,1,1,0.998319685459137
993,36,7,121,D:\Skripsi\Experiment\data\raw\RGB2\S36\AC7\RGB2_SUB36ACT7F121.jpg,1,1,0.9973614811897278
994,36,7,16,D:\Skripsi\Experiment\data\raw\RGB2\S36\AC7\RGB2_SUB36ACT7F16.jpg,1,1,0.9980033040046692
995,36,7,31,D:\Skripsi\Experiment\data\raw\RGB2\S36\AC7\RGB2_SUB36ACT7F31.jpg,1,1,0.9997168183326721
996,36,7,46,D:\Skripsi\Experiment\data\raw\RGB2\S36\AC7\RGB2_SUB36ACT7F46.jpg,1,1,0.9998384714126587
997,36,7,61,D:\Skripsi\Experiment\data\raw\RGB2\S36\AC7\RGB2_SUB36ACT7F61.jpg,1,1,0.9820753931999207
998,36,7,76,D:\Skripsi\Experiment\data\raw\RGB2\S36\AC7\RGB2_SUB36ACT7F76.jpg,1,1,0.8028119802474976
999,36,7,91,D:\Skripsi\Experiment\data\raw\RGB2\S36\AC7\RGB2_SUB36ACT7F91.jpg,1,1,0.9990279674530029
1000,36,8,1,D:\Skripsi\Experiment\data\raw\RGB2\S36\AC8\RGB2_SUB36ACT8F1.jpg,1,1,0.9991796612739563
1001,36,8,106,D:\Skripsi\Experiment\data\raw\RGB2\S36\AC8\RGB2_SUB36ACT8F106.jpg,1,1,0.9999088048934937
1002,36,8,121,D:\Skripsi\Experiment\data\raw\RGB2\S36\AC8\RGB2_SUB36ACT8F121.jpg,1,1,0.9997392296791077
1003,36,8,136,D:\Skripsi\Experiment\data\raw\RGB2\S36\AC8\RGB2_SUB36ACT8F136.jpg,1,1,0.9999241828918457
1004,36,8,16,D:\Skripsi\Experiment\data\raw\RGB2\S36\AC8\RGB2_SUB36ACT8F16.jpg,1,1,0.9978505373001099
1005,36,8,31,D:\Skripsi\Experiment\data\raw\RGB2\S36\AC8\RGB2_SUB36ACT8F31.jpg,1,1,0.9986675977706909
1006,36,8,46,D:\Skripsi\Experiment\data\raw\RGB2\S36\AC8\RGB2_SUB36ACT8F46.jpg,1,1,0.998401939868927
1007,36,8,61,D:\Skripsi\Experiment\data\raw\RGB2\S36\AC8\RGB2_SUB36ACT8F61.jpg,1,1,0.9996483325958252
1008,36,8,76,D:\Skripsi\Experiment\data\raw\RGB2\S36\AC8\RGB2_SUB36ACT8F76.jpg,1,1,0.9993867874145508
1009,36,8,91,D:\Skripsi\Experiment\data\raw\RGB2\S36\AC8\RGB2_SUB36ACT8F91.jpg,1,1,0.9996023774147034
1010,36,9,1,D:\Skripsi\Experiment\data\raw\RGB2\S36\AC9\RGB2_SUB36ACT9F1.jpg,1,1,0.9994882345199585
1011,36,9,106,D:\Skripsi\Experiment\data\raw\RGB2\S36\AC9\RGB2_SUB36ACT9F106.jpg,1,1,0.999711811542511
1012,36,9,121,D:\Skripsi\Experiment\data\raw\RGB2\S36\AC9\RGB2_SUB36ACT9F121.jpg,1,1,0.9993071556091309
1013,36,9,136,D:\Skripsi\Experiment\data\raw\RGB2\S36\AC9\RGB2_SUB36ACT9F136.jpg,1,1,0.9871124625205994
1014,36,9,151,D:\Skripsi\Experiment\data\raw\RGB2\S36\AC9\RGB2_SUB36ACT9F151.jpg,1,1,0.9980478286743164
1015,36,9,16,D:\Skripsi\Experiment\data\raw\RGB2\S36\AC9\RGB2_SUB36ACT9F16.jpg,1,1,0.9978184700012207
1016,36,9,31,D:\Skripsi\Experiment\data\raw\RGB2\S36\AC9\RGB2_SUB36ACT9F31.jpg,1,1,0.999057948589325
1017,36,9,46,D:\Skripsi\Experiment\data\raw\RGB2\S36\AC9\RGB2_SUB36ACT9F46.jpg,1,1,0.9976601600646973
1018,36,9,61,D:\Skripsi\Experiment\data\raw\RGB2\S36\AC9\RGB2_SUB36ACT9F61.jpg,1,1,0.9991029500961304
1019,36,9,76,D:\Skripsi\Experiment\data\raw\RGB2\S36\AC9\RGB2_SUB36ACT9F76.jpg,1,1,0.9964609742164612
1020,36,9,91,D:\Skripsi\Experiment\data\raw\RGB2\S36\AC9\RGB2_SUB36ACT9F91.jpg,1,1,0.9984148740768433
1021,37,1,1,D:\Skripsi\Experiment\data\raw\RGB2\S37\AC1\RGB2_SUB37ACT1F1.jpg,0,0,0.002406445797532797
1022,37,1,106,D:\Skripsi\Experiment\data\raw\RGB2\S37\AC1\RGB2_SUB37ACT1F106.jpg,0,0,0.0018235530005767941
1023,37,1,121,D:\Skripsi\Experiment\data\raw\RGB2\S37\AC1\RGB2_SUB37ACT1F121.jpg,0,0,0.0010702646104618907
1024,37,1,136,D:\Skripsi\Experiment\data\raw\RGB2\S37\AC1\RGB2_SUB37ACT1F136.jpg,0,0,0.003905270481482148
1025,37,1,16,D:\Skripsi\Experiment\data\raw\RGB2\S37\AC1\RGB2_SUB37ACT1F16.jpg,0,0,0.0027802796103060246
1026,37,1,31,D:\Skripsi\Experiment\data\raw\RGB2\S37\AC1\RGB2_SUB37ACT1F31.jpg,0,0,0.0032168696634471416
1027,37,1,46,D:\Skripsi\Experiment\data\raw\RGB2\S37\AC1\RGB2_SUB37ACT1F46.jpg,0,0,0.0032093129120767117
1028,37,1,61,D:\Skripsi\Experiment\data\raw\RGB2\S37\AC1\RGB2_SUB37ACT1F61.jpg,0,0,0.00274109304882586
1029,37,1,76,D:\Skripsi\Experiment\data\raw\RGB2\S37\AC1\RGB2_SUB37ACT1F76.jpg,0,0,0.00180109404027462
1030,37,1,91,D:\Skripsi\Experiment\data\raw\RGB2\S37\AC1\RGB2_SUB37ACT1F91.jpg,0,0,0.0020997370593249798
1031,37,5,1,D:\Skripsi\Experiment\data\raw\RGB2\S37\AC5\RGB2_SUB37ACT5F1.jpg,1,1,0.9992939233779907
1032,37,5,106,D:\Skripsi\Experiment\data\raw\RGB2\S37\AC5\RGB2_SUB37ACT5F106.jpg,1,1,0.9969915151596069
1033,37,5,121,D:\Skripsi\Experiment\data\raw\RGB2\S37\AC5\RGB2_SUB37ACT5F121.jpg,1,1,0.9988124370574951
1034,37,5,16,D:\Skripsi\Experiment\data\raw\RGB2\S37\AC5\RGB2_SUB37ACT5F16.jpg,1,1,0.999136745929718
1035,37,5,31,D:\Skripsi\Experiment\data\raw\RGB2\S37\AC5\RGB2_SUB37ACT5F31.jpg,1,1,0.9987269043922424
1036,37,5,46,D:\Skripsi\Experiment\data\raw\RGB2\S37\AC5\RGB2_SUB37ACT5F46.jpg,1,1,0.9999567270278931
1037,37,5,61,D:\Skripsi\Experiment\data\raw\RGB2\S37\AC5\RGB2_SUB37ACT5F61.jpg,1,1,0.9997616410255432
1038,37,5,76,D:\Skripsi\Experiment\data\raw\RGB2\S37\AC5\RGB2_SUB37ACT5F76.jpg,1,1,0.9998654127120972
1039,37,5,91,D:\Skripsi\Experiment\data\raw\RGB2\S37\AC5\RGB2_SUB37ACT5F91.jpg,1,1,0.9998866319656372
1040,37,6,1,D:\Skripsi\Experiment\data\raw\RGB2\S37\AC6\RGB2_SUB37ACT6F1.jpg,1,1,0.9986559152603149
1041,37,6,106,D:\Skripsi\Experiment\data\raw\RGB2\S37\AC6\RGB2_SUB37ACT6F106.jpg,1,1,0.9999637603759766
1042,37,6,121,D:\Skripsi\Experiment\data\raw\RGB2\S37\AC6\RGB2_SUB37ACT6F121.jpg,1,1,0.9979143738746643
1043,37,6,136,D:\Skripsi\Experiment\data\raw\RGB2\S37\AC6\RGB2_SUB37ACT6F136.jpg,1,1,0.9996711015701294
1044,37,6,16,D:\Skripsi\Experiment\data\raw\RGB2\S37\AC6\RGB2_SUB37ACT6F16.jpg,1,1,0.9988760352134705
1045,37,6,31,D:\Skripsi\Experiment\data\raw\RGB2\S37\AC6\RGB2_SUB37ACT6F31.jpg,1,1,0.9995906949043274
1046,37,6,46,D:\Skripsi\Experiment\data\raw\RGB2\S37\AC6\RGB2_SUB37ACT6F46.jpg,1,1,0.9999109506607056
1047,37,6,61,D:\Skripsi\Experiment\data\raw\RGB2\S37\AC6\RGB2_SUB37ACT6F61.jpg,1,1,0.9998403787612915
1048,37,6,76,D:\Skripsi\Experiment\data\raw\RGB2\S37\AC6\RGB2_SUB37ACT6F76.jpg,1,1,0.9999017715454102
1049,37,6,91,D:\Skripsi\Experiment\data\raw\RGB2\S37\AC6\RGB2_SUB37ACT6F91.jpg,1,1,0.9999222755432129
1050,37,7,1,D:\Skripsi\Experiment\data\raw\RGB2\S37\AC7\RGB2_SUB37ACT7F1.jpg,1,1,0.9996172189712524
1051,37,7,106,D:\Skripsi\Experiment\data\raw\RGB2\S37\AC7\RGB2_SUB37ACT7F106.jpg,1,1,0.995958149433136
1052,37,7,121,D:\Skripsi\Experiment\data\raw\RGB2\S37\AC7\RGB2_SUB37ACT7F121.jpg,1,1,0.9989162683486938
1053,37,7,136,D:\Skripsi\Experiment\data\raw\RGB2\S37\AC7\RGB2_SUB37ACT7F136.jpg,1,1,0.9969460368156433
1054,37,7,151,D:\Skripsi\Experiment\data\raw\RGB2\S37\AC7\RGB2_SUB37ACT7F151.jpg,1,1,0.9950531125068665
1055,37,7,16,D:\Skripsi\Experiment\data\raw\RGB2\S37\AC7\RGB2_SUB37ACT7F16.jpg,1,1,0.999752938747406
1056,37,7,166,D:\Skripsi\Experiment\data\raw\RGB2\S37\AC7\RGB2_SUB37ACT7F166.jpg,1,1,0.9967113733291626
1057,37,7,31,D:\Skripsi\Experiment\data\raw\RGB2\S37\AC7\RGB2_SUB37ACT7F31.jpg,1,1,0.9993200302124023
1058,37,7,46,D:\Skripsi\Experiment\data\raw\RGB2\S37\AC7\RGB2_SUB37ACT7F46.jpg,1,1,0.9997178912162781
1059,37,7,61,D:\Skripsi\Experiment\data\raw\RGB2\S37\AC7\RGB2_SUB37ACT7F61.jpg,1,1,0.9940736889839172
1060,37,7,76,D:\Skripsi\Experiment\data\raw\RGB2\S37\AC7\RGB2_SUB37ACT7F76.jpg,1,1,0.9987674951553345
1061,37,7,91,D:\Skripsi\Experiment\data\raw\RGB2\S37\AC7\RGB2_SUB37ACT7F91.jpg,1,1,0.9970400929450989
1062,37,8,1,D:\Skripsi\Experiment\data\raw\RGB2\S37\AC8\RGB2_SUB37ACT8F1.jpg,1,1,0.9995253086090088
1063,37,8,106,D:\Skripsi\Experiment\data\raw\RGB2\S37\AC8\RGB2_SUB37ACT8F106.jpg,1,1,0.9352160096168518
1064,37,8,121,D:\Skripsi\Experiment\data\raw\RGB2\S37\AC8\RGB2_SUB37ACT8F121.jpg,1,1,0.9996362924575806
1065,37,8,136,D:\Skripsi\Experiment\data\raw\RGB2\S37\AC8\RGB2_SUB37ACT8F136.jpg,1,1,0.9996377229690552
1066,37,8,151,D:\Skripsi\Experiment\data\raw\RGB2\S37\AC8\RGB2_SUB37ACT8F151.jpg,1,1,0.9948145747184753
1067,37,8,16,D:\Skripsi\Experiment\data\raw\RGB2\S37\AC8\RGB2_SUB37ACT8F16.jpg,1,1,0.99785977602005
1068,37,8,166,D:\Skripsi\Experiment\data\raw\RGB2\S37\AC8\RGB2_SUB37ACT8F166.jpg,1,1,0.9978766441345215
1069,37,8,31,D:\Skripsi\Experiment\data\raw\RGB2\S37\AC8\RGB2_SUB37ACT8F31.jpg,1,1,0.9997902512550354
1070,37,8,46,D:\Skripsi\Experiment\data\raw\RGB2\S37\AC8\RGB2_SUB37ACT8F46.jpg,1,1,0.9998794794082642
1071,37,8,61,D:\Skripsi\Experiment\data\raw\RGB2\S37\AC8\RGB2_SUB37ACT8F61.jpg,1,1,0.9997312426567078
1072,37,8,76,D:\Skripsi\Experiment\data\raw\RGB2\S37\AC8\RGB2_SUB37ACT8F76.jpg,1,1,0.999377965927124
1073,37,8,91,D:\Skripsi\Experiment\data\raw\RGB2\S37\AC8\RGB2_SUB37ACT8F91.jpg,1,1,0.9987032413482666
1074,37,9,1,D:\Skripsi\Experiment\data\raw\RGB2\S37\AC9\RGB2_SUB37ACT9F1.jpg,1,1,0.9984803795814514
1075,37,9,106,D:\Skripsi\Experiment\data\raw\RGB2\S37\AC9\RGB2_SUB37ACT9F106.jpg,1,1,0.9996908903121948
1076,37,9,121,D:\Skripsi\Experiment\data\raw\RGB2\S37\AC9\RGB2_SUB37ACT9F121.jpg,1,1,0.9992727637290955
1077,37,9,136,D:\Skripsi\Experiment\data\raw\RGB2\S37\AC9\RGB2_SUB37ACT9F136.jpg,1,1,0.9922512173652649
1078,37,9,151,D:\Skripsi\Experiment\data\raw\RGB2\S37\AC9\RGB2_SUB37ACT9F151.jpg,1,1,0.9974266886711121
1079,37,9,16,D:\Skripsi\Experiment\data\raw\RGB2\S37\AC9\RGB2_SUB37ACT9F16.jpg,1,1,0.9946696162223816
1080,37,9,166,D:\Skripsi\Experiment\data\raw\RGB2\S37\AC9\RGB2_SUB37ACT9F166.jpg,1,1,0.9998830556869507
1081,37,9,31,D:\Skripsi\Experiment\data\raw\RGB2\S37\AC9\RGB2_SUB37ACT9F31.jpg,1,1,0.9954937696456909
1082,37,9,46,D:\Skripsi\Experiment\data\raw\RGB2\S37\AC9\RGB2_SUB37ACT9F46.jpg,1,1,0.9965671300888062
1083,37,9,61,D:\Skripsi\Experiment\data\raw\RGB2\S37\AC9\RGB2_SUB37ACT9F61.jpg,1,1,0.9997319579124451
1084,37,9,76,D:\Skripsi\Experiment\data\raw\RGB2\S37\AC9\RGB2_SUB37ACT9F76.jpg,1,1,0.998376727104187
1085,37,9,91,D:\Skripsi\Experiment\data\raw\RGB2\S37\AC9\RGB2_SUB37ACT9F91.jpg,1,1,0.9855077862739563
1086,38,1,1,D:\Skripsi\Experiment\data\raw\RGB2\S38\AC1\RGB2_SUB38ACT1F1.jpg,0,0,0.0020783678628504276
1087,38,1,106,D:\Skripsi\Experiment\data\raw\RGB2\S38\AC1\RGB2_SUB38ACT1F106.jpg,0,0,0.00018046815239358693
1088,38,1,121,D:\Skripsi\Experiment\data\raw\RGB2\S38\AC1\RGB2_SUB38ACT1F121.jpg,0,0,0.00019013212295249104
1089,38,1,16,D:\Skripsi\Experiment\data\raw\RGB2\S38\AC1\RGB2_SUB38ACT1F16.jpg,0,0,0.0005495242075994611
1090,38,1,31,D:\Skripsi\Experiment\data\raw\RGB2\S38\AC1\RGB2_SUB38ACT1F31.jpg,0,0,0.00044082937529310584
1091,38,1,46,D:\Skripsi\Experiment\data\raw\RGB2\S38\AC1\RGB2_SUB38ACT1F46.jpg,0,0,0.0006309626041911542
1092,38,1,61,D:\Skripsi\Experiment\data\raw\RGB2\S38\AC1\RGB2_SUB38ACT1F61.jpg,0,0,0.0013414123095571995
1093,38,1,76,D:\Skripsi\Experiment\data\raw\RGB2\S38\AC1\RGB2_SUB38ACT1F76.jpg,0,0,0.00023575090744998306
1094,38,1,91,D:\Skripsi\Experiment\data\raw\RGB2\S38\AC1\RGB2_SUB38ACT1F91.jpg,0,0,0.014258887618780136
1095,38,5,1,D:\Skripsi\Experiment\data\raw\RGB2\S38\AC5\RGB2_SUB38ACT5F1.jpg,1,1,0.9998063445091248
1096,38,5,106,D:\Skripsi\Experiment\data\raw\RGB2\S38\AC5\RGB2_SUB38ACT5F106.jpg,1,1,0.9995181560516357
1097,38,5,16,D:\Skripsi\Experiment\data\raw\RGB2\S38\AC5\RGB2_SUB38ACT5F16.jpg,1,1,0.9994024038314819
1098,38,5,31,D:\Skripsi\Experiment\data\raw\RGB2\S38\AC5\RGB2_SUB38ACT5F31.jpg,1,1,0.9996219873428345
1099,38,5,46,D:\Skripsi\Experiment\data\raw\RGB2\S38\AC5\RGB2_SUB38ACT5F46.jpg,1,1,0.9987377524375916
1100,38,5,61,D:\Skripsi\Experiment\data\raw\RGB2\S38\AC5\RGB2_SUB38ACT5F61.jpg,1,1,0.997902512550354
1101,38,5,76,D:\Skripsi\Experiment\data\raw\RGB2\S38\AC5\RGB2_SUB38ACT5F76.jpg,1,1,0.9993040561676025
1102,38,5,91,D:\Skripsi\Experiment\data\raw\RGB2\S38\AC5\RGB2_SUB38ACT5F91.jpg,1,1,0.9959975481033325
1103,38,6,1,D:\Skripsi\Experiment\data\raw\RGB2\S38\AC6\RGB2_SUB38ACT6F1.jpg,1,1,0.9994207620620728
1104,38,6,106,D:\Skripsi\Experiment\data\raw\RGB2\S38\AC6\RGB2_SUB38ACT6F106.jpg,1,1,0.9998098015785217
1105,38,6,16,D:\Skripsi\Experiment\data\raw\RGB2\S38\AC6\RGB2_SUB38ACT6F16.jpg,1,1,0.9994862079620361
1106,38,6,31,D:\Skripsi\Experiment\data\raw\RGB2\S38\AC6\RGB2_SUB38ACT6F31.jpg,1,1,0.975788950920105
1107,38,6,46,D:\Skripsi\Experiment\data\raw\RGB2\S38\AC6\RGB2_SUB38ACT6F46.jpg,1,1,0.9959180951118469
1108,38,6,61,D:\Skripsi\Experiment\data\raw\RGB2\S38\AC6\RGB2_SUB38ACT6F61.jpg,1,1,0.9998162388801575
1109,38,6,76,D:\Skripsi\Experiment\data\raw\RGB2\S38\AC6\RGB2_SUB38ACT6F76.jpg,1,1,0.9997326731681824
1110,38,6,91,D:\Skripsi\Experiment\data\raw\RGB2\S38\AC6\RGB2_SUB38ACT6F91.jpg,1,1,0.9992806315422058
1111,38,7,1,D:\Skripsi\Experiment\data\raw\RGB2\S38\AC7\RGB2_SUB38ACT7F1.jpg,1,1,0.999431312084198
1112,38,7,106,D:\Skripsi\Experiment\data\raw\RGB2\S38\AC7\RGB2_SUB38ACT7F106.jpg,1,1,0.9999325275421143
1113,38,7,121,D:\Skripsi\Experiment\data\raw\RGB2\S38\AC7\RGB2_SUB38ACT7F121.jpg,1,1,0.9866709113121033
1114,38,7,16,D:\Skripsi\Experiment\data\raw\RGB2\S38\AC7\RGB2_SUB38ACT7F16.jpg,1,1,0.9977506995201111
1115,38,7,31,D:\Skripsi\Experiment\data\raw\RGB2\S38\AC7\RGB2_SUB38ACT7F31.jpg,1,1,0.9992625117301941
1116,38,7,46,D:\Skripsi\Experiment\data\raw\RGB2\S38\AC7\RGB2_SUB38ACT7F46.jpg,1,1,0.99873286485672
1117,38,7,61,D:\Skripsi\Experiment\data\raw\RGB2\S38\AC7\RGB2_SUB38ACT7F61.jpg,1,1,0.9991909861564636
1118,38,7,76,D:\Skripsi\Experiment\data\raw\RGB2\S38\AC7\RGB2_SUB38ACT7F76.jpg,1,1,0.9994385838508606
1119,38,7,91,D:\Skripsi\Experiment\data\raw\RGB2\S38\AC7\RGB2_SUB38ACT7F91.jpg,1,1,0.99991774559021
1120,38,8,1,D:\Skripsi\Experiment\data\raw\RGB2\S38\AC8\RGB2_SUB38ACT8F1.jpg,1,1,0.9993237257003784
1121,38,8,106,D:\Skripsi\Experiment\data\raw\RGB2\S38\AC8\RGB2_SUB38ACT8F106.jpg,1,1,0.9851539134979248
1122,38,8,121,D:\Skripsi\Experiment\data\raw\RGB2\S38\AC8\RGB2_SUB38ACT8F121.jpg,1,1,0.9993300437927246
1123,38,8,16,D:\Skripsi\Experiment\data\raw\RGB2\S38\AC8\RGB2_SUB38ACT8F16.jpg,1,1,0.9998005032539368
1124,38,8,31,D:\Skripsi\Experiment\data\raw\RGB2\S38\AC8\RGB2_SUB38ACT8F31.jpg,1,1,0.9995591044425964
1125,38,8,46,D:\Skripsi\Experiment\data\raw\RGB2\S38\AC8\RGB2_SUB38ACT8F46.jpg,1,1,0.9996856451034546
1126,38,8,61,D:\Skripsi\Experiment\data\raw\RGB2\S38\AC8\RGB2_SUB38ACT8F61.jpg,1,1,0.9998028874397278
1127,38,8,76,D:\Skripsi\Experiment\data\raw\RGB2\S38\AC8\RGB2_SUB38ACT8F76.jpg,1,1,0.9995438456535339
1128,38,8,91,D:\Skripsi\Experiment\data\raw\RGB2\S38\AC8\RGB2_SUB38ACT8F91.jpg,1,1,0.999722421169281
1129,38,9,1,D:\Skripsi\Experiment\data\raw\RGB2\S38\AC9\RGB2_SUB38ACT9F1.jpg,1,1,0.9998047947883606
1130,38,9,106,D:\Skripsi\Experiment\data\raw\RGB2\S38\AC9\RGB2_SUB38ACT9F106.jpg,1,1,0.9994354844093323
1131,38,9,121,D:\Skripsi\Experiment\data\raw\RGB2\S38\AC9\RGB2_SUB38ACT9F121.jpg,1,1,0.9978832602500916
1132,38,9,16,D:\Skripsi\Experiment\data\raw\RGB2\S38\AC9\RGB2_SUB38ACT9F16.jpg,1,1,0.9998445510864258
1133,38,9,31,D:\Skripsi\Experiment\data\raw\RGB2\S38\AC9\RGB2_SUB38ACT9F31.jpg,1,1,0.9992074370384216
1134,38,9,46,D:\Skripsi\Experiment\data\raw\RGB2\S38\AC9\RGB2_SUB38ACT9F46.jpg,1,1,0.9996078610420227
1135,38,9,61,D:\Skripsi\Experiment\data\raw\RGB2\S38\AC9\RGB2_SUB38ACT9F61.jpg,1,1,0.999729335308075
1136,38,9,76,D:\Skripsi\Experiment\data\raw\RGB2\S38\AC9\RGB2_SUB38ACT9F76.jpg,1,1,0.9987045526504517
1137,38,9,91,D:\Skripsi\Experiment\data\raw\RGB2\S38\AC9\RGB2_SUB38ACT9F91.jpg,1,1,0.9980564713478088
1138,39,1,1,D:\Skripsi\Experiment\data\raw\RGB2\S39\AC1\RGB2_SUB39ACT1F1.jpg,0,0,0.00035631953505799174
1139,39,1,16,D:\Skripsi\Experiment\data\raw\RGB2\S39\AC1\RGB2_SUB39ACT1F16.jpg,0,0,0.0008219252340495586
1140,39,1,31,D:\Skripsi\Experiment\data\raw\RGB2\S39\AC1\RGB2_SUB39ACT1F31.jpg,0,0,0.0009003204759210348
1141,39,1,46,D:\Skripsi\Experiment\data\raw\RGB2\S39\AC1\RGB2_SUB39ACT1F46.jpg,0,0,0.00029119758983142674
1142,39,1,61,D:\Skripsi\Experiment\data\raw\RGB2\S39\AC1\RGB2_SUB39ACT1F61.jpg,0,0,0.0004279285203665495
1143,39,1,76,D:\Skripsi\Experiment\data\raw\RGB2\S39\AC1\RGB2_SUB39ACT1F76.jpg,0,0,0.0004713293456006795
1144,39,1,91,D:\Skripsi\Experiment\data\raw\RGB2\S39\AC1\RGB2_SUB39ACT1F91.jpg,0,0,0.0019898980390280485
1145,39,5,1,D:\Skripsi\Experiment\data\raw\RGB2\S39\AC5\RGB2_SUB39ACT5F1.jpg,1,1,0.9966710209846497
1146,39,5,16,D:\Skripsi\Experiment\data\raw\RGB2\S39\AC5\RGB2_SUB39ACT5F16.jpg,1,1,0.9951007962226868
1147,39,5,31,D:\Skripsi\Experiment\data\raw\RGB2\S39\AC5\RGB2_SUB39ACT5F31.jpg,1,1,0.9973465204238892
1148,39,5,46,D:\Skripsi\Experiment\data\raw\RGB2\S39\AC5\RGB2_SUB39ACT5F46.jpg,1,1,0.9969570636749268
1149,39,5,61,D:\Skripsi\Experiment\data\raw\RGB2\S39\AC5\RGB2_SUB39ACT5F61.jpg,1,1,0.9973644614219666
1150,39,5,76,D:\Skripsi\Experiment\data\raw\RGB2\S39\AC5\RGB2_SUB39ACT5F76.jpg,1,1,0.9992989301681519
1151,39,5,91,D:\Skripsi\Experiment\data\raw\RGB2\S39\AC5\RGB2_SUB39ACT5F91.jpg,1,1,0.9990344047546387
1152,39,6,1,D:\Skripsi\Experiment\data\raw\RGB2\S39\AC6\RGB2_SUB39ACT6F1.jpg,1,1,0.9975862503051758
1153,39,6,106,D:\Skripsi\Experiment\data\raw\RGB2\S39\AC6\RGB2_SUB39ACT6F106.jpg,1,1,0.9889556765556335
1154,39,6,16,D:\Skripsi\Experiment\data\raw\RGB2\S39\AC6\RGB2_SUB39ACT6F16.jpg,1,1,0.9990352392196655
1155,39,6,31,D:\Skripsi\Experiment\data\raw\RGB2\S39\AC6\RGB2_SUB39ACT6F31.jpg,1,1,0.9928561449050903
1156,39,6,46,D:\Skripsi\Experiment\data\raw\RGB2\S39\AC6\RGB2_SUB39ACT6F46.jpg,1,1,0.9966136813163757
1157,39,6,61,D:\Skripsi\Experiment\data\raw\RGB2\S39\AC6\RGB2_SUB39ACT6F61.jpg,1,1,0.9848443865776062
1158,39,6,76,D:\Skripsi\Experiment\data\raw\RGB2\S39\AC6\RGB2_SUB39ACT6F76.jpg,1,1,0.8338189721107483
1159,39,6,91,D:\Skripsi\Experiment\data\raw\RGB2\S39\AC6\RGB2_SUB39ACT6F91.jpg,1,1,0.975378692150116
1160,39,7,1,D:\Skripsi\Experiment\data\raw\RGB2\S39\AC7\RGB2_SUB39ACT7F1.jpg,1,1,0.9997468590736389
1161,39,7,16,D:\Skripsi\Experiment\data\raw\RGB2\S39\AC7\RGB2_SUB39ACT7F16.jpg,1,1,0.998348593711853
1162,39,7,31,D:\Skripsi\Experiment\data\raw\RGB2\S39\AC7\RGB2_SUB39ACT7F31.jpg,1,1,0.9931516647338867
1163,39,7,46,D:\Skripsi\Experiment\data\raw\RGB2\S39\AC7\RGB2_SUB39ACT7F46.jpg,1,1,0.9998148083686829
1164,39,7,61,D:\Skripsi\Experiment\data\raw\RGB2\S39\AC7\RGB2_SUB39ACT7F61.jpg,1,1,0.9987745881080627
1165,39,7,76,D:\Skripsi\Experiment\data\raw\RGB2\S39\AC7\RGB2_SUB39ACT7F76.jpg,1,1,0.9961140155792236
1166,39,7,91,D:\Skripsi\Experiment\data\raw\RGB2\S39\AC7\RGB2_SUB39ACT7F91.jpg,1,1,0.9997382760047913
1167,39,8,1,D:\Skripsi\Experiment\data\raw\RGB2\S39\AC8\RGB2_SUB39ACT8F1.jpg,1,1,0.9996311664581299
1168,39,8,106,D:\Skripsi\Experiment\data\raw\RGB2\S39\AC8\RGB2_SUB39ACT8F106.jpg,1,1,0.9996851682662964
1169,39,8,121,D:\Skripsi\Experiment\data\raw\RGB2\S39\AC8\RGB2_SUB39ACT8F121.jpg,1,1,0.998813271522522
1170,39,8,136,D:\Skripsi\Experiment\data\raw\RGB2\S39\AC8\RGB2_SUB39ACT8F136.jpg,1,1,0.9992098808288574
1171,39,8,16,D:\Skripsi\Experiment\data\raw\RGB2\S39\AC8\RGB2_SUB39ACT8F16.jpg,1,1,0.997175931930542
1172,39,8,31,D:\Skripsi\Experiment\data\raw\RGB2\S39\AC8\RGB2_SUB39ACT8F31.jpg,1,1,0.997401237487793
1173,39,8,46,D:\Skripsi\Experiment\data\raw\RGB2\S39\AC8\RGB2_SUB39ACT8F46.jpg,1,1,0.9997498393058777
1174,39,8,61,D:\Skripsi\Experiment\data\raw\RGB2\S39\AC8\RGB2_SUB39ACT8F61.jpg,1,1,0.9954494833946228
1175,39,8,76,D:\Skripsi\Experiment\data\raw\RGB2\S39\AC8\RGB2_SUB39ACT8F76.jpg,1,1,0.9997802376747131
1176,39,8,91,D:\Skripsi\Experiment\data\raw\RGB2\S39\AC8\RGB2_SUB39ACT8F91.jpg,1,1,0.9997861981391907
1177,39,9,1,D:\Skripsi\Experiment\data\raw\RGB2\S39\AC9\RGB2_SUB39ACT9F1.jpg,1,1,0.9983687996864319
1178,39,9,106,D:\Skripsi\Experiment\data\raw\RGB2\S39\AC9\RGB2_SUB39ACT9F106.jpg,1,1,0.9987963438034058
1179,39,9,121,D:\Skripsi\Experiment\data\raw\RGB2\S39\AC9\RGB2_SUB39ACT9F121.jpg,1,1,0.9996100068092346
1180,39,9,16,D:\Skripsi\Experiment\data\raw\RGB2\S39\AC9\RGB2_SUB39ACT9F16.jpg,1,1,0.9976791739463806
1181,39,9,31,D:\Skripsi\Experiment\data\raw\RGB2\S39\AC9\RGB2_SUB39ACT9F31.jpg,1,1,0.994392454624176
1182,39,9,46,D:\Skripsi\Experiment\data\raw\RGB2\S39\AC9\RGB2_SUB39ACT9F46.jpg,1,1,0.997876763343811
1183,39,9,61,D:\Skripsi\Experiment\data\raw\RGB2\S39\AC9\RGB2_SUB39ACT9F61.jpg,1,1,0.9995187520980835
1184,39,9,76,D:\Skripsi\Experiment\data\raw\RGB2\S39\AC9\RGB2_SUB39ACT9F76.jpg,1,1,0.9981496334075928
1185,39,9,91,D:\Skripsi\Experiment\data\raw\RGB2\S39\AC9\RGB2_SUB39ACT9F91.jpg,1,1,0.9966622591018677
1186,40,1,1,D:\Skripsi\Experiment\data\raw\RGB2\S40\AC1\RGB2_SUB40ACT1F1.jpg,0,0,0.0005144025199115276
1187,40,1,106,D:\Skripsi\Experiment\data\raw\RGB2\S40\AC1\RGB2_SUB40ACT1F106.jpg,0,0,0.0008592009544372559
1188,40,1,121,D:\Skripsi\Experiment\data\raw\RGB2\S40\AC1\RGB2_SUB40ACT1F121.jpg,0,0,0.0015009192284196615
1189,40,1,16,D:\Skripsi\Experiment\data\raw\RGB2\S40\AC1\RGB2_SUB40ACT1F16.jpg,0,0,0.0009110733517445624
1190,40,1,31,D:\Skripsi\Experiment\data\raw\RGB2\S40\AC1\RGB2_SUB40ACT1F31.jpg,0,0,0.0015430975472554564
1191,40,1,46,D:\Skripsi\Experiment\data\raw\RGB2\S40\AC1\RGB2_SUB40ACT1F46.jpg,0,0,0.026469258591532707
1192,40,1,61,D:\Skripsi\Experiment\data\raw\RGB2\S40\AC1\RGB2_SUB40ACT1F61.jpg,0,0,0.20503827929496765
1193,40,1,76,D:\Skripsi\Experiment\data\raw\RGB2\S40\AC1\RGB2_SUB40ACT1F76.jpg,0,0,0.0008033778867684305
1194,40,1,91,D:\Skripsi\Experiment\data\raw\RGB2\S40\AC1\RGB2_SUB40ACT1F91.jpg,0,0,0.0004147104627918452
1195,40,5,1,D:\Skripsi\Experiment\data\raw\RGB2\S40\AC5\RGB2_SUB40ACT5F1.jpg,1,1,0.9969221949577332
1196,40,5,106,D:\Skripsi\Experiment\data\raw\RGB2\S40\AC5\RGB2_SUB40ACT5F106.jpg,1,1,0.9940739274024963
1197,40,5,16,D:\Skripsi\Experiment\data\raw\RGB2\S40\AC5\RGB2_SUB40ACT5F16.jpg,1,1,0.9990731477737427
1198,40,5,31,D:\Skripsi\Experiment\data\raw\RGB2\S40\AC5\RGB2_SUB40ACT5F31.jpg,1,1,0.9997182488441467
1199,40,5,46,D:\Skripsi\Experiment\data\raw\RGB2\S40\AC5\RGB2_SUB40ACT5F46.jpg,1,1,0.9996447563171387
1200,40,5,61,D:\Skripsi\Experiment\data\raw\RGB2\S40\AC5\RGB2_SUB40ACT5F61.jpg,1,1,0.9980306029319763
1201,40,5,76,D:\Skripsi\Experiment\data\raw\RGB2\S40\AC5\RGB2_SUB40ACT5F76.jpg,1,1,0.9976721405982971
1202,40,5,91,D:\Skripsi\Experiment\data\raw\RGB2\S40\AC5\RGB2_SUB40ACT5F91.jpg,1,1,0.9985602498054504
1203,40,6,1,D:\Skripsi\Experiment\data\raw\RGB2\S40\AC6\RGB2_SUB40ACT6F1.jpg,1,1,0.9005069732666016
1204,40,6,106,D:\Skripsi\Experiment\data\raw\RGB2\S40\AC6\RGB2_SUB40ACT6F106.jpg,1,1,0.9974091649055481
1205,40,6,121,D:\Skripsi\Experiment\data\raw\RGB2\S40\AC6\RGB2_SUB40ACT6F121.jpg,1,1,0.9981014132499695
1206,40,6,136,D:\Skripsi\Experiment\data\raw\RGB2\S40\AC6\RGB2_SUB40ACT6F136.jpg,1,1,0.9962487816810608
1207,40,6,16,D:\Skripsi\Experiment\data\raw\RGB2\S40\AC6\RGB2_SUB40ACT6F16.jpg,1,1,0.9912550449371338
1208,40,6,31,D:\Skripsi\Experiment\data\raw\RGB2\S40\AC6\RGB2_SUB40ACT6F31.jpg,1,1,0.9965510368347168
1209,40,6,46,D:\Skripsi\Experiment\data\raw\RGB2\S40\AC6\RGB2_SUB40ACT6F46.jpg,1,1,0.9959490299224854
1210,40,6,61,D:\Skripsi\Experiment\data\raw\RGB2\S40\AC6\RGB2_SUB40ACT6F61.jpg,1,1,0.9985949397087097
1211,40,6,76,D:\Skripsi\Experiment\data\raw\RGB2\S40\AC6\RGB2_SUB40ACT6F76.jpg,1,1,0.9959049820899963
1212,40,6,91,D:\Skripsi\Experiment\data\raw\RGB2\S40\AC6\RGB2_SUB40ACT6F91.jpg,1,1,0.9944990277290344
1213,40,7,1,D:\Skripsi\Experiment\data\raw\RGB2\S40\AC7\RGB2_SUB40ACT7F1.jpg,1,1,0.9995408058166504
1214,40,7,106,D:\Skripsi\Experiment\data\raw\RGB2\S40\AC7\RGB2_SUB40ACT7F106.jpg,1,1,0.9835062623023987
1215,40,7,121,D:\Skripsi\Experiment\data\raw\RGB2\S40\AC7\RGB2_SUB40ACT7F121.jpg,1,1,0.9948179125785828
1216,40,7,136,D:\Skripsi\Experiment\data\raw\RGB2\S40\AC7\RGB2_SUB40ACT7F136.jpg,1,1,0.9984500408172607
1217,40,7,151,D:\Skripsi\Experiment\data\raw\RGB2\S40\AC7\RGB2_SUB40ACT7F151.jpg,1,1,0.9979903697967529
1218,40,7,16,D:\Skripsi\Experiment\data\raw\RGB2\S40\AC7\RGB2_SUB40ACT7F16.jpg,1,1,0.9974307417869568
1219,40,7,166,D:\Skripsi\Experiment\data\raw\RGB2\S40\AC7\RGB2_SUB40ACT7F166.jpg,1,1,0.9995560050010681
1220,40,7,181,D:\Skripsi\Experiment\data\raw\RGB2\S40\AC7\RGB2_SUB40ACT7F181.jpg,1,1,0.9983258843421936
1221,40,7,196,D:\Skripsi\Experiment\data\raw\RGB2\S40\AC7\RGB2_SUB40ACT7F196.jpg,1,1,0.9940635561943054
1222,40,7,211,D:\Skripsi\Experiment\data\raw\RGB2\S40\AC7\RGB2_SUB40ACT7F211.jpg,1,1,0.9994902610778809
1223,40,7,226,D:\Skripsi\Experiment\data\raw\RGB2\S40\AC7\RGB2_SUB40ACT7F226.jpg,1,1,0.9963231086730957
1224,40,7,31,D:\Skripsi\Experiment\data\raw\RGB2\S40\AC7\RGB2_SUB40ACT7F31.jpg,1,1,0.9990849494934082
1225,40,7,46,D:\Skripsi\Experiment\data\raw\RGB2\S40\AC7\RGB2_SUB40ACT7F46.jpg,1,1,0.99132239818573
1226,40,7,61,D:\Skripsi\Experiment\data\raw\RGB2\S40\AC7\RGB2_SUB40ACT7F61.jpg,1,0,0.4429301917552948
1227,40,7,76,D:\Skripsi\Experiment\data\raw\RGB2\S40\AC7\RGB2_SUB40ACT7F76.jpg,1,1,0.9990653395652771
1228,40,7,91,D:\Skripsi\Experiment\data\raw\RGB2\S40\AC7\RGB2_SUB40ACT7F91.jpg,1,1,0.9955442547798157
1229,40,8,1,D:\Skripsi\Experiment\data\raw\RGB2\S40\AC8\RGB2_SUB40ACT8F1.jpg,1,1,0.9999443292617798
1230,40,8,106,D:\Skripsi\Experiment\data\raw\RGB2\S40\AC8\RGB2_SUB40ACT8F106.jpg,1,1,0.9995695948600769
1231,40,8,121,D:\Skripsi\Experiment\data\raw\RGB2\S40\AC8\RGB2_SUB40ACT8F121.jpg,1,1,0.9996422529220581
1232,40,8,136,D:\Skripsi\Experiment\data\raw\RGB2\S40\AC8\RGB2_SUB40ACT8F136.jpg,1,1,0.9996869564056396
1233,40,8,151,D:\Skripsi\Experiment\data\raw\RGB2\S40\AC8\RGB2_SUB40ACT8F151.jpg,1,1,0.9997413754463196
1234,40,8,16,D:\Skripsi\Experiment\data\raw\RGB2\S40\AC8\RGB2_SUB40ACT8F16.jpg,1,1,0.9990885257720947
1235,40,8,166,D:\Skripsi\Experiment\data\raw\RGB2\S40\AC8\RGB2_SUB40ACT8F166.jpg,1,1,0.9995121955871582
1236,40,8,181,D:\Skripsi\Experiment\data\raw\RGB2\S40\AC8\RGB2_SUB40ACT8F181.jpg,1,1,0.9996918439865112
1237,40,8,31,D:\Skripsi\Experiment\data\raw\RGB2\S40\AC8\RGB2_SUB40ACT8F31.jpg,1,1,0.996781587600708
1238,40,8,46,D:\Skripsi\Experiment\data\raw\RGB2\S40\AC8\RGB2_SUB40ACT8F46.jpg,1,1,0.9988415837287903
1239,40,8,61,D:\Skripsi\Experiment\data\raw\RGB2\S40\AC8\RGB2_SUB40ACT8F61.jpg,1,1,0.9995914101600647
1240,40,8,76,D:\Skripsi\Experiment\data\raw\RGB2\S40\AC8\RGB2_SUB40ACT8F76.jpg,1,1,0.9999359846115112
1241,40,8,91,D:\Skripsi\Experiment\data\raw\RGB2\S40\AC8\RGB2_SUB40ACT8F91.jpg,1,1,0.9998311996459961
1242,40,9,1,D:\Skripsi\Experiment\data\raw\RGB2\S40\AC9\RGB2_SUB40ACT9F1.jpg,1,1,0.9950976967811584
1243,40,9,106,D:\Skripsi\Experiment\data\raw\RGB2\S40\AC9\RGB2_SUB40ACT9F106.jpg,1,1,0.997605562210083
1244,40,9,121,D:\Skripsi\Experiment\data\raw\RGB2\S40\AC9\RGB2_SUB40ACT9F121.jpg,1,1,0.9993188381195068
1245,40,9,136,D:\Skripsi\Experiment\data\raw\RGB2\S40\AC9\RGB2_SUB40ACT9F136.jpg,1,1,0.9998791217803955
1246,40,9,16,D:\Skripsi\Experiment\data\raw\RGB2\S40\AC9\RGB2_SUB40ACT9F16.jpg,1,1,0.9957069754600525
1247,40,9,31,D:\Skripsi\Experiment\data\raw\RGB2\S40\AC9\RGB2_SUB40ACT9F31.jpg,1,1,0.9994300007820129
1248,40,9,46,D:\Skripsi\Experiment\data\raw\RGB2\S40\AC9\RGB2_SUB40ACT9F46.jpg,1,1,0.9670619964599609
1249,40,9,61,D:\Skripsi\Experiment\data\raw\RGB2\S40\AC9\RGB2_SUB40ACT9F61.jpg,1,1,0.9922271966934204
1250,40,9,76,D:\Skripsi\Experiment\data\raw\RGB2\S40\AC9\RGB2_SUB40ACT9F76.jpg,1,1,0.9992961883544922
1251,40,9,91,D:\Skripsi\Experiment\data\raw\RGB2\S40\AC9\RGB2_SUB40ACT9F91.jpg,1,1,0.9987121820449829
1252,43,1,1,D:\Skripsi\Experiment\data\raw\RGB2\S43\AC1\RGB2_SUB43ACT1F1.jpg,0,0,0.002939350437372923
1253,43,1,106,D:\Skripsi\Experiment\data\raw\RGB2\S43\AC1\RGB2_SUB43ACT1F106.jpg,0,0,0.007159804925322533
1254,43,1,121,D:\Skripsi\Experiment\data\raw\RGB2\S43\AC1\RGB2_SUB43ACT1F121.jpg,0,0,0.01293407753109932
1255,43,1,136,D:\Skripsi\Experiment\data\raw\RGB2\S43\AC1\RGB2_SUB43ACT1F136.jpg,0,0,0.013218024745583534
1256,43,1,151,D:\Skripsi\Experiment\data\raw\RGB2\S43\AC1\RGB2_SUB43ACT1F151.jpg,0,1,0.8660550117492676
1257,43,1,16,D:\Skripsi\Experiment\data\raw\RGB2\S43\AC1\RGB2_SUB43ACT1F16.jpg,0,0,0.01741398684680462
1258,43,1,166,D:\Skripsi\Experiment\data\raw\RGB2\S43\AC1\RGB2_SUB43ACT1F166.jpg,0,0,0.008132894523441792
1259,43,1,181,D:\Skripsi\Experiment\data\raw\RGB2\S43\AC1\RGB2_SUB43ACT1F181.jpg,0,0,0.12012016773223877
1260,43,1,31,D:\Skripsi\Experiment\data\raw\RGB2\S43\AC1\RGB2_SUB43ACT1F31.jpg,0,0,0.007685828488320112
1261,43,1,46,D:\Skripsi\Experiment\data\raw\RGB2\S43\AC1\RGB2_SUB43ACT1F46.jpg,0,0,0.010344800539314747
1262,43,1,61,D:\Skripsi\Experiment\data\raw\RGB2\S43\AC1\RGB2_SUB43ACT1F61.jpg,0,0,0.006500606890767813
1263,43,1,76,D:\Skripsi\Experiment\data\raw\RGB2\S43\AC1\RGB2_SUB43ACT1F76.jpg,0,0,0.0501103438436985
1264,43,1,91,D:\Skripsi\Experiment\data\raw\RGB2\S43\AC1\RGB2_SUB43ACT1F91.jpg,0,0,0.014474505558609962
1265,43,5,1,D:\Skripsi\Experiment\data\raw\RGB2\S43\AC5\RGB2_SUB43ACT5F1.jpg,1,1,0.9992215633392334
1266,43,5,106,D:\Skripsi\Experiment\data\raw\RGB2\S43\AC5\RGB2_SUB43ACT5F106.jpg,1,1,0.9997004270553589
1267,43,5,121,D:\Skripsi\Experiment\data\raw\RGB2\S43\AC5\RGB2_SUB43ACT5F121.jpg,1,1,0.9952197670936584
1268,43,5,136,D:\Skripsi\Experiment\data\raw\RGB2\S43\AC5\RGB2_SUB43ACT5F136.jpg,1,1,0.9995840191841125
1269,43,5,151,D:\Skripsi\Experiment\data\raw\RGB2\S43\AC5\RGB2_SUB43ACT5F151.jpg,1,1,0.9995588660240173
1270,43,5,16,D:\Skripsi\Experiment\data\raw\RGB2\S43\AC5\RGB2_SUB43ACT5F16.jpg,1,1,0.9993340373039246
1271,43,5,166,D:\Skripsi\Experiment\data\raw\RGB2\S43\AC5\RGB2_SUB43ACT5F166.jpg,1,1,0.9996398687362671
1272,43,5,181,D:\Skripsi\Experiment\data\raw\RGB2\S43\AC5\RGB2_SUB43ACT5F181.jpg,1,1,0.9996891021728516
1273,43,5,31,D:\Skripsi\Experiment\data\raw\RGB2\S43\AC5\RGB2_SUB43ACT5F31.jpg,1,1,0.9995402097702026
1274,43,5,46,D:\Skripsi\Experiment\data\raw\RGB2\S43\AC5\RGB2_SUB43ACT5F46.jpg,1,1,0.9998034834861755
1275,43,5,61,D:\Skripsi\Experiment\data\raw\RGB2\S43\AC5\RGB2_SUB43ACT5F61.jpg,1,1,0.9984354376792908
1276,43,5,76,D:\Skripsi\Experiment\data\raw\RGB2\S43\AC5\RGB2_SUB43ACT5F76.jpg,1,1,0.9997767806053162
1277,43,5,91,D:\Skripsi\Experiment\data\raw\RGB2\S43\AC5\RGB2_SUB43ACT5F91.jpg,1,1,0.999828577041626
1278,43,6,1,D:\Skripsi\Experiment\data\raw\RGB2\S43\AC6\RGB2_SUB43ACT6F1.jpg,1,1,0.9652963876724243
1279,43,6,106,D:\Skripsi\Experiment\data\raw\RGB2\S43\AC6\RGB2_SUB43ACT6F106.jpg,1,1,0.9979725480079651
1280,43,6,121,D:\Skripsi\Experiment\data\raw\RGB2\S43\AC6\RGB2_SUB43ACT6F121.jpg,1,1,0.9986348748207092
1281,43,6,136,D:\Skripsi\Experiment\data\raw\RGB2\S43\AC6\RGB2_SUB43ACT6F136.jpg,1,1,0.9987899661064148
1282,43,6,151,D:\Skripsi\Experiment\data\raw\RGB2\S43\AC6\RGB2_SUB43ACT6F151.jpg,1,1,0.9983022212982178
1283,43,6,16,D:\Skripsi\Experiment\data\raw\RGB2\S43\AC6\RGB2_SUB43ACT6F16.jpg,1,1,0.9448601007461548
1284,43,6,166,D:\Skripsi\Experiment\data\raw\RGB2\S43\AC6\RGB2_SUB43ACT6F166.jpg,1,1,0.9996021389961243
1285,43,6,181,D:\Skripsi\Experiment\data\raw\RGB2\S43\AC6\RGB2_SUB43ACT6F181.jpg,1,1,0.9993439316749573
1286,43,6,196,D:\Skripsi\Experiment\data\raw\RGB2\S43\AC6\RGB2_SUB43ACT6F196.jpg,1,1,0.999518871307373
1287,43,6,31,D:\Skripsi\Experiment\data\raw\RGB2\S43\AC6\RGB2_SUB43ACT6F31.jpg,1,1,0.9889140725135803
1288,43,6,46,D:\Skripsi\Experiment\data\raw\RGB2\S43\AC6\RGB2_SUB43ACT6F46.jpg,1,1,0.9988283514976501
1289,43,6,61,D:\Skripsi\Experiment\data\raw\RGB2\S43\AC6\RGB2_SUB43ACT6F61.jpg,1,1,0.9996497631072998
1290,43,6,76,D:\Skripsi\Experiment\data\raw\RGB2\S43\AC6\RGB2_SUB43ACT6F76.jpg,1,1,0.9984531402587891
1291,43,6,91,D:\Skripsi\Experiment\data\raw\RGB2\S43\AC6\RGB2_SUB43ACT6F91.jpg,1,1,0.9986401200294495
1292,43,7,1,D:\Skripsi\Experiment\data\raw\RGB2\S43\AC7\RGB2_SUB43ACT7F1.jpg,1,1,0.9985765218734741
1293,43,7,106,D:\Skripsi\Experiment\data\raw\RGB2\S43\AC7\RGB2_SUB43ACT7F106.jpg,1,1,0.9998646974563599
1294,43,7,121,D:\Skripsi\Experiment\data\raw\RGB2\S43\AC7\RGB2_SUB43ACT7F121.jpg,1,1,0.9998325109481812
1295,43,7,136,D:\Skripsi\Experiment\data\raw\RGB2\S43\AC7\RGB2_SUB43ACT7F136.jpg,1,1,0.9999616146087646
1296,43,7,151,D:\Skripsi\Experiment\data\raw\RGB2\S43\AC7\RGB2_SUB43ACT7F151.jpg,1,1,0.9999381303787231
1297,43,7,16,D:\Skripsi\Experiment\data\raw\RGB2\S43\AC7\RGB2_SUB43ACT7F16.jpg,1,1,0.9994117021560669
1298,43,7,166,D:\Skripsi\Experiment\data\raw\RGB2\S43\AC7\RGB2_SUB43ACT7F166.jpg,1,1,0.9997689127922058
1299,43,7,181,D:\Skripsi\Experiment\data\raw\RGB2\S43\AC7\RGB2_SUB43ACT7F181.jpg,1,1,0.9994200468063354
1300,43,7,196,D:\Skripsi\Experiment\data\raw\RGB2\S43\AC7\RGB2_SUB43ACT7F196.jpg,1,1,0.9987952709197998
1301,43,7,211,D:\Skripsi\Experiment\data\raw\RGB2\S43\AC7\RGB2_SUB43ACT7F211.jpg,1,1,0.9996064305305481
1302,43,7,31,D:\Skripsi\Experiment\data\raw\RGB2\S43\AC7\RGB2_SUB43ACT7F31.jpg,1,1,0.9966806769371033
1303,43,7,46,D:\Skripsi\Experiment\data\raw\RGB2\S43\AC7\RGB2_SUB43ACT7F46.jpg,1,1,0.9978710412979126
1304,43,7,61,D:\Skripsi\Experiment\data\raw\RGB2\S43\AC7\RGB2_SUB43ACT7F61.jpg,1,1,0.9996806383132935
1305,43,7,76,D:\Skripsi\Experiment\data\raw\RGB2\S43\AC7\RGB2_SUB43ACT7F76.jpg,1,1,0.9996600151062012
1306,43,7,91,D:\Skripsi\Experiment\data\raw\RGB2\S43\AC7\RGB2_SUB43ACT7F91.jpg,1,1,0.9990805387496948
1307,43,8,1,D:\Skripsi\Experiment\data\raw\RGB2\S43\AC8\RGB2_SUB43ACT8F1.jpg,1,1,0.9869642853736877
1308,43,8,106,D:\Skripsi\Experiment\data\raw\RGB2\S43\AC8\RGB2_SUB43ACT8F106.jpg,1,1,0.9992985725402832
1309,43,8,121,D:\Skripsi\Experiment\data\raw\RGB2\S43\AC8\RGB2_SUB43ACT8F121.jpg,1,1,0.9988627433776855
1310,43,8,136,D:\Skripsi\Experiment\data\raw\RGB2\S43\AC8\RGB2_SUB43ACT8F136.jpg,1,1,0.9950138926506042
1311,43,8,151,D:\Skripsi\Experiment\data\raw\RGB2\S43\AC8\RGB2_SUB43ACT8F151.jpg,1,1,0.9969735145568848
1312,43,8,16,D:\Skripsi\Experiment\data\raw\RGB2\S43\AC8\RGB2_SUB43ACT8F16.jpg,1,1,0.9992534518241882
1313,43,8,166,D:\Skripsi\Experiment\data\raw\RGB2\S43\AC8\RGB2_SUB43ACT8F166.jpg,1,1,0.9995819926261902
1314,43,8,181,D:\Skripsi\Experiment\data\raw\RGB2\S43\AC8\RGB2_SUB43ACT8F181.jpg,1,1,0.990314781665802
1315,43,8,196,D:\Skripsi\Experiment\data\raw\RGB2\S43\AC8\RGB2_SUB43ACT8F196.jpg,1,1,0.999639630317688
1316,43,8,211,D:\Skripsi\Experiment\data\raw\RGB2\S43\AC8\RGB2_SUB43ACT8F211.jpg,1,1,0.9998623132705688
1317,43,8,226,D:\Skripsi\Experiment\data\raw\RGB2\S43\AC8\RGB2_SUB43ACT8F226.jpg,1,1,0.9985650181770325
1318,43,8,241,D:\Skripsi\Experiment\data\raw\RGB2\S43\AC8\RGB2_SUB43ACT8F241.jpg,1,1,0.9947084188461304
1319,43,8,256,D:\Skripsi\Experiment\data\raw\RGB2\S43\AC8\RGB2_SUB43ACT8F256.jpg,1,1,0.9978753328323364
1320,43,8,31,D:\Skripsi\Experiment\data\raw\RGB2\S43\AC8\RGB2_SUB43ACT8F31.jpg,1,1,0.997692346572876
1321,43,8,46,D:\Skripsi\Experiment\data\raw\RGB2\S43\AC8\RGB2_SUB43ACT8F46.jpg,1,1,0.9986131191253662
1322,43,8,61,D:\Skripsi\Experiment\data\raw\RGB2\S43\AC8\RGB2_SUB43ACT8F61.jpg,1,1,0.9975957274436951
1323,43,8,76,D:\Skripsi\Experiment\data\raw\RGB2\S43\AC8\RGB2_SUB43ACT8F76.jpg,1,1,0.9993183612823486
1324,43,8,91,D:\Skripsi\Experiment\data\raw\RGB2\S43\AC8\RGB2_SUB43ACT8F91.jpg,1,1,0.9944500923156738
1325,43,9,1,D:\Skripsi\Experiment\data\raw\RGB2\S43\AC9\RGB2_SUB43ACT9F1.jpg,1,1,0.9974508881568909
1326,43,9,106,D:\Skripsi\Experiment\data\raw\RGB2\S43\AC9\RGB2_SUB43ACT9F106.jpg,1,1,0.9986057877540588
1327,43,9,121,D:\Skripsi\Experiment\data\raw\RGB2\S43\AC9\RGB2_SUB43ACT9F121.jpg,1,1,0.9941366910934448
1328,43,9,136,D:\Skripsi\Experiment\data\raw\RGB2\S43\AC9\RGB2_SUB43ACT9F136.jpg,1,1,0.9982072114944458
1329,43,9,151,D:\Skripsi\Experiment\data\raw\RGB2\S43\AC9\RGB2_SUB43ACT9F151.jpg,1,1,0.9957903027534485
1330,43,9,16,D:\Skripsi\Experiment\data\raw\RGB2\S43\AC9\RGB2_SUB43ACT9F16.jpg,1,1,0.9997424483299255
1331,43,9,166,D:\Skripsi\Experiment\data\raw\RGB2\S43\AC9\RGB2_SUB43ACT9F166.jpg,1,1,0.9986016154289246
1332,43,9,31,D:\Skripsi\Experiment\data\raw\RGB2\S43\AC9\RGB2_SUB43ACT9F31.jpg,1,1,0.9995576739311218
1333,43,9,46,D:\Skripsi\Experiment\data\raw\RGB2\S43\AC9\RGB2_SUB43ACT9F46.jpg,1,1,0.9995006322860718
1334,43,9,61,D:\Skripsi\Experiment\data\raw\RGB2\S43\AC9\RGB2_SUB43ACT9F61.jpg,1,1,0.9993672966957092
1335,43,9,76,D:\Skripsi\Experiment\data\raw\RGB2\S43\AC9\RGB2_SUB43ACT9F76.jpg,1,1,0.998498797416687
1336,43,9,91,D:\Skripsi\Experiment\data\raw\RGB2\S43\AC9\RGB2_SUB43ACT9F91.jpg,1,1,0.9928572177886963
1337,44,1,1,D:\Skripsi\Experiment\data\raw\RGB2\S44\AC1\RGB2_SUB44ACT1F1.jpg,0,0,0.0010507346596568823
1338,44,1,106,D:\Skripsi\Experiment\data\raw\RGB2\S44\AC1\RGB2_SUB44ACT1F106.jpg,0,0,0.011290373280644417
1339,44,1,121,D:\Skripsi\Experiment\data\raw\RGB2\S44\AC1\RGB2_SUB44ACT1F121.jpg,0,0,0.0036771739833056927
1340,44,1,136,D:\Skripsi\Experiment\data\raw\RGB2\S44\AC1\RGB2_SUB44ACT1F136.jpg,0,0,0.00039182003820315003
1341,44,1,151,D:\Skripsi\Experiment\data\raw\RGB2\S44\AC1\RGB2_SUB44ACT1F151.jpg,0,0,0.00025198867660947144
1342,44,1,16,D:\Skripsi\Experiment\data\raw\RGB2\S44\AC1\RGB2_SUB44ACT1F16.jpg,0,0,0.00033300911309197545
1343,44,1,31,D:\Skripsi\Experiment\data\raw\RGB2\S44\AC1\RGB2_SUB44ACT1F31.jpg,0,0,0.0007046026876196265
1344,44,1,46,D:\Skripsi\Experiment\data\raw\RGB2\S44\AC1\RGB2_SUB44ACT1F46.jpg,0,0,0.00047642344725318253
1345,44,1,61,D:\Skripsi\Experiment\data\raw\RGB2\S44\AC1\RGB2_SUB44ACT1F61.jpg,0,0,0.001284007215872407
1346,44,1,76,D:\Skripsi\Experiment\data\raw\RGB2\S44\AC1\RGB2_SUB44ACT1F76.jpg,0,0,0.001343164942227304
1347,44,1,91,D:\Skripsi\Experiment\data\raw\RGB2\S44\AC1\RGB2_SUB44ACT1F91.jpg,0,0,0.018084919080138206
1348,44,5,1,D:\Skripsi\Experiment\data\raw\RGB2\S44\AC5\RGB2_SUB44ACT5F1.jpg,1,1,0.9994243383407593
1349,44,5,106,D:\Skripsi\Experiment\data\raw\RGB2\S44\AC5\RGB2_SUB44ACT5F106.jpg,1,1,0.9973465204238892
1350,44,5,121,D:\Skripsi\Experiment\data\raw\RGB2\S44\AC5\RGB2_SUB44ACT5F121.jpg,1,1,0.9991675615310669
1351,44,5,136,D:\Skripsi\Experiment\data\raw\RGB2\S44\AC5\RGB2_SUB44ACT5F136.jpg,1,1,0.9988448619842529
1352,44,5,16,D:\Skripsi\Experiment\data\raw\RGB2\S44\AC5\RGB2_SUB44ACT5F16.jpg,1,1,0.9995967745780945
1353,44,5,31,D:\Skripsi\Experiment\data\raw\RGB2\S44\AC5\RGB2_SUB44ACT5F31.jpg,1,1,0.9989044666290283
1354,44,5,46,D:\Skripsi\Experiment\data\raw\RGB2\S44\AC5\RGB2_SUB44ACT5F46.jpg,1,1,0.9996059536933899
1355,44,5,61,D:\Skripsi\Experiment\data\raw\RGB2\S44\AC5\RGB2_SUB44ACT5F61.jpg,1,1,0.9997720122337341
1356,44,5,76,D:\Skripsi\Experiment\data\raw\RGB2\S44\AC5\RGB2_SUB44ACT5F76.jpg,1,1,0.9988831877708435
1357,44,5,91,D:\Skripsi\Experiment\data\raw\RGB2\S44\AC5\RGB2_SUB44ACT5F91.jpg,1,1,0.9993826150894165
1358,44,6,1,D:\Skripsi\Experiment\data\raw\RGB2\S44\AC6\RGB2_SUB44ACT6F1.jpg,1,1,0.9970382452011108
1359,44,6,106,D:\Skripsi\Experiment\data\raw\RGB2\S44\AC6\RGB2_SUB44ACT6F106.jpg,1,1,0.9971380233764648
1360,44,6,121,D:\Skripsi\Experiment\data\raw\RGB2\S44\AC6\RGB2_SUB44ACT6F121.jpg,1,1,0.9950188398361206
1361,44,6,136,D:\Skripsi\Experiment\data\raw\RGB2\S44\AC6\RGB2_SUB44ACT6F136.jpg,1,1,0.9952109456062317
1362,44,6,16,D:\Skripsi\Experiment\data\raw\RGB2\S44\AC6\RGB2_SUB44ACT6F16.jpg,1,1,0.9979768395423889
1363,44,6,31,D:\Skripsi\Experiment\data\raw\RGB2\S44\AC6\RGB2_SUB44ACT6F31.jpg,1,1,0.980939507484436
1364,44,6,46,D:\Skripsi\Experiment\data\raw\RGB2\S44\AC6\RGB2_SUB44ACT6F46.jpg,1,1,0.9986635446548462
1365,44,6,61,D:\Skripsi\Experiment\data\raw\RGB2\S44\AC6\RGB2_SUB44ACT6F61.jpg,1,1,0.9973239898681641
1366,44,6,76,D:\Skripsi\Experiment\data\raw\RGB2\S44\AC6\RGB2_SUB44ACT6F76.jpg,1,1,0.9983144998550415
1367,44,6,91,D:\Skripsi\Experiment\data\raw\RGB2\S44\AC6\RGB2_SUB44ACT6F91.jpg,1,1,0.9930309653282166
1368,44,7,1,D:\Skripsi\Experiment\data\raw\RGB2\S44\AC7\RGB2_SUB44ACT7F1.jpg,1,1,0.9996224641799927
1369,44,7,106,D:\Skripsi\Experiment\data\raw\RGB2\S44\AC7\RGB2_SUB44ACT7F106.jpg,1,1,0.9983168840408325
1370,44,7,121,D:\Skripsi\Experiment\data\raw\RGB2\S44\AC7\RGB2_SUB44ACT7F121.jpg,1,1,0.9977923631668091
1371,44,7,136,D:\Skripsi\Experiment\data\raw\RGB2\S44\AC7\RGB2_SUB44ACT7F136.jpg,1,1,0.9994980096817017
1372,44,7,151,D:\Skripsi\Experiment\data\raw\RGB2\S44\AC7\RGB2_SUB44ACT7F151.jpg,1,1,0.9927345514297485
1373,44,7,16,D:\Skripsi\Experiment\data\raw\RGB2\S44\AC7\RGB2_SUB44ACT7F16.jpg,1,1,0.9787024259567261
1374,44,7,31,D:\Skripsi\Experiment\data\raw\RGB2\S44\AC7\RGB2_SUB44ACT7F31.jpg,1,1,0.9980249404907227
1375,44,7,46,D:\Skripsi\Experiment\data\raw\RGB2\S44\AC7\RGB2_SUB44ACT7F46.jpg,1,1,0.9965943694114685
1376,44,7,61,D:\Skripsi\Experiment\data\raw\RGB2\S44\AC7\RGB2_SUB44ACT7F61.jpg,1,1,0.95850670337677
1377,44,7,76,D:\Skripsi\Experiment\data\raw\RGB2\S44\AC7\RGB2_SUB44ACT7F76.jpg,1,1,0.9926592707633972
1378,44,7,91,D:\Skripsi\Experiment\data\raw\RGB2\S44\AC7\RGB2_SUB44ACT7F91.jpg,1,1,0.9990597367286682
1379,44,8,1,D:\Skripsi\Experiment\data\raw\RGB2\S44\AC8\RGB2_SUB44ACT8F1.jpg,1,1,0.999281108379364
1380,44,8,106,D:\Skripsi\Experiment\data\raw\RGB2\S44\AC8\RGB2_SUB44ACT8F106.jpg,1,1,0.9991542100906372
1381,44,8,121,D:\Skripsi\Experiment\data\raw\RGB2\S44\AC8\RGB2_SUB44ACT8F121.jpg,1,1,0.9996707439422607
1382,44,8,136,D:\Skripsi\Experiment\data\raw\RGB2\S44\AC8\RGB2_SUB44ACT8F136.jpg,1,1,0.9996651411056519
1383,44,8,151,D:\Skripsi\Experiment\data\raw\RGB2\S44\AC8\RGB2_SUB44ACT8F151.jpg,1,1,0.9996755123138428
1384,44,8,16,D:\Skripsi\Experiment\data\raw\RGB2\S44\AC8\RGB2_SUB44ACT8F16.jpg,1,1,0.9983372688293457
1385,44,8,166,D:\Skripsi\Experiment\data\raw\RGB2\S44\AC8\RGB2_SUB44ACT8F166.jpg,1,1,0.9988879561424255
1386,44,8,181,D:\Skripsi\Experiment\data\raw\RGB2\S44\AC8\RGB2_SUB44ACT8F181.jpg,1,1,0.9969702959060669
1387,44,8,31,D:\Skripsi\Experiment\data\raw\RGB2\S44\AC8\RGB2_SUB44ACT8F31.jpg,1,1,0.9973449110984802
1388,44,8,46,D:\Skripsi\Experiment\data\raw\RGB2\S44\AC8\RGB2_SUB44ACT8F46.jpg,1,1,0.9944700002670288
1389,44,8,61,D:\Skripsi\Experiment\data\raw\RGB2\S44\AC8\RGB2_SUB44ACT8F61.jpg,1,1,0.9993529915809631
1390,44,8,76,D:\Skripsi\Experiment\data\raw\RGB2\S44\AC8\RGB2_SUB44ACT8F76.jpg,1,1,0.9984960556030273
1391,44,8,91,D:\Skripsi\Experiment\data\raw\RGB2\S44\AC8\RGB2_SUB44ACT8F91.jpg,1,1,0.9995573163032532
1392,44,9,1,D:\Skripsi\Experiment\data\raw\RGB2\S44\AC9\RGB2_SUB44ACT9F1.jpg,1,1,0.9989891648292542
1393,44,9,106,D:\Skripsi\Experiment\data\raw\RGB2\S44\AC9\RGB2_SUB44ACT9F106.jpg,1,1,0.9972975850105286
1394,44,9,121,D:\Skripsi\Experiment\data\raw\RGB2\S44\AC9\RGB2_SUB44ACT9F121.jpg,1,1,0.9992308616638184
1395,44,9,136,D:\Skripsi\Experiment\data\raw\RGB2\S44\AC9\RGB2_SUB44ACT9F136.jpg,1,1,0.999241828918457
1396,44,9,151,D:\Skripsi\Experiment\data\raw\RGB2\S44\AC9\RGB2_SUB44ACT9F151.jpg,1,1,0.9945281147956848
1397,44,9,16,D:\Skripsi\Experiment\data\raw\RGB2\S44\AC9\RGB2_SUB44ACT9F16.jpg,1,1,0.9982213377952576
1398,44,9,166,D:\Skripsi\Experiment\data\raw\RGB2\S44\AC9\RGB2_SUB44ACT9F166.jpg,1,1,0.9992777705192566
1399,44,9,181,D:\Skripsi\Experiment\data\raw\RGB2\S44\AC9\RGB2_SUB44ACT9F181.jpg,1,1,0.9971625208854675
1400,44,9,196,D:\Skripsi\Experiment\data\raw\RGB2\S44\AC9\RGB2_SUB44ACT9F196.jpg,1,1,0.9998530149459839
1401,44,9,31,D:\Skripsi\Experiment\data\raw\RGB2\S44\AC9\RGB2_SUB44ACT9F31.jpg,1,1,0.9998212456703186
1402,44,9,46,D:\Skripsi\Experiment\data\raw\RGB2\S44\AC9\RGB2_SUB44ACT9F46.jpg,1,1,0.9983226656913757
1403,44,9,61,D:\Skripsi\Experiment\data\raw\RGB2\S44\AC9\RGB2_SUB44ACT9F61.jpg,1,1,0.9995691180229187
1404,44,9,76,D:\Skripsi\Experiment\data\raw\RGB2\S44\AC9\RGB2_SUB44ACT9F76.jpg,1,1,0.9990144968032837
1405,44,9,91,D:\Skripsi\Experiment\data\raw\RGB2\S44\AC9\RGB2_SUB44ACT9F91.jpg,1,1,0.8153508305549622
1406,45,1,1,D:\Skripsi\Experiment\data\raw\RGB2\S45\AC1\RGB2_SUB45ACT1F1.jpg,0,0,0.0008760125492699444
1407,45,1,106,D:\Skripsi\Experiment\data\raw\RGB2\S45\AC1\RGB2_SUB45ACT1F106.jpg,0,0,0.003004917176440358
1408,45,1,121,D:\Skripsi\Experiment\data\raw\RGB2\S45\AC1\RGB2_SUB45ACT1F121.jpg,0,0,0.0028719010297209024
1409,45,1,136,D:\Skripsi\Experiment\data\raw\RGB2\S45\AC1\RGB2_SUB45ACT1F136.jpg,0,0,0.0017957327654585242
1410,45,1,151,D:\Skripsi\Experiment\data\raw\RGB2\S45\AC1\RGB2_SUB45ACT1F151.jpg,0,0,0.0017691311659291387
1411,45,1,16,D:\Skripsi\Experiment\data\raw\RGB2\S45\AC1\RGB2_SUB45ACT1F16.jpg,0,0,0.0005952685605734587
1412,45,1,166,D:\Skripsi\Experiment\data\raw\RGB2\S45\AC1\RGB2_SUB45ACT1F166.jpg,0,0,0.0010867712553590536
1413,45,1,31,D:\Skripsi\Experiment\data\raw\RGB2\S45\AC1\RGB2_SUB45ACT1F31.jpg,0,0,0.0005731543060392141
1414,45,1,46,D:\Skripsi\Experiment\data\raw\RGB2\S45\AC1\RGB2_SUB45ACT1F46.jpg,0,0,0.0005568276974372566
1415,45,1,61,D:\Skripsi\Experiment\data\raw\RGB2\S45\AC1\RGB2_SUB45ACT1F61.jpg,0,0,0.000961103942245245
1416,45,1,76,D:\Skripsi\Experiment\data\raw\RGB2\S45\AC1\RGB2_SUB45ACT1F76.jpg,0,0,0.026062458753585815
1417,45,1,91,D:\Skripsi\Experiment\data\raw\RGB2\S45\AC1\RGB2_SUB45ACT1F91.jpg,0,0,0.006474207621067762
1418,45,5,1,D:\Skripsi\Experiment\data\raw\RGB2\S45\AC5\RGB2_SUB45ACT5F1.jpg,1,1,0.9925479292869568
1419,45,5,106,D:\Skripsi\Experiment\data\raw\RGB2\S45\AC5\RGB2_SUB45ACT5F106.jpg,1,1,0.9990148544311523
1420,45,5,16,D:\Skripsi\Experiment\data\raw\RGB2\S45\AC5\RGB2_SUB45ACT5F16.jpg,1,1,0.9746812582015991
1421,45,5,31,D:\Skripsi\Experiment\data\raw\RGB2\S45\AC5\RGB2_SUB45ACT5F31.jpg,1,1,0.9486992955207825
1422,45,5,46,D:\Skripsi\Experiment\data\raw\RGB2\S45\AC5\RGB2_SUB45ACT5F46.jpg,1,1,0.9874292016029358
1423,45,5,61,D:\Skripsi\Experiment\data\raw\RGB2\S45\AC5\RGB2_SUB45ACT5F61.jpg,1,1,0.9992891550064087
1424,45,5,76,D:\Skripsi\Experiment\data\raw\RGB2\S45\AC5\RGB2_SUB45ACT5F76.jpg,1,1,0.9916180968284607
1425,45,5,91,D:\Skripsi\Experiment\data\raw\RGB2\S45\AC5\RGB2_SUB45ACT5F91.jpg,1,1,0.9907686114311218
1426,45,6,1,D:\Skripsi\Experiment\data\raw\RGB2\S45\AC6\RGB2_SUB45ACT6F1.jpg,1,1,0.9978493452072144
1427,45,6,106,D:\Skripsi\Experiment\data\raw\RGB2\S45\AC6\RGB2_SUB45ACT6F106.jpg,1,1,0.99872225522995
1428,45,6,121,D:\Skripsi\Experiment\data\raw\RGB2\S45\AC6\RGB2_SUB45ACT6F121.jpg,1,1,0.9992576241493225
1429,45,6,136,D:\Skripsi\Experiment\data\raw\RGB2\S45\AC6\RGB2_SUB45ACT6F136.jpg,1,1,0.9991231560707092
1430,45,6,151,D:\Skripsi\Experiment\data\raw\RGB2\S45\AC6\RGB2_SUB45ACT6F151.jpg,1,1,0.9982500672340393
1431,45,6,16,D:\Skripsi\Experiment\data\raw\RGB2\S45\AC6\RGB2_SUB45ACT6F16.jpg,1,1,0.998908281326294
1432,45,6,31,D:\Skripsi\Experiment\data\raw\RGB2\S45\AC6\RGB2_SUB45ACT6F31.jpg,1,1,0.9983338713645935
1433,45,6,46,D:\Skripsi\Experiment\data\raw\RGB2\S45\AC6\RGB2_SUB45ACT6F46.jpg,1,1,0.8946451544761658
1434,45,6,61,D:\Skripsi\Experiment\data\raw\RGB2\S45\AC6\RGB2_SUB45ACT6F61.jpg,1,1,0.9998218417167664
1435,45,6,76,D:\Skripsi\Experiment\data\raw\RGB2\S45\AC6\RGB2_SUB45ACT6F76.jpg,1,1,0.9988576173782349
1436,45,6,91,D:\Skripsi\Experiment\data\raw\RGB2\S45\AC6\RGB2_SUB45ACT6F91.jpg,1,1,0.9982603192329407
1437,45,7,1,D:\Skripsi\Experiment\data\raw\RGB2\S45\AC7\RGB2_SUB45ACT7F1.jpg,1,1,0.999859094619751
1438,45,7,106,D:\Skripsi\Experiment\data\raw\RGB2\S45\AC7\RGB2_SUB45ACT7F106.jpg,1,1,0.9978888630867004
1439,45,7,121,D:\Skripsi\Experiment\data\raw\RGB2\S45\AC7\RGB2_SUB45ACT7F121.jpg,1,1,0.9989732503890991
1440,45,7,136,D:\Skripsi\Experiment\data\raw\RGB2\S45\AC7\RGB2_SUB45ACT7F136.jpg,1,1,0.9997381567955017
1441,45,7,151,D:\Skripsi\Experiment\data\raw\RGB2\S45\AC7\RGB2_SUB45ACT7F151.jpg,1,1,0.9998774528503418
1442,45,7,16,D:\Skripsi\Experiment\data\raw\RGB2\S45\AC7\RGB2_SUB45ACT7F16.jpg,1,1,0.9983587861061096
1443,45,7,166,D:\Skripsi\Experiment\data\raw\RGB2\S45\AC7\RGB2_SUB45ACT7F166.jpg,1,1,0.9992702603340149
1444,45,7,181,D:\Skripsi\Experiment\data\raw\RGB2\S45\AC7\RGB2_SUB45ACT7F181.jpg,1,1,0.9940084218978882
1445,45,7,196,D:\Skripsi\Experiment\data\raw\RGB2\S45\AC7\RGB2_SUB45ACT7F196.jpg,1,1,0.9998317956924438
1446,45,7,31,D:\Skripsi\Experiment\data\raw\RGB2\S45\AC7\RGB2_SUB45ACT7F31.jpg,1,1,0.9997742772102356
1447,45,7,46,D:\Skripsi\Experiment\data\raw\RGB2\S45\AC7\RGB2_SUB45ACT7F46.jpg,1,1,0.9998674392700195
1448,45,7,61,D:\Skripsi\Experiment\data\raw\RGB2\S45\AC7\RGB2_SUB45ACT7F61.jpg,1,1,0.996832549571991
1449,45,7,76,D:\Skripsi\Experiment\data\raw\RGB2\S45\AC7\RGB2_SUB45ACT7F76.jpg,1,1,0.9991952776908875
1450,45,7,91,D:\Skripsi\Experiment\data\raw\RGB2\S45\AC7\RGB2_SUB45ACT7F91.jpg,1,1,0.9994749426841736
1451,45,8,1,D:\Skripsi\Experiment\data\raw\RGB2\S45\AC8\RGB2_SUB45ACT8F1.jpg,1,1,0.9989724159240723
1452,45,8,106,D:\Skripsi\Experiment\data\raw\RGB2\S45\AC8\RGB2_SUB45ACT8F106.jpg,1,1,0.9997028708457947
1453,45,8,121,D:\Skripsi\Experiment\data\raw\RGB2\S45\AC8\RGB2_SUB45ACT8F121.jpg,1,1,0.999594509601593
1454,45,8,136,D:\Skripsi\Experiment\data\raw\RGB2\S45\AC8\RGB2_SUB45ACT8F136.jpg,1,1,0.9998917579650879
1455,45,8,151,D:\Skripsi\Experiment\data\raw\RGB2\S45\AC8\RGB2_SUB45ACT8F151.jpg,1,1,0.9219711422920227
1456,45,8,16,D:\Skripsi\Experiment\data\raw\RGB2\S45\AC8\RGB2_SUB45ACT8F16.jpg,1,1,0.9994645714759827
1457,45,8,166,D:\Skripsi\Experiment\data\raw\RGB2\S45\AC8\RGB2_SUB45ACT8F166.jpg,1,1,0.9958254098892212
1458,45,8,181,D:\Skripsi\Experiment\data\raw\RGB2\S45\AC8\RGB2_SUB45ACT8F181.jpg,1,1,0.9958414435386658
1459,45,8,196,D:\Skripsi\Experiment\data\raw\RGB2\S45\AC8\RGB2_SUB45ACT8F196.jpg,1,1,0.9988982677459717
1460,45,8,211,D:\Skripsi\Experiment\data\raw\RGB2\S45\AC8\RGB2_SUB45ACT8F211.jpg,1,1,0.9975727200508118
1461,45,8,31,D:\Skripsi\Experiment\data\raw\RGB2\S45\AC8\RGB2_SUB45ACT8F31.jpg,1,1,0.999756395816803
1462,45,8,46,D:\Skripsi\Experiment\data\raw\RGB2\S45\AC8\RGB2_SUB45ACT8F46.jpg,1,1,0.9989013671875
1463,45,8,61,D:\Skripsi\Experiment\data\raw\RGB2\S45\AC8\RGB2_SUB45ACT8F61.jpg,1,1,0.9991806149482727
1464,45,8,76,D:\Skripsi\Experiment\data\raw\RGB2\S45\AC8\RGB2_SUB45ACT8F76.jpg,1,1,0.999548614025116
1465,45,8,91,D:\Skripsi\Experiment\data\raw\RGB2\S45\AC8\RGB2_SUB45ACT8F91.jpg,1,1,0.9991187453269958
1466,45,9,1,D:\Skripsi\Experiment\data\raw\RGB2\S45\AC9\RGB2_SUB45ACT9F1.jpg,1,1,0.9155293107032776
1467,45,9,106,D:\Skripsi\Experiment\data\raw\RGB2\S45\AC9\RGB2_SUB45ACT9F106.jpg,1,1,0.9912126660346985
1468,45,9,121,D:\Skripsi\Experiment\data\raw\RGB2\S45\AC9\RGB2_SUB45ACT9F121.jpg,1,1,0.9997702240943909
1469,45,9,136,D:\Skripsi\Experiment\data\raw\RGB2\S45\AC9\RGB2_SUB45ACT9F136.jpg,1,1,0.9694830179214478
1470,45,9,151,D:\Skripsi\Experiment\data\raw\RGB2\S45\AC9\RGB2_SUB45ACT9F151.jpg,1,1,0.999762237071991
1471,45,9,16,D:\Skripsi\Experiment\data\raw\RGB2\S45\AC9\RGB2_SUB45ACT9F16.jpg,1,1,0.9872193336486816
1472,45,9,166,D:\Skripsi\Experiment\data\raw\RGB2\S45\AC9\RGB2_SUB45ACT9F166.jpg,1,1,0.9987185001373291
1473,45,9,181,D:\Skripsi\Experiment\data\raw\RGB2\S45\AC9\RGB2_SUB45ACT9F181.jpg,1,1,0.9990824460983276
1474,45,9,196,D:\Skripsi\Experiment\data\raw\RGB2\S45\AC9\RGB2_SUB45ACT9F196.jpg,1,1,0.9989668130874634
1475,45,9,211,D:\Skripsi\Experiment\data\raw\RGB2\S45\AC9\RGB2_SUB45ACT9F211.jpg,1,1,0.9996248483657837
1476,45,9,226,D:\Skripsi\Experiment\data\raw\RGB2\S45\AC9\RGB2_SUB45ACT9F226.jpg,1,1,0.9967431426048279
1477,45,9,31,D:\Skripsi\Experiment\data\raw\RGB2\S45\AC9\RGB2_SUB45ACT9F31.jpg,1,1,0.9971866011619568
1478,45,9,46,D:\Skripsi\Experiment\data\raw\RGB2\S45\AC9\RGB2_SUB45ACT9F46.jpg,1,1,0.9720607399940491
1479,45,9,61,D:\Skripsi\Experiment\data\raw\RGB2\S45\AC9\RGB2_SUB45ACT9F61.jpg,1,1,0.9945717453956604
1480,45,9,76,D:\Skripsi\Experiment\data\raw\RGB2\S45\AC9\RGB2_SUB45ACT9F76.jpg,1,1,0.9994134902954102
1481,45,9,91,D:\Skripsi\Experiment\data\raw\RGB2\S45\AC9\RGB2_SUB45ACT9F91.jpg,1,1,0.9947082996368408
1482,46,1,1,D:\Skripsi\Experiment\data\raw\RGB2\S46\AC1\RGB2_SUB46ACT1F1.jpg,0,0,0.002884702291339636
1483,46,1,106,D:\Skripsi\Experiment\data\raw\RGB2\S46\AC1\RGB2_SUB46ACT1F106.jpg,0,0,0.0031144621316343546
1484,46,1,121,D:\Skripsi\Experiment\data\raw\RGB2\S46\AC1\RGB2_SUB46ACT1F121.jpg,0,0,0.00161651149392128
1485,46,1,136,D:\Skripsi\Experiment\data\raw\RGB2\S46\AC1\RGB2_SUB46ACT1F136.jpg,0,0,0.004964086692780256
1486,46,1,151,D:\Skripsi\Experiment\data\raw\RGB2\S46\AC1\RGB2_SUB46ACT1F151.jpg,0,0,0.0022273382637649775
1487,46,1,16,D:\Skripsi\Experiment\data\raw\RGB2\S46\AC1\RGB2_SUB46ACT1F16.jpg,0,0,0.0010295900283381343
1488,46,1,166,D:\Skripsi\Experiment\data\raw\RGB2\S46\AC1\RGB2_SUB46ACT1F166.jpg,0,0,0.008814936503767967
1489,46,1,181,D:\Skripsi\Experiment\data\raw\RGB2\S46\AC1\RGB2_SUB46ACT1F181.jpg,0,0,0.003550334135070443
1490,46,1,196,D:\Skripsi\Experiment\data\raw\RGB2\S46\AC1\RGB2_SUB46ACT1F196.jpg,0,0,0.003385991556569934
1491,46,1,211,D:\Skripsi\Experiment\data\raw\RGB2\S46\AC1\RGB2_SUB46ACT1F211.jpg,0,0,0.01952494867146015
1492,46,1,226,D:\Skripsi\Experiment\data\raw\RGB2\S46\AC1\RGB2_SUB46ACT1F226.jpg,0,0,0.0031568726990371943
1493,46,1,241,D:\Skripsi\Experiment\data\raw\RGB2\S46\AC1\RGB2_SUB46ACT1F241.jpg,0,0,0.0015459704445675015
1494,46,1,256,D:\Skripsi\Experiment\data\raw\RGB2\S46\AC1\RGB2_SUB46ACT1F256.jpg,0,0,0.009394928812980652
1495,46,1,31,D:\Skripsi\Experiment\data\raw\RGB2\S46\AC1\RGB2_SUB46ACT1F31.jpg,0,0,0.01506913173943758
1496,46,1,46,D:\Skripsi\Experiment\data\raw\RGB2\S46\AC1\RGB2_SUB46ACT1F46.jpg,0,0,0.1358468383550644
1497,46,1,61,D:\Skripsi\Experiment\data\raw\RGB2\S46\AC1\RGB2_SUB46ACT1F61.jpg,0,0,0.005645724479109049
1498,46,1,76,D:\Skripsi\Experiment\data\raw\RGB2\S46\AC1\RGB2_SUB46ACT1F76.jpg,0,0,0.007720911409705877
1499,46,1,91,D:\Skripsi\Experiment\data\raw\RGB2\S46\AC1\RGB2_SUB46ACT1F91.jpg,0,0,0.003925449680536985
1500,46,5,1,D:\Skripsi\Experiment\data\raw\RGB2\S46\AC5\RGB2_SUB46ACT5F1.jpg,1,1,0.9895673394203186
1501,46,5,106,D:\Skripsi\Experiment\data\raw\RGB2\S46\AC5\RGB2_SUB46ACT5F106.jpg,1,1,0.9838479161262512
1502,46,5,121,D:\Skripsi\Experiment\data\raw\RGB2\S46\AC5\RGB2_SUB46ACT5F121.jpg,1,1,0.8388774394989014
1503,46,5,16,D:\Skripsi\Experiment\data\raw\RGB2\S46\AC5\RGB2_SUB46ACT5F16.jpg,1,1,0.9986019730567932
1504,46,5,31,D:\Skripsi\Experiment\data\raw\RGB2\S46\AC5\RGB2_SUB46ACT5F31.jpg,1,1,0.9994651675224304
1505,46,5,46,D:\Skripsi\Experiment\data\raw\RGB2\S46\AC5\RGB2_SUB46ACT5F46.jpg,1,1,0.9881184697151184
1506,46,5,61,D:\Skripsi\Experiment\data\raw\RGB2\S46\AC5\RGB2_SUB46ACT5F61.jpg,1,1,0.9164010882377625
1507,46,5,76,D:\Skripsi\Experiment\data\raw\RGB2\S46\AC5\RGB2_SUB46ACT5F76.jpg,1,1,0.9802886247634888
1508,46,5,91,D:\Skripsi\Experiment\data\raw\RGB2\S46\AC5\RGB2_SUB46ACT5F91.jpg,1,1,0.9894277453422546
1509,46,6,1,D:\Skripsi\Experiment\data\raw\RGB2\S46\AC6\RGB2_SUB46ACT6F1.jpg,1,1,0.99955815076828
1510,46,6,106,D:\Skripsi\Experiment\data\raw\RGB2\S46\AC6\RGB2_SUB46ACT6F106.jpg,1,1,0.9938867688179016
1511,46,6,121,D:\Skripsi\Experiment\data\raw\RGB2\S46\AC6\RGB2_SUB46ACT6F121.jpg,1,1,0.99394291639328
1512,46,6,136,D:\Skripsi\Experiment\data\raw\RGB2\S46\AC6\RGB2_SUB46ACT6F136.jpg,1,1,0.9915826916694641
1513,46,6,16,D:\Skripsi\Experiment\data\raw\RGB2\S46\AC6\RGB2_SUB46ACT6F16.jpg,1,1,0.9969061017036438
1514,46,6,31,D:\Skripsi\Experiment\data\raw\RGB2\S46\AC6\RGB2_SUB46ACT6F31.jpg,1,1,0.9955328702926636
1515,46,6,46,D:\Skripsi\Experiment\data\raw\RGB2\S46\AC6\RGB2_SUB46ACT6F46.jpg,1,1,0.9800449013710022
1516,46,6,61,D:\Skripsi\Experiment\data\raw\RGB2\S46\AC6\RGB2_SUB46ACT6F61.jpg,1,1,0.9966200590133667
1517,46,6,76,D:\Skripsi\Experiment\data\raw\RGB2\S46\AC6\RGB2_SUB46ACT6F76.jpg,1,1,0.9874013066291809
1518,46,6,91,D:\Skripsi\Experiment\data\raw\RGB2\S46\AC6\RGB2_SUB46ACT6F91.jpg,1,1,0.9888525009155273
1519,46,7,1,D:\Skripsi\Experiment\data\raw\RGB2\S46\AC7\RGB2_SUB46ACT7F1.jpg,1,1,0.9348298907279968
1520,46,7,106,D:\Skripsi\Experiment\data\raw\RGB2\S46\AC7\RGB2_SUB46ACT7F106.jpg,1,1,0.9927467703819275
1521,46,7,121,D:\Skripsi\Experiment\data\raw\RGB2\S46\AC7\RGB2_SUB46ACT7F121.jpg,1,1,0.9921702742576599
1522,46,7,136,D:\Skripsi\Experiment\data\raw\RGB2\S46\AC7\RGB2_SUB46ACT7F136.jpg,1,1,0.9950364232063293
1523,46,7,16,D:\Skripsi\Experiment\data\raw\RGB2\S46\AC7\RGB2_SUB46ACT7F16.jpg,1,1,0.948973536491394
1524,46,7,31,D:\Skripsi\Experiment\data\raw\RGB2\S46\AC7\RGB2_SUB46ACT7F31.jpg,1,1,0.9851198792457581
1525,46,7,46,D:\Skripsi\Experiment\data\raw\RGB2\S46\AC7\RGB2_SUB46ACT7F46.jpg,1,1,0.9946744441986084
1526,46,7,61,D:\Skripsi\Experiment\data\raw\RGB2\S46\AC7\RGB2_SUB46ACT7F61.jpg,1,1,0.988612711429596
1527,46,7,76,D:\Skripsi\Experiment\data\raw\RGB2\S46\AC7\RGB2_SUB46ACT7F76.jpg,1,1,0.9882844686508179
1528,46,7,91,D:\Skripsi\Experiment\data\raw\RGB2\S46\AC7\RGB2_SUB46ACT7F91.jpg,1,1,0.9953332543373108
1529,46,8,1,D:\Skripsi\Experiment\data\raw\RGB2\S46\AC8\RGB2_SUB46ACT8F1.jpg,1,1,0.9987769722938538
1530,46,8,106,D:\Skripsi\Experiment\data\raw\RGB2\S46\AC8\RGB2_SUB46ACT8F106.jpg,1,1,0.9853425025939941
1531,46,8,121,D:\Skripsi\Experiment\data\raw\RGB2\S46\AC8\RGB2_SUB46ACT8F121.jpg,1,1,0.9925673007965088
1532,46,8,136,D:\Skripsi\Experiment\data\raw\RGB2\S46\AC8\RGB2_SUB46ACT8F136.jpg,1,1,0.998677670955658
1533,46,8,151,D:\Skripsi\Experiment\data\raw\RGB2\S46\AC8\RGB2_SUB46ACT8F151.jpg,1,1,0.9886994957923889
1534,46,8,16,D:\Skripsi\Experiment\data\raw\RGB2\S46\AC8\RGB2_SUB46ACT8F16.jpg,1,1,0.999458372592926
1535,46,8,31,D:\Skripsi\Experiment\data\raw\RGB2\S46\AC8\RGB2_SUB46ACT8F31.jpg,1,1,0.9991604089736938
1536,46,8,46,D:\Skripsi\Experiment\data\raw\RGB2\S46\AC8\RGB2_SUB46ACT8F46.jpg,1,1,0.9986503720283508
1537,46,8,61,D:\Skripsi\Experiment\data\raw\RGB2\S46\AC8\RGB2_SUB46ACT8F61.jpg,1,1,0.9960629343986511
1538,46,8,76,D:\Skripsi\Experiment\data\raw\RGB2\S46\AC8\RGB2_SUB46ACT8F76.jpg,1,1,0.9813885688781738
1539,46,8,91,D:\Skripsi\Experiment\data\raw\RGB2\S46\AC8\RGB2_SUB46ACT8F91.jpg,1,1,0.9995293617248535
1540,46,9,1,D:\Skripsi\Experiment\data\raw\RGB2\S46\AC9\RGB2_SUB46ACT9F1.jpg,1,1,0.9565271139144897
1541,46,9,16,D:\Skripsi\Experiment\data\raw\RGB2\S46\AC9\RGB2_SUB46ACT9F16.jpg,1,1,0.9945271611213684
1542,46,9,31,D:\Skripsi\Experiment\data\raw\RGB2\S46\AC9\RGB2_SUB46ACT9F31.jpg,1,1,0.9298460483551025
1543,46,9,46,D:\Skripsi\Experiment\data\raw\RGB2\S46\AC9\RGB2_SUB46ACT9F46.jpg,1,1,0.9845080375671387
1544,46,9,61,D:\Skripsi\Experiment\data\raw\RGB2\S46\AC9\RGB2_SUB46ACT9F61.jpg,1,1,0.8951215147972107
1545,46,9,76,D:\Skripsi\Experiment\data\raw\RGB2\S46\AC9\RGB2_SUB46ACT9F76.jpg,1,1,0.9905573129653931
1546,47,1,1,D:\Skripsi\Experiment\data\raw\RGB2\S47\AC1\RGB2_SUB47ACT1F1.jpg,0,0,0.008703222498297691
1547,47,1,106,D:\Skripsi\Experiment\data\raw\RGB2\S47\AC1\RGB2_SUB47ACT1F106.jpg,0,0,0.007161001209169626
1548,47,1,121,D:\Skripsi\Experiment\data\raw\RGB2\S47\AC1\RGB2_SUB47ACT1F121.jpg,0,0,0.005564924795180559
1549,47,1,136,D:\Skripsi\Experiment\data\raw\RGB2\S47\AC1\RGB2_SUB47ACT1F136.jpg,0,0,0.0032319684978574514
1550,47,1,151,D:\Skripsi\Experiment\data\raw\RGB2\S47\AC1\RGB2_SUB47ACT1F151.jpg,0,0,0.03696919232606888
1551,47,1,16,D:\Skripsi\Experiment\data\raw\RGB2\S47\AC1\RGB2_SUB47ACT1F16.jpg,0,0,0.0069992635399103165
1552,47,1,166,D:\Skripsi\Experiment\data\raw\RGB2\S47\AC1\RGB2_SUB47ACT1F166.jpg,0,0,0.0014867937425151467
1553,47,1,181,D:\Skripsi\Experiment\data\raw\RGB2\S47\AC1\RGB2_SUB47ACT1F181.jpg,0,0,0.12228656560182571
1554,47,1,196,D:\Skripsi\Experiment\data\raw\RGB2\S47\AC1\RGB2_SUB47ACT1F196.jpg,0,0,0.002687749918550253
1555,47,1,31,D:\Skripsi\Experiment\data\raw\RGB2\S47\AC1\RGB2_SUB47ACT1F31.jpg,0,0,0.008056494407355785
1556,47,1,46,D:\Skripsi\Experiment\data\raw\RGB2\S47\AC1\RGB2_SUB47ACT1F46.jpg,0,0,0.04308221861720085
1557,47,1,61,D:\Skripsi\Experiment\data\raw\RGB2\S47\AC1\RGB2_SUB47ACT1F61.jpg,0,0,0.00556858628988266
1558,47,1,76,D:\Skripsi\Experiment\data\raw\RGB2\S47\AC1\RGB2_SUB47ACT1F76.jpg,0,0,0.00511822197586298
1559,47,1,91,D:\Skripsi\Experiment\data\raw\RGB2\S47\AC1\RGB2_SUB47ACT1F91.jpg,0,0,0.005174344405531883
1560,47,5,1,D:\Skripsi\Experiment\data\raw\RGB2\S47\AC5\RGB2_SUB47ACT5F1.jpg,1,1,0.9998494386672974
1561,47,5,16,D:\Skripsi\Experiment\data\raw\RGB2\S47\AC5\RGB2_SUB47ACT5F16.jpg,1,1,0.9992656111717224
1562,47,5,31,D:\Skripsi\Experiment\data\raw\RGB2\S47\AC5\RGB2_SUB47ACT5F31.jpg,1,1,0.9977303147315979
1563,47,5,46,D:\Skripsi\Experiment\data\raw\RGB2\S47\AC5\RGB2_SUB47ACT5F46.jpg,1,1,0.9879043698310852
1564,47,5,61,D:\Skripsi\Experiment\data\raw\RGB2\S47\AC5\RGB2_SUB47ACT5F61.jpg,1,1,0.995172917842865
1565,47,5,76,D:\Skripsi\Experiment\data\raw\RGB2\S47\AC5\RGB2_SUB47ACT5F76.jpg,1,1,0.9937350153923035
1566,47,5,91,D:\Skripsi\Experiment\data\raw\RGB2\S47\AC5\RGB2_SUB47ACT5F91.jpg,1,1,0.9900400042533875
1567,47,6,1,D:\Skripsi\Experiment\data\raw\RGB2\S47\AC6\RGB2_SUB47ACT6F1.jpg,1,1,0.99928218126297
1568,47,6,106,D:\Skripsi\Experiment\data\raw\RGB2\S47\AC6\RGB2_SUB47ACT6F106.jpg,1,1,0.9989615678787231
1569,47,6,16,D:\Skripsi\Experiment\data\raw\RGB2\S47\AC6\RGB2_SUB47ACT6F16.jpg,1,1,0.998354971408844
1570,47,6,31,D:\Skripsi\Experiment\data\raw\RGB2\S47\AC6\RGB2_SUB47ACT6F31.jpg,1,1,0.9977518916130066
1571,47,6,46,D:\Skripsi\Experiment\data\raw\RGB2\S47\AC6\RGB2_SUB47ACT6F46.jpg,1,1,0.9875942468643188
1572,47,6,61,D:\Skripsi\Experiment\data\raw\RGB2\S47\AC6\RGB2_SUB47ACT6F61.jpg,1,1,0.9966709017753601
1573,47,6,76,D:\Skripsi\Experiment\data\raw\RGB2\S47\AC6\RGB2_SUB47ACT6F76.jpg,1,1,0.9962043166160583
1574,47,6,91,D:\Skripsi\Experiment\data\raw\RGB2\S47\AC6\RGB2_SUB47ACT6F91.jpg,1,1,0.9991300702095032
1575,47,7,1,D:\Skripsi\Experiment\data\raw\RGB2\S47\AC7\RGB2_SUB47ACT7F1.jpg,1,1,0.9979088306427002
1576,47,7,106,D:\Skripsi\Experiment\data\raw\RGB2\S47\AC7\RGB2_SUB47ACT7F106.jpg,1,1,0.9052640199661255
1577,47,7,121,D:\Skripsi\Experiment\data\raw\RGB2\S47\AC7\RGB2_SUB47ACT7F121.jpg,1,1,0.9768033027648926
1578,47,7,136,D:\Skripsi\Experiment\data\raw\RGB2\S47\AC7\RGB2_SUB47ACT7F136.jpg,1,1,0.9987926483154297
1579,47,7,151,D:\Skripsi\Experiment\data\raw\RGB2\S47\AC7\RGB2_SUB47ACT7F151.jpg,1,1,0.9994269609451294
1580,47,7,16,D:\Skripsi\Experiment\data\raw\RGB2\S47\AC7\RGB2_SUB47ACT7F16.jpg,1,1,0.9996024966239929
1581,47,7,166,D:\Skripsi\Experiment\data\raw\RGB2\S47\AC7\RGB2_SUB47ACT7F166.jpg,1,1,0.9996918439865112
1582,47,7,31,D:\Skripsi\Experiment\data\raw\RGB2\S47\AC7\RGB2_SUB47ACT7F31.jpg,1,1,0.9976741671562195
1583,47,7,46,D:\Skripsi\Experiment\data\raw\RGB2\S47\AC7\RGB2_SUB47ACT7F46.jpg,1,1,0.9993058443069458
1584,47,7,61,D:\Skripsi\Experiment\data\raw\RGB2\S47\AC7\RGB2_SUB47ACT7F61.jpg,1,1,0.9983750581741333
1585,47,7,76,D:\Skripsi\Experiment\data\raw\RGB2\S47\AC7\RGB2_SUB47ACT7F76.jpg,1,1,0.9993933439254761
1586,47,7,91,D:\Skripsi\Experiment\data\raw\RGB2\S47\AC7\RGB2_SUB47ACT7F91.jpg,1,1,0.9934635162353516
1587,47,8,1,D:\Skripsi\Experiment\data\raw\RGB2\S47\AC8\RGB2_SUB47ACT8F1.jpg,1,1,0.9964367151260376
1588,47,8,106,D:\Skripsi\Experiment\data\raw\RGB2\S47\AC8\RGB2_SUB47ACT8F106.jpg,1,1,0.9989498257637024
1589,47,8,121,D:\Skripsi\Experiment\data\raw\RGB2\S47\AC8\RGB2_SUB47ACT8F121.jpg,1,1,0.9948399662971497
1590,47,8,136,D:\Skripsi\Experiment\data\raw\RGB2\S47\AC8\RGB2_SUB47ACT8F136.jpg,1,1,0.9992868304252625
1591,47,8,151,D:\Skripsi\Experiment\data\raw\RGB2\S47\AC8\RGB2_SUB47ACT8F151.jpg,1,1,0.9996424913406372
1592,47,8,16,D:\Skripsi\Experiment\data\raw\RGB2\S47\AC8\RGB2_SUB47ACT8F16.jpg,1,1,0.9764711856842041
1593,47,8,31,D:\Skripsi\Experiment\data\raw\RGB2\S47\AC8\RGB2_SUB47ACT8F31.jpg,1,1,0.9797918200492859
1594,47,8,46,D:\Skripsi\Experiment\data\raw\RGB2\S47\AC8\RGB2_SUB47ACT8F46.jpg,1,1,0.9980171918869019
1595,47,8,61,D:\Skripsi\Experiment\data\raw\RGB2\S47\AC8\RGB2_SUB47ACT8F61.jpg,1,1,0.9917770624160767
1596,47,8,76,D:\Skripsi\Experiment\data\raw\RGB2\S47\AC8\RGB2_SUB47ACT8F76.jpg,1,1,0.9984071850776672
1597,47,8,91,D:\Skripsi\Experiment\data\raw\RGB2\S47\AC8\RGB2_SUB47ACT8F91.jpg,1,1,0.9993207454681396
1598,47,9,1,D:\Skripsi\Experiment\data\raw\RGB2\S47\AC9\RGB2_SUB47ACT9F1.jpg,1,1,0.9993284940719604
1599,47,9,106,D:\Skripsi\Experiment\data\raw\RGB2\S47\AC9\RGB2_SUB47ACT9F106.jpg,1,1,0.9808374047279358
1600,47,9,121,D:\Skripsi\Experiment\data\raw\RGB2\S47\AC9\RGB2_SUB47ACT9F121.jpg,1,1,0.9963420033454895
1601,47,9,136,D:\Skripsi\Experiment\data\raw\RGB2\S47\AC9\RGB2_SUB47ACT9F136.jpg,1,1,0.9092364311218262
1602,47,9,151,D:\Skripsi\Experiment\data\raw\RGB2\S47\AC9\RGB2_SUB47ACT9F151.jpg,1,1,0.998878538608551
1603,47,9,16,D:\Skripsi\Experiment\data\raw\RGB2\S47\AC9\RGB2_SUB47ACT9F16.jpg,1,1,0.9993680119514465
1604,47,9,31,D:\Skripsi\Experiment\data\raw\RGB2\S47\AC9\RGB2_SUB47ACT9F31.jpg,1,1,0.997186005115509
1605,47,9,46,D:\Skripsi\Experiment\data\raw\RGB2\S47\AC9\RGB2_SUB47ACT9F46.jpg,1,1,0.9995638728141785
1606,47,9,61,D:\Skripsi\Experiment\data\raw\RGB2\S47\AC9\RGB2_SUB47ACT9F61.jpg,1,1,0.9993282556533813
1607,47,9,76,D:\Skripsi\Experiment\data\raw\RGB2\S47\AC9\RGB2_SUB47ACT9F76.jpg,1,1,0.9978491067886353
1608,47,9,91,D:\Skripsi\Experiment\data\raw\RGB2\S47\AC9\RGB2_SUB47ACT9F91.jpg,1,1,0.9952292442321777
1609,48,1,1,D:\Skripsi\Experiment\data\raw\RGB2\S48\AC1\RGB2_SUB48ACT1F1.jpg,0,0,0.0008690074901096523
1610,48,1,106,D:\Skripsi\Experiment\data\raw\RGB2\S48\AC1\RGB2_SUB48ACT1F106.jpg,0,0,0.0007787105278111994
1611,48,1,121,D:\Skripsi\Experiment\data\raw\RGB2\S48\AC1\RGB2_SUB48ACT1F121.jpg,0,0,0.00041901550139300525
1612,48,1,16,D:\Skripsi\Experiment\data\raw\RGB2\S48\AC1\RGB2_SUB48ACT1F16.jpg,0,0,0.002266308292746544
1613,48,1,31,D:\Skripsi\Experiment\data\raw\RGB2\S48\AC1\RGB2_SUB48ACT1F31.jpg,0,0,0.0003425539471209049
1614,48,1,46,D:\Skripsi\Experiment\data\raw\RGB2\S48\AC1\RGB2_SUB48ACT1F46.jpg,0,0,0.0030173654668033123
1615,48,1,61,D:\Skripsi\Experiment\data\raw\RGB2\S48\AC1\RGB2_SUB48ACT1F61.jpg,0,0,0.0014459849335253239
1616,48,1,76,D:\Skripsi\Experiment\data\raw\RGB2\S48\AC1\RGB2_SUB48ACT1F76.jpg,0,0,0.17230765521526337
1617,48,1,91,D:\Skripsi\Experiment\data\raw\RGB2\S48\AC1\RGB2_SUB48ACT1F91.jpg,0,0,0.013496981002390385
1618,48,5,1,D:\Skripsi\Experiment\data\raw\RGB2\S48\AC5\RGB2_SUB48ACT5F1.jpg,1,1,0.9758726358413696
1619,48,5,106,D:\Skripsi\Experiment\data\raw\RGB2\S48\AC5\RGB2_SUB48ACT5F106.jpg,1,1,0.8583345413208008
1620,48,5,121,D:\Skripsi\Experiment\data\raw\RGB2\S48\AC5\RGB2_SUB48ACT5F121.jpg,1,1,0.9816426038742065
1621,48,5,136,D:\Skripsi\Experiment\data\raw\RGB2\S48\AC5\RGB2_SUB48ACT5F136.jpg,1,1,0.9533792734146118
1622,48,5,16,D:\Skripsi\Experiment\data\raw\RGB2\S48\AC5\RGB2_SUB48ACT5F16.jpg,1,1,0.9957731366157532
1623,48,5,31,D:\Skripsi\Experiment\data\raw\RGB2\S48\AC5\RGB2_SUB48ACT5F31.jpg,1,1,0.9904500842094421
1624,48,5,46,D:\Skripsi\Experiment\data\raw\RGB2\S48\AC5\RGB2_SUB48ACT5F46.jpg,1,1,0.9786046743392944
1625,48,5,61,D:\Skripsi\Experiment\data\raw\RGB2\S48\AC5\RGB2_SUB48ACT5F61.jpg,1,1,0.9942613840103149
1626,48,5,76,D:\Skripsi\Experiment\data\raw\RGB2\S48\AC5\RGB2_SUB48ACT5F76.jpg,1,1,0.9871180057525635
1627,48,5,91,D:\Skripsi\Experiment\data\raw\RGB2\S48\AC5\RGB2_SUB48ACT5F91.jpg,1,1,0.9913678765296936
1628,48,6,1,D:\Skripsi\Experiment\data\raw\RGB2\S48\AC6\RGB2_SUB48ACT6F1.jpg,1,1,0.8889033794403076
1629,48,6,16,D:\Skripsi\Experiment\data\raw\RGB2\S48\AC6\RGB2_SUB48ACT6F16.jpg,1,0,0.09462031722068787
1630,48,6,31,D:\Skripsi\Experiment\data\raw\RGB2\S48\AC6\RGB2_SUB48ACT6F31.jpg,1,0,0.041391320526599884
1631,48,6,46,D:\Skripsi\Experiment\data\raw\RGB2\S48\AC6\RGB2_SUB48ACT6F46.jpg,1,0,0.39337098598480225
1632,48,6,61,D:\Skripsi\Experiment\data\raw\RGB2\S48\AC6\RGB2_SUB48ACT6F61.jpg,1,1,0.993895947933197
1633,48,6,76,D:\Skripsi\Experiment\data\raw\RGB2\S48\AC6\RGB2_SUB48ACT6F76.jpg,1,1,0.7259925007820129
1634,48,6,91,D:\Skripsi\Experiment\data\raw\RGB2\S48\AC6\RGB2_SUB48ACT6F91.jpg,1,1,0.9828018546104431
1635,48,7,1,D:\Skripsi\Experiment\data\raw\RGB2\S48\AC7\RGB2_SUB48ACT7F1.jpg,1,1,0.9980111122131348
1636,48,7,106,D:\Skripsi\Experiment\data\raw\RGB2\S48\AC7\RGB2_SUB48ACT7F106.jpg,1,1,0.9991551637649536
1637,48,7,121,D:\Skripsi\Experiment\data\raw\RGB2\S48\AC7\RGB2_SUB48ACT7F121.jpg,1,1,0.9990322589874268
1638,48,7,136,D:\Skripsi\Experiment\data\raw\RGB2\S48\AC7\RGB2_SUB48ACT7F136.jpg,1,1,0.999259889125824
1639,48,7,151,D:\Skripsi\Experiment\data\raw\RGB2\S48\AC7\RGB2_SUB48ACT7F151.jpg,1,1,0.9734901189804077
1640,48,7,16,D:\Skripsi\Experiment\data\raw\RGB2\S48\AC7\RGB2_SUB48ACT7F16.jpg,1,1,0.986549973487854
1641,48,7,166,D:\Skripsi\Experiment\data\raw\RGB2\S48\AC7\RGB2_SUB48ACT7F166.jpg,1,1,0.9762937426567078
1642,48,7,181,D:\Skripsi\Experiment\data\raw\RGB2\S48\AC7\RGB2_SUB48ACT7F181.jpg,1,1,0.9941171407699585
1643,48,7,31,D:\Skripsi\Experiment\data\raw\RGB2\S48\AC7\RGB2_SUB48ACT7F31.jpg,1,1,0.9516534209251404
1644,48,7,46,D:\Skripsi\Experiment\data\raw\RGB2\S48\AC7\RGB2_SUB48ACT7F46.jpg,1,1,0.9933617115020752
1645,48,7,61,D:\Skripsi\Experiment\data\raw\RGB2\S48\AC7\RGB2_SUB48ACT7F61.jpg,1,1,0.9934275150299072
1646,48,7,76,D:\Skripsi\Experiment\data\raw\RGB2\S48\AC7\RGB2_SUB48ACT7F76.jpg,1,1,0.9880605340003967
1647,48,7,91,D:\Skripsi\Experiment\data\raw\RGB2\S48\AC7\RGB2_SUB48ACT7F91.jpg,1,1,0.9879968762397766
1648,48,8,1,D:\Skripsi\Experiment\data\raw\RGB2\S48\AC8\RGB2_SUB48ACT8F1.jpg,1,1,0.9895238280296326
1649,48,8,106,D:\Skripsi\Experiment\data\raw\RGB2\S48\AC8\RGB2_SUB48ACT8F106.jpg,1,1,0.9985114932060242
1650,48,8,121,D:\Skripsi\Experiment\data\raw\RGB2\S48\AC8\RGB2_SUB48ACT8F121.jpg,1,1,0.9986253976821899
1651,48,8,136,D:\Skripsi\Experiment\data\raw\RGB2\S48\AC8\RGB2_SUB48ACT8F136.jpg,1,1,0.9936683773994446
1652,48,8,151,D:\Skripsi\Experiment\data\raw\RGB2\S48\AC8\RGB2_SUB48ACT8F151.jpg,1,1,0.9989295601844788
1653,48,8,16,D:\Skripsi\Experiment\data\raw\RGB2\S48\AC8\RGB2_SUB48ACT8F16.jpg,1,1,0.9980872273445129
1654,48,8,166,D:\Skripsi\Experiment\data\raw\RGB2\S48\AC8\RGB2_SUB48ACT8F166.jpg,1,1,0.9950195550918579
1655,48,8,181,D:\Skripsi\Experiment\data\raw\RGB2\S48\AC8\RGB2_SUB48ACT8F181.jpg,1,1,0.9951254725456238
1656,48,8,31,D:\Skripsi\Experiment\data\raw\RGB2\S48\AC8\RGB2_SUB48ACT8F31.jpg,1,1,0.9993131160736084
1657,48,8,46,D:\Skripsi\Experiment\data\raw\RGB2\S48\AC8\RGB2_SUB48ACT8F46.jpg,1,1,0.9993288516998291
1658,48,8,61,D:\Skripsi\Experiment\data\raw\RGB2\S48\AC8\RGB2_SUB48ACT8F61.jpg,1,1,0.9990849494934082
1659,48,8,76,D:\Skripsi\Experiment\data\raw\RGB2\S48\AC8\RGB2_SUB48ACT8F76.jpg,1,1,0.9989743232727051
1660,48,8,91,D:\Skripsi\Experiment\data\raw\RGB2\S48\AC8\RGB2_SUB48ACT8F91.jpg,1,1,0.9976582527160645
1661,48,9,1,D:\Skripsi\Experiment\data\raw\RGB2\S48\AC9\RGB2_SUB48ACT9F1.jpg,1,1,0.7446408867835999
1662,48,9,106,D:\Skripsi\Experiment\data\raw\RGB2\S48\AC9\RGB2_SUB48ACT9F106.jpg,1,1,0.9994595646858215
1663,48,9,121,D:\Skripsi\Experiment\data\raw\RGB2\S48\AC9\RGB2_SUB48ACT9F121.jpg,1,1,0.9942406415939331
1664,48,9,136,D:\Skripsi\Experiment\data\raw\RGB2\S48\AC9\RGB2_SUB48ACT9F136.jpg,1,1,0.9995052814483643
1665,48,9,151,D:\Skripsi\Experiment\data\raw\RGB2\S48\AC9\RGB2_SUB48ACT9F151.jpg,1,1,0.9974157810211182
1666,48,9,16,D:\Skripsi\Experiment\data\raw\RGB2\S48\AC9\RGB2_SUB48ACT9F16.jpg,1,1,0.9455253481864929
1667,48,9,166,D:\Skripsi\Experiment\data\raw\RGB2\S48\AC9\RGB2_SUB48ACT9F166.jpg,1,1,0.9940603375434875
1668,48,9,31,D:\Skripsi\Experiment\data\raw\RGB2\S48\AC9\RGB2_SUB48ACT9F31.jpg,1,1,0.9819951057434082
1669,48,9,46,D:\Skripsi\Experiment\data\raw\RGB2\S48\AC9\RGB2_SUB48ACT9F46.jpg,1,1,0.9945518374443054
1670,48,9,61,D:\Skripsi\Experiment\data\raw\RGB2\S48\AC9\RGB2_SUB48ACT9F61.jpg,1,1,0.9669974446296692
1671,48,9,76,D:\Skripsi\Experiment\data\raw\RGB2\S48\AC9\RGB2_SUB48ACT9F76.jpg,1,1,0.9996578693389893
1672,48,9,91,D:\Skripsi\Experiment\data\raw\RGB2\S48\AC9\RGB2_SUB48ACT9F91.jpg,1,1,0.9991638660430908
1673,49,1,1,D:\Skripsi\Experiment\data\raw\RGB2\S49\AC1\RGB2_SUB49ACT1F1.jpg,0,0,0.005836188793182373
1674,49,1,106,D:\Skripsi\Experiment\data\raw\RGB2\S49\AC1\RGB2_SUB49ACT1F106.jpg,0,0,0.0003199719649273902
1675,49,1,121,D:\Skripsi\Experiment\data\raw\RGB2\S49\AC1\RGB2_SUB49ACT1F121.jpg,0,0,0.00047222519060596824
1676,49,1,136,D:\Skripsi\Experiment\data\raw\RGB2\S49\AC1\RGB2_SUB49ACT1F136.jpg,0,0,0.0004090729053132236
1677,49,1,151,D:\Skripsi\Experiment\data\raw\RGB2\S49\AC1\RGB2_SUB49ACT1F151.jpg,0,0,0.00041220372077077627
1678,49,1,16,D:\Skripsi\Experiment\data\raw\RGB2\S49\AC1\RGB2_SUB49ACT1F16.jpg,0,0,0.00031815419788472354
1679,49,1,166,D:\Skripsi\Experiment\data\raw\RGB2\S49\AC1\RGB2_SUB49ACT1F166.jpg,0,0,0.0005487006856128573
1680,49,1,31,D:\Skripsi\Experiment\data\raw\RGB2\S49\AC1\RGB2_SUB49ACT1F31.jpg,0,0,0.00014703458873555064
1681,49,1,46,D:\Skripsi\Experiment\data\raw\RGB2\S49\AC1\RGB2_SUB49ACT1F46.jpg,0,0,0.00021241653303150088
1682,49,1,61,D:\Skripsi\Experiment\data\raw\RGB2\S49\AC1\RGB2_SUB49ACT1F61.jpg,0,0,0.00029103190172463655
1683,49,1,76,D:\Skripsi\Experiment\data\raw\RGB2\S49\AC1\RGB2_SUB49ACT1F76.jpg,0,0,0.00023308652453124523
1684,49,1,91,D:\Skripsi\Experiment\data\raw\RGB2\S49\AC1\RGB2_SUB49ACT1F91.jpg,0,0,0.001309906947426498
1685,49,5,1,D:\Skripsi\Experiment\data\raw\RGB2\S49\AC5\RGB2_SUB49ACT5F1.jpg,1,1,0.9433521628379822
1686,49,5,106,D:\Skripsi\Experiment\data\raw\RGB2\S49\AC5\RGB2_SUB49ACT5F106.jpg,1,1,0.9818363785743713
1687,49,5,121,D:\Skripsi\Experiment\data\raw\RGB2\S49\AC5\RGB2_SUB49ACT5F121.jpg,1,1,0.9856088757514954
1688,49,5,136,D:\Skripsi\Experiment\data\raw\RGB2\S49\AC5\RGB2_SUB49ACT5F136.jpg,1,1,0.9981892704963684
1689,49,5,151,D:\Skripsi\Experiment\data\raw\RGB2\S49\AC5\RGB2_SUB49ACT5F151.jpg,1,1,0.9913090467453003
1690,49,5,16,D:\Skripsi\Experiment\data\raw\RGB2\S49\AC5\RGB2_SUB49ACT5F16.jpg,1,1,0.9988334774971008
1691,49,5,166,D:\Skripsi\Experiment\data\raw\RGB2\S49\AC5\RGB2_SUB49ACT5F166.jpg,1,1,0.9618131518363953
1692,49,5,31,D:\Skripsi\Experiment\data\raw\RGB2\S49\AC5\RGB2_SUB49ACT5F31.jpg,1,1,0.9974591135978699
1693,49,5,46,D:\Skripsi\Experiment\data\raw\RGB2\S49\AC5\RGB2_SUB49ACT5F46.jpg,1,1,0.9853416681289673
1694,49,5,61,D:\Skripsi\Experiment\data\raw\RGB2\S49\AC5\RGB2_SUB49ACT5F61.jpg,1,1,0.9958823919296265
1695,49,5,76,D:\Skripsi\Experiment\data\raw\RGB2\S49\AC5\RGB2_SUB49ACT5F76.jpg,1,1,0.996393620967865
1696,49,5,91,D:\Skripsi\Experiment\data\raw\RGB2\S49\AC5\RGB2_SUB49ACT5F91.jpg,1,1,0.99198979139328
1697,49,6,1,D:\Skripsi\Experiment\data\raw\RGB2\S49\AC6\RGB2_SUB49ACT6F1.jpg,1,1,0.9786285161972046
1698,49,6,106,D:\Skripsi\Experiment\data\raw\RGB2\S49\AC6\RGB2_SUB49ACT6F106.jpg,1,1,0.9981740713119507
1699,49,6,121,D:\Skripsi\Experiment\data\raw\RGB2\S49\AC6\RGB2_SUB49ACT6F121.jpg,1,1,0.9996151924133301
1700,49,6,136,D:\Skripsi\Experiment\data\raw\RGB2\S49\AC6\RGB2_SUB49ACT6F136.jpg,1,1,0.997846245765686
1701,49,6,151,D:\Skripsi\Experiment\data\raw\RGB2\S49\AC6\RGB2_SUB49ACT6F151.jpg,1,1,0.9989644289016724
1702,49,6,16,D:\Skripsi\Experiment\data\raw\RGB2\S49\AC6\RGB2_SUB49ACT6F16.jpg,1,1,0.9996181726455688
1703,49,6,166,D:\Skripsi\Experiment\data\raw\RGB2\S49\AC6\RGB2_SUB49ACT6F166.jpg,1,1,0.9994526505470276
1704,49,6,181,D:\Skripsi\Experiment\data\raw\RGB2\S49\AC6\RGB2_SUB49ACT6F181.jpg,1,1,0.9979617595672607
1705,49,6,31,D:\Skripsi\Experiment\data\raw\RGB2\S49\AC6\RGB2_SUB49ACT6F31.jpg,1,1,0.9959484934806824
1706,49,6,46,D:\Skripsi\Experiment\data\raw\RGB2\S49\AC6\RGB2_SUB49ACT6F46.jpg,1,1,0.9993817806243896
1707,49,6,61,D:\Skripsi\Experiment\data\raw\RGB2\S49\AC6\RGB2_SUB49ACT6F61.jpg,1,1,0.9952386617660522
1708,49,6,76,D:\Skripsi\Experiment\data\raw\RGB2\S49\AC6\RGB2_SUB49ACT6F76.jpg,1,1,0.9977138042449951
1709,49,6,91,D:\Skripsi\Experiment\data\raw\RGB2\S49\AC6\RGB2_SUB49ACT6F91.jpg,1,1,0.9972769618034363
1710,49,7,1,D:\Skripsi\Experiment\data\raw\RGB2\S49\AC7\RGB2_SUB49ACT7F1.jpg,1,1,0.9923934936523438
1711,49,7,106,D:\Skripsi\Experiment\data\raw\RGB2\S49\AC7\RGB2_SUB49ACT7F106.jpg,1,1,0.993518054485321
1712,49,7,121,D:\Skripsi\Experiment\data\raw\RGB2\S49\AC7\RGB2_SUB49ACT7F121.jpg,1,1,0.9943268895149231
1713,49,7,136,D:\Skripsi\Experiment\data\raw\RGB2\S49\AC7\RGB2_SUB49ACT7F136.jpg,1,1,0.9961863160133362
1714,49,7,16,D:\Skripsi\Experiment\data\raw\RGB2\S49\AC7\RGB2_SUB49ACT7F16.jpg,1,1,0.9996452331542969
1715,49,7,31,D:\Skripsi\Experiment\data\raw\RGB2\S49\AC7\RGB2_SUB49ACT7F31.jpg,1,1,0.9696241021156311
1716,49,7,46,D:\Skripsi\Experiment\data\raw\RGB2\S49\AC7\RGB2_SUB49ACT7F46.jpg,1,1,0.9992098808288574
1717,49,7,61,D:\Skripsi\Experiment\data\raw\RGB2\S49\AC7\RGB2_SUB49ACT7F61.jpg,1,1,0.9948421120643616
1718,49,7,76,D:\Skripsi\Experiment\data\raw\RGB2\S49\AC7\RGB2_SUB49ACT7F76.jpg,1,1,0.9963852167129517
1719,49,7,91,D:\Skripsi\Experiment\data\raw\RGB2\S49\AC7\RGB2_SUB49ACT7F91.jpg,1,1,0.9972050786018372
1720,49,8,1,D:\Skripsi\Experiment\data\raw\RGB2\S49\AC8\RGB2_SUB49ACT8F1.jpg,1,1,0.9966983199119568
1721,49,8,106,D:\Skripsi\Experiment\data\raw\RGB2\S49\AC8\RGB2_SUB49ACT8F106.jpg,1,1,0.9683924913406372
1722,49,8,121,D:\Skripsi\Experiment\data\raw\RGB2\S49\AC8\RGB2_SUB49ACT8F121.jpg,1,1,0.9990191459655762
1723,49,8,136,D:\Skripsi\Experiment\data\raw\RGB2\S49\AC8\RGB2_SUB49ACT8F136.jpg,1,1,0.9882800579071045
1724,49,8,151,D:\Skripsi\Experiment\data\raw\RGB2\S49\AC8\RGB2_SUB49ACT8F151.jpg,1,1,0.9884373545646667
1725,49,8,16,D:\Skripsi\Experiment\data\raw\RGB2\S49\AC8\RGB2_SUB49ACT8F16.jpg,1,1,0.9829323291778564
1726,49,8,166,D:\Skripsi\Experiment\data\raw\RGB2\S49\AC8\RGB2_SUB49ACT8F166.jpg,1,1,0.9990843534469604
1727,49,8,181,D:\Skripsi\Experiment\data\raw\RGB2\S49\AC8\RGB2_SUB49ACT8F181.jpg,1,1,0.9998069405555725
1728,49,8,196,D:\Skripsi\Experiment\data\raw\RGB2\S49\AC8\RGB2_SUB49ACT8F196.jpg,1,1,0.9986875653266907
1729,49,8,211,D:\Skripsi\Experiment\data\raw\RGB2\S49\AC8\RGB2_SUB49ACT8F211.jpg,1,1,0.9980498552322388
1730,49,8,31,D:\Skripsi\Experiment\data\raw\RGB2\S49\AC8\RGB2_SUB49ACT8F31.jpg,1,1,0.9949235320091248
1731,49,8,46,D:\Skripsi\Experiment\data\raw\RGB2\S49\AC8\RGB2_SUB49ACT8F46.jpg,1,1,0.9930559992790222
1732,49,8,61,D:\Skripsi\Experiment\data\raw\RGB2\S49\AC8\RGB2_SUB49ACT8F61.jpg,1,1,0.9996813535690308
1733,49,8,76,D:\Skripsi\Experiment\data\raw\RGB2\S49\AC8\RGB2_SUB49ACT8F76.jpg,1,1,0.9997878670692444
1734,49,8,91,D:\Skripsi\Experiment\data\raw\RGB2\S49\AC8\RGB2_SUB49ACT8F91.jpg,1,1,0.9874810576438904
1735,49,9,1,D:\Skripsi\Experiment\data\raw\RGB2\S49\AC9\RGB2_SUB49ACT9F1.jpg,1,1,0.9986246824264526
1736,49,9,106,D:\Skripsi\Experiment\data\raw\RGB2\S49\AC9\RGB2_SUB49ACT9F106.jpg,1,1,0.9931423664093018
1737,49,9,121,D:\Skripsi\Experiment\data\raw\RGB2\S49\AC9\RGB2_SUB49ACT9F121.jpg,1,1,0.9909929633140564
1738,49,9,136,D:\Skripsi\Experiment\data\raw\RGB2\S49\AC9\RGB2_SUB49ACT9F136.jpg,1,1,0.9934964179992676
1739,49,9,151,D:\Skripsi\Experiment\data\raw\RGB2\S49\AC9\RGB2_SUB49ACT9F151.jpg,1,1,0.9973510503768921
1740,49,9,16,D:\Skripsi\Experiment\data\raw\RGB2\S49\AC9\RGB2_SUB49ACT9F16.jpg,1,1,0.8952120542526245
1741,49,9,166,D:\Skripsi\Experiment\data\raw\RGB2\S49\AC9\RGB2_SUB49ACT9F166.jpg,1,1,0.9992363452911377
1742,49,9,181,D:\Skripsi\Experiment\data\raw\RGB2\S49\AC9\RGB2_SUB49ACT9F181.jpg,1,1,0.9916743636131287
1743,49,9,196,D:\Skripsi\Experiment\data\raw\RGB2\S49\AC9\RGB2_SUB49ACT9F196.jpg,1,1,0.9669719934463501
1744,49,9,31,D:\Skripsi\Experiment\data\raw\RGB2\S49\AC9\RGB2_SUB49ACT9F31.jpg,1,1,0.9782217741012573
1745,49,9,46,D:\Skripsi\Experiment\data\raw\RGB2\S49\AC9\RGB2_SUB49ACT9F46.jpg,1,1,0.987899899482727
1746,49,9,61,D:\Skripsi\Experiment\data\raw\RGB2\S49\AC9\RGB2_SUB49ACT9F61.jpg,1,1,0.9764476418495178
1747,49,9,76,D:\Skripsi\Experiment\data\raw\RGB2\S49\AC9\RGB2_SUB49ACT9F76.jpg,1,1,0.9507918357849121
1748,49,9,91,D:\Skripsi\Experiment\data\raw\RGB2\S49\AC9\RGB2_SUB49ACT9F91.jpg,1,1,0.9969868063926697
1749,5,1,1,D:\Skripsi\Experiment\data\raw\RGB2\S5\AC1\RGB2_SUB5ACT1F1.jpg,0,0,0.01851811632514
1750,5,1,106,D:\Skripsi\Experiment\data\raw\RGB2\S5\AC1\RGB2_SUB5ACT1F106.jpg,0,0,0.15448753535747528
1751,5,1,121,D:\Skripsi\Experiment\data\raw\RGB2\S5\AC1\RGB2_SUB5ACT1F121.jpg,0,0,0.24850131571292877
1752,5,1,136,D:\Skripsi\Experiment\data\raw\RGB2\S5\AC1\RGB2_SUB5ACT1F136.jpg,0,0,0.027650853618979454
1753,5,1,16,D:\Skripsi\Experiment\data\raw\RGB2\S5\AC1\RGB2_SUB5ACT1F16.jpg,0,0,0.1928626447916031
1754,5,1,31,D:\Skripsi\Experiment\data\raw\RGB2\S5\AC1\RGB2_SUB5ACT1F31.jpg,0,0,0.00760208023712039
1755,5,1,46,D:\Skripsi\Experiment\data\raw\RGB2\S5\AC1\RGB2_SUB5ACT1F46.jpg,0,0,0.07183042168617249
1756,5,1,61,D:\Skripsi\Experiment\data\raw\RGB2\S5\AC1\RGB2_SUB5ACT1F61.jpg,0,0,0.03241627663373947
1757,5,1,76,D:\Skripsi\Experiment\data\raw\RGB2\S5\AC1\RGB2_SUB5ACT1F76.jpg,0,0,0.05201028287410736
1758,5,1,91,D:\Skripsi\Experiment\data\raw\RGB2\S5\AC1\RGB2_SUB5ACT1F91.jpg,0,0,0.09943076223134995
1759,5,5,1,D:\Skripsi\Experiment\data\raw\RGB2\S5\AC5\RGB2_SUB5ACT5F1.jpg,1,1,0.9989168643951416
1760,5,5,106,D:\Skripsi\Experiment\data\raw\RGB2\S5\AC5\RGB2_SUB5ACT5F106.jpg,1,1,0.99854576587677
1761,5,5,121,D:\Skripsi\Experiment\data\raw\RGB2\S5\AC5\RGB2_SUB5ACT5F121.jpg,1,1,0.9991058707237244
1762,5,5,16,D:\Skripsi\Experiment\data\raw\RGB2\S5\AC5\RGB2_SUB5ACT5F16.jpg,1,1,0.9998281002044678
1763,5,5,31,D:\Skripsi\Experiment\data\raw\RGB2\S5\AC5\RGB2_SUB5ACT5F31.jpg,1,1,0.9826146960258484
1764,5,5,46,D:\Skripsi\Experiment\data\raw\RGB2\S5\AC5\RGB2_SUB5ACT5F46.jpg,1,1,0.9946684241294861
1765,5,5,61,D:\Skripsi\Experiment\data\raw\RGB2\S5\AC5\RGB2_SUB5ACT5F61.jpg,1,1,0.9832756519317627
1766,5,5,76,D:\Skripsi\Experiment\data\raw\RGB2\S5\AC5\RGB2_SUB5ACT5F76.jpg,1,1,0.9993280172348022
1767,5,5,91,D:\Skripsi\Experiment\data\raw\RGB2\S5\AC5\RGB2_SUB5ACT5F91.jpg,1,1,0.9997817873954773
1768,5,6,1,D:\Skripsi\Experiment\data\raw\RGB2\S5\AC6\RGB2_SUB5ACT6F1.jpg,1,1,0.9994858503341675
1769,5,6,106,D:\Skripsi\Experiment\data\raw\RGB2\S5\AC6\RGB2_SUB5ACT6F106.jpg,1,1,0.9979676604270935
1770,5,6,121,D:\Skripsi\Experiment\data\raw\RGB2\S5\AC6\RGB2_SUB5ACT6F121.jpg,1,1,0.9997426867485046
1771,5,6,136,D:\Skripsi\Experiment\data\raw\RGB2\S5\AC6\RGB2_SUB5ACT6F136.jpg,1,1,0.9972368478775024
1772,5,6,16,D:\Skripsi\Experiment\data\raw\RGB2\S5\AC6\RGB2_SUB5ACT6F16.jpg,1,1,0.9974349141120911
1773,5,6,31,D:\Skripsi\Experiment\data\raw\RGB2\S5\AC6\RGB2_SUB5ACT6F31.jpg,1,1,0.9992769360542297
1774,5,6,46,D:\Skripsi\Experiment\data\raw\RGB2\S5\AC6\RGB2_SUB5ACT6F46.jpg,1,1,0.9976381063461304
1775,5,6,61,D:\Skripsi\Experiment\data\raw\RGB2\S5\AC6\RGB2_SUB5ACT6F61.jpg,1,1,0.9961205124855042
1776,5,6,76,D:\Skripsi\Experiment\data\raw\RGB2\S5\AC6\RGB2_SUB5ACT6F76.jpg,1,1,0.9972756505012512
1777,5,6,91,D:\Skripsi\Experiment\data\raw\RGB2\S5\AC6\RGB2_SUB5ACT6F91.jpg,1,1,0.9981594681739807
1778,5,7,1,D:\Skripsi\Experiment\data\raw\RGB2\S5\AC7\RGB2_SUB5ACT7F1.jpg,1,1,0.974852979183197
1779,5,7,106,D:\Skripsi\Experiment\data\raw\RGB2\S5\AC7\RGB2_SUB5ACT7F106.jpg,1,1,0.9998632669448853
1780,5,7,121,D:\Skripsi\Experiment\data\raw\RGB2\S5\AC7\RGB2_SUB5ACT7F121.jpg,1,1,0.9987998008728027
1781,5,7,136,D:\Skripsi\Experiment\data\raw\RGB2\S5\AC7\RGB2_SUB5ACT7F136.jpg,1,1,0.9990754127502441
1782,5,7,151,D:\Skripsi\Experiment\data\raw\RGB2\S5\AC7\RGB2_SUB5ACT7F151.jpg,1,1,0.9998114705085754
1783,5,7,16,D:\Skripsi\Experiment\data\raw\RGB2\S5\AC7\RGB2_SUB5ACT7F16.jpg,1,1,0.999771773815155
1784,5,7,31,D:\Skripsi\Experiment\data\raw\RGB2\S5\AC7\RGB2_SUB5ACT7F31.jpg,1,1,0.9997990727424622
1785,5,7,46,D:\Skripsi\Experiment\data\raw\RGB2\S5\AC7\RGB2_SUB5ACT7F46.jpg,1,1,0.99941086769104
1786,5,7,61,D:\Skripsi\Experiment\data\raw\RGB2\S5\AC7\RGB2_SUB5ACT7F61.jpg,1,1,0.999430239200592
1787,5,7,76,D:\Skripsi\Experiment\data\raw\RGB2\S5\AC7\RGB2_SUB5ACT7F76.jpg,1,1,0.999614953994751
1788,5,7,91,D:\Skripsi\Experiment\data\raw\RGB2\S5\AC7\RGB2_SUB5ACT7F91.jpg,1,1,0.9992334842681885
1789,5,8,1,D:\Skripsi\Experiment\data\raw\RGB2\S5\AC8\RGB2_SUB5ACT8F1.jpg,1,1,0.9996718168258667
1790,5,8,106,D:\Skripsi\Experiment\data\raw\RGB2\S5\AC8\RGB2_SUB5ACT8F106.jpg,1,1,0.9998294115066528
1791,5,8,121,D:\Skripsi\Experiment\data\raw\RGB2\S5\AC8\RGB2_SUB5ACT8F121.jpg,1,1,0.9997571110725403
1792,5,8,136,D:\Skripsi\Experiment\data\raw\RGB2\S5\AC8\RGB2_SUB5ACT8F136.jpg,1,1,0.9990283250808716
1793,5,8,151,D:\Skripsi\Experiment\data\raw\RGB2\S5\AC8\RGB2_SUB5ACT8F151.jpg,1,1,0.9987229704856873
1794,5,8,16,D:\Skripsi\Experiment\data\raw\RGB2\S5\AC8\RGB2_SUB5ACT8F16.jpg,1,1,0.999054491519928
1795,5,8,31,D:\Skripsi\Experiment\data\raw\RGB2\S5\AC8\RGB2_SUB5ACT8F31.jpg,1,1,0.9984373450279236
1796,5,8,46,D:\Skripsi\Experiment\data\raw\RGB2\S5\AC8\RGB2_SUB5ACT8F46.jpg,1,1,0.9998190999031067
1797,5,8,61,D:\Skripsi\Experiment\data\raw\RGB2\S5\AC8\RGB2_SUB5ACT8F61.jpg,1,1,0.9988283514976501
1798,5,8,76,D:\Skripsi\Experiment\data\raw\RGB2\S5\AC8\RGB2_SUB5ACT8F76.jpg,1,1,0.9964888095855713
1799,5,8,91,D:\Skripsi\Experiment\data\raw\RGB2\S5\AC8\RGB2_SUB5ACT8F91.jpg,1,1,0.9997865557670593
1800,5,9,1,D:\Skripsi\Experiment\data\raw\RGB2\S5\AC9\RGB2_SUB5ACT9F1.jpg,1,1,0.9965699911117554
1801,5,9,106,D:\Skripsi\Experiment\data\raw\RGB2\S5\AC9\RGB2_SUB5ACT9F106.jpg,1,1,0.999485969543457
1802,5,9,121,D:\Skripsi\Experiment\data\raw\RGB2\S5\AC9\RGB2_SUB5ACT9F121.jpg,1,1,0.9998369216918945
1803,5,9,136,D:\Skripsi\Experiment\data\raw\RGB2\S5\AC9\RGB2_SUB5ACT9F136.jpg,1,1,0.9995130300521851
1804,5,9,151,D:\Skripsi\Experiment\data\raw\RGB2\S5\AC9\RGB2_SUB5ACT9F151.jpg,1,1,0.9986948370933533
1805,5,9,16,D:\Skripsi\Experiment\data\raw\RGB2\S5\AC9\RGB2_SUB5ACT9F16.jpg,1,1,0.99943608045578
1806,5,9,166,D:\Skripsi\Experiment\data\raw\RGB2\S5\AC9\RGB2_SUB5ACT9F166.jpg,1,1,0.9965502023696899
1807,5,9,31,D:\Skripsi\Experiment\data\raw\RGB2\S5\AC9\RGB2_SUB5ACT9F31.jpg,1,1,0.9990866184234619
1808,5,9,46,D:\Skripsi\Experiment\data\raw\RGB2\S5\AC9\RGB2_SUB5ACT9F46.jpg,1,1,0.9118521213531494
1809,5,9,61,D:\Skripsi\Experiment\data\raw\RGB2\S5\AC9\RGB2_SUB5ACT9F61.jpg,1,1,0.9972642660140991
1810,5,9,76,D:\Skripsi\Experiment\data\raw\RGB2\S5\AC9\RGB2_SUB5ACT9F76.jpg,1,1,0.9875069856643677
1811,5,9,91,D:\Skripsi\Experiment\data\raw\RGB2\S5\AC9\RGB2_SUB5ACT9F91.jpg,1,1,0.9965125918388367
1812,50,1,1,D:\Skripsi\Experiment\data\raw\RGB2\S50\AC1\RGB2_SUB50ACT1F1.jpg,0,0,0.00011025914136553183
1813,50,1,106,D:\Skripsi\Experiment\data\raw\RGB2\S50\AC1\RGB2_SUB50ACT1F106.jpg,0,0,0.00028015379211865366
1814,50,1,16,D:\Skripsi\Experiment\data\raw\RGB2\S50\AC1\RGB2_SUB50ACT1F16.jpg,0,0,0.00020400794164743274
1815,50,1,31,D:\Skripsi\Experiment\data\raw\RGB2\S50\AC1\RGB2_SUB50ACT1F31.jpg,0,0,0.00020701950415968895
1816,50,1,46,D:\Skripsi\Experiment\data\raw\RGB2\S50\AC1\RGB2_SUB50ACT1F46.jpg,0,0,7.947965787025169e-05
1817,50,1,61,D:\Skripsi\Experiment\data\raw\RGB2\S50\AC1\RGB2_SUB50ACT1F61.jpg,0,0,9.642773511586711e-05
1818,50,1,76,D:\Skripsi\Experiment\data\raw\RGB2\S50\AC1\RGB2_SUB50ACT1F76.jpg,0,0,0.0022193286567926407
1819,50,1,91,D:\Skripsi\Experiment\data\raw\RGB2\S50\AC1\RGB2_SUB50ACT1F91.jpg,0,0,0.0007520527578890324
1820,50,5,1,D:\Skripsi\Experiment\data\raw\RGB2\S50\AC5\RGB2_SUB50ACT5F1.jpg,1,1,0.7534449100494385
1821,50,5,106,D:\Skripsi\Experiment\data\raw\RGB2\S50\AC5\RGB2_SUB50ACT5F106.jpg,1,1,0.76096510887146
1822,50,5,121,D:\Skripsi\Experiment\data\raw\RGB2\S50\AC5\RGB2_SUB50ACT5F121.jpg,1,1,0.960852324962616
1823,50,5,16,D:\Skripsi\Experiment\data\raw\RGB2\S50\AC5\RGB2_SUB50ACT5F16.jpg,1,1,0.9842409491539001
1824,50,5,31,D:\Skripsi\Experiment\data\raw\RGB2\S50\AC5\RGB2_SUB50ACT5F31.jpg,1,0,0.4736558496952057
1825,50,5,46,D:\Skripsi\Experiment\data\raw\RGB2\S50\AC5\RGB2_SUB50ACT5F46.jpg,1,1,0.989785373210907
1826,50,5,61,D:\Skripsi\Experiment\data\raw\RGB2\S50\AC5\RGB2_SUB50ACT5F61.jpg,1,0,0.41106876730918884
1827,50,5,76,D:\Skripsi\Experiment\data\raw\RGB2\S50\AC5\RGB2_SUB50ACT5F76.jpg,1,1,0.8364718556404114
1828,50,5,91,D:\Skripsi\Experiment\data\raw\RGB2\S50\AC5\RGB2_SUB50ACT5F91.jpg,1,0,0.22751714289188385
1829,50,6,1,D:\Skripsi\Experiment\data\raw\RGB2\S50\AC6\RGB2_SUB50ACT6F1.jpg,1,1,0.9985973238945007
1830,50,6,106,D:\Skripsi\Experiment\data\raw\RGB2\S50\AC6\RGB2_SUB50ACT6F106.jpg,1,1,0.9961689114570618
1831,50,6,121,D:\Skripsi\Experiment\data\raw\RGB2\S50\AC6\RGB2_SUB50ACT6F121.jpg,1,1,0.9958608746528625
1832,50,6,136,D:\Skripsi\Experiment\data\raw\RGB2\S50\AC6\RGB2_SUB50ACT6F136.jpg,1,1,0.987193763256073
1833,50,6,16,D:\Skripsi\Experiment\data\raw\RGB2\S50\AC6\RGB2_SUB50ACT6F16.jpg,1,1,0.9935467839241028
1834,50,6,31,D:\Skripsi\Experiment\data\raw\RGB2\S50\AC6\RGB2_SUB50ACT6F31.jpg,1,1,0.9942723512649536
1835,50,6,46,D:\Skripsi\Experiment\data\raw\RGB2\S50\AC6\RGB2_SUB50ACT6F46.jpg,1,1,0.9521926641464233
1836,50,6,61,D:\Skripsi\Experiment\data\raw\RGB2\S50\AC6\RGB2_SUB50ACT6F61.jpg,1,1,0.9758898019790649
1837,50,6,76,D:\Skripsi\Experiment\data\raw\RGB2\S50\AC6\RGB2_SUB50ACT6F76.jpg,1,1,0.9168633222579956
1838,50,6,91,D:\Skripsi\Experiment\data\raw\RGB2\S50\AC6\RGB2_SUB50ACT6F91.jpg,1,1,0.8044390678405762
1839,50,7,1,D:\Skripsi\Experiment\data\raw\RGB2\S50\AC7\RGB2_SUB50ACT7F1.jpg,1,1,0.9915829300880432
1840,50,7,106,D:\Skripsi\Experiment\data\raw\RGB2\S50\AC7\RGB2_SUB50ACT7F106.jpg,1,1,0.999086856842041
1841,50,7,121,D:\Skripsi\Experiment\data\raw\RGB2\S50\AC7\RGB2_SUB50ACT7F121.jpg,1,1,0.9987151622772217
1842,50,7,136,D:\Skripsi\Experiment\data\raw\RGB2\S50\AC7\RGB2_SUB50ACT7F136.jpg,1,1,0.9994311928749084
1843,50,7,16,D:\Skripsi\Experiment\data\raw\RGB2\S50\AC7\RGB2_SUB50ACT7F16.jpg,1,1,0.9716938734054565
1844,50,7,31,D:\Skripsi\Experiment\data\raw\RGB2\S50\AC7\RGB2_SUB50ACT7F31.jpg,1,1,0.9977623224258423
1845,50,7,46,D:\Skripsi\Experiment\data\raw\RGB2\S50\AC7\RGB2_SUB50ACT7F46.jpg,1,1,0.9963476061820984
1846,50,7,61,D:\Skripsi\Experiment\data\raw\RGB2\S50\AC7\RGB2_SUB50ACT7F61.jpg,1,1,0.9986623525619507
1847,50,7,76,D:\Skripsi\Experiment\data\raw\RGB2\S50\AC7\RGB2_SUB50ACT7F76.jpg,1,1,0.9995087385177612
1848,50,7,91,D:\Skripsi\Experiment\data\raw\RGB2\S50\AC7\RGB2_SUB50ACT7F91.jpg,1,1,0.9992644190788269
1849,50,8,1,D:\Skripsi\Experiment\data\raw\RGB2\S50\AC8\RGB2_SUB50ACT8F1.jpg,1,1,0.9989432692527771
1850,50,8,106,D:\Skripsi\Experiment\data\raw\RGB2\S50\AC8\RGB2_SUB50ACT8F106.jpg,1,1,0.9946994781494141
1851,50,8,121,D:\Skripsi\Experiment\data\raw\RGB2\S50\AC8\RGB2_SUB50ACT8F121.jpg,1,1,0.9954571723937988
1852,50,8,136,D:\Skripsi\Experiment\data\raw\RGB2\S50\AC8\RGB2_SUB50ACT8F136.jpg,1,1,0.9953010082244873
1853,50,8,151,D:\Skripsi\Experiment\data\raw\RGB2\S50\AC8\RGB2_SUB50ACT8F151.jpg,1,1,0.9966237545013428
1854,50,8,16,D:\Skripsi\Experiment\data\raw\RGB2\S50\AC8\RGB2_SUB50ACT8F16.jpg,1,1,0.9912106990814209
1855,50,8,166,D:\Skripsi\Experiment\data\raw\RGB2\S50\AC8\RGB2_SUB50ACT8F166.jpg,1,1,0.9911518692970276
1856,50,8,181,D:\Skripsi\Experiment\data\raw\RGB2\S50\AC8\RGB2_SUB50ACT8F181.jpg,1,1,0.9844755530357361
1857,50,8,196,D:\Skripsi\Experiment\data\raw\RGB2\S50\AC8\RGB2_SUB50ACT8F196.jpg,1,1,0.9945981502532959
1858,50,8,211,D:\Skripsi\Experiment\data\raw\RGB2\S50\AC8\RGB2_SUB50ACT8F211.jpg,1,1,0.9988828301429749
1859,50,8,31,D:\Skripsi\Experiment\data\raw\RGB2\S50\AC8\RGB2_SUB50ACT8F31.jpg,1,1,0.9747828841209412
1860,50,8,46,D:\Skripsi\Experiment\data\raw\RGB2\S50\AC8\RGB2_SUB50ACT8F46.jpg,1,1,0.9399038553237915
1861,50,8,61,D:\Skripsi\Experiment\data\raw\RGB2\S50\AC8\RGB2_SUB50ACT8F61.jpg,1,1,0.9958025813102722
1862,50,8,76,D:\Skripsi\Experiment\data\raw\RGB2\S50\AC8\RGB2_SUB50ACT8F76.jpg,1,1,0.9839707016944885
1863,50,8,91,D:\Skripsi\Experiment\data\raw\RGB2\S50\AC8\RGB2_SUB50ACT8F91.jpg,1,1,0.9938568472862244
1864,50,9,1,D:\Skripsi\Experiment\data\raw\RGB2\S50\AC9\RGB2_SUB50ACT9F1.jpg,1,1,0.6429396271705627
1865,50,9,106,D:\Skripsi\Experiment\data\raw\RGB2\S50\AC9\RGB2_SUB50ACT9F106.jpg,1,1,0.9987025260925293
1866,50,9,121,D:\Skripsi\Experiment\data\raw\RGB2\S50\AC9\RGB2_SUB50ACT9F121.jpg,1,1,0.9940727353096008
1867,50,9,136,D:\Skripsi\Experiment\data\raw\RGB2\S50\AC9\RGB2_SUB50ACT9F136.jpg,1,0,0.45959606766700745
1868,50,9,151,D:\Skripsi\Experiment\data\raw\RGB2\S50\AC9\RGB2_SUB50ACT9F151.jpg,1,1,0.9607815742492676
1869,50,9,16,D:\Skripsi\Experiment\data\raw\RGB2\S50\AC9\RGB2_SUB50ACT9F16.jpg,1,1,0.9283989071846008
1870,50,9,166,D:\Skripsi\Experiment\data\raw\RGB2\S50\AC9\RGB2_SUB50ACT9F166.jpg,1,1,0.9978499412536621
1871,50,9,181,D:\Skripsi\Experiment\data\raw\RGB2\S50\AC9\RGB2_SUB50ACT9F181.jpg,1,1,0.8162036538124084
1872,50,9,31,D:\Skripsi\Experiment\data\raw\RGB2\S50\AC9\RGB2_SUB50ACT9F31.jpg,1,1,0.5546891093254089
1873,50,9,46,D:\Skripsi\Experiment\data\raw\RGB2\S50\AC9\RGB2_SUB50ACT9F46.jpg,1,1,0.8694559335708618
1874,50,9,61,D:\Skripsi\Experiment\data\raw\RGB2\S50\AC9\RGB2_SUB50ACT9F61.jpg,1,1,0.9020787477493286
1875,50,9,76,D:\Skripsi\Experiment\data\raw\RGB2\S50\AC9\RGB2_SUB50ACT9F76.jpg,1,1,0.9757752418518066
1876,50,9,91,D:\Skripsi\Experiment\data\raw\RGB2\S50\AC9\RGB2_SUB50ACT9F91.jpg,1,1,0.9484143257141113
1877,6,1,1,D:\Skripsi\Experiment\data\raw\RGB2\S6\AC1\RGB2_SUB6ACT1F1.jpg,0,0,0.0013761741574853659
1878,6,1,106,D:\Skripsi\Experiment\data\raw\RGB2\S6\AC1\RGB2_SUB6ACT1F106.jpg,0,0,0.051982149481773376
1879,6,1,121,D:\Skripsi\Experiment\data\raw\RGB2\S6\AC1\RGB2_SUB6ACT1F121.jpg,0,0,0.012018544599413872
1880,6,1,136,D:\Skripsi\Experiment\data\raw\RGB2\S6\AC1\RGB2_SUB6ACT1F136.jpg,0,0,0.0026602179277688265
1881,6,1,16,D:\Skripsi\Experiment\data\raw\RGB2\S6\AC1\RGB2_SUB6ACT1F16.jpg,0,0,0.012175537645816803
1882,6,1,31,D:\Skripsi\Experiment\data\raw\RGB2\S6\AC1\RGB2_SUB6ACT1F31.jpg,0,0,0.0015966789796948433
1883,6,1,46,D:\Skripsi\Experiment\data\raw\RGB2\S6\AC1\RGB2_SUB6ACT1F46.jpg,0,0,0.006867799907922745
1884,6,1,61,D:\Skripsi\Experiment\data\raw\RGB2\S6\AC1\RGB2_SUB6ACT1F61.jpg,0,0,0.006804037373512983
1885,6,1,76,D:\Skripsi\Experiment\data\raw\RGB2\S6\AC1\RGB2_SUB6ACT1F76.jpg,0,0,0.005630566738545895
1886,6,1,91,D:\Skripsi\Experiment\data\raw\RGB2\S6\AC1\RGB2_SUB6ACT1F91.jpg,0,0,0.0036244364455342293
1887,6,5,1,D:\Skripsi\Experiment\data\raw\RGB2\S6\AC5\RGB2_SUB6ACT5F1.jpg,1,1,0.9963001608848572
1888,6,5,106,D:\Skripsi\Experiment\data\raw\RGB2\S6\AC5\RGB2_SUB6ACT5F106.jpg,1,1,0.9997159838676453
1889,6,5,121,D:\Skripsi\Experiment\data\raw\RGB2\S6\AC5\RGB2_SUB6ACT5F121.jpg,1,1,0.9994109869003296
1890,6,5,136,D:\Skripsi\Experiment\data\raw\RGB2\S6\AC5\RGB2_SUB6ACT5F136.jpg,1,1,0.9994908571243286
1891,6,5,16,D:\Skripsi\Experiment\data\raw\RGB2\S6\AC5\RGB2_SUB6ACT5F16.jpg,1,1,0.999824583530426
1892,6,5,31,D:\Skripsi\Experiment\data\raw\RGB2\S6\AC5\RGB2_SUB6ACT5F31.jpg,1,1,0.999402642250061
1893,6,5,46,D:\Skripsi\Experiment\data\raw\RGB2\S6\AC5\RGB2_SUB6ACT5F46.jpg,1,1,0.9965447783470154
1894,6,5,61,D:\Skripsi\Experiment\data\raw\RGB2\S6\AC5\RGB2_SUB6ACT5F61.jpg,1,1,0.998665452003479
1895,6,5,76,D:\Skripsi\Experiment\data\raw\RGB2\S6\AC5\RGB2_SUB6ACT5F76.jpg,1,1,0.9994816184043884
1896,6,5,91,D:\Skripsi\Experiment\data\raw\RGB2\S6\AC5\RGB2_SUB6ACT5F91.jpg,1,1,0.9990805387496948
1897,6,6,1,D:\Skripsi\Experiment\data\raw\RGB2\S6\AC6\RGB2_SUB6ACT6F1.jpg,1,1,0.9991806149482727
1898,6,6,106,D:\Skripsi\Experiment\data\raw\RGB2\S6\AC6\RGB2_SUB6ACT6F106.jpg,1,1,0.9919683337211609
1899,6,6,121,D:\Skripsi\Experiment\data\raw\RGB2\S6\AC6\RGB2_SUB6ACT6F121.jpg,1,1,0.9926485419273376
1900,6,6,136,D:\Skripsi\Experiment\data\raw\RGB2\S6\AC6\RGB2_SUB6ACT6F136.jpg,1,1,0.9899032115936279
1901,6,6,151,D:\Skripsi\Experiment\data\raw\RGB2\S6\AC6\RGB2_SUB6ACT6F151.jpg,1,1,0.9922605156898499
1902,6,6,16,D:\Skripsi\Experiment\data\raw\RGB2\S6\AC6\RGB2_SUB6ACT6F16.jpg,1,1,0.9996583461761475
1903,6,6,31,D:\Skripsi\Experiment\data\raw\RGB2\S6\AC6\RGB2_SUB6ACT6F31.jpg,1,1,0.9962213039398193
1904,6,6,46,D:\Skripsi\Experiment\data\raw\RGB2\S6\AC6\RGB2_SUB6ACT6F46.jpg,1,1,0.9993780851364136
1905,6,6,61,D:\Skripsi\Experiment\data\raw\RGB2\S6\AC6\RGB2_SUB6ACT6F61.jpg,1,1,0.9760646224021912
1906,6,6,76,D:\Skripsi\Experiment\data\raw\RGB2\S6\AC6\RGB2_SUB6ACT6F76.jpg,1,1,0.9973725080490112
1907,6,6,91,D:\Skripsi\Experiment\data\raw\RGB2\S6\AC6\RGB2_SUB6ACT6F91.jpg,1,1,0.9945024251937866
1908,6,7,1,D:\Skripsi\Experiment\data\raw\RGB2\S6\AC7\RGB2_SUB6ACT7F1.jpg,1,1,0.9912816286087036
1909,6,7,106,D:\Skripsi\Experiment\data\raw\RGB2\S6\AC7\RGB2_SUB6ACT7F106.jpg,1,1,0.9961156845092773
1910,6,7,121,D:\Skripsi\Experiment\data\raw\RGB2\S6\AC7\RGB2_SUB6ACT7F121.jpg,1,1,0.9990693926811218
1911,6,7,136,D:\Skripsi\Experiment\data\raw\RGB2\S6\AC7\RGB2_SUB6ACT7F136.jpg,1,1,0.9977722764015198
1912,6,7,16,D:\Skripsi\Experiment\data\raw\RGB2\S6\AC7\RGB2_SUB6ACT7F16.jpg,1,1,0.9997199177742004
1913,6,7,31,D:\Skripsi\Experiment\data\raw\RGB2\S6\AC7\RGB2_SUB6ACT7F31.jpg,1,1,0.9982112646102905
1914,6,7,46,D:\Skripsi\Experiment\data\raw\RGB2\S6\AC7\RGB2_SUB6ACT7F46.jpg,1,1,0.9988142251968384
1915,6,7,61,D:\Skripsi\Experiment\data\raw\RGB2\S6\AC7\RGB2_SUB6ACT7F61.jpg,1,1,0.9998518228530884
1916,6,7,76,D:\Skripsi\Experiment\data\raw\RGB2\S6\AC7\RGB2_SUB6ACT7F76.jpg,1,1,0.9999254941940308
1917,6,7,91,D:\Skripsi\Experiment\data\raw\RGB2\S6\AC7\RGB2_SUB6ACT7F91.jpg,1,1,0.9993997812271118
1918,6,8,1,D:\Skripsi\Experiment\data\raw\RGB2\S6\AC8\RGB2_SUB6ACT8F1.jpg,1,1,0.9993135929107666
1919,6,8,106,D:\Skripsi\Experiment\data\raw\RGB2\S6\AC8\RGB2_SUB6ACT8F106.jpg,1,1,0.9996697902679443
1920,6,8,121,D:\Skripsi\Experiment\data\raw\RGB2\S6\AC8\RGB2_SUB6ACT8F121.jpg,1,1,0.9998784065246582
1921,6,8,136,D:\Skripsi\Experiment\data\raw\RGB2\S6\AC8\RGB2_SUB6ACT8F136.jpg,1,1,0.9991886019706726
1922,6,8,151,D:\Skripsi\Experiment\data\raw\RGB2\S6\AC8\RGB2_SUB6ACT8F151.jpg,1,1,0.9996993541717529
1923,6,8,16,D:\Skripsi\Experiment\data\raw\RGB2\S6\AC8\RGB2_SUB6ACT8F16.jpg,1,1,0.9641220569610596
1924,6,8,31,D:\Skripsi\Experiment\data\raw\RGB2\S6\AC8\RGB2_SUB6ACT8F31.jpg,1,1,0.9986454844474792
1925,6,8,46,D:\Skripsi\Experiment\data\raw\RGB2\S6\AC8\RGB2_SUB6ACT8F46.jpg,1,1,0.9721121788024902
1926,6,8,61,D:\Skripsi\Experiment\data\raw\RGB2\S6\AC8\RGB2_SUB6ACT8F61.jpg,1,1,0.9822167158126831
1927,6,8,76,D:\Skripsi\Experiment\data\raw\RGB2\S6\AC8\RGB2_SUB6ACT8F76.jpg,1,1,0.997016429901123
1928,6,8,91,D:\Skripsi\Experiment\data\raw\RGB2\S6\AC8\RGB2_SUB6ACT8F91.jpg,1,1,0.9994957447052002
1929,6,9,1,D:\Skripsi\Experiment\data\raw\RGB2\S6\AC9\RGB2_SUB6ACT9F1.jpg,1,1,0.9994267225265503
1930,6,9,106,D:\Skripsi\Experiment\data\raw\RGB2\S6\AC9\RGB2_SUB6ACT9F106.jpg,1,1,0.9970526695251465
1931,6,9,121,D:\Skripsi\Experiment\data\raw\RGB2\S6\AC9\RGB2_SUB6ACT9F121.jpg,1,1,0.9985558390617371
1932,6,9,136,D:\Skripsi\Experiment\data\raw\RGB2\S6\AC9\RGB2_SUB6ACT9F136.jpg,1,1,0.9992437362670898
1933,6,9,151,D:\Skripsi\Experiment\data\raw\RGB2\S6\AC9\RGB2_SUB6ACT9F151.jpg,1,1,0.9998403787612915
1934,6,9,16,D:\Skripsi\Experiment\data\raw\RGB2\S6\AC9\RGB2_SUB6ACT9F16.jpg,1,1,0.9988149404525757
1935,6,9,166,D:\Skripsi\Experiment\data\raw\RGB2\S6\AC9\RGB2_SUB6ACT9F166.jpg,1,1,0.9993914365768433
1936,6,9,31,D:\Skripsi\Experiment\data\raw\RGB2\S6\AC9\RGB2_SUB6ACT9F31.jpg,1,1,0.99748295545578
1937,6,9,46,D:\Skripsi\Experiment\data\raw\RGB2\S6\AC9\RGB2_SUB6ACT9F46.jpg,1,1,0.9948099851608276
1938,6,9,61,D:\Skripsi\Experiment\data\raw\RGB2\S6\AC9\RGB2_SUB6ACT9F61.jpg,1,1,0.996491014957428
1939,6,9,76,D:\Skripsi\Experiment\data\raw\RGB2\S6\AC9\RGB2_SUB6ACT9F76.jpg,1,1,0.9992450475692749
1940,6,9,91,D:\Skripsi\Experiment\data\raw\RGB2\S6\AC9\RGB2_SUB6ACT9F91.jpg,1,1,0.9987444877624512
1941,7,1,1,D:\Skripsi\Experiment\data\raw\RGB2\S7\AC1\RGB2_SUB7ACT1F1.jpg,0,0,0.012194530107080936
1942,7,1,106,D:\Skripsi\Experiment\data\raw\RGB2\S7\AC1\RGB2_SUB7ACT1F106.jpg,0,0,0.016633670777082443
1943,7,1,121,D:\Skripsi\Experiment\data\raw\RGB2\S7\AC1\RGB2_SUB7ACT1F121.jpg,0,0,0.016283594071865082
1944,7,1,16,D:\Skripsi\Experiment\data\raw\RGB2\S7\AC1\RGB2_SUB7ACT1F16.jpg,0,0,0.007766390219330788
1945,7,1,31,D:\Skripsi\Experiment\data\raw\RGB2\S7\AC1\RGB2_SUB7ACT1F31.jpg,0,0,0.0158665981143713
1946,7,1,46,D:\Skripsi\Experiment\data\raw\RGB2\S7\AC1\RGB2_SUB7ACT1F46.jpg,0,0,0.0076712737791240215
1947,7,1,61,D:\Skripsi\Experiment\data\raw\RGB2\S7\AC1\RGB2_SUB7ACT1F61.jpg,0,0,0.0027786579448729753
1948,7,1,76,D:\Skripsi\Experiment\data\raw\RGB2\S7\AC1\RGB2_SUB7ACT1F76.jpg,0,0,0.004987832624465227
1949,7,1,91,D:\Skripsi\Experiment\data\raw\RGB2\S7\AC1\RGB2_SUB7ACT1F91.jpg,0,0,0.005414900835603476
1950,7,5,1,D:\Skripsi\Experiment\data\raw\RGB2\S7\AC5\RGB2_SUB7ACT5F1.jpg,1,1,0.6639008522033691
1951,7,5,106,D:\Skripsi\Experiment\data\raw\RGB2\S7\AC5\RGB2_SUB7ACT5F106.jpg,1,1,0.9990628361701965
1952,7,5,121,D:\Skripsi\Experiment\data\raw\RGB2\S7\AC5\RGB2_SUB7ACT5F121.jpg,1,1,0.9994507431983948
1953,7,5,16,D:\Skripsi\Experiment\data\raw\RGB2\S7\AC5\RGB2_SUB7ACT5F16.jpg,1,1,0.9921985268592834
1954,7,5,31,D:\Skripsi\Experiment\data\raw\RGB2\S7\AC5\RGB2_SUB7ACT5F31.jpg,1,1,0.9986793398857117
1955,7,5,46,D:\Skripsi\Experiment\data\raw\RGB2\S7\AC5\RGB2_SUB7ACT5F46.jpg,1,1,0.9996817111968994
1956,7,5,61,D:\Skripsi\Experiment\data\raw\RGB2\S7\AC5\RGB2_SUB7ACT5F61.jpg,1,1,0.9984948635101318
1957,7,5,76,D:\Skripsi\Experiment\data\raw\RGB2\S7\AC5\RGB2_SUB7ACT5F76.jpg,1,1,0.9975409507751465
1958,7,5,91,D:\Skripsi\Experiment\data\raw\RGB2\S7\AC5\RGB2_SUB7ACT5F91.jpg,1,1,0.9978795051574707
1959,7,6,1,D:\Skripsi\Experiment\data\raw\RGB2\S7\AC6\RGB2_SUB7ACT6F1.jpg,1,1,0.9880397915840149
1960,7,6,106,D:\Skripsi\Experiment\data\raw\RGB2\S7\AC6\RGB2_SUB7ACT6F106.jpg,1,1,0.9781529903411865
1961,7,6,121,D:\Skripsi\Experiment\data\raw\RGB2\S7\AC6\RGB2_SUB7ACT6F121.jpg,1,1,0.9874240756034851
1962,7,6,136,D:\Skripsi\Experiment\data\raw\RGB2\S7\AC6\RGB2_SUB7ACT6F136.jpg,1,1,0.9423247575759888
1963,7,6,16,D:\Skripsi\Experiment\data\raw\RGB2\S7\AC6\RGB2_SUB7ACT6F16.jpg,1,1,0.9944278001785278
1964,7,6,31,D:\Skripsi\Experiment\data\raw\RGB2\S7\AC6\RGB2_SUB7ACT6F31.jpg,1,1,0.9881569743156433
1965,7,6,46,D:\Skripsi\Experiment\data\raw\RGB2\S7\AC6\RGB2_SUB7ACT6F46.jpg,1,1,0.9920780062675476
1966,7,6,61,D:\Skripsi\Experiment\data\raw\RGB2\S7\AC6\RGB2_SUB7ACT6F61.jpg,1,1,0.9967284202575684
1967,7,6,76,D:\Skripsi\Experiment\data\raw\RGB2\S7\AC6\RGB2_SUB7ACT6F76.jpg,1,1,0.9873473644256592
1968,7,6,91,D:\Skripsi\Experiment\data\raw\RGB2\S7\AC6\RGB2_SUB7ACT6F91.jpg,1,1,0.9750971794128418
1969,7,7,1,D:\Skripsi\Experiment\data\raw\RGB2\S7\AC7\RGB2_SUB7ACT7F1.jpg,1,0,0.23685258626937866
1970,7,7,106,D:\Skripsi\Experiment\data\raw\RGB2\S7\AC7\RGB2_SUB7ACT7F106.jpg,1,1,0.9983080625534058
1971,7,7,121,D:\Skripsi\Experiment\data\raw\RGB2\S7\AC7\RGB2_SUB7ACT7F121.jpg,1,1,0.9965672492980957
1972,7,7,136,D:\Skripsi\Experiment\data\raw\RGB2\S7\AC7\RGB2_SUB7ACT7F136.jpg,1,1,0.9994829893112183
1973,7,7,151,D:\Skripsi\Experiment\data\raw\RGB2\S7\AC7\RGB2_SUB7ACT7F151.jpg,1,1,0.9997895359992981
1974,7,7,16,D:\Skripsi\Experiment\data\raw\RGB2\S7\AC7\RGB2_SUB7ACT7F16.jpg,1,1,0.998916745185852
1975,7,7,31,D:\Skripsi\Experiment\data\raw\RGB2\S7\AC7\RGB2_SUB7ACT7F31.jpg,1,1,0.9986095428466797
1976,7,7,46,D:\Skripsi\Experiment\data\raw\RGB2\S7\AC7\RGB2_SUB7ACT7F46.jpg,1,1,0.9998869895935059
1977,7,7,61,D:\Skripsi\Experiment\data\raw\RGB2\S7\AC7\RGB2_SUB7ACT7F61.jpg,1,1,0.9999212026596069
1978,7,7,76,D:\Skripsi\Experiment\data\raw\RGB2\S7\AC7\RGB2_SUB7ACT7F76.jpg,1,1,0.99946528673172
1979,7,7,91,D:\Skripsi\Experiment\data\raw\RGB2\S7\AC7\RGB2_SUB7ACT7F91.jpg,1,1,0.9976654052734375
1980,7,8,1,D:\Skripsi\Experiment\data\raw\RGB2\S7\AC8\RGB2_SUB7ACT8F1.jpg,1,1,0.5410965085029602
1981,7,8,106,D:\Skripsi\Experiment\data\raw\RGB2\S7\AC8\RGB2_SUB7ACT8F106.jpg,1,1,0.9998077750205994
1982,7,8,121,D:\Skripsi\Experiment\data\raw\RGB2\S7\AC8\RGB2_SUB7ACT8F121.jpg,1,1,0.9985983967781067
1983,7,8,136,D:\Skripsi\Experiment\data\raw\RGB2\S7\AC8\RGB2_SUB7ACT8F136.jpg,1,1,0.9986101388931274
1984,7,8,16,D:\Skripsi\Experiment\data\raw\RGB2\S7\AC8\RGB2_SUB7ACT8F16.jpg,1,1,0.998325765132904
1985,7,8,31,D:\Skripsi\Experiment\data\raw\RGB2\S7\AC8\RGB2_SUB7ACT8F31.jpg,1,1,0.9988195300102234
1986,7,8,46,D:\Skripsi\Experiment\data\raw\RGB2\S7\AC8\RGB2_SUB7ACT8F46.jpg,1,1,0.9903182983398438
1987,7,8,61,D:\Skripsi\Experiment\data\raw\RGB2\S7\AC8\RGB2_SUB7ACT8F61.jpg,1,1,0.9975195527076721
1988,7,8,76,D:\Skripsi\Experiment\data\raw\RGB2\S7\AC8\RGB2_SUB7ACT8F76.jpg,1,1,0.9970691800117493
1989,7,8,91,D:\Skripsi\Experiment\data\raw\RGB2\S7\AC8\RGB2_SUB7ACT8F91.jpg,1,1,0.9995031356811523
1990,7,9,1,D:\Skripsi\Experiment\data\raw\RGB2\S7\AC9\RGB2_SUB7ACT9F1.jpg,1,1,0.9486123919487
1991,7,9,106,D:\Skripsi\Experiment\data\raw\RGB2\S7\AC9\RGB2_SUB7ACT9F106.jpg,1,1,0.9977936744689941
1992,7,9,121,D:\Skripsi\Experiment\data\raw\RGB2\S7\AC9\RGB2_SUB7ACT9F121.jpg,1,1,0.9997095465660095
1993,7,9,136,D:\Skripsi\Experiment\data\raw\RGB2\S7\AC9\RGB2_SUB7ACT9F136.jpg,1,1,0.9991620779037476
1994,7,9,16,D:\Skripsi\Experiment\data\raw\RGB2\S7\AC9\RGB2_SUB7ACT9F16.jpg,1,1,0.9946390986442566
1995,7,9,31,D:\Skripsi\Experiment\data\raw\RGB2\S7\AC9\RGB2_SUB7ACT9F31.jpg,1,1,0.9886554479598999
1996,7,9,46,D:\Skripsi\Experiment\data\raw\RGB2\S7\AC9\RGB2_SUB7ACT9F46.jpg,1,1,0.9993281364440918
1997,7,9,61,D:\Skripsi\Experiment\data\raw\RGB2\S7\AC9\RGB2_SUB7ACT9F61.jpg,1,1,0.996932864189148
1998,7,9,76,D:\Skripsi\Experiment\data\raw\RGB2\S7\AC9\RGB2_SUB7ACT9F76.jpg,1,1,0.9950190782546997
1999,7,9,91,D:\Skripsi\Experiment\data\raw\RGB2\S7\AC9\RGB2_SUB7ACT9F91.jpg,1,1,0.9955665469169617
2000,9,1,1,D:\Skripsi\Experiment\data\raw\RGB2\S9\AC1\RGB2_SUB9ACT1F1.jpg,0,0,0.0014344860101118684
2001,9,1,106,D:\Skripsi\Experiment\data\raw\RGB2\S9\AC1\RGB2_SUB9ACT1F106.jpg,0,0,0.0018418771214783192
2002,9,1,121,D:\Skripsi\Experiment\data\raw\RGB2\S9\AC1\RGB2_SUB9ACT1F121.jpg,0,0,0.09545458853244781
2003,9,1,136,D:\Skripsi\Experiment\data\raw\RGB2\S9\AC1\RGB2_SUB9ACT1F136.jpg,0,0,0.0006674735341221094
2004,9,1,151,D:\Skripsi\Experiment\data\raw\RGB2\S9\AC1\RGB2_SUB9ACT1F151.jpg,0,0,0.002053651725873351
2005,9,1,16,D:\Skripsi\Experiment\data\raw\RGB2\S9\AC1\RGB2_SUB9ACT1F16.jpg,0,0,0.00028908561216667295
2006,9,1,31,D:\Skripsi\Experiment\data\raw\RGB2\S9\AC1\RGB2_SUB9ACT1F31.jpg,0,0,0.00037532622809521854
2007,9,1,46,D:\Skripsi\Experiment\data\raw\RGB2\S9\AC1\RGB2_SUB9ACT1F46.jpg,0,0,0.00023784836230333894
2008,9,1,61,D:\Skripsi\Experiment\data\raw\RGB2\S9\AC1\RGB2_SUB9ACT1F61.jpg,0,0,0.00022435476421378553
2009,9,1,76,D:\Skripsi\Experiment\data\raw\RGB2\S9\AC1\RGB2_SUB9ACT1F76.jpg,0,0,0.0023544938303530216
2010,9,1,91,D:\Skripsi\Experiment\data\raw\RGB2\S9\AC1\RGB2_SUB9ACT1F91.jpg,0,0,0.0037188453134149313
2011,9,5,1,D:\Skripsi\Experiment\data\raw\RGB2\S9\AC5\RGB2_SUB9ACT5F1.jpg,1,1,0.9990972280502319
2012,9,5,106,D:\Skripsi\Experiment\data\raw\RGB2\S9\AC5\RGB2_SUB9ACT5F106.jpg,1,1,0.9995146989822388
2013,9,5,121,D:\Skripsi\Experiment\data\raw\RGB2\S9\AC5\RGB2_SUB9ACT5F121.jpg,1,1,0.999627947807312
2014,9,5,136,D:\Skripsi\Experiment\data\raw\RGB2\S9\AC5\RGB2_SUB9ACT5F136.jpg,1,1,0.9988516569137573
2015,9,5,151,D:\Skripsi\Experiment\data\raw\RGB2\S9\AC5\RGB2_SUB9ACT5F151.jpg,1,1,0.9975535273551941
2016,9,5,16,D:\Skripsi\Experiment\data\raw\RGB2\S9\AC5\RGB2_SUB9ACT5F16.jpg,1,1,0.9992660880088806
2017,9,5,31,D:\Skripsi\Experiment\data\raw\RGB2\S9\AC5\RGB2_SUB9ACT5F31.jpg,1,1,0.999663233757019
2018,9,5,46,D:\Skripsi\Experiment\data\raw\RGB2\S9\AC5\RGB2_SUB9ACT5F46.jpg,1,1,0.9996442794799805
2019,9,5,61,D:\Skripsi\Experiment\data\raw\RGB2\S9\AC5\RGB2_SUB9ACT5F61.jpg,1,1,0.9997507929801941
2020,9,5,76,D:\Skripsi\Experiment\data\raw\RGB2\S9\AC5\RGB2_SUB9ACT5F76.jpg,1,1,0.999722421169281
2021,9,5,91,D:\Skripsi\Experiment\data\raw\RGB2\S9\AC5\RGB2_SUB9ACT5F91.jpg,1,1,0.9987706542015076
2022,9,6,1,D:\Skripsi\Experiment\data\raw\RGB2\S9\AC6\RGB2_SUB9ACT6F1.jpg,1,1,0.980626106262207
2023,9,6,106,D:\Skripsi\Experiment\data\raw\RGB2\S9\AC6\RGB2_SUB9ACT6F106.jpg,1,1,0.9986823201179504
2024,9,6,121,D:\Skripsi\Experiment\data\raw\RGB2\S9\AC6\RGB2_SUB9ACT6F121.jpg,1,1,0.9993062019348145
2025,9,6,136,D:\Skripsi\Experiment\data\raw\RGB2\S9\AC6\RGB2_SUB9ACT6F136.jpg,1,1,0.9989499449729919
2026,9,6,16,D:\Skripsi\Experiment\data\raw\RGB2\S9\AC6\RGB2_SUB9ACT6F16.jpg,1,1,0.9965922236442566
2027,9,6,31,D:\Skripsi\Experiment\data\raw\RGB2\S9\AC6\RGB2_SUB9ACT6F31.jpg,1,1,0.9995651841163635
2028,9,6,46,D:\Skripsi\Experiment\data\raw\RGB2\S9\AC6\RGB2_SUB9ACT6F46.jpg,1,1,0.9996416568756104
2029,9,6,61,D:\Skripsi\Experiment\data\raw\RGB2\S9\AC6\RGB2_SUB9ACT6F61.jpg,1,1,0.9990081191062927
2030,9,6,76,D:\Skripsi\Experiment\data\raw\RGB2\S9\AC6\RGB2_SUB9ACT6F76.jpg,1,1,0.9994750618934631
2031,9,6,91,D:\Skripsi\Experiment\data\raw\RGB2\S9\AC6\RGB2_SUB9ACT6F91.jpg,1,1,0.9974283576011658
2032,9,7,1,D:\Skripsi\Experiment\data\raw\RGB2\S9\AC7\RGB2_SUB9ACT7F1.jpg,1,0,0.4593876600265503
2033,9,7,106,D:\Skripsi\Experiment\data\raw\RGB2\S9\AC7\RGB2_SUB9ACT7F106.jpg,1,1,0.9994667172431946
2034,9,7,121,D:\Skripsi\Experiment\data\raw\RGB2\S9\AC7\RGB2_SUB9ACT7F121.jpg,1,1,0.9993846416473389
2035,9,7,136,D:\Skripsi\Experiment\data\raw\RGB2\S9\AC7\RGB2_SUB9ACT7F136.jpg,1,1,0.9990328550338745
2036,9,7,151,D:\Skripsi\Experiment\data\raw\RGB2\S9\AC7\RGB2_SUB9ACT7F151.jpg,1,1,0.9995748400688171
2037,9,7,16,D:\Skripsi\Experiment\data\raw\RGB2\S9\AC7\RGB2_SUB9ACT7F16.jpg,1,1,0.9996271133422852
2038,9,7,166,D:\Skripsi\Experiment\data\raw\RGB2\S9\AC7\RGB2_SUB9ACT7F166.jpg,1,1,0.9995518326759338
2039,9,7,181,D:\Skripsi\Experiment\data\raw\RGB2\S9\AC7\RGB2_SUB9ACT7F181.jpg,1,1,0.9996274709701538
2040,9,7,196,D:\Skripsi\Experiment\data\raw\RGB2\S9\AC7\RGB2_SUB9ACT7F196.jpg,1,1,0.9972378015518188
2041,9,7,31,D:\Skripsi\Experiment\data\raw\RGB2\S9\AC7\RGB2_SUB9ACT7F31.jpg,1,1,0.9993871450424194
2042,9,7,46,D:\Skripsi\Experiment\data\raw\RGB2\S9\AC7\RGB2_SUB9ACT7F46.jpg,1,1,0.9996218681335449
2043,9,7,61,D:\Skripsi\Experiment\data\raw\RGB2\S9\AC7\RGB2_SUB9ACT7F61.jpg,1,1,0.9944257736206055
2044,9,7,76,D:\Skripsi\Experiment\data\raw\RGB2\S9\AC7\RGB2_SUB9ACT7F76.jpg,1,1,0.9995885491371155
2045,9,7,91,D:\Skripsi\Experiment\data\raw\RGB2\S9\AC7\RGB2_SUB9ACT7F91.jpg,1,1,0.9996496438980103
2046,9,8,1,D:\Skripsi\Experiment\data\raw\RGB2\S9\AC8\RGB2_SUB9ACT8F1.jpg,1,1,0.9907797574996948
2047,9,8,106,D:\Skripsi\Experiment\data\raw\RGB2\S9\AC8\RGB2_SUB9ACT8F106.jpg,1,1,0.9998743534088135
2048,9,8,121,D:\Skripsi\Experiment\data\raw\RGB2\S9\AC8\RGB2_SUB9ACT8F121.jpg,1,1,0.9995431900024414
2049,9,8,136,D:\Skripsi\Experiment\data\raw\RGB2\S9\AC8\RGB2_SUB9ACT8F136.jpg,1,1,0.9982241988182068
2050,9,8,16,D:\Skripsi\Experiment\data\raw\RGB2\S9\AC8\RGB2_SUB9ACT8F16.jpg,1,1,0.9989709854125977
2051,9,8,31,D:\Skripsi\Experiment\data\raw\RGB2\S9\AC8\RGB2_SUB9ACT8F31.jpg,1,1,0.9999096393585205
2052,9,8,46,D:\Skripsi\Experiment\data\raw\RGB2\S9\AC8\RGB2_SUB9ACT8F46.jpg,1,1,0.9998496770858765
2053,9,8,61,D:\Skripsi\Experiment\data\raw\RGB2\S9\AC8\RGB2_SUB9ACT8F61.jpg,1,1,0.9939524531364441
2054,9,8,76,D:\Skripsi\Experiment\data\raw\RGB2\S9\AC8\RGB2_SUB9ACT8F76.jpg,1,1,0.9988588094711304
2055,9,8,91,D:\Skripsi\Experiment\data\raw\RGB2\S9\AC8\RGB2_SUB9ACT8F91.jpg,1,1,0.9984666109085083
2056,9,9,1,D:\Skripsi\Experiment\data\raw\RGB2\S9\AC9\RGB2_SUB9ACT9F1.jpg,1,0,0.292510986328125
2057,9,9,106,D:\Skripsi\Experiment\data\raw\RGB2\S9\AC9\RGB2_SUB9ACT9F106.jpg,1,1,0.9996267557144165
2058,9,9,121,D:\Skripsi\Experiment\data\raw\RGB2\S9\AC9\RGB2_SUB9ACT9F121.jpg,1,1,0.9997922778129578
2059,9,9,136,D:\Skripsi\Experiment\data\raw\RGB2\S9\AC9\RGB2_SUB9ACT9F136.jpg,1,1,0.9993040561676025
2060,9,9,151,D:\Skripsi\Experiment\data\raw\RGB2\S9\AC9\RGB2_SUB9ACT9F151.jpg,1,1,0.9994499087333679
2061,9,9,16,D:\Skripsi\Experiment\data\raw\RGB2\S9\AC9\RGB2_SUB9ACT9F16.jpg,1,1,0.9923774003982544
2062,9,9,31,D:\Skripsi\Experiment\data\raw\RGB2\S9\AC9\RGB2_SUB9ACT9F31.jpg,1,1,0.9982592463493347
2063,9,9,46,D:\Skripsi\Experiment\data\raw\RGB2\S9\AC9\RGB2_SUB9ACT9F46.jpg,1,1,0.9992570281028748
2064,9,9,61,D:\Skripsi\Experiment\data\raw\RGB2\S9\AC9\RGB2_SUB9ACT9F61.jpg,1,1,0.9992683529853821
2065,9,9,76,D:\Skripsi\Experiment\data\raw\RGB2\S9\AC9\RGB2_SUB9ACT9F76.jpg,1,1,0.9993332028388977
2066,9,9,91,D:\Skripsi\Experiment\data\raw\RGB2\S9\AC9\RGB2_SUB9ACT9F91.jpg,1,1,0.9993487000465393
