row_index,subject_id,activity_id,frame,filepath,label,prediction,prob_phone
0,12,1,1,D:\Skripsi\Experiment\data\raw\RGB1\S12\AC1\RGB1_SUB12ACT1F1.jpg,0,0,0.005128461867570877
1,12,1,106,D:\Skripsi\Experiment\data\raw\RGB1\S12\AC1\RGB1_SUB12ACT1F106.jpg,0,0,0.2648216485977173
2,12,1,121,D:\Skripsi\Experiment\data\raw\RGB1\S12\AC1\RGB1_SUB12ACT1F121.jpg,0,0,0.47325003147125244
3,12,1,136,D:\Skripsi\Experiment\data\raw\RGB1\S12\AC1\RGB1_SUB12ACT1F136.jpg,0,1,0.9367064237594604
4,12,1,151,D:\Skripsi\Experiment\data\raw\RGB1\S12\AC1\RGB1_SUB12ACT1F151.jpg,0,0,0.08734253793954849
5,12,1,16,D:\Skripsi\Experiment\data\raw\RGB1\S12\AC1\RGB1_SUB12ACT1F16.jpg,0,0,0.001960819587111473
6,12,1,31,D:\Skripsi\Experiment\data\raw\RGB1\S12\AC1\RGB1_SUB12ACT1F31.jpg,0,0,0.0010816955473273993
7,12,1,46,D:\Skripsi\Experiment\data\raw\RGB1\S12\AC1\RGB1_SUB12ACT1F46.jpg,0,0,0.0027127075009047985
8,12,1,61,D:\Skripsi\Experiment\data\raw\RGB1\S12\AC1\RGB1_SUB12ACT1F61.jpg,0,0,0.000369335146388039
9,12,1,76,D:\Skripsi\Experiment\data\raw\RGB1\S12\AC1\RGB1_SUB12ACT1F76.jpg,0,0,0.14709338545799255
10,12,1,91,D:\Skripsi\Experiment\data\raw\RGB1\S12\AC1\RGB1_SUB12ACT1F91.jpg,0,0,0.4476069211959839
11,12,5,1,D:\Skripsi\Experiment\data\raw\RGB1\S12\AC5\RGB1_SUB12ACT5F1.jpg,1,0,0.4995855987071991
12,12,5,106,D:\Skripsi\Experiment\data\raw\RGB1\S12\AC5\RGB1_SUB12ACT5F106.jpg,1,1,0.8488425016403198
13,12,5,121,D:\Skripsi\Experiment\data\raw\RGB1\S12\AC5\RGB1_SUB12ACT5F121.jpg,1,1,0.9839358329772949
14,12,5,136,D:\Skripsi\Experiment\data\raw\RGB1\S12\AC5\RGB1_SUB12ACT5F136.jpg,1,1,0.9864055514335632
15,12,5,16,D:\Skripsi\Experiment\data\raw\RGB1\S12\AC5\RGB1_SUB12ACT5F16.jpg,1,1,0.973513126373291
16,12,5,31,D:\Skripsi\Experiment\data\raw\RGB1\S12\AC5\RGB1_SUB12ACT5F31.jpg,1,1,0.9912058711051941
17,12,5,46,D:\Skripsi\Experiment\data\raw\RGB1\S12\AC5\RGB1_SUB12ACT5F46.jpg,1,1,0.9477159380912781
18,12,5,61,D:\Skripsi\Experiment\data\raw\RGB1\S12\AC5\RGB1_SUB12ACT5F61.jpg,1,1,0.9824848771095276
19,12,5,76,D:\Skripsi\Experiment\data\raw\RGB1\S12\AC5\RGB1_SUB12ACT5F76.jpg,1,1,0.94012451171875
20,12,5,91,D:\Skripsi\Experiment\data\raw\RGB1\S12\AC5\RGB1_SUB12ACT5F91.jpg,1,1,0.9393939971923828
21,12,6,1,D:\Skripsi\Experiment\data\raw\RGB1\S12\AC6\RGB1_SUB12ACT6F1.jpg,1,1,0.9379845857620239
22,12,6,106,D:\Skripsi\Experiment\data\raw\RGB1\S12\AC6\RGB1_SUB12ACT6F106.jpg,1,1,0.9915468096733093
23,12,6,121,D:\Skripsi\Experiment\data\raw\RGB1\S12\AC6\RGB1_SUB12ACT6F121.jpg,1,1,0.9946324825286865
24,12,6,136,D:\Skripsi\Experiment\data\raw\RGB1\S12\AC6\RGB1_SUB12ACT6F136.jpg,1,1,0.9857126474380493
25,12,6,151,D:\Skripsi\Experiment\data\raw\RGB1\S12\AC6\RGB1_SUB12ACT6F151.jpg,1,1,0.9822186827659607
26,12,6,16,D:\Skripsi\Experiment\data\raw\RGB1\S12\AC6\RGB1_SUB12ACT6F16.jpg,1,1,0.7434521317481995
27,12,6,166,D:\Skripsi\Experiment\data\raw\RGB1\S12\AC6\RGB1_SUB12ACT6F166.jpg,1,1,0.9902077317237854
28,12,6,181,D:\Skripsi\Experiment\data\raw\RGB1\S12\AC6\RGB1_SUB12ACT6F181.jpg,1,1,0.9977849721908569
29,12,6,196,D:\Skripsi\Experiment\data\raw\RGB1\S12\AC6\RGB1_SUB12ACT6F196.jpg,1,1,0.9956408739089966
30,12,6,31,D:\Skripsi\Experiment\data\raw\RGB1\S12\AC6\RGB1_SUB12ACT6F31.jpg,1,1,0.9577623009681702
31,12,6,46,D:\Skripsi\Experiment\data\raw\RGB1\S12\AC6\RGB1_SUB12ACT6F46.jpg,1,1,0.9837023019790649
32,12,6,61,D:\Skripsi\Experiment\data\raw\RGB1\S12\AC6\RGB1_SUB12ACT6F61.jpg,1,1,0.9915059208869934
33,12,6,76,D:\Skripsi\Experiment\data\raw\RGB1\S12\AC6\RGB1_SUB12ACT6F76.jpg,1,1,0.9824076294898987
34,12,6,91,D:\Skripsi\Experiment\data\raw\RGB1\S12\AC6\RGB1_SUB12ACT6F91.jpg,1,1,0.9275019764900208
35,12,7,1,D:\Skripsi\Experiment\data\raw\RGB1\S12\AC7\RGB1_SUB12ACT7F1.jpg,1,1,0.8014119267463684
36,12,7,106,D:\Skripsi\Experiment\data\raw\RGB1\S12\AC7\RGB1_SUB12ACT7F106.jpg,1,1,0.9805733561515808
37,12,7,121,D:\Skripsi\Experiment\data\raw\RGB1\S12\AC7\RGB1_SUB12ACT7F121.jpg,1,1,0.9921190738677979
38,12,7,136,D:\Skripsi\Experiment\data\raw\RGB1\S12\AC7\RGB1_SUB12ACT7F136.jpg,1,1,0.9715268611907959
39,12,7,151,D:\Skripsi\Experiment\data\raw\RGB1\S12\AC7\RGB1_SUB12ACT7F151.jpg,1,1,0.9924436211585999
40,12,7,16,D:\Skripsi\Experiment\data\raw\RGB1\S12\AC7\RGB1_SUB12ACT7F16.jpg,1,1,0.9732999205589294
41,12,7,166,D:\Skripsi\Experiment\data\raw\RGB1\S12\AC7\RGB1_SUB12ACT7F166.jpg,1,1,0.9840186238288879
42,12,7,181,D:\Skripsi\Experiment\data\raw\RGB1\S12\AC7\RGB1_SUB12ACT7F181.jpg,1,1,0.9818158149719238
43,12,7,196,D:\Skripsi\Experiment\data\raw\RGB1\S12\AC7\RGB1_SUB12ACT7F196.jpg,1,1,0.9902960658073425
44,12,7,211,D:\Skripsi\Experiment\data\raw\RGB1\S12\AC7\RGB1_SUB12ACT7F211.jpg,1,1,0.9069392681121826
45,12,7,226,D:\Skripsi\Experiment\data\raw\RGB1\S12\AC7\RGB1_SUB12ACT7F226.jpg,1,1,0.979010820388794
46,12,7,31,D:\Skripsi\Experiment\data\raw\RGB1\S12\AC7\RGB1_SUB12ACT7F31.jpg,1,1,0.9762677550315857
47,12,7,46,D:\Skripsi\Experiment\data\raw\RGB1\S12\AC7\RGB1_SUB12ACT7F46.jpg,1,1,0.9708458185195923
48,12,7,61,D:\Skripsi\Experiment\data\raw\RGB1\S12\AC7\RGB1_SUB12ACT7F61.jpg,1,1,0.9899489879608154
49,12,7,76,D:\Skripsi\Experiment\data\raw\RGB1\S12\AC7\RGB1_SUB12ACT7F76.jpg,1,1,0.9860491156578064
50,12,7,91,D:\Skripsi\Experiment\data\raw\RGB1\S12\AC7\RGB1_SUB12ACT7F91.jpg,1,1,0.983262300491333
51,12,8,1,D:\Skripsi\Experiment\data\raw\RGB1\S12\AC8\RGB1_SUB12ACT8F1.jpg,1,1,0.9750096797943115
52,12,8,106,D:\Skripsi\Experiment\data\raw\RGB1\S12\AC8\RGB1_SUB12ACT8F106.jpg,1,1,0.9817935228347778
53,12,8,121,D:\Skripsi\Experiment\data\raw\RGB1\S12\AC8\RGB1_SUB12ACT8F121.jpg,1,1,0.940756618976593
54,12,8,136,D:\Skripsi\Experiment\data\raw\RGB1\S12\AC8\RGB1_SUB12ACT8F136.jpg,1,1,0.9738450646400452
55,12,8,151,D:\Skripsi\Experiment\data\raw\RGB1\S12\AC8\RGB1_SUB12ACT8F151.jpg,1,1,0.8147158026695251
56,12,8,16,D:\Skripsi\Experiment\data\raw\RGB1\S12\AC8\RGB1_SUB12ACT8F16.jpg,1,1,0.9975084066390991
57,12,8,31,D:\Skripsi\Experiment\data\raw\RGB1\S12\AC8\RGB1_SUB12ACT8F31.jpg,1,1,0.9899623990058899
58,12,8,46,D:\Skripsi\Experiment\data\raw\RGB1\S12\AC8\RGB1_SUB12ACT8F46.jpg,1,1,0.9843818545341492
59,12,8,61,D:\Skripsi\Experiment\data\raw\RGB1\S12\AC8\RGB1_SUB12ACT8F61.jpg,1,1,0.917003333568573
60,12,8,76,D:\Skripsi\Experiment\data\raw\RGB1\S12\AC8\RGB1_SUB12ACT8F76.jpg,1,1,0.9546565413475037
61,12,8,91,D:\Skripsi\Experiment\data\raw\RGB1\S12\AC8\RGB1_SUB12ACT8F91.jpg,1,1,0.963354766368866
62,12,9,1,D:\Skripsi\Experiment\data\raw\RGB1\S12\AC9\RGB1_SUB12ACT9F1.jpg,1,1,0.9946267008781433
63,12,9,106,D:\Skripsi\Experiment\data\raw\RGB1\S12\AC9\RGB1_SUB12ACT9F106.jpg,1,1,0.9942967295646667
64,12,9,121,D:\Skripsi\Experiment\data\raw\RGB1\S12\AC9\RGB1_SUB12ACT9F121.jpg,1,1,0.9896148443222046
65,12,9,136,D:\Skripsi\Experiment\data\raw\RGB1\S12\AC9\RGB1_SUB12ACT9F136.jpg,1,1,0.9779927730560303
66,12,9,151,D:\Skripsi\Experiment\data\raw\RGB1\S12\AC9\RGB1_SUB12ACT9F151.jpg,1,1,0.9640896916389465
67,12,9,16,D:\Skripsi\Experiment\data\raw\RGB1\S12\AC9\RGB1_SUB12ACT9F16.jpg,1,1,0.9539347290992737
68,12,9,166,D:\Skripsi\Experiment\data\raw\RGB1\S12\AC9\RGB1_SUB12ACT9F166.jpg,1,1,0.9480235576629639
69,12,9,31,D:\Skripsi\Experiment\data\raw\RGB1\S12\AC9\RGB1_SUB12ACT9F31.jpg,1,1,0.9317957758903503
70,12,9,46,D:\Skripsi\Experiment\data\raw\RGB1\S12\AC9\RGB1_SUB12ACT9F46.jpg,1,1,0.9894987344741821
71,12,9,61,D:\Skripsi\Experiment\data\raw\RGB1\S12\AC9\RGB1_SUB12ACT9F61.jpg,1,1,0.961354672908783
72,12,9,76,D:\Skripsi\Experiment\data\raw\RGB1\S12\AC9\RGB1_SUB12ACT9F76.jpg,1,1,0.8984413743019104
73,12,9,91,D:\Skripsi\Experiment\data\raw\RGB1\S12\AC9\RGB1_SUB12ACT9F91.jpg,1,1,0.9775781631469727
74,13,1,1,D:\Skripsi\Experiment\data\raw\RGB1\S13\AC1\RGB1_SUB13ACT1F1.jpg,0,0,0.015631230548024178
75,13,1,106,D:\Skripsi\Experiment\data\raw\RGB1\S13\AC1\RGB1_SUB13ACT1F106.jpg,0,0,0.02233131043612957
76,13,1,121,D:\Skripsi\Experiment\data\raw\RGB1\S13\AC1\RGB1_SUB13ACT1F121.jpg,0,0,0.006468853447586298
77,13,1,16,D:\Skripsi\Experiment\data\raw\RGB1\S13\AC1\RGB1_SUB13ACT1F16.jpg,0,0,0.042574524879455566
78,13,1,31,D:\Skripsi\Experiment\data\raw\RGB1\S13\AC1\RGB1_SUB13ACT1F31.jpg,0,0,0.007317473646253347
79,13,1,46,D:\Skripsi\Experiment\data\raw\RGB1\S13\AC1\RGB1_SUB13ACT1F46.jpg,0,0,0.002074546180665493
80,13,1,61,D:\Skripsi\Experiment\data\raw\RGB1\S13\AC1\RGB1_SUB13ACT1F61.jpg,0,0,0.012619820423424244
81,13,1,76,D:\Skripsi\Experiment\data\raw\RGB1\S13\AC1\RGB1_SUB13ACT1F76.jpg,0,0,0.018686920404434204
82,13,1,91,D:\Skripsi\Experiment\data\raw\RGB1\S13\AC1\RGB1_SUB13ACT1F91.jpg,0,0,0.0048096999526023865
83,13,5,1,D:\Skripsi\Experiment\data\raw\RGB1\S13\AC5\RGB1_SUB13ACT5F1.jpg,1,1,0.988162100315094
84,13,5,106,D:\Skripsi\Experiment\data\raw\RGB1\S13\AC5\RGB1_SUB13ACT5F106.jpg,1,1,0.9947959780693054
85,13,5,121,D:\Skripsi\Experiment\data\raw\RGB1\S13\AC5\RGB1_SUB13ACT5F121.jpg,1,1,0.9622730016708374
86,13,5,16,D:\Skripsi\Experiment\data\raw\RGB1\S13\AC5\RGB1_SUB13ACT5F16.jpg,1,1,0.9574663639068604
87,13,5,31,D:\Skripsi\Experiment\data\raw\RGB1\S13\AC5\RGB1_SUB13ACT5F31.jpg,1,1,0.96775221824646
88,13,5,46,D:\Skripsi\Experiment\data\raw\RGB1\S13\AC5\RGB1_SUB13ACT5F46.jpg,1,1,0.9747876524925232
89,13,5,61,D:\Skripsi\Experiment\data\raw\RGB1\S13\AC5\RGB1_SUB13ACT5F61.jpg,1,1,0.9741238355636597
90,13,5,76,D:\Skripsi\Experiment\data\raw\RGB1\S13\AC5\RGB1_SUB13ACT5F76.jpg,1,1,0.9923520684242249
91,13,5,91,D:\Skripsi\Experiment\data\raw\RGB1\S13\AC5\RGB1_SUB13ACT5F91.jpg,1,1,0.9972203969955444
92,13,6,1,D:\Skripsi\Experiment\data\raw\RGB1\S13\AC6\RGB1_SUB13ACT6F1.jpg,1,1,0.9707015752792358
93,13,6,106,D:\Skripsi\Experiment\data\raw\RGB1\S13\AC6\RGB1_SUB13ACT6F106.jpg,1,1,0.935722827911377
94,13,6,16,D:\Skripsi\Experiment\data\raw\RGB1\S13\AC6\RGB1_SUB13ACT6F16.jpg,1,1,0.9701690077781677
95,13,6,31,D:\Skripsi\Experiment\data\raw\RGB1\S13\AC6\RGB1_SUB13ACT6F31.jpg,1,1,0.9801357984542847
96,13,6,46,D:\Skripsi\Experiment\data\raw\RGB1\S13\AC6\RGB1_SUB13ACT6F46.jpg,1,1,0.9953089356422424
97,13,6,61,D:\Skripsi\Experiment\data\raw\RGB1\S13\AC6\RGB1_SUB13ACT6F61.jpg,1,1,0.9888460040092468
98,13,6,76,D:\Skripsi\Experiment\data\raw\RGB1\S13\AC6\RGB1_SUB13ACT6F76.jpg,1,1,0.9880735278129578
99,13,6,91,D:\Skripsi\Experiment\data\raw\RGB1\S13\AC6\RGB1_SUB13ACT6F91.jpg,1,1,0.9752904772758484
100,13,7,1,D:\Skripsi\Experiment\data\raw\RGB1\S13\AC7\RGB1_SUB13ACT7F1.jpg,1,1,0.9905765056610107
101,13,7,106,D:\Skripsi\Experiment\data\raw\RGB1\S13\AC7\RGB1_SUB13ACT7F106.jpg,1,1,0.9900891780853271
102,13,7,121,D:\Skripsi\Experiment\data\raw\RGB1\S13\AC7\RGB1_SUB13ACT7F121.jpg,1,1,0.9879481196403503
103,13,7,136,D:\Skripsi\Experiment\data\raw\RGB1\S13\AC7\RGB1_SUB13ACT7F136.jpg,1,1,0.992469847202301
104,13,7,16,D:\Skripsi\Experiment\data\raw\RGB1\S13\AC7\RGB1_SUB13ACT7F16.jpg,1,1,0.9931012392044067
105,13,7,31,D:\Skripsi\Experiment\data\raw\RGB1\S13\AC7\RGB1_SUB13ACT7F31.jpg,1,1,0.979099452495575
106,13,7,46,D:\Skripsi\Experiment\data\raw\RGB1\S13\AC7\RGB1_SUB13ACT7F46.jpg,1,1,0.9927513599395752
107,13,7,61,D:\Skripsi\Experiment\data\raw\RGB1\S13\AC7\RGB1_SUB13ACT7F61.jpg,1,1,0.9964525699615479
108,13,7,76,D:\Skripsi\Experiment\data\raw\RGB1\S13\AC7\RGB1_SUB13ACT7F76.jpg,1,1,0.9920170307159424
109,13,7,91,D:\Skripsi\Experiment\data\raw\RGB1\S13\AC7\RGB1_SUB13ACT7F91.jpg,1,1,0.9818083643913269
110,13,8,1,D:\Skripsi\Experiment\data\raw\RGB1\S13\AC8\RGB1_SUB13ACT8F1.jpg,1,1,0.9989101886749268
111,13,8,106,D:\Skripsi\Experiment\data\raw\RGB1\S13\AC8\RGB1_SUB13ACT8F106.jpg,1,1,0.9571983814239502
112,13,8,121,D:\Skripsi\Experiment\data\raw\RGB1\S13\AC8\RGB1_SUB13ACT8F121.jpg,1,1,0.9563553929328918
113,13,8,136,D:\Skripsi\Experiment\data\raw\RGB1\S13\AC8\RGB1_SUB13ACT8F136.jpg,1,1,0.9534101486206055
114,13,8,16,D:\Skripsi\Experiment\data\raw\RGB1\S13\AC8\RGB1_SUB13ACT8F16.jpg,1,1,0.9926432967185974
115,13,8,31,D:\Skripsi\Experiment\data\raw\RGB1\S13\AC8\RGB1_SUB13ACT8F31.jpg,1,1,0.9921783208847046
116,13,8,46,D:\Skripsi\Experiment\data\raw\RGB1\S13\AC8\RGB1_SUB13ACT8F46.jpg,1,1,0.9429448246955872
117,13,8,61,D:\Skripsi\Experiment\data\raw\RGB1\S13\AC8\RGB1_SUB13ACT8F61.jpg,1,1,0.8607211112976074
118,13,8,76,D:\Skripsi\Experiment\data\raw\RGB1\S13\AC8\RGB1_SUB13ACT8F76.jpg,1,1,0.790256917476654
119,13,8,91,D:\Skripsi\Experiment\data\raw\RGB1\S13\AC8\RGB1_SUB13ACT8F91.jpg,1,1,0.8309987783432007
120,13,9,1,D:\Skripsi\Experiment\data\raw\RGB1\S13\AC9\RGB1_SUB13ACT9F1.jpg,1,1,0.9525048136711121
121,13,9,106,D:\Skripsi\Experiment\data\raw\RGB1\S13\AC9\RGB1_SUB13ACT9F106.jpg,1,1,0.9738883972167969
122,13,9,121,D:\Skripsi\Experiment\data\raw\RGB1\S13\AC9\RGB1_SUB13ACT9F121.jpg,1,1,0.9766313433647156
123,13,9,136,D:\Skripsi\Experiment\data\raw\RGB1\S13\AC9\RGB1_SUB13ACT9F136.jpg,1,1,0.8965978622436523
124,13,9,151,D:\Skripsi\Experiment\data\raw\RGB1\S13\AC9\RGB1_SUB13ACT9F151.jpg,1,1,0.9546165466308594
125,13,9,16,D:\Skripsi\Experiment\data\raw\RGB1\S13\AC9\RGB1_SUB13ACT9F16.jpg,1,1,0.8516988158226013
126,13,9,166,D:\Skripsi\Experiment\data\raw\RGB1\S13\AC9\RGB1_SUB13ACT9F166.jpg,1,1,0.9917274713516235
127,13,9,181,D:\Skripsi\Experiment\data\raw\RGB1\S13\AC9\RGB1_SUB13ACT9F181.jpg,1,1,0.9947527647018433
128,13,9,31,D:\Skripsi\Experiment\data\raw\RGB1\S13\AC9\RGB1_SUB13ACT9F31.jpg,1,1,0.9969437718391418
129,13,9,46,D:\Skripsi\Experiment\data\raw\RGB1\S13\AC9\RGB1_SUB13ACT9F46.jpg,1,1,0.983035683631897
130,13,9,61,D:\Skripsi\Experiment\data\raw\RGB1\S13\AC9\RGB1_SUB13ACT9F61.jpg,1,1,0.9795810580253601
131,13,9,76,D:\Skripsi\Experiment\data\raw\RGB1\S13\AC9\RGB1_SUB13ACT9F76.jpg,1,1,0.9954440593719482
132,13,9,91,D:\Skripsi\Experiment\data\raw\RGB1\S13\AC9\RGB1_SUB13ACT9F91.jpg,1,1,0.9179582595825195
133,14,1,1,D:\Skripsi\Experiment\data\raw\RGB1\S14\AC1\RGB1_SUB14ACT1F1.jpg,0,0,0.0037178420461714268
134,14,1,106,D:\Skripsi\Experiment\data\raw\RGB1\S14\AC1\RGB1_SUB14ACT1F106.jpg,0,0,0.007481731940060854
135,14,1,16,D:\Skripsi\Experiment\data\raw\RGB1\S14\AC1\RGB1_SUB14ACT1F16.jpg,0,0,0.006844474468380213
136,14,1,31,D:\Skripsi\Experiment\data\raw\RGB1\S14\AC1\RGB1_SUB14ACT1F31.jpg,0,0,0.0003714588820002973
137,14,1,46,D:\Skripsi\Experiment\data\raw\RGB1\S14\AC1\RGB1_SUB14ACT1F46.jpg,0,0,0.0034381935838609934
138,14,1,61,D:\Skripsi\Experiment\data\raw\RGB1\S14\AC1\RGB1_SUB14ACT1F61.jpg,0,0,0.0015610943082720041
139,14,1,76,D:\Skripsi\Experiment\data\raw\RGB1\S14\AC1\RGB1_SUB14ACT1F76.jpg,0,0,0.009020918980240822
140,14,1,91,D:\Skripsi\Experiment\data\raw\RGB1\S14\AC1\RGB1_SUB14ACT1F91.jpg,0,0,0.15381427109241486
141,14,5,1,D:\Skripsi\Experiment\data\raw\RGB1\S14\AC5\RGB1_SUB14ACT5F1.jpg,1,0,0.33236610889434814
142,14,5,106,D:\Skripsi\Experiment\data\raw\RGB1\S14\AC5\RGB1_SUB14ACT5F106.jpg,1,1,0.9870638847351074
143,14,5,121,D:\Skripsi\Experiment\data\raw\RGB1\S14\AC5\RGB1_SUB14ACT5F121.jpg,1,1,0.9973219037055969
144,14,5,16,D:\Skripsi\Experiment\data\raw\RGB1\S14\AC5\RGB1_SUB14ACT5F16.jpg,1,1,0.9676133990287781
145,14,5,31,D:\Skripsi\Experiment\data\raw\RGB1\S14\AC5\RGB1_SUB14ACT5F31.jpg,1,1,0.9911351203918457
146,14,5,46,D:\Skripsi\Experiment\data\raw\RGB1\S14\AC5\RGB1_SUB14ACT5F46.jpg,1,1,0.9750534296035767
147,14,5,61,D:\Skripsi\Experiment\data\raw\RGB1\S14\AC5\RGB1_SUB14ACT5F61.jpg,1,1,0.9951541423797607
148,14,5,76,D:\Skripsi\Experiment\data\raw\RGB1\S14\AC5\RGB1_SUB14ACT5F76.jpg,1,1,0.9827641248703003
149,14,5,91,D:\Skripsi\Experiment\data\raw\RGB1\S14\AC5\RGB1_SUB14ACT5F91.jpg,1,1,0.9931424856185913
150,14,6,1,D:\Skripsi\Experiment\data\raw\RGB1\S14\AC6\RGB1_SUB14ACT6F1.jpg,1,1,0.9593155384063721
151,14,6,106,D:\Skripsi\Experiment\data\raw\RGB1\S14\AC6\RGB1_SUB14ACT6F106.jpg,1,1,0.9440286159515381
152,14,6,16,D:\Skripsi\Experiment\data\raw\RGB1\S14\AC6\RGB1_SUB14ACT6F16.jpg,1,1,0.8832768201828003
153,14,6,31,D:\Skripsi\Experiment\data\raw\RGB1\S14\AC6\RGB1_SUB14ACT6F31.jpg,1,1,0.7502594590187073
154,14,6,46,D:\Skripsi\Experiment\data\raw\RGB1\S14\AC6\RGB1_SUB14ACT6F46.jpg,1,0,0.16123934090137482
155,14,6,61,D:\Skripsi\Experiment\data\raw\RGB1\S14\AC6\RGB1_SUB14ACT6F61.jpg,1,1,0.9585494995117188
156,14,6,76,D:\Skripsi\Experiment\data\raw\RGB1\S14\AC6\RGB1_SUB14ACT6F76.jpg,1,1,0.9954400062561035
157,14,6,91,D:\Skripsi\Experiment\data\raw\RGB1\S14\AC6\RGB1_SUB14ACT6F91.jpg,1,1,0.9285733103752136
158,14,7,1,D:\Skripsi\Experiment\data\raw\RGB1\S14\AC7\RGB1_SUB14ACT7F1.jpg,1,1,0.9348456263542175
159,14,7,106,D:\Skripsi\Experiment\data\raw\RGB1\S14\AC7\RGB1_SUB14ACT7F106.jpg,1,1,0.9986095428466797
160,14,7,16,D:\Skripsi\Experiment\data\raw\RGB1\S14\AC7\RGB1_SUB14ACT7F16.jpg,1,1,0.9778751134872437
161,14,7,31,D:\Skripsi\Experiment\data\raw\RGB1\S14\AC7\RGB1_SUB14ACT7F31.jpg,1,1,0.9944925308227539
162,14,7,46,D:\Skripsi\Experiment\data\raw\RGB1\S14\AC7\RGB1_SUB14ACT7F46.jpg,1,1,0.9816398024559021
163,14,7,61,D:\Skripsi\Experiment\data\raw\RGB1\S14\AC7\RGB1_SUB14ACT7F61.jpg,1,1,0.9902276992797852
164,14,7,76,D:\Skripsi\Experiment\data\raw\RGB1\S14\AC7\RGB1_SUB14ACT7F76.jpg,1,1,0.9787824749946594
165,14,7,91,D:\Skripsi\Experiment\data\raw\RGB1\S14\AC7\RGB1_SUB14ACT7F91.jpg,1,1,0.9934833645820618
166,14,8,1,D:\Skripsi\Experiment\data\raw\RGB1\S14\AC8\RGB1_SUB14ACT8F1.jpg,1,1,0.7869513034820557
167,14,8,106,D:\Skripsi\Experiment\data\raw\RGB1\S14\AC8\RGB1_SUB14ACT8F106.jpg,1,1,0.9139574766159058
168,14,8,121,D:\Skripsi\Experiment\data\raw\RGB1\S14\AC8\RGB1_SUB14ACT8F121.jpg,1,1,0.9936031699180603
169,14,8,136,D:\Skripsi\Experiment\data\raw\RGB1\S14\AC8\RGB1_SUB14ACT8F136.jpg,1,1,0.9792174100875854
170,14,8,16,D:\Skripsi\Experiment\data\raw\RGB1\S14\AC8\RGB1_SUB14ACT8F16.jpg,1,1,0.9228707551956177
171,14,8,31,D:\Skripsi\Experiment\data\raw\RGB1\S14\AC8\RGB1_SUB14ACT8F31.jpg,1,1,0.9897116422653198
172,14,8,46,D:\Skripsi\Experiment\data\raw\RGB1\S14\AC8\RGB1_SUB14ACT8F46.jpg,1,1,0.974709153175354
173,14,8,61,D:\Skripsi\Experiment\data\raw\RGB1\S14\AC8\RGB1_SUB14ACT8F61.jpg,1,1,0.9432938098907471
174,14,8,76,D:\Skripsi\Experiment\data\raw\RGB1\S14\AC8\RGB1_SUB14ACT8F76.jpg,1,1,0.9755212664604187
175,14,8,91,D:\Skripsi\Experiment\data\raw\RGB1\S14\AC8\RGB1_SUB14ACT8F91.jpg,1,1,0.9733192920684814
176,14,9,1,D:\Skripsi\Experiment\data\raw\RGB1\S14\AC9\RGB1_SUB14ACT9F1.jpg,1,1,0.6913484334945679
177,14,9,106,D:\Skripsi\Experiment\data\raw\RGB1\S14\AC9\RGB1_SUB14ACT9F106.jpg,1,1,0.9985721111297607
178,14,9,121,D:\Skripsi\Experiment\data\raw\RGB1\S14\AC9\RGB1_SUB14ACT9F121.jpg,1,1,0.9900244474411011
179,14,9,136,D:\Skripsi\Experiment\data\raw\RGB1\S14\AC9\RGB1_SUB14ACT9F136.jpg,1,1,0.9945699572563171
180,14,9,16,D:\Skripsi\Experiment\data\raw\RGB1\S14\AC9\RGB1_SUB14ACT9F16.jpg,1,1,0.9698951840400696
181,14,9,31,D:\Skripsi\Experiment\data\raw\RGB1\S14\AC9\RGB1_SUB14ACT9F31.jpg,1,1,0.9928777813911438
182,14,9,46,D:\Skripsi\Experiment\data\raw\RGB1\S14\AC9\RGB1_SUB14ACT9F46.jpg,1,1,0.9979984164237976
183,14,9,61,D:\Skripsi\Experiment\data\raw\RGB1\S14\AC9\RGB1_SUB14ACT9F61.jpg,1,1,0.9735941886901855
184,14,9,76,D:\Skripsi\Experiment\data\raw\RGB1\S14\AC9\RGB1_SUB14ACT9F76.jpg,1,1,0.9949466586112976
185,14,9,91,D:\Skripsi\Experiment\data\raw\RGB1\S14\AC9\RGB1_SUB14ACT9F91.jpg,1,1,0.9991883635520935
186,16,1,1,D:\Skripsi\Experiment\data\raw\RGB1\S16\AC1\RGB1_SUB16ACT1F1.jpg,0,0,0.03316792473196983
187,16,1,106,D:\Skripsi\Experiment\data\raw\RGB1\S16\AC1\RGB1_SUB16ACT1F106.jpg,0,0,0.033183157444000244
188,16,1,121,D:\Skripsi\Experiment\data\raw\RGB1\S16\AC1\RGB1_SUB16ACT1F121.jpg,0,0,0.4791572093963623
189,16,1,16,D:\Skripsi\Experiment\data\raw\RGB1\S16\AC1\RGB1_SUB16ACT1F16.jpg,0,0,0.0018179240869358182
190,16,1,31,D:\Skripsi\Experiment\data\raw\RGB1\S16\AC1\RGB1_SUB16ACT1F31.jpg,0,0,0.008923175744712353
191,16,1,46,D:\Skripsi\Experiment\data\raw\RGB1\S16\AC1\RGB1_SUB16ACT1F46.jpg,0,0,0.002999540651217103
192,16,1,61,D:\Skripsi\Experiment\data\raw\RGB1\S16\AC1\RGB1_SUB16ACT1F61.jpg,0,0,0.014602421782910824
193,16,1,76,D:\Skripsi\Experiment\data\raw\RGB1\S16\AC1\RGB1_SUB16ACT1F76.jpg,0,0,0.012093211524188519
194,16,1,91,D:\Skripsi\Experiment\data\raw\RGB1\S16\AC1\RGB1_SUB16ACT1F91.jpg,0,0,0.01327458769083023
195,16,5,1,D:\Skripsi\Experiment\data\raw\RGB1\S16\AC5\RGB1_SUB16ACT5F1.jpg,1,1,0.9932321310043335
196,16,5,106,D:\Skripsi\Experiment\data\raw\RGB1\S16\AC5\RGB1_SUB16ACT5F106.jpg,1,1,0.980549156665802
197,16,5,16,D:\Skripsi\Experiment\data\raw\RGB1\S16\AC5\RGB1_SUB16ACT5F16.jpg,1,1,0.9898608922958374
198,16,5,31,D:\Skripsi\Experiment\data\raw\RGB1\S16\AC5\RGB1_SUB16ACT5F31.jpg,1,1,0.9935890436172485
199,16,5,46,D:\Skripsi\Experiment\data\raw\RGB1\S16\AC5\RGB1_SUB16ACT5F46.jpg,1,1,0.9741500616073608
200,16,5,61,D:\Skripsi\Experiment\data\raw\RGB1\S16\AC5\RGB1_SUB16ACT5F61.jpg,1,1,0.977211594581604
201,16,5,76,D:\Skripsi\Experiment\data\raw\RGB1\S16\AC5\RGB1_SUB16ACT5F76.jpg,1,1,0.9588471055030823
202,16,5,91,D:\Skripsi\Experiment\data\raw\RGB1\S16\AC5\RGB1_SUB16ACT5F91.jpg,1,1,0.9767143726348877
203,16,6,1,D:\Skripsi\Experiment\data\raw\RGB1\S16\AC6\RGB1_SUB16ACT6F1.jpg,1,1,0.9820398688316345
204,16,6,106,D:\Skripsi\Experiment\data\raw\RGB1\S16\AC6\RGB1_SUB16ACT6F106.jpg,1,1,0.9950130581855774
205,16,6,16,D:\Skripsi\Experiment\data\raw\RGB1\S16\AC6\RGB1_SUB16ACT6F16.jpg,1,1,0.9850532412528992
206,16,6,31,D:\Skripsi\Experiment\data\raw\RGB1\S16\AC6\RGB1_SUB16ACT6F31.jpg,1,1,0.9711399674415588
207,16,6,46,D:\Skripsi\Experiment\data\raw\RGB1\S16\AC6\RGB1_SUB16ACT6F46.jpg,1,1,0.9896408915519714
208,16,6,61,D:\Skripsi\Experiment\data\raw\RGB1\S16\AC6\RGB1_SUB16ACT6F61.jpg,1,1,0.9890747666358948
209,16,6,76,D:\Skripsi\Experiment\data\raw\RGB1\S16\AC6\RGB1_SUB16ACT6F76.jpg,1,1,0.9921147227287292
210,16,6,91,D:\Skripsi\Experiment\data\raw\RGB1\S16\AC6\RGB1_SUB16ACT6F91.jpg,1,1,0.9959940910339355
211,16,7,1,D:\Skripsi\Experiment\data\raw\RGB1\S16\AC7\RGB1_SUB16ACT7F1.jpg,1,1,0.9968549013137817
212,16,7,106,D:\Skripsi\Experiment\data\raw\RGB1\S16\AC7\RGB1_SUB16ACT7F106.jpg,1,1,0.9422743916511536
213,16,7,121,D:\Skripsi\Experiment\data\raw\RGB1\S16\AC7\RGB1_SUB16ACT7F121.jpg,1,1,0.9827708005905151
214,16,7,16,D:\Skripsi\Experiment\data\raw\RGB1\S16\AC7\RGB1_SUB16ACT7F16.jpg,1,1,0.9874208569526672
215,16,7,31,D:\Skripsi\Experiment\data\raw\RGB1\S16\AC7\RGB1_SUB16ACT7F31.jpg,1,1,0.987118124961853
216,16,7,46,D:\Skripsi\Experiment\data\raw\RGB1\S16\AC7\RGB1_SUB16ACT7F46.jpg,1,1,0.929684579372406
217,16,7,61,D:\Skripsi\Experiment\data\raw\RGB1\S16\AC7\RGB1_SUB16ACT7F61.jpg,1,1,0.9755263924598694
218,16,7,76,D:\Skripsi\Experiment\data\raw\RGB1\S16\AC7\RGB1_SUB16ACT7F76.jpg,1,1,0.9963799118995667
219,16,7,91,D:\Skripsi\Experiment\data\raw\RGB1\S16\AC7\RGB1_SUB16ACT7F91.jpg,1,1,0.9659265875816345
220,16,8,1,D:\Skripsi\Experiment\data\raw\RGB1\S16\AC8\RGB1_SUB16ACT8F1.jpg,1,1,0.9043670892715454
221,16,8,106,D:\Skripsi\Experiment\data\raw\RGB1\S16\AC8\RGB1_SUB16ACT8F106.jpg,1,1,0.9861921072006226
222,16,8,121,D:\Skripsi\Experiment\data\raw\RGB1\S16\AC8\RGB1_SUB16ACT8F121.jpg,1,1,0.9866097569465637
223,16,8,16,D:\Skripsi\Experiment\data\raw\RGB1\S16\AC8\RGB1_SUB16ACT8F16.jpg,1,1,0.945236086845398
224,16,8,31,D:\Skripsi\Experiment\data\raw\RGB1\S16\AC8\RGB1_SUB16ACT8F31.jpg,1,1,0.9742024540901184
225,16,8,46,D:\Skripsi\Experiment\data\raw\RGB1\S16\AC8\RGB1_SUB16ACT8F46.jpg,1,1,0.949208676815033
226,16,8,61,D:\Skripsi\Experiment\data\raw\RGB1\S16\AC8\RGB1_SUB16ACT8F61.jpg,1,1,0.8940390944480896
227,16,8,76,D:\Skripsi\Experiment\data\raw\RGB1\S16\AC8\RGB1_SUB16ACT8F76.jpg,1,1,0.9748653173446655
228,16,8,91,D:\Skripsi\Experiment\data\raw\RGB1\S16\AC8\RGB1_SUB16ACT8F91.jpg,1,1,0.985136091709137
229,16,9,1,D:\Skripsi\Experiment\data\raw\RGB1\S16\AC9\RGB1_SUB16ACT9F1.jpg,1,1,0.9793293476104736
230,16,9,106,D:\Skripsi\Experiment\data\raw\RGB1\S16\AC9\RGB1_SUB16ACT9F106.jpg,1,1,0.983588695526123
231,16,9,121,D:\Skripsi\Experiment\data\raw\RGB1\S16\AC9\RGB1_SUB16ACT9F121.jpg,1,1,0.9929312467575073
232,16,9,16,D:\Skripsi\Experiment\data\raw\RGB1\S16\AC9\RGB1_SUB16ACT9F16.jpg,1,1,0.9694175124168396
233,16,9,31,D:\Skripsi\Experiment\data\raw\RGB1\S16\AC9\RGB1_SUB16ACT9F31.jpg,1,1,0.963246762752533
234,16,9,46,D:\Skripsi\Experiment\data\raw\RGB1\S16\AC9\RGB1_SUB16ACT9F46.jpg,1,1,0.917427122592926
235,16,9,61,D:\Skripsi\Experiment\data\raw\RGB1\S16\AC9\RGB1_SUB16ACT9F61.jpg,1,1,0.9703341722488403
236,16,9,76,D:\Skripsi\Experiment\data\raw\RGB1\S16\AC9\RGB1_SUB16ACT9F76.jpg,1,1,0.9382169246673584
237,16,9,91,D:\Skripsi\Experiment\data\raw\RGB1\S16\AC9\RGB1_SUB16ACT9F91.jpg,1,1,0.9632434844970703
238,18,1,1,D:\Skripsi\Experiment\data\raw\RGB1\S18\AC1\RGB1_SUB18ACT1F1.jpg,0,0,0.007383494637906551
239,18,1,106,D:\Skripsi\Experiment\data\raw\RGB1\S18\AC1\RGB1_SUB18ACT1F106.jpg,0,0,0.0014944402500987053
240,18,1,121,D:\Skripsi\Experiment\data\raw\RGB1\S18\AC1\RGB1_SUB18ACT1F121.jpg,0,0,0.006235196720808744
241,18,1,136,D:\Skripsi\Experiment\data\raw\RGB1\S18\AC1\RGB1_SUB18ACT1F136.jpg,0,0,0.020832035690546036
242,18,1,16,D:\Skripsi\Experiment\data\raw\RGB1\S18\AC1\RGB1_SUB18ACT1F16.jpg,0,0,0.0011691839899867773
243,18,1,31,D:\Skripsi\Experiment\data\raw\RGB1\S18\AC1\RGB1_SUB18ACT1F31.jpg,0,0,0.000998366274870932
244,18,1,46,D:\Skripsi\Experiment\data\raw\RGB1\S18\AC1\RGB1_SUB18ACT1F46.jpg,0,0,0.0003175197052769363
245,18,1,61,D:\Skripsi\Experiment\data\raw\RGB1\S18\AC1\RGB1_SUB18ACT1F61.jpg,0,0,0.0012794110225513577
246,18,1,76,D:\Skripsi\Experiment\data\raw\RGB1\S18\AC1\RGB1_SUB18ACT1F76.jpg,0,0,0.004130053799599409
247,18,1,91,D:\Skripsi\Experiment\data\raw\RGB1\S18\AC1\RGB1_SUB18ACT1F91.jpg,0,0,0.0008890560711733997
248,18,5,1,D:\Skripsi\Experiment\data\raw\RGB1\S18\AC5\RGB1_SUB18ACT5F1.jpg,1,1,0.9888596534729004
249,18,5,106,D:\Skripsi\Experiment\data\raw\RGB1\S18\AC5\RGB1_SUB18ACT5F106.jpg,1,1,0.9849011301994324
250,18,5,121,D:\Skripsi\Experiment\data\raw\RGB1\S18\AC5\RGB1_SUB18ACT5F121.jpg,1,1,0.9959681034088135
251,18,5,136,D:\Skripsi\Experiment\data\raw\RGB1\S18\AC5\RGB1_SUB18ACT5F136.jpg,1,1,0.99285489320755
252,18,5,151,D:\Skripsi\Experiment\data\raw\RGB1\S18\AC5\RGB1_SUB18ACT5F151.jpg,1,1,0.9939146637916565
253,18,5,16,D:\Skripsi\Experiment\data\raw\RGB1\S18\AC5\RGB1_SUB18ACT5F16.jpg,1,1,0.998936116695404
254,18,5,31,D:\Skripsi\Experiment\data\raw\RGB1\S18\AC5\RGB1_SUB18ACT5F31.jpg,1,1,0.9975196719169617
255,18,5,46,D:\Skripsi\Experiment\data\raw\RGB1\S18\AC5\RGB1_SUB18ACT5F46.jpg,1,1,0.9850591421127319
256,18,5,61,D:\Skripsi\Experiment\data\raw\RGB1\S18\AC5\RGB1_SUB18ACT5F61.jpg,1,1,0.982759952545166
257,18,5,76,D:\Skripsi\Experiment\data\raw\RGB1\S18\AC5\RGB1_SUB18ACT5F76.jpg,1,1,0.9940845370292664
258,18,5,91,D:\Skripsi\Experiment\data\raw\RGB1\S18\AC5\RGB1_SUB18ACT5F91.jpg,1,1,0.9535282850265503
259,18,6,1,D:\Skripsi\Experiment\data\raw\RGB1\S18\AC6\RGB1_SUB18ACT6F1.jpg,1,1,0.9755259156227112
260,18,6,106,D:\Skripsi\Experiment\data\raw\RGB1\S18\AC6\RGB1_SUB18ACT6F106.jpg,1,1,0.9952718615531921
261,18,6,121,D:\Skripsi\Experiment\data\raw\RGB1\S18\AC6\RGB1_SUB18ACT6F121.jpg,1,1,0.9064958095550537
262,18,6,136,D:\Skripsi\Experiment\data\raw\RGB1\S18\AC6\RGB1_SUB18ACT6F136.jpg,1,1,0.9963153004646301
263,18,6,151,D:\Skripsi\Experiment\data\raw\RGB1\S18\AC6\RGB1_SUB18ACT6F151.jpg,1,1,0.9954730868339539
264,18,6,16,D:\Skripsi\Experiment\data\raw\RGB1\S18\AC6\RGB1_SUB18ACT6F16.jpg,1,1,0.943406343460083
265,18,6,31,D:\Skripsi\Experiment\data\raw\RGB1\S18\AC6\RGB1_SUB18ACT6F31.jpg,1,1,0.9795762300491333
266,18,6,46,D:\Skripsi\Experiment\data\raw\RGB1\S18\AC6\RGB1_SUB18ACT6F46.jpg,1,1,0.9881574511528015
267,18,6,61,D:\Skripsi\Experiment\data\raw\RGB1\S18\AC6\RGB1_SUB18ACT6F61.jpg,1,1,0.9812177419662476
268,18,6,76,D:\Skripsi\Experiment\data\raw\RGB1\S18\AC6\RGB1_SUB18ACT6F76.jpg,1,1,0.984562337398529
269,18,6,91,D:\Skripsi\Experiment\data\raw\RGB1\S18\AC6\RGB1_SUB18ACT6F91.jpg,1,1,0.9871582388877869
270,18,7,1,D:\Skripsi\Experiment\data\raw\RGB1\S18\AC7\RGB1_SUB18ACT7F1.jpg,1,1,0.9972579479217529
271,18,7,106,D:\Skripsi\Experiment\data\raw\RGB1\S18\AC7\RGB1_SUB18ACT7F106.jpg,1,1,0.9973077774047852
272,18,7,121,D:\Skripsi\Experiment\data\raw\RGB1\S18\AC7\RGB1_SUB18ACT7F121.jpg,1,1,0.9968615770339966
273,18,7,136,D:\Skripsi\Experiment\data\raw\RGB1\S18\AC7\RGB1_SUB18ACT7F136.jpg,1,1,0.9936671853065491
274,18,7,151,D:\Skripsi\Experiment\data\raw\RGB1\S18\AC7\RGB1_SUB18ACT7F151.jpg,1,1,0.9926712512969971
275,18,7,16,D:\Skripsi\Experiment\data\raw\RGB1\S18\AC7\RGB1_SUB18ACT7F16.jpg,1,1,0.971839427947998
276,18,7,166,D:\Skripsi\Experiment\data\raw\RGB1\S18\AC7\RGB1_SUB18ACT7F166.jpg,1,1,0.9969130754470825
277,18,7,181,D:\Skripsi\Experiment\data\raw\RGB1\S18\AC7\RGB1_SUB18ACT7F181.jpg,1,1,0.997116208076477
278,18,7,31,D:\Skripsi\Experiment\data\raw\RGB1\S18\AC7\RGB1_SUB18ACT7F31.jpg,1,1,0.9917467832565308
279,18,7,46,D:\Skripsi\Experiment\data\raw\RGB1\S18\AC7\RGB1_SUB18ACT7F46.jpg,1,1,0.9981600642204285
280,18,7,61,D:\Skripsi\Experiment\data\raw\RGB1\S18\AC7\RGB1_SUB18ACT7F61.jpg,1,1,0.9967812299728394
281,18,7,76,D:\Skripsi\Experiment\data\raw\RGB1\S18\AC7\RGB1_SUB18ACT7F76.jpg,1,1,0.9981525540351868
282,18,7,91,D:\Skripsi\Experiment\data\raw\RGB1\S18\AC7\RGB1_SUB18ACT7F91.jpg,1,1,0.9969965219497681
283,18,8,1,D:\Skripsi\Experiment\data\raw\RGB1\S18\AC8\RGB1_SUB18ACT8F1.jpg,1,1,0.9910963773727417
284,18,8,106,D:\Skripsi\Experiment\data\raw\RGB1\S18\AC8\RGB1_SUB18ACT8F106.jpg,1,1,0.9817318320274353
285,18,8,121,D:\Skripsi\Experiment\data\raw\RGB1\S18\AC8\RGB1_SUB18ACT8F121.jpg,1,1,0.9951556921005249
286,18,8,136,D:\Skripsi\Experiment\data\raw\RGB1\S18\AC8\RGB1_SUB18ACT8F136.jpg,1,1,0.971785843372345
287,18,8,151,D:\Skripsi\Experiment\data\raw\RGB1\S18\AC8\RGB1_SUB18ACT8F151.jpg,1,1,0.9937306642532349
288,18,8,16,D:\Skripsi\Experiment\data\raw\RGB1\S18\AC8\RGB1_SUB18ACT8F16.jpg,1,1,0.9821749329566956
289,18,8,166,D:\Skripsi\Experiment\data\raw\RGB1\S18\AC8\RGB1_SUB18ACT8F166.jpg,1,1,0.9870014190673828
290,18,8,181,D:\Skripsi\Experiment\data\raw\RGB1\S18\AC8\RGB1_SUB18ACT8F181.jpg,1,1,0.9612596035003662
291,18,8,196,D:\Skripsi\Experiment\data\raw\RGB1\S18\AC8\RGB1_SUB18ACT8F196.jpg,1,1,0.9991118311882019
292,18,8,211,D:\Skripsi\Experiment\data\raw\RGB1\S18\AC8\RGB1_SUB18ACT8F211.jpg,1,1,0.9968818426132202
293,18,8,31,D:\Skripsi\Experiment\data\raw\RGB1\S18\AC8\RGB1_SUB18ACT8F31.jpg,1,1,0.9986897110939026
294,18,8,46,D:\Skripsi\Experiment\data\raw\RGB1\S18\AC8\RGB1_SUB18ACT8F46.jpg,1,1,0.9936177730560303
295,18,8,61,D:\Skripsi\Experiment\data\raw\RGB1\S18\AC8\RGB1_SUB18ACT8F61.jpg,1,1,0.9897438883781433
296,18,8,76,D:\Skripsi\Experiment\data\raw\RGB1\S18\AC8\RGB1_SUB18ACT8F76.jpg,1,1,0.9696812629699707
297,18,8,91,D:\Skripsi\Experiment\data\raw\RGB1\S18\AC8\RGB1_SUB18ACT8F91.jpg,1,1,0.9517123699188232
298,18,9,1,D:\Skripsi\Experiment\data\raw\RGB1\S18\AC9\RGB1_SUB18ACT9F1.jpg,1,1,0.9899864792823792
299,18,9,106,D:\Skripsi\Experiment\data\raw\RGB1\S18\AC9\RGB1_SUB18ACT9F106.jpg,1,1,0.9964839220046997
300,18,9,121,D:\Skripsi\Experiment\data\raw\RGB1\S18\AC9\RGB1_SUB18ACT9F121.jpg,1,1,0.9328101873397827
301,18,9,136,D:\Skripsi\Experiment\data\raw\RGB1\S18\AC9\RGB1_SUB18ACT9F136.jpg,1,1,0.97639000415802
302,18,9,151,D:\Skripsi\Experiment\data\raw\RGB1\S18\AC9\RGB1_SUB18ACT9F151.jpg,1,1,0.9869067668914795
303,18,9,16,D:\Skripsi\Experiment\data\raw\RGB1\S18\AC9\RGB1_SUB18ACT9F16.jpg,1,1,0.978285551071167
304,18,9,31,D:\Skripsi\Experiment\data\raw\RGB1\S18\AC9\RGB1_SUB18ACT9F31.jpg,1,1,0.9965831637382507
305,18,9,46,D:\Skripsi\Experiment\data\raw\RGB1\S18\AC9\RGB1_SUB18ACT9F46.jpg,1,1,0.8937291502952576
306,18,9,61,D:\Skripsi\Experiment\data\raw\RGB1\S18\AC9\RGB1_SUB18ACT9F61.jpg,1,1,0.9902721047401428
307,18,9,76,D:\Skripsi\Experiment\data\raw\RGB1\S18\AC9\RGB1_SUB18ACT9F76.jpg,1,1,0.9677568078041077
308,18,9,91,D:\Skripsi\Experiment\data\raw\RGB1\S18\AC9\RGB1_SUB18ACT9F91.jpg,1,1,0.9706829190254211
309,19,1,1,D:\Skripsi\Experiment\data\raw\RGB1\S19\AC1\RGB1_SUB19ACT1F1.jpg,0,0,0.003754653735086322
310,19,1,106,D:\Skripsi\Experiment\data\raw\RGB1\S19\AC1\RGB1_SUB19ACT1F106.jpg,0,0,0.26838308572769165
311,19,1,121,D:\Skripsi\Experiment\data\raw\RGB1\S19\AC1\RGB1_SUB19ACT1F121.jpg,0,0,0.011499197222292423
312,19,1,16,D:\Skripsi\Experiment\data\raw\RGB1\S19\AC1\RGB1_SUB19ACT1F16.jpg,0,0,0.0006088916561566293
313,19,1,31,D:\Skripsi\Experiment\data\raw\RGB1\S19\AC1\RGB1_SUB19ACT1F31.jpg,0,0,0.0022543405648320913
314,19,1,46,D:\Skripsi\Experiment\data\raw\RGB1\S19\AC1\RGB1_SUB19ACT1F46.jpg,0,0,0.0005912150954827666
315,19,1,61,D:\Skripsi\Experiment\data\raw\RGB1\S19\AC1\RGB1_SUB19ACT1F61.jpg,0,0,0.0011713498970493674
316,19,1,76,D:\Skripsi\Experiment\data\raw\RGB1\S19\AC1\RGB1_SUB19ACT1F76.jpg,0,0,0.002279525389894843
317,19,1,91,D:\Skripsi\Experiment\data\raw\RGB1\S19\AC1\RGB1_SUB19ACT1F91.jpg,0,0,0.13191264867782593
318,19,5,1,D:\Skripsi\Experiment\data\raw\RGB1\S19\AC5\RGB1_SUB19ACT5F1.jpg,1,1,0.9893032312393188
319,19,5,106,D:\Skripsi\Experiment\data\raw\RGB1\S19\AC5\RGB1_SUB19ACT5F106.jpg,1,1,0.9898113012313843
320,19,5,16,D:\Skripsi\Experiment\data\raw\RGB1\S19\AC5\RGB1_SUB19ACT5F16.jpg,1,1,0.9891576766967773
321,19,5,31,D:\Skripsi\Experiment\data\raw\RGB1\S19\AC5\RGB1_SUB19ACT5F31.jpg,1,1,0.9747356176376343
322,19,5,46,D:\Skripsi\Experiment\data\raw\RGB1\S19\AC5\RGB1_SUB19ACT5F46.jpg,1,1,0.995871365070343
323,19,5,61,D:\Skripsi\Experiment\data\raw\RGB1\S19\AC5\RGB1_SUB19ACT5F61.jpg,1,1,0.9956355690956116
324,19,5,76,D:\Skripsi\Experiment\data\raw\RGB1\S19\AC5\RGB1_SUB19ACT5F76.jpg,1,1,0.9582093954086304
325,19,5,91,D:\Skripsi\Experiment\data\raw\RGB1\S19\AC5\RGB1_SUB19ACT5F91.jpg,1,1,0.9896871447563171
326,19,6,1,D:\Skripsi\Experiment\data\raw\RGB1\S19\AC6\RGB1_SUB19ACT6F1.jpg,1,1,0.9866248369216919
327,19,6,106,D:\Skripsi\Experiment\data\raw\RGB1\S19\AC6\RGB1_SUB19ACT6F106.jpg,1,1,0.9712130427360535
328,19,6,121,D:\Skripsi\Experiment\data\raw\RGB1\S19\AC6\RGB1_SUB19ACT6F121.jpg,1,1,0.9930490255355835
329,19,6,16,D:\Skripsi\Experiment\data\raw\RGB1\S19\AC6\RGB1_SUB19ACT6F16.jpg,1,1,0.9965530633926392
330,19,6,31,D:\Skripsi\Experiment\data\raw\RGB1\S19\AC6\RGB1_SUB19ACT6F31.jpg,1,1,0.983023464679718
331,19,6,46,D:\Skripsi\Experiment\data\raw\RGB1\S19\AC6\RGB1_SUB19ACT6F46.jpg,1,1,0.9790548086166382
332,19,6,61,D:\Skripsi\Experiment\data\raw\RGB1\S19\AC6\RGB1_SUB19ACT6F61.jpg,1,1,0.9927060008049011
333,19,6,76,D:\Skripsi\Experiment\data\raw\RGB1\S19\AC6\RGB1_SUB19ACT6F76.jpg,1,1,0.933464527130127
334,19,6,91,D:\Skripsi\Experiment\data\raw\RGB1\S19\AC6\RGB1_SUB19ACT6F91.jpg,1,1,0.9793305993080139
335,19,7,1,D:\Skripsi\Experiment\data\raw\RGB1\S19\AC7\RGB1_SUB19ACT7F1.jpg,1,1,0.9441279768943787
336,19,7,106,D:\Skripsi\Experiment\data\raw\RGB1\S19\AC7\RGB1_SUB19ACT7F106.jpg,1,1,0.9695879220962524
337,19,7,121,D:\Skripsi\Experiment\data\raw\RGB1\S19\AC7\RGB1_SUB19ACT7F121.jpg,1,1,0.9856708645820618
338,19,7,136,D:\Skripsi\Experiment\data\raw\RGB1\S19\AC7\RGB1_SUB19ACT7F136.jpg,1,1,0.9240820407867432
339,19,7,16,D:\Skripsi\Experiment\data\raw\RGB1\S19\AC7\RGB1_SUB19ACT7F16.jpg,1,1,0.9828181266784668
340,19,7,31,D:\Skripsi\Experiment\data\raw\RGB1\S19\AC7\RGB1_SUB19ACT7F31.jpg,1,1,0.9933367967605591
341,19,7,46,D:\Skripsi\Experiment\data\raw\RGB1\S19\AC7\RGB1_SUB19ACT7F46.jpg,1,1,0.9920696020126343
342,19,7,61,D:\Skripsi\Experiment\data\raw\RGB1\S19\AC7\RGB1_SUB19ACT7F61.jpg,1,1,0.8998367786407471
343,19,7,76,D:\Skripsi\Experiment\data\raw\RGB1\S19\AC7\RGB1_SUB19ACT7F76.jpg,1,1,0.9481134414672852
344,19,7,91,D:\Skripsi\Experiment\data\raw\RGB1\S19\AC7\RGB1_SUB19ACT7F91.jpg,1,1,0.9731868505477905
345,19,8,1,D:\Skripsi\Experiment\data\raw\RGB1\S19\AC8\RGB1_SUB19ACT8F1.jpg,1,1,0.9757180213928223
346,19,8,106,D:\Skripsi\Experiment\data\raw\RGB1\S19\AC8\RGB1_SUB19ACT8F106.jpg,1,1,0.980911135673523
347,19,8,121,D:\Skripsi\Experiment\data\raw\RGB1\S19\AC8\RGB1_SUB19ACT8F121.jpg,1,1,0.9180699586868286
348,19,8,136,D:\Skripsi\Experiment\data\raw\RGB1\S19\AC8\RGB1_SUB19ACT8F136.jpg,1,1,0.9329065680503845
349,19,8,151,D:\Skripsi\Experiment\data\raw\RGB1\S19\AC8\RGB1_SUB19ACT8F151.jpg,1,1,0.9826486110687256
350,19,8,16,D:\Skripsi\Experiment\data\raw\RGB1\S19\AC8\RGB1_SUB19ACT8F16.jpg,1,1,0.9888344407081604
351,19,8,31,D:\Skripsi\Experiment\data\raw\RGB1\S19\AC8\RGB1_SUB19ACT8F31.jpg,1,1,0.9884307384490967
352,19,8,46,D:\Skripsi\Experiment\data\raw\RGB1\S19\AC8\RGB1_SUB19ACT8F46.jpg,1,1,0.9315944314002991
353,19,8,61,D:\Skripsi\Experiment\data\raw\RGB1\S19\AC8\RGB1_SUB19ACT8F61.jpg,1,1,0.9736942648887634
354,19,8,76,D:\Skripsi\Experiment\data\raw\RGB1\S19\AC8\RGB1_SUB19ACT8F76.jpg,1,1,0.9735984802246094
355,19,8,91,D:\Skripsi\Experiment\data\raw\RGB1\S19\AC8\RGB1_SUB19ACT8F91.jpg,1,1,0.9732602834701538
356,19,9,1,D:\Skripsi\Experiment\data\raw\RGB1\S19\AC9\RGB1_SUB19ACT9F1.jpg,1,1,0.5397794246673584
357,19,9,16,D:\Skripsi\Experiment\data\raw\RGB1\S19\AC9\RGB1_SUB19ACT9F16.jpg,1,1,0.9726391434669495
358,19,9,31,D:\Skripsi\Experiment\data\raw\RGB1\S19\AC9\RGB1_SUB19ACT9F31.jpg,1,1,0.9651380181312561
359,19,9,46,D:\Skripsi\Experiment\data\raw\RGB1\S19\AC9\RGB1_SUB19ACT9F46.jpg,1,1,0.9331514835357666
360,19,9,61,D:\Skripsi\Experiment\data\raw\RGB1\S19\AC9\RGB1_SUB19ACT9F61.jpg,1,1,0.9676207304000854
361,19,9,76,D:\Skripsi\Experiment\data\raw\RGB1\S19\AC9\RGB1_SUB19ACT9F76.jpg,1,1,0.9825332164764404
362,19,9,91,D:\Skripsi\Experiment\data\raw\RGB1\S19\AC9\RGB1_SUB19ACT9F91.jpg,1,1,0.9518702626228333
363,23,1,1,D:\Skripsi\Experiment\data\raw\RGB1\S23\AC1\RGB1_SUB23ACT1F1.jpg,0,0,0.0005294762086123228
364,23,1,106,D:\Skripsi\Experiment\data\raw\RGB1\S23\AC1\RGB1_SUB23ACT1F106.jpg,0,0,0.00108576740603894
365,23,1,121,D:\Skripsi\Experiment\data\raw\RGB1\S23\AC1\RGB1_SUB23ACT1F121.jpg,0,0,0.0017637601122260094
366,23,1,136,D:\Skripsi\Experiment\data\raw\RGB1\S23\AC1\RGB1_SUB23ACT1F136.jpg,0,0,0.005098720081150532
367,23,1,16,D:\Skripsi\Experiment\data\raw\RGB1\S23\AC1\RGB1_SUB23ACT1F16.jpg,0,0,0.0002530014608055353
368,23,1,31,D:\Skripsi\Experiment\data\raw\RGB1\S23\AC1\RGB1_SUB23ACT1F31.jpg,0,0,9.728595614433289e-05
369,23,1,46,D:\Skripsi\Experiment\data\raw\RGB1\S23\AC1\RGB1_SUB23ACT1F46.jpg,0,0,0.00045648994273506105
370,23,1,61,D:\Skripsi\Experiment\data\raw\RGB1\S23\AC1\RGB1_SUB23ACT1F61.jpg,0,0,0.001178406411781907
371,23,1,76,D:\Skripsi\Experiment\data\raw\RGB1\S23\AC1\RGB1_SUB23ACT1F76.jpg,0,0,0.00018595093570183963
372,23,1,91,D:\Skripsi\Experiment\data\raw\RGB1\S23\AC1\RGB1_SUB23ACT1F91.jpg,0,0,0.0005165555630810559
373,23,5,1,D:\Skripsi\Experiment\data\raw\RGB1\S23\AC5\RGB1_SUB23ACT5F1.jpg,1,1,0.9912577867507935
374,23,5,106,D:\Skripsi\Experiment\data\raw\RGB1\S23\AC5\RGB1_SUB23ACT5F106.jpg,1,1,0.9901131391525269
375,23,5,121,D:\Skripsi\Experiment\data\raw\RGB1\S23\AC5\RGB1_SUB23ACT5F121.jpg,1,1,0.9870373010635376
376,23,5,136,D:\Skripsi\Experiment\data\raw\RGB1\S23\AC5\RGB1_SUB23ACT5F136.jpg,1,1,0.778420627117157
377,23,5,16,D:\Skripsi\Experiment\data\raw\RGB1\S23\AC5\RGB1_SUB23ACT5F16.jpg,1,1,0.9884353876113892
378,23,5,31,D:\Skripsi\Experiment\data\raw\RGB1\S23\AC5\RGB1_SUB23ACT5F31.jpg,1,1,0.9895268678665161
379,23,5,46,D:\Skripsi\Experiment\data\raw\RGB1\S23\AC5\RGB1_SUB23ACT5F46.jpg,1,1,0.9930397272109985
380,23,5,61,D:\Skripsi\Experiment\data\raw\RGB1\S23\AC5\RGB1_SUB23ACT5F61.jpg,1,1,0.9713879227638245
381,23,5,76,D:\Skripsi\Experiment\data\raw\RGB1\S23\AC5\RGB1_SUB23ACT5F76.jpg,1,1,0.9930209517478943
382,23,5,91,D:\Skripsi\Experiment\data\raw\RGB1\S23\AC5\RGB1_SUB23ACT5F91.jpg,1,1,0.9963057041168213
383,23,6,1,D:\Skripsi\Experiment\data\raw\RGB1\S23\AC6\RGB1_SUB23ACT6F1.jpg,1,1,0.9979998469352722
384,23,6,106,D:\Skripsi\Experiment\data\raw\RGB1\S23\AC6\RGB1_SUB23ACT6F106.jpg,1,1,0.983807384967804
385,23,6,121,D:\Skripsi\Experiment\data\raw\RGB1\S23\AC6\RGB1_SUB23ACT6F121.jpg,1,1,0.9799994230270386
386,23,6,16,D:\Skripsi\Experiment\data\raw\RGB1\S23\AC6\RGB1_SUB23ACT6F16.jpg,1,1,0.999382495880127
387,23,6,31,D:\Skripsi\Experiment\data\raw\RGB1\S23\AC6\RGB1_SUB23ACT6F31.jpg,1,1,0.9981282353401184
388,23,6,46,D:\Skripsi\Experiment\data\raw\RGB1\S23\AC6\RGB1_SUB23ACT6F46.jpg,1,1,0.9957008957862854
389,23,6,61,D:\Skripsi\Experiment\data\raw\RGB1\S23\AC6\RGB1_SUB23ACT6F61.jpg,1,1,0.9984935522079468
390,23,6,76,D:\Skripsi\Experiment\data\raw\RGB1\S23\AC6\RGB1_SUB23ACT6F76.jpg,1,1,0.9981042146682739
391,23,6,91,D:\Skripsi\Experiment\data\raw\RGB1\S23\AC6\RGB1_SUB23ACT6F91.jpg,1,1,0.9898063540458679
392,23,7,1,D:\Skripsi\Experiment\data\raw\RGB1\S23\AC7\RGB1_SUB23ACT7F1.jpg,1,1,0.994683563709259
393,23,7,106,D:\Skripsi\Experiment\data\raw\RGB1\S23\AC7\RGB1_SUB23ACT7F106.jpg,1,1,0.9984238147735596
394,23,7,121,D:\Skripsi\Experiment\data\raw\RGB1\S23\AC7\RGB1_SUB23ACT7F121.jpg,1,1,0.9899075031280518
395,23,7,136,D:\Skripsi\Experiment\data\raw\RGB1\S23\AC7\RGB1_SUB23ACT7F136.jpg,1,1,0.9925358295440674
396,23,7,16,D:\Skripsi\Experiment\data\raw\RGB1\S23\AC7\RGB1_SUB23ACT7F16.jpg,1,1,0.997725784778595
397,23,7,31,D:\Skripsi\Experiment\data\raw\RGB1\S23\AC7\RGB1_SUB23ACT7F31.jpg,1,1,0.9991844296455383
398,23,7,46,D:\Skripsi\Experiment\data\raw\RGB1\S23\AC7\RGB1_SUB23ACT7F46.jpg,1,1,0.9985228180885315
399,23,7,61,D:\Skripsi\Experiment\data\raw\RGB1\S23\AC7\RGB1_SUB23ACT7F61.jpg,1,1,0.9992617964744568
400,23,7,76,D:\Skripsi\Experiment\data\raw\RGB1\S23\AC7\RGB1_SUB23ACT7F76.jpg,1,1,0.9980118274688721
401,23,7,91,D:\Skripsi\Experiment\data\raw\RGB1\S23\AC7\RGB1_SUB23ACT7F91.jpg,1,1,0.9970554113388062
402,23,8,1,D:\Skripsi\Experiment\data\raw\RGB1\S23\AC8\RGB1_SUB23ACT8F1.jpg,1,1,0.9835018515586853
403,23,8,106,D:\Skripsi\Experiment\data\raw\RGB1\S23\AC8\RGB1_SUB23ACT8F106.jpg,1,1,0.9924910664558411
404,23,8,121,D:\Skripsi\Experiment\data\raw\RGB1\S23\AC8\RGB1_SUB23ACT8F121.jpg,1,1,0.9951915740966797
405,23,8,136,D:\Skripsi\Experiment\data\raw\RGB1\S23\AC8\RGB1_SUB23ACT8F136.jpg,1,1,0.9909262657165527
406,23,8,16,D:\Skripsi\Experiment\data\raw\RGB1\S23\AC8\RGB1_SUB23ACT8F16.jpg,1,1,0.9944230914115906
407,23,8,31,D:\Skripsi\Experiment\data\raw\RGB1\S23\AC8\RGB1_SUB23ACT8F31.jpg,1,1,0.997516393661499
408,23,8,46,D:\Skripsi\Experiment\data\raw\RGB1\S23\AC8\RGB1_SUB23ACT8F46.jpg,1,1,0.9984586238861084
409,23,8,61,D:\Skripsi\Experiment\data\raw\RGB1\S23\AC8\RGB1_SUB23ACT8F61.jpg,1,1,0.9934148788452148
410,23,8,76,D:\Skripsi\Experiment\data\raw\RGB1\S23\AC8\RGB1_SUB23ACT8F76.jpg,1,1,0.9955819249153137
411,23,8,91,D:\Skripsi\Experiment\data\raw\RGB1\S23\AC8\RGB1_SUB23ACT8F91.jpg,1,1,0.9972779154777527
412,23,9,1,D:\Skripsi\Experiment\data\raw\RGB1\S23\AC9\RGB1_SUB23ACT9F1.jpg,1,1,0.9790650606155396
413,23,9,106,D:\Skripsi\Experiment\data\raw\RGB1\S23\AC9\RGB1_SUB23ACT9F106.jpg,1,1,0.892039954662323
414,23,9,121,D:\Skripsi\Experiment\data\raw\RGB1\S23\AC9\RGB1_SUB23ACT9F121.jpg,1,1,0.9961956739425659
415,23,9,136,D:\Skripsi\Experiment\data\raw\RGB1\S23\AC9\RGB1_SUB23ACT9F136.jpg,1,1,0.9966291785240173
416,23,9,16,D:\Skripsi\Experiment\data\raw\RGB1\S23\AC9\RGB1_SUB23ACT9F16.jpg,1,1,0.9952579140663147
417,23,9,31,D:\Skripsi\Experiment\data\raw\RGB1\S23\AC9\RGB1_SUB23ACT9F31.jpg,1,1,0.973214864730835
418,23,9,46,D:\Skripsi\Experiment\data\raw\RGB1\S23\AC9\RGB1_SUB23ACT9F46.jpg,1,1,0.9606031179428101
419,23,9,61,D:\Skripsi\Experiment\data\raw\RGB1\S23\AC9\RGB1_SUB23ACT9F61.jpg,1,1,0.990352213382721
420,23,9,76,D:\Skripsi\Experiment\data\raw\RGB1\S23\AC9\RGB1_SUB23ACT9F76.jpg,1,1,0.9562491774559021
421,23,9,91,D:\Skripsi\Experiment\data\raw\RGB1\S23\AC9\RGB1_SUB23ACT9F91.jpg,1,1,0.9926119446754456
422,24,1,1,D:\Skripsi\Experiment\data\raw\RGB1\S24\AC1\RGB1_SUB24ACT1F1.jpg,0,0,0.003189302748069167
423,24,1,106,D:\Skripsi\Experiment\data\raw\RGB1\S24\AC1\RGB1_SUB24ACT1F106.jpg,0,0,0.00013578659854829311
424,24,1,16,D:\Skripsi\Experiment\data\raw\RGB1\S24\AC1\RGB1_SUB24ACT1F16.jpg,0,0,0.000351903960108757
425,24,1,31,D:\Skripsi\Experiment\data\raw\RGB1\S24\AC1\RGB1_SUB24ACT1F31.jpg,0,0,6.48800705675967e-05
426,24,1,46,D:\Skripsi\Experiment\data\raw\RGB1\S24\AC1\RGB1_SUB24ACT1F46.jpg,0,0,3.135116639896296e-05
427,24,1,61,D:\Skripsi\Experiment\data\raw\RGB1\S24\AC1\RGB1_SUB24ACT1F61.jpg,0,0,0.0015668098349124193
428,24,1,76,D:\Skripsi\Experiment\data\raw\RGB1\S24\AC1\RGB1_SUB24ACT1F76.jpg,0,0,0.013515012338757515
429,24,1,91,D:\Skripsi\Experiment\data\raw\RGB1\S24\AC1\RGB1_SUB24ACT1F91.jpg,0,0,0.08012280613183975
430,24,5,1,D:\Skripsi\Experiment\data\raw\RGB1\S24\AC5\RGB1_SUB24ACT5F1.jpg,1,1,0.9965887069702148
431,24,5,106,D:\Skripsi\Experiment\data\raw\RGB1\S24\AC5\RGB1_SUB24ACT5F106.jpg,1,1,0.9907484650611877
432,24,5,16,D:\Skripsi\Experiment\data\raw\RGB1\S24\AC5\RGB1_SUB24ACT5F16.jpg,1,1,0.9859480857849121
433,24,5,31,D:\Skripsi\Experiment\data\raw\RGB1\S24\AC5\RGB1_SUB24ACT5F31.jpg,1,1,0.9411489963531494
434,24,5,46,D:\Skripsi\Experiment\data\raw\RGB1\S24\AC5\RGB1_SUB24ACT5F46.jpg,1,1,0.9813705086708069
435,24,5,61,D:\Skripsi\Experiment\data\raw\RGB1\S24\AC5\RGB1_SUB24ACT5F61.jpg,1,1,0.9289973378181458
436,24,5,76,D:\Skripsi\Experiment\data\raw\RGB1\S24\AC5\RGB1_SUB24ACT5F76.jpg,1,1,0.9922744631767273
437,24,5,91,D:\Skripsi\Experiment\data\raw\RGB1\S24\AC5\RGB1_SUB24ACT5F91.jpg,1,1,0.9914535284042358
438,24,6,1,D:\Skripsi\Experiment\data\raw\RGB1\S24\AC6\RGB1_SUB24ACT6F1.jpg,1,1,0.9973799586296082
439,24,6,16,D:\Skripsi\Experiment\data\raw\RGB1\S24\AC6\RGB1_SUB24ACT6F16.jpg,1,1,0.9981972575187683
440,24,6,31,D:\Skripsi\Experiment\data\raw\RGB1\S24\AC6\RGB1_SUB24ACT6F31.jpg,1,1,0.996075451374054
441,24,6,46,D:\Skripsi\Experiment\data\raw\RGB1\S24\AC6\RGB1_SUB24ACT6F46.jpg,1,1,0.9956563711166382
442,24,6,61,D:\Skripsi\Experiment\data\raw\RGB1\S24\AC6\RGB1_SUB24ACT6F61.jpg,1,1,0.9978148937225342
443,24,6,76,D:\Skripsi\Experiment\data\raw\RGB1\S24\AC6\RGB1_SUB24ACT6F76.jpg,1,1,0.9969547986984253
444,24,6,91,D:\Skripsi\Experiment\data\raw\RGB1\S24\AC6\RGB1_SUB24ACT6F91.jpg,1,1,0.9926093220710754
445,24,7,1,D:\Skripsi\Experiment\data\raw\RGB1\S24\AC7\RGB1_SUB24ACT7F1.jpg,1,1,0.9969367980957031
446,24,7,106,D:\Skripsi\Experiment\data\raw\RGB1\S24\AC7\RGB1_SUB24ACT7F106.jpg,1,1,0.9957400560379028
447,24,7,121,D:\Skripsi\Experiment\data\raw\RGB1\S24\AC7\RGB1_SUB24ACT7F121.jpg,1,1,0.9957180619239807
448,24,7,136,D:\Skripsi\Experiment\data\raw\RGB1\S24\AC7\RGB1_SUB24ACT7F136.jpg,1,1,0.9943749904632568
449,24,7,151,D:\Skripsi\Experiment\data\raw\RGB1\S24\AC7\RGB1_SUB24ACT7F151.jpg,1,1,0.9977725148200989
450,24,7,16,D:\Skripsi\Experiment\data\raw\RGB1\S24\AC7\RGB1_SUB24ACT7F16.jpg,1,1,0.9693580269813538
451,24,7,31,D:\Skripsi\Experiment\data\raw\RGB1\S24\AC7\RGB1_SUB24ACT7F31.jpg,1,1,0.999405026435852
452,24,7,46,D:\Skripsi\Experiment\data\raw\RGB1\S24\AC7\RGB1_SUB24ACT7F46.jpg,1,1,0.9736539125442505
453,24,7,61,D:\Skripsi\Experiment\data\raw\RGB1\S24\AC7\RGB1_SUB24ACT7F61.jpg,1,1,0.9967917799949646
454,24,7,76,D:\Skripsi\Experiment\data\raw\RGB1\S24\AC7\RGB1_SUB24ACT7F76.jpg,1,1,0.9920525550842285
455,24,7,91,D:\Skripsi\Experiment\data\raw\RGB1\S24\AC7\RGB1_SUB24ACT7F91.jpg,1,1,0.9846264719963074
456,24,8,1,D:\Skripsi\Experiment\data\raw\RGB1\S24\AC8\RGB1_SUB24ACT8F1.jpg,1,1,0.9937703013420105
457,24,8,106,D:\Skripsi\Experiment\data\raw\RGB1\S24\AC8\RGB1_SUB24ACT8F106.jpg,1,1,0.9954776167869568
458,24,8,121,D:\Skripsi\Experiment\data\raw\RGB1\S24\AC8\RGB1_SUB24ACT8F121.jpg,1,1,0.9832326769828796
459,24,8,136,D:\Skripsi\Experiment\data\raw\RGB1\S24\AC8\RGB1_SUB24ACT8F136.jpg,1,1,0.9884493947029114
460,24,8,151,D:\Skripsi\Experiment\data\raw\RGB1\S24\AC8\RGB1_SUB24ACT8F151.jpg,1,1,0.9936085939407349
461,24,8,16,D:\Skripsi\Experiment\data\raw\RGB1\S24\AC8\RGB1_SUB24ACT8F16.jpg,1,1,0.9792203903198242
462,24,8,31,D:\Skripsi\Experiment\data\raw\RGB1\S24\AC8\RGB1_SUB24ACT8F31.jpg,1,1,0.9946744441986084
463,24,8,46,D:\Skripsi\Experiment\data\raw\RGB1\S24\AC8\RGB1_SUB24ACT8F46.jpg,1,1,0.9634556770324707
464,24,8,61,D:\Skripsi\Experiment\data\raw\RGB1\S24\AC8\RGB1_SUB24ACT8F61.jpg,1,1,0.991388738155365
465,24,8,76,D:\Skripsi\Experiment\data\raw\RGB1\S24\AC8\RGB1_SUB24ACT8F76.jpg,1,1,0.9826207756996155
466,24,8,91,D:\Skripsi\Experiment\data\raw\RGB1\S24\AC8\RGB1_SUB24ACT8F91.jpg,1,1,0.9849756360054016
467,24,9,1,D:\Skripsi\Experiment\data\raw\RGB1\S24\AC9\RGB1_SUB24ACT9F1.jpg,1,1,0.9884980320930481
468,24,9,106,D:\Skripsi\Experiment\data\raw\RGB1\S24\AC9\RGB1_SUB24ACT9F106.jpg,1,1,0.983934223651886
469,24,9,121,D:\Skripsi\Experiment\data\raw\RGB1\S24\AC9\RGB1_SUB24ACT9F121.jpg,1,1,0.9731343388557434
470,24,9,136,D:\Skripsi\Experiment\data\raw\RGB1\S24\AC9\RGB1_SUB24ACT9F136.jpg,1,1,0.9435246586799622
471,24,9,16,D:\Skripsi\Experiment\data\raw\RGB1\S24\AC9\RGB1_SUB24ACT9F16.jpg,1,1,0.974555492401123
472,24,9,31,D:\Skripsi\Experiment\data\raw\RGB1\S24\AC9\RGB1_SUB24ACT9F31.jpg,1,1,0.934687077999115
473,24,9,46,D:\Skripsi\Experiment\data\raw\RGB1\S24\AC9\RGB1_SUB24ACT9F46.jpg,1,1,0.9824590682983398
474,24,9,61,D:\Skripsi\Experiment\data\raw\RGB1\S24\AC9\RGB1_SUB24ACT9F61.jpg,1,1,0.8997144103050232
475,24,9,76,D:\Skripsi\Experiment\data\raw\RGB1\S24\AC9\RGB1_SUB24ACT9F76.jpg,1,1,0.9673818349838257
476,24,9,91,D:\Skripsi\Experiment\data\raw\RGB1\S24\AC9\RGB1_SUB24ACT9F91.jpg,1,1,0.9897496104240417
477,25,1,1,D:\Skripsi\Experiment\data\raw\RGB1\S25\AC1\RGB1_SUB25ACT1F1.jpg,0,0,0.0006790175684727728
478,25,1,106,D:\Skripsi\Experiment\data\raw\RGB1\S25\AC1\RGB1_SUB25ACT1F106.jpg,0,0,0.03226910158991814
479,25,1,121,D:\Skripsi\Experiment\data\raw\RGB1\S25\AC1\RGB1_SUB25ACT1F121.jpg,0,0,0.012959074229001999
480,25,1,136,D:\Skripsi\Experiment\data\raw\RGB1\S25\AC1\RGB1_SUB25ACT1F136.jpg,0,0,0.004237317945808172
481,25,1,16,D:\Skripsi\Experiment\data\raw\RGB1\S25\AC1\RGB1_SUB25ACT1F16.jpg,0,0,0.010816683992743492
482,25,1,31,D:\Skripsi\Experiment\data\raw\RGB1\S25\AC1\RGB1_SUB25ACT1F31.jpg,0,0,0.009674355387687683
483,25,1,46,D:\Skripsi\Experiment\data\raw\RGB1\S25\AC1\RGB1_SUB25ACT1F46.jpg,0,0,0.03239085152745247
484,25,1,61,D:\Skripsi\Experiment\data\raw\RGB1\S25\AC1\RGB1_SUB25ACT1F61.jpg,0,0,0.004747910425066948
485,25,1,76,D:\Skripsi\Experiment\data\raw\RGB1\S25\AC1\RGB1_SUB25ACT1F76.jpg,0,0,0.012949878349900246
486,25,1,91,D:\Skripsi\Experiment\data\raw\RGB1\S25\AC1\RGB1_SUB25ACT1F91.jpg,0,0,0.011572306044399738
487,25,5,1,D:\Skripsi\Experiment\data\raw\RGB1\S25\AC5\RGB1_SUB25ACT5F1.jpg,1,1,0.9857854247093201
488,25,5,106,D:\Skripsi\Experiment\data\raw\RGB1\S25\AC5\RGB1_SUB25ACT5F106.jpg,1,1,0.9821282625198364
489,25,5,121,D:\Skripsi\Experiment\data\raw\RGB1\S25\AC5\RGB1_SUB25ACT5F121.jpg,1,1,0.9515326619148254
490,25,5,136,D:\Skripsi\Experiment\data\raw\RGB1\S25\AC5\RGB1_SUB25ACT5F136.jpg,1,1,0.9839169383049011
491,25,5,16,D:\Skripsi\Experiment\data\raw\RGB1\S25\AC5\RGB1_SUB25ACT5F16.jpg,1,1,0.9959800243377686
492,25,5,31,D:\Skripsi\Experiment\data\raw\RGB1\S25\AC5\RGB1_SUB25ACT5F31.jpg,1,1,0.9897143244743347
493,25,5,46,D:\Skripsi\Experiment\data\raw\RGB1\S25\AC5\RGB1_SUB25ACT5F46.jpg,1,1,0.9651660919189453
494,25,5,61,D:\Skripsi\Experiment\data\raw\RGB1\S25\AC5\RGB1_SUB25ACT5F61.jpg,1,1,0.9948185086250305
495,25,5,76,D:\Skripsi\Experiment\data\raw\RGB1\S25\AC5\RGB1_SUB25ACT5F76.jpg,1,1,0.9483169913291931
496,25,5,91,D:\Skripsi\Experiment\data\raw\RGB1\S25\AC5\RGB1_SUB25ACT5F91.jpg,1,1,0.9616206288337708
497,25,6,1,D:\Skripsi\Experiment\data\raw\RGB1\S25\AC6\RGB1_SUB25ACT6F1.jpg,1,1,0.9975346326828003
498,25,6,16,D:\Skripsi\Experiment\data\raw\RGB1\S25\AC6\RGB1_SUB25ACT6F16.jpg,1,1,0.9960632920265198
499,25,6,31,D:\Skripsi\Experiment\data\raw\RGB1\S25\AC6\RGB1_SUB25ACT6F31.jpg,1,1,0.9672479629516602
500,25,6,46,D:\Skripsi\Experiment\data\raw\RGB1\S25\AC6\RGB1_SUB25ACT6F46.jpg,1,1,0.9837368130683899
501,25,6,61,D:\Skripsi\Experiment\data\raw\RGB1\S25\AC6\RGB1_SUB25ACT6F61.jpg,1,1,0.9986634254455566
502,25,6,76,D:\Skripsi\Experiment\data\raw\RGB1\S25\AC6\RGB1_SUB25ACT6F76.jpg,1,1,0.9907507300376892
503,25,6,91,D:\Skripsi\Experiment\data\raw\RGB1\S25\AC6\RGB1_SUB25ACT6F91.jpg,1,1,0.967435359954834
504,25,7,1,D:\Skripsi\Experiment\data\raw\RGB1\S25\AC7\RGB1_SUB25ACT7F1.jpg,1,1,0.9324493408203125
505,25,7,16,D:\Skripsi\Experiment\data\raw\RGB1\S25\AC7\RGB1_SUB25ACT7F16.jpg,1,1,0.9892076849937439
506,25,7,31,D:\Skripsi\Experiment\data\raw\RGB1\S25\AC7\RGB1_SUB25ACT7F31.jpg,1,1,0.9946368336677551
507,25,7,46,D:\Skripsi\Experiment\data\raw\RGB1\S25\AC7\RGB1_SUB25ACT7F46.jpg,1,1,0.9790046215057373
508,25,7,61,D:\Skripsi\Experiment\data\raw\RGB1\S25\AC7\RGB1_SUB25ACT7F61.jpg,1,1,0.9737170934677124
509,25,7,76,D:\Skripsi\Experiment\data\raw\RGB1\S25\AC7\RGB1_SUB25ACT7F76.jpg,1,1,0.9913827776908875
510,25,8,1,D:\Skripsi\Experiment\data\raw\RGB1\S25\AC8\RGB1_SUB25ACT8F1.jpg,1,1,0.9926857948303223
511,25,8,106,D:\Skripsi\Experiment\data\raw\RGB1\S25\AC8\RGB1_SUB25ACT8F106.jpg,1,1,0.9538549780845642
512,25,8,16,D:\Skripsi\Experiment\data\raw\RGB1\S25\AC8\RGB1_SUB25ACT8F16.jpg,1,1,0.971825122833252
513,25,8,31,D:\Skripsi\Experiment\data\raw\RGB1\S25\AC8\RGB1_SUB25ACT8F31.jpg,1,1,0.9904736876487732
514,25,8,46,D:\Skripsi\Experiment\data\raw\RGB1\S25\AC8\RGB1_SUB25ACT8F46.jpg,1,1,0.9957279562950134
515,25,8,61,D:\Skripsi\Experiment\data\raw\RGB1\S25\AC8\RGB1_SUB25ACT8F61.jpg,1,1,0.9917023777961731
516,25,8,76,D:\Skripsi\Experiment\data\raw\RGB1\S25\AC8\RGB1_SUB25ACT8F76.jpg,1,1,0.997257649898529
517,25,8,91,D:\Skripsi\Experiment\data\raw\RGB1\S25\AC8\RGB1_SUB25ACT8F91.jpg,1,1,0.9704585671424866
518,25,9,1,D:\Skripsi\Experiment\data\raw\RGB1\S25\AC9\RGB1_SUB25ACT9F1.jpg,1,1,0.982272744178772
519,25,9,16,D:\Skripsi\Experiment\data\raw\RGB1\S25\AC9\RGB1_SUB25ACT9F16.jpg,1,1,0.9845974445343018
520,25,9,31,D:\Skripsi\Experiment\data\raw\RGB1\S25\AC9\RGB1_SUB25ACT9F31.jpg,1,1,0.9821935892105103
521,25,9,46,D:\Skripsi\Experiment\data\raw\RGB1\S25\AC9\RGB1_SUB25ACT9F46.jpg,1,1,0.9731282591819763
522,25,9,61,D:\Skripsi\Experiment\data\raw\RGB1\S25\AC9\RGB1_SUB25ACT9F61.jpg,1,1,0.8425762057304382
523,25,9,76,D:\Skripsi\Experiment\data\raw\RGB1\S25\AC9\RGB1_SUB25ACT9F76.jpg,1,1,0.9721998572349548
524,26,1,1,D:\Skripsi\Experiment\data\raw\RGB1\S26\AC1\RGB1_SUB26ACT1F1.jpg,0,0,0.002097540069371462
525,26,1,106,D:\Skripsi\Experiment\data\raw\RGB1\S26\AC1\RGB1_SUB26ACT1F106.jpg,0,0,0.0010748852510005236
526,26,1,16,D:\Skripsi\Experiment\data\raw\RGB1\S26\AC1\RGB1_SUB26ACT1F16.jpg,0,0,0.004001916386187077
527,26,1,31,D:\Skripsi\Experiment\data\raw\RGB1\S26\AC1\RGB1_SUB26ACT1F31.jpg,0,0,0.0037491857074201107
528,26,1,46,D:\Skripsi\Experiment\data\raw\RGB1\S26\AC1\RGB1_SUB26ACT1F46.jpg,0,0,0.0381905697286129
529,26,1,61,D:\Skripsi\Experiment\data\raw\RGB1\S26\AC1\RGB1_SUB26ACT1F61.jpg,0,0,0.002473580650985241
530,26,1,76,D:\Skripsi\Experiment\data\raw\RGB1\S26\AC1\RGB1_SUB26ACT1F76.jpg,0,0,0.0006171038839966059
531,26,1,91,D:\Skripsi\Experiment\data\raw\RGB1\S26\AC1\RGB1_SUB26ACT1F91.jpg,0,0,0.005468667950481176
532,26,5,1,D:\Skripsi\Experiment\data\raw\RGB1\S26\AC5\RGB1_SUB26ACT5F1.jpg,1,1,0.9761788249015808
533,26,5,16,D:\Skripsi\Experiment\data\raw\RGB1\S26\AC5\RGB1_SUB26ACT5F16.jpg,1,1,0.9961909055709839
534,26,5,31,D:\Skripsi\Experiment\data\raw\RGB1\S26\AC5\RGB1_SUB26ACT5F31.jpg,1,1,0.9900062680244446
535,26,5,46,D:\Skripsi\Experiment\data\raw\RGB1\S26\AC5\RGB1_SUB26ACT5F46.jpg,1,1,0.7723363041877747
536,26,5,61,D:\Skripsi\Experiment\data\raw\RGB1\S26\AC5\RGB1_SUB26ACT5F61.jpg,1,1,0.7508665919303894
537,26,5,76,D:\Skripsi\Experiment\data\raw\RGB1\S26\AC5\RGB1_SUB26ACT5F76.jpg,1,1,0.853020191192627
538,26,6,1,D:\Skripsi\Experiment\data\raw\RGB1\S26\AC6\RGB1_SUB26ACT6F1.jpg,1,1,0.992790699005127
539,26,6,16,D:\Skripsi\Experiment\data\raw\RGB1\S26\AC6\RGB1_SUB26ACT6F16.jpg,1,1,0.9985812902450562
540,26,6,31,D:\Skripsi\Experiment\data\raw\RGB1\S26\AC6\RGB1_SUB26ACT6F31.jpg,1,1,0.997867226600647
541,26,6,46,D:\Skripsi\Experiment\data\raw\RGB1\S26\AC6\RGB1_SUB26ACT6F46.jpg,1,1,0.9984195232391357
542,26,6,61,D:\Skripsi\Experiment\data\raw\RGB1\S26\AC6\RGB1_SUB26ACT6F61.jpg,1,1,0.996867835521698
543,26,6,76,D:\Skripsi\Experiment\data\raw\RGB1\S26\AC6\RGB1_SUB26ACT6F76.jpg,1,1,0.9865228533744812
544,26,6,91,D:\Skripsi\Experiment\data\raw\RGB1\S26\AC6\RGB1_SUB26ACT6F91.jpg,1,1,0.9979502558708191
545,26,7,1,D:\Skripsi\Experiment\data\raw\RGB1\S26\AC7\RGB1_SUB26ACT7F1.jpg,1,1,0.9863682389259338
546,26,7,106,D:\Skripsi\Experiment\data\raw\RGB1\S26\AC7\RGB1_SUB26ACT7F106.jpg,1,1,0.9930684566497803
547,26,7,121,D:\Skripsi\Experiment\data\raw\RGB1\S26\AC7\RGB1_SUB26ACT7F121.jpg,1,1,0.9896634221076965
548,26,7,136,D:\Skripsi\Experiment\data\raw\RGB1\S26\AC7\RGB1_SUB26ACT7F136.jpg,1,1,0.9940829873085022
549,26,7,151,D:\Skripsi\Experiment\data\raw\RGB1\S26\AC7\RGB1_SUB26ACT7F151.jpg,1,1,0.9964630007743835
550,26,7,16,D:\Skripsi\Experiment\data\raw\RGB1\S26\AC7\RGB1_SUB26ACT7F16.jpg,1,1,0.9846360683441162
551,26,7,166,D:\Skripsi\Experiment\data\raw\RGB1\S26\AC7\RGB1_SUB26ACT7F166.jpg,1,1,0.9929216504096985
552,26,7,31,D:\Skripsi\Experiment\data\raw\RGB1\S26\AC7\RGB1_SUB26ACT7F31.jpg,1,1,0.9980394244194031
553,26,7,46,D:\Skripsi\Experiment\data\raw\RGB1\S26\AC7\RGB1_SUB26ACT7F46.jpg,1,1,0.9961005449295044
554,26,7,61,D:\Skripsi\Experiment\data\raw\RGB1\S26\AC7\RGB1_SUB26ACT7F61.jpg,1,1,0.9876410365104675
555,26,7,76,D:\Skripsi\Experiment\data\raw\RGB1\S26\AC7\RGB1_SUB26ACT7F76.jpg,1,1,0.9946281313896179
556,26,7,91,D:\Skripsi\Experiment\data\raw\RGB1\S26\AC7\RGB1_SUB26ACT7F91.jpg,1,1,0.9871927499771118
557,26,8,1,D:\Skripsi\Experiment\data\raw\RGB1\S26\AC8\RGB1_SUB26ACT8F1.jpg,1,1,0.96120685338974
558,26,8,106,D:\Skripsi\Experiment\data\raw\RGB1\S26\AC8\RGB1_SUB26ACT8F106.jpg,1,1,0.9955679774284363
559,26,8,16,D:\Skripsi\Experiment\data\raw\RGB1\S26\AC8\RGB1_SUB26ACT8F16.jpg,1,1,0.9995997548103333
560,26,8,31,D:\Skripsi\Experiment\data\raw\RGB1\S26\AC8\RGB1_SUB26ACT8F31.jpg,1,1,0.9983903169631958
561,26,8,46,D:\Skripsi\Experiment\data\raw\RGB1\S26\AC8\RGB1_SUB26ACT8F46.jpg,1,1,0.9988823533058167
562,26,8,61,D:\Skripsi\Experiment\data\raw\RGB1\S26\AC8\RGB1_SUB26ACT8F61.jpg,1,1,0.9988718628883362
563,26,8,76,D:\Skripsi\Experiment\data\raw\RGB1\S26\AC8\RGB1_SUB26ACT8F76.jpg,1,1,0.9970107078552246
564,26,8,91,D:\Skripsi\Experiment\data\raw\RGB1\S26\AC8\RGB1_SUB26ACT8F91.jpg,1,1,0.9994215965270996
565,26,9,1,D:\Skripsi\Experiment\data\raw\RGB1\S26\AC9\RGB1_SUB26ACT9F1.jpg,1,1,0.9971970319747925
566,26,9,106,D:\Skripsi\Experiment\data\raw\RGB1\S26\AC9\RGB1_SUB26ACT9F106.jpg,1,1,0.9935348033905029
567,26,9,121,D:\Skripsi\Experiment\data\raw\RGB1\S26\AC9\RGB1_SUB26ACT9F121.jpg,1,1,0.9903824925422668
568,26,9,16,D:\Skripsi\Experiment\data\raw\RGB1\S26\AC9\RGB1_SUB26ACT9F16.jpg,1,1,0.9942741990089417
569,26,9,31,D:\Skripsi\Experiment\data\raw\RGB1\S26\AC9\RGB1_SUB26ACT9F31.jpg,1,1,0.992469847202301
570,26,9,46,D:\Skripsi\Experiment\data\raw\RGB1\S26\AC9\RGB1_SUB26ACT9F46.jpg,1,1,0.9782609343528748
571,26,9,61,D:\Skripsi\Experiment\data\raw\RGB1\S26\AC9\RGB1_SUB26ACT9F61.jpg,1,1,0.9754058122634888
572,26,9,76,D:\Skripsi\Experiment\data\raw\RGB1\S26\AC9\RGB1_SUB26ACT9F76.jpg,1,1,0.9905855059623718
573,26,9,91,D:\Skripsi\Experiment\data\raw\RGB1\S26\AC9\RGB1_SUB26ACT9F91.jpg,1,1,0.9783065915107727
574,28,1,1,D:\Skripsi\Experiment\data\raw\RGB1\S28\AC1\RGB1_SUB28ACT1F1.jpg,0,0,0.0005852620815858245
575,28,1,106,D:\Skripsi\Experiment\data\raw\RGB1\S28\AC1\RGB1_SUB28ACT1F106.jpg,0,0,0.006646027788519859
576,28,1,121,D:\Skripsi\Experiment\data\raw\RGB1\S28\AC1\RGB1_SUB28ACT1F121.jpg,0,0,0.002879336243495345
577,28,1,16,D:\Skripsi\Experiment\data\raw\RGB1\S28\AC1\RGB1_SUB28ACT1F16.jpg,0,0,0.0008254848071373999
578,28,1,31,D:\Skripsi\Experiment\data\raw\RGB1\S28\AC1\RGB1_SUB28ACT1F31.jpg,0,0,0.0028589528519660234
579,28,1,46,D:\Skripsi\Experiment\data\raw\RGB1\S28\AC1\RGB1_SUB28ACT1F46.jpg,0,0,0.001860348042100668
580,28,1,61,D:\Skripsi\Experiment\data\raw\RGB1\S28\AC1\RGB1_SUB28ACT1F61.jpg,0,0,0.004196012858301401
581,28,1,76,D:\Skripsi\Experiment\data\raw\RGB1\S28\AC1\RGB1_SUB28ACT1F76.jpg,0,0,0.0005924560246057808
582,28,1,91,D:\Skripsi\Experiment\data\raw\RGB1\S28\AC1\RGB1_SUB28ACT1F91.jpg,0,0,0.001179118873551488
583,28,5,1,D:\Skripsi\Experiment\data\raw\RGB1\S28\AC5\RGB1_SUB28ACT5F1.jpg,1,1,0.9383443593978882
584,28,5,106,D:\Skripsi\Experiment\data\raw\RGB1\S28\AC5\RGB1_SUB28ACT5F106.jpg,1,1,0.8579002618789673
585,28,5,121,D:\Skripsi\Experiment\data\raw\RGB1\S28\AC5\RGB1_SUB28ACT5F121.jpg,1,0,0.3063877820968628
586,28,5,136,D:\Skripsi\Experiment\data\raw\RGB1\S28\AC5\RGB1_SUB28ACT5F136.jpg,1,1,0.690008819103241
587,28,5,151,D:\Skripsi\Experiment\data\raw\RGB1\S28\AC5\RGB1_SUB28ACT5F151.jpg,1,1,0.8932538032531738
588,28,5,16,D:\Skripsi\Experiment\data\raw\RGB1\S28\AC5\RGB1_SUB28ACT5F16.jpg,1,1,0.9002640247344971
589,28,5,31,D:\Skripsi\Experiment\data\raw\RGB1\S28\AC5\RGB1_SUB28ACT5F31.jpg,1,1,0.7754222750663757
590,28,5,46,D:\Skripsi\Experiment\data\raw\RGB1\S28\AC5\RGB1_SUB28ACT5F46.jpg,1,1,0.9328449368476868
591,28,5,61,D:\Skripsi\Experiment\data\raw\RGB1\S28\AC5\RGB1_SUB28ACT5F61.jpg,1,1,0.5845971703529358
592,28,5,76,D:\Skripsi\Experiment\data\raw\RGB1\S28\AC5\RGB1_SUB28ACT5F76.jpg,1,1,0.9006224274635315
593,28,5,91,D:\Skripsi\Experiment\data\raw\RGB1\S28\AC5\RGB1_SUB28ACT5F91.jpg,1,1,0.9070823788642883
594,28,6,1,D:\Skripsi\Experiment\data\raw\RGB1\S28\AC6\RGB1_SUB28ACT6F1.jpg,1,1,0.9754653573036194
595,28,6,106,D:\Skripsi\Experiment\data\raw\RGB1\S28\AC6\RGB1_SUB28ACT6F106.jpg,1,1,0.8609763383865356
596,28,6,16,D:\Skripsi\Experiment\data\raw\RGB1\S28\AC6\RGB1_SUB28ACT6F16.jpg,1,1,0.9953552484512329
597,28,6,31,D:\Skripsi\Experiment\data\raw\RGB1\S28\AC6\RGB1_SUB28ACT6F31.jpg,1,1,0.9700071215629578
598,28,6,46,D:\Skripsi\Experiment\data\raw\RGB1\S28\AC6\RGB1_SUB28ACT6F46.jpg,1,1,0.987133800983429
599,28,6,61,D:\Skripsi\Experiment\data\raw\RGB1\S28\AC6\RGB1_SUB28ACT6F61.jpg,1,1,0.9357259273529053
600,28,6,76,D:\Skripsi\Experiment\data\raw\RGB1\S28\AC6\RGB1_SUB28ACT6F76.jpg,1,1,0.9574642777442932
601,28,6,91,D:\Skripsi\Experiment\data\raw\RGB1\S28\AC6\RGB1_SUB28ACT6F91.jpg,1,1,0.9407422542572021
602,28,7,1,D:\Skripsi\Experiment\data\raw\RGB1\S28\AC7\RGB1_SUB28ACT7F1.jpg,1,1,0.9902622103691101
603,28,7,106,D:\Skripsi\Experiment\data\raw\RGB1\S28\AC7\RGB1_SUB28ACT7F106.jpg,1,1,0.9966720342636108
604,28,7,121,D:\Skripsi\Experiment\data\raw\RGB1\S28\AC7\RGB1_SUB28ACT7F121.jpg,1,1,0.9943591952323914
605,28,7,136,D:\Skripsi\Experiment\data\raw\RGB1\S28\AC7\RGB1_SUB28ACT7F136.jpg,1,1,0.9892974495887756
606,28,7,151,D:\Skripsi\Experiment\data\raw\RGB1\S28\AC7\RGB1_SUB28ACT7F151.jpg,1,1,0.9567027688026428
607,28,7,16,D:\Skripsi\Experiment\data\raw\RGB1\S28\AC7\RGB1_SUB28ACT7F16.jpg,1,1,0.9703853726387024
608,28,7,31,D:\Skripsi\Experiment\data\raw\RGB1\S28\AC7\RGB1_SUB28ACT7F31.jpg,1,1,0.9806637167930603
609,28,7,46,D:\Skripsi\Experiment\data\raw\RGB1\S28\AC7\RGB1_SUB28ACT7F46.jpg,1,1,0.9968247413635254
610,28,7,61,D:\Skripsi\Experiment\data\raw\RGB1\S28\AC7\RGB1_SUB28ACT7F61.jpg,1,1,0.9963957667350769
611,28,7,76,D:\Skripsi\Experiment\data\raw\RGB1\S28\AC7\RGB1_SUB28ACT7F76.jpg,1,1,0.9969642758369446
612,28,7,91,D:\Skripsi\Experiment\data\raw\RGB1\S28\AC7\RGB1_SUB28ACT7F91.jpg,1,1,0.9738366007804871
613,28,8,1,D:\Skripsi\Experiment\data\raw\RGB1\S28\AC8\RGB1_SUB28ACT8F1.jpg,1,1,0.9762612581253052
614,28,8,106,D:\Skripsi\Experiment\data\raw\RGB1\S28\AC8\RGB1_SUB28ACT8F106.jpg,1,1,0.9892381429672241
615,28,8,16,D:\Skripsi\Experiment\data\raw\RGB1\S28\AC8\RGB1_SUB28ACT8F16.jpg,1,1,0.9650332927703857
616,28,8,31,D:\Skripsi\Experiment\data\raw\RGB1\S28\AC8\RGB1_SUB28ACT8F31.jpg,1,1,0.9729942679405212
617,28,8,46,D:\Skripsi\Experiment\data\raw\RGB1\S28\AC8\RGB1_SUB28ACT8F46.jpg,1,1,0.9956467747688293
618,28,8,61,D:\Skripsi\Experiment\data\raw\RGB1\S28\AC8\RGB1_SUB28ACT8F61.jpg,1,1,0.9962713718414307
619,28,8,76,D:\Skripsi\Experiment\data\raw\RGB1\S28\AC8\RGB1_SUB28ACT8F76.jpg,1,1,0.9920074939727783
620,28,8,91,D:\Skripsi\Experiment\data\raw\RGB1\S28\AC8\RGB1_SUB28ACT8F91.jpg,1,1,0.9962558746337891
621,28,9,1,D:\Skripsi\Experiment\data\raw\RGB1\S28\AC9\RGB1_SUB28ACT9F1.jpg,1,1,0.9844485521316528
622,28,9,106,D:\Skripsi\Experiment\data\raw\RGB1\S28\AC9\RGB1_SUB28ACT9F106.jpg,1,1,0.8450034856796265
623,28,9,121,D:\Skripsi\Experiment\data\raw\RGB1\S28\AC9\RGB1_SUB28ACT9F121.jpg,1,1,0.9675483107566833
624,28,9,136,D:\Skripsi\Experiment\data\raw\RGB1\S28\AC9\RGB1_SUB28ACT9F136.jpg,1,1,0.9636151194572449
625,28,9,151,D:\Skripsi\Experiment\data\raw\RGB1\S28\AC9\RGB1_SUB28ACT9F151.jpg,1,1,0.9417892098426819
626,28,9,16,D:\Skripsi\Experiment\data\raw\RGB1\S28\AC9\RGB1_SUB28ACT9F16.jpg,1,1,0.949370801448822
627,28,9,31,D:\Skripsi\Experiment\data\raw\RGB1\S28\AC9\RGB1_SUB28ACT9F31.jpg,1,1,0.8814708590507507
628,28,9,46,D:\Skripsi\Experiment\data\raw\RGB1\S28\AC9\RGB1_SUB28ACT9F46.jpg,1,1,0.9824840426445007
629,28,9,61,D:\Skripsi\Experiment\data\raw\RGB1\S28\AC9\RGB1_SUB28ACT9F61.jpg,1,1,0.985558032989502
630,28,9,76,D:\Skripsi\Experiment\data\raw\RGB1\S28\AC9\RGB1_SUB28ACT9F76.jpg,1,1,0.9566761255264282
631,28,9,91,D:\Skripsi\Experiment\data\raw\RGB1\S28\AC9\RGB1_SUB28ACT9F91.jpg,1,1,0.9651314616203308
632,29,1,1,D:\Skripsi\Experiment\data\raw\RGB1\S29\AC1\RGB1_SUB29ACT1F1.jpg,0,0,0.33541902899742126
633,29,1,106,D:\Skripsi\Experiment\data\raw\RGB1\S29\AC1\RGB1_SUB29ACT1F106.jpg,0,0,0.00139152305200696
634,29,1,121,D:\Skripsi\Experiment\data\raw\RGB1\S29\AC1\RGB1_SUB29ACT1F121.jpg,0,0,0.0026688319630920887
635,29,1,16,D:\Skripsi\Experiment\data\raw\RGB1\S29\AC1\RGB1_SUB29ACT1F16.jpg,0,0,0.13818708062171936
636,29,1,31,D:\Skripsi\Experiment\data\raw\RGB1\S29\AC1\RGB1_SUB29ACT1F31.jpg,0,0,0.0030699216295033693
637,29,1,46,D:\Skripsi\Experiment\data\raw\RGB1\S29\AC1\RGB1_SUB29ACT1F46.jpg,0,0,0.0854848250746727
638,29,1,61,D:\Skripsi\Experiment\data\raw\RGB1\S29\AC1\RGB1_SUB29ACT1F61.jpg,0,0,0.0024128558579832315
639,29,1,76,D:\Skripsi\Experiment\data\raw\RGB1\S29\AC1\RGB1_SUB29ACT1F76.jpg,0,0,0.0014184551546350121
640,29,1,91,D:\Skripsi\Experiment\data\raw\RGB1\S29\AC1\RGB1_SUB29ACT1F91.jpg,0,0,0.09588439762592316
641,29,5,1,D:\Skripsi\Experiment\data\raw\RGB1\S29\AC5\RGB1_SUB29ACT5F1.jpg,1,1,0.9220685362815857
642,29,5,106,D:\Skripsi\Experiment\data\raw\RGB1\S29\AC5\RGB1_SUB29ACT5F106.jpg,1,1,0.886556088924408
643,29,5,121,D:\Skripsi\Experiment\data\raw\RGB1\S29\AC5\RGB1_SUB29ACT5F121.jpg,1,1,0.9927278757095337
644,29,5,16,D:\Skripsi\Experiment\data\raw\RGB1\S29\AC5\RGB1_SUB29ACT5F16.jpg,1,1,0.9940871000289917
645,29,5,31,D:\Skripsi\Experiment\data\raw\RGB1\S29\AC5\RGB1_SUB29ACT5F31.jpg,1,1,0.9859010577201843
646,29,5,46,D:\Skripsi\Experiment\data\raw\RGB1\S29\AC5\RGB1_SUB29ACT5F46.jpg,1,1,0.9615374803543091
647,29,5,61,D:\Skripsi\Experiment\data\raw\RGB1\S29\AC5\RGB1_SUB29ACT5F61.jpg,1,1,0.9731982946395874
648,29,5,76,D:\Skripsi\Experiment\data\raw\RGB1\S29\AC5\RGB1_SUB29ACT5F76.jpg,1,1,0.9602432250976562
649,29,5,91,D:\Skripsi\Experiment\data\raw\RGB1\S29\AC5\RGB1_SUB29ACT5F91.jpg,1,1,0.9322617650032043
650,29,6,1,D:\Skripsi\Experiment\data\raw\RGB1\S29\AC6\RGB1_SUB29ACT6F1.jpg,1,1,0.9819877743721008
651,29,6,106,D:\Skripsi\Experiment\data\raw\RGB1\S29\AC6\RGB1_SUB29ACT6F106.jpg,1,1,0.8415743708610535
652,29,6,16,D:\Skripsi\Experiment\data\raw\RGB1\S29\AC6\RGB1_SUB29ACT6F16.jpg,1,1,0.9845858216285706
653,29,6,31,D:\Skripsi\Experiment\data\raw\RGB1\S29\AC6\RGB1_SUB29ACT6F31.jpg,1,1,0.9940606951713562
654,29,6,46,D:\Skripsi\Experiment\data\raw\RGB1\S29\AC6\RGB1_SUB29ACT6F46.jpg,1,1,0.9937897324562073
655,29,6,61,D:\Skripsi\Experiment\data\raw\RGB1\S29\AC6\RGB1_SUB29ACT6F61.jpg,1,1,0.9867171049118042
656,29,6,76,D:\Skripsi\Experiment\data\raw\RGB1\S29\AC6\RGB1_SUB29ACT6F76.jpg,1,1,0.9942238926887512
657,29,6,91,D:\Skripsi\Experiment\data\raw\RGB1\S29\AC6\RGB1_SUB29ACT6F91.jpg,1,1,0.7144197225570679
658,29,7,1,D:\Skripsi\Experiment\data\raw\RGB1\S29\AC7\RGB1_SUB29ACT7F1.jpg,1,1,0.9786248803138733
659,29,7,106,D:\Skripsi\Experiment\data\raw\RGB1\S29\AC7\RGB1_SUB29ACT7F106.jpg,1,1,0.9749685525894165
660,29,7,121,D:\Skripsi\Experiment\data\raw\RGB1\S29\AC7\RGB1_SUB29ACT7F121.jpg,1,1,0.9890271425247192
661,29,7,16,D:\Skripsi\Experiment\data\raw\RGB1\S29\AC7\RGB1_SUB29ACT7F16.jpg,1,1,0.9840816259384155
662,29,7,31,D:\Skripsi\Experiment\data\raw\RGB1\S29\AC7\RGB1_SUB29ACT7F31.jpg,1,1,0.9718431234359741
663,29,7,46,D:\Skripsi\Experiment\data\raw\RGB1\S29\AC7\RGB1_SUB29ACT7F46.jpg,1,1,0.9910661578178406
664,29,7,61,D:\Skripsi\Experiment\data\raw\RGB1\S29\AC7\RGB1_SUB29ACT7F61.jpg,1,1,0.9933962821960449
665,29,7,76,D:\Skripsi\Experiment\data\raw\RGB1\S29\AC7\RGB1_SUB29ACT7F76.jpg,1,1,0.9905838966369629
666,29,7,91,D:\Skripsi\Experiment\data\raw\RGB1\S29\AC7\RGB1_SUB29ACT7F91.jpg,1,1,0.9747344851493835
667,29,8,1,D:\Skripsi\Experiment\data\raw\RGB1\S29\AC8\RGB1_SUB29ACT8F1.jpg,1,1,0.9753168821334839
668,29,8,106,D:\Skripsi\Experiment\data\raw\RGB1\S29\AC8\RGB1_SUB29ACT8F106.jpg,1,1,0.9857771992683411
669,29,8,121,D:\Skripsi\Experiment\data\raw\RGB1\S29\AC8\RGB1_SUB29ACT8F121.jpg,1,1,0.9766353368759155
670,29,8,136,D:\Skripsi\Experiment\data\raw\RGB1\S29\AC8\RGB1_SUB29ACT8F136.jpg,1,1,0.9801648855209351
671,29,8,151,D:\Skripsi\Experiment\data\raw\RGB1\S29\AC8\RGB1_SUB29ACT8F151.jpg,1,1,0.9827558994293213
672,29,8,16,D:\Skripsi\Experiment\data\raw\RGB1\S29\AC8\RGB1_SUB29ACT8F16.jpg,1,1,0.965565025806427
673,29,8,31,D:\Skripsi\Experiment\data\raw\RGB1\S29\AC8\RGB1_SUB29ACT8F31.jpg,1,1,0.9396085143089294
674,29,8,46,D:\Skripsi\Experiment\data\raw\RGB1\S29\AC8\RGB1_SUB29ACT8F46.jpg,1,1,0.973812997341156
675,29,8,61,D:\Skripsi\Experiment\data\raw\RGB1\S29\AC8\RGB1_SUB29ACT8F61.jpg,1,1,0.9829014539718628
676,29,8,76,D:\Skripsi\Experiment\data\raw\RGB1\S29\AC8\RGB1_SUB29ACT8F76.jpg,1,1,0.9617990255355835
677,29,8,91,D:\Skripsi\Experiment\data\raw\RGB1\S29\AC8\RGB1_SUB29ACT8F91.jpg,1,1,0.9094333052635193
678,29,9,1,D:\Skripsi\Experiment\data\raw\RGB1\S29\AC9\RGB1_SUB29ACT9F1.jpg,1,1,0.9928523898124695
679,29,9,106,D:\Skripsi\Experiment\data\raw\RGB1\S29\AC9\RGB1_SUB29ACT9F106.jpg,1,1,0.9432920217514038
680,29,9,121,D:\Skripsi\Experiment\data\raw\RGB1\S29\AC9\RGB1_SUB29ACT9F121.jpg,1,1,0.9880148768424988
681,29,9,136,D:\Skripsi\Experiment\data\raw\RGB1\S29\AC9\RGB1_SUB29ACT9F136.jpg,1,1,0.9727960228919983
682,29,9,151,D:\Skripsi\Experiment\data\raw\RGB1\S29\AC9\RGB1_SUB29ACT9F151.jpg,1,1,0.9414107203483582
683,29,9,16,D:\Skripsi\Experiment\data\raw\RGB1\S29\AC9\RGB1_SUB29ACT9F16.jpg,1,1,0.9697086215019226
684,29,9,31,D:\Skripsi\Experiment\data\raw\RGB1\S29\AC9\RGB1_SUB29ACT9F31.jpg,1,1,0.9087607860565186
685,29,9,46,D:\Skripsi\Experiment\data\raw\RGB1\S29\AC9\RGB1_SUB29ACT9F46.jpg,1,1,0.9576049447059631
686,29,9,61,D:\Skripsi\Experiment\data\raw\RGB1\S29\AC9\RGB1_SUB29ACT9F61.jpg,1,1,0.9365127682685852
687,29,9,76,D:\Skripsi\Experiment\data\raw\RGB1\S29\AC9\RGB1_SUB29ACT9F76.jpg,1,1,0.9649025201797485
688,29,9,91,D:\Skripsi\Experiment\data\raw\RGB1\S29\AC9\RGB1_SUB29ACT9F91.jpg,1,1,0.9621685743331909
689,30,1,1,D:\Skripsi\Experiment\data\raw\RGB1\S30\AC1\RGB1_SUB30ACT1F1.jpg,0,0,0.00016370585944969207
690,30,1,106,D:\Skripsi\Experiment\data\raw\RGB1\S30\AC1\RGB1_SUB30ACT1F106.jpg,0,0,0.014423619024455547
691,30,1,16,D:\Skripsi\Experiment\data\raw\RGB1\S30\AC1\RGB1_SUB30ACT1F16.jpg,0,0,0.00027935870457440615
692,30,1,31,D:\Skripsi\Experiment\data\raw\RGB1\S30\AC1\RGB1_SUB30ACT1F31.jpg,0,0,0.00033308184356428683
693,30,1,46,D:\Skripsi\Experiment\data\raw\RGB1\S30\AC1\RGB1_SUB30ACT1F46.jpg,0,0,0.26960957050323486
694,30,1,61,D:\Skripsi\Experiment\data\raw\RGB1\S30\AC1\RGB1_SUB30ACT1F61.jpg,0,0,0.0007576628704555333
695,30,1,76,D:\Skripsi\Experiment\data\raw\RGB1\S30\AC1\RGB1_SUB30ACT1F76.jpg,0,0,0.0019527225522324443
696,30,1,91,D:\Skripsi\Experiment\data\raw\RGB1\S30\AC1\RGB1_SUB30ACT1F91.jpg,0,0,0.05342105031013489
697,30,5,1,D:\Skripsi\Experiment\data\raw\RGB1\S30\AC5\RGB1_SUB30ACT5F1.jpg,1,1,0.81705242395401
698,30,5,106,D:\Skripsi\Experiment\data\raw\RGB1\S30\AC5\RGB1_SUB30ACT5F106.jpg,1,1,0.9577202796936035
699,30,5,16,D:\Skripsi\Experiment\data\raw\RGB1\S30\AC5\RGB1_SUB30ACT5F16.jpg,1,1,0.849537193775177
700,30,5,31,D:\Skripsi\Experiment\data\raw\RGB1\S30\AC5\RGB1_SUB30ACT5F31.jpg,1,1,0.9667505025863647
701,30,5,46,D:\Skripsi\Experiment\data\raw\RGB1\S30\AC5\RGB1_SUB30ACT5F46.jpg,1,1,0.9897679686546326
702,30,5,61,D:\Skripsi\Experiment\data\raw\RGB1\S30\AC5\RGB1_SUB30ACT5F61.jpg,1,1,0.9795737266540527
703,30,5,76,D:\Skripsi\Experiment\data\raw\RGB1\S30\AC5\RGB1_SUB30ACT5F76.jpg,1,1,0.9879316687583923
704,30,5,91,D:\Skripsi\Experiment\data\raw\RGB1\S30\AC5\RGB1_SUB30ACT5F91.jpg,1,1,0.9573743343353271
705,30,6,1,D:\Skripsi\Experiment\data\raw\RGB1\S30\AC6\RGB1_SUB30ACT6F1.jpg,1,1,0.9841735363006592
706,30,6,106,D:\Skripsi\Experiment\data\raw\RGB1\S30\AC6\RGB1_SUB30ACT6F106.jpg,1,1,0.9995325803756714
707,30,6,121,D:\Skripsi\Experiment\data\raw\RGB1\S30\AC6\RGB1_SUB30ACT6F121.jpg,1,1,0.9989603757858276
708,30,6,16,D:\Skripsi\Experiment\data\raw\RGB1\S30\AC6\RGB1_SUB30ACT6F16.jpg,1,1,0.9948562383651733
709,30,6,31,D:\Skripsi\Experiment\data\raw\RGB1\S30\AC6\RGB1_SUB30ACT6F31.jpg,1,1,0.9896955490112305
710,30,6,46,D:\Skripsi\Experiment\data\raw\RGB1\S30\AC6\RGB1_SUB30ACT6F46.jpg,1,1,0.9689325094223022
711,30,6,61,D:\Skripsi\Experiment\data\raw\RGB1\S30\AC6\RGB1_SUB30ACT6F61.jpg,1,1,0.961316704750061
712,30,6,76,D:\Skripsi\Experiment\data\raw\RGB1\S30\AC6\RGB1_SUB30ACT6F76.jpg,1,1,0.9318879842758179
713,30,6,91,D:\Skripsi\Experiment\data\raw\RGB1\S30\AC6\RGB1_SUB30ACT6F91.jpg,1,1,0.9958266615867615
714,30,7,1,D:\Skripsi\Experiment\data\raw\RGB1\S30\AC7\RGB1_SUB30ACT7F1.jpg,1,1,0.976677417755127
715,30,7,106,D:\Skripsi\Experiment\data\raw\RGB1\S30\AC7\RGB1_SUB30ACT7F106.jpg,1,1,0.9807337522506714
716,30,7,121,D:\Skripsi\Experiment\data\raw\RGB1\S30\AC7\RGB1_SUB30ACT7F121.jpg,1,1,0.9808807373046875
717,30,7,136,D:\Skripsi\Experiment\data\raw\RGB1\S30\AC7\RGB1_SUB30ACT7F136.jpg,1,1,0.9752888679504395
718,30,7,151,D:\Skripsi\Experiment\data\raw\RGB1\S30\AC7\RGB1_SUB30ACT7F151.jpg,1,1,0.9962158799171448
719,30,7,16,D:\Skripsi\Experiment\data\raw\RGB1\S30\AC7\RGB1_SUB30ACT7F16.jpg,1,1,0.9889358878135681
720,30,7,166,D:\Skripsi\Experiment\data\raw\RGB1\S30\AC7\RGB1_SUB30ACT7F166.jpg,1,1,0.9877272844314575
721,30,7,31,D:\Skripsi\Experiment\data\raw\RGB1\S30\AC7\RGB1_SUB30ACT7F31.jpg,1,1,0.994279146194458
722,30,7,46,D:\Skripsi\Experiment\data\raw\RGB1\S30\AC7\RGB1_SUB30ACT7F46.jpg,1,1,0.9723764657974243
723,30,7,61,D:\Skripsi\Experiment\data\raw\RGB1\S30\AC7\RGB1_SUB30ACT7F61.jpg,1,1,0.9775635600090027
724,30,7,76,D:\Skripsi\Experiment\data\raw\RGB1\S30\AC7\RGB1_SUB30ACT7F76.jpg,1,1,0.9949471354484558
725,30,7,91,D:\Skripsi\Experiment\data\raw\RGB1\S30\AC7\RGB1_SUB30ACT7F91.jpg,1,1,0.9929025769233704
726,30,8,1,D:\Skripsi\Experiment\data\raw\RGB1\S30\AC8\RGB1_SUB30ACT8F1.jpg,1,1,0.9968241453170776
727,30,8,106,D:\Skripsi\Experiment\data\raw\RGB1\S30\AC8\RGB1_SUB30ACT8F106.jpg,1,1,0.9697153568267822
728,30,8,121,D:\Skripsi\Experiment\data\raw\RGB1\S30\AC8\RGB1_SUB30ACT8F121.jpg,1,1,0.9980626702308655
729,30,8,136,D:\Skripsi\Experiment\data\raw\RGB1\S30\AC8\RGB1_SUB30ACT8F136.jpg,1,1,0.9978929162025452
730,30,8,16,D:\Skripsi\Experiment\data\raw\RGB1\S30\AC8\RGB1_SUB30ACT8F16.jpg,1,1,0.9768109321594238
731,30,8,31,D:\Skripsi\Experiment\data\raw\RGB1\S30\AC8\RGB1_SUB30ACT8F31.jpg,1,1,0.8718507885932922
732,30,8,46,D:\Skripsi\Experiment\data\raw\RGB1\S30\AC8\RGB1_SUB30ACT8F46.jpg,1,1,0.9944748282432556
733,30,8,61,D:\Skripsi\Experiment\data\raw\RGB1\S30\AC8\RGB1_SUB30ACT8F61.jpg,1,1,0.979761004447937
734,30,8,76,D:\Skripsi\Experiment\data\raw\RGB1\S30\AC8\RGB1_SUB30ACT8F76.jpg,1,1,0.9912835359573364
735,30,8,91,D:\Skripsi\Experiment\data\raw\RGB1\S30\AC8\RGB1_SUB30ACT8F91.jpg,1,1,0.9909273386001587
736,30,9,1,D:\Skripsi\Experiment\data\raw\RGB1\S30\AC9\RGB1_SUB30ACT9F1.jpg,1,1,0.8631313443183899
737,30,9,106,D:\Skripsi\Experiment\data\raw\RGB1\S30\AC9\RGB1_SUB30ACT9F106.jpg,1,1,0.9153023958206177
738,30,9,121,D:\Skripsi\Experiment\data\raw\RGB1\S30\AC9\RGB1_SUB30ACT9F121.jpg,1,1,0.9952527284622192
739,30,9,16,D:\Skripsi\Experiment\data\raw\RGB1\S30\AC9\RGB1_SUB30ACT9F16.jpg,1,1,0.9490524530410767
740,30,9,31,D:\Skripsi\Experiment\data\raw\RGB1\S30\AC9\RGB1_SUB30ACT9F31.jpg,1,1,0.9868764877319336
741,30,9,46,D:\Skripsi\Experiment\data\raw\RGB1\S30\AC9\RGB1_SUB30ACT9F46.jpg,1,1,0.997734785079956
742,30,9,61,D:\Skripsi\Experiment\data\raw\RGB1\S30\AC9\RGB1_SUB30ACT9F61.jpg,1,1,0.9889497756958008
743,30,9,76,D:\Skripsi\Experiment\data\raw\RGB1\S30\AC9\RGB1_SUB30ACT9F76.jpg,1,1,0.9265440106391907
744,30,9,91,D:\Skripsi\Experiment\data\raw\RGB1\S30\AC9\RGB1_SUB30ACT9F91.jpg,1,1,0.9833409190177917
745,31,1,1,D:\Skripsi\Experiment\data\raw\RGB1\S31\AC1\RGB1_SUB31ACT1F1.jpg,0,0,0.012946533039212227
746,31,1,16,D:\Skripsi\Experiment\data\raw\RGB1\S31\AC1\RGB1_SUB31ACT1F16.jpg,0,0,0.004491616040468216
747,31,1,31,D:\Skripsi\Experiment\data\raw\RGB1\S31\AC1\RGB1_SUB31ACT1F31.jpg,0,0,0.07337326556444168
748,31,1,46,D:\Skripsi\Experiment\data\raw\RGB1\S31\AC1\RGB1_SUB31ACT1F46.jpg,0,0,0.38565877079963684
749,31,1,61,D:\Skripsi\Experiment\data\raw\RGB1\S31\AC1\RGB1_SUB31ACT1F61.jpg,0,0,0.0071007441729307175
750,31,1,76,D:\Skripsi\Experiment\data\raw\RGB1\S31\AC1\RGB1_SUB31ACT1F76.jpg,0,0,0.0622316338121891
751,31,1,91,D:\Skripsi\Experiment\data\raw\RGB1\S31\AC1\RGB1_SUB31ACT1F91.jpg,0,0,0.043333228677511215
752,31,9,1,D:\Skripsi\Experiment\data\raw\RGB1\S31\AC10\RGB1_SUB31ACT10F1.jpg,1,1,0.9230586886405945
753,31,9,106,D:\Skripsi\Experiment\data\raw\RGB1\S31\AC10\RGB1_SUB31ACT10F106.jpg,1,1,0.7142332196235657
754,31,9,121,D:\Skripsi\Experiment\data\raw\RGB1\S31\AC10\RGB1_SUB31ACT10F121.jpg,1,1,0.9125133156776428
755,31,9,136,D:\Skripsi\Experiment\data\raw\RGB1\S31\AC10\RGB1_SUB31ACT10F136.jpg,1,0,0.44820621609687805
756,31,9,16,D:\Skripsi\Experiment\data\raw\RGB1\S31\AC10\RGB1_SUB31ACT10F16.jpg,1,1,0.8906490802764893
757,31,9,31,D:\Skripsi\Experiment\data\raw\RGB1\S31\AC10\RGB1_SUB31ACT10F31.jpg,1,1,0.9589698314666748
758,31,9,46,D:\Skripsi\Experiment\data\raw\RGB1\S31\AC10\RGB1_SUB31ACT10F46.jpg,1,1,0.8485314846038818
759,31,9,61,D:\Skripsi\Experiment\data\raw\RGB1\S31\AC10\RGB1_SUB31ACT10F61.jpg,1,1,0.9540945291519165
760,31,9,76,D:\Skripsi\Experiment\data\raw\RGB1\S31\AC10\RGB1_SUB31ACT10F76.jpg,1,1,0.9769862294197083
761,31,9,91,D:\Skripsi\Experiment\data\raw\RGB1\S31\AC10\RGB1_SUB31ACT10F91.jpg,1,1,0.683168351650238
762,31,5,1,D:\Skripsi\Experiment\data\raw\RGB1\S31\AC5\RGB1_SUB31ACT5F1.jpg,1,1,0.9837809801101685
763,31,5,16,D:\Skripsi\Experiment\data\raw\RGB1\S31\AC5\RGB1_SUB31ACT5F16.jpg,1,1,0.976984441280365
764,31,5,31,D:\Skripsi\Experiment\data\raw\RGB1\S31\AC5\RGB1_SUB31ACT5F31.jpg,1,1,0.975622832775116
765,31,5,46,D:\Skripsi\Experiment\data\raw\RGB1\S31\AC5\RGB1_SUB31ACT5F46.jpg,1,1,0.9944539666175842
766,31,5,61,D:\Skripsi\Experiment\data\raw\RGB1\S31\AC5\RGB1_SUB31ACT5F61.jpg,1,1,0.9961084723472595
767,31,5,76,D:\Skripsi\Experiment\data\raw\RGB1\S31\AC5\RGB1_SUB31ACT5F76.jpg,1,1,0.99873286485672
768,31,5,91,D:\Skripsi\Experiment\data\raw\RGB1\S31\AC5\RGB1_SUB31ACT5F91.jpg,1,1,0.9982765913009644
769,31,6,1,D:\Skripsi\Experiment\data\raw\RGB1\S31\AC6\RGB1_SUB31ACT6F1.jpg,1,1,0.7239698171615601
770,31,6,16,D:\Skripsi\Experiment\data\raw\RGB1\S31\AC6\RGB1_SUB31ACT6F16.jpg,1,1,0.9746913313865662
771,31,6,31,D:\Skripsi\Experiment\data\raw\RGB1\S31\AC6\RGB1_SUB31ACT6F31.jpg,1,1,0.9781932830810547
772,31,6,46,D:\Skripsi\Experiment\data\raw\RGB1\S31\AC6\RGB1_SUB31ACT6F46.jpg,1,1,0.9385709166526794
773,31,6,61,D:\Skripsi\Experiment\data\raw\RGB1\S31\AC6\RGB1_SUB31ACT6F61.jpg,1,1,0.9788405895233154
774,31,6,76,D:\Skripsi\Experiment\data\raw\RGB1\S31\AC6\RGB1_SUB31ACT6F76.jpg,1,1,0.9109575152397156
775,31,7,1,D:\Skripsi\Experiment\data\raw\RGB1\S31\AC7\RGB1_SUB31ACT7F1.jpg,1,1,0.568670392036438
776,31,7,106,D:\Skripsi\Experiment\data\raw\RGB1\S31\AC7\RGB1_SUB31ACT7F106.jpg,1,1,0.9683470129966736
777,31,7,16,D:\Skripsi\Experiment\data\raw\RGB1\S31\AC7\RGB1_SUB31ACT7F16.jpg,1,1,0.9528551697731018
778,31,7,31,D:\Skripsi\Experiment\data\raw\RGB1\S31\AC7\RGB1_SUB31ACT7F31.jpg,1,1,0.9747545719146729
779,31,7,46,D:\Skripsi\Experiment\data\raw\RGB1\S31\AC7\RGB1_SUB31ACT7F46.jpg,1,1,0.9932704567909241
780,31,7,61,D:\Skripsi\Experiment\data\raw\RGB1\S31\AC7\RGB1_SUB31ACT7F61.jpg,1,1,0.9576996564865112
781,31,7,76,D:\Skripsi\Experiment\data\raw\RGB1\S31\AC7\RGB1_SUB31ACT7F76.jpg,1,1,0.9837830662727356
782,31,7,91,D:\Skripsi\Experiment\data\raw\RGB1\S31\AC7\RGB1_SUB31ACT7F91.jpg,1,1,0.9857826232910156
783,31,8,1,D:\Skripsi\Experiment\data\raw\RGB1\S31\AC8\RGB1_SUB31ACT8F1.jpg,1,1,0.98358154296875
784,31,8,106,D:\Skripsi\Experiment\data\raw\RGB1\S31\AC8\RGB1_SUB31ACT8F106.jpg,1,1,0.9968228340148926
785,31,8,121,D:\Skripsi\Experiment\data\raw\RGB1\S31\AC8\RGB1_SUB31ACT8F121.jpg,1,1,0.998855471611023
786,31,8,16,D:\Skripsi\Experiment\data\raw\RGB1\S31\AC8\RGB1_SUB31ACT8F16.jpg,1,1,0.9860010743141174
787,31,8,31,D:\Skripsi\Experiment\data\raw\RGB1\S31\AC8\RGB1_SUB31ACT8F31.jpg,1,1,0.990949809551239
788,31,8,46,D:\Skripsi\Experiment\data\raw\RGB1\S31\AC8\RGB1_SUB31ACT8F46.jpg,1,1,0.9976171851158142
789,31,8,61,D:\Skripsi\Experiment\data\raw\RGB1\S31\AC8\RGB1_SUB31ACT8F61.jpg,1,1,0.9919129610061646
790,31,8,76,D:\Skripsi\Experiment\data\raw\RGB1\S31\AC8\RGB1_SUB31ACT8F76.jpg,1,1,0.9970421195030212
791,31,8,91,D:\Skripsi\Experiment\data\raw\RGB1\S31\AC8\RGB1_SUB31ACT8F91.jpg,1,1,0.9953527450561523
792,32,1,1,D:\Skripsi\Experiment\data\raw\RGB1\S32\AC1\RGB1_SUB32ACT1F1.jpg,0,0,0.041079211980104446
793,32,1,16,D:\Skripsi\Experiment\data\raw\RGB1\S32\AC1\RGB1_SUB32ACT1F16.jpg,0,0,0.1493970900774002
794,32,1,31,D:\Skripsi\Experiment\data\raw\RGB1\S32\AC1\RGB1_SUB32ACT1F31.jpg,0,0,0.034441933035850525
795,32,1,46,D:\Skripsi\Experiment\data\raw\RGB1\S32\AC1\RGB1_SUB32ACT1F46.jpg,0,0,0.26004645228385925
796,32,1,61,D:\Skripsi\Experiment\data\raw\RGB1\S32\AC1\RGB1_SUB32ACT1F61.jpg,0,0,0.09766748547554016
797,32,1,76,D:\Skripsi\Experiment\data\raw\RGB1\S32\AC1\RGB1_SUB32ACT1F76.jpg,0,0,0.3560473322868347
798,32,1,91,D:\Skripsi\Experiment\data\raw\RGB1\S32\AC1\RGB1_SUB32ACT1F91.jpg,0,1,0.5863450169563293
799,32,5,1,D:\Skripsi\Experiment\data\raw\RGB1\S32\AC5\RGB1_SUB32ACT5F1.jpg,1,1,0.9469858407974243
800,32,5,16,D:\Skripsi\Experiment\data\raw\RGB1\S32\AC5\RGB1_SUB32ACT5F16.jpg,1,1,0.9530996084213257
801,32,5,31,D:\Skripsi\Experiment\data\raw\RGB1\S32\AC5\RGB1_SUB32ACT5F31.jpg,1,1,0.9714546203613281
802,32,5,46,D:\Skripsi\Experiment\data\raw\RGB1\S32\AC5\RGB1_SUB32ACT5F46.jpg,1,1,0.9646652936935425
803,32,5,61,D:\Skripsi\Experiment\data\raw\RGB1\S32\AC5\RGB1_SUB32ACT5F61.jpg,1,1,0.9208507537841797
804,32,5,76,D:\Skripsi\Experiment\data\raw\RGB1\S32\AC5\RGB1_SUB32ACT5F76.jpg,1,1,0.668197512626648
805,32,5,91,D:\Skripsi\Experiment\data\raw\RGB1\S32\AC5\RGB1_SUB32ACT5F91.jpg,1,1,0.8889583945274353
806,32,6,1,D:\Skripsi\Experiment\data\raw\RGB1\S32\AC6\RGB1_SUB32ACT6F1.jpg,1,1,0.924586832523346
807,32,6,16,D:\Skripsi\Experiment\data\raw\RGB1\S32\AC6\RGB1_SUB32ACT6F16.jpg,1,1,0.9794169068336487
808,32,6,31,D:\Skripsi\Experiment\data\raw\RGB1\S32\AC6\RGB1_SUB32ACT6F31.jpg,1,1,0.9698370099067688
809,32,6,46,D:\Skripsi\Experiment\data\raw\RGB1\S32\AC6\RGB1_SUB32ACT6F46.jpg,1,1,0.971059262752533
810,32,6,61,D:\Skripsi\Experiment\data\raw\RGB1\S32\AC6\RGB1_SUB32ACT6F61.jpg,1,1,0.9201364517211914
811,32,6,76,D:\Skripsi\Experiment\data\raw\RGB1\S32\AC6\RGB1_SUB32ACT6F76.jpg,1,1,0.927122175693512
812,32,6,91,D:\Skripsi\Experiment\data\raw\RGB1\S32\AC6\RGB1_SUB32ACT6F91.jpg,1,1,0.9023527503013611
813,32,7,1,D:\Skripsi\Experiment\data\raw\RGB1\S32\AC7\RGB1_SUB32ACT7F1.jpg,1,1,0.8987367749214172
814,32,7,16,D:\Skripsi\Experiment\data\raw\RGB1\S32\AC7\RGB1_SUB32ACT7F16.jpg,1,1,0.9500693678855896
815,32,7,31,D:\Skripsi\Experiment\data\raw\RGB1\S32\AC7\RGB1_SUB32ACT7F31.jpg,1,1,0.9563537240028381
816,32,7,46,D:\Skripsi\Experiment\data\raw\RGB1\S32\AC7\RGB1_SUB32ACT7F46.jpg,1,1,0.9705747961997986
817,32,7,61,D:\Skripsi\Experiment\data\raw\RGB1\S32\AC7\RGB1_SUB32ACT7F61.jpg,1,1,0.9827451109886169
818,32,7,76,D:\Skripsi\Experiment\data\raw\RGB1\S32\AC7\RGB1_SUB32ACT7F76.jpg,1,1,0.9906995892524719
819,32,7,91,D:\Skripsi\Experiment\data\raw\RGB1\S32\AC7\RGB1_SUB32ACT7F91.jpg,1,1,0.9887272119522095
820,32,8,1,D:\Skripsi\Experiment\data\raw\RGB1\S32\AC8\RGB1_SUB32ACT8F1.jpg,1,1,0.9773449897766113
821,32,8,16,D:\Skripsi\Experiment\data\raw\RGB1\S32\AC8\RGB1_SUB32ACT8F16.jpg,1,1,0.9853518605232239
822,32,8,31,D:\Skripsi\Experiment\data\raw\RGB1\S32\AC8\RGB1_SUB32ACT8F31.jpg,1,1,0.9630603194236755
823,32,8,46,D:\Skripsi\Experiment\data\raw\RGB1\S32\AC8\RGB1_SUB32ACT8F46.jpg,1,1,0.9892156720161438
824,32,8,61,D:\Skripsi\Experiment\data\raw\RGB1\S32\AC8\RGB1_SUB32ACT8F61.jpg,1,1,0.9385197758674622
825,32,8,76,D:\Skripsi\Experiment\data\raw\RGB1\S32\AC8\RGB1_SUB32ACT8F76.jpg,1,1,0.9841635823249817
826,32,9,1,D:\Skripsi\Experiment\data\raw\RGB1\S32\AC9\RGB1_SUB32ACT9F1.jpg,1,1,0.9627000093460083
827,32,9,16,D:\Skripsi\Experiment\data\raw\RGB1\S32\AC9\RGB1_SUB32ACT9F16.jpg,1,1,0.9601407051086426
828,32,9,31,D:\Skripsi\Experiment\data\raw\RGB1\S32\AC9\RGB1_SUB32ACT9F31.jpg,1,1,0.988735020160675
829,32,9,46,D:\Skripsi\Experiment\data\raw\RGB1\S32\AC9\RGB1_SUB32ACT9F46.jpg,1,1,0.9220603108406067
830,32,9,61,D:\Skripsi\Experiment\data\raw\RGB1\S32\AC9\RGB1_SUB32ACT9F61.jpg,1,1,0.9633380174636841
831,33,1,1,D:\Skripsi\Experiment\data\raw\RGB1\S33\AC1\RGB1_SUB33ACT1F1.jpg,0,0,0.002593852346763015
832,33,1,16,D:\Skripsi\Experiment\data\raw\RGB1\S33\AC1\RGB1_SUB33ACT1F16.jpg,0,0,0.0046064527705311775
833,33,1,31,D:\Skripsi\Experiment\data\raw\RGB1\S33\AC1\RGB1_SUB33ACT1F31.jpg,0,0,0.0012224067468196154
834,33,1,46,D:\Skripsi\Experiment\data\raw\RGB1\S33\AC1\RGB1_SUB33ACT1F46.jpg,0,0,0.0020810419227927923
835,33,1,61,D:\Skripsi\Experiment\data\raw\RGB1\S33\AC1\RGB1_SUB33ACT1F61.jpg,0,0,0.0038858309853821993
836,33,1,76,D:\Skripsi\Experiment\data\raw\RGB1\S33\AC1\RGB1_SUB33ACT1F76.jpg,0,0,0.006479060277342796
837,33,5,1,D:\Skripsi\Experiment\data\raw\RGB1\S33\AC5\RGB1_SUB33ACT5F1.jpg,1,1,0.9928810596466064
838,33,5,16,D:\Skripsi\Experiment\data\raw\RGB1\S33\AC5\RGB1_SUB33ACT5F16.jpg,1,1,0.9839249849319458
839,33,5,31,D:\Skripsi\Experiment\data\raw\RGB1\S33\AC5\RGB1_SUB33ACT5F31.jpg,1,1,0.9894387125968933
840,33,5,46,D:\Skripsi\Experiment\data\raw\RGB1\S33\AC5\RGB1_SUB33ACT5F46.jpg,1,1,0.9884803295135498
841,33,5,61,D:\Skripsi\Experiment\data\raw\RGB1\S33\AC5\RGB1_SUB33ACT5F61.jpg,1,1,0.9905492663383484
842,33,5,76,D:\Skripsi\Experiment\data\raw\RGB1\S33\AC5\RGB1_SUB33ACT5F76.jpg,1,1,0.9944210648536682
843,33,6,1,D:\Skripsi\Experiment\data\raw\RGB1\S33\AC6\RGB1_SUB33ACT6F1.jpg,1,1,0.9931222796440125
844,33,6,16,D:\Skripsi\Experiment\data\raw\RGB1\S33\AC6\RGB1_SUB33ACT6F16.jpg,1,1,0.9639109969139099
845,33,6,31,D:\Skripsi\Experiment\data\raw\RGB1\S33\AC6\RGB1_SUB33ACT6F31.jpg,1,1,0.9972125887870789
846,33,6,46,D:\Skripsi\Experiment\data\raw\RGB1\S33\AC6\RGB1_SUB33ACT6F46.jpg,1,1,0.9977565407752991
847,33,6,61,D:\Skripsi\Experiment\data\raw\RGB1\S33\AC6\RGB1_SUB33ACT6F61.jpg,1,1,0.9634385108947754
848,33,6,76,D:\Skripsi\Experiment\data\raw\RGB1\S33\AC6\RGB1_SUB33ACT6F76.jpg,1,1,0.9866237044334412
849,33,7,1,D:\Skripsi\Experiment\data\raw\RGB1\S33\AC7\RGB1_SUB33ACT7F1.jpg,1,1,0.9970805048942566
850,33,7,16,D:\Skripsi\Experiment\data\raw\RGB1\S33\AC7\RGB1_SUB33ACT7F16.jpg,1,1,0.9888127446174622
851,33,7,31,D:\Skripsi\Experiment\data\raw\RGB1\S33\AC7\RGB1_SUB33ACT7F31.jpg,1,1,0.99730384349823
852,33,7,46,D:\Skripsi\Experiment\data\raw\RGB1\S33\AC7\RGB1_SUB33ACT7F46.jpg,1,1,0.9933926463127136
853,33,7,61,D:\Skripsi\Experiment\data\raw\RGB1\S33\AC7\RGB1_SUB33ACT7F61.jpg,1,1,0.9934720993041992
854,33,7,76,D:\Skripsi\Experiment\data\raw\RGB1\S33\AC7\RGB1_SUB33ACT7F76.jpg,1,1,0.9857057332992554
855,33,7,91,D:\Skripsi\Experiment\data\raw\RGB1\S33\AC7\RGB1_SUB33ACT7F91.jpg,1,1,0.9743513464927673
856,33,8,1,D:\Skripsi\Experiment\data\raw\RGB1\S33\AC8\RGB1_SUB33ACT8F1.jpg,1,1,0.9436487555503845
857,33,8,106,D:\Skripsi\Experiment\data\raw\RGB1\S33\AC8\RGB1_SUB33ACT8F106.jpg,1,1,0.8713357448577881
858,33,8,16,D:\Skripsi\Experiment\data\raw\RGB1\S33\AC8\RGB1_SUB33ACT8F16.jpg,1,1,0.9728489518165588
859,33,8,31,D:\Skripsi\Experiment\data\raw\RGB1\S33\AC8\RGB1_SUB33ACT8F31.jpg,1,1,0.9850566983222961
860,33,8,46,D:\Skripsi\Experiment\data\raw\RGB1\S33\AC8\RGB1_SUB33ACT8F46.jpg,1,1,0.9977654218673706
861,33,8,61,D:\Skripsi\Experiment\data\raw\RGB1\S33\AC8\RGB1_SUB33ACT8F61.jpg,1,1,0.9927109479904175
862,33,8,76,D:\Skripsi\Experiment\data\raw\RGB1\S33\AC8\RGB1_SUB33ACT8F76.jpg,1,1,0.9962177872657776
863,33,8,91,D:\Skripsi\Experiment\data\raw\RGB1\S33\AC8\RGB1_SUB33ACT8F91.jpg,1,1,0.964337170124054
864,33,9,1,D:\Skripsi\Experiment\data\raw\RGB1\S33\AC9\RGB1_SUB33ACT9F1.jpg,1,0,0.11957471072673798
865,33,9,16,D:\Skripsi\Experiment\data\raw\RGB1\S33\AC9\RGB1_SUB33ACT9F16.jpg,1,0,0.4922122061252594
866,33,9,31,D:\Skripsi\Experiment\data\raw\RGB1\S33\AC9\RGB1_SUB33ACT9F31.jpg,1,1,0.8650910258293152
867,33,9,46,D:\Skripsi\Experiment\data\raw\RGB1\S33\AC9\RGB1_SUB33ACT9F46.jpg,1,1,0.7277262806892395
868,33,9,61,D:\Skripsi\Experiment\data\raw\RGB1\S33\AC9\RGB1_SUB33ACT9F61.jpg,1,1,0.9845987558364868
869,33,9,76,D:\Skripsi\Experiment\data\raw\RGB1\S33\AC9\RGB1_SUB33ACT9F76.jpg,1,1,0.9685453176498413
870,33,9,91,D:\Skripsi\Experiment\data\raw\RGB1\S33\AC9\RGB1_SUB33ACT9F91.jpg,1,1,0.9782269597053528
871,34,1,1,D:\Skripsi\Experiment\data\raw\RGB1\S34\AC1\RGB1_SUB34ACT1F1.jpg,0,0,0.0044357567094266415
872,34,1,16,D:\Skripsi\Experiment\data\raw\RGB1\S34\AC1\RGB1_SUB34ACT1F16.jpg,0,0,0.0016814274713397026
873,34,1,31,D:\Skripsi\Experiment\data\raw\RGB1\S34\AC1\RGB1_SUB34ACT1F31.jpg,0,0,0.002613344695419073
874,34,1,46,D:\Skripsi\Experiment\data\raw\RGB1\S34\AC1\RGB1_SUB34ACT1F46.jpg,0,0,0.03718569129705429
875,34,1,61,D:\Skripsi\Experiment\data\raw\RGB1\S34\AC1\RGB1_SUB34ACT1F61.jpg,0,0,0.0093960827216506
876,34,5,1,D:\Skripsi\Experiment\data\raw\RGB1\S34\AC5\RGB1_SUB34ACT5F1.jpg,1,1,0.9973344802856445
877,34,5,16,D:\Skripsi\Experiment\data\raw\RGB1\S34\AC5\RGB1_SUB34ACT5F16.jpg,1,1,0.989965558052063
878,34,5,31,D:\Skripsi\Experiment\data\raw\RGB1\S34\AC5\RGB1_SUB34ACT5F31.jpg,1,1,0.9900932908058167
879,34,5,46,D:\Skripsi\Experiment\data\raw\RGB1\S34\AC5\RGB1_SUB34ACT5F46.jpg,1,1,0.9917075037956238
880,34,5,61,D:\Skripsi\Experiment\data\raw\RGB1\S34\AC5\RGB1_SUB34ACT5F61.jpg,1,1,0.9914383888244629
881,34,5,76,D:\Skripsi\Experiment\data\raw\RGB1\S34\AC5\RGB1_SUB34ACT5F76.jpg,1,1,0.9869679808616638
882,34,6,1,D:\Skripsi\Experiment\data\raw\RGB1\S34\AC6\RGB1_SUB34ACT6F1.jpg,1,1,0.9874333739280701
883,34,6,16,D:\Skripsi\Experiment\data\raw\RGB1\S34\AC6\RGB1_SUB34ACT6F16.jpg,1,1,0.995752215385437
884,34,6,31,D:\Skripsi\Experiment\data\raw\RGB1\S34\AC6\RGB1_SUB34ACT6F31.jpg,1,1,0.994470477104187
885,34,6,46,D:\Skripsi\Experiment\data\raw\RGB1\S34\AC6\RGB1_SUB34ACT6F46.jpg,1,1,0.9959017634391785
886,34,6,61,D:\Skripsi\Experiment\data\raw\RGB1\S34\AC6\RGB1_SUB34ACT6F61.jpg,1,1,0.9936330318450928
887,34,7,1,D:\Skripsi\Experiment\data\raw\RGB1\S34\AC7\RGB1_SUB34ACT7F1.jpg,1,1,0.9925189018249512
888,34,7,16,D:\Skripsi\Experiment\data\raw\RGB1\S34\AC7\RGB1_SUB34ACT7F16.jpg,1,1,0.9839252233505249
889,34,7,31,D:\Skripsi\Experiment\data\raw\RGB1\S34\AC7\RGB1_SUB34ACT7F31.jpg,1,1,0.9886553287506104
890,34,7,46,D:\Skripsi\Experiment\data\raw\RGB1\S34\AC7\RGB1_SUB34ACT7F46.jpg,1,1,0.9968060255050659
891,34,7,61,D:\Skripsi\Experiment\data\raw\RGB1\S34\AC7\RGB1_SUB34ACT7F61.jpg,1,1,0.9969923496246338
892,34,7,76,D:\Skripsi\Experiment\data\raw\RGB1\S34\AC7\RGB1_SUB34ACT7F76.jpg,1,1,0.9940932393074036
893,34,8,1,D:\Skripsi\Experiment\data\raw\RGB1\S34\AC8\RGB1_SUB34ACT8F1.jpg,1,1,0.9931801557540894
894,34,8,16,D:\Skripsi\Experiment\data\raw\RGB1\S34\AC8\RGB1_SUB34ACT8F16.jpg,1,1,0.9855124354362488
895,34,8,31,D:\Skripsi\Experiment\data\raw\RGB1\S34\AC8\RGB1_SUB34ACT8F31.jpg,1,1,0.9610998034477234
896,34,8,46,D:\Skripsi\Experiment\data\raw\RGB1\S34\AC8\RGB1_SUB34ACT8F46.jpg,1,1,0.9653294682502747
897,34,8,61,D:\Skripsi\Experiment\data\raw\RGB1\S34\AC8\RGB1_SUB34ACT8F61.jpg,1,1,0.9795231819152832
898,34,8,76,D:\Skripsi\Experiment\data\raw\RGB1\S34\AC8\RGB1_SUB34ACT8F76.jpg,1,1,0.9967654943466187
899,34,8,91,D:\Skripsi\Experiment\data\raw\RGB1\S34\AC8\RGB1_SUB34ACT8F91.jpg,1,1,0.98714280128479
900,34,9,1,D:\Skripsi\Experiment\data\raw\RGB1\S34\AC9\RGB1_SUB34ACT9F1.jpg,1,1,0.9789090156555176
901,34,9,16,D:\Skripsi\Experiment\data\raw\RGB1\S34\AC9\RGB1_SUB34ACT9F16.jpg,1,1,0.9959385395050049
902,34,9,31,D:\Skripsi\Experiment\data\raw\RGB1\S34\AC9\RGB1_SUB34ACT9F31.jpg,1,1,0.9887135028839111
903,34,9,46,D:\Skripsi\Experiment\data\raw\RGB1\S34\AC9\RGB1_SUB34ACT9F46.jpg,1,1,0.9917665123939514
904,34,9,61,D:\Skripsi\Experiment\data\raw\RGB1\S34\AC9\RGB1_SUB34ACT9F61.jpg,1,1,0.9686878323554993
905,34,9,76,D:\Skripsi\Experiment\data\raw\RGB1\S34\AC9\RGB1_SUB34ACT9F76.jpg,1,1,0.9953475594520569
906,35,1,1,D:\Skripsi\Experiment\data\raw\RGB1\S35\AC1\RGB1_SUB35ACT1F1.jpg,0,0,0.15583382546901703
907,35,1,106,D:\Skripsi\Experiment\data\raw\RGB1\S35\AC1\RGB1_SUB35ACT1F106.jpg,0,0,0.0039032346103340387
908,35,1,121,D:\Skripsi\Experiment\data\raw\RGB1\S35\AC1\RGB1_SUB35ACT1F121.jpg,0,0,0.0027360233943909407
909,35,1,16,D:\Skripsi\Experiment\data\raw\RGB1\S35\AC1\RGB1_SUB35ACT1F16.jpg,0,0,0.00388748524710536
910,35,1,31,D:\Skripsi\Experiment\data\raw\RGB1\S35\AC1\RGB1_SUB35ACT1F31.jpg,0,0,0.06628495454788208
911,35,1,46,D:\Skripsi\Experiment\data\raw\RGB1\S35\AC1\RGB1_SUB35ACT1F46.jpg,0,0,0.006555573549121618
912,35,1,61,D:\Skripsi\Experiment\data\raw\RGB1\S35\AC1\RGB1_SUB35ACT1F61.jpg,0,0,0.003100669477134943
913,35,1,76,D:\Skripsi\Experiment\data\raw\RGB1\S35\AC1\RGB1_SUB35ACT1F76.jpg,0,0,0.002355082891881466
914,35,1,91,D:\Skripsi\Experiment\data\raw\RGB1\S35\AC1\RGB1_SUB35ACT1F91.jpg,0,0,0.0005653080297634006
915,35,5,1,D:\Skripsi\Experiment\data\raw\RGB1\S35\AC5\RGB1_SUB35ACT5F1.jpg,1,1,0.9983287453651428
916,35,5,106,D:\Skripsi\Experiment\data\raw\RGB1\S35\AC5\RGB1_SUB35ACT5F106.jpg,1,1,0.990509033203125
917,35,5,16,D:\Skripsi\Experiment\data\raw\RGB1\S35\AC5\RGB1_SUB35ACT5F16.jpg,1,1,0.9914267063140869
918,35,5,31,D:\Skripsi\Experiment\data\raw\RGB1\S35\AC5\RGB1_SUB35ACT5F31.jpg,1,1,0.9878391027450562
919,35,5,46,D:\Skripsi\Experiment\data\raw\RGB1\S35\AC5\RGB1_SUB35ACT5F46.jpg,1,1,0.9770532846450806
920,35,5,61,D:\Skripsi\Experiment\data\raw\RGB1\S35\AC5\RGB1_SUB35ACT5F61.jpg,1,1,0.9350869655609131
921,35,5,76,D:\Skripsi\Experiment\data\raw\RGB1\S35\AC5\RGB1_SUB35ACT5F76.jpg,1,1,0.901995062828064
922,35,5,91,D:\Skripsi\Experiment\data\raw\RGB1\S35\AC5\RGB1_SUB35ACT5F91.jpg,1,1,0.9672613739967346
923,35,6,1,D:\Skripsi\Experiment\data\raw\RGB1\S35\AC6\RGB1_SUB35ACT6F1.jpg,1,1,0.9741575717926025
924,35,6,106,D:\Skripsi\Experiment\data\raw\RGB1\S35\AC6\RGB1_SUB35ACT6F106.jpg,1,1,0.9755786061286926
925,35,6,121,D:\Skripsi\Experiment\data\raw\RGB1\S35\AC6\RGB1_SUB35ACT6F121.jpg,1,1,0.9456467032432556
926,35,6,136,D:\Skripsi\Experiment\data\raw\RGB1\S35\AC6\RGB1_SUB35ACT6F136.jpg,1,1,0.9269413352012634
927,35,6,151,D:\Skripsi\Experiment\data\raw\RGB1\S35\AC6\RGB1_SUB35ACT6F151.jpg,1,1,0.990592896938324
928,35,6,16,D:\Skripsi\Experiment\data\raw\RGB1\S35\AC6\RGB1_SUB35ACT6F16.jpg,1,1,0.9835450053215027
929,35,6,166,D:\Skripsi\Experiment\data\raw\RGB1\S35\AC6\RGB1_SUB35ACT6F166.jpg,1,1,0.979576587677002
930,35,6,31,D:\Skripsi\Experiment\data\raw\RGB1\S35\AC6\RGB1_SUB35ACT6F31.jpg,1,1,0.9752383232116699
931,35,6,46,D:\Skripsi\Experiment\data\raw\RGB1\S35\AC6\RGB1_SUB35ACT6F46.jpg,1,1,0.9894736409187317
932,35,6,61,D:\Skripsi\Experiment\data\raw\RGB1\S35\AC6\RGB1_SUB35ACT6F61.jpg,1,1,0.9668052792549133
933,35,6,76,D:\Skripsi\Experiment\data\raw\RGB1\S35\AC6\RGB1_SUB35ACT6F76.jpg,1,1,0.9686329960823059
934,35,6,91,D:\Skripsi\Experiment\data\raw\RGB1\S35\AC6\RGB1_SUB35ACT6F91.jpg,1,1,0.9854793548583984
935,35,7,1,D:\Skripsi\Experiment\data\raw\RGB1\S35\AC7\RGB1_SUB35ACT7F1.jpg,1,1,0.9815278053283691
936,35,7,106,D:\Skripsi\Experiment\data\raw\RGB1\S35\AC7\RGB1_SUB35ACT7F106.jpg,1,1,0.9824455976486206
937,35,7,121,D:\Skripsi\Experiment\data\raw\RGB1\S35\AC7\RGB1_SUB35ACT7F121.jpg,1,1,0.9795736074447632
938,35,7,136,D:\Skripsi\Experiment\data\raw\RGB1\S35\AC7\RGB1_SUB35ACT7F136.jpg,1,1,0.9533635973930359
939,35,7,151,D:\Skripsi\Experiment\data\raw\RGB1\S35\AC7\RGB1_SUB35ACT7F151.jpg,1,1,0.9916446805000305
940,35,7,16,D:\Skripsi\Experiment\data\raw\RGB1\S35\AC7\RGB1_SUB35ACT7F16.jpg,1,1,0.9223721027374268
941,35,7,166,D:\Skripsi\Experiment\data\raw\RGB1\S35\AC7\RGB1_SUB35ACT7F166.jpg,1,1,0.9775936603546143
942,35,7,181,D:\Skripsi\Experiment\data\raw\RGB1\S35\AC7\RGB1_SUB35ACT7F181.jpg,1,1,0.9911279678344727
943,35,7,31,D:\Skripsi\Experiment\data\raw\RGB1\S35\AC7\RGB1_SUB35ACT7F31.jpg,1,1,0.9847192764282227
944,35,7,46,D:\Skripsi\Experiment\data\raw\RGB1\S35\AC7\RGB1_SUB35ACT7F46.jpg,1,1,0.9870399832725525
945,35,7,61,D:\Skripsi\Experiment\data\raw\RGB1\S35\AC7\RGB1_SUB35ACT7F61.jpg,1,1,0.9634681344032288
946,35,7,76,D:\Skripsi\Experiment\data\raw\RGB1\S35\AC7\RGB1_SUB35ACT7F76.jpg,1,1,0.989600419998169
947,35,7,91,D:\Skripsi\Experiment\data\raw\RGB1\S35\AC7\RGB1_SUB35ACT7F91.jpg,1,1,0.9330533742904663
948,35,8,1,D:\Skripsi\Experiment\data\raw\RGB1\S35\AC8\RGB1_SUB35ACT8F1.jpg,1,1,0.9708022475242615
949,35,8,106,D:\Skripsi\Experiment\data\raw\RGB1\S35\AC8\RGB1_SUB35ACT8F106.jpg,1,1,0.83370041847229
950,35,8,16,D:\Skripsi\Experiment\data\raw\RGB1\S35\AC8\RGB1_SUB35ACT8F16.jpg,1,1,0.9560126066207886
951,35,8,31,D:\Skripsi\Experiment\data\raw\RGB1\S35\AC8\RGB1_SUB35ACT8F31.jpg,1,1,0.9412335157394409
952,35,8,46,D:\Skripsi\Experiment\data\raw\RGB1\S35\AC8\RGB1_SUB35ACT8F46.jpg,1,1,0.9801943302154541
953,35,8,61,D:\Skripsi\Experiment\data\raw\RGB1\S35\AC8\RGB1_SUB35ACT8F61.jpg,1,1,0.982694685459137
954,35,8,76,D:\Skripsi\Experiment\data\raw\RGB1\S35\AC8\RGB1_SUB35ACT8F76.jpg,1,1,0.9766298532485962
955,35,8,91,D:\Skripsi\Experiment\data\raw\RGB1\S35\AC8\RGB1_SUB35ACT8F91.jpg,1,1,0.8446446657180786
956,35,9,1,D:\Skripsi\Experiment\data\raw\RGB1\S35\AC9\RGB1_SUB35ACT9F1.jpg,1,1,0.9736288785934448
957,35,9,106,D:\Skripsi\Experiment\data\raw\RGB1\S35\AC9\RGB1_SUB35ACT9F106.jpg,1,1,0.949650764465332
958,35,9,121,D:\Skripsi\Experiment\data\raw\RGB1\S35\AC9\RGB1_SUB35ACT9F121.jpg,1,1,0.9850290417671204
959,35,9,16,D:\Skripsi\Experiment\data\raw\RGB1\S35\AC9\RGB1_SUB35ACT9F16.jpg,1,1,0.9866855144500732
960,35,9,31,D:\Skripsi\Experiment\data\raw\RGB1\S35\AC9\RGB1_SUB35ACT9F31.jpg,1,1,0.9559895992279053
961,35,9,46,D:\Skripsi\Experiment\data\raw\RGB1\S35\AC9\RGB1_SUB35ACT9F46.jpg,1,1,0.9808102250099182
962,35,9,61,D:\Skripsi\Experiment\data\raw\RGB1\S35\AC9\RGB1_SUB35ACT9F61.jpg,1,1,0.9058096408843994
963,35,9,76,D:\Skripsi\Experiment\data\raw\RGB1\S35\AC9\RGB1_SUB35ACT9F76.jpg,1,1,0.954504132270813
964,35,9,91,D:\Skripsi\Experiment\data\raw\RGB1\S35\AC9\RGB1_SUB35ACT9F91.jpg,1,1,0.974284291267395
965,36,1,1,D:\Skripsi\Experiment\data\raw\RGB1\S36\AC1\RGB1_SUB36ACT1F1.jpg,0,0,0.007961949333548546
966,36,1,106,D:\Skripsi\Experiment\data\raw\RGB1\S36\AC1\RGB1_SUB36ACT1F106.jpg,0,0,0.011165673844516277
967,36,1,121,D:\Skripsi\Experiment\data\raw\RGB1\S36\AC1\RGB1_SUB36ACT1F121.jpg,0,1,0.7616450786590576
968,36,1,16,D:\Skripsi\Experiment\data\raw\RGB1\S36\AC1\RGB1_SUB36ACT1F16.jpg,0,0,0.017333298921585083
969,36,1,31,D:\Skripsi\Experiment\data\raw\RGB1\S36\AC1\RGB1_SUB36ACT1F31.jpg,0,0,0.015166597440838814
970,36,1,46,D:\Skripsi\Experiment\data\raw\RGB1\S36\AC1\RGB1_SUB36ACT1F46.jpg,0,0,0.00841217115521431
971,36,1,61,D:\Skripsi\Experiment\data\raw\RGB1\S36\AC1\RGB1_SUB36ACT1F61.jpg,0,0,0.001612067106179893
972,36,1,76,D:\Skripsi\Experiment\data\raw\RGB1\S36\AC1\RGB1_SUB36ACT1F76.jpg,0,0,0.0015525720082223415
973,36,1,91,D:\Skripsi\Experiment\data\raw\RGB1\S36\AC1\RGB1_SUB36ACT1F91.jpg,0,0,0.0466625802218914
974,36,5,1,D:\Skripsi\Experiment\data\raw\RGB1\S36\AC5\RGB1_SUB36ACT5F1.jpg,1,1,0.989662766456604
975,36,5,106,D:\Skripsi\Experiment\data\raw\RGB1\S36\AC5\RGB1_SUB36ACT5F106.jpg,1,1,0.9962814450263977
976,36,5,121,D:\Skripsi\Experiment\data\raw\RGB1\S36\AC5\RGB1_SUB36ACT5F121.jpg,1,1,0.9927924871444702
977,36,5,136,D:\Skripsi\Experiment\data\raw\RGB1\S36\AC5\RGB1_SUB36ACT5F136.jpg,1,1,0.9921571016311646
978,36,5,16,D:\Skripsi\Experiment\data\raw\RGB1\S36\AC5\RGB1_SUB36ACT5F16.jpg,1,1,0.9970480799674988
979,36,5,31,D:\Skripsi\Experiment\data\raw\RGB1\S36\AC5\RGB1_SUB36ACT5F31.jpg,1,1,0.9856282472610474
980,36,5,46,D:\Skripsi\Experiment\data\raw\RGB1\S36\AC5\RGB1_SUB36ACT5F46.jpg,1,1,0.9082947373390198
981,36,5,61,D:\Skripsi\Experiment\data\raw\RGB1\S36\AC5\RGB1_SUB36ACT5F61.jpg,1,1,0.9797269105911255
982,36,5,76,D:\Skripsi\Experiment\data\raw\RGB1\S36\AC5\RGB1_SUB36ACT5F76.jpg,1,1,0.9908329844474792
983,36,5,91,D:\Skripsi\Experiment\data\raw\RGB1\S36\AC5\RGB1_SUB36ACT5F91.jpg,1,1,0.9943011999130249
984,36,6,1,D:\Skripsi\Experiment\data\raw\RGB1\S36\AC6\RGB1_SUB36ACT6F1.jpg,1,1,0.9732508659362793
985,36,6,16,D:\Skripsi\Experiment\data\raw\RGB1\S36\AC6\RGB1_SUB36ACT6F16.jpg,1,1,0.992634117603302
986,36,6,31,D:\Skripsi\Experiment\data\raw\RGB1\S36\AC6\RGB1_SUB36ACT6F31.jpg,1,1,0.9779038429260254
987,36,6,46,D:\Skripsi\Experiment\data\raw\RGB1\S36\AC6\RGB1_SUB36ACT6F46.jpg,1,1,0.9833552241325378
988,36,6,61,D:\Skripsi\Experiment\data\raw\RGB1\S36\AC6\RGB1_SUB36ACT6F61.jpg,1,1,0.9936990737915039
989,36,6,76,D:\Skripsi\Experiment\data\raw\RGB1\S36\AC6\RGB1_SUB36ACT6F76.jpg,1,1,0.9926924109458923
990,36,6,91,D:\Skripsi\Experiment\data\raw\RGB1\S36\AC6\RGB1_SUB36ACT6F91.jpg,1,1,0.9915546774864197
991,36,7,1,D:\Skripsi\Experiment\data\raw\RGB1\S36\AC7\RGB1_SUB36ACT7F1.jpg,1,1,0.9718976616859436
992,36,7,106,D:\Skripsi\Experiment\data\raw\RGB1\S36\AC7\RGB1_SUB36ACT7F106.jpg,1,1,0.9969933032989502
993,36,7,121,D:\Skripsi\Experiment\data\raw\RGB1\S36\AC7\RGB1_SUB36ACT7F121.jpg,1,1,0.9969484210014343
994,36,7,16,D:\Skripsi\Experiment\data\raw\RGB1\S36\AC7\RGB1_SUB36ACT7F16.jpg,1,1,0.9978838562965393
995,36,7,31,D:\Skripsi\Experiment\data\raw\RGB1\S36\AC7\RGB1_SUB36ACT7F31.jpg,1,1,0.9903048276901245
996,36,7,46,D:\Skripsi\Experiment\data\raw\RGB1\S36\AC7\RGB1_SUB36ACT7F46.jpg,1,1,0.9942899942398071
997,36,7,61,D:\Skripsi\Experiment\data\raw\RGB1\S36\AC7\RGB1_SUB36ACT7F61.jpg,1,1,0.9875691533088684
998,36,7,76,D:\Skripsi\Experiment\data\raw\RGB1\S36\AC7\RGB1_SUB36ACT7F76.jpg,1,1,0.9928866028785706
999,36,7,91,D:\Skripsi\Experiment\data\raw\RGB1\S36\AC7\RGB1_SUB36ACT7F91.jpg,1,1,0.9974263310432434
1000,36,8,1,D:\Skripsi\Experiment\data\raw\RGB1\S36\AC8\RGB1_SUB36ACT8F1.jpg,1,1,0.9862284660339355
1001,36,8,106,D:\Skripsi\Experiment\data\raw\RGB1\S36\AC8\RGB1_SUB36ACT8F106.jpg,1,1,0.9935421943664551
1002,36,8,121,D:\Skripsi\Experiment\data\raw\RGB1\S36\AC8\RGB1_SUB36ACT8F121.jpg,1,1,0.9848219752311707
1003,36,8,136,D:\Skripsi\Experiment\data\raw\RGB1\S36\AC8\RGB1_SUB36ACT8F136.jpg,1,1,0.9885468482971191
1004,36,8,16,D:\Skripsi\Experiment\data\raw\RGB1\S36\AC8\RGB1_SUB36ACT8F16.jpg,1,1,0.9956151247024536
1005,36,8,31,D:\Skripsi\Experiment\data\raw\RGB1\S36\AC8\RGB1_SUB36ACT8F31.jpg,1,1,0.9917277097702026
1006,36,8,46,D:\Skripsi\Experiment\data\raw\RGB1\S36\AC8\RGB1_SUB36ACT8F46.jpg,1,1,0.9952611327171326
1007,36,8,61,D:\Skripsi\Experiment\data\raw\RGB1\S36\AC8\RGB1_SUB36ACT8F61.jpg,1,1,0.9903934597969055
1008,36,8,76,D:\Skripsi\Experiment\data\raw\RGB1\S36\AC8\RGB1_SUB36ACT8F76.jpg,1,1,0.9903658628463745
1009,36,8,91,D:\Skripsi\Experiment\data\raw\RGB1\S36\AC8\RGB1_SUB36ACT8F91.jpg,1,1,0.9868432879447937
1010,36,9,1,D:\Skripsi\Experiment\data\raw\RGB1\S36\AC9\RGB1_SUB36ACT9F1.jpg,1,1,0.9539141058921814
1011,36,9,106,D:\Skripsi\Experiment\data\raw\RGB1\S36\AC9\RGB1_SUB36ACT9F106.jpg,1,1,0.9227979183197021
1012,36,9,121,D:\Skripsi\Experiment\data\raw\RGB1\S36\AC9\RGB1_SUB36ACT9F121.jpg,1,1,0.5228890180587769
1013,36,9,136,D:\Skripsi\Experiment\data\raw\RGB1\S36\AC9\RGB1_SUB36ACT9F136.jpg,1,1,0.6302494406700134
1014,36,9,151,D:\Skripsi\Experiment\data\raw\RGB1\S36\AC9\RGB1_SUB36ACT9F151.jpg,1,1,0.9740127921104431
1015,36,9,16,D:\Skripsi\Experiment\data\raw\RGB1\S36\AC9\RGB1_SUB36ACT9F16.jpg,1,1,0.9859191179275513
1016,36,9,31,D:\Skripsi\Experiment\data\raw\RGB1\S36\AC9\RGB1_SUB36ACT9F31.jpg,1,1,0.8909893035888672
1017,36,9,46,D:\Skripsi\Experiment\data\raw\RGB1\S36\AC9\RGB1_SUB36ACT9F46.jpg,1,1,0.9230766892433167
1018,36,9,61,D:\Skripsi\Experiment\data\raw\RGB1\S36\AC9\RGB1_SUB36ACT9F61.jpg,1,1,0.939582884311676
1019,36,9,76,D:\Skripsi\Experiment\data\raw\RGB1\S36\AC9\RGB1_SUB36ACT9F76.jpg,1,1,0.9189386963844299
1020,36,9,91,D:\Skripsi\Experiment\data\raw\RGB1\S36\AC9\RGB1_SUB36ACT9F91.jpg,1,1,0.7636848092079163
1021,37,1,1,D:\Skripsi\Experiment\data\raw\RGB1\S37\AC1\RGB1_SUB37ACT1F1.jpg,0,0,6.582000787602738e-05
1022,37,1,106,D:\Skripsi\Experiment\data\raw\RGB1\S37\AC1\RGB1_SUB37ACT1F106.jpg,0,0,5.3596566431224346e-05
1023,37,1,121,D:\Skripsi\Experiment\data\raw\RGB1\S37\AC1\RGB1_SUB37ACT1F121.jpg,0,0,9.073531691683456e-05
1024,37,1,136,D:\Skripsi\Experiment\data\raw\RGB1\S37\AC1\RGB1_SUB37ACT1F136.jpg,0,0,0.00037032284308224916
1025,37,1,16,D:\Skripsi\Experiment\data\raw\RGB1\S37\AC1\RGB1_SUB37ACT1F16.jpg,0,0,3.295224450994283e-05
1026,37,1,31,D:\Skripsi\Experiment\data\raw\RGB1\S37\AC1\RGB1_SUB37ACT1F31.jpg,0,0,2.050733928626869e-05
1027,37,1,46,D:\Skripsi\Experiment\data\raw\RGB1\S37\AC1\RGB1_SUB37ACT1F46.jpg,0,0,2.8285661755944602e-05
1028,37,1,61,D:\Skripsi\Experiment\data\raw\RGB1\S37\AC1\RGB1_SUB37ACT1F61.jpg,0,0,4.2506493628025055e-05
1029,37,1,76,D:\Skripsi\Experiment\data\raw\RGB1\S37\AC1\RGB1_SUB37ACT1F76.jpg,0,0,3.0017952667549253e-05
1030,37,1,91,D:\Skripsi\Experiment\data\raw\RGB1\S37\AC1\RGB1_SUB37ACT1F91.jpg,0,0,0.00012480323493946344
1031,37,5,1,D:\Skripsi\Experiment\data\raw\RGB1\S37\AC5\RGB1_SUB37ACT5F1.jpg,1,1,0.97580486536026
1032,37,5,106,D:\Skripsi\Experiment\data\raw\RGB1\S37\AC5\RGB1_SUB37ACT5F106.jpg,1,1,0.9925572872161865
1033,37,5,121,D:\Skripsi\Experiment\data\raw\RGB1\S37\AC5\RGB1_SUB37ACT5F121.jpg,1,1,0.9872565269470215
1034,37,5,16,D:\Skripsi\Experiment\data\raw\RGB1\S37\AC5\RGB1_SUB37ACT5F16.jpg,1,1,0.9730728268623352
1035,37,5,31,D:\Skripsi\Experiment\data\raw\RGB1\S37\AC5\RGB1_SUB37ACT5F31.jpg,1,1,0.9837766885757446
1036,37,5,46,D:\Skripsi\Experiment\data\raw\RGB1\S37\AC5\RGB1_SUB37ACT5F46.jpg,1,1,0.924423098564148
1037,37,5,61,D:\Skripsi\Experiment\data\raw\RGB1\S37\AC5\RGB1_SUB37ACT5F61.jpg,1,1,0.9931227564811707
1038,37,5,76,D:\Skripsi\Experiment\data\raw\RGB1\S37\AC5\RGB1_SUB37ACT5F76.jpg,1,1,0.9912707805633545
1039,37,5,91,D:\Skripsi\Experiment\data\raw\RGB1\S37\AC5\RGB1_SUB37ACT5F91.jpg,1,1,0.9890614748001099
1040,37,6,1,D:\Skripsi\Experiment\data\raw\RGB1\S37\AC6\RGB1_SUB37ACT6F1.jpg,1,1,0.9741768836975098
1041,37,6,106,D:\Skripsi\Experiment\data\raw\RGB1\S37\AC6\RGB1_SUB37ACT6F106.jpg,1,1,0.9254086017608643
1042,37,6,121,D:\Skripsi\Experiment\data\raw\RGB1\S37\AC6\RGB1_SUB37ACT6F121.jpg,1,1,0.9989308714866638
1043,37,6,136,D:\Skripsi\Experiment\data\raw\RGB1\S37\AC6\RGB1_SUB37ACT6F136.jpg,1,1,0.9744732975959778
1044,37,6,16,D:\Skripsi\Experiment\data\raw\RGB1\S37\AC6\RGB1_SUB37ACT6F16.jpg,1,1,0.9814382791519165
1045,37,6,31,D:\Skripsi\Experiment\data\raw\RGB1\S37\AC6\RGB1_SUB37ACT6F31.jpg,1,1,0.953965425491333
1046,37,6,46,D:\Skripsi\Experiment\data\raw\RGB1\S37\AC6\RGB1_SUB37ACT6F46.jpg,1,1,0.9755604267120361
1047,37,6,61,D:\Skripsi\Experiment\data\raw\RGB1\S37\AC6\RGB1_SUB37ACT6F61.jpg,1,1,0.9929251670837402
1048,37,6,76,D:\Skripsi\Experiment\data\raw\RGB1\S37\AC6\RGB1_SUB37ACT6F76.jpg,1,1,0.9788172841072083
1049,37,6,91,D:\Skripsi\Experiment\data\raw\RGB1\S37\AC6\RGB1_SUB37ACT6F91.jpg,1,1,0.8642973303794861
1050,37,7,1,D:\Skripsi\Experiment\data\raw\RGB1\S37\AC7\RGB1_SUB37ACT7F1.jpg,1,1,0.8366084694862366
1051,37,7,106,D:\Skripsi\Experiment\data\raw\RGB1\S37\AC7\RGB1_SUB37ACT7F106.jpg,1,1,0.9903616905212402
1052,37,7,121,D:\Skripsi\Experiment\data\raw\RGB1\S37\AC7\RGB1_SUB37ACT7F121.jpg,1,1,0.9585349559783936
1053,37,7,136,D:\Skripsi\Experiment\data\raw\RGB1\S37\AC7\RGB1_SUB37ACT7F136.jpg,1,1,0.9865133166313171
1054,37,7,151,D:\Skripsi\Experiment\data\raw\RGB1\S37\AC7\RGB1_SUB37ACT7F151.jpg,1,1,0.9900431632995605
1055,37,7,16,D:\Skripsi\Experiment\data\raw\RGB1\S37\AC7\RGB1_SUB37ACT7F16.jpg,1,1,0.9707043766975403
1056,37,7,166,D:\Skripsi\Experiment\data\raw\RGB1\S37\AC7\RGB1_SUB37ACT7F166.jpg,1,1,0.9801027178764343
1057,37,7,31,D:\Skripsi\Experiment\data\raw\RGB1\S37\AC7\RGB1_SUB37ACT7F31.jpg,1,1,0.9717616438865662
1058,37,7,46,D:\Skripsi\Experiment\data\raw\RGB1\S37\AC7\RGB1_SUB37ACT7F46.jpg,1,1,0.9632353782653809
1059,37,7,61,D:\Skripsi\Experiment\data\raw\RGB1\S37\AC7\RGB1_SUB37ACT7F61.jpg,1,1,0.9787361025810242
1060,37,7,76,D:\Skripsi\Experiment\data\raw\RGB1\S37\AC7\RGB1_SUB37ACT7F76.jpg,1,1,0.970737636089325
1061,37,7,91,D:\Skripsi\Experiment\data\raw\RGB1\S37\AC7\RGB1_SUB37ACT7F91.jpg,1,1,0.9896049499511719
1062,37,8,1,D:\Skripsi\Experiment\data\raw\RGB1\S37\AC8\RGB1_SUB37ACT8F1.jpg,1,1,0.98021000623703
1063,37,8,106,D:\Skripsi\Experiment\data\raw\RGB1\S37\AC8\RGB1_SUB37ACT8F106.jpg,1,1,0.9941086769104004
1064,37,8,121,D:\Skripsi\Experiment\data\raw\RGB1\S37\AC8\RGB1_SUB37ACT8F121.jpg,1,1,0.9938457608222961
1065,37,8,136,D:\Skripsi\Experiment\data\raw\RGB1\S37\AC8\RGB1_SUB37ACT8F136.jpg,1,1,0.9936057329177856
1066,37,8,151,D:\Skripsi\Experiment\data\raw\RGB1\S37\AC8\RGB1_SUB37ACT8F151.jpg,1,1,0.9964117407798767
1067,37,8,16,D:\Skripsi\Experiment\data\raw\RGB1\S37\AC8\RGB1_SUB37ACT8F16.jpg,1,1,0.9781001210212708
1068,37,8,166,D:\Skripsi\Experiment\data\raw\RGB1\S37\AC8\RGB1_SUB37ACT8F166.jpg,1,1,0.9990665316581726
1069,37,8,31,D:\Skripsi\Experiment\data\raw\RGB1\S37\AC8\RGB1_SUB37ACT8F31.jpg,1,1,0.9932142496109009
1070,37,8,46,D:\Skripsi\Experiment\data\raw\RGB1\S37\AC8\RGB1_SUB37ACT8F46.jpg,1,1,0.9964932799339294
1071,37,8,61,D:\Skripsi\Experiment\data\raw\RGB1\S37\AC8\RGB1_SUB37ACT8F61.jpg,1,1,0.9978152513504028
1072,37,8,76,D:\Skripsi\Experiment\data\raw\RGB1\S37\AC8\RGB1_SUB37ACT8F76.jpg,1,1,0.9901725053787231
1073,37,8,91,D:\Skripsi\Experiment\data\raw\RGB1\S37\AC8\RGB1_SUB37ACT8F91.jpg,1,1,0.9984573125839233
1074,37,9,1,D:\Skripsi\Experiment\data\raw\RGB1\S37\AC9\RGB1_SUB37ACT9F1.jpg,1,1,0.9883090257644653
1075,37,9,106,D:\Skripsi\Experiment\data\raw\RGB1\S37\AC9\RGB1_SUB37ACT9F106.jpg,1,1,0.9665548801422119
1076,37,9,121,D:\Skripsi\Experiment\data\raw\RGB1\S37\AC9\RGB1_SUB37ACT9F121.jpg,1,1,0.9733356833457947
1077,37,9,136,D:\Skripsi\Experiment\data\raw\RGB1\S37\AC9\RGB1_SUB37ACT9F136.jpg,1,1,0.8795896768569946
1078,37,9,151,D:\Skripsi\Experiment\data\raw\RGB1\S37\AC9\RGB1_SUB37ACT9F151.jpg,1,1,0.9817719459533691
1079,37,9,16,D:\Skripsi\Experiment\data\raw\RGB1\S37\AC9\RGB1_SUB37ACT9F16.jpg,1,1,0.9695545434951782
1080,37,9,166,D:\Skripsi\Experiment\data\raw\RGB1\S37\AC9\RGB1_SUB37ACT9F166.jpg,1,1,0.7831859588623047
1081,37,9,31,D:\Skripsi\Experiment\data\raw\RGB1\S37\AC9\RGB1_SUB37ACT9F31.jpg,1,1,0.9716396331787109
1082,37,9,46,D:\Skripsi\Experiment\data\raw\RGB1\S37\AC9\RGB1_SUB37ACT9F46.jpg,1,1,0.9174754023551941
1083,37,9,61,D:\Skripsi\Experiment\data\raw\RGB1\S37\AC9\RGB1_SUB37ACT9F61.jpg,1,1,0.9718765020370483
1084,37,9,76,D:\Skripsi\Experiment\data\raw\RGB1\S37\AC9\RGB1_SUB37ACT9F76.jpg,1,1,0.9508301019668579
1085,37,9,91,D:\Skripsi\Experiment\data\raw\RGB1\S37\AC9\RGB1_SUB37ACT9F91.jpg,1,1,0.9807680249214172
1086,38,1,1,D:\Skripsi\Experiment\data\raw\RGB1\S38\AC1\RGB1_SUB38ACT1F1.jpg,0,0,0.2540934979915619
1087,38,1,106,D:\Skripsi\Experiment\data\raw\RGB1\S38\AC1\RGB1_SUB38ACT1F106.jpg,0,0,0.0007160208187997341
1088,38,1,121,D:\Skripsi\Experiment\data\raw\RGB1\S38\AC1\RGB1_SUB38ACT1F121.jpg,0,0,0.0011139558628201485
1089,38,1,16,D:\Skripsi\Experiment\data\raw\RGB1\S38\AC1\RGB1_SUB38ACT1F16.jpg,0,0,0.0080570662394166
1090,38,1,31,D:\Skripsi\Experiment\data\raw\RGB1\S38\AC1\RGB1_SUB38ACT1F31.jpg,0,0,0.002426119986921549
1091,38,1,46,D:\Skripsi\Experiment\data\raw\RGB1\S38\AC1\RGB1_SUB38ACT1F46.jpg,0,0,0.010287159122526646
1092,38,1,61,D:\Skripsi\Experiment\data\raw\RGB1\S38\AC1\RGB1_SUB38ACT1F61.jpg,0,0,0.007738939020782709
1093,38,1,76,D:\Skripsi\Experiment\data\raw\RGB1\S38\AC1\RGB1_SUB38ACT1F76.jpg,0,0,0.0022974987514317036
1094,38,1,91,D:\Skripsi\Experiment\data\raw\RGB1\S38\AC1\RGB1_SUB38ACT1F91.jpg,0,0,0.3175692856311798
1095,38,5,1,D:\Skripsi\Experiment\data\raw\RGB1\S38\AC5\RGB1_SUB38ACT5F1.jpg,1,1,0.9838836789131165
1096,38,5,106,D:\Skripsi\Experiment\data\raw\RGB1\S38\AC5\RGB1_SUB38ACT5F106.jpg,1,1,0.9933585524559021
1097,38,5,16,D:\Skripsi\Experiment\data\raw\RGB1\S38\AC5\RGB1_SUB38ACT5F16.jpg,1,1,0.946247935295105
1098,38,5,31,D:\Skripsi\Experiment\data\raw\RGB1\S38\AC5\RGB1_SUB38ACT5F31.jpg,1,1,0.9036961197853088
1099,38,5,46,D:\Skripsi\Experiment\data\raw\RGB1\S38\AC5\RGB1_SUB38ACT5F46.jpg,1,1,0.8853103518486023
1100,38,5,61,D:\Skripsi\Experiment\data\raw\RGB1\S38\AC5\RGB1_SUB38ACT5F61.jpg,1,1,0.939767599105835
1101,38,5,76,D:\Skripsi\Experiment\data\raw\RGB1\S38\AC5\RGB1_SUB38ACT5F76.jpg,1,1,0.9680773615837097
1102,38,5,91,D:\Skripsi\Experiment\data\raw\RGB1\S38\AC5\RGB1_SUB38ACT5F91.jpg,1,1,0.9823373556137085
1103,38,6,1,D:\Skripsi\Experiment\data\raw\RGB1\S38\AC6\RGB1_SUB38ACT6F1.jpg,1,1,0.9733824729919434
1104,38,6,106,D:\Skripsi\Experiment\data\raw\RGB1\S38\AC6\RGB1_SUB38ACT6F106.jpg,1,1,0.9749888181686401
1105,38,6,16,D:\Skripsi\Experiment\data\raw\RGB1\S38\AC6\RGB1_SUB38ACT6F16.jpg,1,1,0.9893408417701721
1106,38,6,31,D:\Skripsi\Experiment\data\raw\RGB1\S38\AC6\RGB1_SUB38ACT6F31.jpg,1,1,0.81850266456604
1107,38,6,46,D:\Skripsi\Experiment\data\raw\RGB1\S38\AC6\RGB1_SUB38ACT6F46.jpg,1,1,0.9458602070808411
1108,38,6,61,D:\Skripsi\Experiment\data\raw\RGB1\S38\AC6\RGB1_SUB38ACT6F61.jpg,1,1,0.9882819056510925
1109,38,6,76,D:\Skripsi\Experiment\data\raw\RGB1\S38\AC6\RGB1_SUB38ACT6F76.jpg,1,1,0.9780139923095703
1110,38,6,91,D:\Skripsi\Experiment\data\raw\RGB1\S38\AC6\RGB1_SUB38ACT6F91.jpg,1,1,0.9885987043380737
1111,38,7,1,D:\Skripsi\Experiment\data\raw\RGB1\S38\AC7\RGB1_SUB38ACT7F1.jpg,1,1,0.9946724772453308
1112,38,7,106,D:\Skripsi\Experiment\data\raw\RGB1\S38\AC7\RGB1_SUB38ACT7F106.jpg,1,1,0.9950612187385559
1113,38,7,121,D:\Skripsi\Experiment\data\raw\RGB1\S38\AC7\RGB1_SUB38ACT7F121.jpg,1,1,0.9796436429023743
1114,38,7,16,D:\Skripsi\Experiment\data\raw\RGB1\S38\AC7\RGB1_SUB38ACT7F16.jpg,1,1,0.9915926456451416
1115,38,7,31,D:\Skripsi\Experiment\data\raw\RGB1\S38\AC7\RGB1_SUB38ACT7F31.jpg,1,1,0.96900475025177
1116,38,7,46,D:\Skripsi\Experiment\data\raw\RGB1\S38\AC7\RGB1_SUB38ACT7F46.jpg,1,1,0.9651968479156494
1117,38,7,61,D:\Skripsi\Experiment\data\raw\RGB1\S38\AC7\RGB1_SUB38ACT7F61.jpg,1,1,0.9401758313179016
1118,38,7,76,D:\Skripsi\Experiment\data\raw\RGB1\S38\AC7\RGB1_SUB38ACT7F76.jpg,1,1,0.9767438173294067
1119,38,7,91,D:\Skripsi\Experiment\data\raw\RGB1\S38\AC7\RGB1_SUB38ACT7F91.jpg,1,1,0.9231427907943726
1120,38,8,1,D:\Skripsi\Experiment\data\raw\RGB1\S38\AC8\RGB1_SUB38ACT8F1.jpg,1,1,0.9932823181152344
1121,38,8,106,D:\Skripsi\Experiment\data\raw\RGB1\S38\AC8\RGB1_SUB38ACT8F106.jpg,1,1,0.9869754314422607
1122,38,8,121,D:\Skripsi\Experiment\data\raw\RGB1\S38\AC8\RGB1_SUB38ACT8F121.jpg,1,1,0.9617881774902344
1123,38,8,16,D:\Skripsi\Experiment\data\raw\RGB1\S38\AC8\RGB1_SUB38ACT8F16.jpg,1,1,0.9918699264526367
1124,38,8,31,D:\Skripsi\Experiment\data\raw\RGB1\S38\AC8\RGB1_SUB38ACT8F31.jpg,1,1,0.9893026947975159
1125,38,8,46,D:\Skripsi\Experiment\data\raw\RGB1\S38\AC8\RGB1_SUB38ACT8F46.jpg,1,1,0.994186282157898
1126,38,8,61,D:\Skripsi\Experiment\data\raw\RGB1\S38\AC8\RGB1_SUB38ACT8F61.jpg,1,1,0.9795015454292297
1127,38,8,76,D:\Skripsi\Experiment\data\raw\RGB1\S38\AC8\RGB1_SUB38ACT8F76.jpg,1,1,0.9974702596664429
1128,38,8,91,D:\Skripsi\Experiment\data\raw\RGB1\S38\AC8\RGB1_SUB38ACT8F91.jpg,1,1,0.9979590177536011
1129,38,9,1,D:\Skripsi\Experiment\data\raw\RGB1\S38\AC9\RGB1_SUB38ACT9F1.jpg,1,1,0.9383937120437622
1130,38,9,106,D:\Skripsi\Experiment\data\raw\RGB1\S38\AC9\RGB1_SUB38ACT9F106.jpg,1,1,0.9182798862457275
1131,38,9,121,D:\Skripsi\Experiment\data\raw\RGB1\S38\AC9\RGB1_SUB38ACT9F121.jpg,1,1,0.9497108459472656
1132,38,9,16,D:\Skripsi\Experiment\data\raw\RGB1\S38\AC9\RGB1_SUB38ACT9F16.jpg,1,1,0.971977949142456
1133,38,9,31,D:\Skripsi\Experiment\data\raw\RGB1\S38\AC9\RGB1_SUB38ACT9F31.jpg,1,1,0.907681405544281
1134,38,9,46,D:\Skripsi\Experiment\data\raw\RGB1\S38\AC9\RGB1_SUB38ACT9F46.jpg,1,1,0.9881520867347717
1135,38,9,61,D:\Skripsi\Experiment\data\raw\RGB1\S38\AC9\RGB1_SUB38ACT9F61.jpg,1,1,0.9231755137443542
1136,38,9,76,D:\Skripsi\Experiment\data\raw\RGB1\S38\AC9\RGB1_SUB38ACT9F76.jpg,1,1,0.6805437803268433
1137,38,9,91,D:\Skripsi\Experiment\data\raw\RGB1\S38\AC9\RGB1_SUB38ACT9F91.jpg,1,1,0.9592589139938354
1138,39,1,1,D:\Skripsi\Experiment\data\raw\RGB1\S39\AC1\RGB1_SUB39ACT1F1.jpg,0,0,0.029253661632537842
1139,39,1,16,D:\Skripsi\Experiment\data\raw\RGB1\S39\AC1\RGB1_SUB39ACT1F16.jpg,0,0,0.007223381660878658
1140,39,1,31,D:\Skripsi\Experiment\data\raw\RGB1\S39\AC1\RGB1_SUB39ACT1F31.jpg,0,0,0.0012882088776677847
1141,39,1,46,D:\Skripsi\Experiment\data\raw\RGB1\S39\AC1\RGB1_SUB39ACT1F46.jpg,0,0,0.0010685602901503444
1142,39,1,61,D:\Skripsi\Experiment\data\raw\RGB1\S39\AC1\RGB1_SUB39ACT1F61.jpg,0,0,0.002676662988960743
1143,39,1,76,D:\Skripsi\Experiment\data\raw\RGB1\S39\AC1\RGB1_SUB39ACT1F76.jpg,0,0,0.0022404452320188284
1144,39,1,91,D:\Skripsi\Experiment\data\raw\RGB1\S39\AC1\RGB1_SUB39ACT1F91.jpg,0,0,0.021655607968568802
1145,39,5,1,D:\Skripsi\Experiment\data\raw\RGB1\S39\AC5\RGB1_SUB39ACT5F1.jpg,1,1,0.9923310279846191
1146,39,5,16,D:\Skripsi\Experiment\data\raw\RGB1\S39\AC5\RGB1_SUB39ACT5F16.jpg,1,1,0.9974015951156616
1147,39,5,31,D:\Skripsi\Experiment\data\raw\RGB1\S39\AC5\RGB1_SUB39ACT5F31.jpg,1,1,0.9825534224510193
1148,39,5,46,D:\Skripsi\Experiment\data\raw\RGB1\S39\AC5\RGB1_SUB39ACT5F46.jpg,1,1,0.9467095732688904
1149,39,5,61,D:\Skripsi\Experiment\data\raw\RGB1\S39\AC5\RGB1_SUB39ACT5F61.jpg,1,1,0.9702233076095581
1150,39,5,76,D:\Skripsi\Experiment\data\raw\RGB1\S39\AC5\RGB1_SUB39ACT5F76.jpg,1,1,0.9925670623779297
1151,39,5,91,D:\Skripsi\Experiment\data\raw\RGB1\S39\AC5\RGB1_SUB39ACT5F91.jpg,1,1,0.9651138186454773
1152,39,6,1,D:\Skripsi\Experiment\data\raw\RGB1\S39\AC6\RGB1_SUB39ACT6F1.jpg,1,1,0.9733014702796936
1153,39,6,106,D:\Skripsi\Experiment\data\raw\RGB1\S39\AC6\RGB1_SUB39ACT6F106.jpg,1,1,0.998525083065033
1154,39,6,16,D:\Skripsi\Experiment\data\raw\RGB1\S39\AC6\RGB1_SUB39ACT6F16.jpg,1,1,0.942347526550293
1155,39,6,31,D:\Skripsi\Experiment\data\raw\RGB1\S39\AC6\RGB1_SUB39ACT6F31.jpg,1,1,0.9470705986022949
1156,39,6,46,D:\Skripsi\Experiment\data\raw\RGB1\S39\AC6\RGB1_SUB39ACT6F46.jpg,1,1,0.9323593974113464
1157,39,6,61,D:\Skripsi\Experiment\data\raw\RGB1\S39\AC6\RGB1_SUB39ACT6F61.jpg,1,1,0.9542863965034485
1158,39,6,76,D:\Skripsi\Experiment\data\raw\RGB1\S39\AC6\RGB1_SUB39ACT6F76.jpg,1,1,0.987837553024292
1159,39,6,91,D:\Skripsi\Experiment\data\raw\RGB1\S39\AC6\RGB1_SUB39ACT6F91.jpg,1,1,0.9903643727302551
1160,39,7,1,D:\Skripsi\Experiment\data\raw\RGB1\S39\AC7\RGB1_SUB39ACT7F1.jpg,1,1,0.9924964904785156
1161,39,7,16,D:\Skripsi\Experiment\data\raw\RGB1\S39\AC7\RGB1_SUB39ACT7F16.jpg,1,1,0.897213339805603
1162,39,7,31,D:\Skripsi\Experiment\data\raw\RGB1\S39\AC7\RGB1_SUB39ACT7F31.jpg,1,1,0.9889715313911438
1163,39,7,46,D:\Skripsi\Experiment\data\raw\RGB1\S39\AC7\RGB1_SUB39ACT7F46.jpg,1,1,0.9928008317947388
1164,39,7,61,D:\Skripsi\Experiment\data\raw\RGB1\S39\AC7\RGB1_SUB39ACT7F61.jpg,1,1,0.9846318960189819
1165,39,7,76,D:\Skripsi\Experiment\data\raw\RGB1\S39\AC7\RGB1_SUB39ACT7F76.jpg,1,1,0.9959213733673096
1166,39,7,91,D:\Skripsi\Experiment\data\raw\RGB1\S39\AC7\RGB1_SUB39ACT7F91.jpg,1,1,0.9933913946151733
1167,39,8,1,D:\Skripsi\Experiment\data\raw\RGB1\S39\AC8\RGB1_SUB39ACT8F1.jpg,1,1,0.9973801970481873
1168,39,8,106,D:\Skripsi\Experiment\data\raw\RGB1\S39\AC8\RGB1_SUB39ACT8F106.jpg,1,1,0.9951775074005127
1169,39,8,121,D:\Skripsi\Experiment\data\raw\RGB1\S39\AC8\RGB1_SUB39ACT8F121.jpg,1,1,0.9963751435279846
1170,39,8,136,D:\Skripsi\Experiment\data\raw\RGB1\S39\AC8\RGB1_SUB39ACT8F136.jpg,1,1,0.9975805282592773
1171,39,8,16,D:\Skripsi\Experiment\data\raw\RGB1\S39\AC8\RGB1_SUB39ACT8F16.jpg,1,1,0.9966928958892822
1172,39,8,31,D:\Skripsi\Experiment\data\raw\RGB1\S39\AC8\RGB1_SUB39ACT8F31.jpg,1,1,0.9913486838340759
1173,39,8,46,D:\Skripsi\Experiment\data\raw\RGB1\S39\AC8\RGB1_SUB39ACT8F46.jpg,1,1,0.9875344038009644
1174,39,8,61,D:\Skripsi\Experiment\data\raw\RGB1\S39\AC8\RGB1_SUB39ACT8F61.jpg,1,1,0.992168128490448
1175,39,8,76,D:\Skripsi\Experiment\data\raw\RGB1\S39\AC8\RGB1_SUB39ACT8F76.jpg,1,1,0.9993441700935364
1176,39,8,91,D:\Skripsi\Experiment\data\raw\RGB1\S39\AC8\RGB1_SUB39ACT8F91.jpg,1,1,0.9978004097938538
1177,39,9,1,D:\Skripsi\Experiment\data\raw\RGB1\S39\AC9\RGB1_SUB39ACT9F1.jpg,1,1,0.9830275774002075
1178,39,9,106,D:\Skripsi\Experiment\data\raw\RGB1\S39\AC9\RGB1_SUB39ACT9F106.jpg,1,1,0.9521126747131348
1179,39,9,121,D:\Skripsi\Experiment\data\raw\RGB1\S39\AC9\RGB1_SUB39ACT9F121.jpg,1,1,0.9937446713447571
1180,39,9,16,D:\Skripsi\Experiment\data\raw\RGB1\S39\AC9\RGB1_SUB39ACT9F16.jpg,1,1,0.9920766353607178
1181,39,9,31,D:\Skripsi\Experiment\data\raw\RGB1\S39\AC9\RGB1_SUB39ACT9F31.jpg,1,1,0.998507559299469
1182,39,9,46,D:\Skripsi\Experiment\data\raw\RGB1\S39\AC9\RGB1_SUB39ACT9F46.jpg,1,1,0.9915784597396851
1183,39,9,61,D:\Skripsi\Experiment\data\raw\RGB1\S39\AC9\RGB1_SUB39ACT9F61.jpg,1,1,0.9915585517883301
1184,39,9,76,D:\Skripsi\Experiment\data\raw\RGB1\S39\AC9\RGB1_SUB39ACT9F76.jpg,1,1,0.9933614730834961
1185,39,9,91,D:\Skripsi\Experiment\data\raw\RGB1\S39\AC9\RGB1_SUB39ACT9F91.jpg,1,1,0.9916300177574158
1186,40,1,1,D:\Skripsi\Experiment\data\raw\RGB1\S40\AC1\RGB1_SUB40ACT1F1.jpg,0,0,0.3829861283302307
1187,40,1,106,D:\Skripsi\Experiment\data\raw\RGB1\S40\AC1\RGB1_SUB40ACT1F106.jpg,0,0,0.006053621415048838
1188,40,1,121,D:\Skripsi\Experiment\data\raw\RGB1\S40\AC1\RGB1_SUB40ACT1F121.jpg,0,0,0.14466340839862823
1189,40,1,16,D:\Skripsi\Experiment\data\raw\RGB1\S40\AC1\RGB1_SUB40ACT1F16.jpg,0,0,0.17549623548984528
1190,40,1,31,D:\Skripsi\Experiment\data\raw\RGB1\S40\AC1\RGB1_SUB40ACT1F31.jpg,0,0,0.1335514336824417
1191,40,1,46,D:\Skripsi\Experiment\data\raw\RGB1\S40\AC1\RGB1_SUB40ACT1F46.jpg,0,0,0.10996687412261963
1192,40,1,61,D:\Skripsi\Experiment\data\raw\RGB1\S40\AC1\RGB1_SUB40ACT1F61.jpg,0,0,0.02657347172498703
1193,40,1,76,D:\Skripsi\Experiment\data\raw\RGB1\S40\AC1\RGB1_SUB40ACT1F76.jpg,0,0,0.027503602206707
1194,40,1,91,D:\Skripsi\Experiment\data\raw\RGB1\S40\AC1\RGB1_SUB40ACT1F91.jpg,0,0,0.0073383403941988945
1195,40,5,1,D:\Skripsi\Experiment\data\raw\RGB1\S40\AC5\RGB1_SUB40ACT5F1.jpg,1,1,0.9614455103874207
1196,40,5,106,D:\Skripsi\Experiment\data\raw\RGB1\S40\AC5\RGB1_SUB40ACT5F106.jpg,1,1,0.9092451930046082
1197,40,5,16,D:\Skripsi\Experiment\data\raw\RGB1\S40\AC5\RGB1_SUB40ACT5F16.jpg,1,1,0.9621121883392334
1198,40,5,31,D:\Skripsi\Experiment\data\raw\RGB1\S40\AC5\RGB1_SUB40ACT5F31.jpg,1,1,0.9348781108856201
1199,40,5,46,D:\Skripsi\Experiment\data\raw\RGB1\S40\AC5\RGB1_SUB40ACT5F46.jpg,1,1,0.9780353307723999
1200,40,5,61,D:\Skripsi\Experiment\data\raw\RGB1\S40\AC5\RGB1_SUB40ACT5F61.jpg,1,1,0.9105491638183594
1201,40,5,76,D:\Skripsi\Experiment\data\raw\RGB1\S40\AC5\RGB1_SUB40ACT5F76.jpg,1,1,0.9473696947097778
1202,40,5,91,D:\Skripsi\Experiment\data\raw\RGB1\S40\AC5\RGB1_SUB40ACT5F91.jpg,1,1,0.8734868764877319
1203,40,6,1,D:\Skripsi\Experiment\data\raw\RGB1\S40\AC6\RGB1_SUB40ACT6F1.jpg,1,1,0.9826564788818359
1204,40,6,106,D:\Skripsi\Experiment\data\raw\RGB1\S40\AC6\RGB1_SUB40ACT6F106.jpg,1,1,0.9903438091278076
1205,40,6,121,D:\Skripsi\Experiment\data\raw\RGB1\S40\AC6\RGB1_SUB40ACT6F121.jpg,1,1,0.994377076625824
1206,40,6,136,D:\Skripsi\Experiment\data\raw\RGB1\S40\AC6\RGB1_SUB40ACT6F136.jpg,1,1,0.9580022692680359
1207,40,6,16,D:\Skripsi\Experiment\data\raw\RGB1\S40\AC6\RGB1_SUB40ACT6F16.jpg,1,1,0.9401766657829285
1208,40,6,31,D:\Skripsi\Experiment\data\raw\RGB1\S40\AC6\RGB1_SUB40ACT6F31.jpg,1,1,0.9782664179801941
1209,40,6,46,D:\Skripsi\Experiment\data\raw\RGB1\S40\AC6\RGB1_SUB40ACT6F46.jpg,1,1,0.969881534576416
1210,40,6,61,D:\Skripsi\Experiment\data\raw\RGB1\S40\AC6\RGB1_SUB40ACT6F61.jpg,1,1,0.9866868257522583
1211,40,6,76,D:\Skripsi\Experiment\data\raw\RGB1\S40\AC6\RGB1_SUB40ACT6F76.jpg,1,1,0.9849140048027039
1212,40,6,91,D:\Skripsi\Experiment\data\raw\RGB1\S40\AC6\RGB1_SUB40ACT6F91.jpg,1,1,0.9772095084190369
1213,40,7,1,D:\Skripsi\Experiment\data\raw\RGB1\S40\AC7\RGB1_SUB40ACT7F1.jpg,1,1,0.8829700946807861
1214,40,7,106,D:\Skripsi\Experiment\data\raw\RGB1\S40\AC7\RGB1_SUB40ACT7F106.jpg,1,1,0.9845312833786011
1215,40,7,121,D:\Skripsi\Experiment\data\raw\RGB1\S40\AC7\RGB1_SUB40ACT7F121.jpg,1,1,0.9966549873352051
1216,40,7,136,D:\Skripsi\Experiment\data\raw\RGB1\S40\AC7\RGB1_SUB40ACT7F136.jpg,1,1,0.9977858066558838
1217,40,7,151,D:\Skripsi\Experiment\data\raw\RGB1\S40\AC7\RGB1_SUB40ACT7F151.jpg,1,1,0.9401585459709167
1218,40,7,16,D:\Skripsi\Experiment\data\raw\RGB1\S40\AC7\RGB1_SUB40ACT7F16.jpg,1,1,0.9861049056053162
1219,40,7,166,D:\Skripsi\Experiment\data\raw\RGB1\S40\AC7\RGB1_SUB40ACT7F166.jpg,1,1,0.9641488790512085
1220,40,7,181,D:\Skripsi\Experiment\data\raw\RGB1\S40\AC7\RGB1_SUB40ACT7F181.jpg,1,1,0.9346824884414673
1221,40,7,196,D:\Skripsi\Experiment\data\raw\RGB1\S40\AC7\RGB1_SUB40ACT7F196.jpg,1,1,0.967250645160675
1222,40,7,211,D:\Skripsi\Experiment\data\raw\RGB1\S40\AC7\RGB1_SUB40ACT7F211.jpg,1,1,0.9863044619560242
1223,40,7,226,D:\Skripsi\Experiment\data\raw\RGB1\S40\AC7\RGB1_SUB40ACT7F226.jpg,1,1,0.9857651591300964
1224,40,7,31,D:\Skripsi\Experiment\data\raw\RGB1\S40\AC7\RGB1_SUB40ACT7F31.jpg,1,1,0.9985937476158142
1225,40,7,46,D:\Skripsi\Experiment\data\raw\RGB1\S40\AC7\RGB1_SUB40ACT7F46.jpg,1,1,0.9974440336227417
1226,40,7,61,D:\Skripsi\Experiment\data\raw\RGB1\S40\AC7\RGB1_SUB40ACT7F61.jpg,1,1,0.9935570359230042
1227,40,7,76,D:\Skripsi\Experiment\data\raw\RGB1\S40\AC7\RGB1_SUB40ACT7F76.jpg,1,1,0.9865538477897644
1228,40,7,91,D:\Skripsi\Experiment\data\raw\RGB1\S40\AC7\RGB1_SUB40ACT7F91.jpg,1,1,0.9629437327384949
1229,40,8,1,D:\Skripsi\Experiment\data\raw\RGB1\S40\AC8\RGB1_SUB40ACT8F1.jpg,1,1,0.9506144523620605
1230,40,8,106,D:\Skripsi\Experiment\data\raw\RGB1\S40\AC8\RGB1_SUB40ACT8F106.jpg,1,1,0.970209538936615
1231,40,8,121,D:\Skripsi\Experiment\data\raw\RGB1\S40\AC8\RGB1_SUB40ACT8F121.jpg,1,1,0.9863314628601074
1232,40,8,136,D:\Skripsi\Experiment\data\raw\RGB1\S40\AC8\RGB1_SUB40ACT8F136.jpg,1,1,0.977418839931488
1233,40,8,151,D:\Skripsi\Experiment\data\raw\RGB1\S40\AC8\RGB1_SUB40ACT8F151.jpg,1,1,0.9693915247917175
1234,40,8,16,D:\Skripsi\Experiment\data\raw\RGB1\S40\AC8\RGB1_SUB40ACT8F16.jpg,1,1,0.9535536766052246
1235,40,8,166,D:\Skripsi\Experiment\data\raw\RGB1\S40\AC8\RGB1_SUB40ACT8F166.jpg,1,1,0.9718305468559265
1236,40,8,181,D:\Skripsi\Experiment\data\raw\RGB1\S40\AC8\RGB1_SUB40ACT8F181.jpg,1,1,0.9637953639030457
1237,40,8,31,D:\Skripsi\Experiment\data\raw\RGB1\S40\AC8\RGB1_SUB40ACT8F31.jpg,1,1,0.994831383228302
1238,40,8,46,D:\Skripsi\Experiment\data\raw\RGB1\S40\AC8\RGB1_SUB40ACT8F46.jpg,1,1,0.992644190788269
1239,40,8,61,D:\Skripsi\Experiment\data\raw\RGB1\S40\AC8\RGB1_SUB40ACT8F61.jpg,1,1,0.9409530758857727
1240,40,8,76,D:\Skripsi\Experiment\data\raw\RGB1\S40\AC8\RGB1_SUB40ACT8F76.jpg,1,1,0.9908424615859985
1241,40,8,91,D:\Skripsi\Experiment\data\raw\RGB1\S40\AC8\RGB1_SUB40ACT8F91.jpg,1,1,0.9874508380889893
1242,40,9,1,D:\Skripsi\Experiment\data\raw\RGB1\S40\AC9\RGB1_SUB40ACT9F1.jpg,1,1,0.9743176698684692
1243,40,9,106,D:\Skripsi\Experiment\data\raw\RGB1\S40\AC9\RGB1_SUB40ACT9F106.jpg,1,1,0.9939224123954773
1244,40,9,121,D:\Skripsi\Experiment\data\raw\RGB1\S40\AC9\RGB1_SUB40ACT9F121.jpg,1,1,0.9867922067642212
1245,40,9,136,D:\Skripsi\Experiment\data\raw\RGB1\S40\AC9\RGB1_SUB40ACT9F136.jpg,1,1,0.9844331741333008
1246,40,9,16,D:\Skripsi\Experiment\data\raw\RGB1\S40\AC9\RGB1_SUB40ACT9F16.jpg,1,1,0.991057276725769
1247,40,9,31,D:\Skripsi\Experiment\data\raw\RGB1\S40\AC9\RGB1_SUB40ACT9F31.jpg,1,1,0.9863808751106262
1248,40,9,46,D:\Skripsi\Experiment\data\raw\RGB1\S40\AC9\RGB1_SUB40ACT9F46.jpg,1,1,0.934374213218689
1249,40,9,61,D:\Skripsi\Experiment\data\raw\RGB1\S40\AC9\RGB1_SUB40ACT9F61.jpg,1,1,0.9701941609382629
1250,40,9,76,D:\Skripsi\Experiment\data\raw\RGB1\S40\AC9\RGB1_SUB40ACT9F76.jpg,1,1,0.9961133003234863
1251,40,9,91,D:\Skripsi\Experiment\data\raw\RGB1\S40\AC9\RGB1_SUB40ACT9F91.jpg,1,1,0.9863932728767395
1252,43,1,1,D:\Skripsi\Experiment\data\raw\RGB1\S43\AC1\RGB1_SUB43ACT1F1.jpg,0,0,0.008924710564315319
1253,43,1,106,D:\Skripsi\Experiment\data\raw\RGB1\S43\AC1\RGB1_SUB43ACT1F106.jpg,0,0,0.08898776769638062
1254,43,1,121,D:\Skripsi\Experiment\data\raw\RGB1\S43\AC1\RGB1_SUB43ACT1F121.jpg,0,0,0.21850313246250153
1255,43,1,136,D:\Skripsi\Experiment\data\raw\RGB1\S43\AC1\RGB1_SUB43ACT1F136.jpg,0,0,0.0013223924906924367
1256,43,1,151,D:\Skripsi\Experiment\data\raw\RGB1\S43\AC1\RGB1_SUB43ACT1F151.jpg,0,0,0.014078737236559391
1257,43,1,16,D:\Skripsi\Experiment\data\raw\RGB1\S43\AC1\RGB1_SUB43ACT1F16.jpg,0,0,0.0023538621608167887
1258,43,1,166,D:\Skripsi\Experiment\data\raw\RGB1\S43\AC1\RGB1_SUB43ACT1F166.jpg,0,0,0.007332556415349245
1259,43,1,181,D:\Skripsi\Experiment\data\raw\RGB1\S43\AC1\RGB1_SUB43ACT1F181.jpg,0,0,0.013641108758747578
1260,43,1,31,D:\Skripsi\Experiment\data\raw\RGB1\S43\AC1\RGB1_SUB43ACT1F31.jpg,0,0,0.001364015624858439
1261,43,1,46,D:\Skripsi\Experiment\data\raw\RGB1\S43\AC1\RGB1_SUB43ACT1F46.jpg,0,0,0.0025374696124345064
1262,43,1,61,D:\Skripsi\Experiment\data\raw\RGB1\S43\AC1\RGB1_SUB43ACT1F61.jpg,0,0,0.0015960086602717638
1263,43,1,76,D:\Skripsi\Experiment\data\raw\RGB1\S43\AC1\RGB1_SUB43ACT1F76.jpg,0,0,0.002250677440315485
1264,43,1,91,D:\Skripsi\Experiment\data\raw\RGB1\S43\AC1\RGB1_SUB43ACT1F91.jpg,0,0,0.002354430966079235
1265,43,5,1,D:\Skripsi\Experiment\data\raw\RGB1\S43\AC5\RGB1_SUB43ACT5F1.jpg,1,1,0.6342017650604248
1266,43,5,106,D:\Skripsi\Experiment\data\raw\RGB1\S43\AC5\RGB1_SUB43ACT5F106.jpg,1,1,0.8918235301971436
1267,43,5,121,D:\Skripsi\Experiment\data\raw\RGB1\S43\AC5\RGB1_SUB43ACT5F121.jpg,1,1,0.8893579244613647
1268,43,5,136,D:\Skripsi\Experiment\data\raw\RGB1\S43\AC5\RGB1_SUB43ACT5F136.jpg,1,1,0.9623274207115173
1269,43,5,151,D:\Skripsi\Experiment\data\raw\RGB1\S43\AC5\RGB1_SUB43ACT5F151.jpg,1,1,0.987842321395874
1270,43,5,16,D:\Skripsi\Experiment\data\raw\RGB1\S43\AC5\RGB1_SUB43ACT5F16.jpg,1,1,0.9936233162879944
1271,43,5,166,D:\Skripsi\Experiment\data\raw\RGB1\S43\AC5\RGB1_SUB43ACT5F166.jpg,1,1,0.9085858464241028
1272,43,5,181,D:\Skripsi\Experiment\data\raw\RGB1\S43\AC5\RGB1_SUB43ACT5F181.jpg,1,1,0.9412722587585449
1273,43,5,31,D:\Skripsi\Experiment\data\raw\RGB1\S43\AC5\RGB1_SUB43ACT5F31.jpg,1,1,0.9497438669204712
1274,43,5,46,D:\Skripsi\Experiment\data\raw\RGB1\S43\AC5\RGB1_SUB43ACT5F46.jpg,1,1,0.9985061287879944
1275,43,5,61,D:\Skripsi\Experiment\data\raw\RGB1\S43\AC5\RGB1_SUB43ACT5F61.jpg,1,1,0.9879250526428223
1276,43,5,76,D:\Skripsi\Experiment\data\raw\RGB1\S43\AC5\RGB1_SUB43ACT5F76.jpg,1,1,0.9983645081520081
1277,43,5,91,D:\Skripsi\Experiment\data\raw\RGB1\S43\AC5\RGB1_SUB43ACT5F91.jpg,1,1,0.994709849357605
1278,43,6,1,D:\Skripsi\Experiment\data\raw\RGB1\S43\AC6\RGB1_SUB43ACT6F1.jpg,1,1,0.9654116034507751
1279,43,6,106,D:\Skripsi\Experiment\data\raw\RGB1\S43\AC6\RGB1_SUB43ACT6F106.jpg,1,1,0.9949123859405518
1280,43,6,121,D:\Skripsi\Experiment\data\raw\RGB1\S43\AC6\RGB1_SUB43ACT6F121.jpg,1,1,0.992885172367096
1281,43,6,136,D:\Skripsi\Experiment\data\raw\RGB1\S43\AC6\RGB1_SUB43ACT6F136.jpg,1,1,0.9916030764579773
1282,43,6,151,D:\Skripsi\Experiment\data\raw\RGB1\S43\AC6\RGB1_SUB43ACT6F151.jpg,1,1,0.9757733941078186
1283,43,6,16,D:\Skripsi\Experiment\data\raw\RGB1\S43\AC6\RGB1_SUB43ACT6F16.jpg,1,1,0.9849082231521606
1284,43,6,166,D:\Skripsi\Experiment\data\raw\RGB1\S43\AC6\RGB1_SUB43ACT6F166.jpg,1,1,0.9954896569252014
1285,43,6,181,D:\Skripsi\Experiment\data\raw\RGB1\S43\AC6\RGB1_SUB43ACT6F181.jpg,1,1,0.9932706952095032
1286,43,6,196,D:\Skripsi\Experiment\data\raw\RGB1\S43\AC6\RGB1_SUB43ACT6F196.jpg,1,1,0.9899263381958008
1287,43,6,31,D:\Skripsi\Experiment\data\raw\RGB1\S43\AC6\RGB1_SUB43ACT6F31.jpg,1,1,0.9823843836784363
1288,43,6,46,D:\Skripsi\Experiment\data\raw\RGB1\S43\AC6\RGB1_SUB43ACT6F46.jpg,1,1,0.993248701095581
1289,43,6,61,D:\Skripsi\Experiment\data\raw\RGB1\S43\AC6\RGB1_SUB43ACT6F61.jpg,1,1,0.9917060136795044
1290,43,6,76,D:\Skripsi\Experiment\data\raw\RGB1\S43\AC6\RGB1_SUB43ACT6F76.jpg,1,1,0.9604272842407227
1291,43,6,91,D:\Skripsi\Experiment\data\raw\RGB1\S43\AC6\RGB1_SUB43ACT6F91.jpg,1,1,0.9906880855560303
1292,43,7,1,D:\Skripsi\Experiment\data\raw\RGB1\S43\AC7\RGB1_SUB43ACT7F1.jpg,1,1,0.9587186574935913
1293,43,7,106,D:\Skripsi\Experiment\data\raw\RGB1\S43\AC7\RGB1_SUB43ACT7F106.jpg,1,1,0.995961606502533
1294,43,7,121,D:\Skripsi\Experiment\data\raw\RGB1\S43\AC7\RGB1_SUB43ACT7F121.jpg,1,1,0.9938322305679321
1295,43,7,136,D:\Skripsi\Experiment\data\raw\RGB1\S43\AC7\RGB1_SUB43ACT7F136.jpg,1,1,0.9870342016220093
1296,43,7,151,D:\Skripsi\Experiment\data\raw\RGB1\S43\AC7\RGB1_SUB43ACT7F151.jpg,1,1,0.9877210259437561
1297,43,7,16,D:\Skripsi\Experiment\data\raw\RGB1\S43\AC7\RGB1_SUB43ACT7F16.jpg,1,1,0.9949243068695068
1298,43,7,166,D:\Skripsi\Experiment\data\raw\RGB1\S43\AC7\RGB1_SUB43ACT7F166.jpg,1,1,0.9978918433189392
1299,43,7,181,D:\Skripsi\Experiment\data\raw\RGB1\S43\AC7\RGB1_SUB43ACT7F181.jpg,1,1,0.9989472031593323
1300,43,7,196,D:\Skripsi\Experiment\data\raw\RGB1\S43\AC7\RGB1_SUB43ACT7F196.jpg,1,1,0.9956399202346802
1301,43,7,211,D:\Skripsi\Experiment\data\raw\RGB1\S43\AC7\RGB1_SUB43ACT7F211.jpg,1,1,0.9957855343818665
1302,43,7,31,D:\Skripsi\Experiment\data\raw\RGB1\S43\AC7\RGB1_SUB43ACT7F31.jpg,1,1,0.9962279796600342
1303,43,7,46,D:\Skripsi\Experiment\data\raw\RGB1\S43\AC7\RGB1_SUB43ACT7F46.jpg,1,1,0.9974237680435181
1304,43,7,61,D:\Skripsi\Experiment\data\raw\RGB1\S43\AC7\RGB1_SUB43ACT7F61.jpg,1,1,0.9969198703765869
1305,43,7,76,D:\Skripsi\Experiment\data\raw\RGB1\S43\AC7\RGB1_SUB43ACT7F76.jpg,1,1,0.9963297247886658
1306,43,7,91,D:\Skripsi\Experiment\data\raw\RGB1\S43\AC7\RGB1_SUB43ACT7F91.jpg,1,1,0.9883763194084167
1307,43,8,1,D:\Skripsi\Experiment\data\raw\RGB1\S43\AC8\RGB1_SUB43ACT8F1.jpg,1,1,0.9915533661842346
1308,43,8,106,D:\Skripsi\Experiment\data\raw\RGB1\S43\AC8\RGB1_SUB43ACT8F106.jpg,1,1,0.9378532767295837
1309,43,8,121,D:\Skripsi\Experiment\data\raw\RGB1\S43\AC8\RGB1_SUB43ACT8F121.jpg,1,1,0.976437509059906
1310,43,8,136,D:\Skripsi\Experiment\data\raw\RGB1\S43\AC8\RGB1_SUB43ACT8F136.jpg,1,1,0.8827207088470459
1311,43,8,151,D:\Skripsi\Experiment\data\raw\RGB1\S43\AC8\RGB1_SUB43ACT8F151.jpg,1,1,0.8914762735366821
1312,43,8,16,D:\Skripsi\Experiment\data\raw\RGB1\S43\AC8\RGB1_SUB43ACT8F16.jpg,1,1,0.9895941019058228
1313,43,8,166,D:\Skripsi\Experiment\data\raw\RGB1\S43\AC8\RGB1_SUB43ACT8F166.jpg,1,1,0.9668434262275696
1314,43,8,181,D:\Skripsi\Experiment\data\raw\RGB1\S43\AC8\RGB1_SUB43ACT8F181.jpg,1,1,0.8987994194030762
1315,43,8,196,D:\Skripsi\Experiment\data\raw\RGB1\S43\AC8\RGB1_SUB43ACT8F196.jpg,1,1,0.9851064682006836
1316,43,8,211,D:\Skripsi\Experiment\data\raw\RGB1\S43\AC8\RGB1_SUB43ACT8F211.jpg,1,1,0.988287627696991
1317,43,8,226,D:\Skripsi\Experiment\data\raw\RGB1\S43\AC8\RGB1_SUB43ACT8F226.jpg,1,1,0.9809731841087341
1318,43,8,241,D:\Skripsi\Experiment\data\raw\RGB1\S43\AC8\RGB1_SUB43ACT8F241.jpg,1,1,0.9101405739784241
1319,43,8,256,D:\Skripsi\Experiment\data\raw\RGB1\S43\AC8\RGB1_SUB43ACT8F256.jpg,1,1,0.6616085767745972
1320,43,8,31,D:\Skripsi\Experiment\data\raw\RGB1\S43\AC8\RGB1_SUB43ACT8F31.jpg,1,1,0.981281578540802
1321,43,8,46,D:\Skripsi\Experiment\data\raw\RGB1\S43\AC8\RGB1_SUB43ACT8F46.jpg,1,1,0.9763477444648743
1322,43,8,61,D:\Skripsi\Experiment\data\raw\RGB1\S43\AC8\RGB1_SUB43ACT8F61.jpg,1,1,0.9819305539131165
1323,43,8,76,D:\Skripsi\Experiment\data\raw\RGB1\S43\AC8\RGB1_SUB43ACT8F76.jpg,1,1,0.9480118751525879
1324,43,8,91,D:\Skripsi\Experiment\data\raw\RGB1\S43\AC8\RGB1_SUB43ACT8F91.jpg,1,1,0.9605294466018677
1325,43,9,1,D:\Skripsi\Experiment\data\raw\RGB1\S43\AC9\RGB1_SUB43ACT9F1.jpg,1,1,0.9851226210594177
1326,43,9,106,D:\Skripsi\Experiment\data\raw\RGB1\S43\AC9\RGB1_SUB43ACT9F106.jpg,1,1,0.9552545547485352
1327,43,9,121,D:\Skripsi\Experiment\data\raw\RGB1\S43\AC9\RGB1_SUB43ACT9F121.jpg,1,1,0.9729982614517212
1328,43,9,136,D:\Skripsi\Experiment\data\raw\RGB1\S43\AC9\RGB1_SUB43ACT9F136.jpg,1,1,0.985057532787323
1329,43,9,151,D:\Skripsi\Experiment\data\raw\RGB1\S43\AC9\RGB1_SUB43ACT9F151.jpg,1,1,0.9807130098342896
1330,43,9,16,D:\Skripsi\Experiment\data\raw\RGB1\S43\AC9\RGB1_SUB43ACT9F16.jpg,1,1,0.9956339001655579
1331,43,9,166,D:\Skripsi\Experiment\data\raw\RGB1\S43\AC9\RGB1_SUB43ACT9F166.jpg,1,1,0.9803504943847656
1332,43,9,31,D:\Skripsi\Experiment\data\raw\RGB1\S43\AC9\RGB1_SUB43ACT9F31.jpg,1,1,0.9636658430099487
1333,43,9,46,D:\Skripsi\Experiment\data\raw\RGB1\S43\AC9\RGB1_SUB43ACT9F46.jpg,1,1,0.9497401118278503
1334,43,9,61,D:\Skripsi\Experiment\data\raw\RGB1\S43\AC9\RGB1_SUB43ACT9F61.jpg,1,1,0.8479828238487244
1335,43,9,76,D:\Skripsi\Experiment\data\raw\RGB1\S43\AC9\RGB1_SUB43ACT9F76.jpg,1,1,0.8348567485809326
1336,43,9,91,D:\Skripsi\Experiment\data\raw\RGB1\S43\AC9\RGB1_SUB43ACT9F91.jpg,1,1,0.8348754644393921
1337,44,1,1,D:\Skripsi\Experiment\data\raw\RGB1\S44\AC1\RGB1_SUB44ACT1F1.jpg,0,0,0.004420852288603783
1338,44,1,106,D:\Skripsi\Experiment\data\raw\RGB1\S44\AC1\RGB1_SUB44ACT1F106.jpg,0,0,0.006489370483905077
1339,44,1,121,D:\Skripsi\Experiment\data\raw\RGB1\S44\AC1\RGB1_SUB44ACT1F121.jpg,0,0,0.005706118419766426
1340,44,1,136,D:\Skripsi\Experiment\data\raw\RGB1\S44\AC1\RGB1_SUB44ACT1F136.jpg,0,0,0.02786572277545929
1341,44,1,151,D:\Skripsi\Experiment\data\raw\RGB1\S44\AC1\RGB1_SUB44ACT1F151.jpg,0,0,0.014598771929740906
1342,44,1,16,D:\Skripsi\Experiment\data\raw\RGB1\S44\AC1\RGB1_SUB44ACT1F16.jpg,0,0,0.006122627295553684
1343,44,1,31,D:\Skripsi\Experiment\data\raw\RGB1\S44\AC1\RGB1_SUB44ACT1F31.jpg,0,0,0.0008496309164911509
1344,44,1,46,D:\Skripsi\Experiment\data\raw\RGB1\S44\AC1\RGB1_SUB44ACT1F46.jpg,0,0,0.0014886035351082683
1345,44,1,61,D:\Skripsi\Experiment\data\raw\RGB1\S44\AC1\RGB1_SUB44ACT1F61.jpg,0,0,0.0015857869293540716
1346,44,1,76,D:\Skripsi\Experiment\data\raw\RGB1\S44\AC1\RGB1_SUB44ACT1F76.jpg,0,0,0.0016793356044217944
1347,44,1,91,D:\Skripsi\Experiment\data\raw\RGB1\S44\AC1\RGB1_SUB44ACT1F91.jpg,0,0,0.0017729212995618582
1348,44,5,1,D:\Skripsi\Experiment\data\raw\RGB1\S44\AC5\RGB1_SUB44ACT5F1.jpg,1,1,0.9983620047569275
1349,44,5,106,D:\Skripsi\Experiment\data\raw\RGB1\S44\AC5\RGB1_SUB44ACT5F106.jpg,1,1,0.9842193722724915
1350,44,5,121,D:\Skripsi\Experiment\data\raw\RGB1\S44\AC5\RGB1_SUB44ACT5F121.jpg,1,1,0.9678648114204407
1351,44,5,136,D:\Skripsi\Experiment\data\raw\RGB1\S44\AC5\RGB1_SUB44ACT5F136.jpg,1,1,0.9834333658218384
1352,44,5,16,D:\Skripsi\Experiment\data\raw\RGB1\S44\AC5\RGB1_SUB44ACT5F16.jpg,1,1,0.9872143268585205
1353,44,5,31,D:\Skripsi\Experiment\data\raw\RGB1\S44\AC5\RGB1_SUB44ACT5F31.jpg,1,1,0.95218825340271
1354,44,5,46,D:\Skripsi\Experiment\data\raw\RGB1\S44\AC5\RGB1_SUB44ACT5F46.jpg,1,1,0.9885396361351013
1355,44,5,61,D:\Skripsi\Experiment\data\raw\RGB1\S44\AC5\RGB1_SUB44ACT5F61.jpg,1,1,0.9877047538757324
1356,44,5,76,D:\Skripsi\Experiment\data\raw\RGB1\S44\AC5\RGB1_SUB44ACT5F76.jpg,1,1,0.9429976344108582
1357,44,5,91,D:\Skripsi\Experiment\data\raw\RGB1\S44\AC5\RGB1_SUB44ACT5F91.jpg,1,1,0.9541142582893372
1358,44,6,1,D:\Skripsi\Experiment\data\raw\RGB1\S44\AC6\RGB1_SUB44ACT6F1.jpg,1,1,0.9840461015701294
1359,44,6,106,D:\Skripsi\Experiment\data\raw\RGB1\S44\AC6\RGB1_SUB44ACT6F106.jpg,1,1,0.9763838648796082
1360,44,6,121,D:\Skripsi\Experiment\data\raw\RGB1\S44\AC6\RGB1_SUB44ACT6F121.jpg,1,1,0.996480405330658
1361,44,6,136,D:\Skripsi\Experiment\data\raw\RGB1\S44\AC6\RGB1_SUB44ACT6F136.jpg,1,1,0.6483891010284424
1362,44,6,16,D:\Skripsi\Experiment\data\raw\RGB1\S44\AC6\RGB1_SUB44ACT6F16.jpg,1,1,0.972634494304657
1363,44,6,31,D:\Skripsi\Experiment\data\raw\RGB1\S44\AC6\RGB1_SUB44ACT6F31.jpg,1,1,0.9662162065505981
1364,44,6,46,D:\Skripsi\Experiment\data\raw\RGB1\S44\AC6\RGB1_SUB44ACT6F46.jpg,1,1,0.9878683090209961
1365,44,6,61,D:\Skripsi\Experiment\data\raw\RGB1\S44\AC6\RGB1_SUB44ACT6F61.jpg,1,1,0.9395174980163574
1366,44,6,76,D:\Skripsi\Experiment\data\raw\RGB1\S44\AC6\RGB1_SUB44ACT6F76.jpg,1,1,0.9787399768829346
1367,44,6,91,D:\Skripsi\Experiment\data\raw\RGB1\S44\AC6\RGB1_SUB44ACT6F91.jpg,1,1,0.9929590225219727
1368,44,7,1,D:\Skripsi\Experiment\data\raw\RGB1\S44\AC7\RGB1_SUB44ACT7F1.jpg,1,1,0.9963156580924988
1369,44,7,106,D:\Skripsi\Experiment\data\raw\RGB1\S44\AC7\RGB1_SUB44ACT7F106.jpg,1,1,0.9962719678878784
1370,44,7,121,D:\Skripsi\Experiment\data\raw\RGB1\S44\AC7\RGB1_SUB44ACT7F121.jpg,1,1,0.9940525889396667
1371,44,7,136,D:\Skripsi\Experiment\data\raw\RGB1\S44\AC7\RGB1_SUB44ACT7F136.jpg,1,1,0.9648418426513672
1372,44,7,151,D:\Skripsi\Experiment\data\raw\RGB1\S44\AC7\RGB1_SUB44ACT7F151.jpg,1,1,0.9714056253433228
1373,44,7,16,D:\Skripsi\Experiment\data\raw\RGB1\S44\AC7\RGB1_SUB44ACT7F16.jpg,1,1,0.9933385252952576
1374,44,7,31,D:\Skripsi\Experiment\data\raw\RGB1\S44\AC7\RGB1_SUB44ACT7F31.jpg,1,1,0.9881919026374817
1375,44,7,46,D:\Skripsi\Experiment\data\raw\RGB1\S44\AC7\RGB1_SUB44ACT7F46.jpg,1,1,0.9891993999481201
1376,44,7,61,D:\Skripsi\Experiment\data\raw\RGB1\S44\AC7\RGB1_SUB44ACT7F61.jpg,1,1,0.9834657907485962
1377,44,7,76,D:\Skripsi\Experiment\data\raw\RGB1\S44\AC7\RGB1_SUB44ACT7F76.jpg,1,1,0.990362823009491
1378,44,7,91,D:\Skripsi\Experiment\data\raw\RGB1\S44\AC7\RGB1_SUB44ACT7F91.jpg,1,1,0.9928696751594543
1379,44,8,1,D:\Skripsi\Experiment\data\raw\RGB1\S44\AC8\RGB1_SUB44ACT8F1.jpg,1,1,0.9666770696640015
1380,44,8,106,D:\Skripsi\Experiment\data\raw\RGB1\S44\AC8\RGB1_SUB44ACT8F106.jpg,1,1,0.9771972298622131
1381,44,8,121,D:\Skripsi\Experiment\data\raw\RGB1\S44\AC8\RGB1_SUB44ACT8F121.jpg,1,1,0.9877068400382996
1382,44,8,136,D:\Skripsi\Experiment\data\raw\RGB1\S44\AC8\RGB1_SUB44ACT8F136.jpg,1,1,0.9883542060852051
1383,44,8,151,D:\Skripsi\Experiment\data\raw\RGB1\S44\AC8\RGB1_SUB44ACT8F151.jpg,1,1,0.9745650887489319
1384,44,8,16,D:\Skripsi\Experiment\data\raw\RGB1\S44\AC8\RGB1_SUB44ACT8F16.jpg,1,1,0.9145094752311707
1385,44,8,166,D:\Skripsi\Experiment\data\raw\RGB1\S44\AC8\RGB1_SUB44ACT8F166.jpg,1,1,0.9958550333976746
1386,44,8,181,D:\Skripsi\Experiment\data\raw\RGB1\S44\AC8\RGB1_SUB44ACT8F181.jpg,1,1,0.994746744632721
1387,44,8,31,D:\Skripsi\Experiment\data\raw\RGB1\S44\AC8\RGB1_SUB44ACT8F31.jpg,1,1,0.971445620059967
1388,44,8,46,D:\Skripsi\Experiment\data\raw\RGB1\S44\AC8\RGB1_SUB44ACT8F46.jpg,1,1,0.8860253691673279
1389,44,8,61,D:\Skripsi\Experiment\data\raw\RGB1\S44\AC8\RGB1_SUB44ACT8F61.jpg,1,1,0.9916895627975464
1390,44,8,76,D:\Skripsi\Experiment\data\raw\RGB1\S44\AC8\RGB1_SUB44ACT8F76.jpg,1,1,0.9800021648406982
1391,44,8,91,D:\Skripsi\Experiment\data\raw\RGB1\S44\AC8\RGB1_SUB44ACT8F91.jpg,1,1,0.9870585799217224
1392,44,9,1,D:\Skripsi\Experiment\data\raw\RGB1\S44\AC9\RGB1_SUB44ACT9F1.jpg,1,1,0.9931702613830566
1393,44,9,106,D:\Skripsi\Experiment\data\raw\RGB1\S44\AC9\RGB1_SUB44ACT9F106.jpg,1,1,0.9863944053649902
1394,44,9,121,D:\Skripsi\Experiment\data\raw\RGB1\S44\AC9\RGB1_SUB44ACT9F121.jpg,1,1,0.9943490624427795
1395,44,9,136,D:\Skripsi\Experiment\data\raw\RGB1\S44\AC9\RGB1_SUB44ACT9F136.jpg,1,1,0.9980480670928955
1396,44,9,151,D:\Skripsi\Experiment\data\raw\RGB1\S44\AC9\RGB1_SUB44ACT9F151.jpg,1,1,0.9935833811759949
1397,44,9,16,D:\Skripsi\Experiment\data\raw\RGB1\S44\AC9\RGB1_SUB44ACT9F16.jpg,1,1,0.9955093860626221
1398,44,9,166,D:\Skripsi\Experiment\data\raw\RGB1\S44\AC9\RGB1_SUB44ACT9F166.jpg,1,1,0.9604909420013428
1399,44,9,181,D:\Skripsi\Experiment\data\raw\RGB1\S44\AC9\RGB1_SUB44ACT9F181.jpg,1,0,0.4306410551071167
1400,44,9,196,D:\Skripsi\Experiment\data\raw\RGB1\S44\AC9\RGB1_SUB44ACT9F196.jpg,1,1,0.8755378723144531
1401,44,9,31,D:\Skripsi\Experiment\data\raw\RGB1\S44\AC9\RGB1_SUB44ACT9F31.jpg,1,1,0.9722393155097961
1402,44,9,46,D:\Skripsi\Experiment\data\raw\RGB1\S44\AC9\RGB1_SUB44ACT9F46.jpg,1,1,0.9821503758430481
1403,44,9,61,D:\Skripsi\Experiment\data\raw\RGB1\S44\AC9\RGB1_SUB44ACT9F61.jpg,1,1,0.9824725389480591
1404,44,9,76,D:\Skripsi\Experiment\data\raw\RGB1\S44\AC9\RGB1_SUB44ACT9F76.jpg,1,1,0.9922246932983398
1405,44,9,91,D:\Skripsi\Experiment\data\raw\RGB1\S44\AC9\RGB1_SUB44ACT9F91.jpg,1,1,0.9891085624694824
1406,45,1,1,D:\Skripsi\Experiment\data\raw\RGB1\S45\AC1\RGB1_SUB45ACT1F1.jpg,0,0,0.000818321481347084
1407,45,1,106,D:\Skripsi\Experiment\data\raw\RGB1\S45\AC1\RGB1_SUB45ACT1F106.jpg,0,0,0.007788417860865593
1408,45,1,121,D:\Skripsi\Experiment\data\raw\RGB1\S45\AC1\RGB1_SUB45ACT1F121.jpg,0,0,0.0009232087177224457
1409,45,1,136,D:\Skripsi\Experiment\data\raw\RGB1\S45\AC1\RGB1_SUB45ACT1F136.jpg,0,0,0.0011196187697350979
1410,45,1,151,D:\Skripsi\Experiment\data\raw\RGB1\S45\AC1\RGB1_SUB45ACT1F151.jpg,0,0,0.0013619200326502323
1411,45,1,16,D:\Skripsi\Experiment\data\raw\RGB1\S45\AC1\RGB1_SUB45ACT1F16.jpg,0,0,0.0007215817458927631
1412,45,1,166,D:\Skripsi\Experiment\data\raw\RGB1\S45\AC1\RGB1_SUB45ACT1F166.jpg,0,0,0.004235253669321537
1413,45,1,31,D:\Skripsi\Experiment\data\raw\RGB1\S45\AC1\RGB1_SUB45ACT1F31.jpg,0,0,0.00013194580969866365
1414,45,1,46,D:\Skripsi\Experiment\data\raw\RGB1\S45\AC1\RGB1_SUB45ACT1F46.jpg,0,0,0.00013317559205461293
1415,45,1,61,D:\Skripsi\Experiment\data\raw\RGB1\S45\AC1\RGB1_SUB45ACT1F61.jpg,0,0,0.0012587611563503742
1416,45,1,76,D:\Skripsi\Experiment\data\raw\RGB1\S45\AC1\RGB1_SUB45ACT1F76.jpg,0,0,0.07369569689035416
1417,45,1,91,D:\Skripsi\Experiment\data\raw\RGB1\S45\AC1\RGB1_SUB45ACT1F91.jpg,0,0,0.0040718428790569305
1418,45,5,1,D:\Skripsi\Experiment\data\raw\RGB1\S45\AC5\RGB1_SUB45ACT5F1.jpg,1,1,0.8574567437171936
1419,45,5,106,D:\Skripsi\Experiment\data\raw\RGB1\S45\AC5\RGB1_SUB45ACT5F106.jpg,1,1,0.9882368445396423
1420,45,5,16,D:\Skripsi\Experiment\data\raw\RGB1\S45\AC5\RGB1_SUB45ACT5F16.jpg,1,1,0.9935909509658813
1421,45,5,31,D:\Skripsi\Experiment\data\raw\RGB1\S45\AC5\RGB1_SUB45ACT5F31.jpg,1,1,0.8764119148254395
1422,45,5,46,D:\Skripsi\Experiment\data\raw\RGB1\S45\AC5\RGB1_SUB45ACT5F46.jpg,1,1,0.981065571308136
1423,45,5,61,D:\Skripsi\Experiment\data\raw\RGB1\S45\AC5\RGB1_SUB45ACT5F61.jpg,1,1,0.9878007173538208
1424,45,5,76,D:\Skripsi\Experiment\data\raw\RGB1\S45\AC5\RGB1_SUB45ACT5F76.jpg,1,1,0.8448531031608582
1425,45,5,91,D:\Skripsi\Experiment\data\raw\RGB1\S45\AC5\RGB1_SUB45ACT5F91.jpg,1,1,0.9912632703781128
1426,45,6,1,D:\Skripsi\Experiment\data\raw\RGB1\S45\AC6\RGB1_SUB45ACT6F1.jpg,1,1,0.921493411064148
1427,45,6,106,D:\Skripsi\Experiment\data\raw\RGB1\S45\AC6\RGB1_SUB45ACT6F106.jpg,1,1,0.9687848091125488
1428,45,6,121,D:\Skripsi\Experiment\data\raw\RGB1\S45\AC6\RGB1_SUB45ACT6F121.jpg,1,1,0.9963070154190063
1429,45,6,136,D:\Skripsi\Experiment\data\raw\RGB1\S45\AC6\RGB1_SUB45ACT6F136.jpg,1,1,0.9923960566520691
1430,45,6,151,D:\Skripsi\Experiment\data\raw\RGB1\S45\AC6\RGB1_SUB45ACT6F151.jpg,1,1,0.9838488101959229
1431,45,6,16,D:\Skripsi\Experiment\data\raw\RGB1\S45\AC6\RGB1_SUB45ACT6F16.jpg,1,1,0.9692845344543457
1432,45,6,31,D:\Skripsi\Experiment\data\raw\RGB1\S45\AC6\RGB1_SUB45ACT6F31.jpg,1,1,0.8985138535499573
1433,45,6,46,D:\Skripsi\Experiment\data\raw\RGB1\S45\AC6\RGB1_SUB45ACT6F46.jpg,1,1,0.9734545350074768
1434,45,6,61,D:\Skripsi\Experiment\data\raw\RGB1\S45\AC6\RGB1_SUB45ACT6F61.jpg,1,1,0.9281550645828247
1435,45,6,76,D:\Skripsi\Experiment\data\raw\RGB1\S45\AC6\RGB1_SUB45ACT6F76.jpg,1,1,0.982673704624176
1436,45,6,91,D:\Skripsi\Experiment\data\raw\RGB1\S45\AC6\RGB1_SUB45ACT6F91.jpg,1,1,0.9224708676338196
1437,45,7,1,D:\Skripsi\Experiment\data\raw\RGB1\S45\AC7\RGB1_SUB45ACT7F1.jpg,1,1,0.9373551607131958
1438,45,7,106,D:\Skripsi\Experiment\data\raw\RGB1\S45\AC7\RGB1_SUB45ACT7F106.jpg,1,1,0.9909584522247314
1439,45,7,121,D:\Skripsi\Experiment\data\raw\RGB1\S45\AC7\RGB1_SUB45ACT7F121.jpg,1,1,0.9873406291007996
1440,45,7,136,D:\Skripsi\Experiment\data\raw\RGB1\S45\AC7\RGB1_SUB45ACT7F136.jpg,1,1,0.9952946305274963
1441,45,7,151,D:\Skripsi\Experiment\data\raw\RGB1\S45\AC7\RGB1_SUB45ACT7F151.jpg,1,1,0.9959859251976013
1442,45,7,16,D:\Skripsi\Experiment\data\raw\RGB1\S45\AC7\RGB1_SUB45ACT7F16.jpg,1,1,0.9917608499526978
1443,45,7,166,D:\Skripsi\Experiment\data\raw\RGB1\S45\AC7\RGB1_SUB45ACT7F166.jpg,1,1,0.9966859221458435
1444,45,7,181,D:\Skripsi\Experiment\data\raw\RGB1\S45\AC7\RGB1_SUB45ACT7F181.jpg,1,1,0.9829776287078857
1445,45,7,196,D:\Skripsi\Experiment\data\raw\RGB1\S45\AC7\RGB1_SUB45ACT7F196.jpg,1,1,0.9982492923736572
1446,45,7,31,D:\Skripsi\Experiment\data\raw\RGB1\S45\AC7\RGB1_SUB45ACT7F31.jpg,1,1,0.9818124175071716
1447,45,7,46,D:\Skripsi\Experiment\data\raw\RGB1\S45\AC7\RGB1_SUB45ACT7F46.jpg,1,1,0.9898369908332825
1448,45,7,61,D:\Skripsi\Experiment\data\raw\RGB1\S45\AC7\RGB1_SUB45ACT7F61.jpg,1,1,0.988183319568634
1449,45,7,76,D:\Skripsi\Experiment\data\raw\RGB1\S45\AC7\RGB1_SUB45ACT7F76.jpg,1,1,0.9977298378944397
1450,45,7,91,D:\Skripsi\Experiment\data\raw\RGB1\S45\AC7\RGB1_SUB45ACT7F91.jpg,1,1,0.9761935472488403
1451,45,8,1,D:\Skripsi\Experiment\data\raw\RGB1\S45\AC8\RGB1_SUB45ACT8F1.jpg,1,1,0.9636877775192261
1452,45,8,106,D:\Skripsi\Experiment\data\raw\RGB1\S45\AC8\RGB1_SUB45ACT8F106.jpg,1,1,0.9967342615127563
1453,45,8,121,D:\Skripsi\Experiment\data\raw\RGB1\S45\AC8\RGB1_SUB45ACT8F121.jpg,1,1,0.991967499256134
1454,45,8,136,D:\Skripsi\Experiment\data\raw\RGB1\S45\AC8\RGB1_SUB45ACT8F136.jpg,1,1,0.9838373064994812
1455,45,8,151,D:\Skripsi\Experiment\data\raw\RGB1\S45\AC8\RGB1_SUB45ACT8F151.jpg,1,1,0.9904177784919739
1456,45,8,16,D:\Skripsi\Experiment\data\raw\RGB1\S45\AC8\RGB1_SUB45ACT8F16.jpg,1,1,0.9782226085662842
1457,45,8,166,D:\Skripsi\Experiment\data\raw\RGB1\S45\AC8\RGB1_SUB45ACT8F166.jpg,1,1,0.987395703792572
1458,45,8,181,D:\Skripsi\Experiment\data\raw\RGB1\S45\AC8\RGB1_SUB45ACT8F181.jpg,1,1,0.9836522340774536
1459,45,8,196,D:\Skripsi\Experiment\data\raw\RGB1\S45\AC8\RGB1_SUB45ACT8F196.jpg,1,1,0.9895514845848083
1460,45,8,211,D:\Skripsi\Experiment\data\raw\RGB1\S45\AC8\RGB1_SUB45ACT8F211.jpg,1,1,0.996394693851471
1461,45,8,31,D:\Skripsi\Experiment\data\raw\RGB1\S45\AC8\RGB1_SUB45ACT8F31.jpg,1,1,0.9976038336753845
1462,45,8,46,D:\Skripsi\Experiment\data\raw\RGB1\S45\AC8\RGB1_SUB45ACT8F46.jpg,1,1,0.995618462562561
1463,45,8,61,D:\Skripsi\Experiment\data\raw\RGB1\S45\AC8\RGB1_SUB45ACT8F61.jpg,1,1,0.9893895983695984
1464,45,8,76,D:\Skripsi\Experiment\data\raw\RGB1\S45\AC8\RGB1_SUB45ACT8F76.jpg,1,1,0.9962815642356873
1465,45,8,91,D:\Skripsi\Experiment\data\raw\RGB1\S45\AC8\RGB1_SUB45ACT8F91.jpg,1,1,0.9947408437728882
1466,45,9,1,D:\Skripsi\Experiment\data\raw\RGB1\S45\AC9\RGB1_SUB45ACT9F1.jpg,1,1,0.970413327217102
1467,45,9,106,D:\Skripsi\Experiment\data\raw\RGB1\S45\AC9\RGB1_SUB45ACT9F106.jpg,1,1,0.9181416034698486
1468,45,9,121,D:\Skripsi\Experiment\data\raw\RGB1\S45\AC9\RGB1_SUB45ACT9F121.jpg,1,1,0.8500649929046631
1469,45,9,136,D:\Skripsi\Experiment\data\raw\RGB1\S45\AC9\RGB1_SUB45ACT9F136.jpg,1,1,0.9925746917724609
1470,45,9,151,D:\Skripsi\Experiment\data\raw\RGB1\S45\AC9\RGB1_SUB45ACT9F151.jpg,1,1,0.9805408120155334
1471,45,9,16,D:\Skripsi\Experiment\data\raw\RGB1\S45\AC9\RGB1_SUB45ACT9F16.jpg,1,1,0.7203260660171509
1472,45,9,166,D:\Skripsi\Experiment\data\raw\RGB1\S45\AC9\RGB1_SUB45ACT9F166.jpg,1,1,0.9640910029411316
1473,45,9,181,D:\Skripsi\Experiment\data\raw\RGB1\S45\AC9\RGB1_SUB45ACT9F181.jpg,1,1,0.9847619533538818
1474,45,9,196,D:\Skripsi\Experiment\data\raw\RGB1\S45\AC9\RGB1_SUB45ACT9F196.jpg,1,1,0.9456589818000793
1475,45,9,211,D:\Skripsi\Experiment\data\raw\RGB1\S45\AC9\RGB1_SUB45ACT9F211.jpg,1,1,0.9340702891349792
1476,45,9,226,D:\Skripsi\Experiment\data\raw\RGB1\S45\AC9\RGB1_SUB45ACT9F226.jpg,1,0,0.4534200131893158
1477,45,9,31,D:\Skripsi\Experiment\data\raw\RGB1\S45\AC9\RGB1_SUB45ACT9F31.jpg,1,1,0.9604144096374512
1478,45,9,46,D:\Skripsi\Experiment\data\raw\RGB1\S45\AC9\RGB1_SUB45ACT9F46.jpg,1,1,0.8571298122406006
1479,45,9,61,D:\Skripsi\Experiment\data\raw\RGB1\S45\AC9\RGB1_SUB45ACT9F61.jpg,1,1,0.8695070147514343
1480,45,9,76,D:\Skripsi\Experiment\data\raw\RGB1\S45\AC9\RGB1_SUB45ACT9F76.jpg,1,1,0.991060197353363
1481,45,9,91,D:\Skripsi\Experiment\data\raw\RGB1\S45\AC9\RGB1_SUB45ACT9F91.jpg,1,1,0.9856374859809875
1482,46,1,1,D:\Skripsi\Experiment\data\raw\RGB1\S46\AC1\RGB1_SUB46ACT1F1.jpg,0,0,0.0665552169084549
1483,46,1,106,D:\Skripsi\Experiment\data\raw\RGB1\S46\AC1\RGB1_SUB46ACT1F106.jpg,0,0,0.00042656779987737536
1484,46,1,121,D:\Skripsi\Experiment\data\raw\RGB1\S46\AC1\RGB1_SUB46ACT1F121.jpg,0,0,0.00034487489028833807
1485,46,1,136,D:\Skripsi\Experiment\data\raw\RGB1\S46\AC1\RGB1_SUB46ACT1F136.jpg,0,0,0.0004553400503937155
1486,46,1,151,D:\Skripsi\Experiment\data\raw\RGB1\S46\AC1\RGB1_SUB46ACT1F151.jpg,0,0,0.020243387669324875
1487,46,1,16,D:\Skripsi\Experiment\data\raw\RGB1\S46\AC1\RGB1_SUB46ACT1F16.jpg,0,0,0.0018906343029811978
1488,46,1,166,D:\Skripsi\Experiment\data\raw\RGB1\S46\AC1\RGB1_SUB46ACT1F166.jpg,0,0,0.00047690171049907804
1489,46,1,181,D:\Skripsi\Experiment\data\raw\RGB1\S46\AC1\RGB1_SUB46ACT1F181.jpg,0,0,0.019726762548089027
1490,46,1,196,D:\Skripsi\Experiment\data\raw\RGB1\S46\AC1\RGB1_SUB46ACT1F196.jpg,0,0,0.0005400180816650391
1491,46,1,211,D:\Skripsi\Experiment\data\raw\RGB1\S46\AC1\RGB1_SUB46ACT1F211.jpg,0,0,0.0016221090918406844
1492,46,1,226,D:\Skripsi\Experiment\data\raw\RGB1\S46\AC1\RGB1_SUB46ACT1F226.jpg,0,0,0.011644232086837292
1493,46,1,241,D:\Skripsi\Experiment\data\raw\RGB1\S46\AC1\RGB1_SUB46ACT1F241.jpg,0,0,0.23465026915073395
1494,46,1,256,D:\Skripsi\Experiment\data\raw\RGB1\S46\AC1\RGB1_SUB46ACT1F256.jpg,0,0,0.006154283881187439
1495,46,1,31,D:\Skripsi\Experiment\data\raw\RGB1\S46\AC1\RGB1_SUB46ACT1F31.jpg,0,0,0.027815768495202065
1496,46,1,46,D:\Skripsi\Experiment\data\raw\RGB1\S46\AC1\RGB1_SUB46ACT1F46.jpg,0,0,0.03527340665459633
1497,46,1,61,D:\Skripsi\Experiment\data\raw\RGB1\S46\AC1\RGB1_SUB46ACT1F61.jpg,0,0,0.01814344897866249
1498,46,1,76,D:\Skripsi\Experiment\data\raw\RGB1\S46\AC1\RGB1_SUB46ACT1F76.jpg,0,0,0.0010177599033340812
1499,46,1,91,D:\Skripsi\Experiment\data\raw\RGB1\S46\AC1\RGB1_SUB46ACT1F91.jpg,0,0,0.0041371178813278675
1500,46,5,1,D:\Skripsi\Experiment\data\raw\RGB1\S46\AC5\RGB1_SUB46ACT5F1.jpg,1,1,0.7168439626693726
1501,46,5,106,D:\Skripsi\Experiment\data\raw\RGB1\S46\AC5\RGB1_SUB46ACT5F106.jpg,1,1,0.9588299989700317
1502,46,5,121,D:\Skripsi\Experiment\data\raw\RGB1\S46\AC5\RGB1_SUB46ACT5F121.jpg,1,1,0.8513953685760498
1503,46,5,16,D:\Skripsi\Experiment\data\raw\RGB1\S46\AC5\RGB1_SUB46ACT5F16.jpg,1,1,0.5771568417549133
1504,46,5,31,D:\Skripsi\Experiment\data\raw\RGB1\S46\AC5\RGB1_SUB46ACT5F31.jpg,1,1,0.8517155647277832
1505,46,5,46,D:\Skripsi\Experiment\data\raw\RGB1\S46\AC5\RGB1_SUB46ACT5F46.jpg,1,1,0.9235320687294006
1506,46,5,61,D:\Skripsi\Experiment\data\raw\RGB1\S46\AC5\RGB1_SUB46ACT5F61.jpg,1,1,0.969060480594635
1507,46,5,76,D:\Skripsi\Experiment\data\raw\RGB1\S46\AC5\RGB1_SUB46ACT5F76.jpg,1,1,0.9443230628967285
1508,46,5,91,D:\Skripsi\Experiment\data\raw\RGB1\S46\AC5\RGB1_SUB46ACT5F91.jpg,1,1,0.9230263829231262
1509,46,6,1,D:\Skripsi\Experiment\data\raw\RGB1\S46\AC6\RGB1_SUB46ACT6F1.jpg,1,1,0.994551956653595
1510,46,6,106,D:\Skripsi\Experiment\data\raw\RGB1\S46\AC6\RGB1_SUB46ACT6F106.jpg,1,1,0.9016556143760681
1511,46,6,121,D:\Skripsi\Experiment\data\raw\RGB1\S46\AC6\RGB1_SUB46ACT6F121.jpg,1,1,0.8620914816856384
1512,46,6,136,D:\Skripsi\Experiment\data\raw\RGB1\S46\AC6\RGB1_SUB46ACT6F136.jpg,1,1,0.985980749130249
1513,46,6,16,D:\Skripsi\Experiment\data\raw\RGB1\S46\AC6\RGB1_SUB46ACT6F16.jpg,1,1,0.9495371580123901
1514,46,6,31,D:\Skripsi\Experiment\data\raw\RGB1\S46\AC6\RGB1_SUB46ACT6F31.jpg,1,1,0.9968007802963257
1515,46,6,46,D:\Skripsi\Experiment\data\raw\RGB1\S46\AC6\RGB1_SUB46ACT6F46.jpg,1,1,0.9938115477561951
1516,46,6,61,D:\Skripsi\Experiment\data\raw\RGB1\S46\AC6\RGB1_SUB46ACT6F61.jpg,1,1,0.985923171043396
1517,46,6,76,D:\Skripsi\Experiment\data\raw\RGB1\S46\AC6\RGB1_SUB46ACT6F76.jpg,1,1,0.9962794184684753
1518,46,6,91,D:\Skripsi\Experiment\data\raw\RGB1\S46\AC6\RGB1_SUB46ACT6F91.jpg,1,1,0.7722874879837036
1519,46,7,1,D:\Skripsi\Experiment\data\raw\RGB1\S46\AC7\RGB1_SUB46ACT7F1.jpg,1,1,0.9872738122940063
1520,46,7,106,D:\Skripsi\Experiment\data\raw\RGB1\S46\AC7\RGB1_SUB46ACT7F106.jpg,1,1,0.9562700986862183
1521,46,7,121,D:\Skripsi\Experiment\data\raw\RGB1\S46\AC7\RGB1_SUB46ACT7F121.jpg,1,1,0.9917287230491638
1522,46,7,136,D:\Skripsi\Experiment\data\raw\RGB1\S46\AC7\RGB1_SUB46ACT7F136.jpg,1,1,0.996912956237793
1523,46,7,16,D:\Skripsi\Experiment\data\raw\RGB1\S46\AC7\RGB1_SUB46ACT7F16.jpg,1,1,0.9937378168106079
1524,46,7,31,D:\Skripsi\Experiment\data\raw\RGB1\S46\AC7\RGB1_SUB46ACT7F31.jpg,1,1,0.9804362654685974
1525,46,7,46,D:\Skripsi\Experiment\data\raw\RGB1\S46\AC7\RGB1_SUB46ACT7F46.jpg,1,1,0.967742383480072
1526,46,7,61,D:\Skripsi\Experiment\data\raw\RGB1\S46\AC7\RGB1_SUB46ACT7F61.jpg,1,1,0.9854435324668884
1527,46,7,76,D:\Skripsi\Experiment\data\raw\RGB1\S46\AC7\RGB1_SUB46ACT7F76.jpg,1,1,0.989346981048584
1528,46,7,91,D:\Skripsi\Experiment\data\raw\RGB1\S46\AC7\RGB1_SUB46ACT7F91.jpg,1,1,0.9924996495246887
1529,46,8,1,D:\Skripsi\Experiment\data\raw\RGB1\S46\AC8\RGB1_SUB46ACT8F1.jpg,1,1,0.9934806823730469
1530,46,8,106,D:\Skripsi\Experiment\data\raw\RGB1\S46\AC8\RGB1_SUB46ACT8F106.jpg,1,1,0.9630109071731567
1531,46,8,121,D:\Skripsi\Experiment\data\raw\RGB1\S46\AC8\RGB1_SUB46ACT8F121.jpg,1,1,0.9935033917427063
1532,46,8,136,D:\Skripsi\Experiment\data\raw\RGB1\S46\AC8\RGB1_SUB46ACT8F136.jpg,1,1,0.9753596782684326
1533,46,8,151,D:\Skripsi\Experiment\data\raw\RGB1\S46\AC8\RGB1_SUB46ACT8F151.jpg,1,1,0.9952929615974426
1534,46,8,16,D:\Skripsi\Experiment\data\raw\RGB1\S46\AC8\RGB1_SUB46ACT8F16.jpg,1,1,0.9908479452133179
1535,46,8,31,D:\Skripsi\Experiment\data\raw\RGB1\S46\AC8\RGB1_SUB46ACT8F31.jpg,1,1,0.993921160697937
1536,46,8,46,D:\Skripsi\Experiment\data\raw\RGB1\S46\AC8\RGB1_SUB46ACT8F46.jpg,1,1,0.9911643862724304
1537,46,8,61,D:\Skripsi\Experiment\data\raw\RGB1\S46\AC8\RGB1_SUB46ACT8F61.jpg,1,1,0.9946961402893066
1538,46,8,76,D:\Skripsi\Experiment\data\raw\RGB1\S46\AC8\RGB1_SUB46ACT8F76.jpg,1,1,0.9815769791603088
1539,46,8,91,D:\Skripsi\Experiment\data\raw\RGB1\S46\AC8\RGB1_SUB46ACT8F91.jpg,1,1,0.9629738926887512
1540,46,9,1,D:\Skripsi\Experiment\data\raw\RGB1\S46\AC9\RGB1_SUB46ACT9F1.jpg,1,1,0.951904833316803
1541,46,9,16,D:\Skripsi\Experiment\data\raw\RGB1\S46\AC9\RGB1_SUB46ACT9F16.jpg,1,1,0.9613745212554932
1542,46,9,31,D:\Skripsi\Experiment\data\raw\RGB1\S46\AC9\RGB1_SUB46ACT9F31.jpg,1,1,0.8013537526130676
1543,46,9,46,D:\Skripsi\Experiment\data\raw\RGB1\S46\AC9\RGB1_SUB46ACT9F46.jpg,1,1,0.9552571773529053
1544,46,9,61,D:\Skripsi\Experiment\data\raw\RGB1\S46\AC9\RGB1_SUB46ACT9F61.jpg,1,1,0.8796388506889343
1545,46,9,76,D:\Skripsi\Experiment\data\raw\RGB1\S46\AC9\RGB1_SUB46ACT9F76.jpg,1,1,0.9532725811004639
1546,47,1,1,D:\Skripsi\Experiment\data\raw\RGB1\S47\AC1\RGB1_SUB47ACT1F1.jpg,0,0,0.0001321752497460693
1547,47,1,106,D:\Skripsi\Experiment\data\raw\RGB1\S47\AC1\RGB1_SUB47ACT1F106.jpg,0,0,0.00039904264849610627
1548,47,1,121,D:\Skripsi\Experiment\data\raw\RGB1\S47\AC1\RGB1_SUB47ACT1F121.jpg,0,0,0.0004448128747753799
1549,47,1,136,D:\Skripsi\Experiment\data\raw\RGB1\S47\AC1\RGB1_SUB47ACT1F136.jpg,0,0,0.0005379669019021094
1550,47,1,151,D:\Skripsi\Experiment\data\raw\RGB1\S47\AC1\RGB1_SUB47ACT1F151.jpg,0,0,0.00030480269924737513
1551,47,1,16,D:\Skripsi\Experiment\data\raw\RGB1\S47\AC1\RGB1_SUB47ACT1F16.jpg,0,0,0.00015014002565294504
1552,47,1,166,D:\Skripsi\Experiment\data\raw\RGB1\S47\AC1\RGB1_SUB47ACT1F166.jpg,0,0,0.0036284765228629112
1553,47,1,181,D:\Skripsi\Experiment\data\raw\RGB1\S47\AC1\RGB1_SUB47ACT1F181.jpg,0,0,0.010138007812201977
1554,47,1,196,D:\Skripsi\Experiment\data\raw\RGB1\S47\AC1\RGB1_SUB47ACT1F196.jpg,0,0,0.000564752786885947
1555,47,1,31,D:\Skripsi\Experiment\data\raw\RGB1\S47\AC1\RGB1_SUB47ACT1F31.jpg,0,0,0.0010067347902804613
1556,47,1,46,D:\Skripsi\Experiment\data\raw\RGB1\S47\AC1\RGB1_SUB47ACT1F46.jpg,0,0,0.0001044704404193908
1557,47,1,61,D:\Skripsi\Experiment\data\raw\RGB1\S47\AC1\RGB1_SUB47ACT1F61.jpg,0,0,0.0002822912356350571
1558,47,1,76,D:\Skripsi\Experiment\data\raw\RGB1\S47\AC1\RGB1_SUB47ACT1F76.jpg,0,0,0.00012832287757191807
1559,47,1,91,D:\Skripsi\Experiment\data\raw\RGB1\S47\AC1\RGB1_SUB47ACT1F91.jpg,0,0,0.0001652498758630827
1560,47,5,1,D:\Skripsi\Experiment\data\raw\RGB1\S47\AC5\RGB1_SUB47ACT5F1.jpg,1,1,0.7827892303466797
1561,47,5,16,D:\Skripsi\Experiment\data\raw\RGB1\S47\AC5\RGB1_SUB47ACT5F16.jpg,1,1,0.956088662147522
1562,47,5,31,D:\Skripsi\Experiment\data\raw\RGB1\S47\AC5\RGB1_SUB47ACT5F31.jpg,1,1,0.967659592628479
1563,47,5,46,D:\Skripsi\Experiment\data\raw\RGB1\S47\AC5\RGB1_SUB47ACT5F46.jpg,1,1,0.9786046743392944
1564,47,5,61,D:\Skripsi\Experiment\data\raw\RGB1\S47\AC5\RGB1_SUB47ACT5F61.jpg,1,1,0.9126262068748474
1565,47,5,76,D:\Skripsi\Experiment\data\raw\RGB1\S47\AC5\RGB1_SUB47ACT5F76.jpg,1,1,0.9535015225410461
1566,47,5,91,D:\Skripsi\Experiment\data\raw\RGB1\S47\AC5\RGB1_SUB47ACT5F91.jpg,1,1,0.9505884051322937
1567,47,6,1,D:\Skripsi\Experiment\data\raw\RGB1\S47\AC6\RGB1_SUB47ACT6F1.jpg,1,1,0.9755457043647766
1568,47,6,106,D:\Skripsi\Experiment\data\raw\RGB1\S47\AC6\RGB1_SUB47ACT6F106.jpg,1,1,0.9807711243629456
1569,47,6,16,D:\Skripsi\Experiment\data\raw\RGB1\S47\AC6\RGB1_SUB47ACT6F16.jpg,1,1,0.9716291427612305
1570,47,6,31,D:\Skripsi\Experiment\data\raw\RGB1\S47\AC6\RGB1_SUB47ACT6F31.jpg,1,1,0.9759865403175354
1571,47,6,46,D:\Skripsi\Experiment\data\raw\RGB1\S47\AC6\RGB1_SUB47ACT6F46.jpg,1,1,0.8915551900863647
1572,47,6,61,D:\Skripsi\Experiment\data\raw\RGB1\S47\AC6\RGB1_SUB47ACT6F61.jpg,1,1,0.9442762136459351
1573,47,6,76,D:\Skripsi\Experiment\data\raw\RGB1\S47\AC6\RGB1_SUB47ACT6F76.jpg,1,1,0.9677318334579468
1574,47,6,91,D:\Skripsi\Experiment\data\raw\RGB1\S47\AC6\RGB1_SUB47ACT6F91.jpg,1,1,0.9783536791801453
1575,47,7,1,D:\Skripsi\Experiment\data\raw\RGB1\S47\AC7\RGB1_SUB47ACT7F1.jpg,1,1,0.986855685710907
1576,47,7,106,D:\Skripsi\Experiment\data\raw\RGB1\S47\AC7\RGB1_SUB47ACT7F106.jpg,1,1,0.9127009510993958
1577,47,7,121,D:\Skripsi\Experiment\data\raw\RGB1\S47\AC7\RGB1_SUB47ACT7F121.jpg,1,1,0.9846891164779663
1578,47,7,136,D:\Skripsi\Experiment\data\raw\RGB1\S47\AC7\RGB1_SUB47ACT7F136.jpg,1,1,0.9859564304351807
1579,47,7,151,D:\Skripsi\Experiment\data\raw\RGB1\S47\AC7\RGB1_SUB47ACT7F151.jpg,1,1,0.9954702854156494
1580,47,7,16,D:\Skripsi\Experiment\data\raw\RGB1\S47\AC7\RGB1_SUB47ACT7F16.jpg,1,1,0.988920271396637
1581,47,7,166,D:\Skripsi\Experiment\data\raw\RGB1\S47\AC7\RGB1_SUB47ACT7F166.jpg,1,1,0.9881598949432373
1582,47,7,31,D:\Skripsi\Experiment\data\raw\RGB1\S47\AC7\RGB1_SUB47ACT7F31.jpg,1,1,0.976195752620697
1583,47,7,46,D:\Skripsi\Experiment\data\raw\RGB1\S47\AC7\RGB1_SUB47ACT7F46.jpg,1,1,0.9937764406204224
1584,47,7,61,D:\Skripsi\Experiment\data\raw\RGB1\S47\AC7\RGB1_SUB47ACT7F61.jpg,1,1,0.9837956428527832
1585,47,7,76,D:\Skripsi\Experiment\data\raw\RGB1\S47\AC7\RGB1_SUB47ACT7F76.jpg,1,1,0.9524482488632202
1586,47,7,91,D:\Skripsi\Experiment\data\raw\RGB1\S47\AC7\RGB1_SUB47ACT7F91.jpg,1,1,0.9918286204338074
1587,47,8,1,D:\Skripsi\Experiment\data\raw\RGB1\S47\AC8\RGB1_SUB47ACT8F1.jpg,1,1,0.9798229336738586
1588,47,8,106,D:\Skripsi\Experiment\data\raw\RGB1\S47\AC8\RGB1_SUB47ACT8F106.jpg,1,1,0.978194534778595
1589,47,8,121,D:\Skripsi\Experiment\data\raw\RGB1\S47\AC8\RGB1_SUB47ACT8F121.jpg,1,1,0.9948858618736267
1590,47,8,136,D:\Skripsi\Experiment\data\raw\RGB1\S47\AC8\RGB1_SUB47ACT8F136.jpg,1,1,0.9903544187545776
1591,47,8,151,D:\Skripsi\Experiment\data\raw\RGB1\S47\AC8\RGB1_SUB47ACT8F151.jpg,1,1,0.9690454602241516
1592,47,8,16,D:\Skripsi\Experiment\data\raw\RGB1\S47\AC8\RGB1_SUB47ACT8F16.jpg,1,1,0.9677841663360596
1593,47,8,31,D:\Skripsi\Experiment\data\raw\RGB1\S47\AC8\RGB1_SUB47ACT8F31.jpg,1,1,0.9866704344749451
1594,47,8,46,D:\Skripsi\Experiment\data\raw\RGB1\S47\AC8\RGB1_SUB47ACT8F46.jpg,1,1,0.9761981964111328
1595,47,8,61,D:\Skripsi\Experiment\data\raw\RGB1\S47\AC8\RGB1_SUB47ACT8F61.jpg,1,1,0.9878911972045898
1596,47,8,76,D:\Skripsi\Experiment\data\raw\RGB1\S47\AC8\RGB1_SUB47ACT8F76.jpg,1,1,0.9858021140098572
1597,47,8,91,D:\Skripsi\Experiment\data\raw\RGB1\S47\AC8\RGB1_SUB47ACT8F91.jpg,1,1,0.9897304773330688
1598,47,9,1,D:\Skripsi\Experiment\data\raw\RGB1\S47\AC9\RGB1_SUB47ACT9F1.jpg,1,1,0.9930550456047058
1599,47,9,106,D:\Skripsi\Experiment\data\raw\RGB1\S47\AC9\RGB1_SUB47ACT9F106.jpg,1,1,0.8684913516044617
1600,47,9,121,D:\Skripsi\Experiment\data\raw\RGB1\S47\AC9\RGB1_SUB47ACT9F121.jpg,1,1,0.970518171787262
1601,47,9,136,D:\Skripsi\Experiment\data\raw\RGB1\S47\AC9\RGB1_SUB47ACT9F136.jpg,1,1,0.9591366052627563
1602,47,9,151,D:\Skripsi\Experiment\data\raw\RGB1\S47\AC9\RGB1_SUB47ACT9F151.jpg,1,1,0.9853795170783997
1603,47,9,16,D:\Skripsi\Experiment\data\raw\RGB1\S47\AC9\RGB1_SUB47ACT9F16.jpg,1,1,0.9939441084861755
1604,47,9,31,D:\Skripsi\Experiment\data\raw\RGB1\S47\AC9\RGB1_SUB47ACT9F31.jpg,1,1,0.9751694202423096
1605,47,9,46,D:\Skripsi\Experiment\data\raw\RGB1\S47\AC9\RGB1_SUB47ACT9F46.jpg,1,1,0.9952898025512695
1606,47,9,61,D:\Skripsi\Experiment\data\raw\RGB1\S47\AC9\RGB1_SUB47ACT9F61.jpg,1,1,0.9889436960220337
1607,47,9,76,D:\Skripsi\Experiment\data\raw\RGB1\S47\AC9\RGB1_SUB47ACT9F76.jpg,1,1,0.9944397211074829
1608,47,9,91,D:\Skripsi\Experiment\data\raw\RGB1\S47\AC9\RGB1_SUB47ACT9F91.jpg,1,1,0.908650815486908
1609,48,1,1,D:\Skripsi\Experiment\data\raw\RGB1\S48\AC1\RGB1_SUB48ACT1F1.jpg,0,0,0.014766803942620754
1610,48,1,106,D:\Skripsi\Experiment\data\raw\RGB1\S48\AC1\RGB1_SUB48ACT1F106.jpg,0,0,0.005109323188662529
1611,48,1,121,D:\Skripsi\Experiment\data\raw\RGB1\S48\AC1\RGB1_SUB48ACT1F121.jpg,0,0,0.006689577363431454
1612,48,1,16,D:\Skripsi\Experiment\data\raw\RGB1\S48\AC1\RGB1_SUB48ACT1F16.jpg,0,0,0.03541312366724014
1613,48,1,31,D:\Skripsi\Experiment\data\raw\RGB1\S48\AC1\RGB1_SUB48ACT1F31.jpg,0,0,0.00801179651170969
1614,48,1,46,D:\Skripsi\Experiment\data\raw\RGB1\S48\AC1\RGB1_SUB48ACT1F46.jpg,0,0,0.0044144680723547935
1615,48,1,61,D:\Skripsi\Experiment\data\raw\RGB1\S48\AC1\RGB1_SUB48ACT1F61.jpg,0,0,0.007703979499638081
1616,48,1,76,D:\Skripsi\Experiment\data\raw\RGB1\S48\AC1\RGB1_SUB48ACT1F76.jpg,0,0,0.028007326647639275
1617,48,1,91,D:\Skripsi\Experiment\data\raw\RGB1\S48\AC1\RGB1_SUB48ACT1F91.jpg,0,0,0.025150148198008537
1618,48,5,1,D:\Skripsi\Experiment\data\raw\RGB1\S48\AC5\RGB1_SUB48ACT5F1.jpg,1,1,0.9716757535934448
1619,48,5,106,D:\Skripsi\Experiment\data\raw\RGB1\S48\AC5\RGB1_SUB48ACT5F106.jpg,1,1,0.9925083518028259
1620,48,5,121,D:\Skripsi\Experiment\data\raw\RGB1\S48\AC5\RGB1_SUB48ACT5F121.jpg,1,1,0.9855003952980042
1621,48,5,136,D:\Skripsi\Experiment\data\raw\RGB1\S48\AC5\RGB1_SUB48ACT5F136.jpg,1,1,0.9005265831947327
1622,48,5,16,D:\Skripsi\Experiment\data\raw\RGB1\S48\AC5\RGB1_SUB48ACT5F16.jpg,1,1,0.978706955909729
1623,48,5,31,D:\Skripsi\Experiment\data\raw\RGB1\S48\AC5\RGB1_SUB48ACT5F31.jpg,1,1,0.9939716458320618
1624,48,5,46,D:\Skripsi\Experiment\data\raw\RGB1\S48\AC5\RGB1_SUB48ACT5F46.jpg,1,1,0.9828671813011169
1625,48,5,61,D:\Skripsi\Experiment\data\raw\RGB1\S48\AC5\RGB1_SUB48ACT5F61.jpg,1,1,0.9894383549690247
1626,48,5,76,D:\Skripsi\Experiment\data\raw\RGB1\S48\AC5\RGB1_SUB48ACT5F76.jpg,1,1,0.9797580242156982
1627,48,5,91,D:\Skripsi\Experiment\data\raw\RGB1\S48\AC5\RGB1_SUB48ACT5F91.jpg,1,1,0.9814664125442505
1628,48,6,1,D:\Skripsi\Experiment\data\raw\RGB1\S48\AC6\RGB1_SUB48ACT6F1.jpg,1,1,0.9910843372344971
1629,48,6,16,D:\Skripsi\Experiment\data\raw\RGB1\S48\AC6\RGB1_SUB48ACT6F16.jpg,1,1,0.804269015789032
1630,48,6,31,D:\Skripsi\Experiment\data\raw\RGB1\S48\AC6\RGB1_SUB48ACT6F31.jpg,1,1,0.9851934313774109
1631,48,6,46,D:\Skripsi\Experiment\data\raw\RGB1\S48\AC6\RGB1_SUB48ACT6F46.jpg,1,1,0.9862565398216248
1632,48,6,61,D:\Skripsi\Experiment\data\raw\RGB1\S48\AC6\RGB1_SUB48ACT6F61.jpg,1,1,0.9059720635414124
1633,48,6,76,D:\Skripsi\Experiment\data\raw\RGB1\S48\AC6\RGB1_SUB48ACT6F76.jpg,1,1,0.9962242841720581
1634,48,6,91,D:\Skripsi\Experiment\data\raw\RGB1\S48\AC6\RGB1_SUB48ACT6F91.jpg,1,1,0.9564565420150757
1635,48,7,1,D:\Skripsi\Experiment\data\raw\RGB1\S48\AC7\RGB1_SUB48ACT7F1.jpg,1,1,0.9919183850288391
1636,48,7,106,D:\Skripsi\Experiment\data\raw\RGB1\S48\AC7\RGB1_SUB48ACT7F106.jpg,1,1,0.5764631628990173
1637,48,7,121,D:\Skripsi\Experiment\data\raw\RGB1\S48\AC7\RGB1_SUB48ACT7F121.jpg,1,1,0.9524667263031006
1638,48,7,136,D:\Skripsi\Experiment\data\raw\RGB1\S48\AC7\RGB1_SUB48ACT7F136.jpg,1,1,0.9696071743965149
1639,48,7,151,D:\Skripsi\Experiment\data\raw\RGB1\S48\AC7\RGB1_SUB48ACT7F151.jpg,1,1,0.9835536479949951
1640,48,7,16,D:\Skripsi\Experiment\data\raw\RGB1\S48\AC7\RGB1_SUB48ACT7F16.jpg,1,1,0.9478292465209961
1641,48,7,166,D:\Skripsi\Experiment\data\raw\RGB1\S48\AC7\RGB1_SUB48ACT7F166.jpg,1,1,0.9760756492614746
1642,48,7,181,D:\Skripsi\Experiment\data\raw\RGB1\S48\AC7\RGB1_SUB48ACT7F181.jpg,1,1,0.9851962327957153
1643,48,7,31,D:\Skripsi\Experiment\data\raw\RGB1\S48\AC7\RGB1_SUB48ACT7F31.jpg,1,1,0.9468826055526733
1644,48,7,46,D:\Skripsi\Experiment\data\raw\RGB1\S48\AC7\RGB1_SUB48ACT7F46.jpg,1,1,0.989095151424408
1645,48,7,61,D:\Skripsi\Experiment\data\raw\RGB1\S48\AC7\RGB1_SUB48ACT7F61.jpg,1,1,0.9955607652664185
1646,48,7,76,D:\Skripsi\Experiment\data\raw\RGB1\S48\AC7\RGB1_SUB48ACT7F76.jpg,1,1,0.9967694282531738
1647,48,7,91,D:\Skripsi\Experiment\data\raw\RGB1\S48\AC7\RGB1_SUB48ACT7F91.jpg,1,1,0.9969350099563599
1648,48,8,1,D:\Skripsi\Experiment\data\raw\RGB1\S48\AC8\RGB1_SUB48ACT8F1.jpg,1,1,0.9880948662757874
1649,48,8,106,D:\Skripsi\Experiment\data\raw\RGB1\S48\AC8\RGB1_SUB48ACT8F106.jpg,1,1,0.9829989075660706
1650,48,8,121,D:\Skripsi\Experiment\data\raw\RGB1\S48\AC8\RGB1_SUB48ACT8F121.jpg,1,1,0.9819217920303345
1651,48,8,136,D:\Skripsi\Experiment\data\raw\RGB1\S48\AC8\RGB1_SUB48ACT8F136.jpg,1,1,0.9907217025756836
1652,48,8,151,D:\Skripsi\Experiment\data\raw\RGB1\S48\AC8\RGB1_SUB48ACT8F151.jpg,1,1,0.9508349299430847
1653,48,8,16,D:\Skripsi\Experiment\data\raw\RGB1\S48\AC8\RGB1_SUB48ACT8F16.jpg,1,1,0.9853973984718323
1654,48,8,166,D:\Skripsi\Experiment\data\raw\RGB1\S48\AC8\RGB1_SUB48ACT8F166.jpg,1,1,0.9881777167320251
1655,48,8,181,D:\Skripsi\Experiment\data\raw\RGB1\S48\AC8\RGB1_SUB48ACT8F181.jpg,1,1,0.9743722081184387
1656,48,8,31,D:\Skripsi\Experiment\data\raw\RGB1\S48\AC8\RGB1_SUB48ACT8F31.jpg,1,1,0.9780871868133545
1657,48,8,46,D:\Skripsi\Experiment\data\raw\RGB1\S48\AC8\RGB1_SUB48ACT8F46.jpg,1,1,0.9696745276451111
1658,48,8,61,D:\Skripsi\Experiment\data\raw\RGB1\S48\AC8\RGB1_SUB48ACT8F61.jpg,1,1,0.967653214931488
1659,48,8,76,D:\Skripsi\Experiment\data\raw\RGB1\S48\AC8\RGB1_SUB48ACT8F76.jpg,1,1,0.9803240299224854
1660,48,8,91,D:\Skripsi\Experiment\data\raw\RGB1\S48\AC8\RGB1_SUB48ACT8F91.jpg,1,1,0.9809162020683289
1661,48,9,1,D:\Skripsi\Experiment\data\raw\RGB1\S48\AC9\RGB1_SUB48ACT9F1.jpg,1,1,0.9974220991134644
1662,48,9,106,D:\Skripsi\Experiment\data\raw\RGB1\S48\AC9\RGB1_SUB48ACT9F106.jpg,1,1,0.8712770342826843
1663,48,9,121,D:\Skripsi\Experiment\data\raw\RGB1\S48\AC9\RGB1_SUB48ACT9F121.jpg,1,1,0.7965085506439209
1664,48,9,136,D:\Skripsi\Experiment\data\raw\RGB1\S48\AC9\RGB1_SUB48ACT9F136.jpg,1,1,0.9874371290206909
1665,48,9,151,D:\Skripsi\Experiment\data\raw\RGB1\S48\AC9\RGB1_SUB48ACT9F151.jpg,1,1,0.9953799247741699
1666,48,9,16,D:\Skripsi\Experiment\data\raw\RGB1\S48\AC9\RGB1_SUB48ACT9F16.jpg,1,1,0.987127423286438
1667,48,9,166,D:\Skripsi\Experiment\data\raw\RGB1\S48\AC9\RGB1_SUB48ACT9F166.jpg,1,1,0.995672345161438
1668,48,9,31,D:\Skripsi\Experiment\data\raw\RGB1\S48\AC9\RGB1_SUB48ACT9F31.jpg,1,1,0.9895222783088684
1669,48,9,46,D:\Skripsi\Experiment\data\raw\RGB1\S48\AC9\RGB1_SUB48ACT9F46.jpg,1,1,0.9926947355270386
1670,48,9,61,D:\Skripsi\Experiment\data\raw\RGB1\S48\AC9\RGB1_SUB48ACT9F61.jpg,1,1,0.9902149438858032
1671,48,9,76,D:\Skripsi\Experiment\data\raw\RGB1\S48\AC9\RGB1_SUB48ACT9F76.jpg,1,1,0.8570805191993713
1672,48,9,91,D:\Skripsi\Experiment\data\raw\RGB1\S48\AC9\RGB1_SUB48ACT9F91.jpg,1,1,0.8107674717903137
1673,49,1,1,D:\Skripsi\Experiment\data\raw\RGB1\S49\AC1\RGB1_SUB49ACT1F1.jpg,0,0,0.005939430557191372
1674,49,1,106,D:\Skripsi\Experiment\data\raw\RGB1\S49\AC1\RGB1_SUB49ACT1F106.jpg,0,0,0.0010980843799188733
1675,49,1,121,D:\Skripsi\Experiment\data\raw\RGB1\S49\AC1\RGB1_SUB49ACT1F121.jpg,0,0,0.00049612857401371
1676,49,1,136,D:\Skripsi\Experiment\data\raw\RGB1\S49\AC1\RGB1_SUB49ACT1F136.jpg,0,0,0.0004689003399107605
1677,49,1,151,D:\Skripsi\Experiment\data\raw\RGB1\S49\AC1\RGB1_SUB49ACT1F151.jpg,0,0,0.0007506308611482382
1678,49,1,16,D:\Skripsi\Experiment\data\raw\RGB1\S49\AC1\RGB1_SUB49ACT1F16.jpg,0,0,0.0001809699460864067
1679,49,1,166,D:\Skripsi\Experiment\data\raw\RGB1\S49\AC1\RGB1_SUB49ACT1F166.jpg,0,0,0.0009442033478990197
1680,49,1,31,D:\Skripsi\Experiment\data\raw\RGB1\S49\AC1\RGB1_SUB49ACT1F31.jpg,0,0,3.164789086440578e-05
1681,49,1,46,D:\Skripsi\Experiment\data\raw\RGB1\S49\AC1\RGB1_SUB49ACT1F46.jpg,0,0,0.00014932564226910472
1682,49,1,61,D:\Skripsi\Experiment\data\raw\RGB1\S49\AC1\RGB1_SUB49ACT1F61.jpg,0,0,0.00018578679009806365
1683,49,1,76,D:\Skripsi\Experiment\data\raw\RGB1\S49\AC1\RGB1_SUB49ACT1F76.jpg,0,0,0.00015373351925518364
1684,49,1,91,D:\Skripsi\Experiment\data\raw\RGB1\S49\AC1\RGB1_SUB49ACT1F91.jpg,0,0,0.0009906938066706061
1685,49,5,1,D:\Skripsi\Experiment\data\raw\RGB1\S49\AC5\RGB1_SUB49ACT5F1.jpg,1,1,0.9913585186004639
1686,49,5,106,D:\Skripsi\Experiment\data\raw\RGB1\S49\AC5\RGB1_SUB49ACT5F106.jpg,1,1,0.9957336783409119
1687,49,5,121,D:\Skripsi\Experiment\data\raw\RGB1\S49\AC5\RGB1_SUB49ACT5F121.jpg,1,1,0.9993495345115662
1688,49,5,136,D:\Skripsi\Experiment\data\raw\RGB1\S49\AC5\RGB1_SUB49ACT5F136.jpg,1,1,0.9884617328643799
1689,49,5,151,D:\Skripsi\Experiment\data\raw\RGB1\S49\AC5\RGB1_SUB49ACT5F151.jpg,1,1,0.928991973400116
1690,49,5,16,D:\Skripsi\Experiment\data\raw\RGB1\S49\AC5\RGB1_SUB49ACT5F16.jpg,1,1,0.9572412967681885
1691,49,5,166,D:\Skripsi\Experiment\data\raw\RGB1\S49\AC5\RGB1_SUB49ACT5F166.jpg,1,1,0.9868224859237671
1692,49,5,31,D:\Skripsi\Experiment\data\raw\RGB1\S49\AC5\RGB1_SUB49ACT5F31.jpg,1,1,0.9993271827697754
1693,49,5,46,D:\Skripsi\Experiment\data\raw\RGB1\S49\AC5\RGB1_SUB49ACT5F46.jpg,1,1,0.9992538094520569
1694,49,5,61,D:\Skripsi\Experiment\data\raw\RGB1\S49\AC5\RGB1_SUB49ACT5F61.jpg,1,1,0.9848763942718506
1695,49,5,76,D:\Skripsi\Experiment\data\raw\RGB1\S49\AC5\RGB1_SUB49ACT5F76.jpg,1,1,0.9989519119262695
1696,49,5,91,D:\Skripsi\Experiment\data\raw\RGB1\S49\AC5\RGB1_SUB49ACT5F91.jpg,1,1,0.9966020584106445
1697,49,6,1,D:\Skripsi\Experiment\data\raw\RGB1\S49\AC6\RGB1_SUB49ACT6F1.jpg,1,1,0.9832104444503784
1698,49,6,106,D:\Skripsi\Experiment\data\raw\RGB1\S49\AC6\RGB1_SUB49ACT6F106.jpg,1,1,0.9898569583892822
1699,49,6,121,D:\Skripsi\Experiment\data\raw\RGB1\S49\AC6\RGB1_SUB49ACT6F121.jpg,1,1,0.9892227649688721
1700,49,6,136,D:\Skripsi\Experiment\data\raw\RGB1\S49\AC6\RGB1_SUB49ACT6F136.jpg,1,1,0.9564973711967468
1701,49,6,151,D:\Skripsi\Experiment\data\raw\RGB1\S49\AC6\RGB1_SUB49ACT6F151.jpg,1,1,0.9844330549240112
1702,49,6,16,D:\Skripsi\Experiment\data\raw\RGB1\S49\AC6\RGB1_SUB49ACT6F16.jpg,1,1,0.9906992316246033
1703,49,6,166,D:\Skripsi\Experiment\data\raw\RGB1\S49\AC6\RGB1_SUB49ACT6F166.jpg,1,1,0.9729576110839844
1704,49,6,181,D:\Skripsi\Experiment\data\raw\RGB1\S49\AC6\RGB1_SUB49ACT6F181.jpg,1,1,0.9834558367729187
1705,49,6,31,D:\Skripsi\Experiment\data\raw\RGB1\S49\AC6\RGB1_SUB49ACT6F31.jpg,1,1,0.9794030785560608
1706,49,6,46,D:\Skripsi\Experiment\data\raw\RGB1\S49\AC6\RGB1_SUB49ACT6F46.jpg,1,1,0.9854947328567505
1707,49,6,61,D:\Skripsi\Experiment\data\raw\RGB1\S49\AC6\RGB1_SUB49ACT6F61.jpg,1,1,0.9934222102165222
1708,49,6,76,D:\Skripsi\Experiment\data\raw\RGB1\S49\AC6\RGB1_SUB49ACT6F76.jpg,1,1,0.9897068738937378
1709,49,6,91,D:\Skripsi\Experiment\data\raw\RGB1\S49\AC6\RGB1_SUB49ACT6F91.jpg,1,1,0.9727876782417297
1710,49,7,1,D:\Skripsi\Experiment\data\raw\RGB1\S49\AC7\RGB1_SUB49ACT7F1.jpg,1,1,0.950844407081604
1711,49,7,106,D:\Skripsi\Experiment\data\raw\RGB1\S49\AC7\RGB1_SUB49ACT7F106.jpg,1,1,0.8731656670570374
1712,49,7,121,D:\Skripsi\Experiment\data\raw\RGB1\S49\AC7\RGB1_SUB49ACT7F121.jpg,1,1,0.9242401719093323
1713,49,7,136,D:\Skripsi\Experiment\data\raw\RGB1\S49\AC7\RGB1_SUB49ACT7F136.jpg,1,1,0.9371073246002197
1714,49,7,16,D:\Skripsi\Experiment\data\raw\RGB1\S49\AC7\RGB1_SUB49ACT7F16.jpg,1,1,0.8086286187171936
1715,49,7,31,D:\Skripsi\Experiment\data\raw\RGB1\S49\AC7\RGB1_SUB49ACT7F31.jpg,1,1,0.9806120991706848
1716,49,7,46,D:\Skripsi\Experiment\data\raw\RGB1\S49\AC7\RGB1_SUB49ACT7F46.jpg,1,1,0.9838486909866333
1717,49,7,61,D:\Skripsi\Experiment\data\raw\RGB1\S49\AC7\RGB1_SUB49ACT7F61.jpg,1,1,0.9097470045089722
1718,49,7,76,D:\Skripsi\Experiment\data\raw\RGB1\S49\AC7\RGB1_SUB49ACT7F76.jpg,1,1,0.8386090397834778
1719,49,7,91,D:\Skripsi\Experiment\data\raw\RGB1\S49\AC7\RGB1_SUB49ACT7F91.jpg,1,1,0.8468635082244873
1720,49,8,1,D:\Skripsi\Experiment\data\raw\RGB1\S49\AC8\RGB1_SUB49ACT8F1.jpg,1,1,0.9844464659690857
1721,49,8,106,D:\Skripsi\Experiment\data\raw\RGB1\S49\AC8\RGB1_SUB49ACT8F106.jpg,1,1,0.9796430468559265
1722,49,8,121,D:\Skripsi\Experiment\data\raw\RGB1\S49\AC8\RGB1_SUB49ACT8F121.jpg,1,1,0.9831532835960388
1723,49,8,136,D:\Skripsi\Experiment\data\raw\RGB1\S49\AC8\RGB1_SUB49ACT8F136.jpg,1,1,0.9918721318244934
1724,49,8,151,D:\Skripsi\Experiment\data\raw\RGB1\S49\AC8\RGB1_SUB49ACT8F151.jpg,1,1,0.98734450340271
1725,49,8,16,D:\Skripsi\Experiment\data\raw\RGB1\S49\AC8\RGB1_SUB49ACT8F16.jpg,1,1,0.9570764899253845
1726,49,8,166,D:\Skripsi\Experiment\data\raw\RGB1\S49\AC8\RGB1_SUB49ACT8F166.jpg,1,1,0.981575608253479
1727,49,8,181,D:\Skripsi\Experiment\data\raw\RGB1\S49\AC8\RGB1_SUB49ACT8F181.jpg,1,1,0.97682124376297
1728,49,8,196,D:\Skripsi\Experiment\data\raw\RGB1\S49\AC8\RGB1_SUB49ACT8F196.jpg,1,1,0.9804961085319519
1729,49,8,211,D:\Skripsi\Experiment\data\raw\RGB1\S49\AC8\RGB1_SUB49ACT8F211.jpg,1,1,0.9534986019134521
1730,49,8,31,D:\Skripsi\Experiment\data\raw\RGB1\S49\AC8\RGB1_SUB49ACT8F31.jpg,1,1,0.9970410466194153
1731,49,8,46,D:\Skripsi\Experiment\data\raw\RGB1\S49\AC8\RGB1_SUB49ACT8F46.jpg,1,1,0.9791272282600403
1732,49,8,61,D:\Skripsi\Experiment\data\raw\RGB1\S49\AC8\RGB1_SUB49ACT8F61.jpg,1,1,0.9874613881111145
1733,49,8,76,D:\Skripsi\Experiment\data\raw\RGB1\S49\AC8\RGB1_SUB49ACT8F76.jpg,1,1,0.989978551864624
1734,49,8,91,D:\Skripsi\Experiment\data\raw\RGB1\S49\AC8\RGB1_SUB49ACT8F91.jpg,1,1,0.9798690676689148
1735,49,9,1,D:\Skripsi\Experiment\data\raw\RGB1\S49\AC9\RGB1_SUB49ACT9F1.jpg,1,1,0.9852495789527893
1736,49,9,106,D:\Skripsi\Experiment\data\raw\RGB1\S49\AC9\RGB1_SUB49ACT9F106.jpg,1,1,0.8978779315948486
1737,49,9,121,D:\Skripsi\Experiment\data\raw\RGB1\S49\AC9\RGB1_SUB49ACT9F121.jpg,1,1,0.890337347984314
1738,49,9,136,D:\Skripsi\Experiment\data\raw\RGB1\S49\AC9\RGB1_SUB49ACT9F136.jpg,1,1,0.9656040668487549
1739,49,9,151,D:\Skripsi\Experiment\data\raw\RGB1\S49\AC9\RGB1_SUB49ACT9F151.jpg,1,1,0.9331150054931641
1740,49,9,16,D:\Skripsi\Experiment\data\raw\RGB1\S49\AC9\RGB1_SUB49ACT9F16.jpg,1,1,0.9865238070487976
1741,49,9,166,D:\Skripsi\Experiment\data\raw\RGB1\S49\AC9\RGB1_SUB49ACT9F166.jpg,1,1,0.9904590845108032
1742,49,9,181,D:\Skripsi\Experiment\data\raw\RGB1\S49\AC9\RGB1_SUB49ACT9F181.jpg,1,1,0.953972339630127
1743,49,9,196,D:\Skripsi\Experiment\data\raw\RGB1\S49\AC9\RGB1_SUB49ACT9F196.jpg,1,1,0.9891843795776367
1744,49,9,31,D:\Skripsi\Experiment\data\raw\RGB1\S49\AC9\RGB1_SUB49ACT9F31.jpg,1,1,0.5233158469200134
1745,49,9,46,D:\Skripsi\Experiment\data\raw\RGB1\S49\AC9\RGB1_SUB49ACT9F46.jpg,1,0,0.4682725965976715
1746,49,9,61,D:\Skripsi\Experiment\data\raw\RGB1\S49\AC9\RGB1_SUB49ACT9F61.jpg,1,1,0.9803200960159302
1747,49,9,76,D:\Skripsi\Experiment\data\raw\RGB1\S49\AC9\RGB1_SUB49ACT9F76.jpg,1,1,0.7203077673912048
1748,49,9,91,D:\Skripsi\Experiment\data\raw\RGB1\S49\AC9\RGB1_SUB49ACT9F91.jpg,1,1,0.9111787676811218
1749,5,1,1,D:\Skripsi\Experiment\data\raw\RGB1\S5\AC1\RGB1_SUB5ACT1F1.jpg,0,0,0.003998946864157915
1750,5,1,106,D:\Skripsi\Experiment\data\raw\RGB1\S5\AC1\RGB1_SUB5ACT1F106.jpg,0,0,0.005043659824877977
1751,5,1,121,D:\Skripsi\Experiment\data\raw\RGB1\S5\AC1\RGB1_SUB5ACT1F121.jpg,0,0,0.005056736990809441
1752,5,1,136,D:\Skripsi\Experiment\data\raw\RGB1\S5\AC1\RGB1_SUB5ACT1F136.jpg,0,0,0.002886973088607192
1753,5,1,16,D:\Skripsi\Experiment\data\raw\RGB1\S5\AC1\RGB1_SUB5ACT1F16.jpg,0,0,0.001984301721677184
1754,5,1,31,D:\Skripsi\Experiment\data\raw\RGB1\S5\AC1\RGB1_SUB5ACT1F31.jpg,0,0,0.018868688493967056
1755,5,1,46,D:\Skripsi\Experiment\data\raw\RGB1\S5\AC1\RGB1_SUB5ACT1F46.jpg,0,0,0.023536117747426033
1756,5,1,61,D:\Skripsi\Experiment\data\raw\RGB1\S5\AC1\RGB1_SUB5ACT1F61.jpg,0,0,0.013697140850126743
1757,5,1,76,D:\Skripsi\Experiment\data\raw\RGB1\S5\AC1\RGB1_SUB5ACT1F76.jpg,0,0,0.05422012507915497
1758,5,1,91,D:\Skripsi\Experiment\data\raw\RGB1\S5\AC1\RGB1_SUB5ACT1F91.jpg,0,0,0.013636072166264057
1759,5,5,1,D:\Skripsi\Experiment\data\raw\RGB1\S5\AC5\RGB1_SUB5ACT5F1.jpg,1,1,0.6372225284576416
1760,5,5,106,D:\Skripsi\Experiment\data\raw\RGB1\S5\AC5\RGB1_SUB5ACT5F106.jpg,1,1,0.990142285823822
1761,5,5,121,D:\Skripsi\Experiment\data\raw\RGB1\S5\AC5\RGB1_SUB5ACT5F121.jpg,1,1,0.9597392678260803
1762,5,5,16,D:\Skripsi\Experiment\data\raw\RGB1\S5\AC5\RGB1_SUB5ACT5F16.jpg,1,1,0.9849965572357178
1763,5,5,31,D:\Skripsi\Experiment\data\raw\RGB1\S5\AC5\RGB1_SUB5ACT5F31.jpg,1,1,0.918563961982727
1764,5,5,46,D:\Skripsi\Experiment\data\raw\RGB1\S5\AC5\RGB1_SUB5ACT5F46.jpg,1,1,0.8322386145591736
1765,5,5,61,D:\Skripsi\Experiment\data\raw\RGB1\S5\AC5\RGB1_SUB5ACT5F61.jpg,1,1,0.9892743229866028
1766,5,5,76,D:\Skripsi\Experiment\data\raw\RGB1\S5\AC5\RGB1_SUB5ACT5F76.jpg,1,1,0.9830573201179504
1767,5,5,91,D:\Skripsi\Experiment\data\raw\RGB1\S5\AC5\RGB1_SUB5ACT5F91.jpg,1,1,0.9655642509460449
1768,5,6,1,D:\Skripsi\Experiment\data\raw\RGB1\S5\AC6\RGB1_SUB5ACT6F1.jpg,1,1,0.9728050827980042
1769,5,6,106,D:\Skripsi\Experiment\data\raw\RGB1\S5\AC6\RGB1_SUB5ACT6F106.jpg,1,1,0.9747284054756165
1770,5,6,121,D:\Skripsi\Experiment\data\raw\RGB1\S5\AC6\RGB1_SUB5ACT6F121.jpg,1,1,0.978580892086029
1771,5,6,136,D:\Skripsi\Experiment\data\raw\RGB1\S5\AC6\RGB1_SUB5ACT6F136.jpg,1,1,0.8193956613540649
1772,5,6,16,D:\Skripsi\Experiment\data\raw\RGB1\S5\AC6\RGB1_SUB5ACT6F16.jpg,1,1,0.8816919922828674
1773,5,6,31,D:\Skripsi\Experiment\data\raw\RGB1\S5\AC6\RGB1_SUB5ACT6F31.jpg,1,1,0.9568235874176025
1774,5,6,46,D:\Skripsi\Experiment\data\raw\RGB1\S5\AC6\RGB1_SUB5ACT6F46.jpg,1,1,0.9411551356315613
1775,5,6,61,D:\Skripsi\Experiment\data\raw\RGB1\S5\AC6\RGB1_SUB5ACT6F61.jpg,1,1,0.9786018133163452
1776,5,6,76,D:\Skripsi\Experiment\data\raw\RGB1\S5\AC6\RGB1_SUB5ACT6F76.jpg,1,1,0.9887378215789795
1777,5,6,91,D:\Skripsi\Experiment\data\raw\RGB1\S5\AC6\RGB1_SUB5ACT6F91.jpg,1,1,0.9854915142059326
1778,5,7,1,D:\Skripsi\Experiment\data\raw\RGB1\S5\AC7\RGB1_SUB5ACT7F1.jpg,1,1,0.9966037273406982
1779,5,7,106,D:\Skripsi\Experiment\data\raw\RGB1\S5\AC7\RGB1_SUB5ACT7F106.jpg,1,1,0.996566653251648
1780,5,7,121,D:\Skripsi\Experiment\data\raw\RGB1\S5\AC7\RGB1_SUB5ACT7F121.jpg,1,1,0.9316017627716064
1781,5,7,136,D:\Skripsi\Experiment\data\raw\RGB1\S5\AC7\RGB1_SUB5ACT7F136.jpg,1,1,0.9575490951538086
1782,5,7,151,D:\Skripsi\Experiment\data\raw\RGB1\S5\AC7\RGB1_SUB5ACT7F151.jpg,1,1,0.950442373752594
1783,5,7,16,D:\Skripsi\Experiment\data\raw\RGB1\S5\AC7\RGB1_SUB5ACT7F16.jpg,1,1,0.9979585409164429
1784,5,7,31,D:\Skripsi\Experiment\data\raw\RGB1\S5\AC7\RGB1_SUB5ACT7F31.jpg,1,1,0.9922264814376831
1785,5,7,46,D:\Skripsi\Experiment\data\raw\RGB1\S5\AC7\RGB1_SUB5ACT7F46.jpg,1,1,0.9762470722198486
1786,5,7,61,D:\Skripsi\Experiment\data\raw\RGB1\S5\AC7\RGB1_SUB5ACT7F61.jpg,1,1,0.9991488456726074
1787,5,7,76,D:\Skripsi\Experiment\data\raw\RGB1\S5\AC7\RGB1_SUB5ACT7F76.jpg,1,1,0.994694173336029
1788,5,7,91,D:\Skripsi\Experiment\data\raw\RGB1\S5\AC7\RGB1_SUB5ACT7F91.jpg,1,1,0.9985104203224182
1789,5,8,1,D:\Skripsi\Experiment\data\raw\RGB1\S5\AC8\RGB1_SUB5ACT8F1.jpg,1,1,0.9169347882270813
1790,5,8,106,D:\Skripsi\Experiment\data\raw\RGB1\S5\AC8\RGB1_SUB5ACT8F106.jpg,1,1,0.9633921384811401
1791,5,8,121,D:\Skripsi\Experiment\data\raw\RGB1\S5\AC8\RGB1_SUB5ACT8F121.jpg,1,1,0.8799933791160583
1792,5,8,136,D:\Skripsi\Experiment\data\raw\RGB1\S5\AC8\RGB1_SUB5ACT8F136.jpg,1,1,0.9863237142562866
1793,5,8,151,D:\Skripsi\Experiment\data\raw\RGB1\S5\AC8\RGB1_SUB5ACT8F151.jpg,1,1,0.9685010313987732
1794,5,8,16,D:\Skripsi\Experiment\data\raw\RGB1\S5\AC8\RGB1_SUB5ACT8F16.jpg,1,1,0.7659080624580383
1795,5,8,31,D:\Skripsi\Experiment\data\raw\RGB1\S5\AC8\RGB1_SUB5ACT8F31.jpg,1,1,0.7610483169555664
1796,5,8,46,D:\Skripsi\Experiment\data\raw\RGB1\S5\AC8\RGB1_SUB5ACT8F46.jpg,1,1,0.8193545937538147
1797,5,8,61,D:\Skripsi\Experiment\data\raw\RGB1\S5\AC8\RGB1_SUB5ACT8F61.jpg,1,1,0.820787250995636
1798,5,8,76,D:\Skripsi\Experiment\data\raw\RGB1\S5\AC8\RGB1_SUB5ACT8F76.jpg,1,1,0.9665947556495667
1799,5,8,91,D:\Skripsi\Experiment\data\raw\RGB1\S5\AC8\RGB1_SUB5ACT8F91.jpg,1,1,0.9957179427146912
1800,5,9,1,D:\Skripsi\Experiment\data\raw\RGB1\S5\AC9\RGB1_SUB5ACT9F1.jpg,1,1,0.9081913232803345
1801,5,9,106,D:\Skripsi\Experiment\data\raw\RGB1\S5\AC9\RGB1_SUB5ACT9F106.jpg,1,1,0.9914781451225281
1802,5,9,121,D:\Skripsi\Experiment\data\raw\RGB1\S5\AC9\RGB1_SUB5ACT9F121.jpg,1,1,0.9953698515892029
1803,5,9,136,D:\Skripsi\Experiment\data\raw\RGB1\S5\AC9\RGB1_SUB5ACT9F136.jpg,1,1,0.9972604513168335
1804,5,9,151,D:\Skripsi\Experiment\data\raw\RGB1\S5\AC9\RGB1_SUB5ACT9F151.jpg,1,1,0.9819263815879822
1805,5,9,16,D:\Skripsi\Experiment\data\raw\RGB1\S5\AC9\RGB1_SUB5ACT9F16.jpg,1,1,0.8447719216346741
1806,5,9,166,D:\Skripsi\Experiment\data\raw\RGB1\S5\AC9\RGB1_SUB5ACT9F166.jpg,1,1,0.9829583764076233
1807,5,9,31,D:\Skripsi\Experiment\data\raw\RGB1\S5\AC9\RGB1_SUB5ACT9F31.jpg,1,1,0.98329758644104
1808,5,9,46,D:\Skripsi\Experiment\data\raw\RGB1\S5\AC9\RGB1_SUB5ACT9F46.jpg,1,1,0.9720529317855835
1809,5,9,61,D:\Skripsi\Experiment\data\raw\RGB1\S5\AC9\RGB1_SUB5ACT9F61.jpg,1,1,0.9816931486129761
1810,5,9,76,D:\Skripsi\Experiment\data\raw\RGB1\S5\AC9\RGB1_SUB5ACT9F76.jpg,1,1,0.9804901480674744
1811,5,9,91,D:\Skripsi\Experiment\data\raw\RGB1\S5\AC9\RGB1_SUB5ACT9F91.jpg,1,1,0.9801703691482544
1812,50,1,1,D:\Skripsi\Experiment\data\raw\RGB1\S50\AC1\RGB1_SUB50ACT1F1.jpg,0,0,0.0009155781008303165
1813,50,1,106,D:\Skripsi\Experiment\data\raw\RGB1\S50\AC1\RGB1_SUB50ACT1F106.jpg,0,0,0.018796661868691444
1814,50,1,16,D:\Skripsi\Experiment\data\raw\RGB1\S50\AC1\RGB1_SUB50ACT1F16.jpg,0,0,0.0020360066555440426
1815,50,1,31,D:\Skripsi\Experiment\data\raw\RGB1\S50\AC1\RGB1_SUB50ACT1F31.jpg,0,0,0.0014022173127159476
1816,50,1,46,D:\Skripsi\Experiment\data\raw\RGB1\S50\AC1\RGB1_SUB50ACT1F46.jpg,0,0,0.008372350595891476
1817,50,1,61,D:\Skripsi\Experiment\data\raw\RGB1\S50\AC1\RGB1_SUB50ACT1F61.jpg,0,0,0.00397685170173645
1818,50,1,76,D:\Skripsi\Experiment\data\raw\RGB1\S50\AC1\RGB1_SUB50ACT1F76.jpg,0,0,0.0013509471900761127
1819,50,1,91,D:\Skripsi\Experiment\data\raw\RGB1\S50\AC1\RGB1_SUB50ACT1F91.jpg,0,0,0.08871456980705261
1820,50,5,1,D:\Skripsi\Experiment\data\raw\RGB1\S50\AC5\RGB1_SUB50ACT5F1.jpg,1,1,0.9878532886505127
1821,50,5,106,D:\Skripsi\Experiment\data\raw\RGB1\S50\AC5\RGB1_SUB50ACT5F106.jpg,1,1,0.9890390634536743
1822,50,5,121,D:\Skripsi\Experiment\data\raw\RGB1\S50\AC5\RGB1_SUB50ACT5F121.jpg,1,1,0.9933983087539673
1823,50,5,16,D:\Skripsi\Experiment\data\raw\RGB1\S50\AC5\RGB1_SUB50ACT5F16.jpg,1,1,0.9983396530151367
1824,50,5,31,D:\Skripsi\Experiment\data\raw\RGB1\S50\AC5\RGB1_SUB50ACT5F31.jpg,1,1,0.9862290620803833
1825,50,5,46,D:\Skripsi\Experiment\data\raw\RGB1\S50\AC5\RGB1_SUB50ACT5F46.jpg,1,1,0.9216471910476685
1826,50,5,61,D:\Skripsi\Experiment\data\raw\RGB1\S50\AC5\RGB1_SUB50ACT5F61.jpg,1,1,0.9808585047721863
1827,50,5,76,D:\Skripsi\Experiment\data\raw\RGB1\S50\AC5\RGB1_SUB50ACT5F76.jpg,1,1,0.9830978512763977
1828,50,5,91,D:\Skripsi\Experiment\data\raw\RGB1\S50\AC5\RGB1_SUB50ACT5F91.jpg,1,1,0.9923931360244751
1829,50,6,1,D:\Skripsi\Experiment\data\raw\RGB1\S50\AC6\RGB1_SUB50ACT6F1.jpg,1,1,0.9608129262924194
1830,50,6,106,D:\Skripsi\Experiment\data\raw\RGB1\S50\AC6\RGB1_SUB50ACT6F106.jpg,1,1,0.950419008731842
1831,50,6,121,D:\Skripsi\Experiment\data\raw\RGB1\S50\AC6\RGB1_SUB50ACT6F121.jpg,1,1,0.9274150133132935
1832,50,6,136,D:\Skripsi\Experiment\data\raw\RGB1\S50\AC6\RGB1_SUB50ACT6F136.jpg,1,1,0.8951613306999207
1833,50,6,16,D:\Skripsi\Experiment\data\raw\RGB1\S50\AC6\RGB1_SUB50ACT6F16.jpg,1,1,0.9981589913368225
1834,50,6,31,D:\Skripsi\Experiment\data\raw\RGB1\S50\AC6\RGB1_SUB50ACT6F31.jpg,1,1,0.9901548624038696
1835,50,6,46,D:\Skripsi\Experiment\data\raw\RGB1\S50\AC6\RGB1_SUB50ACT6F46.jpg,1,1,0.9916360378265381
1836,50,6,61,D:\Skripsi\Experiment\data\raw\RGB1\S50\AC6\RGB1_SUB50ACT6F61.jpg,1,1,0.9879636764526367
1837,50,6,76,D:\Skripsi\Experiment\data\raw\RGB1\S50\AC6\RGB1_SUB50ACT6F76.jpg,1,1,0.9905133247375488
1838,50,6,91,D:\Skripsi\Experiment\data\raw\RGB1\S50\AC6\RGB1_SUB50ACT6F91.jpg,1,1,0.9744417071342468
1839,50,7,1,D:\Skripsi\Experiment\data\raw\RGB1\S50\AC7\RGB1_SUB50ACT7F1.jpg,1,1,0.9761177897453308
1840,50,7,106,D:\Skripsi\Experiment\data\raw\RGB1\S50\AC7\RGB1_SUB50ACT7F106.jpg,1,1,0.9931389689445496
1841,50,7,121,D:\Skripsi\Experiment\data\raw\RGB1\S50\AC7\RGB1_SUB50ACT7F121.jpg,1,1,0.9966655373573303
1842,50,7,136,D:\Skripsi\Experiment\data\raw\RGB1\S50\AC7\RGB1_SUB50ACT7F136.jpg,1,1,0.9939261078834534
1843,50,7,16,D:\Skripsi\Experiment\data\raw\RGB1\S50\AC7\RGB1_SUB50ACT7F16.jpg,1,1,0.9830580353736877
1844,50,7,31,D:\Skripsi\Experiment\data\raw\RGB1\S50\AC7\RGB1_SUB50ACT7F31.jpg,1,1,0.9862056374549866
1845,50,7,46,D:\Skripsi\Experiment\data\raw\RGB1\S50\AC7\RGB1_SUB50ACT7F46.jpg,1,1,0.9318105578422546
1846,50,7,61,D:\Skripsi\Experiment\data\raw\RGB1\S50\AC7\RGB1_SUB50ACT7F61.jpg,1,1,0.9953557252883911
1847,50,7,76,D:\Skripsi\Experiment\data\raw\RGB1\S50\AC7\RGB1_SUB50ACT7F76.jpg,1,1,0.995918333530426
1848,50,7,91,D:\Skripsi\Experiment\data\raw\RGB1\S50\AC7\RGB1_SUB50ACT7F91.jpg,1,1,0.9984408020973206
1849,50,8,1,D:\Skripsi\Experiment\data\raw\RGB1\S50\AC8\RGB1_SUB50ACT8F1.jpg,1,1,0.9526853561401367
1850,50,8,106,D:\Skripsi\Experiment\data\raw\RGB1\S50\AC8\RGB1_SUB50ACT8F106.jpg,1,1,0.9892284870147705
1851,50,8,121,D:\Skripsi\Experiment\data\raw\RGB1\S50\AC8\RGB1_SUB50ACT8F121.jpg,1,1,0.9798091650009155
1852,50,8,136,D:\Skripsi\Experiment\data\raw\RGB1\S50\AC8\RGB1_SUB50ACT8F136.jpg,1,1,0.9907038807868958
1853,50,8,151,D:\Skripsi\Experiment\data\raw\RGB1\S50\AC8\RGB1_SUB50ACT8F151.jpg,1,1,0.9746565818786621
1854,50,8,16,D:\Skripsi\Experiment\data\raw\RGB1\S50\AC8\RGB1_SUB50ACT8F16.jpg,1,1,0.9982956051826477
1855,50,8,166,D:\Skripsi\Experiment\data\raw\RGB1\S50\AC8\RGB1_SUB50ACT8F166.jpg,1,1,0.9731653928756714
1856,50,8,181,D:\Skripsi\Experiment\data\raw\RGB1\S50\AC8\RGB1_SUB50ACT8F181.jpg,1,1,0.9639121890068054
1857,50,8,196,D:\Skripsi\Experiment\data\raw\RGB1\S50\AC8\RGB1_SUB50ACT8F196.jpg,1,1,0.9556840062141418
1858,50,8,211,D:\Skripsi\Experiment\data\raw\RGB1\S50\AC8\RGB1_SUB50ACT8F211.jpg,1,1,0.9858685731887817
1859,50,8,31,D:\Skripsi\Experiment\data\raw\RGB1\S50\AC8\RGB1_SUB50ACT8F31.jpg,1,1,0.999174177646637
1860,50,8,46,D:\Skripsi\Experiment\data\raw\RGB1\S50\AC8\RGB1_SUB50ACT8F46.jpg,1,1,0.996639609336853
1861,50,8,61,D:\Skripsi\Experiment\data\raw\RGB1\S50\AC8\RGB1_SUB50ACT8F61.jpg,1,1,0.9976209998130798
1862,50,8,76,D:\Skripsi\Experiment\data\raw\RGB1\S50\AC8\RGB1_SUB50ACT8F76.jpg,1,1,0.979407548904419
1863,50,8,91,D:\Skripsi\Experiment\data\raw\RGB1\S50\AC8\RGB1_SUB50ACT8F91.jpg,1,1,0.9905598759651184
1864,50,9,1,D:\Skripsi\Experiment\data\raw\RGB1\S50\AC9\RGB1_SUB50ACT9F1.jpg,1,1,0.9850296378135681
1865,50,9,106,D:\Skripsi\Experiment\data\raw\RGB1\S50\AC9\RGB1_SUB50ACT9F106.jpg,1,1,0.998920202255249
1866,50,9,121,D:\Skripsi\Experiment\data\raw\RGB1\S50\AC9\RGB1_SUB50ACT9F121.jpg,1,1,0.9827349781990051
1867,50,9,136,D:\Skripsi\Experiment\data\raw\RGB1\S50\AC9\RGB1_SUB50ACT9F136.jpg,1,1,0.986312210559845
1868,50,9,151,D:\Skripsi\Experiment\data\raw\RGB1\S50\AC9\RGB1_SUB50ACT9F151.jpg,1,1,0.9943106174468994
1869,50,9,16,D:\Skripsi\Experiment\data\raw\RGB1\S50\AC9\RGB1_SUB50ACT9F16.jpg,1,1,0.9839178323745728
1870,50,9,166,D:\Skripsi\Experiment\data\raw\RGB1\S50\AC9\RGB1_SUB50ACT9F166.jpg,1,1,0.9893605709075928
1871,50,9,181,D:\Skripsi\Experiment\data\raw\RGB1\S50\AC9\RGB1_SUB50ACT9F181.jpg,1,1,0.9938855767250061
1872,50,9,31,D:\Skripsi\Experiment\data\raw\RGB1\S50\AC9\RGB1_SUB50ACT9F31.jpg,1,1,0.9281808733940125
1873,50,9,46,D:\Skripsi\Experiment\data\raw\RGB1\S50\AC9\RGB1_SUB50ACT9F46.jpg,1,1,0.9492474794387817
1874,50,9,61,D:\Skripsi\Experiment\data\raw\RGB1\S50\AC9\RGB1_SUB50ACT9F61.jpg,1,1,0.9767816662788391
1875,50,9,76,D:\Skripsi\Experiment\data\raw\RGB1\S50\AC9\RGB1_SUB50ACT9F76.jpg,1,1,0.9685049653053284
1876,50,9,91,D:\Skripsi\Experiment\data\raw\RGB1\S50\AC9\RGB1_SUB50ACT9F91.jpg,1,1,0.9973325729370117
1877,6,1,1,D:\Skripsi\Experiment\data\raw\RGB1\S6\AC1\RGB1_SUB6ACT1F1.jpg,0,0,0.0823793038725853
1878,6,1,106,D:\Skripsi\Experiment\data\raw\RGB1\S6\AC1\RGB1_SUB6ACT1F106.jpg,0,0,0.15870001912117004
1879,6,1,121,D:\Skripsi\Experiment\data\raw\RGB1\S6\AC1\RGB1_SUB6ACT1F121.jpg,0,0,0.012627927586436272
1880,6,1,136,D:\Skripsi\Experiment\data\raw\RGB1\S6\AC1\RGB1_SUB6ACT1F136.jpg,0,0,0.002760583534836769
1881,6,1,16,D:\Skripsi\Experiment\data\raw\RGB1\S6\AC1\RGB1_SUB6ACT1F16.jpg,0,0,0.11663245409727097
1882,6,1,31,D:\Skripsi\Experiment\data\raw\RGB1\S6\AC1\RGB1_SUB6ACT1F31.jpg,0,0,0.005551601760089397
1883,6,1,46,D:\Skripsi\Experiment\data\raw\RGB1\S6\AC1\RGB1_SUB6ACT1F46.jpg,0,0,0.002797494176775217
1884,6,1,61,D:\Skripsi\Experiment\data\raw\RGB1\S6\AC1\RGB1_SUB6ACT1F61.jpg,0,0,0.01279895193874836
1885,6,1,76,D:\Skripsi\Experiment\data\raw\RGB1\S6\AC1\RGB1_SUB6ACT1F76.jpg,0,0,0.017262527719140053
1886,6,1,91,D:\Skripsi\Experiment\data\raw\RGB1\S6\AC1\RGB1_SUB6ACT1F91.jpg,0,0,0.00739444512873888
1887,6,5,1,D:\Skripsi\Experiment\data\raw\RGB1\S6\AC5\RGB1_SUB6ACT5F1.jpg,1,1,0.9695576429367065
1888,6,5,106,D:\Skripsi\Experiment\data\raw\RGB1\S6\AC5\RGB1_SUB6ACT5F106.jpg,1,1,0.991332471370697
1889,6,5,121,D:\Skripsi\Experiment\data\raw\RGB1\S6\AC5\RGB1_SUB6ACT5F121.jpg,1,1,0.9729993939399719
1890,6,5,136,D:\Skripsi\Experiment\data\raw\RGB1\S6\AC5\RGB1_SUB6ACT5F136.jpg,1,1,0.9777490496635437
1891,6,5,16,D:\Skripsi\Experiment\data\raw\RGB1\S6\AC5\RGB1_SUB6ACT5F16.jpg,1,1,0.9781920313835144
1892,6,5,31,D:\Skripsi\Experiment\data\raw\RGB1\S6\AC5\RGB1_SUB6ACT5F31.jpg,1,1,0.9855170845985413
1893,6,5,46,D:\Skripsi\Experiment\data\raw\RGB1\S6\AC5\RGB1_SUB6ACT5F46.jpg,1,1,0.9732199311256409
1894,6,5,61,D:\Skripsi\Experiment\data\raw\RGB1\S6\AC5\RGB1_SUB6ACT5F61.jpg,1,1,0.9865012764930725
1895,6,5,76,D:\Skripsi\Experiment\data\raw\RGB1\S6\AC5\RGB1_SUB6ACT5F76.jpg,1,1,0.9901914596557617
1896,6,5,91,D:\Skripsi\Experiment\data\raw\RGB1\S6\AC5\RGB1_SUB6ACT5F91.jpg,1,1,0.9965288043022156
1897,6,6,1,D:\Skripsi\Experiment\data\raw\RGB1\S6\AC6\RGB1_SUB6ACT6F1.jpg,1,1,0.982882559299469
1898,6,6,106,D:\Skripsi\Experiment\data\raw\RGB1\S6\AC6\RGB1_SUB6ACT6F106.jpg,1,1,0.87888503074646
1899,6,6,121,D:\Skripsi\Experiment\data\raw\RGB1\S6\AC6\RGB1_SUB6ACT6F121.jpg,1,1,0.9775093793869019
1900,6,6,136,D:\Skripsi\Experiment\data\raw\RGB1\S6\AC6\RGB1_SUB6ACT6F136.jpg,1,1,0.8955298662185669
1901,6,6,151,D:\Skripsi\Experiment\data\raw\RGB1\S6\AC6\RGB1_SUB6ACT6F151.jpg,1,1,0.9932002425193787
1902,6,6,16,D:\Skripsi\Experiment\data\raw\RGB1\S6\AC6\RGB1_SUB6ACT6F16.jpg,1,1,0.9847936034202576
1903,6,6,31,D:\Skripsi\Experiment\data\raw\RGB1\S6\AC6\RGB1_SUB6ACT6F31.jpg,1,1,0.9677047729492188
1904,6,6,46,D:\Skripsi\Experiment\data\raw\RGB1\S6\AC6\RGB1_SUB6ACT6F46.jpg,1,1,0.9694578051567078
1905,6,6,61,D:\Skripsi\Experiment\data\raw\RGB1\S6\AC6\RGB1_SUB6ACT6F61.jpg,1,1,0.9885892868041992
1906,6,6,76,D:\Skripsi\Experiment\data\raw\RGB1\S6\AC6\RGB1_SUB6ACT6F76.jpg,1,1,0.9649000763893127
1907,6,6,91,D:\Skripsi\Experiment\data\raw\RGB1\S6\AC6\RGB1_SUB6ACT6F91.jpg,1,1,0.9676567912101746
1908,6,7,1,D:\Skripsi\Experiment\data\raw\RGB1\S6\AC7\RGB1_SUB6ACT7F1.jpg,1,1,0.8986318707466125
1909,6,7,106,D:\Skripsi\Experiment\data\raw\RGB1\S6\AC7\RGB1_SUB6ACT7F106.jpg,1,1,0.9953613877296448
1910,6,7,121,D:\Skripsi\Experiment\data\raw\RGB1\S6\AC7\RGB1_SUB6ACT7F121.jpg,1,1,0.9956095814704895
1911,6,7,136,D:\Skripsi\Experiment\data\raw\RGB1\S6\AC7\RGB1_SUB6ACT7F136.jpg,1,1,0.9968252182006836
1912,6,7,16,D:\Skripsi\Experiment\data\raw\RGB1\S6\AC7\RGB1_SUB6ACT7F16.jpg,1,1,0.998358428478241
1913,6,7,31,D:\Skripsi\Experiment\data\raw\RGB1\S6\AC7\RGB1_SUB6ACT7F31.jpg,1,1,0.9986826777458191
1914,6,7,46,D:\Skripsi\Experiment\data\raw\RGB1\S6\AC7\RGB1_SUB6ACT7F46.jpg,1,1,0.9698207378387451
1915,6,7,61,D:\Skripsi\Experiment\data\raw\RGB1\S6\AC7\RGB1_SUB6ACT7F61.jpg,1,1,0.9802212715148926
1916,6,7,76,D:\Skripsi\Experiment\data\raw\RGB1\S6\AC7\RGB1_SUB6ACT7F76.jpg,1,1,0.9975818395614624
1917,6,7,91,D:\Skripsi\Experiment\data\raw\RGB1\S6\AC7\RGB1_SUB6ACT7F91.jpg,1,1,0.9868086576461792
1918,6,8,1,D:\Skripsi\Experiment\data\raw\RGB1\S6\AC8\RGB1_SUB6ACT8F1.jpg,1,1,0.954936683177948
1919,6,8,106,D:\Skripsi\Experiment\data\raw\RGB1\S6\AC8\RGB1_SUB6ACT8F106.jpg,1,1,0.9876349568367004
1920,6,8,121,D:\Skripsi\Experiment\data\raw\RGB1\S6\AC8\RGB1_SUB6ACT8F121.jpg,1,1,0.9862368106842041
1921,6,8,136,D:\Skripsi\Experiment\data\raw\RGB1\S6\AC8\RGB1_SUB6ACT8F136.jpg,1,1,0.9525057077407837
1922,6,8,151,D:\Skripsi\Experiment\data\raw\RGB1\S6\AC8\RGB1_SUB6ACT8F151.jpg,1,1,0.9281029105186462
1923,6,8,16,D:\Skripsi\Experiment\data\raw\RGB1\S6\AC8\RGB1_SUB6ACT8F16.jpg,1,1,0.9881763458251953
1924,6,8,31,D:\Skripsi\Experiment\data\raw\RGB1\S6\AC8\RGB1_SUB6ACT8F31.jpg,1,1,0.9557435512542725
1925,6,8,46,D:\Skripsi\Experiment\data\raw\RGB1\S6\AC8\RGB1_SUB6ACT8F46.jpg,1,1,0.9725934863090515
1926,6,8,61,D:\Skripsi\Experiment\data\raw\RGB1\S6\AC8\RGB1_SUB6ACT8F61.jpg,1,1,0.9753936529159546
1927,6,8,76,D:\Skripsi\Experiment\data\raw\RGB1\S6\AC8\RGB1_SUB6ACT8F76.jpg,1,1,0.9956580400466919
1928,6,8,91,D:\Skripsi\Experiment\data\raw\RGB1\S6\AC8\RGB1_SUB6ACT8F91.jpg,1,1,0.9877395033836365
1929,6,9,1,D:\Skripsi\Experiment\data\raw\RGB1\S6\AC9\RGB1_SUB6ACT9F1.jpg,1,1,0.956493079662323
1930,6,9,106,D:\Skripsi\Experiment\data\raw\RGB1\S6\AC9\RGB1_SUB6ACT9F106.jpg,1,1,0.9949086308479309
1931,6,9,121,D:\Skripsi\Experiment\data\raw\RGB1\S6\AC9\RGB1_SUB6ACT9F121.jpg,1,1,0.9851803779602051
1932,6,9,136,D:\Skripsi\Experiment\data\raw\RGB1\S6\AC9\RGB1_SUB6ACT9F136.jpg,1,1,0.9975472092628479
1933,6,9,151,D:\Skripsi\Experiment\data\raw\RGB1\S6\AC9\RGB1_SUB6ACT9F151.jpg,1,1,0.9670495986938477
1934,6,9,16,D:\Skripsi\Experiment\data\raw\RGB1\S6\AC9\RGB1_SUB6ACT9F16.jpg,1,1,0.9754687547683716
1935,6,9,166,D:\Skripsi\Experiment\data\raw\RGB1\S6\AC9\RGB1_SUB6ACT9F166.jpg,1,1,0.9898557662963867
1936,6,9,31,D:\Skripsi\Experiment\data\raw\RGB1\S6\AC9\RGB1_SUB6ACT9F31.jpg,1,1,0.9756445288658142
1937,6,9,46,D:\Skripsi\Experiment\data\raw\RGB1\S6\AC9\RGB1_SUB6ACT9F46.jpg,1,1,0.9642056822776794
1938,6,9,61,D:\Skripsi\Experiment\data\raw\RGB1\S6\AC9\RGB1_SUB6ACT9F61.jpg,1,1,0.9886839985847473
1939,6,9,76,D:\Skripsi\Experiment\data\raw\RGB1\S6\AC9\RGB1_SUB6ACT9F76.jpg,1,1,0.9755562543869019
1940,6,9,91,D:\Skripsi\Experiment\data\raw\RGB1\S6\AC9\RGB1_SUB6ACT9F91.jpg,1,1,0.9768177270889282
1941,7,1,1,D:\Skripsi\Experiment\data\raw\RGB1\S7\AC1\RGB1_SUB7ACT1F1.jpg,0,0,0.07338374108076096
1942,7,1,106,D:\Skripsi\Experiment\data\raw\RGB1\S7\AC1\RGB1_SUB7ACT1F106.jpg,0,0,0.1544989049434662
1943,7,1,121,D:\Skripsi\Experiment\data\raw\RGB1\S7\AC1\RGB1_SUB7ACT1F121.jpg,0,0,0.08592157065868378
1944,7,1,16,D:\Skripsi\Experiment\data\raw\RGB1\S7\AC1\RGB1_SUB7ACT1F16.jpg,0,0,0.06938211619853973
1945,7,1,31,D:\Skripsi\Experiment\data\raw\RGB1\S7\AC1\RGB1_SUB7ACT1F31.jpg,0,0,0.01897808164358139
1946,7,1,46,D:\Skripsi\Experiment\data\raw\RGB1\S7\AC1\RGB1_SUB7ACT1F46.jpg,0,0,0.046607133001089096
1947,7,1,61,D:\Skripsi\Experiment\data\raw\RGB1\S7\AC1\RGB1_SUB7ACT1F61.jpg,0,0,0.02803223580121994
1948,7,1,76,D:\Skripsi\Experiment\data\raw\RGB1\S7\AC1\RGB1_SUB7ACT1F76.jpg,0,0,0.05356938764452934
1949,7,1,91,D:\Skripsi\Experiment\data\raw\RGB1\S7\AC1\RGB1_SUB7ACT1F91.jpg,0,0,0.12983471155166626
1950,7,5,1,D:\Skripsi\Experiment\data\raw\RGB1\S7\AC5\RGB1_SUB7ACT5F1.jpg,1,0,0.36698809266090393
1951,7,5,106,D:\Skripsi\Experiment\data\raw\RGB1\S7\AC5\RGB1_SUB7ACT5F106.jpg,1,1,0.9744890332221985
1952,7,5,121,D:\Skripsi\Experiment\data\raw\RGB1\S7\AC5\RGB1_SUB7ACT5F121.jpg,1,1,0.9739652872085571
1953,7,5,16,D:\Skripsi\Experiment\data\raw\RGB1\S7\AC5\RGB1_SUB7ACT5F16.jpg,1,1,0.979921817779541
1954,7,5,31,D:\Skripsi\Experiment\data\raw\RGB1\S7\AC5\RGB1_SUB7ACT5F31.jpg,1,1,0.9952074885368347
1955,7,5,46,D:\Skripsi\Experiment\data\raw\RGB1\S7\AC5\RGB1_SUB7ACT5F46.jpg,1,1,0.9859721660614014
1956,7,5,61,D:\Skripsi\Experiment\data\raw\RGB1\S7\AC5\RGB1_SUB7ACT5F61.jpg,1,1,0.9878939986228943
1957,7,5,76,D:\Skripsi\Experiment\data\raw\RGB1\S7\AC5\RGB1_SUB7ACT5F76.jpg,1,1,0.9819725155830383
1958,7,5,91,D:\Skripsi\Experiment\data\raw\RGB1\S7\AC5\RGB1_SUB7ACT5F91.jpg,1,1,0.9464490413665771
1959,7,6,1,D:\Skripsi\Experiment\data\raw\RGB1\S7\AC6\RGB1_SUB7ACT6F1.jpg,1,1,0.991631805896759
1960,7,6,106,D:\Skripsi\Experiment\data\raw\RGB1\S7\AC6\RGB1_SUB7ACT6F106.jpg,1,1,0.9814918637275696
1961,7,6,121,D:\Skripsi\Experiment\data\raw\RGB1\S7\AC6\RGB1_SUB7ACT6F121.jpg,1,1,0.9873746633529663
1962,7,6,136,D:\Skripsi\Experiment\data\raw\RGB1\S7\AC6\RGB1_SUB7ACT6F136.jpg,1,1,0.9573741555213928
1963,7,6,16,D:\Skripsi\Experiment\data\raw\RGB1\S7\AC6\RGB1_SUB7ACT6F16.jpg,1,1,0.9289233684539795
1964,7,6,31,D:\Skripsi\Experiment\data\raw\RGB1\S7\AC6\RGB1_SUB7ACT6F31.jpg,1,1,0.9651852250099182
1965,7,6,46,D:\Skripsi\Experiment\data\raw\RGB1\S7\AC6\RGB1_SUB7ACT6F46.jpg,1,1,0.9689438343048096
1966,7,6,61,D:\Skripsi\Experiment\data\raw\RGB1\S7\AC6\RGB1_SUB7ACT6F61.jpg,1,1,0.9857611060142517
1967,7,6,76,D:\Skripsi\Experiment\data\raw\RGB1\S7\AC6\RGB1_SUB7ACT6F76.jpg,1,1,0.9726005792617798
1968,7,6,91,D:\Skripsi\Experiment\data\raw\RGB1\S7\AC6\RGB1_SUB7ACT6F91.jpg,1,1,0.993351399898529
1969,7,7,1,D:\Skripsi\Experiment\data\raw\RGB1\S7\AC7\RGB1_SUB7ACT7F1.jpg,1,0,0.28795555233955383
1970,7,7,106,D:\Skripsi\Experiment\data\raw\RGB1\S7\AC7\RGB1_SUB7ACT7F106.jpg,1,1,0.9986697435379028
1971,7,7,121,D:\Skripsi\Experiment\data\raw\RGB1\S7\AC7\RGB1_SUB7ACT7F121.jpg,1,1,0.9917260408401489
1972,7,7,136,D:\Skripsi\Experiment\data\raw\RGB1\S7\AC7\RGB1_SUB7ACT7F136.jpg,1,1,0.998941957950592
1973,7,7,151,D:\Skripsi\Experiment\data\raw\RGB1\S7\AC7\RGB1_SUB7ACT7F151.jpg,1,1,0.9989091157913208
1974,7,7,16,D:\Skripsi\Experiment\data\raw\RGB1\S7\AC7\RGB1_SUB7ACT7F16.jpg,1,1,0.9680446982383728
1975,7,7,31,D:\Skripsi\Experiment\data\raw\RGB1\S7\AC7\RGB1_SUB7ACT7F31.jpg,1,1,0.9803066849708557
1976,7,7,46,D:\Skripsi\Experiment\data\raw\RGB1\S7\AC7\RGB1_SUB7ACT7F46.jpg,1,1,0.9907604455947876
1977,7,7,61,D:\Skripsi\Experiment\data\raw\RGB1\S7\AC7\RGB1_SUB7ACT7F61.jpg,1,1,0.9854663610458374
1978,7,7,76,D:\Skripsi\Experiment\data\raw\RGB1\S7\AC7\RGB1_SUB7ACT7F76.jpg,1,1,0.9961200952529907
1979,7,7,91,D:\Skripsi\Experiment\data\raw\RGB1\S7\AC7\RGB1_SUB7ACT7F91.jpg,1,1,0.999416708946228
1980,7,8,1,D:\Skripsi\Experiment\data\raw\RGB1\S7\AC8\RGB1_SUB7ACT8F1.jpg,1,1,0.5077660083770752
1981,7,8,106,D:\Skripsi\Experiment\data\raw\RGB1\S7\AC8\RGB1_SUB7ACT8F106.jpg,1,1,0.9274820685386658
1982,7,8,121,D:\Skripsi\Experiment\data\raw\RGB1\S7\AC8\RGB1_SUB7ACT8F121.jpg,1,1,0.9548899531364441
1983,7,8,136,D:\Skripsi\Experiment\data\raw\RGB1\S7\AC8\RGB1_SUB7ACT8F136.jpg,1,1,0.9707311391830444
1984,7,8,16,D:\Skripsi\Experiment\data\raw\RGB1\S7\AC8\RGB1_SUB7ACT8F16.jpg,1,1,0.9851769208908081
1985,7,8,31,D:\Skripsi\Experiment\data\raw\RGB1\S7\AC8\RGB1_SUB7ACT8F31.jpg,1,1,0.9943009614944458
1986,7,8,46,D:\Skripsi\Experiment\data\raw\RGB1\S7\AC8\RGB1_SUB7ACT8F46.jpg,1,1,0.9545251727104187
1987,7,8,61,D:\Skripsi\Experiment\data\raw\RGB1\S7\AC8\RGB1_SUB7ACT8F61.jpg,1,1,0.9871731996536255
1988,7,8,76,D:\Skripsi\Experiment\data\raw\RGB1\S7\AC8\RGB1_SUB7ACT8F76.jpg,1,1,0.9820998907089233
1989,7,8,91,D:\Skripsi\Experiment\data\raw\RGB1\S7\AC8\RGB1_SUB7ACT8F91.jpg,1,1,0.9734467267990112
1990,7,9,1,D:\Skripsi\Experiment\data\raw\RGB1\S7\AC9\RGB1_SUB7ACT9F1.jpg,1,0,0.43900996446609497
1991,7,9,106,D:\Skripsi\Experiment\data\raw\RGB1\S7\AC9\RGB1_SUB7ACT9F106.jpg,1,1,0.9789436459541321
1992,7,9,121,D:\Skripsi\Experiment\data\raw\RGB1\S7\AC9\RGB1_SUB7ACT9F121.jpg,1,1,0.8363744020462036
1993,7,9,136,D:\Skripsi\Experiment\data\raw\RGB1\S7\AC9\RGB1_SUB7ACT9F136.jpg,1,1,0.9265812635421753
1994,7,9,16,D:\Skripsi\Experiment\data\raw\RGB1\S7\AC9\RGB1_SUB7ACT9F16.jpg,1,1,0.9506846070289612
1995,7,9,31,D:\Skripsi\Experiment\data\raw\RGB1\S7\AC9\RGB1_SUB7ACT9F31.jpg,1,1,0.9479358196258545
1996,7,9,46,D:\Skripsi\Experiment\data\raw\RGB1\S7\AC9\RGB1_SUB7ACT9F46.jpg,1,1,0.9937671422958374
1997,7,9,61,D:\Skripsi\Experiment\data\raw\RGB1\S7\AC9\RGB1_SUB7ACT9F61.jpg,1,1,0.9776688814163208
1998,7,9,76,D:\Skripsi\Experiment\data\raw\RGB1\S7\AC9\RGB1_SUB7ACT9F76.jpg,1,1,0.9820689558982849
1999,7,9,91,D:\Skripsi\Experiment\data\raw\RGB1\S7\AC9\RGB1_SUB7ACT9F91.jpg,1,1,0.9496166706085205
2000,9,1,1,D:\Skripsi\Experiment\data\raw\RGB1\S9\AC1\RGB1_SUB9ACT1F1.jpg,0,0,0.005345167592167854
2001,9,1,106,D:\Skripsi\Experiment\data\raw\RGB1\S9\AC1\RGB1_SUB9ACT1F106.jpg,0,0,0.004918714985251427
2002,9,1,121,D:\Skripsi\Experiment\data\raw\RGB1\S9\AC1\RGB1_SUB9ACT1F121.jpg,0,0,0.04153966158628464
2003,9,1,136,D:\Skripsi\Experiment\data\raw\RGB1\S9\AC1\RGB1_SUB9ACT1F136.jpg,0,0,0.004242681432515383
2004,9,1,151,D:\Skripsi\Experiment\data\raw\RGB1\S9\AC1\RGB1_SUB9ACT1F151.jpg,0,0,0.0044738431461155415
2005,9,1,16,D:\Skripsi\Experiment\data\raw\RGB1\S9\AC1\RGB1_SUB9ACT1F16.jpg,0,0,0.0016198394587263465
2006,9,1,31,D:\Skripsi\Experiment\data\raw\RGB1\S9\AC1\RGB1_SUB9ACT1F31.jpg,0,0,0.002176059177145362
2007,9,1,46,D:\Skripsi\Experiment\data\raw\RGB1\S9\AC1\RGB1_SUB9ACT1F46.jpg,0,0,0.002631142269819975
2008,9,1,61,D:\Skripsi\Experiment\data\raw\RGB1\S9\AC1\RGB1_SUB9ACT1F61.jpg,0,0,0.001053860760293901
2009,9,1,76,D:\Skripsi\Experiment\data\raw\RGB1\S9\AC1\RGB1_SUB9ACT1F76.jpg,0,0,0.0030319199431687593
2010,9,1,91,D:\Skripsi\Experiment\data\raw\RGB1\S9\AC1\RGB1_SUB9ACT1F91.jpg,0,0,0.004109720699489117
2011,9,5,1,D:\Skripsi\Experiment\data\raw\RGB1\S9\AC5\RGB1_SUB9ACT5F1.jpg,1,1,0.9321714639663696
2012,9,5,106,D:\Skripsi\Experiment\data\raw\RGB1\S9\AC5\RGB1_SUB9ACT5F106.jpg,1,1,0.9894495606422424
2013,9,5,121,D:\Skripsi\Experiment\data\raw\RGB1\S9\AC5\RGB1_SUB9ACT5F121.jpg,1,1,0.994674801826477
2014,9,5,136,D:\Skripsi\Experiment\data\raw\RGB1\S9\AC5\RGB1_SUB9ACT5F136.jpg,1,1,0.9854045510292053
2015,9,5,151,D:\Skripsi\Experiment\data\raw\RGB1\S9\AC5\RGB1_SUB9ACT5F151.jpg,1,1,0.9819928407669067
2016,9,5,16,D:\Skripsi\Experiment\data\raw\RGB1\S9\AC5\RGB1_SUB9ACT5F16.jpg,1,1,0.9923763871192932
2017,9,5,31,D:\Skripsi\Experiment\data\raw\RGB1\S9\AC5\RGB1_SUB9ACT5F31.jpg,1,1,0.9532113671302795
2018,9,5,46,D:\Skripsi\Experiment\data\raw\RGB1\S9\AC5\RGB1_SUB9ACT5F46.jpg,1,1,0.9795883893966675
2019,9,5,61,D:\Skripsi\Experiment\data\raw\RGB1\S9\AC5\RGB1_SUB9ACT5F61.jpg,1,1,0.9897943139076233
2020,9,5,76,D:\Skripsi\Experiment\data\raw\RGB1\S9\AC5\RGB1_SUB9ACT5F76.jpg,1,1,0.9953551292419434
2021,9,5,91,D:\Skripsi\Experiment\data\raw\RGB1\S9\AC5\RGB1_SUB9ACT5F91.jpg,1,1,0.9904749989509583
2022,9,6,1,D:\Skripsi\Experiment\data\raw\RGB1\S9\AC6\RGB1_SUB9ACT6F1.jpg,1,1,0.9478639364242554
2023,9,6,106,D:\Skripsi\Experiment\data\raw\RGB1\S9\AC6\RGB1_SUB9ACT6F106.jpg,1,1,0.9963266253471375
2024,9,6,121,D:\Skripsi\Experiment\data\raw\RGB1\S9\AC6\RGB1_SUB9ACT6F121.jpg,1,1,0.9945865869522095
2025,9,6,136,D:\Skripsi\Experiment\data\raw\RGB1\S9\AC6\RGB1_SUB9ACT6F136.jpg,1,1,0.9975516200065613
2026,9,6,16,D:\Skripsi\Experiment\data\raw\RGB1\S9\AC6\RGB1_SUB9ACT6F16.jpg,1,1,0.846919596195221
2027,9,6,31,D:\Skripsi\Experiment\data\raw\RGB1\S9\AC6\RGB1_SUB9ACT6F31.jpg,1,1,0.9396851658821106
2028,9,6,46,D:\Skripsi\Experiment\data\raw\RGB1\S9\AC6\RGB1_SUB9ACT6F46.jpg,1,1,0.9935939908027649
2029,9,6,61,D:\Skripsi\Experiment\data\raw\RGB1\S9\AC6\RGB1_SUB9ACT6F61.jpg,1,1,0.9773903489112854
2030,9,6,76,D:\Skripsi\Experiment\data\raw\RGB1\S9\AC6\RGB1_SUB9ACT6F76.jpg,1,1,0.991105854511261
2031,9,6,91,D:\Skripsi\Experiment\data\raw\RGB1\S9\AC6\RGB1_SUB9ACT6F91.jpg,1,1,0.9982457160949707
2032,9,7,1,D:\Skripsi\Experiment\data\raw\RGB1\S9\AC7\RGB1_SUB9ACT7F1.jpg,1,0,0.3345561623573303
2033,9,7,106,D:\Skripsi\Experiment\data\raw\RGB1\S9\AC7\RGB1_SUB9ACT7F106.jpg,1,1,0.974941611289978
2034,9,7,121,D:\Skripsi\Experiment\data\raw\RGB1\S9\AC7\RGB1_SUB9ACT7F121.jpg,1,1,0.9382073879241943
2035,9,7,136,D:\Skripsi\Experiment\data\raw\RGB1\S9\AC7\RGB1_SUB9ACT7F136.jpg,1,1,0.8911387324333191
2036,9,7,151,D:\Skripsi\Experiment\data\raw\RGB1\S9\AC7\RGB1_SUB9ACT7F151.jpg,1,1,0.9668288230895996
2037,9,7,16,D:\Skripsi\Experiment\data\raw\RGB1\S9\AC7\RGB1_SUB9ACT7F16.jpg,1,1,0.9533078074455261
2038,9,7,166,D:\Skripsi\Experiment\data\raw\RGB1\S9\AC7\RGB1_SUB9ACT7F166.jpg,1,1,0.9858032464981079
2039,9,7,181,D:\Skripsi\Experiment\data\raw\RGB1\S9\AC7\RGB1_SUB9ACT7F181.jpg,1,1,0.9801813960075378
2040,9,7,196,D:\Skripsi\Experiment\data\raw\RGB1\S9\AC7\RGB1_SUB9ACT7F196.jpg,1,1,0.9546175599098206
2041,9,7,31,D:\Skripsi\Experiment\data\raw\RGB1\S9\AC7\RGB1_SUB9ACT7F31.jpg,1,1,0.9541497826576233
2042,9,7,46,D:\Skripsi\Experiment\data\raw\RGB1\S9\AC7\RGB1_SUB9ACT7F46.jpg,1,1,0.995636522769928
2043,9,7,61,D:\Skripsi\Experiment\data\raw\RGB1\S9\AC7\RGB1_SUB9ACT7F61.jpg,1,1,0.9828505516052246
2044,9,7,76,D:\Skripsi\Experiment\data\raw\RGB1\S9\AC7\RGB1_SUB9ACT7F76.jpg,1,1,0.9552419185638428
2045,9,7,91,D:\Skripsi\Experiment\data\raw\RGB1\S9\AC7\RGB1_SUB9ACT7F91.jpg,1,1,0.9890524744987488
2046,9,8,1,D:\Skripsi\Experiment\data\raw\RGB1\S9\AC8\RGB1_SUB9ACT8F1.jpg,1,0,0.2713921070098877
2047,9,8,106,D:\Skripsi\Experiment\data\raw\RGB1\S9\AC8\RGB1_SUB9ACT8F106.jpg,1,1,0.9615913033485413
2048,9,8,121,D:\Skripsi\Experiment\data\raw\RGB1\S9\AC8\RGB1_SUB9ACT8F121.jpg,1,1,0.8290904760360718
2049,9,8,136,D:\Skripsi\Experiment\data\raw\RGB1\S9\AC8\RGB1_SUB9ACT8F136.jpg,1,1,0.9773444533348083
2050,9,8,16,D:\Skripsi\Experiment\data\raw\RGB1\S9\AC8\RGB1_SUB9ACT8F16.jpg,1,1,0.7892142534255981
2051,9,8,31,D:\Skripsi\Experiment\data\raw\RGB1\S9\AC8\RGB1_SUB9ACT8F31.jpg,1,1,0.8932453989982605
2052,9,8,46,D:\Skripsi\Experiment\data\raw\RGB1\S9\AC8\RGB1_SUB9ACT8F46.jpg,1,1,0.9108073115348816
2053,9,8,61,D:\Skripsi\Experiment\data\raw\RGB1\S9\AC8\RGB1_SUB9ACT8F61.jpg,1,1,0.9447446465492249
2054,9,8,76,D:\Skripsi\Experiment\data\raw\RGB1\S9\AC8\RGB1_SUB9ACT8F76.jpg,1,0,0.49821043014526367
2055,9,8,91,D:\Skripsi\Experiment\data\raw\RGB1\S9\AC8\RGB1_SUB9ACT8F91.jpg,1,1,0.7898322939872742
2056,9,9,1,D:\Skripsi\Experiment\data\raw\RGB1\S9\AC9\RGB1_SUB9ACT9F1.jpg,1,1,0.9560695886611938
2057,9,9,106,D:\Skripsi\Experiment\data\raw\RGB1\S9\AC9\RGB1_SUB9ACT9F106.jpg,1,1,0.9832716584205627
2058,9,9,121,D:\Skripsi\Experiment\data\raw\RGB1\S9\AC9\RGB1_SUB9ACT9F121.jpg,1,1,0.9778082370758057
2059,9,9,136,D:\Skripsi\Experiment\data\raw\RGB1\S9\AC9\RGB1_SUB9ACT9F136.jpg,1,1,0.9784083366394043
2060,9,9,151,D:\Skripsi\Experiment\data\raw\RGB1\S9\AC9\RGB1_SUB9ACT9F151.jpg,1,1,0.9840819835662842
2061,9,9,16,D:\Skripsi\Experiment\data\raw\RGB1\S9\AC9\RGB1_SUB9ACT9F16.jpg,1,1,0.9303444623947144
2062,9,9,31,D:\Skripsi\Experiment\data\raw\RGB1\S9\AC9\RGB1_SUB9ACT9F31.jpg,1,1,0.9933542013168335
2063,9,9,46,D:\Skripsi\Experiment\data\raw\RGB1\S9\AC9\RGB1_SUB9ACT9F46.jpg,1,1,0.9873754978179932
2064,9,9,61,D:\Skripsi\Experiment\data\raw\RGB1\S9\AC9\RGB1_SUB9ACT9F61.jpg,1,1,0.9890045523643494
2065,9,9,76,D:\Skripsi\Experiment\data\raw\RGB1\S9\AC9\RGB1_SUB9ACT9F76.jpg,1,1,0.9764507412910461
2066,9,9,91,D:\Skripsi\Experiment\data\raw\RGB1\S9\AC9\RGB1_SUB9ACT9F91.jpg,1,1,0.7392789125442505
