row_index,subject_id,activity_id,frame,filepath,label,prediction,prob_phone
0,12,1,1,D:\Skripsi\Experiment_TA\data\raw\RGB2\S12\AC1\RGB2_SUB12ACT1F1.jpg,0,0,0.42832115292549133
1,12,1,121,D:\Skripsi\Experiment_TA\data\raw\RGB2\S12\AC1\RGB2_SUB12ACT1F121.jpg,0,1,0.5734356045722961
2,12,1,151,D:\Skripsi\Experiment_TA\data\raw\RGB2\S12\AC1\RGB2_SUB12ACT1F151.jpg,0,0,0.41650867462158203
3,12,1,31,D:\Skripsi\Experiment_TA\data\raw\RGB2\S12\AC1\RGB2_SUB12ACT1F31.jpg,0,0,0.3359028100967407
4,12,1,61,D:\Skripsi\Experiment_TA\data\raw\RGB2\S12\AC1\RGB2_SUB12ACT1F61.jpg,0,0,0.2567870020866394
5,12,1,91,D:\Skripsi\Experiment_TA\data\raw\RGB2\S12\AC1\RGB2_SUB12ACT1F91.jpg,0,1,0.8263495564460754
6,12,5,1,D:\Skripsi\Experiment_TA\data\raw\RGB2\S12\AC5\RGB2_SUB12ACT5F1.jpg,1,1,0.8106479644775391
7,12,5,121,D:\Skripsi\Experiment_TA\data\raw\RGB2\S12\AC5\RGB2_SUB12ACT5F121.jpg,1,1,0.715193510055542
8,12,5,31,D:\Skripsi\Experiment_TA\data\raw\RGB2\S12\AC5\RGB2_SUB12ACT5F31.jpg,1,1,0.6537994742393494
9,12,5,61,D:\Skripsi\Experiment_TA\data\raw\RGB2\S12\AC5\RGB2_SUB12ACT5F61.jpg,1,1,0.6221861839294434
10,12,5,91,D:\Skripsi\Experiment_TA\data\raw\RGB2\S12\AC5\RGB2_SUB12ACT5F91.jpg,1,1,0.6633084416389465
11,12,6,1,D:\Skripsi\Experiment_TA\data\raw\RGB2\S12\AC6\RGB2_SUB12ACT6F1.jpg,1,1,0.5567380785942078
12,12,6,121,D:\Skripsi\Experiment_TA\data\raw\RGB2\S12\AC6\RGB2_SUB12ACT6F121.jpg,1,0,0.4880008101463318
13,12,6,151,D:\Skripsi\Experiment_TA\data\raw\RGB2\S12\AC6\RGB2_SUB12ACT6F151.jpg,1,1,0.7569606900215149
14,12,6,181,D:\Skripsi\Experiment_TA\data\raw\RGB2\S12\AC6\RGB2_SUB12ACT6F181.jpg,1,0,0.49372684955596924
15,12,6,31,D:\Skripsi\Experiment_TA\data\raw\RGB2\S12\AC6\RGB2_SUB12ACT6F31.jpg,1,1,0.9544845819473267
16,12,6,61,D:\Skripsi\Experiment_TA\data\raw\RGB2\S12\AC6\RGB2_SUB12ACT6F61.jpg,1,0,0.2756308615207672
17,12,6,91,D:\Skripsi\Experiment_TA\data\raw\RGB2\S12\AC6\RGB2_SUB12ACT6F91.jpg,1,0,0.49991291761398315
18,12,7,1,D:\Skripsi\Experiment_TA\data\raw\RGB2\S12\AC7\RGB2_SUB12ACT7F1.jpg,1,1,0.5207799673080444
19,12,7,121,D:\Skripsi\Experiment_TA\data\raw\RGB2\S12\AC7\RGB2_SUB12ACT7F121.jpg,1,1,0.7644776105880737
20,12,7,151,D:\Skripsi\Experiment_TA\data\raw\RGB2\S12\AC7\RGB2_SUB12ACT7F151.jpg,1,1,0.6701973676681519
21,12,7,181,D:\Skripsi\Experiment_TA\data\raw\RGB2\S12\AC7\RGB2_SUB12ACT7F181.jpg,1,1,0.7800117135047913
22,12,7,211,D:\Skripsi\Experiment_TA\data\raw\RGB2\S12\AC7\RGB2_SUB12ACT7F211.jpg,1,1,0.6143589615821838
23,12,7,31,D:\Skripsi\Experiment_TA\data\raw\RGB2\S12\AC7\RGB2_SUB12ACT7F31.jpg,1,1,0.692451536655426
24,12,7,61,D:\Skripsi\Experiment_TA\data\raw\RGB2\S12\AC7\RGB2_SUB12ACT7F61.jpg,1,1,0.7024624943733215
25,12,7,91,D:\Skripsi\Experiment_TA\data\raw\RGB2\S12\AC7\RGB2_SUB12ACT7F91.jpg,1,1,0.7080849409103394
26,12,8,1,D:\Skripsi\Experiment_TA\data\raw\RGB2\S12\AC8\RGB2_SUB12ACT8F1.jpg,1,0,0.46177390217781067
27,12,8,121,D:\Skripsi\Experiment_TA\data\raw\RGB2\S12\AC8\RGB2_SUB12ACT8F121.jpg,1,1,0.835335373878479
28,12,8,151,D:\Skripsi\Experiment_TA\data\raw\RGB2\S12\AC8\RGB2_SUB12ACT8F151.jpg,1,1,0.9012848734855652
29,12,8,31,D:\Skripsi\Experiment_TA\data\raw\RGB2\S12\AC8\RGB2_SUB12ACT8F31.jpg,1,1,0.6431140303611755
30,12,8,61,D:\Skripsi\Experiment_TA\data\raw\RGB2\S12\AC8\RGB2_SUB12ACT8F61.jpg,1,1,0.5965840816497803
31,12,8,91,D:\Skripsi\Experiment_TA\data\raw\RGB2\S12\AC8\RGB2_SUB12ACT8F91.jpg,1,1,0.7876834869384766
32,12,9,1,D:\Skripsi\Experiment_TA\data\raw\RGB2\S12\AC9\RGB2_SUB12ACT9F1.jpg,1,1,0.9062743782997131
33,12,9,121,D:\Skripsi\Experiment_TA\data\raw\RGB2\S12\AC9\RGB2_SUB12ACT9F121.jpg,1,1,0.9425585269927979
34,12,9,151,D:\Skripsi\Experiment_TA\data\raw\RGB2\S12\AC9\RGB2_SUB12ACT9F151.jpg,1,1,0.785902202129364
35,12,9,31,D:\Skripsi\Experiment_TA\data\raw\RGB2\S12\AC9\RGB2_SUB12ACT9F31.jpg,1,1,0.5794925689697266
36,12,9,61,D:\Skripsi\Experiment_TA\data\raw\RGB2\S12\AC9\RGB2_SUB12ACT9F61.jpg,1,1,0.8160623908042908
37,12,9,91,D:\Skripsi\Experiment_TA\data\raw\RGB2\S12\AC9\RGB2_SUB12ACT9F91.jpg,1,1,0.8144763708114624
38,13,1,1,D:\Skripsi\Experiment_TA\data\raw\RGB2\S13\AC1\RGB2_SUB13ACT1F1.jpg,0,1,0.6678671836853027
39,13,1,121,D:\Skripsi\Experiment_TA\data\raw\RGB2\S13\AC1\RGB2_SUB13ACT1F121.jpg,0,0,0.3140975832939148
40,13,1,31,D:\Skripsi\Experiment_TA\data\raw\RGB2\S13\AC1\RGB2_SUB13ACT1F31.jpg,0,0,0.29158878326416016
41,13,1,61,D:\Skripsi\Experiment_TA\data\raw\RGB2\S13\AC1\RGB2_SUB13ACT1F61.jpg,0,0,0.45482707023620605
42,13,1,91,D:\Skripsi\Experiment_TA\data\raw\RGB2\S13\AC1\RGB2_SUB13ACT1F91.jpg,0,0,0.22121305763721466
43,13,5,1,D:\Skripsi\Experiment_TA\data\raw\RGB2\S13\AC5\RGB2_SUB13ACT5F1.jpg,1,1,0.8270325064659119
44,13,5,121,D:\Skripsi\Experiment_TA\data\raw\RGB2\S13\AC5\RGB2_SUB13ACT5F121.jpg,1,1,0.9197279810905457
45,13,5,31,D:\Skripsi\Experiment_TA\data\raw\RGB2\S13\AC5\RGB2_SUB13ACT5F31.jpg,1,1,0.89332515001297
46,13,5,61,D:\Skripsi\Experiment_TA\data\raw\RGB2\S13\AC5\RGB2_SUB13ACT5F61.jpg,1,1,0.8441134095191956
47,13,5,91,D:\Skripsi\Experiment_TA\data\raw\RGB2\S13\AC5\RGB2_SUB13ACT5F91.jpg,1,1,0.9101177453994751
48,13,6,1,D:\Skripsi\Experiment_TA\data\raw\RGB2\S13\AC6\RGB2_SUB13ACT6F1.jpg,1,1,0.7088698148727417
49,13,6,31,D:\Skripsi\Experiment_TA\data\raw\RGB2\S13\AC6\RGB2_SUB13ACT6F31.jpg,1,1,0.6817983984947205
50,13,6,61,D:\Skripsi\Experiment_TA\data\raw\RGB2\S13\AC6\RGB2_SUB13ACT6F61.jpg,1,1,0.890129029750824
51,13,6,91,D:\Skripsi\Experiment_TA\data\raw\RGB2\S13\AC6\RGB2_SUB13ACT6F91.jpg,1,1,0.5731133222579956
52,13,7,1,D:\Skripsi\Experiment_TA\data\raw\RGB2\S13\AC7\RGB2_SUB13ACT7F1.jpg,1,1,0.8995615243911743
53,13,7,121,D:\Skripsi\Experiment_TA\data\raw\RGB2\S13\AC7\RGB2_SUB13ACT7F121.jpg,1,1,0.9162048697471619
54,13,7,31,D:\Skripsi\Experiment_TA\data\raw\RGB2\S13\AC7\RGB2_SUB13ACT7F31.jpg,1,1,0.9200061559677124
55,13,7,61,D:\Skripsi\Experiment_TA\data\raw\RGB2\S13\AC7\RGB2_SUB13ACT7F61.jpg,1,1,0.8846065402030945
56,13,7,91,D:\Skripsi\Experiment_TA\data\raw\RGB2\S13\AC7\RGB2_SUB13ACT7F91.jpg,1,1,0.8847553730010986
57,13,8,1,D:\Skripsi\Experiment_TA\data\raw\RGB2\S13\AC8\RGB2_SUB13ACT8F1.jpg,1,1,0.8693525791168213
58,13,8,121,D:\Skripsi\Experiment_TA\data\raw\RGB2\S13\AC8\RGB2_SUB13ACT8F121.jpg,1,1,0.948314905166626
59,13,8,31,D:\Skripsi\Experiment_TA\data\raw\RGB2\S13\AC8\RGB2_SUB13ACT8F31.jpg,1,1,0.8724130392074585
60,13,8,61,D:\Skripsi\Experiment_TA\data\raw\RGB2\S13\AC8\RGB2_SUB13ACT8F61.jpg,1,1,0.7891016006469727
61,13,8,91,D:\Skripsi\Experiment_TA\data\raw\RGB2\S13\AC8\RGB2_SUB13ACT8F91.jpg,1,1,0.9446631669998169
62,13,9,1,D:\Skripsi\Experiment_TA\data\raw\RGB2\S13\AC9\RGB2_SUB13ACT9F1.jpg,1,1,0.5811193585395813
63,13,9,121,D:\Skripsi\Experiment_TA\data\raw\RGB2\S13\AC9\RGB2_SUB13ACT9F121.jpg,1,1,0.85204017162323
64,13,9,151,D:\Skripsi\Experiment_TA\data\raw\RGB2\S13\AC9\RGB2_SUB13ACT9F151.jpg,1,1,0.8770641088485718
65,13,9,181,D:\Skripsi\Experiment_TA\data\raw\RGB2\S13\AC9\RGB2_SUB13ACT9F181.jpg,1,1,0.903629720211029
66,13,9,31,D:\Skripsi\Experiment_TA\data\raw\RGB2\S13\AC9\RGB2_SUB13ACT9F31.jpg,1,1,0.9727546572685242
67,13,9,61,D:\Skripsi\Experiment_TA\data\raw\RGB2\S13\AC9\RGB2_SUB13ACT9F61.jpg,1,1,0.8763803839683533
68,13,9,91,D:\Skripsi\Experiment_TA\data\raw\RGB2\S13\AC9\RGB2_SUB13ACT9F91.jpg,1,1,0.7966803312301636
69,14,1,1,D:\Skripsi\Experiment_TA\data\raw\RGB2\S14\AC1\RGB2_SUB14ACT1F1.jpg,0,0,0.34649741649627686
70,14,1,31,D:\Skripsi\Experiment_TA\data\raw\RGB2\S14\AC1\RGB2_SUB14ACT1F31.jpg,0,0,0.2894798219203949
71,14,1,61,D:\Skripsi\Experiment_TA\data\raw\RGB2\S14\AC1\RGB2_SUB14ACT1F61.jpg,0,0,0.36890316009521484
72,14,1,91,D:\Skripsi\Experiment_TA\data\raw\RGB2\S14\AC1\RGB2_SUB14ACT1F91.jpg,0,1,0.7607365846633911
73,14,5,1,D:\Skripsi\Experiment_TA\data\raw\RGB2\S14\AC5\RGB2_SUB14ACT5F1.jpg,1,0,0.48455050587654114
74,14,5,121,D:\Skripsi\Experiment_TA\data\raw\RGB2\S14\AC5\RGB2_SUB14ACT5F121.jpg,1,1,0.6385593414306641
75,14,5,31,D:\Skripsi\Experiment_TA\data\raw\RGB2\S14\AC5\RGB2_SUB14ACT5F31.jpg,1,1,0.6305117011070251
76,14,5,61,D:\Skripsi\Experiment_TA\data\raw\RGB2\S14\AC5\RGB2_SUB14ACT5F61.jpg,1,1,0.8166033029556274
77,14,5,91,D:\Skripsi\Experiment_TA\data\raw\RGB2\S14\AC5\RGB2_SUB14ACT5F91.jpg,1,1,0.548101007938385
78,14,6,1,D:\Skripsi\Experiment_TA\data\raw\RGB2\S14\AC6\RGB2_SUB14ACT6F1.jpg,1,0,0.45257505774497986
79,14,6,31,D:\Skripsi\Experiment_TA\data\raw\RGB2\S14\AC6\RGB2_SUB14ACT6F31.jpg,1,0,0.35111987590789795
80,14,6,61,D:\Skripsi\Experiment_TA\data\raw\RGB2\S14\AC6\RGB2_SUB14ACT6F61.jpg,1,1,0.8403881192207336
81,14,6,91,D:\Skripsi\Experiment_TA\data\raw\RGB2\S14\AC6\RGB2_SUB14ACT6F91.jpg,1,1,0.7418904900550842
82,14,7,1,D:\Skripsi\Experiment_TA\data\raw\RGB2\S14\AC7\RGB2_SUB14ACT7F1.jpg,1,1,0.7583366632461548
83,14,7,31,D:\Skripsi\Experiment_TA\data\raw\RGB2\S14\AC7\RGB2_SUB14ACT7F31.jpg,1,1,0.719980001449585
84,14,7,61,D:\Skripsi\Experiment_TA\data\raw\RGB2\S14\AC7\RGB2_SUB14ACT7F61.jpg,1,1,0.7549203634262085
85,14,7,91,D:\Skripsi\Experiment_TA\data\raw\RGB2\S14\AC7\RGB2_SUB14ACT7F91.jpg,1,1,0.8621101975440979
86,14,8,1,D:\Skripsi\Experiment_TA\data\raw\RGB2\S14\AC8\RGB2_SUB14ACT8F1.jpg,1,0,0.17612352967262268
87,14,8,121,D:\Skripsi\Experiment_TA\data\raw\RGB2\S14\AC8\RGB2_SUB14ACT8F121.jpg,1,0,0.47203850746154785
88,14,8,31,D:\Skripsi\Experiment_TA\data\raw\RGB2\S14\AC8\RGB2_SUB14ACT8F31.jpg,1,0,0.28259432315826416
89,14,8,61,D:\Skripsi\Experiment_TA\data\raw\RGB2\S14\AC8\RGB2_SUB14ACT8F61.jpg,1,0,0.372738242149353
90,14,8,91,D:\Skripsi\Experiment_TA\data\raw\RGB2\S14\AC8\RGB2_SUB14ACT8F91.jpg,1,0,0.30761900544166565
91,14,9,1,D:\Skripsi\Experiment_TA\data\raw\RGB2\S14\AC9\RGB2_SUB14ACT9F1.jpg,1,1,0.6420146226882935
92,14,9,121,D:\Skripsi\Experiment_TA\data\raw\RGB2\S14\AC9\RGB2_SUB14ACT9F121.jpg,1,1,0.8093632459640503
93,14,9,31,D:\Skripsi\Experiment_TA\data\raw\RGB2\S14\AC9\RGB2_SUB14ACT9F31.jpg,1,0,0.3346605896949768
94,14,9,61,D:\Skripsi\Experiment_TA\data\raw\RGB2\S14\AC9\RGB2_SUB14ACT9F61.jpg,1,0,0.3251427114009857
95,14,9,91,D:\Skripsi\Experiment_TA\data\raw\RGB2\S14\AC9\RGB2_SUB14ACT9F91.jpg,1,1,0.8063250780105591
96,16,1,1,D:\Skripsi\Experiment_TA\data\raw\RGB2\S16\AC1\RGB2_SUB16ACT1F1.jpg,0,0,0.3317643105983734
97,16,1,121,D:\Skripsi\Experiment_TA\data\raw\RGB2\S16\AC1\RGB2_SUB16ACT1F121.jpg,0,0,0.33075597882270813
98,16,1,31,D:\Skripsi\Experiment_TA\data\raw\RGB2\S16\AC1\RGB2_SUB16ACT1F31.jpg,0,0,0.37057483196258545
99,16,1,61,D:\Skripsi\Experiment_TA\data\raw\RGB2\S16\AC1\RGB2_SUB16ACT1F61.jpg,0,0,0.3810073137283325
100,16,1,91,D:\Skripsi\Experiment_TA\data\raw\RGB2\S16\AC1\RGB2_SUB16ACT1F91.jpg,0,0,0.29638779163360596
101,16,5,1,D:\Skripsi\Experiment_TA\data\raw\RGB2\S16\AC5\RGB2_SUB16ACT5F1.jpg,1,1,0.7960744500160217
102,16,5,31,D:\Skripsi\Experiment_TA\data\raw\RGB2\S16\AC5\RGB2_SUB16ACT5F31.jpg,1,1,0.7153417468070984
103,16,5,61,D:\Skripsi\Experiment_TA\data\raw\RGB2\S16\AC5\RGB2_SUB16ACT5F61.jpg,1,1,0.7485730648040771
104,16,5,91,D:\Skripsi\Experiment_TA\data\raw\RGB2\S16\AC5\RGB2_SUB16ACT5F91.jpg,1,1,0.9115416407585144
105,16,6,1,D:\Skripsi\Experiment_TA\data\raw\RGB2\S16\AC6\RGB2_SUB16ACT6F1.jpg,1,1,0.8527261018753052
106,16,6,31,D:\Skripsi\Experiment_TA\data\raw\RGB2\S16\AC6\RGB2_SUB16ACT6F31.jpg,1,1,0.8989008069038391
107,16,6,61,D:\Skripsi\Experiment_TA\data\raw\RGB2\S16\AC6\RGB2_SUB16ACT6F61.jpg,1,1,0.8207551836967468
108,16,6,91,D:\Skripsi\Experiment_TA\data\raw\RGB2\S16\AC6\RGB2_SUB16ACT6F91.jpg,1,1,0.7991512417793274
109,16,7,1,D:\Skripsi\Experiment_TA\data\raw\RGB2\S16\AC7\RGB2_SUB16ACT7F1.jpg,1,1,0.9219241142272949
110,16,7,121,D:\Skripsi\Experiment_TA\data\raw\RGB2\S16\AC7\RGB2_SUB16ACT7F121.jpg,1,1,0.6178019642829895
111,16,7,31,D:\Skripsi\Experiment_TA\data\raw\RGB2\S16\AC7\RGB2_SUB16ACT7F31.jpg,1,1,0.9510858058929443
112,16,7,61,D:\Skripsi\Experiment_TA\data\raw\RGB2\S16\AC7\RGB2_SUB16ACT7F61.jpg,1,1,0.9187461733818054
113,16,7,91,D:\Skripsi\Experiment_TA\data\raw\RGB2\S16\AC7\RGB2_SUB16ACT7F91.jpg,1,1,0.9411677122116089
114,16,8,1,D:\Skripsi\Experiment_TA\data\raw\RGB2\S16\AC8\RGB2_SUB16ACT8F1.jpg,1,0,0.3171396255493164
115,16,8,121,D:\Skripsi\Experiment_TA\data\raw\RGB2\S16\AC8\RGB2_SUB16ACT8F121.jpg,1,1,0.8194620013237
116,16,8,31,D:\Skripsi\Experiment_TA\data\raw\RGB2\S16\AC8\RGB2_SUB16ACT8F31.jpg,1,1,0.7219708561897278
117,16,8,61,D:\Skripsi\Experiment_TA\data\raw\RGB2\S16\AC8\RGB2_SUB16ACT8F61.jpg,1,1,0.914808988571167
118,16,8,91,D:\Skripsi\Experiment_TA\data\raw\RGB2\S16\AC8\RGB2_SUB16ACT8F91.jpg,1,0,0.24738407135009766
119,16,9,1,D:\Skripsi\Experiment_TA\data\raw\RGB2\S16\AC9\RGB2_SUB16ACT9F1.jpg,1,1,0.7365587949752808
120,16,9,121,D:\Skripsi\Experiment_TA\data\raw\RGB2\S16\AC9\RGB2_SUB16ACT9F121.jpg,1,1,0.9007790684700012
121,16,9,31,D:\Skripsi\Experiment_TA\data\raw\RGB2\S16\AC9\RGB2_SUB16ACT9F31.jpg,1,1,0.7639520764350891
122,16,9,61,D:\Skripsi\Experiment_TA\data\raw\RGB2\S16\AC9\RGB2_SUB16ACT9F61.jpg,1,1,0.6636642813682556
123,16,9,91,D:\Skripsi\Experiment_TA\data\raw\RGB2\S16\AC9\RGB2_SUB16ACT9F91.jpg,1,1,0.8578794598579407
124,18,1,1,D:\Skripsi\Experiment_TA\data\raw\RGB2\S18\AC1\RGB2_SUB18ACT1F1.jpg,0,0,0.1414739191532135
125,18,1,121,D:\Skripsi\Experiment_TA\data\raw\RGB2\S18\AC1\RGB2_SUB18ACT1F121.jpg,0,0,0.1779835820198059
126,18,1,31,D:\Skripsi\Experiment_TA\data\raw\RGB2\S18\AC1\RGB2_SUB18ACT1F31.jpg,0,0,0.18838734924793243
127,18,1,61,D:\Skripsi\Experiment_TA\data\raw\RGB2\S18\AC1\RGB2_SUB18ACT1F61.jpg,0,0,0.207248255610466
128,18,1,91,D:\Skripsi\Experiment_TA\data\raw\RGB2\S18\AC1\RGB2_SUB18ACT1F91.jpg,0,0,0.24262294173240662
129,18,5,1,D:\Skripsi\Experiment_TA\data\raw\RGB2\S18\AC5\RGB2_SUB18ACT5F1.jpg,1,0,0.24922741949558258
130,18,5,121,D:\Skripsi\Experiment_TA\data\raw\RGB2\S18\AC5\RGB2_SUB18ACT5F121.jpg,1,1,0.6859824657440186
131,18,5,151,D:\Skripsi\Experiment_TA\data\raw\RGB2\S18\AC5\RGB2_SUB18ACT5F151.jpg,1,1,0.5452713370323181
132,18,5,31,D:\Skripsi\Experiment_TA\data\raw\RGB2\S18\AC5\RGB2_SUB18ACT5F31.jpg,1,1,0.7821317911148071
133,18,5,61,D:\Skripsi\Experiment_TA\data\raw\RGB2\S18\AC5\RGB2_SUB18ACT5F61.jpg,1,1,0.5380162596702576
134,18,5,91,D:\Skripsi\Experiment_TA\data\raw\RGB2\S18\AC5\RGB2_SUB18ACT5F91.jpg,1,1,0.8725738525390625
135,18,6,1,D:\Skripsi\Experiment_TA\data\raw\RGB2\S18\AC6\RGB2_SUB18ACT6F1.jpg,1,1,0.7878018021583557
136,18,6,121,D:\Skripsi\Experiment_TA\data\raw\RGB2\S18\AC6\RGB2_SUB18ACT6F121.jpg,1,1,0.7432927489280701
137,18,6,151,D:\Skripsi\Experiment_TA\data\raw\RGB2\S18\AC6\RGB2_SUB18ACT6F151.jpg,1,1,0.8519972562789917
138,18,6,31,D:\Skripsi\Experiment_TA\data\raw\RGB2\S18\AC6\RGB2_SUB18ACT6F31.jpg,1,1,0.7550190091133118
139,18,6,61,D:\Skripsi\Experiment_TA\data\raw\RGB2\S18\AC6\RGB2_SUB18ACT6F61.jpg,1,1,0.6996896862983704
140,18,6,91,D:\Skripsi\Experiment_TA\data\raw\RGB2\S18\AC6\RGB2_SUB18ACT6F91.jpg,1,1,0.678386926651001
141,18,7,1,D:\Skripsi\Experiment_TA\data\raw\RGB2\S18\AC7\RGB2_SUB18ACT7F1.jpg,1,1,0.8954770565032959
142,18,7,121,D:\Skripsi\Experiment_TA\data\raw\RGB2\S18\AC7\RGB2_SUB18ACT7F121.jpg,1,1,0.7999041080474854
143,18,7,151,D:\Skripsi\Experiment_TA\data\raw\RGB2\S18\AC7\RGB2_SUB18ACT7F151.jpg,1,1,0.871367335319519
144,18,7,181,D:\Skripsi\Experiment_TA\data\raw\RGB2\S18\AC7\RGB2_SUB18ACT7F181.jpg,1,1,0.9263306856155396
145,18,7,31,D:\Skripsi\Experiment_TA\data\raw\RGB2\S18\AC7\RGB2_SUB18ACT7F31.jpg,1,1,0.8809300661087036
146,18,7,61,D:\Skripsi\Experiment_TA\data\raw\RGB2\S18\AC7\RGB2_SUB18ACT7F61.jpg,1,1,0.8427879214286804
147,18,7,91,D:\Skripsi\Experiment_TA\data\raw\RGB2\S18\AC7\RGB2_SUB18ACT7F91.jpg,1,1,0.9077953100204468
148,18,8,1,D:\Skripsi\Experiment_TA\data\raw\RGB2\S18\AC8\RGB2_SUB18ACT8F1.jpg,1,0,0.4930114150047302
149,18,8,121,D:\Skripsi\Experiment_TA\data\raw\RGB2\S18\AC8\RGB2_SUB18ACT8F121.jpg,1,1,0.7429743409156799
150,18,8,151,D:\Skripsi\Experiment_TA\data\raw\RGB2\S18\AC8\RGB2_SUB18ACT8F151.jpg,1,1,0.7524061799049377
151,18,8,181,D:\Skripsi\Experiment_TA\data\raw\RGB2\S18\AC8\RGB2_SUB18ACT8F181.jpg,1,1,0.6784481406211853
152,18,8,211,D:\Skripsi\Experiment_TA\data\raw\RGB2\S18\AC8\RGB2_SUB18ACT8F211.jpg,1,1,0.755189836025238
153,18,8,31,D:\Skripsi\Experiment_TA\data\raw\RGB2\S18\AC8\RGB2_SUB18ACT8F31.jpg,1,1,0.5223320126533508
154,18,8,61,D:\Skripsi\Experiment_TA\data\raw\RGB2\S18\AC8\RGB2_SUB18ACT8F61.jpg,1,0,0.4816574156284332
155,18,8,91,D:\Skripsi\Experiment_TA\data\raw\RGB2\S18\AC8\RGB2_SUB18ACT8F91.jpg,1,1,0.8239828944206238
156,18,9,1,D:\Skripsi\Experiment_TA\data\raw\RGB2\S18\AC9\RGB2_SUB18ACT9F1.jpg,1,0,0.2994844317436218
157,18,9,121,D:\Skripsi\Experiment_TA\data\raw\RGB2\S18\AC9\RGB2_SUB18ACT9F121.jpg,1,1,0.8293852210044861
158,18,9,151,D:\Skripsi\Experiment_TA\data\raw\RGB2\S18\AC9\RGB2_SUB18ACT9F151.jpg,1,1,0.8291170001029968
159,18,9,31,D:\Skripsi\Experiment_TA\data\raw\RGB2\S18\AC9\RGB2_SUB18ACT9F31.jpg,1,1,0.771541178226471
160,18,9,61,D:\Skripsi\Experiment_TA\data\raw\RGB2\S18\AC9\RGB2_SUB18ACT9F61.jpg,1,1,0.8830629587173462
161,18,9,91,D:\Skripsi\Experiment_TA\data\raw\RGB2\S18\AC9\RGB2_SUB18ACT9F91.jpg,1,1,0.8747082948684692
162,19,1,1,D:\Skripsi\Experiment_TA\data\raw\RGB2\S19\AC1\RGB2_SUB19ACT1F1.jpg,0,0,0.4127568006515503
163,19,1,121,D:\Skripsi\Experiment_TA\data\raw\RGB2\S19\AC1\RGB2_SUB19ACT1F121.jpg,0,0,0.3405344784259796
164,19,1,31,D:\Skripsi\Experiment_TA\data\raw\RGB2\S19\AC1\RGB2_SUB19ACT1F31.jpg,0,0,0.30676695704460144
165,19,1,61,D:\Skripsi\Experiment_TA\data\raw\RGB2\S19\AC1\RGB2_SUB19ACT1F61.jpg,0,0,0.3514651656150818
166,19,1,91,D:\Skripsi\Experiment_TA\data\raw\RGB2\S19\AC1\RGB2_SUB19ACT1F91.jpg,0,1,0.557219386100769
167,19,5,1,D:\Skripsi\Experiment_TA\data\raw\RGB2\S19\AC5\RGB2_SUB19ACT5F1.jpg,1,1,0.7211926579475403
168,19,5,31,D:\Skripsi\Experiment_TA\data\raw\RGB2\S19\AC5\RGB2_SUB19ACT5F31.jpg,1,1,0.8635073900222778
169,19,5,61,D:\Skripsi\Experiment_TA\data\raw\RGB2\S19\AC5\RGB2_SUB19ACT5F61.jpg,1,1,0.8138836026191711
170,19,5,91,D:\Skripsi\Experiment_TA\data\raw\RGB2\S19\AC5\RGB2_SUB19ACT5F91.jpg,1,1,0.8422249555587769
171,19,6,1,D:\Skripsi\Experiment_TA\data\raw\RGB2\S19\AC6\RGB2_SUB19ACT6F1.jpg,1,0,0.33025699853897095
172,19,6,121,D:\Skripsi\Experiment_TA\data\raw\RGB2\S19\AC6\RGB2_SUB19ACT6F121.jpg,1,0,0.2814772129058838
173,19,6,31,D:\Skripsi\Experiment_TA\data\raw\RGB2\S19\AC6\RGB2_SUB19ACT6F31.jpg,1,1,0.7193007469177246
174,19,6,61,D:\Skripsi\Experiment_TA\data\raw\RGB2\S19\AC6\RGB2_SUB19ACT6F61.jpg,1,0,0.37225207686424255
175,19,6,91,D:\Skripsi\Experiment_TA\data\raw\RGB2\S19\AC6\RGB2_SUB19ACT6F91.jpg,1,0,0.28925180435180664
176,19,7,1,D:\Skripsi\Experiment_TA\data\raw\RGB2\S19\AC7\RGB2_SUB19ACT7F1.jpg,1,1,0.7657501697540283
177,19,7,121,D:\Skripsi\Experiment_TA\data\raw\RGB2\S19\AC7\RGB2_SUB19ACT7F121.jpg,1,1,0.7811340093612671
178,19,7,31,D:\Skripsi\Experiment_TA\data\raw\RGB2\S19\AC7\RGB2_SUB19ACT7F31.jpg,1,1,0.9104287028312683
179,19,7,61,D:\Skripsi\Experiment_TA\data\raw\RGB2\S19\AC7\RGB2_SUB19ACT7F61.jpg,1,1,0.72580486536026
180,19,7,91,D:\Skripsi\Experiment_TA\data\raw\RGB2\S19\AC7\RGB2_SUB19ACT7F91.jpg,1,1,0.7091875672340393
181,19,8,1,D:\Skripsi\Experiment_TA\data\raw\RGB2\S19\AC8\RGB2_SUB19ACT8F1.jpg,1,1,0.7891654968261719
182,19,8,121,D:\Skripsi\Experiment_TA\data\raw\RGB2\S19\AC8\RGB2_SUB19ACT8F121.jpg,1,1,0.7544477581977844
183,19,8,151,D:\Skripsi\Experiment_TA\data\raw\RGB2\S19\AC8\RGB2_SUB19ACT8F151.jpg,1,1,0.8198190331459045
184,19,8,31,D:\Skripsi\Experiment_TA\data\raw\RGB2\S19\AC8\RGB2_SUB19ACT8F31.jpg,1,1,0.6157266497612
185,19,8,61,D:\Skripsi\Experiment_TA\data\raw\RGB2\S19\AC8\RGB2_SUB19ACT8F61.jpg,1,1,0.7262064814567566
186,19,8,91,D:\Skripsi\Experiment_TA\data\raw\RGB2\S19\AC8\RGB2_SUB19ACT8F91.jpg,1,1,0.7917789220809937
187,19,9,1,D:\Skripsi\Experiment_TA\data\raw\RGB2\S19\AC9\RGB2_SUB19ACT9F1.jpg,1,0,0.46280673146247864
188,19,9,31,D:\Skripsi\Experiment_TA\data\raw\RGB2\S19\AC9\RGB2_SUB19ACT9F31.jpg,1,1,0.7473008036613464
189,19,9,61,D:\Skripsi\Experiment_TA\data\raw\RGB2\S19\AC9\RGB2_SUB19ACT9F61.jpg,1,1,0.847353994846344
190,19,9,91,D:\Skripsi\Experiment_TA\data\raw\RGB2\S19\AC9\RGB2_SUB19ACT9F91.jpg,1,1,0.7400513887405396
191,23,1,1,D:\Skripsi\Experiment_TA\data\raw\RGB2\S23\AC1\RGB2_SUB23ACT1F1.jpg,0,0,0.3221287727355957
192,23,1,121,D:\Skripsi\Experiment_TA\data\raw\RGB2\S23\AC1\RGB2_SUB23ACT1F121.jpg,0,0,0.33782753348350525
193,23,1,31,D:\Skripsi\Experiment_TA\data\raw\RGB2\S23\AC1\RGB2_SUB23ACT1F31.jpg,0,0,0.3721577823162079
194,23,1,61,D:\Skripsi\Experiment_TA\data\raw\RGB2\S23\AC1\RGB2_SUB23ACT1F61.jpg,0,0,0.3841376006603241
195,23,1,91,D:\Skripsi\Experiment_TA\data\raw\RGB2\S23\AC1\RGB2_SUB23ACT1F91.jpg,0,0,0.42074844241142273
196,23,5,1,D:\Skripsi\Experiment_TA\data\raw\RGB2\S23\AC5\RGB2_SUB23ACT5F1.jpg,1,1,0.8522692322731018
197,23,5,121,D:\Skripsi\Experiment_TA\data\raw\RGB2\S23\AC5\RGB2_SUB23ACT5F121.jpg,1,1,0.8582331538200378
198,23,5,31,D:\Skripsi\Experiment_TA\data\raw\RGB2\S23\AC5\RGB2_SUB23ACT5F31.jpg,1,0,0.4769555926322937
199,23,5,61,D:\Skripsi\Experiment_TA\data\raw\RGB2\S23\AC5\RGB2_SUB23ACT5F61.jpg,1,1,0.6284770965576172
200,23,5,91,D:\Skripsi\Experiment_TA\data\raw\RGB2\S23\AC5\RGB2_SUB23ACT5F91.jpg,1,1,0.7684742212295532
201,23,6,1,D:\Skripsi\Experiment_TA\data\raw\RGB2\S23\AC6\RGB2_SUB23ACT6F1.jpg,1,1,0.9473481774330139
202,23,6,121,D:\Skripsi\Experiment_TA\data\raw\RGB2\S23\AC6\RGB2_SUB23ACT6F121.jpg,1,1,0.8742502927780151
203,23,6,31,D:\Skripsi\Experiment_TA\data\raw\RGB2\S23\AC6\RGB2_SUB23ACT6F31.jpg,1,1,0.8816689848899841
204,23,6,61,D:\Skripsi\Experiment_TA\data\raw\RGB2\S23\AC6\RGB2_SUB23ACT6F61.jpg,1,1,0.9126704931259155
205,23,6,91,D:\Skripsi\Experiment_TA\data\raw\RGB2\S23\AC6\RGB2_SUB23ACT6F91.jpg,1,1,0.7582383751869202
206,23,7,1,D:\Skripsi\Experiment_TA\data\raw\RGB2\S23\AC7\RGB2_SUB23ACT7F1.jpg,1,1,0.7094728946685791
207,23,7,121,D:\Skripsi\Experiment_TA\data\raw\RGB2\S23\AC7\RGB2_SUB23ACT7F121.jpg,1,1,0.7871245741844177
208,23,7,31,D:\Skripsi\Experiment_TA\data\raw\RGB2\S23\AC7\RGB2_SUB23ACT7F31.jpg,1,1,0.8343883156776428
209,23,7,61,D:\Skripsi\Experiment_TA\data\raw\RGB2\S23\AC7\RGB2_SUB23ACT7F61.jpg,1,1,0.9604425430297852
210,23,7,91,D:\Skripsi\Experiment_TA\data\raw\RGB2\S23\AC7\RGB2_SUB23ACT7F91.jpg,1,1,0.8650360107421875
211,23,8,1,D:\Skripsi\Experiment_TA\data\raw\RGB2\S23\AC8\RGB2_SUB23ACT8F1.jpg,1,1,0.9483544826507568
212,23,8,121,D:\Skripsi\Experiment_TA\data\raw\RGB2\S23\AC8\RGB2_SUB23ACT8F121.jpg,1,1,0.9155241250991821
213,23,8,31,D:\Skripsi\Experiment_TA\data\raw\RGB2\S23\AC8\RGB2_SUB23ACT8F31.jpg,1,1,0.7650296092033386
214,23,8,61,D:\Skripsi\Experiment_TA\data\raw\RGB2\S23\AC8\RGB2_SUB23ACT8F61.jpg,1,1,0.8939045667648315
215,23,8,91,D:\Skripsi\Experiment_TA\data\raw\RGB2\S23\AC8\RGB2_SUB23ACT8F91.jpg,1,1,0.7476205825805664
216,23,9,1,D:\Skripsi\Experiment_TA\data\raw\RGB2\S23\AC9\RGB2_SUB23ACT9F1.jpg,1,1,0.610543966293335
217,23,9,121,D:\Skripsi\Experiment_TA\data\raw\RGB2\S23\AC9\RGB2_SUB23ACT9F121.jpg,1,1,0.7442718148231506
218,23,9,31,D:\Skripsi\Experiment_TA\data\raw\RGB2\S23\AC9\RGB2_SUB23ACT9F31.jpg,1,1,0.8576346635818481
219,23,9,61,D:\Skripsi\Experiment_TA\data\raw\RGB2\S23\AC9\RGB2_SUB23ACT9F61.jpg,1,1,0.7893440127372742
220,23,9,91,D:\Skripsi\Experiment_TA\data\raw\RGB2\S23\AC9\RGB2_SUB23ACT9F91.jpg,1,1,0.6822077631950378
221,24,1,1,D:\Skripsi\Experiment_TA\data\raw\RGB2\S24\AC1\RGB2_SUB24ACT1F1.jpg,0,0,0.43094369769096375
222,24,1,31,D:\Skripsi\Experiment_TA\data\raw\RGB2\S24\AC1\RGB2_SUB24ACT1F31.jpg,0,1,0.5175575017929077
223,24,1,61,D:\Skripsi\Experiment_TA\data\raw\RGB2\S24\AC1\RGB2_SUB24ACT1F61.jpg,0,0,0.24985083937644958
224,24,1,91,D:\Skripsi\Experiment_TA\data\raw\RGB2\S24\AC1\RGB2_SUB24ACT1F91.jpg,0,0,0.35435357689857483
225,24,5,1,D:\Skripsi\Experiment_TA\data\raw\RGB2\S24\AC5\RGB2_SUB24ACT5F1.jpg,1,1,0.7298731207847595
226,24,5,31,D:\Skripsi\Experiment_TA\data\raw\RGB2\S24\AC5\RGB2_SUB24ACT5F31.jpg,1,1,0.6394498944282532
227,24,5,61,D:\Skripsi\Experiment_TA\data\raw\RGB2\S24\AC5\RGB2_SUB24ACT5F61.jpg,1,1,0.6566268801689148
228,24,5,91,D:\Skripsi\Experiment_TA\data\raw\RGB2\S24\AC5\RGB2_SUB24ACT5F91.jpg,1,1,0.6816979646682739
229,24,6,1,D:\Skripsi\Experiment_TA\data\raw\RGB2\S24\AC6\RGB2_SUB24ACT6F1.jpg,1,1,0.8788585066795349
230,24,6,31,D:\Skripsi\Experiment_TA\data\raw\RGB2\S24\AC6\RGB2_SUB24ACT6F31.jpg,1,1,0.8656290173530579
231,24,6,61,D:\Skripsi\Experiment_TA\data\raw\RGB2\S24\AC6\RGB2_SUB24ACT6F61.jpg,1,1,0.9140400290489197
232,24,6,91,D:\Skripsi\Experiment_TA\data\raw\RGB2\S24\AC6\RGB2_SUB24ACT6F91.jpg,1,1,0.9063982367515564
233,24,7,1,D:\Skripsi\Experiment_TA\data\raw\RGB2\S24\AC7\RGB2_SUB24ACT7F1.jpg,1,1,0.9313918948173523
234,24,7,121,D:\Skripsi\Experiment_TA\data\raw\RGB2\S24\AC7\RGB2_SUB24ACT7F121.jpg,1,1,0.8478623628616333
235,24,7,151,D:\Skripsi\Experiment_TA\data\raw\RGB2\S24\AC7\RGB2_SUB24ACT7F151.jpg,1,1,0.8882679343223572
236,24,7,31,D:\Skripsi\Experiment_TA\data\raw\RGB2\S24\AC7\RGB2_SUB24ACT7F31.jpg,1,1,0.6824700832366943
237,24,7,61,D:\Skripsi\Experiment_TA\data\raw\RGB2\S24\AC7\RGB2_SUB24ACT7F61.jpg,1,1,0.9140523672103882
238,24,7,91,D:\Skripsi\Experiment_TA\data\raw\RGB2\S24\AC7\RGB2_SUB24ACT7F91.jpg,1,1,0.8994751572608948
239,24,8,1,D:\Skripsi\Experiment_TA\data\raw\RGB2\S24\AC8\RGB2_SUB24ACT8F1.jpg,1,1,0.8764256238937378
240,24,8,121,D:\Skripsi\Experiment_TA\data\raw\RGB2\S24\AC8\RGB2_SUB24ACT8F121.jpg,1,1,0.8591334223747253
241,24,8,151,D:\Skripsi\Experiment_TA\data\raw\RGB2\S24\AC8\RGB2_SUB24ACT8F151.jpg,1,1,0.8292344808578491
242,24,8,31,D:\Skripsi\Experiment_TA\data\raw\RGB2\S24\AC8\RGB2_SUB24ACT8F31.jpg,1,1,0.8706535696983337
243,24,8,61,D:\Skripsi\Experiment_TA\data\raw\RGB2\S24\AC8\RGB2_SUB24ACT8F61.jpg,1,1,0.9441587924957275
244,24,8,91,D:\Skripsi\Experiment_TA\data\raw\RGB2\S24\AC8\RGB2_SUB24ACT8F91.jpg,1,1,0.906219482421875
245,24,9,1,D:\Skripsi\Experiment_TA\data\raw\RGB2\S24\AC9\RGB2_SUB24ACT9F1.jpg,1,1,0.6916091442108154
246,24,9,121,D:\Skripsi\Experiment_TA\data\raw\RGB2\S24\AC9\RGB2_SUB24ACT9F121.jpg,1,1,0.9288343787193298
247,24,9,31,D:\Skripsi\Experiment_TA\data\raw\RGB2\S24\AC9\RGB2_SUB24ACT9F31.jpg,1,1,0.8401023149490356
248,24,9,61,D:\Skripsi\Experiment_TA\data\raw\RGB2\S24\AC9\RGB2_SUB24ACT9F61.jpg,1,1,0.6684437394142151
249,24,9,91,D:\Skripsi\Experiment_TA\data\raw\RGB2\S24\AC9\RGB2_SUB24ACT9F91.jpg,1,1,0.8503238558769226
250,25,1,1,D:\Skripsi\Experiment_TA\data\raw\RGB2\S25\AC1\RGB2_SUB25ACT1F1.jpg,0,0,0.21762894093990326
251,25,1,121,D:\Skripsi\Experiment_TA\data\raw\RGB2\S25\AC1\RGB2_SUB25ACT1F121.jpg,0,0,0.4878901243209839
252,25,1,31,D:\Skripsi\Experiment_TA\data\raw\RGB2\S25\AC1\RGB2_SUB25ACT1F31.jpg,0,1,0.8589010834693909
253,25,1,61,D:\Skripsi\Experiment_TA\data\raw\RGB2\S25\AC1\RGB2_SUB25ACT1F61.jpg,0,0,0.47335582971572876
254,25,1,91,D:\Skripsi\Experiment_TA\data\raw\RGB2\S25\AC1\RGB2_SUB25ACT1F91.jpg,0,1,0.5022811889648438
255,25,5,1,D:\Skripsi\Experiment_TA\data\raw\RGB2\S25\AC5\RGB2_SUB25ACT5F1.jpg,1,1,0.8056949377059937
256,25,5,121,D:\Skripsi\Experiment_TA\data\raw\RGB2\S25\AC5\RGB2_SUB25ACT5F121.jpg,1,1,0.720901370048523
257,25,5,31,D:\Skripsi\Experiment_TA\data\raw\RGB2\S25\AC5\RGB2_SUB25ACT5F31.jpg,1,1,0.7218621373176575
258,25,5,61,D:\Skripsi\Experiment_TA\data\raw\RGB2\S25\AC5\RGB2_SUB25ACT5F61.jpg,1,1,0.788929283618927
259,25,5,91,D:\Skripsi\Experiment_TA\data\raw\RGB2\S25\AC5\RGB2_SUB25ACT5F91.jpg,1,0,0.428142249584198
260,25,6,1,D:\Skripsi\Experiment_TA\data\raw\RGB2\S25\AC6\RGB2_SUB25ACT6F1.jpg,1,1,0.8728688955307007
261,25,6,31,D:\Skripsi\Experiment_TA\data\raw\RGB2\S25\AC6\RGB2_SUB25ACT6F31.jpg,1,1,0.821908175945282
262,25,6,61,D:\Skripsi\Experiment_TA\data\raw\RGB2\S25\AC6\RGB2_SUB25ACT6F61.jpg,1,1,0.6133005023002625
263,25,6,91,D:\Skripsi\Experiment_TA\data\raw\RGB2\S25\AC6\RGB2_SUB25ACT6F91.jpg,1,1,0.8817925453186035
264,25,7,1,D:\Skripsi\Experiment_TA\data\raw\RGB2\S25\AC7\RGB2_SUB25ACT7F1.jpg,1,1,0.8978686332702637
265,25,7,31,D:\Skripsi\Experiment_TA\data\raw\RGB2\S25\AC7\RGB2_SUB25ACT7F31.jpg,1,1,0.7866718769073486
266,25,7,61,D:\Skripsi\Experiment_TA\data\raw\RGB2\S25\AC7\RGB2_SUB25ACT7F61.jpg,1,1,0.8375369310379028
267,25,8,1,D:\Skripsi\Experiment_TA\data\raw\RGB2\S25\AC8\RGB2_SUB25ACT8F1.jpg,1,1,0.7677093148231506
268,25,8,31,D:\Skripsi\Experiment_TA\data\raw\RGB2\S25\AC8\RGB2_SUB25ACT8F31.jpg,1,1,0.755556583404541
269,25,8,61,D:\Skripsi\Experiment_TA\data\raw\RGB2\S25\AC8\RGB2_SUB25ACT8F61.jpg,1,1,0.8855602741241455
270,25,8,91,D:\Skripsi\Experiment_TA\data\raw\RGB2\S25\AC8\RGB2_SUB25ACT8F91.jpg,1,1,0.870008647441864
271,25,9,1,D:\Skripsi\Experiment_TA\data\raw\RGB2\S25\AC9\RGB2_SUB25ACT9F1.jpg,1,1,0.8121921420097351
272,25,9,31,D:\Skripsi\Experiment_TA\data\raw\RGB2\S25\AC9\RGB2_SUB25ACT9F31.jpg,1,1,0.8954557776451111
273,25,9,61,D:\Skripsi\Experiment_TA\data\raw\RGB2\S25\AC9\RGB2_SUB25ACT9F61.jpg,1,1,0.8908350467681885
274,26,1,1,D:\Skripsi\Experiment_TA\data\raw\RGB2\S26\AC1\RGB2_SUB26ACT1F1.jpg,0,0,0.19298788905143738
275,26,1,31,D:\Skripsi\Experiment_TA\data\raw\RGB2\S26\AC1\RGB2_SUB26ACT1F31.jpg,0,0,0.23762677609920502
276,26,1,61,D:\Skripsi\Experiment_TA\data\raw\RGB2\S26\AC1\RGB2_SUB26ACT1F61.jpg,0,0,0.4789564907550812
277,26,1,91,D:\Skripsi\Experiment_TA\data\raw\RGB2\S26\AC1\RGB2_SUB26ACT1F91.jpg,0,0,0.3132295608520508
278,26,5,1,D:\Skripsi\Experiment_TA\data\raw\RGB2\S26\AC5\RGB2_SUB26ACT5F1.jpg,1,1,0.8834735751152039
279,26,5,31,D:\Skripsi\Experiment_TA\data\raw\RGB2\S26\AC5\RGB2_SUB26ACT5F31.jpg,1,1,0.7581930160522461
280,26,5,61,D:\Skripsi\Experiment_TA\data\raw\RGB2\S26\AC5\RGB2_SUB26ACT5F61.jpg,1,1,0.6585785746574402
281,26,6,1,D:\Skripsi\Experiment_TA\data\raw\RGB2\S26\AC6\RGB2_SUB26ACT6F1.jpg,1,1,0.615627110004425
282,26,6,31,D:\Skripsi\Experiment_TA\data\raw\RGB2\S26\AC6\RGB2_SUB26ACT6F31.jpg,1,1,0.9071102142333984
283,26,6,61,D:\Skripsi\Experiment_TA\data\raw\RGB2\S26\AC6\RGB2_SUB26ACT6F61.jpg,1,1,0.9174376130104065
284,26,6,91,D:\Skripsi\Experiment_TA\data\raw\RGB2\S26\AC6\RGB2_SUB26ACT6F91.jpg,1,1,0.9128969311714172
285,26,7,1,D:\Skripsi\Experiment_TA\data\raw\RGB2\S26\AC7\RGB2_SUB26ACT7F1.jpg,1,1,0.8797411322593689
286,26,7,121,D:\Skripsi\Experiment_TA\data\raw\RGB2\S26\AC7\RGB2_SUB26ACT7F121.jpg,1,1,0.9470029473304749
287,26,7,151,D:\Skripsi\Experiment_TA\data\raw\RGB2\S26\AC7\RGB2_SUB26ACT7F151.jpg,1,1,0.9672514200210571
288,26,7,31,D:\Skripsi\Experiment_TA\data\raw\RGB2\S26\AC7\RGB2_SUB26ACT7F31.jpg,1,1,0.9571670293807983
289,26,7,61,D:\Skripsi\Experiment_TA\data\raw\RGB2\S26\AC7\RGB2_SUB26ACT7F61.jpg,1,1,0.9841131567955017
290,26,7,91,D:\Skripsi\Experiment_TA\data\raw\RGB2\S26\AC7\RGB2_SUB26ACT7F91.jpg,1,1,0.9436681866645813
291,26,8,1,D:\Skripsi\Experiment_TA\data\raw\RGB2\S26\AC8\RGB2_SUB26ACT8F1.jpg,1,0,0.47119852900505066
292,26,8,31,D:\Skripsi\Experiment_TA\data\raw\RGB2\S26\AC8\RGB2_SUB26ACT8F31.jpg,1,1,0.5798426270484924
293,26,8,61,D:\Skripsi\Experiment_TA\data\raw\RGB2\S26\AC8\RGB2_SUB26ACT8F61.jpg,1,0,0.49438780546188354
294,26,8,91,D:\Skripsi\Experiment_TA\data\raw\RGB2\S26\AC8\RGB2_SUB26ACT8F91.jpg,1,1,0.5493384599685669
295,26,9,1,D:\Skripsi\Experiment_TA\data\raw\RGB2\S26\AC9\RGB2_SUB26ACT9F1.jpg,1,1,0.9266505837440491
296,26,9,121,D:\Skripsi\Experiment_TA\data\raw\RGB2\S26\AC9\RGB2_SUB26ACT9F121.jpg,1,1,0.8533925414085388
297,26,9,31,D:\Skripsi\Experiment_TA\data\raw\RGB2\S26\AC9\RGB2_SUB26ACT9F31.jpg,1,1,0.9065822958946228
298,26,9,61,D:\Skripsi\Experiment_TA\data\raw\RGB2\S26\AC9\RGB2_SUB26ACT9F61.jpg,1,1,0.737311065196991
299,26,9,91,D:\Skripsi\Experiment_TA\data\raw\RGB2\S26\AC9\RGB2_SUB26ACT9F91.jpg,1,1,0.8313577175140381
300,28,1,1,D:\Skripsi\Experiment_TA\data\raw\RGB2\S28\AC1\RGB2_SUB28ACT1F1.jpg,0,0,0.3760269582271576
301,28,1,121,D:\Skripsi\Experiment_TA\data\raw\RGB2\S28\AC1\RGB2_SUB28ACT1F121.jpg,0,1,0.5779395699501038
302,28,1,31,D:\Skripsi\Experiment_TA\data\raw\RGB2\S28\AC1\RGB2_SUB28ACT1F31.jpg,0,0,0.19077414274215698
303,28,1,61,D:\Skripsi\Experiment_TA\data\raw\RGB2\S28\AC1\RGB2_SUB28ACT1F61.jpg,0,0,0.18897585570812225
304,28,1,91,D:\Skripsi\Experiment_TA\data\raw\RGB2\S28\AC1\RGB2_SUB28ACT1F91.jpg,0,0,0.22210659086704254
305,28,5,1,D:\Skripsi\Experiment_TA\data\raw\RGB2\S28\AC5\RGB2_SUB28ACT5F1.jpg,1,1,0.7309900522232056
306,28,5,121,D:\Skripsi\Experiment_TA\data\raw\RGB2\S28\AC5\RGB2_SUB28ACT5F121.jpg,1,1,0.676125168800354
307,28,5,151,D:\Skripsi\Experiment_TA\data\raw\RGB2\S28\AC5\RGB2_SUB28ACT5F151.jpg,1,1,0.6340516805648804
308,28,5,31,D:\Skripsi\Experiment_TA\data\raw\RGB2\S28\AC5\RGB2_SUB28ACT5F31.jpg,1,1,0.8616248369216919
309,28,5,61,D:\Skripsi\Experiment_TA\data\raw\RGB2\S28\AC5\RGB2_SUB28ACT5F61.jpg,1,1,0.5050655603408813
310,28,5,91,D:\Skripsi\Experiment_TA\data\raw\RGB2\S28\AC5\RGB2_SUB28ACT5F91.jpg,1,1,0.542921245098114
311,28,6,1,D:\Skripsi\Experiment_TA\data\raw\RGB2\S28\AC6\RGB2_SUB28ACT6F1.jpg,1,1,0.5942674279212952
312,28,6,31,D:\Skripsi\Experiment_TA\data\raw\RGB2\S28\AC6\RGB2_SUB28ACT6F31.jpg,1,1,0.6851657629013062
313,28,6,61,D:\Skripsi\Experiment_TA\data\raw\RGB2\S28\AC6\RGB2_SUB28ACT6F61.jpg,1,0,0.2701617479324341
314,28,6,91,D:\Skripsi\Experiment_TA\data\raw\RGB2\S28\AC6\RGB2_SUB28ACT6F91.jpg,1,0,0.4987589418888092
315,28,7,1,D:\Skripsi\Experiment_TA\data\raw\RGB2\S28\AC7\RGB2_SUB28ACT7F1.jpg,1,1,0.7733170986175537
316,28,7,121,D:\Skripsi\Experiment_TA\data\raw\RGB2\S28\AC7\RGB2_SUB28ACT7F121.jpg,1,1,0.8240481019020081
317,28,7,151,D:\Skripsi\Experiment_TA\data\raw\RGB2\S28\AC7\RGB2_SUB28ACT7F151.jpg,1,1,0.877352237701416
318,28,7,31,D:\Skripsi\Experiment_TA\data\raw\RGB2\S28\AC7\RGB2_SUB28ACT7F31.jpg,1,1,0.9535862803459167
319,28,7,61,D:\Skripsi\Experiment_TA\data\raw\RGB2\S28\AC7\RGB2_SUB28ACT7F61.jpg,1,1,0.8447594046592712
320,28,7,91,D:\Skripsi\Experiment_TA\data\raw\RGB2\S28\AC7\RGB2_SUB28ACT7F91.jpg,1,1,0.916651725769043
321,28,8,1,D:\Skripsi\Experiment_TA\data\raw\RGB2\S28\AC8\RGB2_SUB28ACT8F1.jpg,1,1,0.927798867225647
322,28,8,31,D:\Skripsi\Experiment_TA\data\raw\RGB2\S28\AC8\RGB2_SUB28ACT8F31.jpg,1,1,0.6745210886001587
323,28,8,61,D:\Skripsi\Experiment_TA\data\raw\RGB2\S28\AC8\RGB2_SUB28ACT8F61.jpg,1,1,0.7832052111625671
324,28,8,91,D:\Skripsi\Experiment_TA\data\raw\RGB2\S28\AC8\RGB2_SUB28ACT8F91.jpg,1,1,0.859795331954956
325,28,9,1,D:\Skripsi\Experiment_TA\data\raw\RGB2\S28\AC9\RGB2_SUB28ACT9F1.jpg,1,1,0.7287882566452026
326,28,9,121,D:\Skripsi\Experiment_TA\data\raw\RGB2\S28\AC9\RGB2_SUB28ACT9F121.jpg,1,1,0.8823659420013428
327,28,9,151,D:\Skripsi\Experiment_TA\data\raw\RGB2\S28\AC9\RGB2_SUB28ACT9F151.jpg,1,1,0.6648038625717163
328,28,9,31,D:\Skripsi\Experiment_TA\data\raw\RGB2\S28\AC9\RGB2_SUB28ACT9F31.jpg,1,1,0.7743653059005737
329,28,9,61,D:\Skripsi\Experiment_TA\data\raw\RGB2\S28\AC9\RGB2_SUB28ACT9F61.jpg,1,1,0.7342038750648499
330,28,9,91,D:\Skripsi\Experiment_TA\data\raw\RGB2\S28\AC9\RGB2_SUB28ACT9F91.jpg,1,1,0.8121223449707031
331,29,1,1,D:\Skripsi\Experiment_TA\data\raw\RGB2\S29\AC1\RGB2_SUB29ACT1F1.jpg,0,1,0.7018769979476929
332,29,1,121,D:\Skripsi\Experiment_TA\data\raw\RGB2\S29\AC1\RGB2_SUB29ACT1F121.jpg,0,0,0.48811501264572144
333,29,1,31,D:\Skripsi\Experiment_TA\data\raw\RGB2\S29\AC1\RGB2_SUB29ACT1F31.jpg,0,1,0.8861939311027527
334,29,1,61,D:\Skripsi\Experiment_TA\data\raw\RGB2\S29\AC1\RGB2_SUB29ACT1F61.jpg,0,1,0.5631224513053894
335,29,1,91,D:\Skripsi\Experiment_TA\data\raw\RGB2\S29\AC1\RGB2_SUB29ACT1F91.jpg,0,1,0.6226698160171509
336,29,5,1,D:\Skripsi\Experiment_TA\data\raw\RGB2\S29\AC5\RGB2_SUB29ACT5F1.jpg,1,1,0.9489122033119202
337,29,5,121,D:\Skripsi\Experiment_TA\data\raw\RGB2\S29\AC5\RGB2_SUB29ACT5F121.jpg,1,1,0.6919015049934387
338,29,5,31,D:\Skripsi\Experiment_TA\data\raw\RGB2\S29\AC5\RGB2_SUB29ACT5F31.jpg,1,1,0.8977143168449402
339,29,5,61,D:\Skripsi\Experiment_TA\data\raw\RGB2\S29\AC5\RGB2_SUB29ACT5F61.jpg,1,1,0.5897541046142578
340,29,5,91,D:\Skripsi\Experiment_TA\data\raw\RGB2\S29\AC5\RGB2_SUB29ACT5F91.jpg,1,1,0.9149720072746277
341,29,6,1,D:\Skripsi\Experiment_TA\data\raw\RGB2\S29\AC6\RGB2_SUB29ACT6F1.jpg,1,1,0.6381666660308838
342,29,6,31,D:\Skripsi\Experiment_TA\data\raw\RGB2\S29\AC6\RGB2_SUB29ACT6F31.jpg,1,1,0.7051212787628174
343,29,6,61,D:\Skripsi\Experiment_TA\data\raw\RGB2\S29\AC6\RGB2_SUB29ACT6F61.jpg,1,1,0.5286650061607361
344,29,6,91,D:\Skripsi\Experiment_TA\data\raw\RGB2\S29\AC6\RGB2_SUB29ACT6F91.jpg,1,0,0.4197373688220978
345,29,7,1,D:\Skripsi\Experiment_TA\data\raw\RGB2\S29\AC7\RGB2_SUB29ACT7F1.jpg,1,1,0.6701503992080688
346,29,7,121,D:\Skripsi\Experiment_TA\data\raw\RGB2\S29\AC7\RGB2_SUB29ACT7F121.jpg,1,1,0.7176542282104492
347,29,7,31,D:\Skripsi\Experiment_TA\data\raw\RGB2\S29\AC7\RGB2_SUB29ACT7F31.jpg,1,1,0.7151275873184204
348,29,7,61,D:\Skripsi\Experiment_TA\data\raw\RGB2\S29\AC7\RGB2_SUB29ACT7F61.jpg,1,1,0.7007384300231934
349,29,7,91,D:\Skripsi\Experiment_TA\data\raw\RGB2\S29\AC7\RGB2_SUB29ACT7F91.jpg,1,1,0.7998359799385071
350,29,8,1,D:\Skripsi\Experiment_TA\data\raw\RGB2\S29\AC8\RGB2_SUB29ACT8F1.jpg,1,1,0.7813319563865662
351,29,8,121,D:\Skripsi\Experiment_TA\data\raw\RGB2\S29\AC8\RGB2_SUB29ACT8F121.jpg,1,1,0.805368959903717
352,29,8,151,D:\Skripsi\Experiment_TA\data\raw\RGB2\S29\AC8\RGB2_SUB29ACT8F151.jpg,1,1,0.823255717754364
353,29,8,31,D:\Skripsi\Experiment_TA\data\raw\RGB2\S29\AC8\RGB2_SUB29ACT8F31.jpg,1,1,0.8380950093269348
354,29,8,61,D:\Skripsi\Experiment_TA\data\raw\RGB2\S29\AC8\RGB2_SUB29ACT8F61.jpg,1,1,0.6934229731559753
355,29,8,91,D:\Skripsi\Experiment_TA\data\raw\RGB2\S29\AC8\RGB2_SUB29ACT8F91.jpg,1,1,0.7442224025726318
356,29,9,1,D:\Skripsi\Experiment_TA\data\raw\RGB2\S29\AC9\RGB2_SUB29ACT9F1.jpg,1,1,0.895697832107544
357,29,9,121,D:\Skripsi\Experiment_TA\data\raw\RGB2\S29\AC9\RGB2_SUB29ACT9F121.jpg,1,1,0.8786655068397522
358,29,9,151,D:\Skripsi\Experiment_TA\data\raw\RGB2\S29\AC9\RGB2_SUB29ACT9F151.jpg,1,1,0.699069082736969
359,29,9,31,D:\Skripsi\Experiment_TA\data\raw\RGB2\S29\AC9\RGB2_SUB29ACT9F31.jpg,1,1,0.8973503708839417
360,29,9,61,D:\Skripsi\Experiment_TA\data\raw\RGB2\S29\AC9\RGB2_SUB29ACT9F61.jpg,1,1,0.9421718120574951
361,29,9,91,D:\Skripsi\Experiment_TA\data\raw\RGB2\S29\AC9\RGB2_SUB29ACT9F91.jpg,1,1,0.8471666574478149
362,30,1,1,D:\Skripsi\Experiment_TA\data\raw\RGB2\S30\AC1\RGB2_SUB30ACT1F1.jpg,0,1,0.6121721267700195
363,30,1,31,D:\Skripsi\Experiment_TA\data\raw\RGB2\S30\AC1\RGB2_SUB30ACT1F31.jpg,0,0,0.2659614384174347
364,30,1,61,D:\Skripsi\Experiment_TA\data\raw\RGB2\S30\AC1\RGB2_SUB30ACT1F61.jpg,0,0,0.31561538577079773
365,30,1,91,D:\Skripsi\Experiment_TA\data\raw\RGB2\S30\AC1\RGB2_SUB30ACT1F91.jpg,0,0,0.21800710260868073
366,30,5,1,D:\Skripsi\Experiment_TA\data\raw\RGB2\S30\AC5\RGB2_SUB30ACT5F1.jpg,1,1,0.8433549404144287
367,30,5,31,D:\Skripsi\Experiment_TA\data\raw\RGB2\S30\AC5\RGB2_SUB30ACT5F31.jpg,1,1,0.6402699947357178
368,30,5,61,D:\Skripsi\Experiment_TA\data\raw\RGB2\S30\AC5\RGB2_SUB30ACT5F61.jpg,1,1,0.7003571391105652
369,30,5,91,D:\Skripsi\Experiment_TA\data\raw\RGB2\S30\AC5\RGB2_SUB30ACT5F91.jpg,1,1,0.6485763192176819
370,30,6,1,D:\Skripsi\Experiment_TA\data\raw\RGB2\S30\AC6\RGB2_SUB30ACT6F1.jpg,1,1,0.5868228673934937
371,30,6,121,D:\Skripsi\Experiment_TA\data\raw\RGB2\S30\AC6\RGB2_SUB30ACT6F121.jpg,1,1,0.6285292506217957
372,30,6,31,D:\Skripsi\Experiment_TA\data\raw\RGB2\S30\AC6\RGB2_SUB30ACT6F31.jpg,1,1,0.5739666223526001
373,30,6,61,D:\Skripsi\Experiment_TA\data\raw\RGB2\S30\AC6\RGB2_SUB30ACT6F61.jpg,1,0,0.3251664936542511
374,30,6,91,D:\Skripsi\Experiment_TA\data\raw\RGB2\S30\AC6\RGB2_SUB30ACT6F91.jpg,1,0,0.36134177446365356
375,30,7,1,D:\Skripsi\Experiment_TA\data\raw\RGB2\S30\AC7\RGB2_SUB30ACT7F1.jpg,1,1,0.7297631502151489
376,30,7,121,D:\Skripsi\Experiment_TA\data\raw\RGB2\S30\AC7\RGB2_SUB30ACT7F121.jpg,1,1,0.9162455201148987
377,30,7,151,D:\Skripsi\Experiment_TA\data\raw\RGB2\S30\AC7\RGB2_SUB30ACT7F151.jpg,1,1,0.9437781572341919
378,30,7,31,D:\Skripsi\Experiment_TA\data\raw\RGB2\S30\AC7\RGB2_SUB30ACT7F31.jpg,1,1,0.9691421985626221
379,30,7,61,D:\Skripsi\Experiment_TA\data\raw\RGB2\S30\AC7\RGB2_SUB30ACT7F61.jpg,1,1,0.9098266363143921
380,30,7,91,D:\Skripsi\Experiment_TA\data\raw\RGB2\S30\AC7\RGB2_SUB30ACT7F91.jpg,1,1,0.9138545393943787
381,30,8,1,D:\Skripsi\Experiment_TA\data\raw\RGB2\S30\AC8\RGB2_SUB30ACT8F1.jpg,1,1,0.6251384615898132
382,30,8,121,D:\Skripsi\Experiment_TA\data\raw\RGB2\S30\AC8\RGB2_SUB30ACT8F121.jpg,1,1,0.8502510190010071
383,30,8,31,D:\Skripsi\Experiment_TA\data\raw\RGB2\S30\AC8\RGB2_SUB30ACT8F31.jpg,1,1,0.6054090857505798
384,30,8,61,D:\Skripsi\Experiment_TA\data\raw\RGB2\S30\AC8\RGB2_SUB30ACT8F61.jpg,1,0,0.47732603549957275
385,30,8,91,D:\Skripsi\Experiment_TA\data\raw\RGB2\S30\AC8\RGB2_SUB30ACT8F91.jpg,1,1,0.5673904418945312
386,30,9,1,D:\Skripsi\Experiment_TA\data\raw\RGB2\S30\AC9\RGB2_SUB30ACT9F1.jpg,1,1,0.7299508452415466
387,30,9,121,D:\Skripsi\Experiment_TA\data\raw\RGB2\S30\AC9\RGB2_SUB30ACT9F121.jpg,1,1,0.6970497965812683
388,30,9,31,D:\Skripsi\Experiment_TA\data\raw\RGB2\S30\AC9\RGB2_SUB30ACT9F31.jpg,1,1,0.8785753846168518
389,30,9,61,D:\Skripsi\Experiment_TA\data\raw\RGB2\S30\AC9\RGB2_SUB30ACT9F61.jpg,1,1,0.8344663381576538
390,30,9,91,D:\Skripsi\Experiment_TA\data\raw\RGB2\S30\AC9\RGB2_SUB30ACT9F91.jpg,1,1,0.5156872868537903
391,31,1,1,D:\Skripsi\Experiment_TA\data\raw\RGB2\S31\AC1\RGB2_SUB31ACT1F1.jpg,0,1,0.5362847447395325
392,31,1,31,D:\Skripsi\Experiment_TA\data\raw\RGB2\S31\AC1\RGB2_SUB31ACT1F31.jpg,0,1,0.884900689125061
393,31,1,61,D:\Skripsi\Experiment_TA\data\raw\RGB2\S31\AC1\RGB2_SUB31ACT1F61.jpg,0,0,0.3846498727798462
394,31,1,91,D:\Skripsi\Experiment_TA\data\raw\RGB2\S31\AC1\RGB2_SUB31ACT1F91.jpg,0,1,0.7934250235557556
395,31,5,1,D:\Skripsi\Experiment_TA\data\raw\RGB2\S31\AC5\RGB2_SUB31ACT5F1.jpg,1,1,0.8168362975120544
396,31,5,31,D:\Skripsi\Experiment_TA\data\raw\RGB2\S31\AC5\RGB2_SUB31ACT5F31.jpg,1,1,0.7532663345336914
397,31,5,61,D:\Skripsi\Experiment_TA\data\raw\RGB2\S31\AC5\RGB2_SUB31ACT5F61.jpg,1,1,0.6646398305892944
398,31,5,91,D:\Skripsi\Experiment_TA\data\raw\RGB2\S31\AC5\RGB2_SUB31ACT5F91.jpg,1,1,0.898707926273346
399,31,6,1,D:\Skripsi\Experiment_TA\data\raw\RGB2\S31\AC6\RGB2_SUB31ACT6F1.jpg,1,1,0.9440092444419861
400,31,6,31,D:\Skripsi\Experiment_TA\data\raw\RGB2\S31\AC6\RGB2_SUB31ACT6F31.jpg,1,0,0.43695807456970215
401,31,6,61,D:\Skripsi\Experiment_TA\data\raw\RGB2\S31\AC6\RGB2_SUB31ACT6F61.jpg,1,1,0.9224032163619995
402,31,7,1,D:\Skripsi\Experiment_TA\data\raw\RGB2\S31\AC7\RGB2_SUB31ACT7F1.jpg,1,1,0.8235468864440918
403,31,7,31,D:\Skripsi\Experiment_TA\data\raw\RGB2\S31\AC7\RGB2_SUB31ACT7F31.jpg,1,1,0.8048528432846069
404,31,7,61,D:\Skripsi\Experiment_TA\data\raw\RGB2\S31\AC7\RGB2_SUB31ACT7F61.jpg,1,1,0.827856183052063
405,31,7,91,D:\Skripsi\Experiment_TA\data\raw\RGB2\S31\AC7\RGB2_SUB31ACT7F91.jpg,1,1,0.930669903755188
406,31,8,1,D:\Skripsi\Experiment_TA\data\raw\RGB2\S31\AC8\RGB2_SUB31ACT8F1.jpg,1,1,0.9171922206878662
407,31,8,121,D:\Skripsi\Experiment_TA\data\raw\RGB2\S31\AC8\RGB2_SUB31ACT8F121.jpg,1,0,0.4841190576553345
408,31,8,31,D:\Skripsi\Experiment_TA\data\raw\RGB2\S31\AC8\RGB2_SUB31ACT8F31.jpg,1,1,0.914014458656311
409,31,8,61,D:\Skripsi\Experiment_TA\data\raw\RGB2\S31\AC8\RGB2_SUB31ACT8F61.jpg,1,1,0.9278834462165833
410,31,8,91,D:\Skripsi\Experiment_TA\data\raw\RGB2\S31\AC8\RGB2_SUB31ACT8F91.jpg,1,1,0.8025492429733276
411,31,9,1,D:\Skripsi\Experiment_TA\data\raw\RGB2\S31\AC9\RGB2_SUB31ACT9F1.jpg,1,1,0.9326428771018982
412,31,9,121,D:\Skripsi\Experiment_TA\data\raw\RGB2\S31\AC9\RGB2_SUB31ACT9F121.jpg,1,0,0.3021334707736969
413,31,9,31,D:\Skripsi\Experiment_TA\data\raw\RGB2\S31\AC9\RGB2_SUB31ACT9F31.jpg,1,1,0.9035855531692505
414,31,9,61,D:\Skripsi\Experiment_TA\data\raw\RGB2\S31\AC9\RGB2_SUB31ACT9F61.jpg,1,1,0.9321373701095581
415,31,9,91,D:\Skripsi\Experiment_TA\data\raw\RGB2\S31\AC9\RGB2_SUB31ACT9F91.jpg,1,0,0.30882370471954346
416,32,1,1,D:\Skripsi\Experiment_TA\data\raw\RGB2\S32\AC1\RGB2_SUB32ACT1F1.jpg,0,1,0.5924631357192993
417,32,1,31,D:\Skripsi\Experiment_TA\data\raw\RGB2\S32\AC1\RGB2_SUB32ACT1F31.jpg,0,0,0.44418054819107056
418,32,1,61,D:\Skripsi\Experiment_TA\data\raw\RGB2\S32\AC1\RGB2_SUB32ACT1F61.jpg,0,0,0.3135014474391937
419,32,1,91,D:\Skripsi\Experiment_TA\data\raw\RGB2\S32\AC1\RGB2_SUB32ACT1F91.jpg,0,1,0.6760038733482361
420,32,5,1,D:\Skripsi\Experiment_TA\data\raw\RGB2\S32\AC5\RGB2_SUB32ACT5F1.jpg,1,1,0.8226736187934875
421,32,5,31,D:\Skripsi\Experiment_TA\data\raw\RGB2\S32\AC5\RGB2_SUB32ACT5F31.jpg,1,1,0.8080383539199829
422,32,5,61,D:\Skripsi\Experiment_TA\data\raw\RGB2\S32\AC5\RGB2_SUB32ACT5F61.jpg,1,1,0.7686364650726318
423,32,5,91,D:\Skripsi\Experiment_TA\data\raw\RGB2\S32\AC5\RGB2_SUB32ACT5F91.jpg,1,1,0.7754390835762024
424,32,6,1,D:\Skripsi\Experiment_TA\data\raw\RGB2\S32\AC6\RGB2_SUB32ACT6F1.jpg,1,1,0.873978316783905
425,32,6,31,D:\Skripsi\Experiment_TA\data\raw\RGB2\S32\AC6\RGB2_SUB32ACT6F31.jpg,1,1,0.8401934504508972
426,32,6,61,D:\Skripsi\Experiment_TA\data\raw\RGB2\S32\AC6\RGB2_SUB32ACT6F61.jpg,1,0,0.36576542258262634
427,32,6,91,D:\Skripsi\Experiment_TA\data\raw\RGB2\S32\AC6\RGB2_SUB32ACT6F91.jpg,1,1,0.9158480763435364
428,32,7,1,D:\Skripsi\Experiment_TA\data\raw\RGB2\S32\AC7\RGB2_SUB32ACT7F1.jpg,1,1,0.7050179839134216
429,32,7,31,D:\Skripsi\Experiment_TA\data\raw\RGB2\S32\AC7\RGB2_SUB32ACT7F31.jpg,1,1,0.7739837765693665
430,32,7,61,D:\Skripsi\Experiment_TA\data\raw\RGB2\S32\AC7\RGB2_SUB32ACT7F61.jpg,1,1,0.6931928396224976
431,32,7,91,D:\Skripsi\Experiment_TA\data\raw\RGB2\S32\AC7\RGB2_SUB32ACT7F91.jpg,1,1,0.7498920559883118
432,32,8,1,D:\Skripsi\Experiment_TA\data\raw\RGB2\S32\AC8\RGB2_SUB32ACT8F1.jpg,1,1,0.9049085378646851
433,32,8,31,D:\Skripsi\Experiment_TA\data\raw\RGB2\S32\AC8\RGB2_SUB32ACT8F31.jpg,1,1,0.6840772032737732
434,32,8,61,D:\Skripsi\Experiment_TA\data\raw\RGB2\S32\AC8\RGB2_SUB32ACT8F61.jpg,1,1,0.9124833345413208
435,32,9,1,D:\Skripsi\Experiment_TA\data\raw\RGB2\S32\AC9\RGB2_SUB32ACT9F1.jpg,1,1,0.9087201952934265
436,32,9,31,D:\Skripsi\Experiment_TA\data\raw\RGB2\S32\AC9\RGB2_SUB32ACT9F31.jpg,1,1,0.9082823395729065
437,32,9,61,D:\Skripsi\Experiment_TA\data\raw\RGB2\S32\AC9\RGB2_SUB32ACT9F61.jpg,1,1,0.8136672973632812
438,33,1,1,D:\Skripsi\Experiment_TA\data\raw\RGB2\S33\AC1\RGB2_SUB33ACT1F1.jpg,0,0,0.39010122418403625
439,33,1,31,D:\Skripsi\Experiment_TA\data\raw\RGB2\S33\AC1\RGB2_SUB33ACT1F31.jpg,0,0,0.3549595773220062
440,33,1,61,D:\Skripsi\Experiment_TA\data\raw\RGB2\S33\AC1\RGB2_SUB33ACT1F61.jpg,0,0,0.4001410901546478
441,33,5,1,D:\Skripsi\Experiment_TA\data\raw\RGB2\S33\AC5\RGB2_SUB33ACT5F1.jpg,1,1,0.9233930110931396
442,33,5,31,D:\Skripsi\Experiment_TA\data\raw\RGB2\S33\AC5\RGB2_SUB33ACT5F31.jpg,1,1,0.8039514422416687
443,33,5,61,D:\Skripsi\Experiment_TA\data\raw\RGB2\S33\AC5\RGB2_SUB33ACT5F61.jpg,1,1,0.9211184978485107
444,33,6,1,D:\Skripsi\Experiment_TA\data\raw\RGB2\S33\AC6\RGB2_SUB33ACT6F1.jpg,1,1,0.9334244728088379
445,33,6,31,D:\Skripsi\Experiment_TA\data\raw\RGB2\S33\AC6\RGB2_SUB33ACT6F31.jpg,1,1,0.9098581075668335
446,33,6,61,D:\Skripsi\Experiment_TA\data\raw\RGB2\S33\AC6\RGB2_SUB33ACT6F61.jpg,1,1,0.8558334112167358
447,33,7,1,D:\Skripsi\Experiment_TA\data\raw\RGB2\S33\AC7\RGB2_SUB33ACT7F1.jpg,1,1,0.8400018811225891
448,33,7,31,D:\Skripsi\Experiment_TA\data\raw\RGB2\S33\AC7\RGB2_SUB33ACT7F31.jpg,1,1,0.8343164324760437
449,33,7,61,D:\Skripsi\Experiment_TA\data\raw\RGB2\S33\AC7\RGB2_SUB33ACT7F61.jpg,1,1,0.5996295809745789
450,33,7,91,D:\Skripsi\Experiment_TA\data\raw\RGB2\S33\AC7\RGB2_SUB33ACT7F91.jpg,1,1,0.9067421555519104
451,33,8,1,D:\Skripsi\Experiment_TA\data\raw\RGB2\S33\AC8\RGB2_SUB33ACT8F1.jpg,1,1,0.7658820152282715
452,33,8,31,D:\Skripsi\Experiment_TA\data\raw\RGB2\S33\AC8\RGB2_SUB33ACT8F31.jpg,1,1,0.8155274987220764
453,33,8,61,D:\Skripsi\Experiment_TA\data\raw\RGB2\S33\AC8\RGB2_SUB33ACT8F61.jpg,1,1,0.7109520435333252
454,33,8,91,D:\Skripsi\Experiment_TA\data\raw\RGB2\S33\AC8\RGB2_SUB33ACT8F91.jpg,1,1,0.7718895673751831
455,33,9,1,D:\Skripsi\Experiment_TA\data\raw\RGB2\S33\AC9\RGB2_SUB33ACT9F1.jpg,1,1,0.7836193442344666
456,33,9,31,D:\Skripsi\Experiment_TA\data\raw\RGB2\S33\AC9\RGB2_SUB33ACT9F31.jpg,1,1,0.7740197777748108
457,33,9,61,D:\Skripsi\Experiment_TA\data\raw\RGB2\S33\AC9\RGB2_SUB33ACT9F61.jpg,1,1,0.8602384328842163
458,33,9,91,D:\Skripsi\Experiment_TA\data\raw\RGB2\S33\AC9\RGB2_SUB33ACT9F91.jpg,1,1,0.8751122355461121
459,34,1,1,D:\Skripsi\Experiment_TA\data\raw\RGB2\S34\AC1\RGB2_SUB34ACT1F1.jpg,0,0,0.38472241163253784
460,34,1,31,D:\Skripsi\Experiment_TA\data\raw\RGB2\S34\AC1\RGB2_SUB34ACT1F31.jpg,0,0,0.33653393387794495
461,34,1,61,D:\Skripsi\Experiment_TA\data\raw\RGB2\S34\AC1\RGB2_SUB34ACT1F61.jpg,0,0,0.3301008641719818
462,34,5,1,D:\Skripsi\Experiment_TA\data\raw\RGB2\S34\AC5\RGB2_SUB34ACT5F1.jpg,1,1,0.7313299775123596
463,34,5,31,D:\Skripsi\Experiment_TA\data\raw\RGB2\S34\AC5\RGB2_SUB34ACT5F31.jpg,1,1,0.8385542035102844
464,34,5,61,D:\Skripsi\Experiment_TA\data\raw\RGB2\S34\AC5\RGB2_SUB34ACT5F61.jpg,1,1,0.7523704171180725
465,34,6,1,D:\Skripsi\Experiment_TA\data\raw\RGB2\S34\AC6\RGB2_SUB34ACT6F1.jpg,1,1,0.7683480978012085
466,34,6,31,D:\Skripsi\Experiment_TA\data\raw\RGB2\S34\AC6\RGB2_SUB34ACT6F31.jpg,1,1,0.9055318236351013
467,34,6,61,D:\Skripsi\Experiment_TA\data\raw\RGB2\S34\AC6\RGB2_SUB34ACT6F61.jpg,1,1,0.9393659830093384
468,34,7,1,D:\Skripsi\Experiment_TA\data\raw\RGB2\S34\AC7\RGB2_SUB34ACT7F1.jpg,1,1,0.8764292001724243
469,34,7,31,D:\Skripsi\Experiment_TA\data\raw\RGB2\S34\AC7\RGB2_SUB34ACT7F31.jpg,1,1,0.8262406587600708
470,34,7,61,D:\Skripsi\Experiment_TA\data\raw\RGB2\S34\AC7\RGB2_SUB34ACT7F61.jpg,1,1,0.8385364413261414
471,34,8,1,D:\Skripsi\Experiment_TA\data\raw\RGB2\S34\AC8\RGB2_SUB34ACT8F1.jpg,1,0,0.3082464933395386
472,34,8,31,D:\Skripsi\Experiment_TA\data\raw\RGB2\S34\AC8\RGB2_SUB34ACT8F31.jpg,1,1,0.9054477214813232
473,34,8,61,D:\Skripsi\Experiment_TA\data\raw\RGB2\S34\AC8\RGB2_SUB34ACT8F61.jpg,1,1,0.5441145300865173
474,34,8,91,D:\Skripsi\Experiment_TA\data\raw\RGB2\S34\AC8\RGB2_SUB34ACT8F91.jpg,1,1,0.6295191645622253
475,34,9,1,D:\Skripsi\Experiment_TA\data\raw\RGB2\S34\AC9\RGB2_SUB34ACT9F1.jpg,1,1,0.8550536632537842
476,34,9,31,D:\Skripsi\Experiment_TA\data\raw\RGB2\S34\AC9\RGB2_SUB34ACT9F31.jpg,1,1,0.8545222878456116
477,34,9,61,D:\Skripsi\Experiment_TA\data\raw\RGB2\S34\AC9\RGB2_SUB34ACT9F61.jpg,1,1,0.8824092745780945
478,35,1,1,D:\Skripsi\Experiment_TA\data\raw\RGB2\S35\AC1\RGB2_SUB35ACT1F1.jpg,0,0,0.34259313344955444
479,35,1,121,D:\Skripsi\Experiment_TA\data\raw\RGB2\S35\AC1\RGB2_SUB35ACT1F121.jpg,0,0,0.23539181053638458
480,35,1,31,D:\Skripsi\Experiment_TA\data\raw\RGB2\S35\AC1\RGB2_SUB35ACT1F31.jpg,0,0,0.4973128139972687
481,35,1,61,D:\Skripsi\Experiment_TA\data\raw\RGB2\S35\AC1\RGB2_SUB35ACT1F61.jpg,0,0,0.27137291431427
482,35,1,91,D:\Skripsi\Experiment_TA\data\raw\RGB2\S35\AC1\RGB2_SUB35ACT1F91.jpg,0,0,0.229006826877594
483,35,5,1,D:\Skripsi\Experiment_TA\data\raw\RGB2\S35\AC5\RGB2_SUB35ACT5F1.jpg,1,1,0.6778730154037476
484,35,5,31,D:\Skripsi\Experiment_TA\data\raw\RGB2\S35\AC5\RGB2_SUB35ACT5F31.jpg,1,1,0.7056584358215332
485,35,5,61,D:\Skripsi\Experiment_TA\data\raw\RGB2\S35\AC5\RGB2_SUB35ACT5F61.jpg,1,1,0.6727526783943176
486,35,5,91,D:\Skripsi\Experiment_TA\data\raw\RGB2\S35\AC5\RGB2_SUB35ACT5F91.jpg,1,1,0.6067997813224792
487,35,6,1,D:\Skripsi\Experiment_TA\data\raw\RGB2\S35\AC6\RGB2_SUB35ACT6F1.jpg,1,1,0.7196035385131836
488,35,6,121,D:\Skripsi\Experiment_TA\data\raw\RGB2\S35\AC6\RGB2_SUB35ACT6F121.jpg,1,1,0.5635083317756653
489,35,6,151,D:\Skripsi\Experiment_TA\data\raw\RGB2\S35\AC6\RGB2_SUB35ACT6F151.jpg,1,1,0.8405565619468689
490,35,6,31,D:\Skripsi\Experiment_TA\data\raw\RGB2\S35\AC6\RGB2_SUB35ACT6F31.jpg,1,1,0.8230037689208984
491,35,6,61,D:\Skripsi\Experiment_TA\data\raw\RGB2\S35\AC6\RGB2_SUB35ACT6F61.jpg,1,1,0.6423141360282898
492,35,6,91,D:\Skripsi\Experiment_TA\data\raw\RGB2\S35\AC6\RGB2_SUB35ACT6F91.jpg,1,1,0.5784464478492737
493,35,7,1,D:\Skripsi\Experiment_TA\data\raw\RGB2\S35\AC7\RGB2_SUB35ACT7F1.jpg,1,1,0.9007084965705872
494,35,7,121,D:\Skripsi\Experiment_TA\data\raw\RGB2\S35\AC7\RGB2_SUB35ACT7F121.jpg,1,1,0.8033464550971985
495,35,7,151,D:\Skripsi\Experiment_TA\data\raw\RGB2\S35\AC7\RGB2_SUB35ACT7F151.jpg,1,1,0.8072823286056519
496,35,7,181,D:\Skripsi\Experiment_TA\data\raw\RGB2\S35\AC7\RGB2_SUB35ACT7F181.jpg,1,1,0.8741777539253235
497,35,7,31,D:\Skripsi\Experiment_TA\data\raw\RGB2\S35\AC7\RGB2_SUB35ACT7F31.jpg,1,1,0.8440353870391846
498,35,7,61,D:\Skripsi\Experiment_TA\data\raw\RGB2\S35\AC7\RGB2_SUB35ACT7F61.jpg,1,1,0.8576352000236511
499,35,7,91,D:\Skripsi\Experiment_TA\data\raw\RGB2\S35\AC7\RGB2_SUB35ACT7F91.jpg,1,1,0.7916145324707031
500,35,8,1,D:\Skripsi\Experiment_TA\data\raw\RGB2\S35\AC8\RGB2_SUB35ACT8F1.jpg,1,1,0.8488564491271973
501,35,8,31,D:\Skripsi\Experiment_TA\data\raw\RGB2\S35\AC8\RGB2_SUB35ACT8F31.jpg,1,1,0.8139720559120178
502,35,8,61,D:\Skripsi\Experiment_TA\data\raw\RGB2\S35\AC8\RGB2_SUB35ACT8F61.jpg,1,1,0.6513323187828064
503,35,8,91,D:\Skripsi\Experiment_TA\data\raw\RGB2\S35\AC8\RGB2_SUB35ACT8F91.jpg,1,1,0.5666509866714478
504,35,9,1,D:\Skripsi\Experiment_TA\data\raw\RGB2\S35\AC9\RGB2_SUB35ACT9F1.jpg,1,1,0.9233731627464294
505,35,9,121,D:\Skripsi\Experiment_TA\data\raw\RGB2\S35\AC9\RGB2_SUB35ACT9F121.jpg,1,1,0.870827853679657
506,35,9,31,D:\Skripsi\Experiment_TA\data\raw\RGB2\S35\AC9\RGB2_SUB35ACT9F31.jpg,1,1,0.8895267248153687
507,35,9,61,D:\Skripsi\Experiment_TA\data\raw\RGB2\S35\AC9\RGB2_SUB35ACT9F61.jpg,1,1,0.8729361891746521
508,35,9,91,D:\Skripsi\Experiment_TA\data\raw\RGB2\S35\AC9\RGB2_SUB35ACT9F91.jpg,1,1,0.8516020178794861
509,36,1,1,D:\Skripsi\Experiment_TA\data\raw\RGB2\S36\AC1\RGB2_SUB36ACT1F1.jpg,0,0,0.3232235908508301
510,36,1,121,D:\Skripsi\Experiment_TA\data\raw\RGB2\S36\AC1\RGB2_SUB36ACT1F121.jpg,0,1,0.6968997120857239
511,36,1,31,D:\Skripsi\Experiment_TA\data\raw\RGB2\S36\AC1\RGB2_SUB36ACT1F31.jpg,0,0,0.364195317029953
512,36,1,61,D:\Skripsi\Experiment_TA\data\raw\RGB2\S36\AC1\RGB2_SUB36ACT1F61.jpg,0,0,0.29198843240737915
513,36,1,91,D:\Skripsi\Experiment_TA\data\raw\RGB2\S36\AC1\RGB2_SUB36ACT1F91.jpg,0,1,0.5599949359893799
514,36,5,1,D:\Skripsi\Experiment_TA\data\raw\RGB2\S36\AC5\RGB2_SUB36ACT5F1.jpg,1,1,0.7987014651298523
515,36,5,121,D:\Skripsi\Experiment_TA\data\raw\RGB2\S36\AC5\RGB2_SUB36ACT5F121.jpg,1,0,0.3928130865097046
516,36,5,31,D:\Skripsi\Experiment_TA\data\raw\RGB2\S36\AC5\RGB2_SUB36ACT5F31.jpg,1,1,0.7945364713668823
517,36,5,61,D:\Skripsi\Experiment_TA\data\raw\RGB2\S36\AC5\RGB2_SUB36ACT5F61.jpg,1,1,0.8740314841270447
518,36,5,91,D:\Skripsi\Experiment_TA\data\raw\RGB2\S36\AC5\RGB2_SUB36ACT5F91.jpg,1,1,0.8979431390762329
519,36,6,1,D:\Skripsi\Experiment_TA\data\raw\RGB2\S36\AC6\RGB2_SUB36ACT6F1.jpg,1,1,0.825993001461029
520,36,6,31,D:\Skripsi\Experiment_TA\data\raw\RGB2\S36\AC6\RGB2_SUB36ACT6F31.jpg,1,1,0.7697153687477112
521,36,6,61,D:\Skripsi\Experiment_TA\data\raw\RGB2\S36\AC6\RGB2_SUB36ACT6F61.jpg,1,1,0.9267680644989014
522,36,6,91,D:\Skripsi\Experiment_TA\data\raw\RGB2\S36\AC6\RGB2_SUB36ACT6F91.jpg,1,1,0.6449659466743469
523,36,7,1,D:\Skripsi\Experiment_TA\data\raw\RGB2\S36\AC7\RGB2_SUB36ACT7F1.jpg,1,1,0.8453711867332458
524,36,7,121,D:\Skripsi\Experiment_TA\data\raw\RGB2\S36\AC7\RGB2_SUB36ACT7F121.jpg,1,1,0.9466433525085449
525,36,7,31,D:\Skripsi\Experiment_TA\data\raw\RGB2\S36\AC7\RGB2_SUB36ACT7F31.jpg,1,1,0.902908444404602
526,36,7,61,D:\Skripsi\Experiment_TA\data\raw\RGB2\S36\AC7\RGB2_SUB36ACT7F61.jpg,1,1,0.5411535501480103
527,36,7,91,D:\Skripsi\Experiment_TA\data\raw\RGB2\S36\AC7\RGB2_SUB36ACT7F91.jpg,1,1,0.8915272355079651
528,36,8,1,D:\Skripsi\Experiment_TA\data\raw\RGB2\S36\AC8\RGB2_SUB36ACT8F1.jpg,1,1,0.822240948677063
529,36,8,121,D:\Skripsi\Experiment_TA\data\raw\RGB2\S36\AC8\RGB2_SUB36ACT8F121.jpg,1,1,0.8369302749633789
530,36,8,31,D:\Skripsi\Experiment_TA\data\raw\RGB2\S36\AC8\RGB2_SUB36ACT8F31.jpg,1,1,0.8763547539710999
531,36,8,61,D:\Skripsi\Experiment_TA\data\raw\RGB2\S36\AC8\RGB2_SUB36ACT8F61.jpg,1,1,0.8328499794006348
532,36,8,91,D:\Skripsi\Experiment_TA\data\raw\RGB2\S36\AC8\RGB2_SUB36ACT8F91.jpg,1,1,0.9015975594520569
533,36,9,1,D:\Skripsi\Experiment_TA\data\raw\RGB2\S36\AC9\RGB2_SUB36ACT9F1.jpg,1,1,0.8245989680290222
534,36,9,121,D:\Skripsi\Experiment_TA\data\raw\RGB2\S36\AC9\RGB2_SUB36ACT9F121.jpg,1,1,0.8551592230796814
535,36,9,151,D:\Skripsi\Experiment_TA\data\raw\RGB2\S36\AC9\RGB2_SUB36ACT9F151.jpg,1,1,0.8975303769111633
536,36,9,31,D:\Skripsi\Experiment_TA\data\raw\RGB2\S36\AC9\RGB2_SUB36ACT9F31.jpg,1,1,0.8760963082313538
537,36,9,61,D:\Skripsi\Experiment_TA\data\raw\RGB2\S36\AC9\RGB2_SUB36ACT9F61.jpg,1,1,0.8827218413352966
538,36,9,91,D:\Skripsi\Experiment_TA\data\raw\RGB2\S36\AC9\RGB2_SUB36ACT9F91.jpg,1,1,0.8055275082588196
539,37,1,1,D:\Skripsi\Experiment_TA\data\raw\RGB2\S37\AC1\RGB2_SUB37ACT1F1.jpg,0,0,0.22248615324497223
540,37,1,121,D:\Skripsi\Experiment_TA\data\raw\RGB2\S37\AC1\RGB2_SUB37ACT1F121.jpg,0,0,0.2854326069355011
541,37,1,31,D:\Skripsi\Experiment_TA\data\raw\RGB2\S37\AC1\RGB2_SUB37ACT1F31.jpg,0,0,0.16998042166233063
542,37,1,61,D:\Skripsi\Experiment_TA\data\raw\RGB2\S37\AC1\RGB2_SUB37ACT1F61.jpg,0,0,0.22326286137104034
543,37,1,91,D:\Skripsi\Experiment_TA\data\raw\RGB2\S37\AC1\RGB2_SUB37ACT1F91.jpg,0,0,0.23579692840576172
544,37,5,1,D:\Skripsi\Experiment_TA\data\raw\RGB2\S37\AC5\RGB2_SUB37ACT5F1.jpg,1,1,0.9287249445915222
545,37,5,121,D:\Skripsi\Experiment_TA\data\raw\RGB2\S37\AC5\RGB2_SUB37ACT5F121.jpg,1,1,0.8411654829978943
546,37,5,31,D:\Skripsi\Experiment_TA\data\raw\RGB2\S37\AC5\RGB2_SUB37ACT5F31.jpg,1,1,0.8939281105995178
547,37,5,61,D:\Skripsi\Experiment_TA\data\raw\RGB2\S37\AC5\RGB2_SUB37ACT5F61.jpg,1,1,0.6082379221916199
548,37,5,91,D:\Skripsi\Experiment_TA\data\raw\RGB2\S37\AC5\RGB2_SUB37ACT5F91.jpg,1,1,0.8007751107215881
549,37,6,1,D:\Skripsi\Experiment_TA\data\raw\RGB2\S37\AC6\RGB2_SUB37ACT6F1.jpg,1,0,0.2403239756822586
550,37,6,121,D:\Skripsi\Experiment_TA\data\raw\RGB2\S37\AC6\RGB2_SUB37ACT6F121.jpg,1,1,0.6164701581001282
551,37,6,31,D:\Skripsi\Experiment_TA\data\raw\RGB2\S37\AC6\RGB2_SUB37ACT6F31.jpg,1,1,0.6653335690498352
552,37,6,61,D:\Skripsi\Experiment_TA\data\raw\RGB2\S37\AC6\RGB2_SUB37ACT6F61.jpg,1,1,0.7711579203605652
553,37,6,91,D:\Skripsi\Experiment_TA\data\raw\RGB2\S37\AC6\RGB2_SUB37ACT6F91.jpg,1,1,0.8263702988624573
554,37,7,1,D:\Skripsi\Experiment_TA\data\raw\RGB2\S37\AC7\RGB2_SUB37ACT7F1.jpg,1,1,0.7170923352241516
555,37,7,121,D:\Skripsi\Experiment_TA\data\raw\RGB2\S37\AC7\RGB2_SUB37ACT7F121.jpg,1,1,0.9188252687454224
556,37,7,151,D:\Skripsi\Experiment_TA\data\raw\RGB2\S37\AC7\RGB2_SUB37ACT7F151.jpg,1,1,0.8618494272232056
557,37,7,31,D:\Skripsi\Experiment_TA\data\raw\RGB2\S37\AC7\RGB2_SUB37ACT7F31.jpg,1,1,0.8367812037467957
558,37,7,61,D:\Skripsi\Experiment_TA\data\raw\RGB2\S37\AC7\RGB2_SUB37ACT7F61.jpg,1,1,0.9086349010467529
559,37,7,91,D:\Skripsi\Experiment_TA\data\raw\RGB2\S37\AC7\RGB2_SUB37ACT7F91.jpg,1,1,0.8941251635551453
560,37,8,1,D:\Skripsi\Experiment_TA\data\raw\RGB2\S37\AC8\RGB2_SUB37ACT8F1.jpg,1,1,0.8791042566299438
561,37,8,121,D:\Skripsi\Experiment_TA\data\raw\RGB2\S37\AC8\RGB2_SUB37ACT8F121.jpg,1,1,0.7872405052185059
562,37,8,151,D:\Skripsi\Experiment_TA\data\raw\RGB2\S37\AC8\RGB2_SUB37ACT8F151.jpg,1,1,0.867238461971283
563,37,8,31,D:\Skripsi\Experiment_TA\data\raw\RGB2\S37\AC8\RGB2_SUB37ACT8F31.jpg,1,1,0.7448232769966125
564,37,8,61,D:\Skripsi\Experiment_TA\data\raw\RGB2\S37\AC8\RGB2_SUB37ACT8F61.jpg,1,1,0.5391374230384827
565,37,8,91,D:\Skripsi\Experiment_TA\data\raw\RGB2\S37\AC8\RGB2_SUB37ACT8F91.jpg,1,1,0.7199398279190063
566,37,9,1,D:\Skripsi\Experiment_TA\data\raw\RGB2\S37\AC9\RGB2_SUB37ACT9F1.jpg,1,1,0.9255548119544983
567,37,9,121,D:\Skripsi\Experiment_TA\data\raw\RGB2\S37\AC9\RGB2_SUB37ACT9F121.jpg,1,1,0.7607621550559998
568,37,9,151,D:\Skripsi\Experiment_TA\data\raw\RGB2\S37\AC9\RGB2_SUB37ACT9F151.jpg,1,1,0.8851245045661926
569,37,9,31,D:\Skripsi\Experiment_TA\data\raw\RGB2\S37\AC9\RGB2_SUB37ACT9F31.jpg,1,1,0.6533156037330627
570,37,9,61,D:\Skripsi\Experiment_TA\data\raw\RGB2\S37\AC9\RGB2_SUB37ACT9F61.jpg,1,1,0.7975689172744751
571,37,9,91,D:\Skripsi\Experiment_TA\data\raw\RGB2\S37\AC9\RGB2_SUB37ACT9F91.jpg,1,1,0.8488413095474243
572,38,1,1,D:\Skripsi\Experiment_TA\data\raw\RGB2\S38\AC1\RGB2_SUB38ACT1F1.jpg,0,1,0.6784082055091858
573,38,1,121,D:\Skripsi\Experiment_TA\data\raw\RGB2\S38\AC1\RGB2_SUB38ACT1F121.jpg,0,0,0.21941111981868744
574,38,1,31,D:\Skripsi\Experiment_TA\data\raw\RGB2\S38\AC1\RGB2_SUB38ACT1F31.jpg,0,0,0.38652023673057556
575,38,1,61,D:\Skripsi\Experiment_TA\data\raw\RGB2\S38\AC1\RGB2_SUB38ACT1F61.jpg,0,0,0.27822187542915344
576,38,1,91,D:\Skripsi\Experiment_TA\data\raw\RGB2\S38\AC1\RGB2_SUB38ACT1F91.jpg,0,1,0.7558305263519287
577,38,5,1,D:\Skripsi\Experiment_TA\data\raw\RGB2\S38\AC5\RGB2_SUB38ACT5F1.jpg,1,1,0.7257845401763916
578,38,5,31,D:\Skripsi\Experiment_TA\data\raw\RGB2\S38\AC5\RGB2_SUB38ACT5F31.jpg,1,1,0.8366899490356445
579,38,5,61,D:\Skripsi\Experiment_TA\data\raw\RGB2\S38\AC5\RGB2_SUB38ACT5F61.jpg,1,1,0.6745239496231079
580,38,5,91,D:\Skripsi\Experiment_TA\data\raw\RGB2\S38\AC5\RGB2_SUB38ACT5F91.jpg,1,1,0.8559360504150391
581,38,6,1,D:\Skripsi\Experiment_TA\data\raw\RGB2\S38\AC6\RGB2_SUB38ACT6F1.jpg,1,1,0.7600536346435547
582,38,6,31,D:\Skripsi\Experiment_TA\data\raw\RGB2\S38\AC6\RGB2_SUB38ACT6F31.jpg,1,0,0.47815173864364624
583,38,6,61,D:\Skripsi\Experiment_TA\data\raw\RGB2\S38\AC6\RGB2_SUB38ACT6F61.jpg,1,1,0.8769749402999878
584,38,6,91,D:\Skripsi\Experiment_TA\data\raw\RGB2\S38\AC6\RGB2_SUB38ACT6F91.jpg,1,1,0.8380228877067566
585,38,7,1,D:\Skripsi\Experiment_TA\data\raw\RGB2\S38\AC7\RGB2_SUB38ACT7F1.jpg,1,1,0.9261699318885803
586,38,7,121,D:\Skripsi\Experiment_TA\data\raw\RGB2\S38\AC7\RGB2_SUB38ACT7F121.jpg,1,1,0.8028659224510193
587,38,7,31,D:\Skripsi\Experiment_TA\data\raw\RGB2\S38\AC7\RGB2_SUB38ACT7F31.jpg,1,1,0.9083987474441528
588,38,7,61,D:\Skripsi\Experiment_TA\data\raw\RGB2\S38\AC7\RGB2_SUB38ACT7F61.jpg,1,1,0.8654720783233643
589,38,7,91,D:\Skripsi\Experiment_TA\data\raw\RGB2\S38\AC7\RGB2_SUB38ACT7F91.jpg,1,1,0.8742413520812988
590,38,8,1,D:\Skripsi\Experiment_TA\data\raw\RGB2\S38\AC8\RGB2_SUB38ACT8F1.jpg,1,1,0.8454952239990234
591,38,8,121,D:\Skripsi\Experiment_TA\data\raw\RGB2\S38\AC8\RGB2_SUB38ACT8F121.jpg,1,1,0.8238136172294617
592,38,8,31,D:\Skripsi\Experiment_TA\data\raw\RGB2\S38\AC8\RGB2_SUB38ACT8F31.jpg,1,1,0.8761482834815979
593,38,8,61,D:\Skripsi\Experiment_TA\data\raw\RGB2\S38\AC8\RGB2_SUB38ACT8F61.jpg,1,1,0.8472281694412231
594,38,8,91,D:\Skripsi\Experiment_TA\data\raw\RGB2\S38\AC8\RGB2_SUB38ACT8F91.jpg,1,1,0.8592588901519775
595,38,9,1,D:\Skripsi\Experiment_TA\data\raw\RGB2\S38\AC9\RGB2_SUB38ACT9F1.jpg,1,1,0.8370649814605713
596,38,9,121,D:\Skripsi\Experiment_TA\data\raw\RGB2\S38\AC9\RGB2_SUB38ACT9F121.jpg,1,0,0.4081372916698456
597,38,9,31,D:\Skripsi\Experiment_TA\data\raw\RGB2\S38\AC9\RGB2_SUB38ACT9F31.jpg,1,0,0.49705350399017334
598,38,9,61,D:\Skripsi\Experiment_TA\data\raw\RGB2\S38\AC9\RGB2_SUB38ACT9F61.jpg,1,1,0.5294128060340881
599,38,9,91,D:\Skripsi\Experiment_TA\data\raw\RGB2\S38\AC9\RGB2_SUB38ACT9F91.jpg,1,0,0.2839910089969635
600,39,1,1,D:\Skripsi\Experiment_TA\data\raw\RGB2\S39\AC1\RGB2_SUB39ACT1F1.jpg,0,0,0.1755853295326233
601,39,1,31,D:\Skripsi\Experiment_TA\data\raw\RGB2\S39\AC1\RGB2_SUB39ACT1F31.jpg,0,0,0.2114553153514862
602,39,1,61,D:\Skripsi\Experiment_TA\data\raw\RGB2\S39\AC1\RGB2_SUB39ACT1F61.jpg,0,0,0.19674348831176758
603,39,1,91,D:\Skripsi\Experiment_TA\data\raw\RGB2\S39\AC1\RGB2_SUB39ACT1F91.jpg,0,0,0.3543313443660736
604,39,5,1,D:\Skripsi\Experiment_TA\data\raw\RGB2\S39\AC5\RGB2_SUB39ACT5F1.jpg,1,1,0.6020084023475647
605,39,5,31,D:\Skripsi\Experiment_TA\data\raw\RGB2\S39\AC5\RGB2_SUB39ACT5F31.jpg,1,1,0.7095890641212463
606,39,5,61,D:\Skripsi\Experiment_TA\data\raw\RGB2\S39\AC5\RGB2_SUB39ACT5F61.jpg,1,1,0.6818711161613464
607,39,5,91,D:\Skripsi\Experiment_TA\data\raw\RGB2\S39\AC5\RGB2_SUB39ACT5F91.jpg,1,1,0.8109936118125916
608,39,6,1,D:\Skripsi\Experiment_TA\data\raw\RGB2\S39\AC6\RGB2_SUB39ACT6F1.jpg,1,1,0.8674209713935852
609,39,6,31,D:\Skripsi\Experiment_TA\data\raw\RGB2\S39\AC6\RGB2_SUB39ACT6F31.jpg,1,1,0.9465541243553162
610,39,6,61,D:\Skripsi\Experiment_TA\data\raw\RGB2\S39\AC6\RGB2_SUB39ACT6F61.jpg,1,1,0.9342589378356934
611,39,6,91,D:\Skripsi\Experiment_TA\data\raw\RGB2\S39\AC6\RGB2_SUB39ACT6F91.jpg,1,1,0.8762019872665405
612,39,7,1,D:\Skripsi\Experiment_TA\data\raw\RGB2\S39\AC7\RGB2_SUB39ACT7F1.jpg,1,1,0.9751546382904053
613,39,7,31,D:\Skripsi\Experiment_TA\data\raw\RGB2\S39\AC7\RGB2_SUB39ACT7F31.jpg,1,1,0.9038763642311096
614,39,7,61,D:\Skripsi\Experiment_TA\data\raw\RGB2\S39\AC7\RGB2_SUB39ACT7F61.jpg,1,1,0.9145877361297607
615,39,7,91,D:\Skripsi\Experiment_TA\data\raw\RGB2\S39\AC7\RGB2_SUB39ACT7F91.jpg,1,1,0.9479490518569946
616,39,8,1,D:\Skripsi\Experiment_TA\data\raw\RGB2\S39\AC8\RGB2_SUB39ACT8F1.jpg,1,1,0.8491524457931519
617,39,8,121,D:\Skripsi\Experiment_TA\data\raw\RGB2\S39\AC8\RGB2_SUB39ACT8F121.jpg,1,1,0.7018426060676575
618,39,8,31,D:\Skripsi\Experiment_TA\data\raw\RGB2\S39\AC8\RGB2_SUB39ACT8F31.jpg,1,1,0.8610765933990479
619,39,8,61,D:\Skripsi\Experiment_TA\data\raw\RGB2\S39\AC8\RGB2_SUB39ACT8F61.jpg,1,1,0.7978489398956299
620,39,8,91,D:\Skripsi\Experiment_TA\data\raw\RGB2\S39\AC8\RGB2_SUB39ACT8F91.jpg,1,1,0.8678132891654968
621,39,9,1,D:\Skripsi\Experiment_TA\data\raw\RGB2\S39\AC9\RGB2_SUB39ACT9F1.jpg,1,1,0.6699448227882385
622,39,9,121,D:\Skripsi\Experiment_TA\data\raw\RGB2\S39\AC9\RGB2_SUB39ACT9F121.jpg,1,1,0.7860120534896851
623,39,9,31,D:\Skripsi\Experiment_TA\data\raw\RGB2\S39\AC9\RGB2_SUB39ACT9F31.jpg,1,1,0.847930371761322
624,39,9,61,D:\Skripsi\Experiment_TA\data\raw\RGB2\S39\AC9\RGB2_SUB39ACT9F61.jpg,1,1,0.7359532117843628
625,39,9,91,D:\Skripsi\Experiment_TA\data\raw\RGB2\S39\AC9\RGB2_SUB39ACT9F91.jpg,1,1,0.7104795575141907
626,40,1,1,D:\Skripsi\Experiment_TA\data\raw\RGB2\S40\AC1\RGB2_SUB40ACT1F1.jpg,0,0,0.38502272963523865
627,40,1,121,D:\Skripsi\Experiment_TA\data\raw\RGB2\S40\AC1\RGB2_SUB40ACT1F121.jpg,0,0,0.30156221985816956
628,40,1,31,D:\Skripsi\Experiment_TA\data\raw\RGB2\S40\AC1\RGB2_SUB40ACT1F31.jpg,0,0,0.3996380567550659
629,40,1,61,D:\Skripsi\Experiment_TA\data\raw\RGB2\S40\AC1\RGB2_SUB40ACT1F61.jpg,0,1,0.9207773208618164
630,40,1,91,D:\Skripsi\Experiment_TA\data\raw\RGB2\S40\AC1\RGB2_SUB40ACT1F91.jpg,0,0,0.2687121033668518
631,40,5,1,D:\Skripsi\Experiment_TA\data\raw\RGB2\S40\AC5\RGB2_SUB40ACT5F1.jpg,1,1,0.7552135586738586
632,40,5,31,D:\Skripsi\Experiment_TA\data\raw\RGB2\S40\AC5\RGB2_SUB40ACT5F31.jpg,1,1,0.9378672242164612
633,40,5,61,D:\Skripsi\Experiment_TA\data\raw\RGB2\S40\AC5\RGB2_SUB40ACT5F61.jpg,1,1,0.839961588382721
634,40,5,91,D:\Skripsi\Experiment_TA\data\raw\RGB2\S40\AC5\RGB2_SUB40ACT5F91.jpg,1,1,0.7455809712409973
635,40,6,1,D:\Skripsi\Experiment_TA\data\raw\RGB2\S40\AC6\RGB2_SUB40ACT6F1.jpg,1,1,0.7156368494033813
636,40,6,121,D:\Skripsi\Experiment_TA\data\raw\RGB2\S40\AC6\RGB2_SUB40ACT6F121.jpg,1,1,0.5786604285240173
637,40,6,31,D:\Skripsi\Experiment_TA\data\raw\RGB2\S40\AC6\RGB2_SUB40ACT6F31.jpg,1,1,0.791239321231842
638,40,6,61,D:\Skripsi\Experiment_TA\data\raw\RGB2\S40\AC6\RGB2_SUB40ACT6F61.jpg,1,1,0.610216498374939
639,40,6,91,D:\Skripsi\Experiment_TA\data\raw\RGB2\S40\AC6\RGB2_SUB40ACT6F91.jpg,1,1,0.8298859000205994
640,40,7,1,D:\Skripsi\Experiment_TA\data\raw\RGB2\S40\AC7\RGB2_SUB40ACT7F1.jpg,1,1,0.745442271232605
641,40,7,121,D:\Skripsi\Experiment_TA\data\raw\RGB2\S40\AC7\RGB2_SUB40ACT7F121.jpg,1,1,0.9597276449203491
642,40,7,151,D:\Skripsi\Experiment_TA\data\raw\RGB2\S40\AC7\RGB2_SUB40ACT7F151.jpg,1,1,0.9606400728225708
643,40,7,181,D:\Skripsi\Experiment_TA\data\raw\RGB2\S40\AC7\RGB2_SUB40ACT7F181.jpg,1,1,0.981605589389801
644,40,7,211,D:\Skripsi\Experiment_TA\data\raw\RGB2\S40\AC7\RGB2_SUB40ACT7F211.jpg,1,1,0.9494014978408813
645,40,7,31,D:\Skripsi\Experiment_TA\data\raw\RGB2\S40\AC7\RGB2_SUB40ACT7F31.jpg,1,1,0.8355072140693665
646,40,7,61,D:\Skripsi\Experiment_TA\data\raw\RGB2\S40\AC7\RGB2_SUB40ACT7F61.jpg,1,1,0.8668929934501648
647,40,7,91,D:\Skripsi\Experiment_TA\data\raw\RGB2\S40\AC7\RGB2_SUB40ACT7F91.jpg,1,1,0.9709930419921875
648,40,8,1,D:\Skripsi\Experiment_TA\data\raw\RGB2\S40\AC8\RGB2_SUB40ACT8F1.jpg,1,1,0.8463100790977478
649,40,8,121,D:\Skripsi\Experiment_TA\data\raw\RGB2\S40\AC8\RGB2_SUB40ACT8F121.jpg,1,1,0.8970898389816284
650,40,8,151,D:\Skripsi\Experiment_TA\data\raw\RGB2\S40\AC8\RGB2_SUB40ACT8F151.jpg,1,1,0.8653488755226135
651,40,8,181,D:\Skripsi\Experiment_TA\data\raw\RGB2\S40\AC8\RGB2_SUB40ACT8F181.jpg,1,1,0.8307661414146423
652,40,8,31,D:\Skripsi\Experiment_TA\data\raw\RGB2\S40\AC8\RGB2_SUB40ACT8F31.jpg,1,1,0.8203002214431763
653,40,8,61,D:\Skripsi\Experiment_TA\data\raw\RGB2\S40\AC8\RGB2_SUB40ACT8F61.jpg,1,1,0.8286349773406982
654,40,8,91,D:\Skripsi\Experiment_TA\data\raw\RGB2\S40\AC8\RGB2_SUB40ACT8F91.jpg,1,1,0.8276321291923523
655,40,9,1,D:\Skripsi\Experiment_TA\data\raw\RGB2\S40\AC9\RGB2_SUB40ACT9F1.jpg,1,1,0.8698946237564087
656,40,9,121,D:\Skripsi\Experiment_TA\data\raw\RGB2\S40\AC9\RGB2_SUB40ACT9F121.jpg,1,1,0.7560144662857056
657,40,9,31,D:\Skripsi\Experiment_TA\data\raw\RGB2\S40\AC9\RGB2_SUB40ACT9F31.jpg,1,1,0.6384187340736389
658,40,9,61,D:\Skripsi\Experiment_TA\data\raw\RGB2\S40\AC9\RGB2_SUB40ACT9F61.jpg,1,1,0.8174360394477844
659,40,9,91,D:\Skripsi\Experiment_TA\data\raw\RGB2\S40\AC9\RGB2_SUB40ACT9F91.jpg,1,1,0.8865614533424377
660,43,1,1,D:\Skripsi\Experiment_TA\data\raw\RGB2\S43\AC1\RGB2_SUB43ACT1F1.jpg,0,1,0.519027829170227
661,43,1,121,D:\Skripsi\Experiment_TA\data\raw\RGB2\S43\AC1\RGB2_SUB43ACT1F121.jpg,0,0,0.4398179054260254
662,43,1,151,D:\Skripsi\Experiment_TA\data\raw\RGB2\S43\AC1\RGB2_SUB43ACT1F151.jpg,0,1,0.6103715300559998
663,43,1,181,D:\Skripsi\Experiment_TA\data\raw\RGB2\S43\AC1\RGB2_SUB43ACT1F181.jpg,0,1,0.5273932814598083
664,43,1,31,D:\Skripsi\Experiment_TA\data\raw\RGB2\S43\AC1\RGB2_SUB43ACT1F31.jpg,0,0,0.4711156189441681
665,43,1,61,D:\Skripsi\Experiment_TA\data\raw\RGB2\S43\AC1\RGB2_SUB43ACT1F61.jpg,0,0,0.37632089853286743
666,43,1,91,D:\Skripsi\Experiment_TA\data\raw\RGB2\S43\AC1\RGB2_SUB43ACT1F91.jpg,0,1,0.5549949407577515
667,43,5,1,D:\Skripsi\Experiment_TA\data\raw\RGB2\S43\AC5\RGB2_SUB43ACT5F1.jpg,1,1,0.6586150527000427
668,43,5,121,D:\Skripsi\Experiment_TA\data\raw\RGB2\S43\AC5\RGB2_SUB43ACT5F121.jpg,1,1,0.5603137016296387
669,43,5,151,D:\Skripsi\Experiment_TA\data\raw\RGB2\S43\AC5\RGB2_SUB43ACT5F151.jpg,1,1,0.7274287939071655
670,43,5,181,D:\Skripsi\Experiment_TA\data\raw\RGB2\S43\AC5\RGB2_SUB43ACT5F181.jpg,1,1,0.8429358601570129
671,43,5,31,D:\Skripsi\Experiment_TA\data\raw\RGB2\S43\AC5\RGB2_SUB43ACT5F31.jpg,1,1,0.5902952551841736
672,43,5,61,D:\Skripsi\Experiment_TA\data\raw\RGB2\S43\AC5\RGB2_SUB43ACT5F61.jpg,1,1,0.6926392912864685
673,43,5,91,D:\Skripsi\Experiment_TA\data\raw\RGB2\S43\AC5\RGB2_SUB43ACT5F91.jpg,1,1,0.6734896898269653
674,43,6,1,D:\Skripsi\Experiment_TA\data\raw\RGB2\S43\AC6\RGB2_SUB43ACT6F1.jpg,1,1,0.7473499178886414
675,43,6,121,D:\Skripsi\Experiment_TA\data\raw\RGB2\S43\AC6\RGB2_SUB43ACT6F121.jpg,1,1,0.6090495586395264
676,43,6,151,D:\Skripsi\Experiment_TA\data\raw\RGB2\S43\AC6\RGB2_SUB43ACT6F151.jpg,1,1,0.6639288067817688
677,43,6,181,D:\Skripsi\Experiment_TA\data\raw\RGB2\S43\AC6\RGB2_SUB43ACT6F181.jpg,1,1,0.6983341574668884
678,43,6,31,D:\Skripsi\Experiment_TA\data\raw\RGB2\S43\AC6\RGB2_SUB43ACT6F31.jpg,1,1,0.6632052063941956
679,43,6,61,D:\Skripsi\Experiment_TA\data\raw\RGB2\S43\AC6\RGB2_SUB43ACT6F61.jpg,1,1,0.7368845343589783
680,43,6,91,D:\Skripsi\Experiment_TA\data\raw\RGB2\S43\AC6\RGB2_SUB43ACT6F91.jpg,1,1,0.6738309264183044
681,43,7,1,D:\Skripsi\Experiment_TA\data\raw\RGB2\S43\AC7\RGB2_SUB43ACT7F1.jpg,1,1,0.702843427658081
682,43,7,121,D:\Skripsi\Experiment_TA\data\raw\RGB2\S43\AC7\RGB2_SUB43ACT7F121.jpg,1,1,0.7916442155838013
683,43,7,151,D:\Skripsi\Experiment_TA\data\raw\RGB2\S43\AC7\RGB2_SUB43ACT7F151.jpg,1,1,0.718853235244751
684,43,7,181,D:\Skripsi\Experiment_TA\data\raw\RGB2\S43\AC7\RGB2_SUB43ACT7F181.jpg,1,1,0.5847175717353821
685,43,7,211,D:\Skripsi\Experiment_TA\data\raw\RGB2\S43\AC7\RGB2_SUB43ACT7F211.jpg,1,1,0.6619183421134949
686,43,7,31,D:\Skripsi\Experiment_TA\data\raw\RGB2\S43\AC7\RGB2_SUB43ACT7F31.jpg,1,1,0.7925187349319458
687,43,7,61,D:\Skripsi\Experiment_TA\data\raw\RGB2\S43\AC7\RGB2_SUB43ACT7F61.jpg,1,1,0.7164297103881836
688,43,7,91,D:\Skripsi\Experiment_TA\data\raw\RGB2\S43\AC7\RGB2_SUB43ACT7F91.jpg,1,1,0.6941470503807068
689,43,8,1,D:\Skripsi\Experiment_TA\data\raw\RGB2\S43\AC8\RGB2_SUB43ACT8F1.jpg,1,1,0.6292388439178467
690,43,8,121,D:\Skripsi\Experiment_TA\data\raw\RGB2\S43\AC8\RGB2_SUB43ACT8F121.jpg,1,0,0.4936811029911041
691,43,8,151,D:\Skripsi\Experiment_TA\data\raw\RGB2\S43\AC8\RGB2_SUB43ACT8F151.jpg,1,0,0.441010981798172
692,43,8,181,D:\Skripsi\Experiment_TA\data\raw\RGB2\S43\AC8\RGB2_SUB43ACT8F181.jpg,1,1,0.5655378103256226
693,43,8,211,D:\Skripsi\Experiment_TA\data\raw\RGB2\S43\AC8\RGB2_SUB43ACT8F211.jpg,1,1,0.57407146692276
694,43,8,241,D:\Skripsi\Experiment_TA\data\raw\RGB2\S43\AC8\RGB2_SUB43ACT8F241.jpg,1,1,0.5823732614517212
695,43,8,31,D:\Skripsi\Experiment_TA\data\raw\RGB2\S43\AC8\RGB2_SUB43ACT8F31.jpg,1,0,0.48952198028564453
696,43,8,61,D:\Skripsi\Experiment_TA\data\raw\RGB2\S43\AC8\RGB2_SUB43ACT8F61.jpg,1,1,0.5454968214035034
697,43,8,91,D:\Skripsi\Experiment_TA\data\raw\RGB2\S43\AC8\RGB2_SUB43ACT8F91.jpg,1,1,0.6456932425498962
698,43,9,1,D:\Skripsi\Experiment_TA\data\raw\RGB2\S43\AC9\RGB2_SUB43ACT9F1.jpg,1,1,0.5486024618148804
699,43,9,121,D:\Skripsi\Experiment_TA\data\raw\RGB2\S43\AC9\RGB2_SUB43ACT9F121.jpg,1,1,0.6288589239120483
700,43,9,151,D:\Skripsi\Experiment_TA\data\raw\RGB2\S43\AC9\RGB2_SUB43ACT9F151.jpg,1,1,0.7675241827964783
701,43,9,31,D:\Skripsi\Experiment_TA\data\raw\RGB2\S43\AC9\RGB2_SUB43ACT9F31.jpg,1,1,0.7733023762702942
702,43,9,61,D:\Skripsi\Experiment_TA\data\raw\RGB2\S43\AC9\RGB2_SUB43ACT9F61.jpg,1,1,0.8793644905090332
703,43,9,91,D:\Skripsi\Experiment_TA\data\raw\RGB2\S43\AC9\RGB2_SUB43ACT9F91.jpg,1,1,0.6328864693641663
704,44,1,1,D:\Skripsi\Experiment_TA\data\raw\RGB2\S44\AC1\RGB2_SUB44ACT1F1.jpg,0,0,0.4738670289516449
705,44,1,121,D:\Skripsi\Experiment_TA\data\raw\RGB2\S44\AC1\RGB2_SUB44ACT1F121.jpg,0,0,0.43254774808883667
706,44,1,151,D:\Skripsi\Experiment_TA\data\raw\RGB2\S44\AC1\RGB2_SUB44ACT1F151.jpg,0,0,0.2752401828765869
707,44,1,31,D:\Skripsi\Experiment_TA\data\raw\RGB2\S44\AC1\RGB2_SUB44ACT1F31.jpg,0,0,0.48958930373191833
708,44,1,61,D:\Skripsi\Experiment_TA\data\raw\RGB2\S44\AC1\RGB2_SUB44ACT1F61.jpg,0,0,0.4846060574054718
709,44,1,91,D:\Skripsi\Experiment_TA\data\raw\RGB2\S44\AC1\RGB2_SUB44ACT1F91.jpg,0,0,0.24254243075847626
710,44,5,1,D:\Skripsi\Experiment_TA\data\raw\RGB2\S44\AC5\RGB2_SUB44ACT5F1.jpg,1,1,0.5998022556304932
711,44,5,121,D:\Skripsi\Experiment_TA\data\raw\RGB2\S44\AC5\RGB2_SUB44ACT5F121.jpg,1,1,0.5754410624504089
712,44,5,31,D:\Skripsi\Experiment_TA\data\raw\RGB2\S44\AC5\RGB2_SUB44ACT5F31.jpg,1,1,0.6253325343132019
713,44,5,61,D:\Skripsi\Experiment_TA\data\raw\RGB2\S44\AC5\RGB2_SUB44ACT5F61.jpg,1,1,0.6307424902915955
714,44,5,91,D:\Skripsi\Experiment_TA\data\raw\RGB2\S44\AC5\RGB2_SUB44ACT5F91.jpg,1,1,0.598674476146698
715,44,6,1,D:\Skripsi\Experiment_TA\data\raw\RGB2\S44\AC6\RGB2_SUB44ACT6F1.jpg,1,1,0.7056158781051636
716,44,6,121,D:\Skripsi\Experiment_TA\data\raw\RGB2\S44\AC6\RGB2_SUB44ACT6F121.jpg,1,1,0.5569936037063599
717,44,6,31,D:\Skripsi\Experiment_TA\data\raw\RGB2\S44\AC6\RGB2_SUB44ACT6F31.jpg,1,1,0.538680374622345
718,44,6,61,D:\Skripsi\Experiment_TA\data\raw\RGB2\S44\AC6\RGB2_SUB44ACT6F61.jpg,1,0,0.439696341753006
719,44,6,91,D:\Skripsi\Experiment_TA\data\raw\RGB2\S44\AC6\RGB2_SUB44ACT6F91.jpg,1,0,0.3941202163696289
720,44,7,1,D:\Skripsi\Experiment_TA\data\raw\RGB2\S44\AC7\RGB2_SUB44ACT7F1.jpg,1,1,0.9221428632736206
721,44,7,121,D:\Skripsi\Experiment_TA\data\raw\RGB2\S44\AC7\RGB2_SUB44ACT7F121.jpg,1,1,0.8049895763397217
722,44,7,151,D:\Skripsi\Experiment_TA\data\raw\RGB2\S44\AC7\RGB2_SUB44ACT7F151.jpg,1,1,0.8324986696243286
723,44,7,31,D:\Skripsi\Experiment_TA\data\raw\RGB2\S44\AC7\RGB2_SUB44ACT7F31.jpg,1,1,0.924219012260437
724,44,7,61,D:\Skripsi\Experiment_TA\data\raw\RGB2\S44\AC7\RGB2_SUB44ACT7F61.jpg,1,1,0.6860820055007935
725,44,7,91,D:\Skripsi\Experiment_TA\data\raw\RGB2\S44\AC7\RGB2_SUB44ACT7F91.jpg,1,1,0.8079673051834106
726,44,8,1,D:\Skripsi\Experiment_TA\data\raw\RGB2\S44\AC8\RGB2_SUB44ACT8F1.jpg,1,1,0.8762689828872681
727,44,8,121,D:\Skripsi\Experiment_TA\data\raw\RGB2\S44\AC8\RGB2_SUB44ACT8F121.jpg,1,1,0.8631372451782227
728,44,8,151,D:\Skripsi\Experiment_TA\data\raw\RGB2\S44\AC8\RGB2_SUB44ACT8F151.jpg,1,1,0.8781741261482239
729,44,8,181,D:\Skripsi\Experiment_TA\data\raw\RGB2\S44\AC8\RGB2_SUB44ACT8F181.jpg,1,1,0.8537423610687256
730,44,8,31,D:\Skripsi\Experiment_TA\data\raw\RGB2\S44\AC8\RGB2_SUB44ACT8F31.jpg,1,1,0.6400724649429321
731,44,8,61,D:\Skripsi\Experiment_TA\data\raw\RGB2\S44\AC8\RGB2_SUB44ACT8F61.jpg,1,1,0.8592837452888489
732,44,8,91,D:\Skripsi\Experiment_TA\data\raw\RGB2\S44\AC8\RGB2_SUB44ACT8F91.jpg,1,1,0.7232041954994202
733,44,9,1,D:\Skripsi\Experiment_TA\data\raw\RGB2\S44\AC9\RGB2_SUB44ACT9F1.jpg,1,1,0.7549927830696106
734,44,9,121,D:\Skripsi\Experiment_TA\data\raw\RGB2\S44\AC9\RGB2_SUB44ACT9F121.jpg,1,1,0.7778429388999939
735,44,9,151,D:\Skripsi\Experiment_TA\data\raw\RGB2\S44\AC9\RGB2_SUB44ACT9F151.jpg,1,1,0.6085736155509949
736,44,9,181,D:\Skripsi\Experiment_TA\data\raw\RGB2\S44\AC9\RGB2_SUB44ACT9F181.jpg,1,1,0.5462837219238281
737,44,9,31,D:\Skripsi\Experiment_TA\data\raw\RGB2\S44\AC9\RGB2_SUB44ACT9F31.jpg,1,1,0.821959912776947
738,44,9,61,D:\Skripsi\Experiment_TA\data\raw\RGB2\S44\AC9\RGB2_SUB44ACT9F61.jpg,1,1,0.6138748526573181
739,44,9,91,D:\Skripsi\Experiment_TA\data\raw\RGB2\S44\AC9\RGB2_SUB44ACT9F91.jpg,1,1,0.6187827587127686
740,45,1,1,D:\Skripsi\Experiment_TA\data\raw\RGB2\S45\AC1\RGB2_SUB45ACT1F1.jpg,0,1,0.7304295301437378
741,45,1,121,D:\Skripsi\Experiment_TA\data\raw\RGB2\S45\AC1\RGB2_SUB45ACT1F121.jpg,0,0,0.3095463216304779
742,45,1,151,D:\Skripsi\Experiment_TA\data\raw\RGB2\S45\AC1\RGB2_SUB45ACT1F151.jpg,0,0,0.42374858260154724
743,45,1,31,D:\Skripsi\Experiment_TA\data\raw\RGB2\S45\AC1\RGB2_SUB45ACT1F31.jpg,0,1,0.6188601851463318
744,45,1,61,D:\Skripsi\Experiment_TA\data\raw\RGB2\S45\AC1\RGB2_SUB45ACT1F61.jpg,0,1,0.6068587303161621
745,45,1,91,D:\Skripsi\Experiment_TA\data\raw\RGB2\S45\AC1\RGB2_SUB45ACT1F91.jpg,0,0,0.2673461139202118
746,45,5,1,D:\Skripsi\Experiment_TA\data\raw\RGB2\S45\AC5\RGB2_SUB45ACT5F1.jpg,1,1,0.7471123933792114
747,45,5,31,D:\Skripsi\Experiment_TA\data\raw\RGB2\S45\AC5\RGB2_SUB45ACT5F31.jpg,1,1,0.7151583433151245
748,45,5,61,D:\Skripsi\Experiment_TA\data\raw\RGB2\S45\AC5\RGB2_SUB45ACT5F61.jpg,1,1,0.7110645174980164
749,45,5,91,D:\Skripsi\Experiment_TA\data\raw\RGB2\S45\AC5\RGB2_SUB45ACT5F91.jpg,1,1,0.7545740008354187
750,45,6,1,D:\Skripsi\Experiment_TA\data\raw\RGB2\S45\AC6\RGB2_SUB45ACT6F1.jpg,1,0,0.39584222435951233
751,45,6,121,D:\Skripsi\Experiment_TA\data\raw\RGB2\S45\AC6\RGB2_SUB45ACT6F121.jpg,1,1,0.7021731734275818
752,45,6,151,D:\Skripsi\Experiment_TA\data\raw\RGB2\S45\AC6\RGB2_SUB45ACT6F151.jpg,1,1,0.7270748615264893
753,45,6,31,D:\Skripsi\Experiment_TA\data\raw\RGB2\S45\AC6\RGB2_SUB45ACT6F31.jpg,1,1,0.6861353516578674
754,45,6,61,D:\Skripsi\Experiment_TA\data\raw\RGB2\S45\AC6\RGB2_SUB45ACT6F61.jpg,1,1,0.8100352883338928
755,45,6,91,D:\Skripsi\Experiment_TA\data\raw\RGB2\S45\AC6\RGB2_SUB45ACT6F91.jpg,1,1,0.5942152142524719
756,45,7,1,D:\Skripsi\Experiment_TA\data\raw\RGB2\S45\AC7\RGB2_SUB45ACT7F1.jpg,1,1,0.8808833360671997
757,45,7,121,D:\Skripsi\Experiment_TA\data\raw\RGB2\S45\AC7\RGB2_SUB45ACT7F121.jpg,1,1,0.8894634246826172
758,45,7,151,D:\Skripsi\Experiment_TA\data\raw\RGB2\S45\AC7\RGB2_SUB45ACT7F151.jpg,1,1,0.9112993478775024
759,45,7,181,D:\Skripsi\Experiment_TA\data\raw\RGB2\S45\AC7\RGB2_SUB45ACT7F181.jpg,1,1,0.9140051603317261
760,45,7,31,D:\Skripsi\Experiment_TA\data\raw\RGB2\S45\AC7\RGB2_SUB45ACT7F31.jpg,1,1,0.8901629447937012
761,45,7,61,D:\Skripsi\Experiment_TA\data\raw\RGB2\S45\AC7\RGB2_SUB45ACT7F61.jpg,1,1,0.8424120545387268
762,45,7,91,D:\Skripsi\Experiment_TA\data\raw\RGB2\S45\AC7\RGB2_SUB45ACT7F91.jpg,1,1,0.8949369192123413
763,45,8,1,D:\Skripsi\Experiment_TA\data\raw\RGB2\S45\AC8\RGB2_SUB45ACT8F1.jpg,1,1,0.917924165725708
764,45,8,121,D:\Skripsi\Experiment_TA\data\raw\RGB2\S45\AC8\RGB2_SUB45ACT8F121.jpg,1,1,0.786000669002533
765,45,8,151,D:\Skripsi\Experiment_TA\data\raw\RGB2\S45\AC8\RGB2_SUB45ACT8F151.jpg,1,1,0.8222123384475708
766,45,8,181,D:\Skripsi\Experiment_TA\data\raw\RGB2\S45\AC8\RGB2_SUB45ACT8F181.jpg,1,1,0.7846481800079346
767,45,8,211,D:\Skripsi\Experiment_TA\data\raw\RGB2\S45\AC8\RGB2_SUB45ACT8F211.jpg,1,1,0.7278914451599121
768,45,8,31,D:\Skripsi\Experiment_TA\data\raw\RGB2\S45\AC8\RGB2_SUB45ACT8F31.jpg,1,1,0.8136451840400696
769,45,8,61,D:\Skripsi\Experiment_TA\data\raw\RGB2\S45\AC8\RGB2_SUB45ACT8F61.jpg,1,1,0.8252350687980652
770,45,8,91,D:\Skripsi\Experiment_TA\data\raw\RGB2\S45\AC8\RGB2_SUB45ACT8F91.jpg,1,1,0.8128010034561157
771,45,9,1,D:\Skripsi\Experiment_TA\data\raw\RGB2\S45\AC9\RGB2_SUB45ACT9F1.jpg,1,1,0.7561195492744446
772,45,9,121,D:\Skripsi\Experiment_TA\data\raw\RGB2\S45\AC9\RGB2_SUB45ACT9F121.jpg,1,1,0.7433364391326904
773,45,9,151,D:\Skripsi\Experiment_TA\data\raw\RGB2\S45\AC9\RGB2_SUB45ACT9F151.jpg,1,1,0.7950343489646912
774,45,9,181,D:\Skripsi\Experiment_TA\data\raw\RGB2\S45\AC9\RGB2_SUB45ACT9F181.jpg,1,1,0.8806601762771606
775,45,9,211,D:\Skripsi\Experiment_TA\data\raw\RGB2\S45\AC9\RGB2_SUB45ACT9F211.jpg,1,1,0.8034970760345459
776,45,9,31,D:\Skripsi\Experiment_TA\data\raw\RGB2\S45\AC9\RGB2_SUB45ACT9F31.jpg,1,1,0.6956039667129517
777,45,9,61,D:\Skripsi\Experiment_TA\data\raw\RGB2\S45\AC9\RGB2_SUB45ACT9F61.jpg,1,1,0.5811411142349243
778,45,9,91,D:\Skripsi\Experiment_TA\data\raw\RGB2\S45\AC9\RGB2_SUB45ACT9F91.jpg,1,1,0.7623605728149414
779,46,1,1,D:\Skripsi\Experiment_TA\data\raw\RGB2\S46\AC1\RGB2_SUB46ACT1F1.jpg,0,1,0.7148979306221008
780,46,1,121,D:\Skripsi\Experiment_TA\data\raw\RGB2\S46\AC1\RGB2_SUB46ACT1F121.jpg,0,1,0.5922486186027527
781,46,1,151,D:\Skripsi\Experiment_TA\data\raw\RGB2\S46\AC1\RGB2_SUB46ACT1F151.jpg,0,1,0.6908974051475525
782,46,1,181,D:\Skripsi\Experiment_TA\data\raw\RGB2\S46\AC1\RGB2_SUB46ACT1F181.jpg,0,0,0.4568827748298645
783,46,1,211,D:\Skripsi\Experiment_TA\data\raw\RGB2\S46\AC1\RGB2_SUB46ACT1F211.jpg,0,1,0.7777794599533081
784,46,1,241,D:\Skripsi\Experiment_TA\data\raw\RGB2\S46\AC1\RGB2_SUB46ACT1F241.jpg,0,1,0.6827437877655029
785,46,1,31,D:\Skripsi\Experiment_TA\data\raw\RGB2\S46\AC1\RGB2_SUB46ACT1F31.jpg,0,1,0.672299325466156
786,46,1,61,D:\Skripsi\Experiment_TA\data\raw\RGB2\S46\AC1\RGB2_SUB46ACT1F61.jpg,0,1,0.6837383508682251
787,46,1,91,D:\Skripsi\Experiment_TA\data\raw\RGB2\S46\AC1\RGB2_SUB46ACT1F91.jpg,0,1,0.5753734111785889
788,46,5,1,D:\Skripsi\Experiment_TA\data\raw\RGB2\S46\AC5\RGB2_SUB46ACT5F1.jpg,1,1,0.603108286857605
789,46,5,121,D:\Skripsi\Experiment_TA\data\raw\RGB2\S46\AC5\RGB2_SUB46ACT5F121.jpg,1,1,0.7054715752601624
790,46,5,31,D:\Skripsi\Experiment_TA\data\raw\RGB2\S46\AC5\RGB2_SUB46ACT5F31.jpg,1,1,0.735506534576416
791,46,5,61,D:\Skripsi\Experiment_TA\data\raw\RGB2\S46\AC5\RGB2_SUB46ACT5F61.jpg,1,0,0.43476781249046326
792,46,5,91,D:\Skripsi\Experiment_TA\data\raw\RGB2\S46\AC5\RGB2_SUB46ACT5F91.jpg,1,1,0.7421163320541382
793,46,6,1,D:\Skripsi\Experiment_TA\data\raw\RGB2\S46\AC6\RGB2_SUB46ACT6F1.jpg,1,1,0.7457410097122192
794,46,6,121,D:\Skripsi\Experiment_TA\data\raw\RGB2\S46\AC6\RGB2_SUB46ACT6F121.jpg,1,1,0.6471437215805054
795,46,6,31,D:\Skripsi\Experiment_TA\data\raw\RGB2\S46\AC6\RGB2_SUB46ACT6F31.jpg,1,1,0.7270895838737488
796,46,6,61,D:\Skripsi\Experiment_TA\data\raw\RGB2\S46\AC6\RGB2_SUB46ACT6F61.jpg,1,1,0.8054640293121338
797,46,6,91,D:\Skripsi\Experiment_TA\data\raw\RGB2\S46\AC6\RGB2_SUB46ACT6F91.jpg,1,1,0.6248204112052917
798,46,7,1,D:\Skripsi\Experiment_TA\data\raw\RGB2\S46\AC7\RGB2_SUB46ACT7F1.jpg,1,1,0.6659393906593323
799,46,7,121,D:\Skripsi\Experiment_TA\data\raw\RGB2\S46\AC7\RGB2_SUB46ACT7F121.jpg,1,1,0.8004981875419617
800,46,7,31,D:\Skripsi\Experiment_TA\data\raw\RGB2\S46\AC7\RGB2_SUB46ACT7F31.jpg,1,1,0.6950742602348328
801,46,7,61,D:\Skripsi\Experiment_TA\data\raw\RGB2\S46\AC7\RGB2_SUB46ACT7F61.jpg,1,1,0.729526162147522
802,46,7,91,D:\Skripsi\Experiment_TA\data\raw\RGB2\S46\AC7\RGB2_SUB46ACT7F91.jpg,1,1,0.7732155919075012
803,46,8,1,D:\Skripsi\Experiment_TA\data\raw\RGB2\S46\AC8\RGB2_SUB46ACT8F1.jpg,1,1,0.9185665845870972
804,46,8,121,D:\Skripsi\Experiment_TA\data\raw\RGB2\S46\AC8\RGB2_SUB46ACT8F121.jpg,1,1,0.7860839366912842
805,46,8,151,D:\Skripsi\Experiment_TA\data\raw\RGB2\S46\AC8\RGB2_SUB46ACT8F151.jpg,1,1,0.8188729286193848
806,46,8,31,D:\Skripsi\Experiment_TA\data\raw\RGB2\S46\AC8\RGB2_SUB46ACT8F31.jpg,1,1,0.8415887355804443
807,46,8,61,D:\Skripsi\Experiment_TA\data\raw\RGB2\S46\AC8\RGB2_SUB46ACT8F61.jpg,1,1,0.850830614566803
808,46,8,91,D:\Skripsi\Experiment_TA\data\raw\RGB2\S46\AC8\RGB2_SUB46ACT8F91.jpg,1,1,0.7312020659446716
809,46,9,1,D:\Skripsi\Experiment_TA\data\raw\RGB2\S46\AC9\RGB2_SUB46ACT9F1.jpg,1,1,0.934621274471283
810,46,9,31,D:\Skripsi\Experiment_TA\data\raw\RGB2\S46\AC9\RGB2_SUB46ACT9F31.jpg,1,1,0.8549777269363403
811,46,9,61,D:\Skripsi\Experiment_TA\data\raw\RGB2\S46\AC9\RGB2_SUB46ACT9F61.jpg,1,1,0.7730194926261902
812,47,1,1,D:\Skripsi\Experiment_TA\data\raw\RGB2\S47\AC1\RGB2_SUB47ACT1F1.jpg,0,0,0.2946290075778961
813,47,1,121,D:\Skripsi\Experiment_TA\data\raw\RGB2\S47\AC1\RGB2_SUB47ACT1F121.jpg,0,1,0.5457683801651001
814,47,1,151,D:\Skripsi\Experiment_TA\data\raw\RGB2\S47\AC1\RGB2_SUB47ACT1F151.jpg,0,0,0.2881297767162323
815,47,1,181,D:\Skripsi\Experiment_TA\data\raw\RGB2\S47\AC1\RGB2_SUB47ACT1F181.jpg,0,1,0.5334330201148987
816,47,1,31,D:\Skripsi\Experiment_TA\data\raw\RGB2\S47\AC1\RGB2_SUB47ACT1F31.jpg,0,1,0.5023796558380127
817,47,1,61,D:\Skripsi\Experiment_TA\data\raw\RGB2\S47\AC1\RGB2_SUB47ACT1F61.jpg,0,1,0.6103474497795105
818,47,1,91,D:\Skripsi\Experiment_TA\data\raw\RGB2\S47\AC1\RGB2_SUB47ACT1F91.jpg,0,1,0.6291502118110657
819,47,5,1,D:\Skripsi\Experiment_TA\data\raw\RGB2\S47\AC5\RGB2_SUB47ACT5F1.jpg,1,1,0.6990103721618652
820,47,5,31,D:\Skripsi\Experiment_TA\data\raw\RGB2\S47\AC5\RGB2_SUB47ACT5F31.jpg,1,1,0.6115356087684631
821,47,5,61,D:\Skripsi\Experiment_TA\data\raw\RGB2\S47\AC5\RGB2_SUB47ACT5F61.jpg,1,1,0.5827677845954895
822,47,5,91,D:\Skripsi\Experiment_TA\data\raw\RGB2\S47\AC5\RGB2_SUB47ACT5F91.jpg,1,1,0.6727601885795593
823,47,6,1,D:\Skripsi\Experiment_TA\data\raw\RGB2\S47\AC6\RGB2_SUB47ACT6F1.jpg,1,1,0.7017951607704163
824,47,6,31,D:\Skripsi\Experiment_TA\data\raw\RGB2\S47\AC6\RGB2_SUB47ACT6F31.jpg,1,1,0.6126384735107422
825,47,6,61,D:\Skripsi\Experiment_TA\data\raw\RGB2\S47\AC6\RGB2_SUB47ACT6F61.jpg,1,1,0.6257258057594299
826,47,6,91,D:\Skripsi\Experiment_TA\data\raw\RGB2\S47\AC6\RGB2_SUB47ACT6F91.jpg,1,1,0.6566817760467529
827,47,7,1,D:\Skripsi\Experiment_TA\data\raw\RGB2\S47\AC7\RGB2_SUB47ACT7F1.jpg,1,1,0.7677968144416809
828,47,7,121,D:\Skripsi\Experiment_TA\data\raw\RGB2\S47\AC7\RGB2_SUB47ACT7F121.jpg,1,1,0.7822373509407043
829,47,7,151,D:\Skripsi\Experiment_TA\data\raw\RGB2\S47\AC7\RGB2_SUB47ACT7F151.jpg,1,1,0.8334020376205444
830,47,7,31,D:\Skripsi\Experiment_TA\data\raw\RGB2\S47\AC7\RGB2_SUB47ACT7F31.jpg,1,1,0.927083432674408
831,47,7,61,D:\Skripsi\Experiment_TA\data\raw\RGB2\S47\AC7\RGB2_SUB47ACT7F61.jpg,1,1,0.9219433069229126
832,47,7,91,D:\Skripsi\Experiment_TA\data\raw\RGB2\S47\AC7\RGB2_SUB47ACT7F91.jpg,1,1,0.9012832045555115
833,47,8,1,D:\Skripsi\Experiment_TA\data\raw\RGB2\S47\AC8\RGB2_SUB47ACT8F1.jpg,1,1,0.5786331295967102
834,47,8,121,D:\Skripsi\Experiment_TA\data\raw\RGB2\S47\AC8\RGB2_SUB47ACT8F121.jpg,1,0,0.4656394124031067
835,47,8,151,D:\Skripsi\Experiment_TA\data\raw\RGB2\S47\AC8\RGB2_SUB47ACT8F151.jpg,1,1,0.5464247465133667
836,47,8,31,D:\Skripsi\Experiment_TA\data\raw\RGB2\S47\AC8\RGB2_SUB47ACT8F31.jpg,1,1,0.7060121893882751
837,47,8,61,D:\Skripsi\Experiment_TA\data\raw\RGB2\S47\AC8\RGB2_SUB47ACT8F61.jpg,1,1,0.508378803730011
838,47,8,91,D:\Skripsi\Experiment_TA\data\raw\RGB2\S47\AC8\RGB2_SUB47ACT8F91.jpg,1,1,0.6456317901611328
839,47,9,1,D:\Skripsi\Experiment_TA\data\raw\RGB2\S47\AC9\RGB2_SUB47ACT9F1.jpg,1,1,0.8907620310783386
840,47,9,121,D:\Skripsi\Experiment_TA\data\raw\RGB2\S47\AC9\RGB2_SUB47ACT9F121.jpg,1,1,0.8166595697402954
841,47,9,151,D:\Skripsi\Experiment_TA\data\raw\RGB2\S47\AC9\RGB2_SUB47ACT9F151.jpg,1,1,0.7647015452384949
842,47,9,31,D:\Skripsi\Experiment_TA\data\raw\RGB2\S47\AC9\RGB2_SUB47ACT9F31.jpg,1,0,0.44853654503822327
843,47,9,61,D:\Skripsi\Experiment_TA\data\raw\RGB2\S47\AC9\RGB2_SUB47ACT9F61.jpg,1,1,0.608643651008606
844,47,9,91,D:\Skripsi\Experiment_TA\data\raw\RGB2\S47\AC9\RGB2_SUB47ACT9F91.jpg,1,1,0.595724880695343
845,48,1,1,D:\Skripsi\Experiment_TA\data\raw\RGB2\S48\AC1\RGB2_SUB48ACT1F1.jpg,0,1,0.6259422898292542
846,48,1,121,D:\Skripsi\Experiment_TA\data\raw\RGB2\S48\AC1\RGB2_SUB48ACT1F121.jpg,0,0,0.41779884696006775
847,48,1,31,D:\Skripsi\Experiment_TA\data\raw\RGB2\S48\AC1\RGB2_SUB48ACT1F31.jpg,0,1,0.5685505270957947
848,48,1,61,D:\Skripsi\Experiment_TA\data\raw\RGB2\S48\AC1\RGB2_SUB48ACT1F61.jpg,0,1,0.795287013053894
849,48,1,91,D:\Skripsi\Experiment_TA\data\raw\RGB2\S48\AC1\RGB2_SUB48ACT1F91.jpg,0,1,0.898833692073822
850,48,5,1,D:\Skripsi\Experiment_TA\data\raw\RGB2\S48\AC5\RGB2_SUB48ACT5F1.jpg,1,1,0.818408191204071
851,48,5,121,D:\Skripsi\Experiment_TA\data\raw\RGB2\S48\AC5\RGB2_SUB48ACT5F121.jpg,1,1,0.8647045493125916
852,48,5,31,D:\Skripsi\Experiment_TA\data\raw\RGB2\S48\AC5\RGB2_SUB48ACT5F31.jpg,1,1,0.740721583366394
853,48,5,61,D:\Skripsi\Experiment_TA\data\raw\RGB2\S48\AC5\RGB2_SUB48ACT5F61.jpg,1,1,0.7066234350204468
854,48,5,91,D:\Skripsi\Experiment_TA\data\raw\RGB2\S48\AC5\RGB2_SUB48ACT5F91.jpg,1,1,0.769049882888794
855,48,6,1,D:\Skripsi\Experiment_TA\data\raw\RGB2\S48\AC6\RGB2_SUB48ACT6F1.jpg,1,0,0.4577140808105469
856,48,6,31,D:\Skripsi\Experiment_TA\data\raw\RGB2\S48\AC6\RGB2_SUB48ACT6F31.jpg,1,1,0.6464976072311401
857,48,6,61,D:\Skripsi\Experiment_TA\data\raw\RGB2\S48\AC6\RGB2_SUB48ACT6F61.jpg,1,1,0.7557267546653748
858,48,6,91,D:\Skripsi\Experiment_TA\data\raw\RGB2\S48\AC6\RGB2_SUB48ACT6F91.jpg,1,1,0.7864919900894165
859,48,7,1,D:\Skripsi\Experiment_TA\data\raw\RGB2\S48\AC7\RGB2_SUB48ACT7F1.jpg,1,1,0.8010801076889038
860,48,7,121,D:\Skripsi\Experiment_TA\data\raw\RGB2\S48\AC7\RGB2_SUB48ACT7F121.jpg,1,1,0.7745358943939209
861,48,7,151,D:\Skripsi\Experiment_TA\data\raw\RGB2\S48\AC7\RGB2_SUB48ACT7F151.jpg,1,1,0.6934290528297424
862,48,7,181,D:\Skripsi\Experiment_TA\data\raw\RGB2\S48\AC7\RGB2_SUB48ACT7F181.jpg,1,1,0.8307858109474182
863,48,7,31,D:\Skripsi\Experiment_TA\data\raw\RGB2\S48\AC7\RGB2_SUB48ACT7F31.jpg,1,1,0.8213054537773132
864,48,7,61,D:\Skripsi\Experiment_TA\data\raw\RGB2\S48\AC7\RGB2_SUB48ACT7F61.jpg,1,1,0.679778516292572
865,48,7,91,D:\Skripsi\Experiment_TA\data\raw\RGB2\S48\AC7\RGB2_SUB48ACT7F91.jpg,1,1,0.725609302520752
866,48,8,1,D:\Skripsi\Experiment_TA\data\raw\RGB2\S48\AC8\RGB2_SUB48ACT8F1.jpg,1,1,0.8082733154296875
867,48,8,121,D:\Skripsi\Experiment_TA\data\raw\RGB2\S48\AC8\RGB2_SUB48ACT8F121.jpg,1,1,0.8498657941818237
868,48,8,151,D:\Skripsi\Experiment_TA\data\raw\RGB2\S48\AC8\RGB2_SUB48ACT8F151.jpg,1,1,0.7468346953392029
869,48,8,181,D:\Skripsi\Experiment_TA\data\raw\RGB2\S48\AC8\RGB2_SUB48ACT8F181.jpg,1,1,0.8729071617126465
870,48,8,31,D:\Skripsi\Experiment_TA\data\raw\RGB2\S48\AC8\RGB2_SUB48ACT8F31.jpg,1,1,0.7354521155357361
871,48,8,61,D:\Skripsi\Experiment_TA\data\raw\RGB2\S48\AC8\RGB2_SUB48ACT8F61.jpg,1,1,0.7262884378433228
872,48,8,91,D:\Skripsi\Experiment_TA\data\raw\RGB2\S48\AC8\RGB2_SUB48ACT8F91.jpg,1,1,0.7235749959945679
873,48,9,1,D:\Skripsi\Experiment_TA\data\raw\RGB2\S48\AC9\RGB2_SUB48ACT9F1.jpg,1,1,0.7964329719543457
874,48,9,121,D:\Skripsi\Experiment_TA\data\raw\RGB2\S48\AC9\RGB2_SUB48ACT9F121.jpg,1,1,0.8442419767379761
875,48,9,151,D:\Skripsi\Experiment_TA\data\raw\RGB2\S48\AC9\RGB2_SUB48ACT9F151.jpg,1,1,0.7590680122375488
876,48,9,31,D:\Skripsi\Experiment_TA\data\raw\RGB2\S48\AC9\RGB2_SUB48ACT9F31.jpg,1,1,0.8056671023368835
877,48,9,61,D:\Skripsi\Experiment_TA\data\raw\RGB2\S48\AC9\RGB2_SUB48ACT9F61.jpg,1,1,0.7780382633209229
878,48,9,91,D:\Skripsi\Experiment_TA\data\raw\RGB2\S48\AC9\RGB2_SUB48ACT9F91.jpg,1,1,0.9180903434753418
879,49,1,1,D:\Skripsi\Experiment_TA\data\raw\RGB2\S49\AC1\RGB2_SUB49ACT1F1.jpg,0,1,0.6107293367385864
880,49,1,121,D:\Skripsi\Experiment_TA\data\raw\RGB2\S49\AC1\RGB2_SUB49ACT1F121.jpg,0,0,0.4523942172527313
881,49,1,151,D:\Skripsi\Experiment_TA\data\raw\RGB2\S49\AC1\RGB2_SUB49ACT1F151.jpg,0,1,0.5071914792060852
882,49,1,31,D:\Skripsi\Experiment_TA\data\raw\RGB2\S49\AC1\RGB2_SUB49ACT1F31.jpg,0,1,0.6128590106964111
883,49,1,61,D:\Skripsi\Experiment_TA\data\raw\RGB2\S49\AC1\RGB2_SUB49ACT1F61.jpg,0,1,0.6050934195518494
884,49,1,91,D:\Skripsi\Experiment_TA\data\raw\RGB2\S49\AC1\RGB2_SUB49ACT1F91.jpg,0,1,0.663419246673584
885,49,5,1,D:\Skripsi\Experiment_TA\data\raw\RGB2\S49\AC5\RGB2_SUB49ACT5F1.jpg,1,1,0.7194238901138306
886,49,5,121,D:\Skripsi\Experiment_TA\data\raw\RGB2\S49\AC5\RGB2_SUB49ACT5F121.jpg,1,1,0.6886724233627319
887,49,5,151,D:\Skripsi\Experiment_TA\data\raw\RGB2\S49\AC5\RGB2_SUB49ACT5F151.jpg,1,1,0.7795306444168091
888,49,5,31,D:\Skripsi\Experiment_TA\data\raw\RGB2\S49\AC5\RGB2_SUB49ACT5F31.jpg,1,1,0.7376265525817871
889,49,5,61,D:\Skripsi\Experiment_TA\data\raw\RGB2\S49\AC5\RGB2_SUB49ACT5F61.jpg,1,1,0.763867974281311
890,49,5,91,D:\Skripsi\Experiment_TA\data\raw\RGB2\S49\AC5\RGB2_SUB49ACT5F91.jpg,1,1,0.7154349684715271
891,49,6,1,D:\Skripsi\Experiment_TA\data\raw\RGB2\S49\AC6\RGB2_SUB49ACT6F1.jpg,1,1,0.5019992589950562
892,49,6,121,D:\Skripsi\Experiment_TA\data\raw\RGB2\S49\AC6\RGB2_SUB49ACT6F121.jpg,1,1,0.8239349722862244
893,49,6,151,D:\Skripsi\Experiment_TA\data\raw\RGB2\S49\AC6\RGB2_SUB49ACT6F151.jpg,1,1,0.8094112873077393
894,49,6,181,D:\Skripsi\Experiment_TA\data\raw\RGB2\S49\AC6\RGB2_SUB49ACT6F181.jpg,1,1,0.7120960354804993
895,49,6,31,D:\Skripsi\Experiment_TA\data\raw\RGB2\S49\AC6\RGB2_SUB49ACT6F31.jpg,1,1,0.6797370910644531
896,49,6,61,D:\Skripsi\Experiment_TA\data\raw\RGB2\S49\AC6\RGB2_SUB49ACT6F61.jpg,1,1,0.7141847610473633
897,49,6,91,D:\Skripsi\Experiment_TA\data\raw\RGB2\S49\AC6\RGB2_SUB49ACT6F91.jpg,1,1,0.7154608368873596
898,49,7,1,D:\Skripsi\Experiment_TA\data\raw\RGB2\S49\AC7\RGB2_SUB49ACT7F1.jpg,1,1,0.7186950445175171
899,49,7,121,D:\Skripsi\Experiment_TA\data\raw\RGB2\S49\AC7\RGB2_SUB49ACT7F121.jpg,1,1,0.772296130657196
900,49,7,31,D:\Skripsi\Experiment_TA\data\raw\RGB2\S49\AC7\RGB2_SUB49ACT7F31.jpg,1,1,0.762880265712738
901,49,7,61,D:\Skripsi\Experiment_TA\data\raw\RGB2\S49\AC7\RGB2_SUB49ACT7F61.jpg,1,1,0.7724441885948181
902,49,7,91,D:\Skripsi\Experiment_TA\data\raw\RGB2\S49\AC7\RGB2_SUB49ACT7F91.jpg,1,1,0.7668684124946594
903,49,8,1,D:\Skripsi\Experiment_TA\data\raw\RGB2\S49\AC8\RGB2_SUB49ACT8F1.jpg,1,1,0.7423524856567383
904,49,8,121,D:\Skripsi\Experiment_TA\data\raw\RGB2\S49\AC8\RGB2_SUB49ACT8F121.jpg,1,1,0.5978698134422302
905,49,8,151,D:\Skripsi\Experiment_TA\data\raw\RGB2\S49\AC8\RGB2_SUB49ACT8F151.jpg,1,1,0.811538577079773
906,49,8,181,D:\Skripsi\Experiment_TA\data\raw\RGB2\S49\AC8\RGB2_SUB49ACT8F181.jpg,1,1,0.7295774817466736
907,49,8,211,D:\Skripsi\Experiment_TA\data\raw\RGB2\S49\AC8\RGB2_SUB49ACT8F211.jpg,1,1,0.5378525853157043
908,49,8,31,D:\Skripsi\Experiment_TA\data\raw\RGB2\S49\AC8\RGB2_SUB49ACT8F31.jpg,1,1,0.7594754099845886
909,49,8,61,D:\Skripsi\Experiment_TA\data\raw\RGB2\S49\AC8\RGB2_SUB49ACT8F61.jpg,1,1,0.7073944807052612
910,49,8,91,D:\Skripsi\Experiment_TA\data\raw\RGB2\S49\AC8\RGB2_SUB49ACT8F91.jpg,1,1,0.7217541933059692
911,49,9,1,D:\Skripsi\Experiment_TA\data\raw\RGB2\S49\AC9\RGB2_SUB49ACT9F1.jpg,1,1,0.7240792512893677
912,49,9,121,D:\Skripsi\Experiment_TA\data\raw\RGB2\S49\AC9\RGB2_SUB49ACT9F121.jpg,1,1,0.8264535665512085
913,49,9,151,D:\Skripsi\Experiment_TA\data\raw\RGB2\S49\AC9\RGB2_SUB49ACT9F151.jpg,1,1,0.7862457036972046
914,49,9,181,D:\Skripsi\Experiment_TA\data\raw\RGB2\S49\AC9\RGB2_SUB49ACT9F181.jpg,1,1,0.8574205040931702
915,49,9,31,D:\Skripsi\Experiment_TA\data\raw\RGB2\S49\AC9\RGB2_SUB49ACT9F31.jpg,1,1,0.7956210374832153
916,49,9,61,D:\Skripsi\Experiment_TA\data\raw\RGB2\S49\AC9\RGB2_SUB49ACT9F61.jpg,1,1,0.7585329413414001
917,49,9,91,D:\Skripsi\Experiment_TA\data\raw\RGB2\S49\AC9\RGB2_SUB49ACT9F91.jpg,1,1,0.8460943698883057
918,5,1,1,D:\Skripsi\Experiment_TA\data\raw\RGB2\S5\AC1\RGB2_SUB5ACT1F1.jpg,0,0,0.44061383605003357
919,5,1,121,D:\Skripsi\Experiment_TA\data\raw\RGB2\S5\AC1\RGB2_SUB5ACT1F121.jpg,0,0,0.42968684434890747
920,5,1,31,D:\Skripsi\Experiment_TA\data\raw\RGB2\S5\AC1\RGB2_SUB5ACT1F31.jpg,0,0,0.45121631026268005
921,5,1,61,D:\Skripsi\Experiment_TA\data\raw\RGB2\S5\AC1\RGB2_SUB5ACT1F61.jpg,0,1,0.6599754691123962
922,5,1,91,D:\Skripsi\Experiment_TA\data\raw\RGB2\S5\AC1\RGB2_SUB5ACT1F91.jpg,0,0,0.36314091086387634
923,5,5,1,D:\Skripsi\Experiment_TA\data\raw\RGB2\S5\AC5\RGB2_SUB5ACT5F1.jpg,1,0,0.44093209505081177
924,5,5,121,D:\Skripsi\Experiment_TA\data\raw\RGB2\S5\AC5\RGB2_SUB5ACT5F121.jpg,1,1,0.6561933755874634
925,5,5,31,D:\Skripsi\Experiment_TA\data\raw\RGB2\S5\AC5\RGB2_SUB5ACT5F31.jpg,1,1,0.5980944633483887
926,5,5,61,D:\Skripsi\Experiment_TA\data\raw\RGB2\S5\AC5\RGB2_SUB5ACT5F61.jpg,1,1,0.6010914444923401
927,5,5,91,D:\Skripsi\Experiment_TA\data\raw\RGB2\S5\AC5\RGB2_SUB5ACT5F91.jpg,1,0,0.48042309284210205
928,5,6,1,D:\Skripsi\Experiment_TA\data\raw\RGB2\S5\AC6\RGB2_SUB5ACT6F1.jpg,1,1,0.7666881680488586
929,5,6,121,D:\Skripsi\Experiment_TA\data\raw\RGB2\S5\AC6\RGB2_SUB5ACT6F121.jpg,1,1,0.7829720973968506
930,5,6,31,D:\Skripsi\Experiment_TA\data\raw\RGB2\S5\AC6\RGB2_SUB5ACT6F31.jpg,1,1,0.6639805436134338
931,5,6,61,D:\Skripsi\Experiment_TA\data\raw\RGB2\S5\AC6\RGB2_SUB5ACT6F61.jpg,1,1,0.5042691230773926
932,5,6,91,D:\Skripsi\Experiment_TA\data\raw\RGB2\S5\AC6\RGB2_SUB5ACT6F91.jpg,1,1,0.5454862713813782
933,5,7,1,D:\Skripsi\Experiment_TA\data\raw\RGB2\S5\AC7\RGB2_SUB5ACT7F1.jpg,1,0,0.4573546051979065
934,5,7,121,D:\Skripsi\Experiment_TA\data\raw\RGB2\S5\AC7\RGB2_SUB5ACT7F121.jpg,1,1,0.8427010178565979
935,5,7,151,D:\Skripsi\Experiment_TA\data\raw\RGB2\S5\AC7\RGB2_SUB5ACT7F151.jpg,1,1,0.9084751605987549
936,5,7,31,D:\Skripsi\Experiment_TA\data\raw\RGB2\S5\AC7\RGB2_SUB5ACT7F31.jpg,1,1,0.8858335614204407
937,5,7,61,D:\Skripsi\Experiment_TA\data\raw\RGB2\S5\AC7\RGB2_SUB5ACT7F61.jpg,1,1,0.8619211316108704
938,5,7,91,D:\Skripsi\Experiment_TA\data\raw\RGB2\S5\AC7\RGB2_SUB5ACT7F91.jpg,1,1,0.7124255895614624
939,5,8,1,D:\Skripsi\Experiment_TA\data\raw\RGB2\S5\AC8\RGB2_SUB5ACT8F1.jpg,1,1,0.5856963992118835
940,5,8,121,D:\Skripsi\Experiment_TA\data\raw\RGB2\S5\AC8\RGB2_SUB5ACT8F121.jpg,1,1,0.5721777677536011
941,5,8,151,D:\Skripsi\Experiment_TA\data\raw\RGB2\S5\AC8\RGB2_SUB5ACT8F151.jpg,1,1,0.6631078124046326
942,5,8,31,D:\Skripsi\Experiment_TA\data\raw\RGB2\S5\AC8\RGB2_SUB5ACT8F31.jpg,1,1,0.6192055940628052
943,5,8,61,D:\Skripsi\Experiment_TA\data\raw\RGB2\S5\AC8\RGB2_SUB5ACT8F61.jpg,1,1,0.7498129606246948
944,5,8,91,D:\Skripsi\Experiment_TA\data\raw\RGB2\S5\AC8\RGB2_SUB5ACT8F91.jpg,1,1,0.8451392650604248
945,5,9,1,D:\Skripsi\Experiment_TA\data\raw\RGB2\S5\AC9\RGB2_SUB5ACT9F1.jpg,1,1,0.5552281141281128
946,5,9,121,D:\Skripsi\Experiment_TA\data\raw\RGB2\S5\AC9\RGB2_SUB5ACT9F121.jpg,1,1,0.7908645272254944
947,5,9,151,D:\Skripsi\Experiment_TA\data\raw\RGB2\S5\AC9\RGB2_SUB5ACT9F151.jpg,1,1,0.7484305500984192
948,5,9,31,D:\Skripsi\Experiment_TA\data\raw\RGB2\S5\AC9\RGB2_SUB5ACT9F31.jpg,1,1,0.5786340236663818
949,5,9,61,D:\Skripsi\Experiment_TA\data\raw\RGB2\S5\AC9\RGB2_SUB5ACT9F61.jpg,1,1,0.75728440284729
950,5,9,91,D:\Skripsi\Experiment_TA\data\raw\RGB2\S5\AC9\RGB2_SUB5ACT9F91.jpg,1,1,0.8092116713523865
951,50,1,1,D:\Skripsi\Experiment_TA\data\raw\RGB2\S50\AC1\RGB2_SUB50ACT1F1.jpg,0,1,0.6253309845924377
952,50,1,31,D:\Skripsi\Experiment_TA\data\raw\RGB2\S50\AC1\RGB2_SUB50ACT1F31.jpg,0,1,0.6502517461776733
953,50,1,61,D:\Skripsi\Experiment_TA\data\raw\RGB2\S50\AC1\RGB2_SUB50ACT1F61.jpg,0,1,0.6333092451095581
954,50,1,91,D:\Skripsi\Experiment_TA\data\raw\RGB2\S50\AC1\RGB2_SUB50ACT1F91.jpg,0,1,0.690809965133667
955,50,5,1,D:\Skripsi\Experiment_TA\data\raw\RGB2\S50\AC5\RGB2_SUB50ACT5F1.jpg,1,1,0.7117176055908203
956,50,5,121,D:\Skripsi\Experiment_TA\data\raw\RGB2\S50\AC5\RGB2_SUB50ACT5F121.jpg,1,1,0.5828157663345337
957,50,5,31,D:\Skripsi\Experiment_TA\data\raw\RGB2\S50\AC5\RGB2_SUB50ACT5F31.jpg,1,1,0.7743447422981262
958,50,5,61,D:\Skripsi\Experiment_TA\data\raw\RGB2\S50\AC5\RGB2_SUB50ACT5F61.jpg,1,1,0.6776735782623291
959,50,5,91,D:\Skripsi\Experiment_TA\data\raw\RGB2\S50\AC5\RGB2_SUB50ACT5F91.jpg,1,1,0.6218833327293396
960,50,6,1,D:\Skripsi\Experiment_TA\data\raw\RGB2\S50\AC6\RGB2_SUB50ACT6F1.jpg,1,1,0.7269789576530457
961,50,6,121,D:\Skripsi\Experiment_TA\data\raw\RGB2\S50\AC6\RGB2_SUB50ACT6F121.jpg,1,1,0.8329241275787354
962,50,6,31,D:\Skripsi\Experiment_TA\data\raw\RGB2\S50\AC6\RGB2_SUB50ACT6F31.jpg,1,1,0.6526390910148621
963,50,6,61,D:\Skripsi\Experiment_TA\data\raw\RGB2\S50\AC6\RGB2_SUB50ACT6F61.jpg,1,1,0.680911660194397
964,50,6,91,D:\Skripsi\Experiment_TA\data\raw\RGB2\S50\AC6\RGB2_SUB50ACT6F91.jpg,1,0,0.4899563789367676
965,50,7,1,D:\Skripsi\Experiment_TA\data\raw\RGB2\S50\AC7\RGB2_SUB50ACT7F1.jpg,1,1,0.855574369430542
966,50,7,121,D:\Skripsi\Experiment_TA\data\raw\RGB2\S50\AC7\RGB2_SUB50ACT7F121.jpg,1,1,0.8235798478126526
967,50,7,31,D:\Skripsi\Experiment_TA\data\raw\RGB2\S50\AC7\RGB2_SUB50ACT7F31.jpg,1,1,0.8335731029510498
968,50,7,61,D:\Skripsi\Experiment_TA\data\raw\RGB2\S50\AC7\RGB2_SUB50ACT7F61.jpg,1,1,0.8562540411949158
969,50,7,91,D:\Skripsi\Experiment_TA\data\raw\RGB2\S50\AC7\RGB2_SUB50ACT7F91.jpg,1,1,0.8201090693473816
970,50,8,1,D:\Skripsi\Experiment_TA\data\raw\RGB2\S50\AC8\RGB2_SUB50ACT8F1.jpg,1,1,0.7999522686004639
971,50,8,121,D:\Skripsi\Experiment_TA\data\raw\RGB2\S50\AC8\RGB2_SUB50ACT8F121.jpg,1,1,0.8786538243293762
972,50,8,151,D:\Skripsi\Experiment_TA\data\raw\RGB2\S50\AC8\RGB2_SUB50ACT8F151.jpg,1,1,0.7972627878189087
973,50,8,181,D:\Skripsi\Experiment_TA\data\raw\RGB2\S50\AC8\RGB2_SUB50ACT8F181.jpg,1,1,0.7397465705871582
974,50,8,211,D:\Skripsi\Experiment_TA\data\raw\RGB2\S50\AC8\RGB2_SUB50ACT8F211.jpg,1,1,0.6790444254875183
975,50,8,31,D:\Skripsi\Experiment_TA\data\raw\RGB2\S50\AC8\RGB2_SUB50ACT8F31.jpg,1,1,0.599088728427887
976,50,8,61,D:\Skripsi\Experiment_TA\data\raw\RGB2\S50\AC8\RGB2_SUB50ACT8F61.jpg,1,1,0.8124262094497681
977,50,8,91,D:\Skripsi\Experiment_TA\data\raw\RGB2\S50\AC8\RGB2_SUB50ACT8F91.jpg,1,1,0.8544250726699829
978,50,9,1,D:\Skripsi\Experiment_TA\data\raw\RGB2\S50\AC9\RGB2_SUB50ACT9F1.jpg,1,1,0.7818382382392883
979,50,9,121,D:\Skripsi\Experiment_TA\data\raw\RGB2\S50\AC9\RGB2_SUB50ACT9F121.jpg,1,1,0.6117722988128662
980,50,9,151,D:\Skripsi\Experiment_TA\data\raw\RGB2\S50\AC9\RGB2_SUB50ACT9F151.jpg,1,1,0.6662436723709106
981,50,9,181,D:\Skripsi\Experiment_TA\data\raw\RGB2\S50\AC9\RGB2_SUB50ACT9F181.jpg,1,1,0.5765950083732605
982,50,9,31,D:\Skripsi\Experiment_TA\data\raw\RGB2\S50\AC9\RGB2_SUB50ACT9F31.jpg,1,1,0.7146028280258179
983,50,9,61,D:\Skripsi\Experiment_TA\data\raw\RGB2\S50\AC9\RGB2_SUB50ACT9F61.jpg,1,1,0.8084378242492676
984,50,9,91,D:\Skripsi\Experiment_TA\data\raw\RGB2\S50\AC9\RGB2_SUB50ACT9F91.jpg,1,1,0.7795222997665405
985,6,1,1,D:\Skripsi\Experiment_TA\data\raw\RGB2\S6\AC1\RGB2_SUB6ACT1F1.jpg,0,0,0.21074862778186798
986,6,1,121,D:\Skripsi\Experiment_TA\data\raw\RGB2\S6\AC1\RGB2_SUB6ACT1F121.jpg,0,0,0.1904883235692978
987,6,1,31,D:\Skripsi\Experiment_TA\data\raw\RGB2\S6\AC1\RGB2_SUB6ACT1F31.jpg,0,0,0.2827704846858978
988,6,1,61,D:\Skripsi\Experiment_TA\data\raw\RGB2\S6\AC1\RGB2_SUB6ACT1F61.jpg,0,0,0.31158021092414856
989,6,1,91,D:\Skripsi\Experiment_TA\data\raw\RGB2\S6\AC1\RGB2_SUB6ACT1F91.jpg,0,0,0.32771971821784973
990,6,5,1,D:\Skripsi\Experiment_TA\data\raw\RGB2\S6\AC5\RGB2_SUB6ACT5F1.jpg,1,1,0.6152833700180054
991,6,5,121,D:\Skripsi\Experiment_TA\data\raw\RGB2\S6\AC5\RGB2_SUB6ACT5F121.jpg,1,1,0.7867006063461304
992,6,5,31,D:\Skripsi\Experiment_TA\data\raw\RGB2\S6\AC5\RGB2_SUB6ACT5F31.jpg,1,1,0.8668345808982849
993,6,5,61,D:\Skripsi\Experiment_TA\data\raw\RGB2\S6\AC5\RGB2_SUB6ACT5F61.jpg,1,1,0.8667997717857361
994,6,5,91,D:\Skripsi\Experiment_TA\data\raw\RGB2\S6\AC5\RGB2_SUB6ACT5F91.jpg,1,1,0.7240483164787292
995,6,6,1,D:\Skripsi\Experiment_TA\data\raw\RGB2\S6\AC6\RGB2_SUB6ACT6F1.jpg,1,1,0.8219978213310242
996,6,6,121,D:\Skripsi\Experiment_TA\data\raw\RGB2\S6\AC6\RGB2_SUB6ACT6F121.jpg,1,1,0.7066861987113953
997,6,6,151,D:\Skripsi\Experiment_TA\data\raw\RGB2\S6\AC6\RGB2_SUB6ACT6F151.jpg,1,1,0.8566634058952332
998,6,6,31,D:\Skripsi\Experiment_TA\data\raw\RGB2\S6\AC6\RGB2_SUB6ACT6F31.jpg,1,1,0.8561437726020813
999,6,6,61,D:\Skripsi\Experiment_TA\data\raw\RGB2\S6\AC6\RGB2_SUB6ACT6F61.jpg,1,1,0.7303182482719421
1000,6,6,91,D:\Skripsi\Experiment_TA\data\raw\RGB2\S6\AC6\RGB2_SUB6ACT6F91.jpg,1,1,0.7112604975700378
1001,6,7,1,D:\Skripsi\Experiment_TA\data\raw\RGB2\S6\AC7\RGB2_SUB6ACT7F1.jpg,1,0,0.3570329248905182
1002,6,7,121,D:\Skripsi\Experiment_TA\data\raw\RGB2\S6\AC7\RGB2_SUB6ACT7F121.jpg,1,1,0.8837193846702576
1003,6,7,31,D:\Skripsi\Experiment_TA\data\raw\RGB2\S6\AC7\RGB2_SUB6ACT7F31.jpg,1,1,0.9230471253395081
1004,6,7,61,D:\Skripsi\Experiment_TA\data\raw\RGB2\S6\AC7\RGB2_SUB6ACT7F61.jpg,1,1,0.9275498986244202
1005,6,7,91,D:\Skripsi\Experiment_TA\data\raw\RGB2\S6\AC7\RGB2_SUB6ACT7F91.jpg,1,1,0.80583256483078
1006,6,8,1,D:\Skripsi\Experiment_TA\data\raw\RGB2\S6\AC8\RGB2_SUB6ACT8F1.jpg,1,1,0.563615620136261
1007,6,8,121,D:\Skripsi\Experiment_TA\data\raw\RGB2\S6\AC8\RGB2_SUB6ACT8F121.jpg,1,1,0.9535762071609497
1008,6,8,151,D:\Skripsi\Experiment_TA\data\raw\RGB2\S6\AC8\RGB2_SUB6ACT8F151.jpg,1,1,0.893360435962677
1009,6,8,31,D:\Skripsi\Experiment_TA\data\raw\RGB2\S6\AC8\RGB2_SUB6ACT8F31.jpg,1,0,0.21812598407268524
1010,6,8,61,D:\Skripsi\Experiment_TA\data\raw\RGB2\S6\AC8\RGB2_SUB6ACT8F61.jpg,1,0,0.25747936964035034
1011,6,8,91,D:\Skripsi\Experiment_TA\data\raw\RGB2\S6\AC8\RGB2_SUB6ACT8F91.jpg,1,0,0.33566752076148987
1012,6,9,1,D:\Skripsi\Experiment_TA\data\raw\RGB2\S6\AC9\RGB2_SUB6ACT9F1.jpg,1,1,0.8561171889305115
1013,6,9,121,D:\Skripsi\Experiment_TA\data\raw\RGB2\S6\AC9\RGB2_SUB6ACT9F121.jpg,1,1,0.8495121598243713
1014,6,9,151,D:\Skripsi\Experiment_TA\data\raw\RGB2\S6\AC9\RGB2_SUB6ACT9F151.jpg,1,1,0.7032418847084045
1015,6,9,31,D:\Skripsi\Experiment_TA\data\raw\RGB2\S6\AC9\RGB2_SUB6ACT9F31.jpg,1,1,0.7487087845802307
1016,6,9,61,D:\Skripsi\Experiment_TA\data\raw\RGB2\S6\AC9\RGB2_SUB6ACT9F61.jpg,1,1,0.6556543707847595
1017,6,9,91,D:\Skripsi\Experiment_TA\data\raw\RGB2\S6\AC9\RGB2_SUB6ACT9F91.jpg,1,1,0.5985655188560486
1018,7,1,1,D:\Skripsi\Experiment_TA\data\raw\RGB2\S7\AC1\RGB2_SUB7ACT1F1.jpg,0,0,0.24305658042430878
1019,7,1,121,D:\Skripsi\Experiment_TA\data\raw\RGB2\S7\AC1\RGB2_SUB7ACT1F121.jpg,0,0,0.24946440756320953
1020,7,1,31,D:\Skripsi\Experiment_TA\data\raw\RGB2\S7\AC1\RGB2_SUB7ACT1F31.jpg,0,0,0.19566500186920166
1021,7,1,61,D:\Skripsi\Experiment_TA\data\raw\RGB2\S7\AC1\RGB2_SUB7ACT1F61.jpg,0,0,0.2877713143825531
1022,7,1,91,D:\Skripsi\Experiment_TA\data\raw\RGB2\S7\AC1\RGB2_SUB7ACT1F91.jpg,0,0,0.4596400260925293
1023,7,5,1,D:\Skripsi\Experiment_TA\data\raw\RGB2\S7\AC5\RGB2_SUB7ACT5F1.jpg,1,0,0.2763292193412781
1024,7,5,121,D:\Skripsi\Experiment_TA\data\raw\RGB2\S7\AC5\RGB2_SUB7ACT5F121.jpg,1,1,0.6819016933441162
1025,7,5,31,D:\Skripsi\Experiment_TA\data\raw\RGB2\S7\AC5\RGB2_SUB7ACT5F31.jpg,1,1,0.6210364699363708
1026,7,5,61,D:\Skripsi\Experiment_TA\data\raw\RGB2\S7\AC5\RGB2_SUB7ACT5F61.jpg,1,0,0.48259398341178894
1027,7,5,91,D:\Skripsi\Experiment_TA\data\raw\RGB2\S7\AC5\RGB2_SUB7ACT5F91.jpg,1,1,0.5484946966171265
1028,7,6,1,D:\Skripsi\Experiment_TA\data\raw\RGB2\S7\AC6\RGB2_SUB7ACT6F1.jpg,1,1,0.6367347240447998
1029,7,6,121,D:\Skripsi\Experiment_TA\data\raw\RGB2\S7\AC6\RGB2_SUB7ACT6F121.jpg,1,0,0.4604904353618622
1030,7,6,31,D:\Skripsi\Experiment_TA\data\raw\RGB2\S7\AC6\RGB2_SUB7ACT6F31.jpg,1,1,0.5069976449012756
1031,7,6,61,D:\Skripsi\Experiment_TA\data\raw\RGB2\S7\AC6\RGB2_SUB7ACT6F61.jpg,1,0,0.42180463671684265
1032,7,6,91,D:\Skripsi\Experiment_TA\data\raw\RGB2\S7\AC6\RGB2_SUB7ACT6F91.jpg,1,0,0.45848938822746277
1033,7,7,1,D:\Skripsi\Experiment_TA\data\raw\RGB2\S7\AC7\RGB2_SUB7ACT7F1.jpg,1,0,0.24380654096603394
1034,7,7,121,D:\Skripsi\Experiment_TA\data\raw\RGB2\S7\AC7\RGB2_SUB7ACT7F121.jpg,1,1,0.8445759415626526
1035,7,7,151,D:\Skripsi\Experiment_TA\data\raw\RGB2\S7\AC7\RGB2_SUB7ACT7F151.jpg,1,1,0.9385725855827332
1036,7,7,31,D:\Skripsi\Experiment_TA\data\raw\RGB2\S7\AC7\RGB2_SUB7ACT7F31.jpg,1,1,0.8749279379844666
1037,7,7,61,D:\Skripsi\Experiment_TA\data\raw\RGB2\S7\AC7\RGB2_SUB7ACT7F61.jpg,1,1,0.9703214168548584
1038,7,7,91,D:\Skripsi\Experiment_TA\data\raw\RGB2\S7\AC7\RGB2_SUB7ACT7F91.jpg,1,1,0.8913312554359436
1039,7,8,1,D:\Skripsi\Experiment_TA\data\raw\RGB2\S7\AC8\RGB2_SUB7ACT8F1.jpg,1,0,0.2592223882675171
1040,7,8,121,D:\Skripsi\Experiment_TA\data\raw\RGB2\S7\AC8\RGB2_SUB7ACT8F121.jpg,1,0,0.3915921151638031
1041,7,8,31,D:\Skripsi\Experiment_TA\data\raw\RGB2\S7\AC8\RGB2_SUB7ACT8F31.jpg,1,0,0.44363945722579956
1042,7,8,61,D:\Skripsi\Experiment_TA\data\raw\RGB2\S7\AC8\RGB2_SUB7ACT8F61.jpg,1,0,0.4367159605026245
1043,7,8,91,D:\Skripsi\Experiment_TA\data\raw\RGB2\S7\AC8\RGB2_SUB7ACT8F91.jpg,1,0,0.4086642563343048
1044,7,9,1,D:\Skripsi\Experiment_TA\data\raw\RGB2\S7\AC9\RGB2_SUB7ACT9F1.jpg,1,0,0.2871246933937073
1045,7,9,121,D:\Skripsi\Experiment_TA\data\raw\RGB2\S7\AC9\RGB2_SUB7ACT9F121.jpg,1,1,0.9464825987815857
1046,7,9,31,D:\Skripsi\Experiment_TA\data\raw\RGB2\S7\AC9\RGB2_SUB7ACT9F31.jpg,1,1,0.720086932182312
1047,7,9,61,D:\Skripsi\Experiment_TA\data\raw\RGB2\S7\AC9\RGB2_SUB7ACT9F61.jpg,1,1,0.8991883397102356
1048,7,9,91,D:\Skripsi\Experiment_TA\data\raw\RGB2\S7\AC9\RGB2_SUB7ACT9F91.jpg,1,1,0.8835451006889343
1049,9,1,1,D:\Skripsi\Experiment_TA\data\raw\RGB2\S9\AC1\RGB2_SUB9ACT1F1.jpg,0,0,0.2697201669216156
1050,9,1,121,D:\Skripsi\Experiment_TA\data\raw\RGB2\S9\AC1\RGB2_SUB9ACT1F121.jpg,0,1,0.7186479568481445
1051,9,1,151,D:\Skripsi\Experiment_TA\data\raw\RGB2\S9\AC1\RGB2_SUB9ACT1F151.jpg,0,0,0.20691493153572083
1052,9,1,31,D:\Skripsi\Experiment_TA\data\raw\RGB2\S9\AC1\RGB2_SUB9ACT1F31.jpg,0,0,0.23227263987064362
1053,9,1,61,D:\Skripsi\Experiment_TA\data\raw\RGB2\S9\AC1\RGB2_SUB9ACT1F61.jpg,0,0,0.18453466892242432
1054,9,1,91,D:\Skripsi\Experiment_TA\data\raw\RGB2\S9\AC1\RGB2_SUB9ACT1F91.jpg,0,1,0.681487500667572
1055,9,5,1,D:\Skripsi\Experiment_TA\data\raw\RGB2\S9\AC5\RGB2_SUB9ACT5F1.jpg,1,1,0.7568553686141968
1056,9,5,121,D:\Skripsi\Experiment_TA\data\raw\RGB2\S9\AC5\RGB2_SUB9ACT5F121.jpg,1,1,0.8499851226806641
1057,9,5,151,D:\Skripsi\Experiment_TA\data\raw\RGB2\S9\AC5\RGB2_SUB9ACT5F151.jpg,1,1,0.9037032127380371
1058,9,5,31,D:\Skripsi\Experiment_TA\data\raw\RGB2\S9\AC5\RGB2_SUB9ACT5F31.jpg,1,1,0.7707635164260864
1059,9,5,61,D:\Skripsi\Experiment_TA\data\raw\RGB2\S9\AC5\RGB2_SUB9ACT5F61.jpg,1,1,0.8342044949531555
1060,9,5,91,D:\Skripsi\Experiment_TA\data\raw\RGB2\S9\AC5\RGB2_SUB9ACT5F91.jpg,1,1,0.7749029397964478
1061,9,6,1,D:\Skripsi\Experiment_TA\data\raw\RGB2\S9\AC6\RGB2_SUB9ACT6F1.jpg,1,0,0.4926998019218445
1062,9,6,121,D:\Skripsi\Experiment_TA\data\raw\RGB2\S9\AC6\RGB2_SUB9ACT6F121.jpg,1,1,0.6085115671157837
1063,9,6,31,D:\Skripsi\Experiment_TA\data\raw\RGB2\S9\AC6\RGB2_SUB9ACT6F31.jpg,1,1,0.7683842182159424
1064,9,6,61,D:\Skripsi\Experiment_TA\data\raw\RGB2\S9\AC6\RGB2_SUB9ACT6F61.jpg,1,1,0.5926191210746765
1065,9,6,91,D:\Skripsi\Experiment_TA\data\raw\RGB2\S9\AC6\RGB2_SUB9ACT6F91.jpg,1,1,0.535798966884613
1066,9,7,1,D:\Skripsi\Experiment_TA\data\raw\RGB2\S9\AC7\RGB2_SUB9ACT7F1.jpg,1,1,0.544041633605957
1067,9,7,121,D:\Skripsi\Experiment_TA\data\raw\RGB2\S9\AC7\RGB2_SUB9ACT7F121.jpg,1,1,0.772125244140625
1068,9,7,151,D:\Skripsi\Experiment_TA\data\raw\RGB2\S9\AC7\RGB2_SUB9ACT7F151.jpg,1,1,0.8056324124336243
1069,9,7,181,D:\Skripsi\Experiment_TA\data\raw\RGB2\S9\AC7\RGB2_SUB9ACT7F181.jpg,1,1,0.8169568181037903
1070,9,7,31,D:\Skripsi\Experiment_TA\data\raw\RGB2\S9\AC7\RGB2_SUB9ACT7F31.jpg,1,1,0.7619678378105164
1071,9,7,61,D:\Skripsi\Experiment_TA\data\raw\RGB2\S9\AC7\RGB2_SUB9ACT7F61.jpg,1,1,0.7986854910850525
1072,9,7,91,D:\Skripsi\Experiment_TA\data\raw\RGB2\S9\AC7\RGB2_SUB9ACT7F91.jpg,1,1,0.919166624546051
1073,9,8,1,D:\Skripsi\Experiment_TA\data\raw\RGB2\S9\AC8\RGB2_SUB9ACT8F1.jpg,1,1,0.8585538864135742
1074,9,8,121,D:\Skripsi\Experiment_TA\data\raw\RGB2\S9\AC8\RGB2_SUB9ACT8F121.jpg,1,1,0.7783068418502808
1075,9,8,31,D:\Skripsi\Experiment_TA\data\raw\RGB2\S9\AC8\RGB2_SUB9ACT8F31.jpg,1,1,0.6715866923332214
1076,9,8,61,D:\Skripsi\Experiment_TA\data\raw\RGB2\S9\AC8\RGB2_SUB9ACT8F61.jpg,1,0,0.49932000041007996
1077,9,8,91,D:\Skripsi\Experiment_TA\data\raw\RGB2\S9\AC8\RGB2_SUB9ACT8F91.jpg,1,0,0.4133681058883667
1078,9,9,1,D:\Skripsi\Experiment_TA\data\raw\RGB2\S9\AC9\RGB2_SUB9ACT9F1.jpg,1,0,0.3997010886669159
1079,9,9,121,D:\Skripsi\Experiment_TA\data\raw\RGB2\S9\AC9\RGB2_SUB9ACT9F121.jpg,1,1,0.8389993906021118
1080,9,9,151,D:\Skripsi\Experiment_TA\data\raw\RGB2\S9\AC9\RGB2_SUB9ACT9F151.jpg,1,1,0.7324348092079163
1081,9,9,31,D:\Skripsi\Experiment_TA\data\raw\RGB2\S9\AC9\RGB2_SUB9ACT9F31.jpg,1,1,0.7548448443412781
1082,9,9,61,D:\Skripsi\Experiment_TA\data\raw\RGB2\S9\AC9\RGB2_SUB9ACT9F61.jpg,1,1,0.7841033339500427
1083,9,9,91,D:\Skripsi\Experiment_TA\data\raw\RGB2\S9\AC9\RGB2_SUB9ACT9F91.jpg,1,1,0.8490972518920898
