row_index,subject_id,activity_id,frame,filepath,label,prediction,prob_phone
0,12,1,1,D:\Skripsi\Experiment_TA\data\raw\RGB1\S12\AC1\RGB1_SUB12ACT1F1.jpg,0,0,0.20654788613319397
1,12,1,121,D:\Skripsi\Experiment_TA\data\raw\RGB1\S12\AC1\RGB1_SUB12ACT1F121.jpg,0,1,0.5455437898635864
2,12,1,151,D:\Skripsi\Experiment_TA\data\raw\RGB1\S12\AC1\RGB1_SUB12ACT1F151.jpg,0,0,0.293131560087204
3,12,1,31,D:\Skripsi\Experiment_TA\data\raw\RGB1\S12\AC1\RGB1_SUB12ACT1F31.jpg,0,0,0.25385957956314087
4,12,1,61,D:\Skripsi\Experiment_TA\data\raw\RGB1\S12\AC1\RGB1_SUB12ACT1F61.jpg,0,0,0.26012930274009705
5,12,1,91,D:\Skripsi\Experiment_TA\data\raw\RGB1\S12\AC1\RGB1_SUB12ACT1F91.jpg,0,1,0.8048197627067566
6,12,5,1,D:\Skripsi\Experiment_TA\data\raw\RGB1\S12\AC5\RGB1_SUB12ACT5F1.jpg,1,1,0.5154137015342712
7,12,5,121,D:\Skripsi\Experiment_TA\data\raw\RGB1\S12\AC5\RGB1_SUB12ACT5F121.jpg,1,1,0.5759947896003723
8,12,5,31,D:\Skripsi\Experiment_TA\data\raw\RGB1\S12\AC5\RGB1_SUB12ACT5F31.jpg,1,1,0.5687559843063354
9,12,5,61,D:\Skripsi\Experiment_TA\data\raw\RGB1\S12\AC5\RGB1_SUB12ACT5F61.jpg,1,1,0.5814300775527954
10,12,5,91,D:\Skripsi\Experiment_TA\data\raw\RGB1\S12\AC5\RGB1_SUB12ACT5F91.jpg,1,1,0.5537360906600952
11,12,6,1,D:\Skripsi\Experiment_TA\data\raw\RGB1\S12\AC6\RGB1_SUB12ACT6F1.jpg,1,1,0.5508942008018494
12,12,6,121,D:\Skripsi\Experiment_TA\data\raw\RGB1\S12\AC6\RGB1_SUB12ACT6F121.jpg,1,1,0.5216314792633057
13,12,6,151,D:\Skripsi\Experiment_TA\data\raw\RGB1\S12\AC6\RGB1_SUB12ACT6F151.jpg,1,1,0.5362691879272461
14,12,6,181,D:\Skripsi\Experiment_TA\data\raw\RGB1\S12\AC6\RGB1_SUB12ACT6F181.jpg,1,0,0.47788262367248535
15,12,6,31,D:\Skripsi\Experiment_TA\data\raw\RGB1\S12\AC6\RGB1_SUB12ACT6F31.jpg,1,1,0.6413953304290771
16,12,6,61,D:\Skripsi\Experiment_TA\data\raw\RGB1\S12\AC6\RGB1_SUB12ACT6F61.jpg,1,0,0.42525967955589294
17,12,6,91,D:\Skripsi\Experiment_TA\data\raw\RGB1\S12\AC6\RGB1_SUB12ACT6F91.jpg,1,0,0.4397890567779541
18,12,7,1,D:\Skripsi\Experiment_TA\data\raw\RGB1\S12\AC7\RGB1_SUB12ACT7F1.jpg,1,1,0.5732874274253845
19,12,7,121,D:\Skripsi\Experiment_TA\data\raw\RGB1\S12\AC7\RGB1_SUB12ACT7F121.jpg,1,1,0.9648136496543884
20,12,7,151,D:\Skripsi\Experiment_TA\data\raw\RGB1\S12\AC7\RGB1_SUB12ACT7F151.jpg,1,1,0.9296201467514038
21,12,7,181,D:\Skripsi\Experiment_TA\data\raw\RGB1\S12\AC7\RGB1_SUB12ACT7F181.jpg,1,1,0.9619221091270447
22,12,7,211,D:\Skripsi\Experiment_TA\data\raw\RGB1\S12\AC7\RGB1_SUB12ACT7F211.jpg,1,1,0.8964776992797852
23,12,7,31,D:\Skripsi\Experiment_TA\data\raw\RGB1\S12\AC7\RGB1_SUB12ACT7F31.jpg,1,1,0.8691296577453613
24,12,7,61,D:\Skripsi\Experiment_TA\data\raw\RGB1\S12\AC7\RGB1_SUB12ACT7F61.jpg,1,1,0.9013243913650513
25,12,7,91,D:\Skripsi\Experiment_TA\data\raw\RGB1\S12\AC7\RGB1_SUB12ACT7F91.jpg,1,1,0.9575075507164001
26,12,8,1,D:\Skripsi\Experiment_TA\data\raw\RGB1\S12\AC8\RGB1_SUB12ACT8F1.jpg,1,1,0.7554117441177368
27,12,8,121,D:\Skripsi\Experiment_TA\data\raw\RGB1\S12\AC8\RGB1_SUB12ACT8F121.jpg,1,1,0.6447179317474365
28,12,8,151,D:\Skripsi\Experiment_TA\data\raw\RGB1\S12\AC8\RGB1_SUB12ACT8F151.jpg,1,1,0.6929769515991211
29,12,8,31,D:\Skripsi\Experiment_TA\data\raw\RGB1\S12\AC8\RGB1_SUB12ACT8F31.jpg,1,1,0.5186634659767151
30,12,8,61,D:\Skripsi\Experiment_TA\data\raw\RGB1\S12\AC8\RGB1_SUB12ACT8F61.jpg,1,1,0.5029226541519165
31,12,8,91,D:\Skripsi\Experiment_TA\data\raw\RGB1\S12\AC8\RGB1_SUB12ACT8F91.jpg,1,1,0.8229010701179504
32,12,9,1,D:\Skripsi\Experiment_TA\data\raw\RGB1\S12\AC9\RGB1_SUB12ACT9F1.jpg,1,1,0.7933857440948486
33,12,9,121,D:\Skripsi\Experiment_TA\data\raw\RGB1\S12\AC9\RGB1_SUB12ACT9F121.jpg,1,1,0.7511278390884399
34,12,9,151,D:\Skripsi\Experiment_TA\data\raw\RGB1\S12\AC9\RGB1_SUB12ACT9F151.jpg,1,1,0.7160423398017883
35,12,9,31,D:\Skripsi\Experiment_TA\data\raw\RGB1\S12\AC9\RGB1_SUB12ACT9F31.jpg,1,1,0.5426819324493408
36,12,9,61,D:\Skripsi\Experiment_TA\data\raw\RGB1\S12\AC9\RGB1_SUB12ACT9F61.jpg,1,1,0.6968923211097717
37,12,9,91,D:\Skripsi\Experiment_TA\data\raw\RGB1\S12\AC9\RGB1_SUB12ACT9F91.jpg,1,1,0.7129448652267456
38,13,1,1,D:\Skripsi\Experiment_TA\data\raw\RGB1\S13\AC1\RGB1_SUB13ACT1F1.jpg,0,0,0.3983144462108612
39,13,1,121,D:\Skripsi\Experiment_TA\data\raw\RGB1\S13\AC1\RGB1_SUB13ACT1F121.jpg,0,0,0.44441333413124084
40,13,1,31,D:\Skripsi\Experiment_TA\data\raw\RGB1\S13\AC1\RGB1_SUB13ACT1F31.jpg,0,0,0.3675076961517334
41,13,1,61,D:\Skripsi\Experiment_TA\data\raw\RGB1\S13\AC1\RGB1_SUB13ACT1F61.jpg,0,0,0.4025405943393707
42,13,1,91,D:\Skripsi\Experiment_TA\data\raw\RGB1\S13\AC1\RGB1_SUB13ACT1F91.jpg,0,0,0.41876187920570374
43,13,5,1,D:\Skripsi\Experiment_TA\data\raw\RGB1\S13\AC5\RGB1_SUB13ACT5F1.jpg,1,1,0.8665802478790283
44,13,5,121,D:\Skripsi\Experiment_TA\data\raw\RGB1\S13\AC5\RGB1_SUB13ACT5F121.jpg,1,1,0.8027053475379944
45,13,5,31,D:\Skripsi\Experiment_TA\data\raw\RGB1\S13\AC5\RGB1_SUB13ACT5F31.jpg,1,1,0.7440814971923828
46,13,5,61,D:\Skripsi\Experiment_TA\data\raw\RGB1\S13\AC5\RGB1_SUB13ACT5F61.jpg,1,1,0.8700580596923828
47,13,5,91,D:\Skripsi\Experiment_TA\data\raw\RGB1\S13\AC5\RGB1_SUB13ACT5F91.jpg,1,1,0.8197447657585144
48,13,6,1,D:\Skripsi\Experiment_TA\data\raw\RGB1\S13\AC6\RGB1_SUB13ACT6F1.jpg,1,1,0.6921347379684448
49,13,6,31,D:\Skripsi\Experiment_TA\data\raw\RGB1\S13\AC6\RGB1_SUB13ACT6F31.jpg,1,1,0.6385578513145447
50,13,6,61,D:\Skripsi\Experiment_TA\data\raw\RGB1\S13\AC6\RGB1_SUB13ACT6F61.jpg,1,1,0.5348222851753235
51,13,6,91,D:\Skripsi\Experiment_TA\data\raw\RGB1\S13\AC6\RGB1_SUB13ACT6F91.jpg,1,0,0.49549973011016846
52,13,7,1,D:\Skripsi\Experiment_TA\data\raw\RGB1\S13\AC7\RGB1_SUB13ACT7F1.jpg,1,1,0.8254229426383972
53,13,7,121,D:\Skripsi\Experiment_TA\data\raw\RGB1\S13\AC7\RGB1_SUB13ACT7F121.jpg,1,1,0.8135761618614197
54,13,7,31,D:\Skripsi\Experiment_TA\data\raw\RGB1\S13\AC7\RGB1_SUB13ACT7F31.jpg,1,1,0.7738836407661438
55,13,7,61,D:\Skripsi\Experiment_TA\data\raw\RGB1\S13\AC7\RGB1_SUB13ACT7F61.jpg,1,1,0.8027098774909973
56,13,7,91,D:\Skripsi\Experiment_TA\data\raw\RGB1\S13\AC7\RGB1_SUB13ACT7F91.jpg,1,1,0.873386800289154
57,13,8,1,D:\Skripsi\Experiment_TA\data\raw\RGB1\S13\AC8\RGB1_SUB13ACT8F1.jpg,1,1,0.8066587448120117
58,13,8,121,D:\Skripsi\Experiment_TA\data\raw\RGB1\S13\AC8\RGB1_SUB13ACT8F121.jpg,1,1,0.619217574596405
59,13,8,31,D:\Skripsi\Experiment_TA\data\raw\RGB1\S13\AC8\RGB1_SUB13ACT8F31.jpg,1,1,0.6890928149223328
60,13,8,61,D:\Skripsi\Experiment_TA\data\raw\RGB1\S13\AC8\RGB1_SUB13ACT8F61.jpg,1,0,0.4322427213191986
61,13,8,91,D:\Skripsi\Experiment_TA\data\raw\RGB1\S13\AC8\RGB1_SUB13ACT8F91.jpg,1,0,0.45570695400238037
62,13,9,1,D:\Skripsi\Experiment_TA\data\raw\RGB1\S13\AC9\RGB1_SUB13ACT9F1.jpg,1,0,0.28947341442108154
63,13,9,121,D:\Skripsi\Experiment_TA\data\raw\RGB1\S13\AC9\RGB1_SUB13ACT9F121.jpg,1,1,0.6581755876541138
64,13,9,151,D:\Skripsi\Experiment_TA\data\raw\RGB1\S13\AC9\RGB1_SUB13ACT9F151.jpg,1,1,0.7728602290153503
65,13,9,181,D:\Skripsi\Experiment_TA\data\raw\RGB1\S13\AC9\RGB1_SUB13ACT9F181.jpg,1,1,0.844595193862915
66,13,9,31,D:\Skripsi\Experiment_TA\data\raw\RGB1\S13\AC9\RGB1_SUB13ACT9F31.jpg,1,1,0.8763137459754944
67,13,9,61,D:\Skripsi\Experiment_TA\data\raw\RGB1\S13\AC9\RGB1_SUB13ACT9F61.jpg,1,1,0.7068977952003479
68,13,9,91,D:\Skripsi\Experiment_TA\data\raw\RGB1\S13\AC9\RGB1_SUB13ACT9F91.jpg,1,1,0.665402352809906
69,14,1,1,D:\Skripsi\Experiment_TA\data\raw\RGB1\S14\AC1\RGB1_SUB14ACT1F1.jpg,0,1,0.5641517043113708
70,14,1,31,D:\Skripsi\Experiment_TA\data\raw\RGB1\S14\AC1\RGB1_SUB14ACT1F31.jpg,0,1,0.5409605503082275
71,14,1,61,D:\Skripsi\Experiment_TA\data\raw\RGB1\S14\AC1\RGB1_SUB14ACT1F61.jpg,0,1,0.5822305679321289
72,14,1,91,D:\Skripsi\Experiment_TA\data\raw\RGB1\S14\AC1\RGB1_SUB14ACT1F91.jpg,0,1,0.6327506303787231
73,14,5,1,D:\Skripsi\Experiment_TA\data\raw\RGB1\S14\AC5\RGB1_SUB14ACT5F1.jpg,1,1,0.6629257202148438
74,14,5,121,D:\Skripsi\Experiment_TA\data\raw\RGB1\S14\AC5\RGB1_SUB14ACT5F121.jpg,1,1,0.6881694197654724
75,14,5,31,D:\Skripsi\Experiment_TA\data\raw\RGB1\S14\AC5\RGB1_SUB14ACT5F31.jpg,1,1,0.6769262552261353
76,14,5,61,D:\Skripsi\Experiment_TA\data\raw\RGB1\S14\AC5\RGB1_SUB14ACT5F61.jpg,1,1,0.6713217496871948
77,14,5,91,D:\Skripsi\Experiment_TA\data\raw\RGB1\S14\AC5\RGB1_SUB14ACT5F91.jpg,1,1,0.6514896154403687
78,14,6,1,D:\Skripsi\Experiment_TA\data\raw\RGB1\S14\AC6\RGB1_SUB14ACT6F1.jpg,1,1,0.7320300936698914
79,14,6,31,D:\Skripsi\Experiment_TA\data\raw\RGB1\S14\AC6\RGB1_SUB14ACT6F31.jpg,1,1,0.5271569490432739
80,14,6,61,D:\Skripsi\Experiment_TA\data\raw\RGB1\S14\AC6\RGB1_SUB14ACT6F61.jpg,1,1,0.5537840723991394
81,14,6,91,D:\Skripsi\Experiment_TA\data\raw\RGB1\S14\AC6\RGB1_SUB14ACT6F91.jpg,1,1,0.6095563173294067
82,14,7,1,D:\Skripsi\Experiment_TA\data\raw\RGB1\S14\AC7\RGB1_SUB14ACT7F1.jpg,1,1,0.6865534782409668
83,14,7,31,D:\Skripsi\Experiment_TA\data\raw\RGB1\S14\AC7\RGB1_SUB14ACT7F31.jpg,1,1,0.7629655599594116
84,14,7,61,D:\Skripsi\Experiment_TA\data\raw\RGB1\S14\AC7\RGB1_SUB14ACT7F61.jpg,1,1,0.7728858590126038
85,14,7,91,D:\Skripsi\Experiment_TA\data\raw\RGB1\S14\AC7\RGB1_SUB14ACT7F91.jpg,1,1,0.8717851638793945
86,14,8,1,D:\Skripsi\Experiment_TA\data\raw\RGB1\S14\AC8\RGB1_SUB14ACT8F1.jpg,1,0,0.45988747477531433
87,14,8,121,D:\Skripsi\Experiment_TA\data\raw\RGB1\S14\AC8\RGB1_SUB14ACT8F121.jpg,1,1,0.6546533107757568
88,14,8,31,D:\Skripsi\Experiment_TA\data\raw\RGB1\S14\AC8\RGB1_SUB14ACT8F31.jpg,1,1,0.5573866367340088
89,14,8,61,D:\Skripsi\Experiment_TA\data\raw\RGB1\S14\AC8\RGB1_SUB14ACT8F61.jpg,1,1,0.5850408673286438
90,14,8,91,D:\Skripsi\Experiment_TA\data\raw\RGB1\S14\AC8\RGB1_SUB14ACT8F91.jpg,1,1,0.570706307888031
91,14,9,1,D:\Skripsi\Experiment_TA\data\raw\RGB1\S14\AC9\RGB1_SUB14ACT9F1.jpg,1,1,0.6408659219741821
92,14,9,121,D:\Skripsi\Experiment_TA\data\raw\RGB1\S14\AC9\RGB1_SUB14ACT9F121.jpg,1,1,0.6346270442008972
93,14,9,31,D:\Skripsi\Experiment_TA\data\raw\RGB1\S14\AC9\RGB1_SUB14ACT9F31.jpg,1,1,0.7317109704017639
94,14,9,61,D:\Skripsi\Experiment_TA\data\raw\RGB1\S14\AC9\RGB1_SUB14ACT9F61.jpg,1,1,0.7409546971321106
95,14,9,91,D:\Skripsi\Experiment_TA\data\raw\RGB1\S14\AC9\RGB1_SUB14ACT9F91.jpg,1,1,0.6817869544029236
96,16,1,1,D:\Skripsi\Experiment_TA\data\raw\RGB1\S16\AC1\RGB1_SUB16ACT1F1.jpg,0,0,0.48369085788726807
97,16,1,121,D:\Skripsi\Experiment_TA\data\raw\RGB1\S16\AC1\RGB1_SUB16ACT1F121.jpg,0,0,0.4616817831993103
98,16,1,31,D:\Skripsi\Experiment_TA\data\raw\RGB1\S16\AC1\RGB1_SUB16ACT1F31.jpg,0,0,0.44786688685417175
99,16,1,61,D:\Skripsi\Experiment_TA\data\raw\RGB1\S16\AC1\RGB1_SUB16ACT1F61.jpg,0,1,0.5663124322891235
100,16,1,91,D:\Skripsi\Experiment_TA\data\raw\RGB1\S16\AC1\RGB1_SUB16ACT1F91.jpg,0,1,0.5075626969337463
101,16,5,1,D:\Skripsi\Experiment_TA\data\raw\RGB1\S16\AC5\RGB1_SUB16ACT5F1.jpg,1,1,0.6645655035972595
102,16,5,31,D:\Skripsi\Experiment_TA\data\raw\RGB1\S16\AC5\RGB1_SUB16ACT5F31.jpg,1,1,0.6580783724784851
103,16,5,61,D:\Skripsi\Experiment_TA\data\raw\RGB1\S16\AC5\RGB1_SUB16ACT5F61.jpg,1,1,0.5947291254997253
104,16,5,91,D:\Skripsi\Experiment_TA\data\raw\RGB1\S16\AC5\RGB1_SUB16ACT5F91.jpg,1,1,0.7296092510223389
105,16,6,1,D:\Skripsi\Experiment_TA\data\raw\RGB1\S16\AC6\RGB1_SUB16ACT6F1.jpg,1,1,0.672766387462616
106,16,6,31,D:\Skripsi\Experiment_TA\data\raw\RGB1\S16\AC6\RGB1_SUB16ACT6F31.jpg,1,1,0.6064735054969788
107,16,6,61,D:\Skripsi\Experiment_TA\data\raw\RGB1\S16\AC6\RGB1_SUB16ACT6F61.jpg,1,1,0.6348063349723816
108,16,6,91,D:\Skripsi\Experiment_TA\data\raw\RGB1\S16\AC6\RGB1_SUB16ACT6F91.jpg,1,1,0.6807841062545776
109,16,7,1,D:\Skripsi\Experiment_TA\data\raw\RGB1\S16\AC7\RGB1_SUB16ACT7F1.jpg,1,1,0.6545600295066833
110,16,7,121,D:\Skripsi\Experiment_TA\data\raw\RGB1\S16\AC7\RGB1_SUB16ACT7F121.jpg,1,1,0.7650790810585022
111,16,7,31,D:\Skripsi\Experiment_TA\data\raw\RGB1\S16\AC7\RGB1_SUB16ACT7F31.jpg,1,1,0.6942103505134583
112,16,7,61,D:\Skripsi\Experiment_TA\data\raw\RGB1\S16\AC7\RGB1_SUB16ACT7F61.jpg,1,1,0.695486843585968
113,16,7,91,D:\Skripsi\Experiment_TA\data\raw\RGB1\S16\AC7\RGB1_SUB16ACT7F91.jpg,1,1,0.7490079998970032
114,16,8,1,D:\Skripsi\Experiment_TA\data\raw\RGB1\S16\AC8\RGB1_SUB16ACT8F1.jpg,1,1,0.5516674518585205
115,16,8,121,D:\Skripsi\Experiment_TA\data\raw\RGB1\S16\AC8\RGB1_SUB16ACT8F121.jpg,1,0,0.42660436034202576
116,16,8,31,D:\Skripsi\Experiment_TA\data\raw\RGB1\S16\AC8\RGB1_SUB16ACT8F31.jpg,1,1,0.5132745504379272
117,16,8,61,D:\Skripsi\Experiment_TA\data\raw\RGB1\S16\AC8\RGB1_SUB16ACT8F61.jpg,1,1,0.5169234871864319
118,16,8,91,D:\Skripsi\Experiment_TA\data\raw\RGB1\S16\AC8\RGB1_SUB16ACT8F91.jpg,1,1,0.5067122578620911
119,16,9,1,D:\Skripsi\Experiment_TA\data\raw\RGB1\S16\AC9\RGB1_SUB16ACT9F1.jpg,1,1,0.531868040561676
120,16,9,121,D:\Skripsi\Experiment_TA\data\raw\RGB1\S16\AC9\RGB1_SUB16ACT9F121.jpg,1,1,0.8548941016197205
121,16,9,31,D:\Skripsi\Experiment_TA\data\raw\RGB1\S16\AC9\RGB1_SUB16ACT9F31.jpg,1,1,0.6521947383880615
122,16,9,61,D:\Skripsi\Experiment_TA\data\raw\RGB1\S16\AC9\RGB1_SUB16ACT9F61.jpg,1,1,0.6726377606391907
123,16,9,91,D:\Skripsi\Experiment_TA\data\raw\RGB1\S16\AC9\RGB1_SUB16ACT9F91.jpg,1,1,0.6598226428031921
124,18,1,1,D:\Skripsi\Experiment_TA\data\raw\RGB1\S18\AC1\RGB1_SUB18ACT1F1.jpg,0,0,0.2747463285923004
125,18,1,121,D:\Skripsi\Experiment_TA\data\raw\RGB1\S18\AC1\RGB1_SUB18ACT1F121.jpg,0,0,0.29702186584472656
126,18,1,31,D:\Skripsi\Experiment_TA\data\raw\RGB1\S18\AC1\RGB1_SUB18ACT1F31.jpg,0,0,0.2634221911430359
127,18,1,61,D:\Skripsi\Experiment_TA\data\raw\RGB1\S18\AC1\RGB1_SUB18ACT1F61.jpg,0,0,0.25859689712524414
128,18,1,91,D:\Skripsi\Experiment_TA\data\raw\RGB1\S18\AC1\RGB1_SUB18ACT1F91.jpg,0,0,0.32023006677627563
129,18,5,1,D:\Skripsi\Experiment_TA\data\raw\RGB1\S18\AC5\RGB1_SUB18ACT5F1.jpg,1,1,0.5840685963630676
130,18,5,121,D:\Skripsi\Experiment_TA\data\raw\RGB1\S18\AC5\RGB1_SUB18ACT5F121.jpg,1,1,0.9144553542137146
131,18,5,151,D:\Skripsi\Experiment_TA\data\raw\RGB1\S18\AC5\RGB1_SUB18ACT5F151.jpg,1,1,0.8556180596351624
132,18,5,31,D:\Skripsi\Experiment_TA\data\raw\RGB1\S18\AC5\RGB1_SUB18ACT5F31.jpg,1,1,0.8829705715179443
133,18,5,61,D:\Skripsi\Experiment_TA\data\raw\RGB1\S18\AC5\RGB1_SUB18ACT5F61.jpg,1,1,0.8728368282318115
134,18,5,91,D:\Skripsi\Experiment_TA\data\raw\RGB1\S18\AC5\RGB1_SUB18ACT5F91.jpg,1,1,0.8613160252571106
135,18,6,1,D:\Skripsi\Experiment_TA\data\raw\RGB1\S18\AC6\RGB1_SUB18ACT6F1.jpg,1,0,0.49325019121170044
136,18,6,121,D:\Skripsi\Experiment_TA\data\raw\RGB1\S18\AC6\RGB1_SUB18ACT6F121.jpg,1,1,0.5691542029380798
137,18,6,151,D:\Skripsi\Experiment_TA\data\raw\RGB1\S18\AC6\RGB1_SUB18ACT6F151.jpg,1,1,0.6248806715011597
138,18,6,31,D:\Skripsi\Experiment_TA\data\raw\RGB1\S18\AC6\RGB1_SUB18ACT6F31.jpg,1,1,0.6706324219703674
139,18,6,61,D:\Skripsi\Experiment_TA\data\raw\RGB1\S18\AC6\RGB1_SUB18ACT6F61.jpg,1,1,0.7024983167648315
140,18,6,91,D:\Skripsi\Experiment_TA\data\raw\RGB1\S18\AC6\RGB1_SUB18ACT6F91.jpg,1,1,0.6827705502510071
141,18,7,1,D:\Skripsi\Experiment_TA\data\raw\RGB1\S18\AC7\RGB1_SUB18ACT7F1.jpg,1,1,0.6292194128036499
142,18,7,121,D:\Skripsi\Experiment_TA\data\raw\RGB1\S18\AC7\RGB1_SUB18ACT7F121.jpg,1,1,0.9653303623199463
143,18,7,151,D:\Skripsi\Experiment_TA\data\raw\RGB1\S18\AC7\RGB1_SUB18ACT7F151.jpg,1,1,0.9177135825157166
144,18,7,181,D:\Skripsi\Experiment_TA\data\raw\RGB1\S18\AC7\RGB1_SUB18ACT7F181.jpg,1,1,0.8741558194160461
145,18,7,31,D:\Skripsi\Experiment_TA\data\raw\RGB1\S18\AC7\RGB1_SUB18ACT7F31.jpg,1,1,0.8367173671722412
146,18,7,61,D:\Skripsi\Experiment_TA\data\raw\RGB1\S18\AC7\RGB1_SUB18ACT7F61.jpg,1,1,0.9399371147155762
147,18,7,91,D:\Skripsi\Experiment_TA\data\raw\RGB1\S18\AC7\RGB1_SUB18ACT7F91.jpg,1,1,0.9805877804756165
148,18,8,1,D:\Skripsi\Experiment_TA\data\raw\RGB1\S18\AC8\RGB1_SUB18ACT8F1.jpg,1,1,0.7357645034790039
149,18,8,121,D:\Skripsi\Experiment_TA\data\raw\RGB1\S18\AC8\RGB1_SUB18ACT8F121.jpg,1,1,0.5443793535232544
150,18,8,151,D:\Skripsi\Experiment_TA\data\raw\RGB1\S18\AC8\RGB1_SUB18ACT8F151.jpg,1,1,0.6771093606948853
151,18,8,181,D:\Skripsi\Experiment_TA\data\raw\RGB1\S18\AC8\RGB1_SUB18ACT8F181.jpg,1,1,0.6911669969558716
152,18,8,211,D:\Skripsi\Experiment_TA\data\raw\RGB1\S18\AC8\RGB1_SUB18ACT8F211.jpg,1,1,0.8148604035377502
153,18,8,31,D:\Skripsi\Experiment_TA\data\raw\RGB1\S18\AC8\RGB1_SUB18ACT8F31.jpg,1,1,0.5208114981651306
154,18,8,61,D:\Skripsi\Experiment_TA\data\raw\RGB1\S18\AC8\RGB1_SUB18ACT8F61.jpg,1,0,0.4862859547138214
155,18,8,91,D:\Skripsi\Experiment_TA\data\raw\RGB1\S18\AC8\RGB1_SUB18ACT8F91.jpg,1,1,0.6692808866500854
156,18,9,1,D:\Skripsi\Experiment_TA\data\raw\RGB1\S18\AC9\RGB1_SUB18ACT9F1.jpg,1,1,0.6709558963775635
157,18,9,121,D:\Skripsi\Experiment_TA\data\raw\RGB1\S18\AC9\RGB1_SUB18ACT9F121.jpg,1,1,0.8711335062980652
158,18,9,151,D:\Skripsi\Experiment_TA\data\raw\RGB1\S18\AC9\RGB1_SUB18ACT9F151.jpg,1,1,0.8363599181175232
159,18,9,31,D:\Skripsi\Experiment_TA\data\raw\RGB1\S18\AC9\RGB1_SUB18ACT9F31.jpg,1,1,0.834053635597229
160,18,9,61,D:\Skripsi\Experiment_TA\data\raw\RGB1\S18\AC9\RGB1_SUB18ACT9F61.jpg,1,1,0.8844184279441833
161,18,9,91,D:\Skripsi\Experiment_TA\data\raw\RGB1\S18\AC9\RGB1_SUB18ACT9F91.jpg,1,1,0.7095168828964233
162,19,1,1,D:\Skripsi\Experiment_TA\data\raw\RGB1\S19\AC1\RGB1_SUB19ACT1F1.jpg,0,0,0.4942251443862915
163,19,1,121,D:\Skripsi\Experiment_TA\data\raw\RGB1\S19\AC1\RGB1_SUB19ACT1F121.jpg,0,0,0.47989127039909363
164,19,1,31,D:\Skripsi\Experiment_TA\data\raw\RGB1\S19\AC1\RGB1_SUB19ACT1F31.jpg,0,1,0.553785502910614
165,19,1,61,D:\Skripsi\Experiment_TA\data\raw\RGB1\S19\AC1\RGB1_SUB19ACT1F61.jpg,0,0,0.43161454796791077
166,19,1,91,D:\Skripsi\Experiment_TA\data\raw\RGB1\S19\AC1\RGB1_SUB19ACT1F91.jpg,0,1,0.626641035079956
167,19,5,1,D:\Skripsi\Experiment_TA\data\raw\RGB1\S19\AC5\RGB1_SUB19ACT5F1.jpg,1,1,0.860917866230011
168,19,5,31,D:\Skripsi\Experiment_TA\data\raw\RGB1\S19\AC5\RGB1_SUB19ACT5F31.jpg,1,1,0.8445286154747009
169,19,5,61,D:\Skripsi\Experiment_TA\data\raw\RGB1\S19\AC5\RGB1_SUB19ACT5F61.jpg,1,1,0.8424758911132812
170,19,5,91,D:\Skripsi\Experiment_TA\data\raw\RGB1\S19\AC5\RGB1_SUB19ACT5F91.jpg,1,1,0.7401299476623535
171,19,6,1,D:\Skripsi\Experiment_TA\data\raw\RGB1\S19\AC6\RGB1_SUB19ACT6F1.jpg,1,1,0.635370135307312
172,19,6,121,D:\Skripsi\Experiment_TA\data\raw\RGB1\S19\AC6\RGB1_SUB19ACT6F121.jpg,1,1,0.6976824402809143
173,19,6,31,D:\Skripsi\Experiment_TA\data\raw\RGB1\S19\AC6\RGB1_SUB19ACT6F31.jpg,1,1,0.6502968072891235
174,19,6,61,D:\Skripsi\Experiment_TA\data\raw\RGB1\S19\AC6\RGB1_SUB19ACT6F61.jpg,1,1,0.5940961837768555
175,19,6,91,D:\Skripsi\Experiment_TA\data\raw\RGB1\S19\AC6\RGB1_SUB19ACT6F91.jpg,1,1,0.6477397680282593
176,19,7,1,D:\Skripsi\Experiment_TA\data\raw\RGB1\S19\AC7\RGB1_SUB19ACT7F1.jpg,1,1,0.7602604627609253
177,19,7,121,D:\Skripsi\Experiment_TA\data\raw\RGB1\S19\AC7\RGB1_SUB19ACT7F121.jpg,1,1,0.8560571670532227
178,19,7,31,D:\Skripsi\Experiment_TA\data\raw\RGB1\S19\AC7\RGB1_SUB19ACT7F31.jpg,1,1,0.7852126359939575
179,19,7,61,D:\Skripsi\Experiment_TA\data\raw\RGB1\S19\AC7\RGB1_SUB19ACT7F61.jpg,1,1,0.8283089995384216
180,19,7,91,D:\Skripsi\Experiment_TA\data\raw\RGB1\S19\AC7\RGB1_SUB19ACT7F91.jpg,1,1,0.7945842146873474
181,19,8,1,D:\Skripsi\Experiment_TA\data\raw\RGB1\S19\AC8\RGB1_SUB19ACT8F1.jpg,1,1,0.8856518268585205
182,19,8,121,D:\Skripsi\Experiment_TA\data\raw\RGB1\S19\AC8\RGB1_SUB19ACT8F121.jpg,1,1,0.7253931164741516
183,19,8,151,D:\Skripsi\Experiment_TA\data\raw\RGB1\S19\AC8\RGB1_SUB19ACT8F151.jpg,1,1,0.7770883440971375
184,19,8,31,D:\Skripsi\Experiment_TA\data\raw\RGB1\S19\AC8\RGB1_SUB19ACT8F31.jpg,1,1,0.8070133924484253
185,19,8,61,D:\Skripsi\Experiment_TA\data\raw\RGB1\S19\AC8\RGB1_SUB19ACT8F61.jpg,1,1,0.6899817585945129
186,19,8,91,D:\Skripsi\Experiment_TA\data\raw\RGB1\S19\AC8\RGB1_SUB19ACT8F91.jpg,1,1,0.7088456153869629
187,19,9,1,D:\Skripsi\Experiment_TA\data\raw\RGB1\S19\AC9\RGB1_SUB19ACT9F1.jpg,1,1,0.7328535318374634
188,19,9,31,D:\Skripsi\Experiment_TA\data\raw\RGB1\S19\AC9\RGB1_SUB19ACT9F31.jpg,1,1,0.6885794401168823
189,19,9,61,D:\Skripsi\Experiment_TA\data\raw\RGB1\S19\AC9\RGB1_SUB19ACT9F61.jpg,1,1,0.6191208362579346
190,19,9,91,D:\Skripsi\Experiment_TA\data\raw\RGB1\S19\AC9\RGB1_SUB19ACT9F91.jpg,1,1,0.6580744385719299
191,23,1,1,D:\Skripsi\Experiment_TA\data\raw\RGB1\S23\AC1\RGB1_SUB23ACT1F1.jpg,0,0,0.284227192401886
192,23,1,121,D:\Skripsi\Experiment_TA\data\raw\RGB1\S23\AC1\RGB1_SUB23ACT1F121.jpg,0,0,0.3490069806575775
193,23,1,31,D:\Skripsi\Experiment_TA\data\raw\RGB1\S23\AC1\RGB1_SUB23ACT1F31.jpg,0,0,0.3543873429298401
194,23,1,61,D:\Skripsi\Experiment_TA\data\raw\RGB1\S23\AC1\RGB1_SUB23ACT1F61.jpg,0,0,0.36244574189186096
195,23,1,91,D:\Skripsi\Experiment_TA\data\raw\RGB1\S23\AC1\RGB1_SUB23ACT1F91.jpg,0,0,0.3192315101623535
196,23,5,1,D:\Skripsi\Experiment_TA\data\raw\RGB1\S23\AC5\RGB1_SUB23ACT5F1.jpg,1,1,0.5900468826293945
197,23,5,121,D:\Skripsi\Experiment_TA\data\raw\RGB1\S23\AC5\RGB1_SUB23ACT5F121.jpg,1,1,0.7663669586181641
198,23,5,31,D:\Skripsi\Experiment_TA\data\raw\RGB1\S23\AC5\RGB1_SUB23ACT5F31.jpg,1,1,0.7708246111869812
199,23,5,61,D:\Skripsi\Experiment_TA\data\raw\RGB1\S23\AC5\RGB1_SUB23ACT5F61.jpg,1,1,0.7515283226966858
200,23,5,91,D:\Skripsi\Experiment_TA\data\raw\RGB1\S23\AC5\RGB1_SUB23ACT5F91.jpg,1,1,0.6714490056037903
201,23,6,1,D:\Skripsi\Experiment_TA\data\raw\RGB1\S23\AC6\RGB1_SUB23ACT6F1.jpg,1,1,0.80073082447052
202,23,6,121,D:\Skripsi\Experiment_TA\data\raw\RGB1\S23\AC6\RGB1_SUB23ACT6F121.jpg,1,1,0.6929910778999329
203,23,6,31,D:\Skripsi\Experiment_TA\data\raw\RGB1\S23\AC6\RGB1_SUB23ACT6F31.jpg,1,1,0.7017130255699158
204,23,6,61,D:\Skripsi\Experiment_TA\data\raw\RGB1\S23\AC6\RGB1_SUB23ACT6F61.jpg,1,1,0.7499110698699951
205,23,6,91,D:\Skripsi\Experiment_TA\data\raw\RGB1\S23\AC6\RGB1_SUB23ACT6F91.jpg,1,1,0.751056969165802
206,23,7,1,D:\Skripsi\Experiment_TA\data\raw\RGB1\S23\AC7\RGB1_SUB23ACT7F1.jpg,1,1,0.7754457592964172
207,23,7,121,D:\Skripsi\Experiment_TA\data\raw\RGB1\S23\AC7\RGB1_SUB23ACT7F121.jpg,1,1,0.8905169367790222
208,23,7,31,D:\Skripsi\Experiment_TA\data\raw\RGB1\S23\AC7\RGB1_SUB23ACT7F31.jpg,1,1,0.8729902505874634
209,23,7,61,D:\Skripsi\Experiment_TA\data\raw\RGB1\S23\AC7\RGB1_SUB23ACT7F61.jpg,1,1,0.9513733386993408
210,23,7,91,D:\Skripsi\Experiment_TA\data\raw\RGB1\S23\AC7\RGB1_SUB23ACT7F91.jpg,1,1,0.8999001979827881
211,23,8,1,D:\Skripsi\Experiment_TA\data\raw\RGB1\S23\AC8\RGB1_SUB23ACT8F1.jpg,1,1,0.7455402612686157
212,23,8,121,D:\Skripsi\Experiment_TA\data\raw\RGB1\S23\AC8\RGB1_SUB23ACT8F121.jpg,1,1,0.593681275844574
213,23,8,31,D:\Skripsi\Experiment_TA\data\raw\RGB1\S23\AC8\RGB1_SUB23ACT8F31.jpg,1,1,0.7566977143287659
214,23,8,61,D:\Skripsi\Experiment_TA\data\raw\RGB1\S23\AC8\RGB1_SUB23ACT8F61.jpg,1,1,0.7732016444206238
215,23,8,91,D:\Skripsi\Experiment_TA\data\raw\RGB1\S23\AC8\RGB1_SUB23ACT8F91.jpg,1,1,0.7144536375999451
216,23,9,1,D:\Skripsi\Experiment_TA\data\raw\RGB1\S23\AC9\RGB1_SUB23ACT9F1.jpg,1,0,0.39266106486320496
217,23,9,121,D:\Skripsi\Experiment_TA\data\raw\RGB1\S23\AC9\RGB1_SUB23ACT9F121.jpg,1,1,0.6165063977241516
218,23,9,31,D:\Skripsi\Experiment_TA\data\raw\RGB1\S23\AC9\RGB1_SUB23ACT9F31.jpg,1,0,0.4537695348262787
219,23,9,61,D:\Skripsi\Experiment_TA\data\raw\RGB1\S23\AC9\RGB1_SUB23ACT9F61.jpg,1,1,0.5280576348304749
220,23,9,91,D:\Skripsi\Experiment_TA\data\raw\RGB1\S23\AC9\RGB1_SUB23ACT9F91.jpg,1,1,0.7659939527511597
221,24,1,1,D:\Skripsi\Experiment_TA\data\raw\RGB1\S24\AC1\RGB1_SUB24ACT1F1.jpg,0,0,0.30355358123779297
222,24,1,31,D:\Skripsi\Experiment_TA\data\raw\RGB1\S24\AC1\RGB1_SUB24ACT1F31.jpg,0,0,0.3348393440246582
223,24,1,61,D:\Skripsi\Experiment_TA\data\raw\RGB1\S24\AC1\RGB1_SUB24ACT1F61.jpg,0,0,0.4027947783470154
224,24,1,91,D:\Skripsi\Experiment_TA\data\raw\RGB1\S24\AC1\RGB1_SUB24ACT1F91.jpg,0,1,0.5247122049331665
225,24,5,1,D:\Skripsi\Experiment_TA\data\raw\RGB1\S24\AC5\RGB1_SUB24ACT5F1.jpg,1,1,0.8589849472045898
226,24,5,31,D:\Skripsi\Experiment_TA\data\raw\RGB1\S24\AC5\RGB1_SUB24ACT5F31.jpg,1,1,0.632861852645874
227,24,5,61,D:\Skripsi\Experiment_TA\data\raw\RGB1\S24\AC5\RGB1_SUB24ACT5F61.jpg,1,1,0.7111164331436157
228,24,5,91,D:\Skripsi\Experiment_TA\data\raw\RGB1\S24\AC5\RGB1_SUB24ACT5F91.jpg,1,1,0.6553505659103394
229,24,6,1,D:\Skripsi\Experiment_TA\data\raw\RGB1\S24\AC6\RGB1_SUB24ACT6F1.jpg,1,1,0.8779491782188416
230,24,6,31,D:\Skripsi\Experiment_TA\data\raw\RGB1\S24\AC6\RGB1_SUB24ACT6F31.jpg,1,1,0.8440053462982178
231,24,6,61,D:\Skripsi\Experiment_TA\data\raw\RGB1\S24\AC6\RGB1_SUB24ACT6F61.jpg,1,1,0.8507006764411926
232,24,6,91,D:\Skripsi\Experiment_TA\data\raw\RGB1\S24\AC6\RGB1_SUB24ACT6F91.jpg,1,1,0.8331574201583862
233,24,7,1,D:\Skripsi\Experiment_TA\data\raw\RGB1\S24\AC7\RGB1_SUB24ACT7F1.jpg,1,1,0.7514501810073853
234,24,7,121,D:\Skripsi\Experiment_TA\data\raw\RGB1\S24\AC7\RGB1_SUB24ACT7F121.jpg,1,1,0.7957571744918823
235,24,7,151,D:\Skripsi\Experiment_TA\data\raw\RGB1\S24\AC7\RGB1_SUB24ACT7F151.jpg,1,1,0.8588714003562927
236,24,7,31,D:\Skripsi\Experiment_TA\data\raw\RGB1\S24\AC7\RGB1_SUB24ACT7F31.jpg,1,1,0.9241136908531189
237,24,7,61,D:\Skripsi\Experiment_TA\data\raw\RGB1\S24\AC7\RGB1_SUB24ACT7F61.jpg,1,1,0.9311030507087708
238,24,7,91,D:\Skripsi\Experiment_TA\data\raw\RGB1\S24\AC7\RGB1_SUB24ACT7F91.jpg,1,1,0.9384331703186035
239,24,8,1,D:\Skripsi\Experiment_TA\data\raw\RGB1\S24\AC8\RGB1_SUB24ACT8F1.jpg,1,0,0.46524423360824585
240,24,8,121,D:\Skripsi\Experiment_TA\data\raw\RGB1\S24\AC8\RGB1_SUB24ACT8F121.jpg,1,1,0.7097619771957397
241,24,8,151,D:\Skripsi\Experiment_TA\data\raw\RGB1\S24\AC8\RGB1_SUB24ACT8F151.jpg,1,1,0.6736156940460205
242,24,8,31,D:\Skripsi\Experiment_TA\data\raw\RGB1\S24\AC8\RGB1_SUB24ACT8F31.jpg,1,0,0.40067633986473083
243,24,8,61,D:\Skripsi\Experiment_TA\data\raw\RGB1\S24\AC8\RGB1_SUB24ACT8F61.jpg,1,1,0.6675578355789185
244,24,8,91,D:\Skripsi\Experiment_TA\data\raw\RGB1\S24\AC8\RGB1_SUB24ACT8F91.jpg,1,1,0.5483033657073975
245,24,9,1,D:\Skripsi\Experiment_TA\data\raw\RGB1\S24\AC9\RGB1_SUB24ACT9F1.jpg,1,1,0.6534584164619446
246,24,9,121,D:\Skripsi\Experiment_TA\data\raw\RGB1\S24\AC9\RGB1_SUB24ACT9F121.jpg,1,1,0.5413860082626343
247,24,9,31,D:\Skripsi\Experiment_TA\data\raw\RGB1\S24\AC9\RGB1_SUB24ACT9F31.jpg,1,0,0.44423678517341614
248,24,9,61,D:\Skripsi\Experiment_TA\data\raw\RGB1\S24\AC9\RGB1_SUB24ACT9F61.jpg,1,1,0.5816880464553833
249,24,9,91,D:\Skripsi\Experiment_TA\data\raw\RGB1\S24\AC9\RGB1_SUB24ACT9F91.jpg,1,1,0.6989220976829529
250,25,1,1,D:\Skripsi\Experiment_TA\data\raw\RGB1\S25\AC1\RGB1_SUB25ACT1F1.jpg,0,0,0.46724388003349304
251,25,1,121,D:\Skripsi\Experiment_TA\data\raw\RGB1\S25\AC1\RGB1_SUB25ACT1F121.jpg,0,1,0.5556334853172302
252,25,1,31,D:\Skripsi\Experiment_TA\data\raw\RGB1\S25\AC1\RGB1_SUB25ACT1F31.jpg,0,0,0.46118053793907166
253,25,1,61,D:\Skripsi\Experiment_TA\data\raw\RGB1\S25\AC1\RGB1_SUB25ACT1F61.jpg,0,1,0.5291474461555481
254,25,1,91,D:\Skripsi\Experiment_TA\data\raw\RGB1\S25\AC1\RGB1_SUB25ACT1F91.jpg,0,1,0.5473083257675171
255,25,5,1,D:\Skripsi\Experiment_TA\data\raw\RGB1\S25\AC5\RGB1_SUB25ACT5F1.jpg,1,1,0.7137749791145325
256,25,5,121,D:\Skripsi\Experiment_TA\data\raw\RGB1\S25\AC5\RGB1_SUB25ACT5F121.jpg,1,1,0.6994628310203552
257,25,5,31,D:\Skripsi\Experiment_TA\data\raw\RGB1\S25\AC5\RGB1_SUB25ACT5F31.jpg,1,1,0.5760215520858765
258,25,5,61,D:\Skripsi\Experiment_TA\data\raw\RGB1\S25\AC5\RGB1_SUB25ACT5F61.jpg,1,1,0.693116307258606
259,25,5,91,D:\Skripsi\Experiment_TA\data\raw\RGB1\S25\AC5\RGB1_SUB25ACT5F91.jpg,1,1,0.8159701228141785
260,25,6,1,D:\Skripsi\Experiment_TA\data\raw\RGB1\S25\AC6\RGB1_SUB25ACT6F1.jpg,1,1,0.7286946177482605
261,25,6,31,D:\Skripsi\Experiment_TA\data\raw\RGB1\S25\AC6\RGB1_SUB25ACT6F31.jpg,1,1,0.6313928961753845
262,25,6,61,D:\Skripsi\Experiment_TA\data\raw\RGB1\S25\AC6\RGB1_SUB25ACT6F61.jpg,1,1,0.7038148045539856
263,25,6,91,D:\Skripsi\Experiment_TA\data\raw\RGB1\S25\AC6\RGB1_SUB25ACT6F91.jpg,1,1,0.6657106280326843
264,25,7,1,D:\Skripsi\Experiment_TA\data\raw\RGB1\S25\AC7\RGB1_SUB25ACT7F1.jpg,1,1,0.8820081949234009
265,25,7,31,D:\Skripsi\Experiment_TA\data\raw\RGB1\S25\AC7\RGB1_SUB25ACT7F31.jpg,1,1,0.8556528091430664
266,25,7,61,D:\Skripsi\Experiment_TA\data\raw\RGB1\S25\AC7\RGB1_SUB25ACT7F61.jpg,1,1,0.7698761820793152
267,25,8,1,D:\Skripsi\Experiment_TA\data\raw\RGB1\S25\AC8\RGB1_SUB25ACT8F1.jpg,1,1,0.7337916493415833
268,25,8,31,D:\Skripsi\Experiment_TA\data\raw\RGB1\S25\AC8\RGB1_SUB25ACT8F31.jpg,1,1,0.6606234908103943
269,25,8,61,D:\Skripsi\Experiment_TA\data\raw\RGB1\S25\AC8\RGB1_SUB25ACT8F61.jpg,1,1,0.7678293585777283
270,25,8,91,D:\Skripsi\Experiment_TA\data\raw\RGB1\S25\AC8\RGB1_SUB25ACT8F91.jpg,1,1,0.662817656993866
271,25,9,1,D:\Skripsi\Experiment_TA\data\raw\RGB1\S25\AC9\RGB1_SUB25ACT9F1.jpg,1,1,0.6793204545974731
272,25,9,31,D:\Skripsi\Experiment_TA\data\raw\RGB1\S25\AC9\RGB1_SUB25ACT9F31.jpg,1,1,0.6875718832015991
273,25,9,61,D:\Skripsi\Experiment_TA\data\raw\RGB1\S25\AC9\RGB1_SUB25ACT9F61.jpg,1,0,0.4303494691848755
274,26,1,1,D:\Skripsi\Experiment_TA\data\raw\RGB1\S26\AC1\RGB1_SUB26ACT1F1.jpg,0,0,0.32738205790519714
275,26,1,31,D:\Skripsi\Experiment_TA\data\raw\RGB1\S26\AC1\RGB1_SUB26ACT1F31.jpg,0,0,0.33400559425354004
276,26,1,61,D:\Skripsi\Experiment_TA\data\raw\RGB1\S26\AC1\RGB1_SUB26ACT1F61.jpg,0,0,0.37692025303840637
277,26,1,91,D:\Skripsi\Experiment_TA\data\raw\RGB1\S26\AC1\RGB1_SUB26ACT1F91.jpg,0,0,0.3401554822921753
278,26,5,1,D:\Skripsi\Experiment_TA\data\raw\RGB1\S26\AC5\RGB1_SUB26ACT5F1.jpg,1,1,0.6358450055122375
279,26,5,31,D:\Skripsi\Experiment_TA\data\raw\RGB1\S26\AC5\RGB1_SUB26ACT5F31.jpg,1,1,0.6869497299194336
280,26,5,61,D:\Skripsi\Experiment_TA\data\raw\RGB1\S26\AC5\RGB1_SUB26ACT5F61.jpg,1,1,0.5776169896125793
281,26,6,1,D:\Skripsi\Experiment_TA\data\raw\RGB1\S26\AC6\RGB1_SUB26ACT6F1.jpg,1,1,0.6624439358711243
282,26,6,31,D:\Skripsi\Experiment_TA\data\raw\RGB1\S26\AC6\RGB1_SUB26ACT6F31.jpg,1,1,0.6023021340370178
283,26,6,61,D:\Skripsi\Experiment_TA\data\raw\RGB1\S26\AC6\RGB1_SUB26ACT6F61.jpg,1,1,0.8541139960289001
284,26,6,91,D:\Skripsi\Experiment_TA\data\raw\RGB1\S26\AC6\RGB1_SUB26ACT6F91.jpg,1,0,0.4941362142562866
285,26,7,1,D:\Skripsi\Experiment_TA\data\raw\RGB1\S26\AC7\RGB1_SUB26ACT7F1.jpg,1,1,0.7025105953216553
286,26,7,121,D:\Skripsi\Experiment_TA\data\raw\RGB1\S26\AC7\RGB1_SUB26ACT7F121.jpg,1,1,0.7387030124664307
287,26,7,151,D:\Skripsi\Experiment_TA\data\raw\RGB1\S26\AC7\RGB1_SUB26ACT7F151.jpg,1,1,0.816379964351654
288,26,7,31,D:\Skripsi\Experiment_TA\data\raw\RGB1\S26\AC7\RGB1_SUB26ACT7F31.jpg,1,1,0.7780424356460571
289,26,7,61,D:\Skripsi\Experiment_TA\data\raw\RGB1\S26\AC7\RGB1_SUB26ACT7F61.jpg,1,1,0.7445385456085205
290,26,7,91,D:\Skripsi\Experiment_TA\data\raw\RGB1\S26\AC7\RGB1_SUB26ACT7F91.jpg,1,1,0.7141098976135254
291,26,8,1,D:\Skripsi\Experiment_TA\data\raw\RGB1\S26\AC8\RGB1_SUB26ACT8F1.jpg,1,0,0.4006158709526062
292,26,8,31,D:\Skripsi\Experiment_TA\data\raw\RGB1\S26\AC8\RGB1_SUB26ACT8F31.jpg,1,1,0.5541746616363525
293,26,8,61,D:\Skripsi\Experiment_TA\data\raw\RGB1\S26\AC8\RGB1_SUB26ACT8F61.jpg,1,1,0.5933902263641357
294,26,8,91,D:\Skripsi\Experiment_TA\data\raw\RGB1\S26\AC8\RGB1_SUB26ACT8F91.jpg,1,1,0.5224393010139465
295,26,9,1,D:\Skripsi\Experiment_TA\data\raw\RGB1\S26\AC9\RGB1_SUB26ACT9F1.jpg,1,1,0.7602012753486633
296,26,9,121,D:\Skripsi\Experiment_TA\data\raw\RGB1\S26\AC9\RGB1_SUB26ACT9F121.jpg,1,1,0.7320787310600281
297,26,9,31,D:\Skripsi\Experiment_TA\data\raw\RGB1\S26\AC9\RGB1_SUB26ACT9F31.jpg,1,0,0.3499644696712494
298,26,9,61,D:\Skripsi\Experiment_TA\data\raw\RGB1\S26\AC9\RGB1_SUB26ACT9F61.jpg,1,1,0.7167938351631165
299,26,9,91,D:\Skripsi\Experiment_TA\data\raw\RGB1\S26\AC9\RGB1_SUB26ACT9F91.jpg,1,1,0.7196197509765625
300,28,1,1,D:\Skripsi\Experiment_TA\data\raw\RGB1\S28\AC1\RGB1_SUB28ACT1F1.jpg,0,1,0.633063554763794
301,28,1,121,D:\Skripsi\Experiment_TA\data\raw\RGB1\S28\AC1\RGB1_SUB28ACT1F121.jpg,0,1,0.5897815227508545
302,28,1,31,D:\Skripsi\Experiment_TA\data\raw\RGB1\S28\AC1\RGB1_SUB28ACT1F31.jpg,0,1,0.5003501176834106
303,28,1,61,D:\Skripsi\Experiment_TA\data\raw\RGB1\S28\AC1\RGB1_SUB28ACT1F61.jpg,0,1,0.5212454795837402
304,28,1,91,D:\Skripsi\Experiment_TA\data\raw\RGB1\S28\AC1\RGB1_SUB28ACT1F91.jpg,0,1,0.6428268551826477
305,28,5,1,D:\Skripsi\Experiment_TA\data\raw\RGB1\S28\AC5\RGB1_SUB28ACT5F1.jpg,1,1,0.5372545123100281
306,28,5,121,D:\Skripsi\Experiment_TA\data\raw\RGB1\S28\AC5\RGB1_SUB28ACT5F121.jpg,1,1,0.6196403503417969
307,28,5,151,D:\Skripsi\Experiment_TA\data\raw\RGB1\S28\AC5\RGB1_SUB28ACT5F151.jpg,1,1,0.7280893921852112
308,28,5,31,D:\Skripsi\Experiment_TA\data\raw\RGB1\S28\AC5\RGB1_SUB28ACT5F31.jpg,1,1,0.7463815212249756
309,28,5,61,D:\Skripsi\Experiment_TA\data\raw\RGB1\S28\AC5\RGB1_SUB28ACT5F61.jpg,1,1,0.6824745535850525
310,28,5,91,D:\Skripsi\Experiment_TA\data\raw\RGB1\S28\AC5\RGB1_SUB28ACT5F91.jpg,1,1,0.6682941913604736
311,28,6,1,D:\Skripsi\Experiment_TA\data\raw\RGB1\S28\AC6\RGB1_SUB28ACT6F1.jpg,1,1,0.5865831971168518
312,28,6,31,D:\Skripsi\Experiment_TA\data\raw\RGB1\S28\AC6\RGB1_SUB28ACT6F31.jpg,1,1,0.6942771673202515
313,28,6,61,D:\Skripsi\Experiment_TA\data\raw\RGB1\S28\AC6\RGB1_SUB28ACT6F61.jpg,1,1,0.6969841718673706
314,28,6,91,D:\Skripsi\Experiment_TA\data\raw\RGB1\S28\AC6\RGB1_SUB28ACT6F91.jpg,1,1,0.6113905906677246
315,28,7,1,D:\Skripsi\Experiment_TA\data\raw\RGB1\S28\AC7\RGB1_SUB28ACT7F1.jpg,1,1,0.7580032348632812
316,28,7,121,D:\Skripsi\Experiment_TA\data\raw\RGB1\S28\AC7\RGB1_SUB28ACT7F121.jpg,1,1,0.8789013624191284
317,28,7,151,D:\Skripsi\Experiment_TA\data\raw\RGB1\S28\AC7\RGB1_SUB28ACT7F151.jpg,1,1,0.8892716765403748
318,28,7,31,D:\Skripsi\Experiment_TA\data\raw\RGB1\S28\AC7\RGB1_SUB28ACT7F31.jpg,1,1,0.8217896223068237
319,28,7,61,D:\Skripsi\Experiment_TA\data\raw\RGB1\S28\AC7\RGB1_SUB28ACT7F61.jpg,1,1,0.9104160666465759
320,28,7,91,D:\Skripsi\Experiment_TA\data\raw\RGB1\S28\AC7\RGB1_SUB28ACT7F91.jpg,1,1,0.869592010974884
321,28,8,1,D:\Skripsi\Experiment_TA\data\raw\RGB1\S28\AC8\RGB1_SUB28ACT8F1.jpg,1,1,0.8253874182701111
322,28,8,31,D:\Skripsi\Experiment_TA\data\raw\RGB1\S28\AC8\RGB1_SUB28ACT8F31.jpg,1,1,0.7943007946014404
323,28,8,61,D:\Skripsi\Experiment_TA\data\raw\RGB1\S28\AC8\RGB1_SUB28ACT8F61.jpg,1,1,0.7000345587730408
324,28,8,91,D:\Skripsi\Experiment_TA\data\raw\RGB1\S28\AC8\RGB1_SUB28ACT8F91.jpg,1,1,0.7830581068992615
325,28,9,1,D:\Skripsi\Experiment_TA\data\raw\RGB1\S28\AC9\RGB1_SUB28ACT9F1.jpg,1,1,0.6374817490577698
326,28,9,121,D:\Skripsi\Experiment_TA\data\raw\RGB1\S28\AC9\RGB1_SUB28ACT9F121.jpg,1,1,0.5977303981781006
327,28,9,151,D:\Skripsi\Experiment_TA\data\raw\RGB1\S28\AC9\RGB1_SUB28ACT9F151.jpg,1,1,0.6743674278259277
328,28,9,31,D:\Skripsi\Experiment_TA\data\raw\RGB1\S28\AC9\RGB1_SUB28ACT9F31.jpg,1,1,0.6697388291358948
329,28,9,61,D:\Skripsi\Experiment_TA\data\raw\RGB1\S28\AC9\RGB1_SUB28ACT9F61.jpg,1,1,0.7234945297241211
330,28,9,91,D:\Skripsi\Experiment_TA\data\raw\RGB1\S28\AC9\RGB1_SUB28ACT9F91.jpg,1,1,0.6358547806739807
331,29,1,1,D:\Skripsi\Experiment_TA\data\raw\RGB1\S29\AC1\RGB1_SUB29ACT1F1.jpg,0,1,0.8116093873977661
332,29,1,121,D:\Skripsi\Experiment_TA\data\raw\RGB1\S29\AC1\RGB1_SUB29ACT1F121.jpg,0,1,0.7860799431800842
333,29,1,31,D:\Skripsi\Experiment_TA\data\raw\RGB1\S29\AC1\RGB1_SUB29ACT1F31.jpg,0,1,0.7514715790748596
334,29,1,61,D:\Skripsi\Experiment_TA\data\raw\RGB1\S29\AC1\RGB1_SUB29ACT1F61.jpg,0,1,0.8785618543624878
335,29,1,91,D:\Skripsi\Experiment_TA\data\raw\RGB1\S29\AC1\RGB1_SUB29ACT1F91.jpg,0,1,0.8601646423339844
336,29,5,1,D:\Skripsi\Experiment_TA\data\raw\RGB1\S29\AC5\RGB1_SUB29ACT5F1.jpg,1,1,0.8206959962844849
337,29,5,121,D:\Skripsi\Experiment_TA\data\raw\RGB1\S29\AC5\RGB1_SUB29ACT5F121.jpg,1,1,0.9078084230422974
338,29,5,31,D:\Skripsi\Experiment_TA\data\raw\RGB1\S29\AC5\RGB1_SUB29ACT5F31.jpg,1,1,0.8228751420974731
339,29,5,61,D:\Skripsi\Experiment_TA\data\raw\RGB1\S29\AC5\RGB1_SUB29ACT5F61.jpg,1,1,0.9345341920852661
340,29,5,91,D:\Skripsi\Experiment_TA\data\raw\RGB1\S29\AC5\RGB1_SUB29ACT5F91.jpg,1,1,0.7947237491607666
341,29,6,1,D:\Skripsi\Experiment_TA\data\raw\RGB1\S29\AC6\RGB1_SUB29ACT6F1.jpg,1,1,0.893198549747467
342,29,6,31,D:\Skripsi\Experiment_TA\data\raw\RGB1\S29\AC6\RGB1_SUB29ACT6F31.jpg,1,1,0.8987827301025391
343,29,6,61,D:\Skripsi\Experiment_TA\data\raw\RGB1\S29\AC6\RGB1_SUB29ACT6F61.jpg,1,1,0.8735883831977844
344,29,6,91,D:\Skripsi\Experiment_TA\data\raw\RGB1\S29\AC6\RGB1_SUB29ACT6F91.jpg,1,1,0.8600828051567078
345,29,7,1,D:\Skripsi\Experiment_TA\data\raw\RGB1\S29\AC7\RGB1_SUB29ACT7F1.jpg,1,1,0.8361891508102417
346,29,7,121,D:\Skripsi\Experiment_TA\data\raw\RGB1\S29\AC7\RGB1_SUB29ACT7F121.jpg,1,1,0.873728334903717
347,29,7,31,D:\Skripsi\Experiment_TA\data\raw\RGB1\S29\AC7\RGB1_SUB29ACT7F31.jpg,1,1,0.9281932711601257
348,29,7,61,D:\Skripsi\Experiment_TA\data\raw\RGB1\S29\AC7\RGB1_SUB29ACT7F61.jpg,1,1,0.8426271080970764
349,29,7,91,D:\Skripsi\Experiment_TA\data\raw\RGB1\S29\AC7\RGB1_SUB29ACT7F91.jpg,1,1,0.9516717791557312
350,29,8,1,D:\Skripsi\Experiment_TA\data\raw\RGB1\S29\AC8\RGB1_SUB29ACT8F1.jpg,1,1,0.9248492121696472
351,29,8,121,D:\Skripsi\Experiment_TA\data\raw\RGB1\S29\AC8\RGB1_SUB29ACT8F121.jpg,1,1,0.8735314607620239
352,29,8,151,D:\Skripsi\Experiment_TA\data\raw\RGB1\S29\AC8\RGB1_SUB29ACT8F151.jpg,1,1,0.7967529892921448
353,29,8,31,D:\Skripsi\Experiment_TA\data\raw\RGB1\S29\AC8\RGB1_SUB29ACT8F31.jpg,1,1,0.922915518283844
354,29,8,61,D:\Skripsi\Experiment_TA\data\raw\RGB1\S29\AC8\RGB1_SUB29ACT8F61.jpg,1,1,0.9069955945014954
355,29,8,91,D:\Skripsi\Experiment_TA\data\raw\RGB1\S29\AC8\RGB1_SUB29ACT8F91.jpg,1,1,0.9079828858375549
356,29,9,1,D:\Skripsi\Experiment_TA\data\raw\RGB1\S29\AC9\RGB1_SUB29ACT9F1.jpg,1,1,0.7489157319068909
357,29,9,121,D:\Skripsi\Experiment_TA\data\raw\RGB1\S29\AC9\RGB1_SUB29ACT9F121.jpg,1,1,0.7351672649383545
358,29,9,151,D:\Skripsi\Experiment_TA\data\raw\RGB1\S29\AC9\RGB1_SUB29ACT9F151.jpg,1,1,0.724663496017456
359,29,9,31,D:\Skripsi\Experiment_TA\data\raw\RGB1\S29\AC9\RGB1_SUB29ACT9F31.jpg,1,1,0.6987728476524353
360,29,9,61,D:\Skripsi\Experiment_TA\data\raw\RGB1\S29\AC9\RGB1_SUB29ACT9F61.jpg,1,1,0.6014001369476318
361,29,9,91,D:\Skripsi\Experiment_TA\data\raw\RGB1\S29\AC9\RGB1_SUB29ACT9F91.jpg,1,1,0.7995333671569824
362,30,1,1,D:\Skripsi\Experiment_TA\data\raw\RGB1\S30\AC1\RGB1_SUB30ACT1F1.jpg,0,1,0.5067909955978394
363,30,1,31,D:\Skripsi\Experiment_TA\data\raw\RGB1\S30\AC1\RGB1_SUB30ACT1F31.jpg,0,1,0.5444144010543823
364,30,1,61,D:\Skripsi\Experiment_TA\data\raw\RGB1\S30\AC1\RGB1_SUB30ACT1F61.jpg,0,0,0.49017953872680664
365,30,1,91,D:\Skripsi\Experiment_TA\data\raw\RGB1\S30\AC1\RGB1_SUB30ACT1F91.jpg,0,1,0.5656850934028625
366,30,5,1,D:\Skripsi\Experiment_TA\data\raw\RGB1\S30\AC5\RGB1_SUB30ACT5F1.jpg,1,1,0.6177045106887817
367,30,5,31,D:\Skripsi\Experiment_TA\data\raw\RGB1\S30\AC5\RGB1_SUB30ACT5F31.jpg,1,1,0.5500363111495972
368,30,5,61,D:\Skripsi\Experiment_TA\data\raw\RGB1\S30\AC5\RGB1_SUB30ACT5F61.jpg,1,1,0.6559652090072632
369,30,5,91,D:\Skripsi\Experiment_TA\data\raw\RGB1\S30\AC5\RGB1_SUB30ACT5F91.jpg,1,1,0.6119220852851868
370,30,6,1,D:\Skripsi\Experiment_TA\data\raw\RGB1\S30\AC6\RGB1_SUB30ACT6F1.jpg,1,1,0.5045767426490784
371,30,6,121,D:\Skripsi\Experiment_TA\data\raw\RGB1\S30\AC6\RGB1_SUB30ACT6F121.jpg,1,1,0.5126209855079651
372,30,6,31,D:\Skripsi\Experiment_TA\data\raw\RGB1\S30\AC6\RGB1_SUB30ACT6F31.jpg,1,1,0.5609859228134155
373,30,6,61,D:\Skripsi\Experiment_TA\data\raw\RGB1\S30\AC6\RGB1_SUB30ACT6F61.jpg,1,1,0.5178425908088684
374,30,6,91,D:\Skripsi\Experiment_TA\data\raw\RGB1\S30\AC6\RGB1_SUB30ACT6F91.jpg,1,1,0.5224888920783997
375,30,7,1,D:\Skripsi\Experiment_TA\data\raw\RGB1\S30\AC7\RGB1_SUB30ACT7F1.jpg,1,1,0.6287633776664734
376,30,7,121,D:\Skripsi\Experiment_TA\data\raw\RGB1\S30\AC7\RGB1_SUB30ACT7F121.jpg,1,1,0.7948405146598816
377,30,7,151,D:\Skripsi\Experiment_TA\data\raw\RGB1\S30\AC7\RGB1_SUB30ACT7F151.jpg,1,1,0.812740683555603
378,30,7,31,D:\Skripsi\Experiment_TA\data\raw\RGB1\S30\AC7\RGB1_SUB30ACT7F31.jpg,1,1,0.8351030945777893
379,30,7,61,D:\Skripsi\Experiment_TA\data\raw\RGB1\S30\AC7\RGB1_SUB30ACT7F61.jpg,1,1,0.8192300200462341
380,30,7,91,D:\Skripsi\Experiment_TA\data\raw\RGB1\S30\AC7\RGB1_SUB30ACT7F91.jpg,1,1,0.7414474487304688
381,30,8,1,D:\Skripsi\Experiment_TA\data\raw\RGB1\S30\AC8\RGB1_SUB30ACT8F1.jpg,1,0,0.36147552728652954
382,30,8,121,D:\Skripsi\Experiment_TA\data\raw\RGB1\S30\AC8\RGB1_SUB30ACT8F121.jpg,1,1,0.8814650177955627
383,30,8,31,D:\Skripsi\Experiment_TA\data\raw\RGB1\S30\AC8\RGB1_SUB30ACT8F31.jpg,1,0,0.49037522077560425
384,30,8,61,D:\Skripsi\Experiment_TA\data\raw\RGB1\S30\AC8\RGB1_SUB30ACT8F61.jpg,1,0,0.38079968094825745
385,30,8,91,D:\Skripsi\Experiment_TA\data\raw\RGB1\S30\AC8\RGB1_SUB30ACT8F91.jpg,1,1,0.5199266672134399
386,30,9,1,D:\Skripsi\Experiment_TA\data\raw\RGB1\S30\AC9\RGB1_SUB30ACT9F1.jpg,1,1,0.7122434377670288
387,30,9,121,D:\Skripsi\Experiment_TA\data\raw\RGB1\S30\AC9\RGB1_SUB30ACT9F121.jpg,1,1,0.8433550596237183
388,30,9,31,D:\Skripsi\Experiment_TA\data\raw\RGB1\S30\AC9\RGB1_SUB30ACT9F31.jpg,1,1,0.8897538185119629
389,30,9,61,D:\Skripsi\Experiment_TA\data\raw\RGB1\S30\AC9\RGB1_SUB30ACT9F61.jpg,1,1,0.593722939491272
390,30,9,91,D:\Skripsi\Experiment_TA\data\raw\RGB1\S30\AC9\RGB1_SUB30ACT9F91.jpg,1,1,0.6596968770027161
391,31,1,1,D:\Skripsi\Experiment_TA\data\raw\RGB1\S31\AC1\RGB1_SUB31ACT1F1.jpg,0,1,0.5046437382698059
392,31,1,31,D:\Skripsi\Experiment_TA\data\raw\RGB1\S31\AC1\RGB1_SUB31ACT1F31.jpg,0,1,0.5895066857337952
393,31,1,61,D:\Skripsi\Experiment_TA\data\raw\RGB1\S31\AC1\RGB1_SUB31ACT1F61.jpg,0,0,0.47837233543395996
394,31,1,91,D:\Skripsi\Experiment_TA\data\raw\RGB1\S31\AC1\RGB1_SUB31ACT1F91.jpg,0,1,0.5081403851509094
395,31,9,1,D:\Skripsi\Experiment_TA\data\raw\RGB1\S31\AC10\RGB1_SUB31ACT10F1.jpg,1,1,0.767536461353302
396,31,9,121,D:\Skripsi\Experiment_TA\data\raw\RGB1\S31\AC10\RGB1_SUB31ACT10F121.jpg,1,1,0.6058734655380249
397,31,9,31,D:\Skripsi\Experiment_TA\data\raw\RGB1\S31\AC10\RGB1_SUB31ACT10F31.jpg,1,1,0.7830908894538879
398,31,9,61,D:\Skripsi\Experiment_TA\data\raw\RGB1\S31\AC10\RGB1_SUB31ACT10F61.jpg,1,1,0.709053635597229
399,31,9,91,D:\Skripsi\Experiment_TA\data\raw\RGB1\S31\AC10\RGB1_SUB31ACT10F91.jpg,1,1,0.611483097076416
400,31,5,1,D:\Skripsi\Experiment_TA\data\raw\RGB1\S31\AC5\RGB1_SUB31ACT5F1.jpg,1,1,0.8201138377189636
401,31,5,31,D:\Skripsi\Experiment_TA\data\raw\RGB1\S31\AC5\RGB1_SUB31ACT5F31.jpg,1,1,0.8782205581665039
402,31,5,61,D:\Skripsi\Experiment_TA\data\raw\RGB1\S31\AC5\RGB1_SUB31ACT5F61.jpg,1,1,0.8789358735084534
403,31,5,91,D:\Skripsi\Experiment_TA\data\raw\RGB1\S31\AC5\RGB1_SUB31ACT5F91.jpg,1,1,0.872140645980835
404,31,6,1,D:\Skripsi\Experiment_TA\data\raw\RGB1\S31\AC6\RGB1_SUB31ACT6F1.jpg,1,1,0.5217335224151611
405,31,6,31,D:\Skripsi\Experiment_TA\data\raw\RGB1\S31\AC6\RGB1_SUB31ACT6F31.jpg,1,1,0.5226998925209045
406,31,6,61,D:\Skripsi\Experiment_TA\data\raw\RGB1\S31\AC6\RGB1_SUB31ACT6F61.jpg,1,1,0.6074209809303284
407,31,7,1,D:\Skripsi\Experiment_TA\data\raw\RGB1\S31\AC7\RGB1_SUB31ACT7F1.jpg,1,1,0.6251647472381592
408,31,7,31,D:\Skripsi\Experiment_TA\data\raw\RGB1\S31\AC7\RGB1_SUB31ACT7F31.jpg,1,1,0.8924310207366943
409,31,7,61,D:\Skripsi\Experiment_TA\data\raw\RGB1\S31\AC7\RGB1_SUB31ACT7F61.jpg,1,1,0.6739412546157837
410,31,7,91,D:\Skripsi\Experiment_TA\data\raw\RGB1\S31\AC7\RGB1_SUB31ACT7F91.jpg,1,1,0.7796098589897156
411,31,8,1,D:\Skripsi\Experiment_TA\data\raw\RGB1\S31\AC8\RGB1_SUB31ACT8F1.jpg,1,1,0.6732484698295593
412,31,8,121,D:\Skripsi\Experiment_TA\data\raw\RGB1\S31\AC8\RGB1_SUB31ACT8F121.jpg,1,1,0.6870101094245911
413,31,8,31,D:\Skripsi\Experiment_TA\data\raw\RGB1\S31\AC8\RGB1_SUB31ACT8F31.jpg,1,1,0.6166548132896423
414,31,8,61,D:\Skripsi\Experiment_TA\data\raw\RGB1\S31\AC8\RGB1_SUB31ACT8F61.jpg,1,1,0.7279297709465027
415,31,8,91,D:\Skripsi\Experiment_TA\data\raw\RGB1\S31\AC8\RGB1_SUB31ACT8F91.jpg,1,1,0.6886019110679626
416,32,1,1,D:\Skripsi\Experiment_TA\data\raw\RGB1\S32\AC1\RGB1_SUB32ACT1F1.jpg,0,1,0.7441189289093018
417,32,1,31,D:\Skripsi\Experiment_TA\data\raw\RGB1\S32\AC1\RGB1_SUB32ACT1F31.jpg,0,1,0.717947781085968
418,32,1,61,D:\Skripsi\Experiment_TA\data\raw\RGB1\S32\AC1\RGB1_SUB32ACT1F61.jpg,0,1,0.6492325663566589
419,32,1,91,D:\Skripsi\Experiment_TA\data\raw\RGB1\S32\AC1\RGB1_SUB32ACT1F91.jpg,0,1,0.6244174242019653
420,32,5,1,D:\Skripsi\Experiment_TA\data\raw\RGB1\S32\AC5\RGB1_SUB32ACT5F1.jpg,1,1,0.706060528755188
421,32,5,31,D:\Skripsi\Experiment_TA\data\raw\RGB1\S32\AC5\RGB1_SUB32ACT5F31.jpg,1,1,0.8542392253875732
422,32,5,61,D:\Skripsi\Experiment_TA\data\raw\RGB1\S32\AC5\RGB1_SUB32ACT5F61.jpg,1,1,0.7644780874252319
423,32,5,91,D:\Skripsi\Experiment_TA\data\raw\RGB1\S32\AC5\RGB1_SUB32ACT5F91.jpg,1,1,0.7387999296188354
424,32,6,1,D:\Skripsi\Experiment_TA\data\raw\RGB1\S32\AC6\RGB1_SUB32ACT6F1.jpg,1,1,0.7314960956573486
425,32,6,31,D:\Skripsi\Experiment_TA\data\raw\RGB1\S32\AC6\RGB1_SUB32ACT6F31.jpg,1,1,0.7169434428215027
426,32,6,61,D:\Skripsi\Experiment_TA\data\raw\RGB1\S32\AC6\RGB1_SUB32ACT6F61.jpg,1,1,0.720712423324585
427,32,6,91,D:\Skripsi\Experiment_TA\data\raw\RGB1\S32\AC6\RGB1_SUB32ACT6F91.jpg,1,1,0.751037061214447
428,32,7,1,D:\Skripsi\Experiment_TA\data\raw\RGB1\S32\AC7\RGB1_SUB32ACT7F1.jpg,1,1,0.8118177056312561
429,32,7,31,D:\Skripsi\Experiment_TA\data\raw\RGB1\S32\AC7\RGB1_SUB32ACT7F31.jpg,1,1,0.8344125747680664
430,32,7,61,D:\Skripsi\Experiment_TA\data\raw\RGB1\S32\AC7\RGB1_SUB32ACT7F61.jpg,1,1,0.892992377281189
431,32,7,91,D:\Skripsi\Experiment_TA\data\raw\RGB1\S32\AC7\RGB1_SUB32ACT7F91.jpg,1,1,0.8084045052528381
432,32,8,1,D:\Skripsi\Experiment_TA\data\raw\RGB1\S32\AC8\RGB1_SUB32ACT8F1.jpg,1,1,0.7422851920127869
433,32,8,31,D:\Skripsi\Experiment_TA\data\raw\RGB1\S32\AC8\RGB1_SUB32ACT8F31.jpg,1,1,0.732612133026123
434,32,8,61,D:\Skripsi\Experiment_TA\data\raw\RGB1\S32\AC8\RGB1_SUB32ACT8F61.jpg,1,1,0.7644798159599304
435,32,9,1,D:\Skripsi\Experiment_TA\data\raw\RGB1\S32\AC9\RGB1_SUB32ACT9F1.jpg,1,1,0.7080434560775757
436,32,9,31,D:\Skripsi\Experiment_TA\data\raw\RGB1\S32\AC9\RGB1_SUB32ACT9F31.jpg,1,1,0.77369225025177
437,32,9,61,D:\Skripsi\Experiment_TA\data\raw\RGB1\S32\AC9\RGB1_SUB32ACT9F61.jpg,1,1,0.7351565361022949
438,33,1,1,D:\Skripsi\Experiment_TA\data\raw\RGB1\S33\AC1\RGB1_SUB33ACT1F1.jpg,0,0,0.4952523410320282
439,33,1,31,D:\Skripsi\Experiment_TA\data\raw\RGB1\S33\AC1\RGB1_SUB33ACT1F31.jpg,0,1,0.5290982127189636
440,33,1,61,D:\Skripsi\Experiment_TA\data\raw\RGB1\S33\AC1\RGB1_SUB33ACT1F61.jpg,0,0,0.46240881085395813
441,33,5,1,D:\Skripsi\Experiment_TA\data\raw\RGB1\S33\AC5\RGB1_SUB33ACT5F1.jpg,1,1,0.6703504920005798
442,33,5,31,D:\Skripsi\Experiment_TA\data\raw\RGB1\S33\AC5\RGB1_SUB33ACT5F31.jpg,1,1,0.7533045411109924
443,33,5,61,D:\Skripsi\Experiment_TA\data\raw\RGB1\S33\AC5\RGB1_SUB33ACT5F61.jpg,1,1,0.6880398392677307
444,33,6,1,D:\Skripsi\Experiment_TA\data\raw\RGB1\S33\AC6\RGB1_SUB33ACT6F1.jpg,1,1,0.6443433165550232
445,33,6,31,D:\Skripsi\Experiment_TA\data\raw\RGB1\S33\AC6\RGB1_SUB33ACT6F31.jpg,1,1,0.7456849813461304
446,33,6,61,D:\Skripsi\Experiment_TA\data\raw\RGB1\S33\AC6\RGB1_SUB33ACT6F61.jpg,1,1,0.5418590903282166
447,33,7,1,D:\Skripsi\Experiment_TA\data\raw\RGB1\S33\AC7\RGB1_SUB33ACT7F1.jpg,1,1,0.8647902607917786
448,33,7,31,D:\Skripsi\Experiment_TA\data\raw\RGB1\S33\AC7\RGB1_SUB33ACT7F31.jpg,1,1,0.8721039891242981
449,33,7,61,D:\Skripsi\Experiment_TA\data\raw\RGB1\S33\AC7\RGB1_SUB33ACT7F61.jpg,1,1,0.6861896514892578
450,33,7,91,D:\Skripsi\Experiment_TA\data\raw\RGB1\S33\AC7\RGB1_SUB33ACT7F91.jpg,1,1,0.7695115208625793
451,33,8,1,D:\Skripsi\Experiment_TA\data\raw\RGB1\S33\AC8\RGB1_SUB33ACT8F1.jpg,1,0,0.375524640083313
452,33,8,31,D:\Skripsi\Experiment_TA\data\raw\RGB1\S33\AC8\RGB1_SUB33ACT8F31.jpg,1,0,0.3540635108947754
453,33,8,61,D:\Skripsi\Experiment_TA\data\raw\RGB1\S33\AC8\RGB1_SUB33ACT8F61.jpg,1,0,0.326160728931427
454,33,8,91,D:\Skripsi\Experiment_TA\data\raw\RGB1\S33\AC8\RGB1_SUB33ACT8F91.jpg,1,1,0.659712553024292
455,33,9,1,D:\Skripsi\Experiment_TA\data\raw\RGB1\S33\AC9\RGB1_SUB33ACT9F1.jpg,1,0,0.41622138023376465
456,33,9,31,D:\Skripsi\Experiment_TA\data\raw\RGB1\S33\AC9\RGB1_SUB33ACT9F31.jpg,1,0,0.471343070268631
457,33,9,61,D:\Skripsi\Experiment_TA\data\raw\RGB1\S33\AC9\RGB1_SUB33ACT9F61.jpg,1,0,0.49375689029693604
458,33,9,91,D:\Skripsi\Experiment_TA\data\raw\RGB1\S33\AC9\RGB1_SUB33ACT9F91.jpg,1,0,0.47726526856422424
459,34,1,1,D:\Skripsi\Experiment_TA\data\raw\RGB1\S34\AC1\RGB1_SUB34ACT1F1.jpg,0,0,0.31601929664611816
460,34,1,31,D:\Skripsi\Experiment_TA\data\raw\RGB1\S34\AC1\RGB1_SUB34ACT1F31.jpg,0,0,0.3327852487564087
461,34,1,61,D:\Skripsi\Experiment_TA\data\raw\RGB1\S34\AC1\RGB1_SUB34ACT1F61.jpg,0,0,0.2909359633922577
462,34,5,1,D:\Skripsi\Experiment_TA\data\raw\RGB1\S34\AC5\RGB1_SUB34ACT5F1.jpg,1,1,0.7649913430213928
463,34,5,31,D:\Skripsi\Experiment_TA\data\raw\RGB1\S34\AC5\RGB1_SUB34ACT5F31.jpg,1,1,0.7343710660934448
464,34,5,61,D:\Skripsi\Experiment_TA\data\raw\RGB1\S34\AC5\RGB1_SUB34ACT5F61.jpg,1,1,0.830298662185669
465,34,6,1,D:\Skripsi\Experiment_TA\data\raw\RGB1\S34\AC6\RGB1_SUB34ACT6F1.jpg,1,1,0.5575128197669983
466,34,6,31,D:\Skripsi\Experiment_TA\data\raw\RGB1\S34\AC6\RGB1_SUB34ACT6F31.jpg,1,0,0.45638394355773926
467,34,6,61,D:\Skripsi\Experiment_TA\data\raw\RGB1\S34\AC6\RGB1_SUB34ACT6F61.jpg,1,1,0.532940149307251
468,34,7,1,D:\Skripsi\Experiment_TA\data\raw\RGB1\S34\AC7\RGB1_SUB34ACT7F1.jpg,1,1,0.8298418521881104
469,34,7,31,D:\Skripsi\Experiment_TA\data\raw\RGB1\S34\AC7\RGB1_SUB34ACT7F31.jpg,1,1,0.8686937689781189
470,34,7,61,D:\Skripsi\Experiment_TA\data\raw\RGB1\S34\AC7\RGB1_SUB34ACT7F61.jpg,1,1,0.867773175239563
471,34,8,1,D:\Skripsi\Experiment_TA\data\raw\RGB1\S34\AC8\RGB1_SUB34ACT8F1.jpg,1,0,0.43162310123443604
472,34,8,31,D:\Skripsi\Experiment_TA\data\raw\RGB1\S34\AC8\RGB1_SUB34ACT8F31.jpg,1,1,0.5830128192901611
473,34,8,61,D:\Skripsi\Experiment_TA\data\raw\RGB1\S34\AC8\RGB1_SUB34ACT8F61.jpg,1,0,0.37478315830230713
474,34,8,91,D:\Skripsi\Experiment_TA\data\raw\RGB1\S34\AC8\RGB1_SUB34ACT8F91.jpg,1,1,0.550325334072113
475,34,9,1,D:\Skripsi\Experiment_TA\data\raw\RGB1\S34\AC9\RGB1_SUB34ACT9F1.jpg,1,1,0.7363188862800598
476,34,9,31,D:\Skripsi\Experiment_TA\data\raw\RGB1\S34\AC9\RGB1_SUB34ACT9F31.jpg,1,1,0.783395528793335
477,34,9,61,D:\Skripsi\Experiment_TA\data\raw\RGB1\S34\AC9\RGB1_SUB34ACT9F61.jpg,1,1,0.8038008809089661
478,35,1,1,D:\Skripsi\Experiment_TA\data\raw\RGB1\S35\AC1\RGB1_SUB35ACT1F1.jpg,0,1,0.5123372673988342
479,35,1,121,D:\Skripsi\Experiment_TA\data\raw\RGB1\S35\AC1\RGB1_SUB35ACT1F121.jpg,0,0,0.4214026927947998
480,35,1,31,D:\Skripsi\Experiment_TA\data\raw\RGB1\S35\AC1\RGB1_SUB35ACT1F31.jpg,0,0,0.36132577061653137
481,35,1,61,D:\Skripsi\Experiment_TA\data\raw\RGB1\S35\AC1\RGB1_SUB35ACT1F61.jpg,0,0,0.4348961412906647
482,35,1,91,D:\Skripsi\Experiment_TA\data\raw\RGB1\S35\AC1\RGB1_SUB35ACT1F91.jpg,0,0,0.37977612018585205
483,35,5,1,D:\Skripsi\Experiment_TA\data\raw\RGB1\S35\AC5\RGB1_SUB35ACT5F1.jpg,1,1,0.7342601418495178
484,35,5,31,D:\Skripsi\Experiment_TA\data\raw\RGB1\S35\AC5\RGB1_SUB35ACT5F31.jpg,1,1,0.8207398653030396
485,35,5,61,D:\Skripsi\Experiment_TA\data\raw\RGB1\S35\AC5\RGB1_SUB35ACT5F61.jpg,1,0,0.4910191297531128
486,35,5,91,D:\Skripsi\Experiment_TA\data\raw\RGB1\S35\AC5\RGB1_SUB35ACT5F91.jpg,1,1,0.5612309575080872
487,35,6,1,D:\Skripsi\Experiment_TA\data\raw\RGB1\S35\AC6\RGB1_SUB35ACT6F1.jpg,1,1,0.6674521565437317
488,35,6,121,D:\Skripsi\Experiment_TA\data\raw\RGB1\S35\AC6\RGB1_SUB35ACT6F121.jpg,1,1,0.7330795526504517
489,35,6,151,D:\Skripsi\Experiment_TA\data\raw\RGB1\S35\AC6\RGB1_SUB35ACT6F151.jpg,1,1,0.6578432321548462
490,35,6,31,D:\Skripsi\Experiment_TA\data\raw\RGB1\S35\AC6\RGB1_SUB35ACT6F31.jpg,1,1,0.6098479628562927
491,35,6,61,D:\Skripsi\Experiment_TA\data\raw\RGB1\S35\AC6\RGB1_SUB35ACT6F61.jpg,1,1,0.5638327598571777
492,35,6,91,D:\Skripsi\Experiment_TA\data\raw\RGB1\S35\AC6\RGB1_SUB35ACT6F91.jpg,1,1,0.6843190789222717
493,35,7,1,D:\Skripsi\Experiment_TA\data\raw\RGB1\S35\AC7\RGB1_SUB35ACT7F1.jpg,1,1,0.8321850299835205
494,35,7,121,D:\Skripsi\Experiment_TA\data\raw\RGB1\S35\AC7\RGB1_SUB35ACT7F121.jpg,1,1,0.758497953414917
495,35,7,151,D:\Skripsi\Experiment_TA\data\raw\RGB1\S35\AC7\RGB1_SUB35ACT7F151.jpg,1,1,0.8402597308158875
496,35,7,181,D:\Skripsi\Experiment_TA\data\raw\RGB1\S35\AC7\RGB1_SUB35ACT7F181.jpg,1,1,0.725058376789093
497,35,7,31,D:\Skripsi\Experiment_TA\data\raw\RGB1\S35\AC7\RGB1_SUB35ACT7F31.jpg,1,1,0.6513699293136597
498,35,7,61,D:\Skripsi\Experiment_TA\data\raw\RGB1\S35\AC7\RGB1_SUB35ACT7F61.jpg,1,1,0.7816498875617981
499,35,7,91,D:\Skripsi\Experiment_TA\data\raw\RGB1\S35\AC7\RGB1_SUB35ACT7F91.jpg,1,1,0.7928217053413391
500,35,8,1,D:\Skripsi\Experiment_TA\data\raw\RGB1\S35\AC8\RGB1_SUB35ACT8F1.jpg,1,1,0.5401663780212402
501,35,8,31,D:\Skripsi\Experiment_TA\data\raw\RGB1\S35\AC8\RGB1_SUB35ACT8F31.jpg,1,1,0.6236259341239929
502,35,8,61,D:\Skripsi\Experiment_TA\data\raw\RGB1\S35\AC8\RGB1_SUB35ACT8F61.jpg,1,1,0.5879256725311279
503,35,8,91,D:\Skripsi\Experiment_TA\data\raw\RGB1\S35\AC8\RGB1_SUB35ACT8F91.jpg,1,0,0.42147594690322876
504,35,9,1,D:\Skripsi\Experiment_TA\data\raw\RGB1\S35\AC9\RGB1_SUB35ACT9F1.jpg,1,1,0.6000586152076721
505,35,9,121,D:\Skripsi\Experiment_TA\data\raw\RGB1\S35\AC9\RGB1_SUB35ACT9F121.jpg,1,1,0.6248719096183777
506,35,9,31,D:\Skripsi\Experiment_TA\data\raw\RGB1\S35\AC9\RGB1_SUB35ACT9F31.jpg,1,1,0.724626362323761
507,35,9,61,D:\Skripsi\Experiment_TA\data\raw\RGB1\S35\AC9\RGB1_SUB35ACT9F61.jpg,1,1,0.6487690806388855
508,35,9,91,D:\Skripsi\Experiment_TA\data\raw\RGB1\S35\AC9\RGB1_SUB35ACT9F91.jpg,1,1,0.8220760822296143
509,36,1,1,D:\Skripsi\Experiment_TA\data\raw\RGB1\S36\AC1\RGB1_SUB36ACT1F1.jpg,0,1,0.5602975487709045
510,36,1,121,D:\Skripsi\Experiment_TA\data\raw\RGB1\S36\AC1\RGB1_SUB36ACT1F121.jpg,0,0,0.4930976331233978
511,36,1,31,D:\Skripsi\Experiment_TA\data\raw\RGB1\S36\AC1\RGB1_SUB36ACT1F31.jpg,0,1,0.5653241276741028
512,36,1,61,D:\Skripsi\Experiment_TA\data\raw\RGB1\S36\AC1\RGB1_SUB36ACT1F61.jpg,0,1,0.5782250165939331
513,36,1,91,D:\Skripsi\Experiment_TA\data\raw\RGB1\S36\AC1\RGB1_SUB36ACT1F91.jpg,0,1,0.5831527709960938
514,36,5,1,D:\Skripsi\Experiment_TA\data\raw\RGB1\S36\AC5\RGB1_SUB36ACT5F1.jpg,1,1,0.5671560168266296
515,36,5,121,D:\Skripsi\Experiment_TA\data\raw\RGB1\S36\AC5\RGB1_SUB36ACT5F121.jpg,1,1,0.5829982161521912
516,36,5,31,D:\Skripsi\Experiment_TA\data\raw\RGB1\S36\AC5\RGB1_SUB36ACT5F31.jpg,1,1,0.5637034773826599
517,36,5,61,D:\Skripsi\Experiment_TA\data\raw\RGB1\S36\AC5\RGB1_SUB36ACT5F61.jpg,1,1,0.663956880569458
518,36,5,91,D:\Skripsi\Experiment_TA\data\raw\RGB1\S36\AC5\RGB1_SUB36ACT5F91.jpg,1,1,0.640622615814209
519,36,6,1,D:\Skripsi\Experiment_TA\data\raw\RGB1\S36\AC6\RGB1_SUB36ACT6F1.jpg,1,1,0.714194118976593
520,36,6,31,D:\Skripsi\Experiment_TA\data\raw\RGB1\S36\AC6\RGB1_SUB36ACT6F31.jpg,1,1,0.7072306871414185
521,36,6,61,D:\Skripsi\Experiment_TA\data\raw\RGB1\S36\AC6\RGB1_SUB36ACT6F61.jpg,1,1,0.6253644824028015
522,36,6,91,D:\Skripsi\Experiment_TA\data\raw\RGB1\S36\AC6\RGB1_SUB36ACT6F91.jpg,1,1,0.6354628801345825
523,36,7,1,D:\Skripsi\Experiment_TA\data\raw\RGB1\S36\AC7\RGB1_SUB36ACT7F1.jpg,1,1,0.8404906988143921
524,36,7,121,D:\Skripsi\Experiment_TA\data\raw\RGB1\S36\AC7\RGB1_SUB36ACT7F121.jpg,1,1,0.8657049536705017
525,36,7,31,D:\Skripsi\Experiment_TA\data\raw\RGB1\S36\AC7\RGB1_SUB36ACT7F31.jpg,1,1,0.8375930190086365
526,36,7,61,D:\Skripsi\Experiment_TA\data\raw\RGB1\S36\AC7\RGB1_SUB36ACT7F61.jpg,1,1,0.7805517315864563
527,36,7,91,D:\Skripsi\Experiment_TA\data\raw\RGB1\S36\AC7\RGB1_SUB36ACT7F91.jpg,1,1,0.9472325444221497
528,36,8,1,D:\Skripsi\Experiment_TA\data\raw\RGB1\S36\AC8\RGB1_SUB36ACT8F1.jpg,1,1,0.6925832629203796
529,36,8,121,D:\Skripsi\Experiment_TA\data\raw\RGB1\S36\AC8\RGB1_SUB36ACT8F121.jpg,1,1,0.7849351167678833
530,36,8,31,D:\Skripsi\Experiment_TA\data\raw\RGB1\S36\AC8\RGB1_SUB36ACT8F31.jpg,1,1,0.6472267508506775
531,36,8,61,D:\Skripsi\Experiment_TA\data\raw\RGB1\S36\AC8\RGB1_SUB36ACT8F61.jpg,1,1,0.7533425092697144
532,36,8,91,D:\Skripsi\Experiment_TA\data\raw\RGB1\S36\AC8\RGB1_SUB36ACT8F91.jpg,1,1,0.7176212668418884
533,36,9,1,D:\Skripsi\Experiment_TA\data\raw\RGB1\S36\AC9\RGB1_SUB36ACT9F1.jpg,1,1,0.5641037225723267
534,36,9,121,D:\Skripsi\Experiment_TA\data\raw\RGB1\S36\AC9\RGB1_SUB36ACT9F121.jpg,1,1,0.6404130458831787
535,36,9,151,D:\Skripsi\Experiment_TA\data\raw\RGB1\S36\AC9\RGB1_SUB36ACT9F151.jpg,1,1,0.831177294254303
536,36,9,31,D:\Skripsi\Experiment_TA\data\raw\RGB1\S36\AC9\RGB1_SUB36ACT9F31.jpg,1,1,0.6903268694877625
537,36,9,61,D:\Skripsi\Experiment_TA\data\raw\RGB1\S36\AC9\RGB1_SUB36ACT9F61.jpg,1,1,0.6327221393585205
538,36,9,91,D:\Skripsi\Experiment_TA\data\raw\RGB1\S36\AC9\RGB1_SUB36ACT9F91.jpg,1,1,0.5259038209915161
539,37,1,1,D:\Skripsi\Experiment_TA\data\raw\RGB1\S37\AC1\RGB1_SUB37ACT1F1.jpg,0,0,0.47436776757240295
540,37,1,121,D:\Skripsi\Experiment_TA\data\raw\RGB1\S37\AC1\RGB1_SUB37ACT1F121.jpg,0,1,0.502114474773407
541,37,1,31,D:\Skripsi\Experiment_TA\data\raw\RGB1\S37\AC1\RGB1_SUB37ACT1F31.jpg,0,1,0.5136219263076782
542,37,1,61,D:\Skripsi\Experiment_TA\data\raw\RGB1\S37\AC1\RGB1_SUB37ACT1F61.jpg,0,1,0.5124417543411255
543,37,1,91,D:\Skripsi\Experiment_TA\data\raw\RGB1\S37\AC1\RGB1_SUB37ACT1F91.jpg,0,1,0.5643448233604431
544,37,5,1,D:\Skripsi\Experiment_TA\data\raw\RGB1\S37\AC5\RGB1_SUB37ACT5F1.jpg,1,1,0.846251368522644
545,37,5,121,D:\Skripsi\Experiment_TA\data\raw\RGB1\S37\AC5\RGB1_SUB37ACT5F121.jpg,1,1,0.7482489943504333
546,37,5,31,D:\Skripsi\Experiment_TA\data\raw\RGB1\S37\AC5\RGB1_SUB37ACT5F31.jpg,1,1,0.7115678191184998
547,37,5,61,D:\Skripsi\Experiment_TA\data\raw\RGB1\S37\AC5\RGB1_SUB37ACT5F61.jpg,1,1,0.7772032618522644
548,37,5,91,D:\Skripsi\Experiment_TA\data\raw\RGB1\S37\AC5\RGB1_SUB37ACT5F91.jpg,1,1,0.7085344791412354
549,37,6,1,D:\Skripsi\Experiment_TA\data\raw\RGB1\S37\AC6\RGB1_SUB37ACT6F1.jpg,1,1,0.6330654621124268
550,37,6,121,D:\Skripsi\Experiment_TA\data\raw\RGB1\S37\AC6\RGB1_SUB37ACT6F121.jpg,1,1,0.6138227581977844
551,37,6,31,D:\Skripsi\Experiment_TA\data\raw\RGB1\S37\AC6\RGB1_SUB37ACT6F31.jpg,1,1,0.6687061190605164
552,37,6,61,D:\Skripsi\Experiment_TA\data\raw\RGB1\S37\AC6\RGB1_SUB37ACT6F61.jpg,1,1,0.7714742422103882
553,37,6,91,D:\Skripsi\Experiment_TA\data\raw\RGB1\S37\AC6\RGB1_SUB37ACT6F91.jpg,1,1,0.6449522972106934
554,37,7,1,D:\Skripsi\Experiment_TA\data\raw\RGB1\S37\AC7\RGB1_SUB37ACT7F1.jpg,1,1,0.827218770980835
555,37,7,121,D:\Skripsi\Experiment_TA\data\raw\RGB1\S37\AC7\RGB1_SUB37ACT7F121.jpg,1,1,0.7283470034599304
556,37,7,151,D:\Skripsi\Experiment_TA\data\raw\RGB1\S37\AC7\RGB1_SUB37ACT7F151.jpg,1,1,0.8162973523139954
557,37,7,31,D:\Skripsi\Experiment_TA\data\raw\RGB1\S37\AC7\RGB1_SUB37ACT7F31.jpg,1,1,0.8237349390983582
558,37,7,61,D:\Skripsi\Experiment_TA\data\raw\RGB1\S37\AC7\RGB1_SUB37ACT7F61.jpg,1,1,0.785337507724762
559,37,7,91,D:\Skripsi\Experiment_TA\data\raw\RGB1\S37\AC7\RGB1_SUB37ACT7F91.jpg,1,1,0.8513286113739014
560,37,8,1,D:\Skripsi\Experiment_TA\data\raw\RGB1\S37\AC8\RGB1_SUB37ACT8F1.jpg,1,1,0.7165083289146423
561,37,8,121,D:\Skripsi\Experiment_TA\data\raw\RGB1\S37\AC8\RGB1_SUB37ACT8F121.jpg,1,1,0.7397213578224182
562,37,8,151,D:\Skripsi\Experiment_TA\data\raw\RGB1\S37\AC8\RGB1_SUB37ACT8F151.jpg,1,1,0.8125385046005249
563,37,8,31,D:\Skripsi\Experiment_TA\data\raw\RGB1\S37\AC8\RGB1_SUB37ACT8F31.jpg,1,1,0.7400305271148682
564,37,8,61,D:\Skripsi\Experiment_TA\data\raw\RGB1\S37\AC8\RGB1_SUB37ACT8F61.jpg,1,1,0.8382073044776917
565,37,8,91,D:\Skripsi\Experiment_TA\data\raw\RGB1\S37\AC8\RGB1_SUB37ACT8F91.jpg,1,1,0.7850396633148193
566,37,9,1,D:\Skripsi\Experiment_TA\data\raw\RGB1\S37\AC9\RGB1_SUB37ACT9F1.jpg,1,1,0.8291508555412292
567,37,9,121,D:\Skripsi\Experiment_TA\data\raw\RGB1\S37\AC9\RGB1_SUB37ACT9F121.jpg,1,1,0.6344627737998962
568,37,9,151,D:\Skripsi\Experiment_TA\data\raw\RGB1\S37\AC9\RGB1_SUB37ACT9F151.jpg,1,1,0.6452122330665588
569,37,9,31,D:\Skripsi\Experiment_TA\data\raw\RGB1\S37\AC9\RGB1_SUB37ACT9F31.jpg,1,1,0.7480005025863647
570,37,9,61,D:\Skripsi\Experiment_TA\data\raw\RGB1\S37\AC9\RGB1_SUB37ACT9F61.jpg,1,1,0.6378672122955322
571,37,9,91,D:\Skripsi\Experiment_TA\data\raw\RGB1\S37\AC9\RGB1_SUB37ACT9F91.jpg,1,1,0.6811525821685791
572,38,1,1,D:\Skripsi\Experiment_TA\data\raw\RGB1\S38\AC1\RGB1_SUB38ACT1F1.jpg,0,0,0.3859989643096924
573,38,1,121,D:\Skripsi\Experiment_TA\data\raw\RGB1\S38\AC1\RGB1_SUB38ACT1F121.jpg,0,0,0.3235061466693878
574,38,1,31,D:\Skripsi\Experiment_TA\data\raw\RGB1\S38\AC1\RGB1_SUB38ACT1F31.jpg,0,0,0.32541102170944214
575,38,1,61,D:\Skripsi\Experiment_TA\data\raw\RGB1\S38\AC1\RGB1_SUB38ACT1F61.jpg,0,0,0.4333498179912567
576,38,1,91,D:\Skripsi\Experiment_TA\data\raw\RGB1\S38\AC1\RGB1_SUB38ACT1F91.jpg,0,0,0.456824392080307
577,38,5,1,D:\Skripsi\Experiment_TA\data\raw\RGB1\S38\AC5\RGB1_SUB38ACT5F1.jpg,1,0,0.4632560908794403
578,38,5,31,D:\Skripsi\Experiment_TA\data\raw\RGB1\S38\AC5\RGB1_SUB38ACT5F31.jpg,1,0,0.47248223423957825
579,38,5,61,D:\Skripsi\Experiment_TA\data\raw\RGB1\S38\AC5\RGB1_SUB38ACT5F61.jpg,1,0,0.450077623128891
580,38,5,91,D:\Skripsi\Experiment_TA\data\raw\RGB1\S38\AC5\RGB1_SUB38ACT5F91.jpg,1,1,0.5316379070281982
581,38,6,1,D:\Skripsi\Experiment_TA\data\raw\RGB1\S38\AC6\RGB1_SUB38ACT6F1.jpg,1,1,0.687959611415863
582,38,6,31,D:\Skripsi\Experiment_TA\data\raw\RGB1\S38\AC6\RGB1_SUB38ACT6F31.jpg,1,1,0.5987647771835327
583,38,6,61,D:\Skripsi\Experiment_TA\data\raw\RGB1\S38\AC6\RGB1_SUB38ACT6F61.jpg,1,1,0.6564009189605713
584,38,6,91,D:\Skripsi\Experiment_TA\data\raw\RGB1\S38\AC6\RGB1_SUB38ACT6F91.jpg,1,0,0.49844783544540405
585,38,7,1,D:\Skripsi\Experiment_TA\data\raw\RGB1\S38\AC7\RGB1_SUB38ACT7F1.jpg,1,1,0.7398347854614258
586,38,7,121,D:\Skripsi\Experiment_TA\data\raw\RGB1\S38\AC7\RGB1_SUB38ACT7F121.jpg,1,1,0.7985517382621765
587,38,7,31,D:\Skripsi\Experiment_TA\data\raw\RGB1\S38\AC7\RGB1_SUB38ACT7F31.jpg,1,1,0.7483265995979309
588,38,7,61,D:\Skripsi\Experiment_TA\data\raw\RGB1\S38\AC7\RGB1_SUB38ACT7F61.jpg,1,1,0.8202687501907349
589,38,7,91,D:\Skripsi\Experiment_TA\data\raw\RGB1\S38\AC7\RGB1_SUB38ACT7F91.jpg,1,1,0.761508584022522
590,38,8,1,D:\Skripsi\Experiment_TA\data\raw\RGB1\S38\AC8\RGB1_SUB38ACT8F1.jpg,1,1,0.6670324206352234
591,38,8,121,D:\Skripsi\Experiment_TA\data\raw\RGB1\S38\AC8\RGB1_SUB38ACT8F121.jpg,1,1,0.5863186120986938
592,38,8,31,D:\Skripsi\Experiment_TA\data\raw\RGB1\S38\AC8\RGB1_SUB38ACT8F31.jpg,1,1,0.6725457906723022
593,38,8,61,D:\Skripsi\Experiment_TA\data\raw\RGB1\S38\AC8\RGB1_SUB38ACT8F61.jpg,1,1,0.5093130469322205
594,38,8,91,D:\Skripsi\Experiment_TA\data\raw\RGB1\S38\AC8\RGB1_SUB38ACT8F91.jpg,1,0,0.4847238063812256
595,38,9,1,D:\Skripsi\Experiment_TA\data\raw\RGB1\S38\AC9\RGB1_SUB38ACT9F1.jpg,1,0,0.3309420049190521
596,38,9,121,D:\Skripsi\Experiment_TA\data\raw\RGB1\S38\AC9\RGB1_SUB38ACT9F121.jpg,1,0,0.3679702579975128
597,38,9,31,D:\Skripsi\Experiment_TA\data\raw\RGB1\S38\AC9\RGB1_SUB38ACT9F31.jpg,1,0,0.3643694221973419
598,38,9,61,D:\Skripsi\Experiment_TA\data\raw\RGB1\S38\AC9\RGB1_SUB38ACT9F61.jpg,1,0,0.4674083888530731
599,38,9,91,D:\Skripsi\Experiment_TA\data\raw\RGB1\S38\AC9\RGB1_SUB38ACT9F91.jpg,1,0,0.398855984210968
600,39,1,1,D:\Skripsi\Experiment_TA\data\raw\RGB1\S39\AC1\RGB1_SUB39ACT1F1.jpg,0,0,0.38927161693573
601,39,1,31,D:\Skripsi\Experiment_TA\data\raw\RGB1\S39\AC1\RGB1_SUB39ACT1F31.jpg,0,0,0.35583245754241943
602,39,1,61,D:\Skripsi\Experiment_TA\data\raw\RGB1\S39\AC1\RGB1_SUB39ACT1F61.jpg,0,0,0.4555421769618988
603,39,1,91,D:\Skripsi\Experiment_TA\data\raw\RGB1\S39\AC1\RGB1_SUB39ACT1F91.jpg,0,0,0.4411264657974243
604,39,5,1,D:\Skripsi\Experiment_TA\data\raw\RGB1\S39\AC5\RGB1_SUB39ACT5F1.jpg,1,1,0.6454213261604309
605,39,5,31,D:\Skripsi\Experiment_TA\data\raw\RGB1\S39\AC5\RGB1_SUB39ACT5F31.jpg,1,1,0.8063266277313232
606,39,5,61,D:\Skripsi\Experiment_TA\data\raw\RGB1\S39\AC5\RGB1_SUB39ACT5F61.jpg,1,1,0.6228856444358826
607,39,5,91,D:\Skripsi\Experiment_TA\data\raw\RGB1\S39\AC5\RGB1_SUB39ACT5F91.jpg,1,1,0.5904622077941895
608,39,6,1,D:\Skripsi\Experiment_TA\data\raw\RGB1\S39\AC6\RGB1_SUB39ACT6F1.jpg,1,1,0.6181334853172302
609,39,6,31,D:\Skripsi\Experiment_TA\data\raw\RGB1\S39\AC6\RGB1_SUB39ACT6F31.jpg,1,1,0.5793989300727844
610,39,6,61,D:\Skripsi\Experiment_TA\data\raw\RGB1\S39\AC6\RGB1_SUB39ACT6F61.jpg,1,1,0.7490604519844055
611,39,6,91,D:\Skripsi\Experiment_TA\data\raw\RGB1\S39\AC6\RGB1_SUB39ACT6F91.jpg,1,1,0.6875076293945312
612,39,7,1,D:\Skripsi\Experiment_TA\data\raw\RGB1\S39\AC7\RGB1_SUB39ACT7F1.jpg,1,1,0.8554326891899109
613,39,7,31,D:\Skripsi\Experiment_TA\data\raw\RGB1\S39\AC7\RGB1_SUB39ACT7F31.jpg,1,1,0.933463990688324
614,39,7,61,D:\Skripsi\Experiment_TA\data\raw\RGB1\S39\AC7\RGB1_SUB39ACT7F61.jpg,1,1,0.7222684025764465
615,39,7,91,D:\Skripsi\Experiment_TA\data\raw\RGB1\S39\AC7\RGB1_SUB39ACT7F91.jpg,1,1,0.8530846238136292
616,39,8,1,D:\Skripsi\Experiment_TA\data\raw\RGB1\S39\AC8\RGB1_SUB39ACT8F1.jpg,1,1,0.8004670143127441
617,39,8,121,D:\Skripsi\Experiment_TA\data\raw\RGB1\S39\AC8\RGB1_SUB39ACT8F121.jpg,1,1,0.5368669033050537
618,39,8,31,D:\Skripsi\Experiment_TA\data\raw\RGB1\S39\AC8\RGB1_SUB39ACT8F31.jpg,1,1,0.8114284873008728
619,39,8,61,D:\Skripsi\Experiment_TA\data\raw\RGB1\S39\AC8\RGB1_SUB39ACT8F61.jpg,1,1,0.5698620080947876
620,39,8,91,D:\Skripsi\Experiment_TA\data\raw\RGB1\S39\AC8\RGB1_SUB39ACT8F91.jpg,1,1,0.7594287395477295
621,39,9,1,D:\Skripsi\Experiment_TA\data\raw\RGB1\S39\AC9\RGB1_SUB39ACT9F1.jpg,1,0,0.4092305898666382
622,39,9,121,D:\Skripsi\Experiment_TA\data\raw\RGB1\S39\AC9\RGB1_SUB39ACT9F121.jpg,1,1,0.6710333228111267
623,39,9,31,D:\Skripsi\Experiment_TA\data\raw\RGB1\S39\AC9\RGB1_SUB39ACT9F31.jpg,1,1,0.7037175893783569
624,39,9,61,D:\Skripsi\Experiment_TA\data\raw\RGB1\S39\AC9\RGB1_SUB39ACT9F61.jpg,1,0,0.3735896646976471
625,39,9,91,D:\Skripsi\Experiment_TA\data\raw\RGB1\S39\AC9\RGB1_SUB39ACT9F91.jpg,1,0,0.43888959288597107
626,40,1,1,D:\Skripsi\Experiment_TA\data\raw\RGB1\S40\AC1\RGB1_SUB40ACT1F1.jpg,0,1,0.5675027966499329
627,40,1,121,D:\Skripsi\Experiment_TA\data\raw\RGB1\S40\AC1\RGB1_SUB40ACT1F121.jpg,0,1,0.5794878602027893
628,40,1,31,D:\Skripsi\Experiment_TA\data\raw\RGB1\S40\AC1\RGB1_SUB40ACT1F31.jpg,0,1,0.5626264214515686
629,40,1,61,D:\Skripsi\Experiment_TA\data\raw\RGB1\S40\AC1\RGB1_SUB40ACT1F61.jpg,0,1,0.5563309788703918
630,40,1,91,D:\Skripsi\Experiment_TA\data\raw\RGB1\S40\AC1\RGB1_SUB40ACT1F91.jpg,0,0,0.4698362350463867
631,40,5,1,D:\Skripsi\Experiment_TA\data\raw\RGB1\S40\AC5\RGB1_SUB40ACT5F1.jpg,1,1,0.7285934090614319
632,40,5,31,D:\Skripsi\Experiment_TA\data\raw\RGB1\S40\AC5\RGB1_SUB40ACT5F31.jpg,1,1,0.7685249447822571
633,40,5,61,D:\Skripsi\Experiment_TA\data\raw\RGB1\S40\AC5\RGB1_SUB40ACT5F61.jpg,1,1,0.7444144487380981
634,40,5,91,D:\Skripsi\Experiment_TA\data\raw\RGB1\S40\AC5\RGB1_SUB40ACT5F91.jpg,1,1,0.7608892321586609
635,40,6,1,D:\Skripsi\Experiment_TA\data\raw\RGB1\S40\AC6\RGB1_SUB40ACT6F1.jpg,1,1,0.6076285243034363
636,40,6,121,D:\Skripsi\Experiment_TA\data\raw\RGB1\S40\AC6\RGB1_SUB40ACT6F121.jpg,1,1,0.58423912525177
637,40,6,31,D:\Skripsi\Experiment_TA\data\raw\RGB1\S40\AC6\RGB1_SUB40ACT6F31.jpg,1,1,0.6453262567520142
638,40,6,61,D:\Skripsi\Experiment_TA\data\raw\RGB1\S40\AC6\RGB1_SUB40ACT6F61.jpg,1,1,0.6933953166007996
639,40,6,91,D:\Skripsi\Experiment_TA\data\raw\RGB1\S40\AC6\RGB1_SUB40ACT6F91.jpg,1,1,0.6785099506378174
640,40,7,1,D:\Skripsi\Experiment_TA\data\raw\RGB1\S40\AC7\RGB1_SUB40ACT7F1.jpg,1,1,0.6698257923126221
641,40,7,121,D:\Skripsi\Experiment_TA\data\raw\RGB1\S40\AC7\RGB1_SUB40ACT7F121.jpg,1,1,0.7079706192016602
642,40,7,151,D:\Skripsi\Experiment_TA\data\raw\RGB1\S40\AC7\RGB1_SUB40ACT7F151.jpg,1,1,0.8479897379875183
643,40,7,181,D:\Skripsi\Experiment_TA\data\raw\RGB1\S40\AC7\RGB1_SUB40ACT7F181.jpg,1,1,0.790320873260498
644,40,7,211,D:\Skripsi\Experiment_TA\data\raw\RGB1\S40\AC7\RGB1_SUB40ACT7F211.jpg,1,1,0.7802981734275818
645,40,7,31,D:\Skripsi\Experiment_TA\data\raw\RGB1\S40\AC7\RGB1_SUB40ACT7F31.jpg,1,1,0.9386646747589111
646,40,7,61,D:\Skripsi\Experiment_TA\data\raw\RGB1\S40\AC7\RGB1_SUB40ACT7F61.jpg,1,1,0.6070820689201355
647,40,7,91,D:\Skripsi\Experiment_TA\data\raw\RGB1\S40\AC7\RGB1_SUB40ACT7F91.jpg,1,1,0.7199854254722595
648,40,8,1,D:\Skripsi\Experiment_TA\data\raw\RGB1\S40\AC8\RGB1_SUB40ACT8F1.jpg,1,1,0.6927817463874817
649,40,8,121,D:\Skripsi\Experiment_TA\data\raw\RGB1\S40\AC8\RGB1_SUB40ACT8F121.jpg,1,1,0.7139934301376343
650,40,8,151,D:\Skripsi\Experiment_TA\data\raw\RGB1\S40\AC8\RGB1_SUB40ACT8F151.jpg,1,1,0.7656716108322144
651,40,8,181,D:\Skripsi\Experiment_TA\data\raw\RGB1\S40\AC8\RGB1_SUB40ACT8F181.jpg,1,1,0.6928025484085083
652,40,8,31,D:\Skripsi\Experiment_TA\data\raw\RGB1\S40\AC8\RGB1_SUB40ACT8F31.jpg,1,1,0.60288405418396
653,40,8,61,D:\Skripsi\Experiment_TA\data\raw\RGB1\S40\AC8\RGB1_SUB40ACT8F61.jpg,1,1,0.7632049322128296
654,40,8,91,D:\Skripsi\Experiment_TA\data\raw\RGB1\S40\AC8\RGB1_SUB40ACT8F91.jpg,1,1,0.6300580501556396
655,40,9,1,D:\Skripsi\Experiment_TA\data\raw\RGB1\S40\AC9\RGB1_SUB40ACT9F1.jpg,1,1,0.6420640349388123
656,40,9,121,D:\Skripsi\Experiment_TA\data\raw\RGB1\S40\AC9\RGB1_SUB40ACT9F121.jpg,1,1,0.7503423094749451
657,40,9,31,D:\Skripsi\Experiment_TA\data\raw\RGB1\S40\AC9\RGB1_SUB40ACT9F31.jpg,1,1,0.6318813562393188
658,40,9,61,D:\Skripsi\Experiment_TA\data\raw\RGB1\S40\AC9\RGB1_SUB40ACT9F61.jpg,1,1,0.7380189895629883
659,40,9,91,D:\Skripsi\Experiment_TA\data\raw\RGB1\S40\AC9\RGB1_SUB40ACT9F91.jpg,1,1,0.8293936252593994
660,43,1,1,D:\Skripsi\Experiment_TA\data\raw\RGB1\S43\AC1\RGB1_SUB43ACT1F1.jpg,0,1,0.604911744594574
661,43,1,121,D:\Skripsi\Experiment_TA\data\raw\RGB1\S43\AC1\RGB1_SUB43ACT1F121.jpg,0,1,0.6426902413368225
662,43,1,151,D:\Skripsi\Experiment_TA\data\raw\RGB1\S43\AC1\RGB1_SUB43ACT1F151.jpg,0,1,0.6898286938667297
663,43,1,181,D:\Skripsi\Experiment_TA\data\raw\RGB1\S43\AC1\RGB1_SUB43ACT1F181.jpg,0,1,0.622907280921936
664,43,1,31,D:\Skripsi\Experiment_TA\data\raw\RGB1\S43\AC1\RGB1_SUB43ACT1F31.jpg,0,1,0.6093670725822449
665,43,1,61,D:\Skripsi\Experiment_TA\data\raw\RGB1\S43\AC1\RGB1_SUB43ACT1F61.jpg,0,1,0.62046217918396
666,43,1,91,D:\Skripsi\Experiment_TA\data\raw\RGB1\S43\AC1\RGB1_SUB43ACT1F91.jpg,0,1,0.6358552575111389
667,43,5,1,D:\Skripsi\Experiment_TA\data\raw\RGB1\S43\AC5\RGB1_SUB43ACT5F1.jpg,1,1,0.6629633903503418
668,43,5,121,D:\Skripsi\Experiment_TA\data\raw\RGB1\S43\AC5\RGB1_SUB43ACT5F121.jpg,1,1,0.7083832025527954
669,43,5,151,D:\Skripsi\Experiment_TA\data\raw\RGB1\S43\AC5\RGB1_SUB43ACT5F151.jpg,1,1,0.645911455154419
670,43,5,181,D:\Skripsi\Experiment_TA\data\raw\RGB1\S43\AC5\RGB1_SUB43ACT5F181.jpg,1,1,0.6828276515007019
671,43,5,31,D:\Skripsi\Experiment_TA\data\raw\RGB1\S43\AC5\RGB1_SUB43ACT5F31.jpg,1,1,0.7648704648017883
672,43,5,61,D:\Skripsi\Experiment_TA\data\raw\RGB1\S43\AC5\RGB1_SUB43ACT5F61.jpg,1,1,0.6470619440078735
673,43,5,91,D:\Skripsi\Experiment_TA\data\raw\RGB1\S43\AC5\RGB1_SUB43ACT5F91.jpg,1,1,0.6651673913002014
674,43,6,1,D:\Skripsi\Experiment_TA\data\raw\RGB1\S43\AC6\RGB1_SUB43ACT6F1.jpg,1,1,0.7248481512069702
675,43,6,121,D:\Skripsi\Experiment_TA\data\raw\RGB1\S43\AC6\RGB1_SUB43ACT6F121.jpg,1,1,0.6615391969680786
676,43,6,151,D:\Skripsi\Experiment_TA\data\raw\RGB1\S43\AC6\RGB1_SUB43ACT6F151.jpg,1,1,0.5590481758117676
677,43,6,181,D:\Skripsi\Experiment_TA\data\raw\RGB1\S43\AC6\RGB1_SUB43ACT6F181.jpg,1,1,0.6727107167243958
678,43,6,31,D:\Skripsi\Experiment_TA\data\raw\RGB1\S43\AC6\RGB1_SUB43ACT6F31.jpg,1,1,0.7431913018226624
679,43,6,61,D:\Skripsi\Experiment_TA\data\raw\RGB1\S43\AC6\RGB1_SUB43ACT6F61.jpg,1,1,0.6447902917861938
680,43,6,91,D:\Skripsi\Experiment_TA\data\raw\RGB1\S43\AC6\RGB1_SUB43ACT6F91.jpg,1,1,0.6727625727653503
681,43,7,1,D:\Skripsi\Experiment_TA\data\raw\RGB1\S43\AC7\RGB1_SUB43ACT7F1.jpg,1,1,0.6554940938949585
682,43,7,121,D:\Skripsi\Experiment_TA\data\raw\RGB1\S43\AC7\RGB1_SUB43ACT7F121.jpg,1,1,0.9207016825675964
683,43,7,151,D:\Skripsi\Experiment_TA\data\raw\RGB1\S43\AC7\RGB1_SUB43ACT7F151.jpg,1,1,0.8905234336853027
684,43,7,181,D:\Skripsi\Experiment_TA\data\raw\RGB1\S43\AC7\RGB1_SUB43ACT7F181.jpg,1,1,0.8638159036636353
685,43,7,211,D:\Skripsi\Experiment_TA\data\raw\RGB1\S43\AC7\RGB1_SUB43ACT7F211.jpg,1,1,0.8361064791679382
686,43,7,31,D:\Skripsi\Experiment_TA\data\raw\RGB1\S43\AC7\RGB1_SUB43ACT7F31.jpg,1,1,0.7539784908294678
687,43,7,61,D:\Skripsi\Experiment_TA\data\raw\RGB1\S43\AC7\RGB1_SUB43ACT7F61.jpg,1,1,0.7586727738380432
688,43,7,91,D:\Skripsi\Experiment_TA\data\raw\RGB1\S43\AC7\RGB1_SUB43ACT7F91.jpg,1,1,0.8993759155273438
689,43,8,1,D:\Skripsi\Experiment_TA\data\raw\RGB1\S43\AC8\RGB1_SUB43ACT8F1.jpg,1,1,0.7380332350730896
690,43,8,121,D:\Skripsi\Experiment_TA\data\raw\RGB1\S43\AC8\RGB1_SUB43ACT8F121.jpg,1,1,0.642181932926178
691,43,8,151,D:\Skripsi\Experiment_TA\data\raw\RGB1\S43\AC8\RGB1_SUB43ACT8F151.jpg,1,1,0.6136565804481506
692,43,8,181,D:\Skripsi\Experiment_TA\data\raw\RGB1\S43\AC8\RGB1_SUB43ACT8F181.jpg,1,1,0.5815829038619995
693,43,8,211,D:\Skripsi\Experiment_TA\data\raw\RGB1\S43\AC8\RGB1_SUB43ACT8F211.jpg,1,1,0.6933488845825195
694,43,8,241,D:\Skripsi\Experiment_TA\data\raw\RGB1\S43\AC8\RGB1_SUB43ACT8F241.jpg,1,1,0.6344736218452454
695,43,8,31,D:\Skripsi\Experiment_TA\data\raw\RGB1\S43\AC8\RGB1_SUB43ACT8F31.jpg,1,1,0.6277711987495422
696,43,8,61,D:\Skripsi\Experiment_TA\data\raw\RGB1\S43\AC8\RGB1_SUB43ACT8F61.jpg,1,1,0.6857942342758179
697,43,8,91,D:\Skripsi\Experiment_TA\data\raw\RGB1\S43\AC8\RGB1_SUB43ACT8F91.jpg,1,1,0.7069910168647766
698,43,9,1,D:\Skripsi\Experiment_TA\data\raw\RGB1\S43\AC9\RGB1_SUB43ACT9F1.jpg,1,1,0.6730378866195679
699,43,9,121,D:\Skripsi\Experiment_TA\data\raw\RGB1\S43\AC9\RGB1_SUB43ACT9F121.jpg,1,1,0.6153095960617065
700,43,9,151,D:\Skripsi\Experiment_TA\data\raw\RGB1\S43\AC9\RGB1_SUB43ACT9F151.jpg,1,1,0.6697162389755249
701,43,9,31,D:\Skripsi\Experiment_TA\data\raw\RGB1\S43\AC9\RGB1_SUB43ACT9F31.jpg,1,1,0.7805541753768921
702,43,9,61,D:\Skripsi\Experiment_TA\data\raw\RGB1\S43\AC9\RGB1_SUB43ACT9F61.jpg,1,1,0.5660244226455688
703,43,9,91,D:\Skripsi\Experiment_TA\data\raw\RGB1\S43\AC9\RGB1_SUB43ACT9F91.jpg,1,1,0.5445706844329834
704,44,1,1,D:\Skripsi\Experiment_TA\data\raw\RGB1\S44\AC1\RGB1_SUB44ACT1F1.jpg,0,0,0.3452005088329315
705,44,1,121,D:\Skripsi\Experiment_TA\data\raw\RGB1\S44\AC1\RGB1_SUB44ACT1F121.jpg,0,0,0.38538047671318054
706,44,1,151,D:\Skripsi\Experiment_TA\data\raw\RGB1\S44\AC1\RGB1_SUB44ACT1F151.jpg,0,0,0.4073515236377716
707,44,1,31,D:\Skripsi\Experiment_TA\data\raw\RGB1\S44\AC1\RGB1_SUB44ACT1F31.jpg,0,0,0.43953296542167664
708,44,1,61,D:\Skripsi\Experiment_TA\data\raw\RGB1\S44\AC1\RGB1_SUB44ACT1F61.jpg,0,0,0.35037103295326233
709,44,1,91,D:\Skripsi\Experiment_TA\data\raw\RGB1\S44\AC1\RGB1_SUB44ACT1F91.jpg,0,1,0.5767316222190857
710,44,5,1,D:\Skripsi\Experiment_TA\data\raw\RGB1\S44\AC5\RGB1_SUB44ACT5F1.jpg,1,1,0.7941364645957947
711,44,5,121,D:\Skripsi\Experiment_TA\data\raw\RGB1\S44\AC5\RGB1_SUB44ACT5F121.jpg,1,1,0.7419970631599426
712,44,5,31,D:\Skripsi\Experiment_TA\data\raw\RGB1\S44\AC5\RGB1_SUB44ACT5F31.jpg,1,1,0.7615835070610046
713,44,5,61,D:\Skripsi\Experiment_TA\data\raw\RGB1\S44\AC5\RGB1_SUB44ACT5F61.jpg,1,1,0.7662736773490906
714,44,5,91,D:\Skripsi\Experiment_TA\data\raw\RGB1\S44\AC5\RGB1_SUB44ACT5F91.jpg,1,1,0.6694437265396118
715,44,6,1,D:\Skripsi\Experiment_TA\data\raw\RGB1\S44\AC6\RGB1_SUB44ACT6F1.jpg,1,1,0.6324966549873352
716,44,6,121,D:\Skripsi\Experiment_TA\data\raw\RGB1\S44\AC6\RGB1_SUB44ACT6F121.jpg,1,0,0.4768292009830475
717,44,6,31,D:\Skripsi\Experiment_TA\data\raw\RGB1\S44\AC6\RGB1_SUB44ACT6F31.jpg,1,1,0.597990870475769
718,44,6,61,D:\Skripsi\Experiment_TA\data\raw\RGB1\S44\AC6\RGB1_SUB44ACT6F61.jpg,1,1,0.6395687460899353
719,44,6,91,D:\Skripsi\Experiment_TA\data\raw\RGB1\S44\AC6\RGB1_SUB44ACT6F91.jpg,1,1,0.5959947109222412
720,44,7,1,D:\Skripsi\Experiment_TA\data\raw\RGB1\S44\AC7\RGB1_SUB44ACT7F1.jpg,1,1,0.81916344165802
721,44,7,121,D:\Skripsi\Experiment_TA\data\raw\RGB1\S44\AC7\RGB1_SUB44ACT7F121.jpg,1,1,0.8327710628509521
722,44,7,151,D:\Skripsi\Experiment_TA\data\raw\RGB1\S44\AC7\RGB1_SUB44ACT7F151.jpg,1,1,0.8347615599632263
723,44,7,31,D:\Skripsi\Experiment_TA\data\raw\RGB1\S44\AC7\RGB1_SUB44ACT7F31.jpg,1,1,0.8179849982261658
724,44,7,61,D:\Skripsi\Experiment_TA\data\raw\RGB1\S44\AC7\RGB1_SUB44ACT7F61.jpg,1,1,0.6119444370269775
725,44,7,91,D:\Skripsi\Experiment_TA\data\raw\RGB1\S44\AC7\RGB1_SUB44ACT7F91.jpg,1,1,0.8771365880966187
726,44,8,1,D:\Skripsi\Experiment_TA\data\raw\RGB1\S44\AC8\RGB1_SUB44ACT8F1.jpg,1,1,0.7209742069244385
727,44,8,121,D:\Skripsi\Experiment_TA\data\raw\RGB1\S44\AC8\RGB1_SUB44ACT8F121.jpg,1,1,0.5394122004508972
728,44,8,151,D:\Skripsi\Experiment_TA\data\raw\RGB1\S44\AC8\RGB1_SUB44ACT8F151.jpg,1,1,0.6673703789710999
729,44,8,181,D:\Skripsi\Experiment_TA\data\raw\RGB1\S44\AC8\RGB1_SUB44ACT8F181.jpg,1,1,0.806044340133667
730,44,8,31,D:\Skripsi\Experiment_TA\data\raw\RGB1\S44\AC8\RGB1_SUB44ACT8F31.jpg,1,1,0.5868459939956665
731,44,8,61,D:\Skripsi\Experiment_TA\data\raw\RGB1\S44\AC8\RGB1_SUB44ACT8F61.jpg,1,1,0.6607850193977356
732,44,8,91,D:\Skripsi\Experiment_TA\data\raw\RGB1\S44\AC8\RGB1_SUB44ACT8F91.jpg,1,1,0.6670634150505066
733,44,9,1,D:\Skripsi\Experiment_TA\data\raw\RGB1\S44\AC9\RGB1_SUB44ACT9F1.jpg,1,1,0.7894976735115051
734,44,9,121,D:\Skripsi\Experiment_TA\data\raw\RGB1\S44\AC9\RGB1_SUB44ACT9F121.jpg,1,1,0.6806315183639526
735,44,9,151,D:\Skripsi\Experiment_TA\data\raw\RGB1\S44\AC9\RGB1_SUB44ACT9F151.jpg,1,1,0.7216598987579346
736,44,9,181,D:\Skripsi\Experiment_TA\data\raw\RGB1\S44\AC9\RGB1_SUB44ACT9F181.jpg,1,1,0.68304443359375
737,44,9,31,D:\Skripsi\Experiment_TA\data\raw\RGB1\S44\AC9\RGB1_SUB44ACT9F31.jpg,1,1,0.6410763263702393
738,44,9,61,D:\Skripsi\Experiment_TA\data\raw\RGB1\S44\AC9\RGB1_SUB44ACT9F61.jpg,1,1,0.7391819357872009
739,44,9,91,D:\Skripsi\Experiment_TA\data\raw\RGB1\S44\AC9\RGB1_SUB44ACT9F91.jpg,1,1,0.6611350774765015
740,45,1,1,D:\Skripsi\Experiment_TA\data\raw\RGB1\S45\AC1\RGB1_SUB45ACT1F1.jpg,0,0,0.3460490107536316
741,45,1,121,D:\Skripsi\Experiment_TA\data\raw\RGB1\S45\AC1\RGB1_SUB45ACT1F121.jpg,0,0,0.3704676926136017
742,45,1,151,D:\Skripsi\Experiment_TA\data\raw\RGB1\S45\AC1\RGB1_SUB45ACT1F151.jpg,0,0,0.3344801366329193
743,45,1,31,D:\Skripsi\Experiment_TA\data\raw\RGB1\S45\AC1\RGB1_SUB45ACT1F31.jpg,0,0,0.29217246174812317
744,45,1,61,D:\Skripsi\Experiment_TA\data\raw\RGB1\S45\AC1\RGB1_SUB45ACT1F61.jpg,0,0,0.28046220541000366
745,45,1,91,D:\Skripsi\Experiment_TA\data\raw\RGB1\S45\AC1\RGB1_SUB45ACT1F91.jpg,0,0,0.4403049051761627
746,45,5,1,D:\Skripsi\Experiment_TA\data\raw\RGB1\S45\AC5\RGB1_SUB45ACT5F1.jpg,1,1,0.5609131455421448
747,45,5,31,D:\Skripsi\Experiment_TA\data\raw\RGB1\S45\AC5\RGB1_SUB45ACT5F31.jpg,1,1,0.6658506989479065
748,45,5,61,D:\Skripsi\Experiment_TA\data\raw\RGB1\S45\AC5\RGB1_SUB45ACT5F61.jpg,1,1,0.5393058061599731
749,45,5,91,D:\Skripsi\Experiment_TA\data\raw\RGB1\S45\AC5\RGB1_SUB45ACT5F91.jpg,1,1,0.6868225932121277
750,45,6,1,D:\Skripsi\Experiment_TA\data\raw\RGB1\S45\AC6\RGB1_SUB45ACT6F1.jpg,1,0,0.48347970843315125
751,45,6,121,D:\Skripsi\Experiment_TA\data\raw\RGB1\S45\AC6\RGB1_SUB45ACT6F121.jpg,1,1,0.5670335292816162
752,45,6,151,D:\Skripsi\Experiment_TA\data\raw\RGB1\S45\AC6\RGB1_SUB45ACT6F151.jpg,1,0,0.401254266500473
753,45,6,31,D:\Skripsi\Experiment_TA\data\raw\RGB1\S45\AC6\RGB1_SUB45ACT6F31.jpg,1,0,0.4068942666053772
754,45,6,61,D:\Skripsi\Experiment_TA\data\raw\RGB1\S45\AC6\RGB1_SUB45ACT6F61.jpg,1,0,0.3909621238708496
755,45,6,91,D:\Skripsi\Experiment_TA\data\raw\RGB1\S45\AC6\RGB1_SUB45ACT6F91.jpg,1,0,0.39272361993789673
756,45,7,1,D:\Skripsi\Experiment_TA\data\raw\RGB1\S45\AC7\RGB1_SUB45ACT7F1.jpg,1,1,0.6684398055076599
757,45,7,121,D:\Skripsi\Experiment_TA\data\raw\RGB1\S45\AC7\RGB1_SUB45ACT7F121.jpg,1,1,0.7843717336654663
758,45,7,151,D:\Skripsi\Experiment_TA\data\raw\RGB1\S45\AC7\RGB1_SUB45ACT7F151.jpg,1,1,0.6895307898521423
759,45,7,181,D:\Skripsi\Experiment_TA\data\raw\RGB1\S45\AC7\RGB1_SUB45ACT7F181.jpg,1,1,0.7120587229728699
760,45,7,31,D:\Skripsi\Experiment_TA\data\raw\RGB1\S45\AC7\RGB1_SUB45ACT7F31.jpg,1,1,0.8011905550956726
761,45,7,61,D:\Skripsi\Experiment_TA\data\raw\RGB1\S45\AC7\RGB1_SUB45ACT7F61.jpg,1,1,0.879266083240509
762,45,7,91,D:\Skripsi\Experiment_TA\data\raw\RGB1\S45\AC7\RGB1_SUB45ACT7F91.jpg,1,1,0.7560628056526184
763,45,8,1,D:\Skripsi\Experiment_TA\data\raw\RGB1\S45\AC8\RGB1_SUB45ACT8F1.jpg,1,1,0.575772762298584
764,45,8,121,D:\Skripsi\Experiment_TA\data\raw\RGB1\S45\AC8\RGB1_SUB45ACT8F121.jpg,1,1,0.609531581401825
765,45,8,151,D:\Skripsi\Experiment_TA\data\raw\RGB1\S45\AC8\RGB1_SUB45ACT8F151.jpg,1,1,0.5859702825546265
766,45,8,181,D:\Skripsi\Experiment_TA\data\raw\RGB1\S45\AC8\RGB1_SUB45ACT8F181.jpg,1,0,0.3410870134830475
767,45,8,211,D:\Skripsi\Experiment_TA\data\raw\RGB1\S45\AC8\RGB1_SUB45ACT8F211.jpg,1,1,0.6616582870483398
768,45,8,31,D:\Skripsi\Experiment_TA\data\raw\RGB1\S45\AC8\RGB1_SUB45ACT8F31.jpg,1,1,0.6995578408241272
769,45,8,61,D:\Skripsi\Experiment_TA\data\raw\RGB1\S45\AC8\RGB1_SUB45ACT8F61.jpg,1,1,0.7054101228713989
770,45,8,91,D:\Skripsi\Experiment_TA\data\raw\RGB1\S45\AC8\RGB1_SUB45ACT8F91.jpg,1,1,0.6861907839775085
771,45,9,1,D:\Skripsi\Experiment_TA\data\raw\RGB1\S45\AC9\RGB1_SUB45ACT9F1.jpg,1,1,0.6660164594650269
772,45,9,121,D:\Skripsi\Experiment_TA\data\raw\RGB1\S45\AC9\RGB1_SUB45ACT9F121.jpg,1,1,0.5308641195297241
773,45,9,151,D:\Skripsi\Experiment_TA\data\raw\RGB1\S45\AC9\RGB1_SUB45ACT9F151.jpg,1,1,0.5567653775215149
774,45,9,181,D:\Skripsi\Experiment_TA\data\raw\RGB1\S45\AC9\RGB1_SUB45ACT9F181.jpg,1,1,0.6026886701583862
775,45,9,211,D:\Skripsi\Experiment_TA\data\raw\RGB1\S45\AC9\RGB1_SUB45ACT9F211.jpg,1,0,0.3651884198188782
776,45,9,31,D:\Skripsi\Experiment_TA\data\raw\RGB1\S45\AC9\RGB1_SUB45ACT9F31.jpg,1,1,0.6042872667312622
777,45,9,61,D:\Skripsi\Experiment_TA\data\raw\RGB1\S45\AC9\RGB1_SUB45ACT9F61.jpg,1,0,0.40401381254196167
778,45,9,91,D:\Skripsi\Experiment_TA\data\raw\RGB1\S45\AC9\RGB1_SUB45ACT9F91.jpg,1,1,0.5592309236526489
779,46,1,1,D:\Skripsi\Experiment_TA\data\raw\RGB1\S46\AC1\RGB1_SUB46ACT1F1.jpg,0,1,0.531604528427124
780,46,1,121,D:\Skripsi\Experiment_TA\data\raw\RGB1\S46\AC1\RGB1_SUB46ACT1F121.jpg,0,0,0.4453279376029968
781,46,1,151,D:\Skripsi\Experiment_TA\data\raw\RGB1\S46\AC1\RGB1_SUB46ACT1F151.jpg,0,1,0.6164725422859192
782,46,1,181,D:\Skripsi\Experiment_TA\data\raw\RGB1\S46\AC1\RGB1_SUB46ACT1F181.jpg,0,0,0.4653918445110321
783,46,1,211,D:\Skripsi\Experiment_TA\data\raw\RGB1\S46\AC1\RGB1_SUB46ACT1F211.jpg,0,0,0.45796534419059753
784,46,1,241,D:\Skripsi\Experiment_TA\data\raw\RGB1\S46\AC1\RGB1_SUB46ACT1F241.jpg,0,1,0.604435384273529
785,46,1,31,D:\Skripsi\Experiment_TA\data\raw\RGB1\S46\AC1\RGB1_SUB46ACT1F31.jpg,0,1,0.6048068404197693
786,46,1,61,D:\Skripsi\Experiment_TA\data\raw\RGB1\S46\AC1\RGB1_SUB46ACT1F61.jpg,0,0,0.4565022885799408
787,46,1,91,D:\Skripsi\Experiment_TA\data\raw\RGB1\S46\AC1\RGB1_SUB46ACT1F91.jpg,0,0,0.39436399936676025
788,46,5,1,D:\Skripsi\Experiment_TA\data\raw\RGB1\S46\AC5\RGB1_SUB46ACT5F1.jpg,1,0,0.49499306082725525
789,46,5,121,D:\Skripsi\Experiment_TA\data\raw\RGB1\S46\AC5\RGB1_SUB46ACT5F121.jpg,1,1,0.609203040599823
790,46,5,31,D:\Skripsi\Experiment_TA\data\raw\RGB1\S46\AC5\RGB1_SUB46ACT5F31.jpg,1,0,0.4550378620624542
791,46,5,61,D:\Skripsi\Experiment_TA\data\raw\RGB1\S46\AC5\RGB1_SUB46ACT5F61.jpg,1,1,0.6093290448188782
792,46,5,91,D:\Skripsi\Experiment_TA\data\raw\RGB1\S46\AC5\RGB1_SUB46ACT5F91.jpg,1,1,0.6843328475952148
793,46,6,1,D:\Skripsi\Experiment_TA\data\raw\RGB1\S46\AC6\RGB1_SUB46ACT6F1.jpg,1,1,0.8356564044952393
794,46,6,121,D:\Skripsi\Experiment_TA\data\raw\RGB1\S46\AC6\RGB1_SUB46ACT6F121.jpg,1,1,0.5902070999145508
795,46,6,31,D:\Skripsi\Experiment_TA\data\raw\RGB1\S46\AC6\RGB1_SUB46ACT6F31.jpg,1,1,0.7131330370903015
796,46,6,61,D:\Skripsi\Experiment_TA\data\raw\RGB1\S46\AC6\RGB1_SUB46ACT6F61.jpg,1,0,0.4815240800380707
797,46,6,91,D:\Skripsi\Experiment_TA\data\raw\RGB1\S46\AC6\RGB1_SUB46ACT6F91.jpg,1,1,0.6265435218811035
798,46,7,1,D:\Skripsi\Experiment_TA\data\raw\RGB1\S46\AC7\RGB1_SUB46ACT7F1.jpg,1,1,0.7206931710243225
799,46,7,121,D:\Skripsi\Experiment_TA\data\raw\RGB1\S46\AC7\RGB1_SUB46ACT7F121.jpg,1,1,0.7872149348258972
800,46,7,31,D:\Skripsi\Experiment_TA\data\raw\RGB1\S46\AC7\RGB1_SUB46ACT7F31.jpg,1,1,0.676632821559906
801,46,7,61,D:\Skripsi\Experiment_TA\data\raw\RGB1\S46\AC7\RGB1_SUB46ACT7F61.jpg,1,1,0.6978351473808289
802,46,7,91,D:\Skripsi\Experiment_TA\data\raw\RGB1\S46\AC7\RGB1_SUB46ACT7F91.jpg,1,1,0.6870347857475281
803,46,8,1,D:\Skripsi\Experiment_TA\data\raw\RGB1\S46\AC8\RGB1_SUB46ACT8F1.jpg,1,1,0.6854870319366455
804,46,8,121,D:\Skripsi\Experiment_TA\data\raw\RGB1\S46\AC8\RGB1_SUB46ACT8F121.jpg,1,0,0.4680923521518707
805,46,8,151,D:\Skripsi\Experiment_TA\data\raw\RGB1\S46\AC8\RGB1_SUB46ACT8F151.jpg,1,1,0.536411464214325
806,46,8,31,D:\Skripsi\Experiment_TA\data\raw\RGB1\S46\AC8\RGB1_SUB46ACT8F31.jpg,1,1,0.5487255454063416
807,46,8,61,D:\Skripsi\Experiment_TA\data\raw\RGB1\S46\AC8\RGB1_SUB46ACT8F61.jpg,1,1,0.5619163513183594
808,46,8,91,D:\Skripsi\Experiment_TA\data\raw\RGB1\S46\AC8\RGB1_SUB46ACT8F91.jpg,1,1,0.5118230581283569
809,46,9,1,D:\Skripsi\Experiment_TA\data\raw\RGB1\S46\AC9\RGB1_SUB46ACT9F1.jpg,1,1,0.5990198254585266
810,46,9,31,D:\Skripsi\Experiment_TA\data\raw\RGB1\S46\AC9\RGB1_SUB46ACT9F31.jpg,1,0,0.3485797047615051
811,46,9,61,D:\Skripsi\Experiment_TA\data\raw\RGB1\S46\AC9\RGB1_SUB46ACT9F61.jpg,1,0,0.4016593098640442
812,47,1,1,D:\Skripsi\Experiment_TA\data\raw\RGB1\S47\AC1\RGB1_SUB47ACT1F1.jpg,0,0,0.42974042892456055
813,47,1,121,D:\Skripsi\Experiment_TA\data\raw\RGB1\S47\AC1\RGB1_SUB47ACT1F121.jpg,0,1,0.5230006575584412
814,47,1,151,D:\Skripsi\Experiment_TA\data\raw\RGB1\S47\AC1\RGB1_SUB47ACT1F151.jpg,0,1,0.5268205404281616
815,47,1,181,D:\Skripsi\Experiment_TA\data\raw\RGB1\S47\AC1\RGB1_SUB47ACT1F181.jpg,0,1,0.630816638469696
816,47,1,31,D:\Skripsi\Experiment_TA\data\raw\RGB1\S47\AC1\RGB1_SUB47ACT1F31.jpg,0,0,0.36232778429985046
817,47,1,61,D:\Skripsi\Experiment_TA\data\raw\RGB1\S47\AC1\RGB1_SUB47ACT1F61.jpg,0,0,0.34188538789749146
818,47,1,91,D:\Skripsi\Experiment_TA\data\raw\RGB1\S47\AC1\RGB1_SUB47ACT1F91.jpg,0,1,0.5056265592575073
819,47,5,1,D:\Skripsi\Experiment_TA\data\raw\RGB1\S47\AC5\RGB1_SUB47ACT5F1.jpg,1,1,0.7581869959831238
820,47,5,31,D:\Skripsi\Experiment_TA\data\raw\RGB1\S47\AC5\RGB1_SUB47ACT5F31.jpg,1,1,0.6874968409538269
821,47,5,61,D:\Skripsi\Experiment_TA\data\raw\RGB1\S47\AC5\RGB1_SUB47ACT5F61.jpg,1,1,0.725728452205658
822,47,5,91,D:\Skripsi\Experiment_TA\data\raw\RGB1\S47\AC5\RGB1_SUB47ACT5F91.jpg,1,1,0.7676512598991394
823,47,6,1,D:\Skripsi\Experiment_TA\data\raw\RGB1\S47\AC6\RGB1_SUB47ACT6F1.jpg,1,1,0.7199854850769043
824,47,6,31,D:\Skripsi\Experiment_TA\data\raw\RGB1\S47\AC6\RGB1_SUB47ACT6F31.jpg,1,1,0.854289174079895
825,47,6,61,D:\Skripsi\Experiment_TA\data\raw\RGB1\S47\AC6\RGB1_SUB47ACT6F61.jpg,1,1,0.7318875193595886
826,47,6,91,D:\Skripsi\Experiment_TA\data\raw\RGB1\S47\AC6\RGB1_SUB47ACT6F91.jpg,1,1,0.7619030475616455
827,47,7,1,D:\Skripsi\Experiment_TA\data\raw\RGB1\S47\AC7\RGB1_SUB47ACT7F1.jpg,1,1,0.8845363259315491
828,47,7,121,D:\Skripsi\Experiment_TA\data\raw\RGB1\S47\AC7\RGB1_SUB47ACT7F121.jpg,1,1,0.8432828187942505
829,47,7,151,D:\Skripsi\Experiment_TA\data\raw\RGB1\S47\AC7\RGB1_SUB47ACT7F151.jpg,1,1,0.8280431628227234
830,47,7,31,D:\Skripsi\Experiment_TA\data\raw\RGB1\S47\AC7\RGB1_SUB47ACT7F31.jpg,1,1,0.9051783084869385
831,47,7,61,D:\Skripsi\Experiment_TA\data\raw\RGB1\S47\AC7\RGB1_SUB47ACT7F61.jpg,1,1,0.7467151880264282
832,47,7,91,D:\Skripsi\Experiment_TA\data\raw\RGB1\S47\AC7\RGB1_SUB47ACT7F91.jpg,1,1,0.7616368532180786
833,47,8,1,D:\Skripsi\Experiment_TA\data\raw\RGB1\S47\AC8\RGB1_SUB47ACT8F1.jpg,1,1,0.6171159744262695
834,47,8,121,D:\Skripsi\Experiment_TA\data\raw\RGB1\S47\AC8\RGB1_SUB47ACT8F121.jpg,1,1,0.6422610282897949
835,47,8,151,D:\Skripsi\Experiment_TA\data\raw\RGB1\S47\AC8\RGB1_SUB47ACT8F151.jpg,1,1,0.7455323934555054
836,47,8,31,D:\Skripsi\Experiment_TA\data\raw\RGB1\S47\AC8\RGB1_SUB47ACT8F31.jpg,1,1,0.7185967564582825
837,47,8,61,D:\Skripsi\Experiment_TA\data\raw\RGB1\S47\AC8\RGB1_SUB47ACT8F61.jpg,1,1,0.695321261882782
838,47,8,91,D:\Skripsi\Experiment_TA\data\raw\RGB1\S47\AC8\RGB1_SUB47ACT8F91.jpg,1,1,0.6172307729721069
839,47,9,1,D:\Skripsi\Experiment_TA\data\raw\RGB1\S47\AC9\RGB1_SUB47ACT9F1.jpg,1,1,0.8670279383659363
840,47,9,121,D:\Skripsi\Experiment_TA\data\raw\RGB1\S47\AC9\RGB1_SUB47ACT9F121.jpg,1,1,0.7233136892318726
841,47,9,151,D:\Skripsi\Experiment_TA\data\raw\RGB1\S47\AC9\RGB1_SUB47ACT9F151.jpg,1,1,0.7797904014587402
842,47,9,31,D:\Skripsi\Experiment_TA\data\raw\RGB1\S47\AC9\RGB1_SUB47ACT9F31.jpg,1,1,0.824902355670929
843,47,9,61,D:\Skripsi\Experiment_TA\data\raw\RGB1\S47\AC9\RGB1_SUB47ACT9F61.jpg,1,1,0.8472253680229187
844,47,9,91,D:\Skripsi\Experiment_TA\data\raw\RGB1\S47\AC9\RGB1_SUB47ACT9F91.jpg,1,1,0.7640293836593628
845,48,1,1,D:\Skripsi\Experiment_TA\data\raw\RGB1\S48\AC1\RGB1_SUB48ACT1F1.jpg,0,1,0.6253889799118042
846,48,1,121,D:\Skripsi\Experiment_TA\data\raw\RGB1\S48\AC1\RGB1_SUB48ACT1F121.jpg,0,1,0.5531794428825378
847,48,1,31,D:\Skripsi\Experiment_TA\data\raw\RGB1\S48\AC1\RGB1_SUB48ACT1F31.jpg,0,1,0.7444977164268494
848,48,1,61,D:\Skripsi\Experiment_TA\data\raw\RGB1\S48\AC1\RGB1_SUB48ACT1F61.jpg,0,1,0.7239667177200317
849,48,1,91,D:\Skripsi\Experiment_TA\data\raw\RGB1\S48\AC1\RGB1_SUB48ACT1F91.jpg,0,0,0.48425382375717163
850,48,5,1,D:\Skripsi\Experiment_TA\data\raw\RGB1\S48\AC5\RGB1_SUB48ACT5F1.jpg,1,1,0.8521852493286133
851,48,5,121,D:\Skripsi\Experiment_TA\data\raw\RGB1\S48\AC5\RGB1_SUB48ACT5F121.jpg,1,1,0.8710064888000488
852,48,5,31,D:\Skripsi\Experiment_TA\data\raw\RGB1\S48\AC5\RGB1_SUB48ACT5F31.jpg,1,1,0.8332774043083191
853,48,5,61,D:\Skripsi\Experiment_TA\data\raw\RGB1\S48\AC5\RGB1_SUB48ACT5F61.jpg,1,1,0.8539460301399231
854,48,5,91,D:\Skripsi\Experiment_TA\data\raw\RGB1\S48\AC5\RGB1_SUB48ACT5F91.jpg,1,1,0.8678466081619263
855,48,6,1,D:\Skripsi\Experiment_TA\data\raw\RGB1\S48\AC6\RGB1_SUB48ACT6F1.jpg,1,1,0.7636203765869141
856,48,6,31,D:\Skripsi\Experiment_TA\data\raw\RGB1\S48\AC6\RGB1_SUB48ACT6F31.jpg,1,1,0.8395602107048035
857,48,6,61,D:\Skripsi\Experiment_TA\data\raw\RGB1\S48\AC6\RGB1_SUB48ACT6F61.jpg,1,1,0.8652924299240112
858,48,6,91,D:\Skripsi\Experiment_TA\data\raw\RGB1\S48\AC6\RGB1_SUB48ACT6F91.jpg,1,1,0.6112942099571228
859,48,7,1,D:\Skripsi\Experiment_TA\data\raw\RGB1\S48\AC7\RGB1_SUB48ACT7F1.jpg,1,1,0.8034436106681824
860,48,7,121,D:\Skripsi\Experiment_TA\data\raw\RGB1\S48\AC7\RGB1_SUB48ACT7F121.jpg,1,1,0.7801113128662109
861,48,7,151,D:\Skripsi\Experiment_TA\data\raw\RGB1\S48\AC7\RGB1_SUB48ACT7F151.jpg,1,1,0.8274714946746826
862,48,7,181,D:\Skripsi\Experiment_TA\data\raw\RGB1\S48\AC7\RGB1_SUB48ACT7F181.jpg,1,1,0.8751513361930847
863,48,7,31,D:\Skripsi\Experiment_TA\data\raw\RGB1\S48\AC7\RGB1_SUB48ACT7F31.jpg,1,1,0.742486298084259
864,48,7,61,D:\Skripsi\Experiment_TA\data\raw\RGB1\S48\AC7\RGB1_SUB48ACT7F61.jpg,1,1,0.8382146954536438
865,48,7,91,D:\Skripsi\Experiment_TA\data\raw\RGB1\S48\AC7\RGB1_SUB48ACT7F91.jpg,1,1,0.7477009296417236
866,48,8,1,D:\Skripsi\Experiment_TA\data\raw\RGB1\S48\AC8\RGB1_SUB48ACT8F1.jpg,1,1,0.7548425197601318
867,48,8,121,D:\Skripsi\Experiment_TA\data\raw\RGB1\S48\AC8\RGB1_SUB48ACT8F121.jpg,1,1,0.8020928502082825
868,48,8,151,D:\Skripsi\Experiment_TA\data\raw\RGB1\S48\AC8\RGB1_SUB48ACT8F151.jpg,1,1,0.752741813659668
869,48,8,181,D:\Skripsi\Experiment_TA\data\raw\RGB1\S48\AC8\RGB1_SUB48ACT8F181.jpg,1,1,0.790583074092865
870,48,8,31,D:\Skripsi\Experiment_TA\data\raw\RGB1\S48\AC8\RGB1_SUB48ACT8F31.jpg,1,1,0.7457399964332581
871,48,8,61,D:\Skripsi\Experiment_TA\data\raw\RGB1\S48\AC8\RGB1_SUB48ACT8F61.jpg,1,1,0.8059852123260498
872,48,8,91,D:\Skripsi\Experiment_TA\data\raw\RGB1\S48\AC8\RGB1_SUB48ACT8F91.jpg,1,1,0.861964225769043
873,48,9,1,D:\Skripsi\Experiment_TA\data\raw\RGB1\S48\AC9\RGB1_SUB48ACT9F1.jpg,1,1,0.7477867603302002
874,48,9,121,D:\Skripsi\Experiment_TA\data\raw\RGB1\S48\AC9\RGB1_SUB48ACT9F121.jpg,1,1,0.8194472789764404
875,48,9,151,D:\Skripsi\Experiment_TA\data\raw\RGB1\S48\AC9\RGB1_SUB48ACT9F151.jpg,1,1,0.7771833539009094
876,48,9,31,D:\Skripsi\Experiment_TA\data\raw\RGB1\S48\AC9\RGB1_SUB48ACT9F31.jpg,1,1,0.7390131950378418
877,48,9,61,D:\Skripsi\Experiment_TA\data\raw\RGB1\S48\AC9\RGB1_SUB48ACT9F61.jpg,1,1,0.860394299030304
878,48,9,91,D:\Skripsi\Experiment_TA\data\raw\RGB1\S48\AC9\RGB1_SUB48ACT9F91.jpg,1,1,0.7401137351989746
879,49,1,1,D:\Skripsi\Experiment_TA\data\raw\RGB1\S49\AC1\RGB1_SUB49ACT1F1.jpg,0,1,0.686062753200531
880,49,1,121,D:\Skripsi\Experiment_TA\data\raw\RGB1\S49\AC1\RGB1_SUB49ACT1F121.jpg,0,1,0.6691760420799255
881,49,1,151,D:\Skripsi\Experiment_TA\data\raw\RGB1\S49\AC1\RGB1_SUB49ACT1F151.jpg,0,1,0.5952282547950745
882,49,1,31,D:\Skripsi\Experiment_TA\data\raw\RGB1\S49\AC1\RGB1_SUB49ACT1F31.jpg,0,0,0.46532291173934937
883,49,1,61,D:\Skripsi\Experiment_TA\data\raw\RGB1\S49\AC1\RGB1_SUB49ACT1F61.jpg,0,1,0.5352922081947327
884,49,1,91,D:\Skripsi\Experiment_TA\data\raw\RGB1\S49\AC1\RGB1_SUB49ACT1F91.jpg,0,1,0.5672536492347717
885,49,5,1,D:\Skripsi\Experiment_TA\data\raw\RGB1\S49\AC5\RGB1_SUB49ACT5F1.jpg,1,1,0.7800847887992859
886,49,5,121,D:\Skripsi\Experiment_TA\data\raw\RGB1\S49\AC5\RGB1_SUB49ACT5F121.jpg,1,1,0.8070868253707886
887,49,5,151,D:\Skripsi\Experiment_TA\data\raw\RGB1\S49\AC5\RGB1_SUB49ACT5F151.jpg,1,1,0.6047732830047607
888,49,5,31,D:\Skripsi\Experiment_TA\data\raw\RGB1\S49\AC5\RGB1_SUB49ACT5F31.jpg,1,1,0.7384140491485596
889,49,5,61,D:\Skripsi\Experiment_TA\data\raw\RGB1\S49\AC5\RGB1_SUB49ACT5F61.jpg,1,1,0.7943638563156128
890,49,5,91,D:\Skripsi\Experiment_TA\data\raw\RGB1\S49\AC5\RGB1_SUB49ACT5F91.jpg,1,1,0.6661952137947083
891,49,6,1,D:\Skripsi\Experiment_TA\data\raw\RGB1\S49\AC6\RGB1_SUB49ACT6F1.jpg,1,1,0.7270562052726746
892,49,6,121,D:\Skripsi\Experiment_TA\data\raw\RGB1\S49\AC6\RGB1_SUB49ACT6F121.jpg,1,1,0.8466506004333496
893,49,6,151,D:\Skripsi\Experiment_TA\data\raw\RGB1\S49\AC6\RGB1_SUB49ACT6F151.jpg,1,1,0.837973415851593
894,49,6,181,D:\Skripsi\Experiment_TA\data\raw\RGB1\S49\AC6\RGB1_SUB49ACT6F181.jpg,1,1,0.7866436839103699
895,49,6,31,D:\Skripsi\Experiment_TA\data\raw\RGB1\S49\AC6\RGB1_SUB49ACT6F31.jpg,1,1,0.754109263420105
896,49,6,61,D:\Skripsi\Experiment_TA\data\raw\RGB1\S49\AC6\RGB1_SUB49ACT6F61.jpg,1,1,0.6846873760223389
897,49,6,91,D:\Skripsi\Experiment_TA\data\raw\RGB1\S49\AC6\RGB1_SUB49ACT6F91.jpg,1,1,0.7470709085464478
898,49,7,1,D:\Skripsi\Experiment_TA\data\raw\RGB1\S49\AC7\RGB1_SUB49ACT7F1.jpg,1,1,0.6776160597801208
899,49,7,121,D:\Skripsi\Experiment_TA\data\raw\RGB1\S49\AC7\RGB1_SUB49ACT7F121.jpg,1,1,0.705201268196106
900,49,7,31,D:\Skripsi\Experiment_TA\data\raw\RGB1\S49\AC7\RGB1_SUB49ACT7F31.jpg,1,1,0.7056083679199219
901,49,7,61,D:\Skripsi\Experiment_TA\data\raw\RGB1\S49\AC7\RGB1_SUB49ACT7F61.jpg,1,1,0.6930532455444336
902,49,7,91,D:\Skripsi\Experiment_TA\data\raw\RGB1\S49\AC7\RGB1_SUB49ACT7F91.jpg,1,1,0.7712814211845398
903,49,8,1,D:\Skripsi\Experiment_TA\data\raw\RGB1\S49\AC8\RGB1_SUB49ACT8F1.jpg,1,1,0.834452211856842
904,49,8,121,D:\Skripsi\Experiment_TA\data\raw\RGB1\S49\AC8\RGB1_SUB49ACT8F121.jpg,1,1,0.6084218621253967
905,49,8,151,D:\Skripsi\Experiment_TA\data\raw\RGB1\S49\AC8\RGB1_SUB49ACT8F151.jpg,1,1,0.7473386526107788
906,49,8,181,D:\Skripsi\Experiment_TA\data\raw\RGB1\S49\AC8\RGB1_SUB49ACT8F181.jpg,1,1,0.6529772281646729
907,49,8,211,D:\Skripsi\Experiment_TA\data\raw\RGB1\S49\AC8\RGB1_SUB49ACT8F211.jpg,1,1,0.7013535499572754
908,49,8,31,D:\Skripsi\Experiment_TA\data\raw\RGB1\S49\AC8\RGB1_SUB49ACT8F31.jpg,1,1,0.6345279216766357
909,49,8,61,D:\Skripsi\Experiment_TA\data\raw\RGB1\S49\AC8\RGB1_SUB49ACT8F61.jpg,1,1,0.8099293112754822
910,49,8,91,D:\Skripsi\Experiment_TA\data\raw\RGB1\S49\AC8\RGB1_SUB49ACT8F91.jpg,1,1,0.6067841053009033
911,49,9,1,D:\Skripsi\Experiment_TA\data\raw\RGB1\S49\AC9\RGB1_SUB49ACT9F1.jpg,1,1,0.7273808121681213
912,49,9,121,D:\Skripsi\Experiment_TA\data\raw\RGB1\S49\AC9\RGB1_SUB49ACT9F121.jpg,1,1,0.5259338617324829
913,49,9,151,D:\Skripsi\Experiment_TA\data\raw\RGB1\S49\AC9\RGB1_SUB49ACT9F151.jpg,1,1,0.7669678330421448
914,49,9,181,D:\Skripsi\Experiment_TA\data\raw\RGB1\S49\AC9\RGB1_SUB49ACT9F181.jpg,1,1,0.6493467092514038
915,49,9,31,D:\Skripsi\Experiment_TA\data\raw\RGB1\S49\AC9\RGB1_SUB49ACT9F31.jpg,1,1,0.563162088394165
916,49,9,61,D:\Skripsi\Experiment_TA\data\raw\RGB1\S49\AC9\RGB1_SUB49ACT9F61.jpg,1,1,0.6675407290458679
917,49,9,91,D:\Skripsi\Experiment_TA\data\raw\RGB1\S49\AC9\RGB1_SUB49ACT9F91.jpg,1,1,0.5072845816612244
918,5,1,1,D:\Skripsi\Experiment_TA\data\raw\RGB1\S5\AC1\RGB1_SUB5ACT1F1.jpg,0,1,0.6316258907318115
919,5,1,121,D:\Skripsi\Experiment_TA\data\raw\RGB1\S5\AC1\RGB1_SUB5ACT1F121.jpg,0,1,0.6381971836090088
920,5,1,31,D:\Skripsi\Experiment_TA\data\raw\RGB1\S5\AC1\RGB1_SUB5ACT1F31.jpg,0,1,0.7750272750854492
921,5,1,61,D:\Skripsi\Experiment_TA\data\raw\RGB1\S5\AC1\RGB1_SUB5ACT1F61.jpg,0,1,0.731630265712738
922,5,1,91,D:\Skripsi\Experiment_TA\data\raw\RGB1\S5\AC1\RGB1_SUB5ACT1F91.jpg,0,1,0.6503227949142456
923,5,5,1,D:\Skripsi\Experiment_TA\data\raw\RGB1\S5\AC5\RGB1_SUB5ACT5F1.jpg,1,1,0.8733185529708862
924,5,5,121,D:\Skripsi\Experiment_TA\data\raw\RGB1\S5\AC5\RGB1_SUB5ACT5F121.jpg,1,1,0.7111436128616333
925,5,5,31,D:\Skripsi\Experiment_TA\data\raw\RGB1\S5\AC5\RGB1_SUB5ACT5F31.jpg,1,1,0.7561103701591492
926,5,5,61,D:\Skripsi\Experiment_TA\data\raw\RGB1\S5\AC5\RGB1_SUB5ACT5F61.jpg,1,1,0.7590280771255493
927,5,5,91,D:\Skripsi\Experiment_TA\data\raw\RGB1\S5\AC5\RGB1_SUB5ACT5F91.jpg,1,1,0.8019700050354004
928,5,6,1,D:\Skripsi\Experiment_TA\data\raw\RGB1\S5\AC6\RGB1_SUB5ACT6F1.jpg,1,1,0.7981042265892029
929,5,6,121,D:\Skripsi\Experiment_TA\data\raw\RGB1\S5\AC6\RGB1_SUB5ACT6F121.jpg,1,1,0.7979149222373962
930,5,6,31,D:\Skripsi\Experiment_TA\data\raw\RGB1\S5\AC6\RGB1_SUB5ACT6F31.jpg,1,1,0.8148240447044373
931,5,6,61,D:\Skripsi\Experiment_TA\data\raw\RGB1\S5\AC6\RGB1_SUB5ACT6F61.jpg,1,1,0.8132182359695435
932,5,6,91,D:\Skripsi\Experiment_TA\data\raw\RGB1\S5\AC6\RGB1_SUB5ACT6F91.jpg,1,1,0.794166088104248
933,5,7,1,D:\Skripsi\Experiment_TA\data\raw\RGB1\S5\AC7\RGB1_SUB5ACT7F1.jpg,1,1,0.9142502546310425
934,5,7,121,D:\Skripsi\Experiment_TA\data\raw\RGB1\S5\AC7\RGB1_SUB5ACT7F121.jpg,1,1,0.9514639973640442
935,5,7,151,D:\Skripsi\Experiment_TA\data\raw\RGB1\S5\AC7\RGB1_SUB5ACT7F151.jpg,1,1,0.9209115505218506
936,5,7,31,D:\Skripsi\Experiment_TA\data\raw\RGB1\S5\AC7\RGB1_SUB5ACT7F31.jpg,1,1,0.9317534565925598
937,5,7,61,D:\Skripsi\Experiment_TA\data\raw\RGB1\S5\AC7\RGB1_SUB5ACT7F61.jpg,1,1,0.9625811576843262
938,5,7,91,D:\Skripsi\Experiment_TA\data\raw\RGB1\S5\AC7\RGB1_SUB5ACT7F91.jpg,1,1,0.928580641746521
939,5,8,1,D:\Skripsi\Experiment_TA\data\raw\RGB1\S5\AC8\RGB1_SUB5ACT8F1.jpg,1,1,0.7764059901237488
940,5,8,121,D:\Skripsi\Experiment_TA\data\raw\RGB1\S5\AC8\RGB1_SUB5ACT8F121.jpg,1,1,0.8292766809463501
941,5,8,151,D:\Skripsi\Experiment_TA\data\raw\RGB1\S5\AC8\RGB1_SUB5ACT8F151.jpg,1,1,0.7456060647964478
942,5,8,31,D:\Skripsi\Experiment_TA\data\raw\RGB1\S5\AC8\RGB1_SUB5ACT8F31.jpg,1,1,0.7543719410896301
943,5,8,61,D:\Skripsi\Experiment_TA\data\raw\RGB1\S5\AC8\RGB1_SUB5ACT8F61.jpg,1,1,0.7363837361335754
944,5,8,91,D:\Skripsi\Experiment_TA\data\raw\RGB1\S5\AC8\RGB1_SUB5ACT8F91.jpg,1,1,0.696342408657074
945,5,9,1,D:\Skripsi\Experiment_TA\data\raw\RGB1\S5\AC9\RGB1_SUB5ACT9F1.jpg,1,1,0.6606966257095337
946,5,9,121,D:\Skripsi\Experiment_TA\data\raw\RGB1\S5\AC9\RGB1_SUB5ACT9F121.jpg,1,1,0.7672248482704163
947,5,9,151,D:\Skripsi\Experiment_TA\data\raw\RGB1\S5\AC9\RGB1_SUB5ACT9F151.jpg,1,1,0.8564351797103882
948,5,9,31,D:\Skripsi\Experiment_TA\data\raw\RGB1\S5\AC9\RGB1_SUB5ACT9F31.jpg,1,1,0.7128073573112488
949,5,9,61,D:\Skripsi\Experiment_TA\data\raw\RGB1\S5\AC9\RGB1_SUB5ACT9F61.jpg,1,1,0.7924084067344666
950,5,9,91,D:\Skripsi\Experiment_TA\data\raw\RGB1\S5\AC9\RGB1_SUB5ACT9F91.jpg,1,1,0.8196890354156494
951,50,1,1,D:\Skripsi\Experiment_TA\data\raw\RGB1\S50\AC1\RGB1_SUB50ACT1F1.jpg,0,0,0.42942607402801514
952,50,1,31,D:\Skripsi\Experiment_TA\data\raw\RGB1\S50\AC1\RGB1_SUB50ACT1F31.jpg,0,0,0.4799940884113312
953,50,1,61,D:\Skripsi\Experiment_TA\data\raw\RGB1\S50\AC1\RGB1_SUB50ACT1F61.jpg,0,1,0.5106024146080017
954,50,1,91,D:\Skripsi\Experiment_TA\data\raw\RGB1\S50\AC1\RGB1_SUB50ACT1F91.jpg,0,1,0.6475119590759277
955,50,5,1,D:\Skripsi\Experiment_TA\data\raw\RGB1\S50\AC5\RGB1_SUB50ACT5F1.jpg,1,1,0.8638243079185486
956,50,5,121,D:\Skripsi\Experiment_TA\data\raw\RGB1\S50\AC5\RGB1_SUB50ACT5F121.jpg,1,1,0.7206776142120361
957,50,5,31,D:\Skripsi\Experiment_TA\data\raw\RGB1\S50\AC5\RGB1_SUB50ACT5F31.jpg,1,1,0.66032874584198
958,50,5,61,D:\Skripsi\Experiment_TA\data\raw\RGB1\S50\AC5\RGB1_SUB50ACT5F61.jpg,1,1,0.6360703110694885
959,50,5,91,D:\Skripsi\Experiment_TA\data\raw\RGB1\S50\AC5\RGB1_SUB50ACT5F91.jpg,1,1,0.596560001373291
960,50,6,1,D:\Skripsi\Experiment_TA\data\raw\RGB1\S50\AC6\RGB1_SUB50ACT6F1.jpg,1,1,0.6196328401565552
961,50,6,121,D:\Skripsi\Experiment_TA\data\raw\RGB1\S50\AC6\RGB1_SUB50ACT6F121.jpg,1,1,0.6985563635826111
962,50,6,31,D:\Skripsi\Experiment_TA\data\raw\RGB1\S50\AC6\RGB1_SUB50ACT6F31.jpg,1,0,0.46811094880104065
963,50,6,61,D:\Skripsi\Experiment_TA\data\raw\RGB1\S50\AC6\RGB1_SUB50ACT6F61.jpg,1,1,0.5687328577041626
964,50,6,91,D:\Skripsi\Experiment_TA\data\raw\RGB1\S50\AC6\RGB1_SUB50ACT6F91.jpg,1,1,0.6209571957588196
965,50,7,1,D:\Skripsi\Experiment_TA\data\raw\RGB1\S50\AC7\RGB1_SUB50ACT7F1.jpg,1,1,0.6121913194656372
966,50,7,121,D:\Skripsi\Experiment_TA\data\raw\RGB1\S50\AC7\RGB1_SUB50ACT7F121.jpg,1,1,0.8300964832305908
967,50,7,31,D:\Skripsi\Experiment_TA\data\raw\RGB1\S50\AC7\RGB1_SUB50ACT7F31.jpg,1,1,0.6554753184318542
968,50,7,61,D:\Skripsi\Experiment_TA\data\raw\RGB1\S50\AC7\RGB1_SUB50ACT7F61.jpg,1,1,0.84414142370224
969,50,7,91,D:\Skripsi\Experiment_TA\data\raw\RGB1\S50\AC7\RGB1_SUB50ACT7F91.jpg,1,1,0.8564649224281311
970,50,8,1,D:\Skripsi\Experiment_TA\data\raw\RGB1\S50\AC8\RGB1_SUB50ACT8F1.jpg,1,1,0.6403898596763611
971,50,8,121,D:\Skripsi\Experiment_TA\data\raw\RGB1\S50\AC8\RGB1_SUB50ACT8F121.jpg,1,1,0.6281263828277588
972,50,8,151,D:\Skripsi\Experiment_TA\data\raw\RGB1\S50\AC8\RGB1_SUB50ACT8F151.jpg,1,1,0.5891239047050476
973,50,8,181,D:\Skripsi\Experiment_TA\data\raw\RGB1\S50\AC8\RGB1_SUB50ACT8F181.jpg,1,1,0.6187859773635864
974,50,8,211,D:\Skripsi\Experiment_TA\data\raw\RGB1\S50\AC8\RGB1_SUB50ACT8F211.jpg,1,1,0.545925498008728
975,50,8,31,D:\Skripsi\Experiment_TA\data\raw\RGB1\S50\AC8\RGB1_SUB50ACT8F31.jpg,1,1,0.6558104753494263
976,50,8,61,D:\Skripsi\Experiment_TA\data\raw\RGB1\S50\AC8\RGB1_SUB50ACT8F61.jpg,1,1,0.6463204622268677
977,50,8,91,D:\Skripsi\Experiment_TA\data\raw\RGB1\S50\AC8\RGB1_SUB50ACT8F91.jpg,1,1,0.6939905285835266
978,50,9,1,D:\Skripsi\Experiment_TA\data\raw\RGB1\S50\AC9\RGB1_SUB50ACT9F1.jpg,1,1,0.7961978316307068
979,50,9,121,D:\Skripsi\Experiment_TA\data\raw\RGB1\S50\AC9\RGB1_SUB50ACT9F121.jpg,1,1,0.7328059077262878
980,50,9,151,D:\Skripsi\Experiment_TA\data\raw\RGB1\S50\AC9\RGB1_SUB50ACT9F151.jpg,1,1,0.6819361448287964
981,50,9,181,D:\Skripsi\Experiment_TA\data\raw\RGB1\S50\AC9\RGB1_SUB50ACT9F181.jpg,1,1,0.6354864239692688
982,50,9,31,D:\Skripsi\Experiment_TA\data\raw\RGB1\S50\AC9\RGB1_SUB50ACT9F31.jpg,1,1,0.821379542350769
983,50,9,61,D:\Skripsi\Experiment_TA\data\raw\RGB1\S50\AC9\RGB1_SUB50ACT9F61.jpg,1,1,0.5768469572067261
984,50,9,91,D:\Skripsi\Experiment_TA\data\raw\RGB1\S50\AC9\RGB1_SUB50ACT9F91.jpg,1,1,0.8005796670913696
985,6,1,1,D:\Skripsi\Experiment_TA\data\raw\RGB1\S6\AC1\RGB1_SUB6ACT1F1.jpg,0,0,0.37275606393814087
986,6,1,121,D:\Skripsi\Experiment_TA\data\raw\RGB1\S6\AC1\RGB1_SUB6ACT1F121.jpg,0,0,0.4336814880371094
987,6,1,31,D:\Skripsi\Experiment_TA\data\raw\RGB1\S6\AC1\RGB1_SUB6ACT1F31.jpg,0,0,0.3199165165424347
988,6,1,61,D:\Skripsi\Experiment_TA\data\raw\RGB1\S6\AC1\RGB1_SUB6ACT1F61.jpg,0,0,0.35317960381507874
989,6,1,91,D:\Skripsi\Experiment_TA\data\raw\RGB1\S6\AC1\RGB1_SUB6ACT1F91.jpg,0,0,0.30268096923828125
990,6,5,1,D:\Skripsi\Experiment_TA\data\raw\RGB1\S6\AC5\RGB1_SUB6ACT5F1.jpg,1,1,0.7120150327682495
991,6,5,121,D:\Skripsi\Experiment_TA\data\raw\RGB1\S6\AC5\RGB1_SUB6ACT5F121.jpg,1,1,0.7509387135505676
992,6,5,31,D:\Skripsi\Experiment_TA\data\raw\RGB1\S6\AC5\RGB1_SUB6ACT5F31.jpg,1,1,0.8720888495445251
993,6,5,61,D:\Skripsi\Experiment_TA\data\raw\RGB1\S6\AC5\RGB1_SUB6ACT5F61.jpg,1,1,0.9177752733230591
994,6,5,91,D:\Skripsi\Experiment_TA\data\raw\RGB1\S6\AC5\RGB1_SUB6ACT5F91.jpg,1,1,0.944579005241394
995,6,6,1,D:\Skripsi\Experiment_TA\data\raw\RGB1\S6\AC6\RGB1_SUB6ACT6F1.jpg,1,1,0.7877585887908936
996,6,6,121,D:\Skripsi\Experiment_TA\data\raw\RGB1\S6\AC6\RGB1_SUB6ACT6F121.jpg,1,1,0.7686763405799866
997,6,6,151,D:\Skripsi\Experiment_TA\data\raw\RGB1\S6\AC6\RGB1_SUB6ACT6F151.jpg,1,1,0.8399657011032104
998,6,6,31,D:\Skripsi\Experiment_TA\data\raw\RGB1\S6\AC6\RGB1_SUB6ACT6F31.jpg,1,1,0.9173633456230164
999,6,6,61,D:\Skripsi\Experiment_TA\data\raw\RGB1\S6\AC6\RGB1_SUB6ACT6F61.jpg,1,1,0.6234338879585266
1000,6,6,91,D:\Skripsi\Experiment_TA\data\raw\RGB1\S6\AC6\RGB1_SUB6ACT6F91.jpg,1,0,0.47871774435043335
1001,6,7,1,D:\Skripsi\Experiment_TA\data\raw\RGB1\S6\AC7\RGB1_SUB6ACT7F1.jpg,1,0,0.30901089310646057
1002,6,7,121,D:\Skripsi\Experiment_TA\data\raw\RGB1\S6\AC7\RGB1_SUB6ACT7F121.jpg,1,1,0.903008759021759
1003,6,7,31,D:\Skripsi\Experiment_TA\data\raw\RGB1\S6\AC7\RGB1_SUB6ACT7F31.jpg,1,1,0.7886568903923035
1004,6,7,61,D:\Skripsi\Experiment_TA\data\raw\RGB1\S6\AC7\RGB1_SUB6ACT7F61.jpg,1,1,0.7901527285575867
1005,6,7,91,D:\Skripsi\Experiment_TA\data\raw\RGB1\S6\AC7\RGB1_SUB6ACT7F91.jpg,1,1,0.9557074308395386
1006,6,8,1,D:\Skripsi\Experiment_TA\data\raw\RGB1\S6\AC8\RGB1_SUB6ACT8F1.jpg,1,1,0.6070905923843384
1007,6,8,121,D:\Skripsi\Experiment_TA\data\raw\RGB1\S6\AC8\RGB1_SUB6ACT8F121.jpg,1,1,0.6550982594490051
1008,6,8,151,D:\Skripsi\Experiment_TA\data\raw\RGB1\S6\AC8\RGB1_SUB6ACT8F151.jpg,1,1,0.8552151918411255
1009,6,8,31,D:\Skripsi\Experiment_TA\data\raw\RGB1\S6\AC8\RGB1_SUB6ACT8F31.jpg,1,1,0.5349896550178528
1010,6,8,61,D:\Skripsi\Experiment_TA\data\raw\RGB1\S6\AC8\RGB1_SUB6ACT8F61.jpg,1,1,0.517108678817749
1011,6,8,91,D:\Skripsi\Experiment_TA\data\raw\RGB1\S6\AC8\RGB1_SUB6ACT8F91.jpg,1,0,0.4049975275993347
1012,6,9,1,D:\Skripsi\Experiment_TA\data\raw\RGB1\S6\AC9\RGB1_SUB6ACT9F1.jpg,1,1,0.8470448851585388
1013,6,9,121,D:\Skripsi\Experiment_TA\data\raw\RGB1\S6\AC9\RGB1_SUB6ACT9F121.jpg,1,1,0.6835148334503174
1014,6,9,151,D:\Skripsi\Experiment_TA\data\raw\RGB1\S6\AC9\RGB1_SUB6ACT9F151.jpg,1,1,0.9575645327568054
1015,6,9,31,D:\Skripsi\Experiment_TA\data\raw\RGB1\S6\AC9\RGB1_SUB6ACT9F31.jpg,1,1,0.9137939810752869
1016,6,9,61,D:\Skripsi\Experiment_TA\data\raw\RGB1\S6\AC9\RGB1_SUB6ACT9F61.jpg,1,1,0.8184036016464233
1017,6,9,91,D:\Skripsi\Experiment_TA\data\raw\RGB1\S6\AC9\RGB1_SUB6ACT9F91.jpg,1,1,0.7681019902229309
1018,7,1,1,D:\Skripsi\Experiment_TA\data\raw\RGB1\S7\AC1\RGB1_SUB7ACT1F1.jpg,0,0,0.416810542345047
1019,7,1,121,D:\Skripsi\Experiment_TA\data\raw\RGB1\S7\AC1\RGB1_SUB7ACT1F121.jpg,0,0,0.4411274194717407
1020,7,1,31,D:\Skripsi\Experiment_TA\data\raw\RGB1\S7\AC1\RGB1_SUB7ACT1F31.jpg,0,0,0.4909506142139435
1021,7,1,61,D:\Skripsi\Experiment_TA\data\raw\RGB1\S7\AC1\RGB1_SUB7ACT1F61.jpg,0,0,0.40083181858062744
1022,7,1,91,D:\Skripsi\Experiment_TA\data\raw\RGB1\S7\AC1\RGB1_SUB7ACT1F91.jpg,0,0,0.4793061912059784
1023,7,5,1,D:\Skripsi\Experiment_TA\data\raw\RGB1\S7\AC5\RGB1_SUB7ACT5F1.jpg,1,0,0.33384227752685547
1024,7,5,121,D:\Skripsi\Experiment_TA\data\raw\RGB1\S7\AC5\RGB1_SUB7ACT5F121.jpg,1,1,0.6649450659751892
1025,7,5,31,D:\Skripsi\Experiment_TA\data\raw\RGB1\S7\AC5\RGB1_SUB7ACT5F31.jpg,1,1,0.6335393190383911
1026,7,5,61,D:\Skripsi\Experiment_TA\data\raw\RGB1\S7\AC5\RGB1_SUB7ACT5F61.jpg,1,1,0.5926132798194885
1027,7,5,91,D:\Skripsi\Experiment_TA\data\raw\RGB1\S7\AC5\RGB1_SUB7ACT5F91.jpg,1,1,0.6054890751838684
1028,7,6,1,D:\Skripsi\Experiment_TA\data\raw\RGB1\S7\AC6\RGB1_SUB7ACT6F1.jpg,1,0,0.43861615657806396
1029,7,6,121,D:\Skripsi\Experiment_TA\data\raw\RGB1\S7\AC6\RGB1_SUB7ACT6F121.jpg,1,1,0.5311191082000732
1030,7,6,31,D:\Skripsi\Experiment_TA\data\raw\RGB1\S7\AC6\RGB1_SUB7ACT6F31.jpg,1,0,0.39712241291999817
1031,7,6,61,D:\Skripsi\Experiment_TA\data\raw\RGB1\S7\AC6\RGB1_SUB7ACT6F61.jpg,1,0,0.4553488790988922
1032,7,6,91,D:\Skripsi\Experiment_TA\data\raw\RGB1\S7\AC6\RGB1_SUB7ACT6F91.jpg,1,1,0.6205824613571167
1033,7,7,1,D:\Skripsi\Experiment_TA\data\raw\RGB1\S7\AC7\RGB1_SUB7ACT7F1.jpg,1,0,0.2658856511116028
1034,7,7,121,D:\Skripsi\Experiment_TA\data\raw\RGB1\S7\AC7\RGB1_SUB7ACT7F121.jpg,1,1,0.8348394632339478
1035,7,7,151,D:\Skripsi\Experiment_TA\data\raw\RGB1\S7\AC7\RGB1_SUB7ACT7F151.jpg,1,1,0.9109645485877991
1036,7,7,31,D:\Skripsi\Experiment_TA\data\raw\RGB1\S7\AC7\RGB1_SUB7ACT7F31.jpg,1,1,0.9405391216278076
1037,7,7,61,D:\Skripsi\Experiment_TA\data\raw\RGB1\S7\AC7\RGB1_SUB7ACT7F61.jpg,1,1,0.8810803294181824
1038,7,7,91,D:\Skripsi\Experiment_TA\data\raw\RGB1\S7\AC7\RGB1_SUB7ACT7F91.jpg,1,1,0.9253547191619873
1039,7,8,1,D:\Skripsi\Experiment_TA\data\raw\RGB1\S7\AC8\RGB1_SUB7ACT8F1.jpg,1,1,0.5343387722969055
1040,7,8,121,D:\Skripsi\Experiment_TA\data\raw\RGB1\S7\AC8\RGB1_SUB7ACT8F121.jpg,1,1,0.5988476872444153
1041,7,8,31,D:\Skripsi\Experiment_TA\data\raw\RGB1\S7\AC8\RGB1_SUB7ACT8F31.jpg,1,1,0.6643138527870178
1042,7,8,61,D:\Skripsi\Experiment_TA\data\raw\RGB1\S7\AC8\RGB1_SUB7ACT8F61.jpg,1,1,0.6945345401763916
1043,7,8,91,D:\Skripsi\Experiment_TA\data\raw\RGB1\S7\AC8\RGB1_SUB7ACT8F91.jpg,1,1,0.5717840194702148
1044,7,9,1,D:\Skripsi\Experiment_TA\data\raw\RGB1\S7\AC9\RGB1_SUB7ACT9F1.jpg,1,1,0.5467398762702942
1045,7,9,121,D:\Skripsi\Experiment_TA\data\raw\RGB1\S7\AC9\RGB1_SUB7ACT9F121.jpg,1,1,0.7388184070587158
1046,7,9,31,D:\Skripsi\Experiment_TA\data\raw\RGB1\S7\AC9\RGB1_SUB7ACT9F31.jpg,1,1,0.8348875045776367
1047,7,9,61,D:\Skripsi\Experiment_TA\data\raw\RGB1\S7\AC9\RGB1_SUB7ACT9F61.jpg,1,1,0.9027504324913025
1048,7,9,91,D:\Skripsi\Experiment_TA\data\raw\RGB1\S7\AC9\RGB1_SUB7ACT9F91.jpg,1,1,0.8900808691978455
1049,9,1,1,D:\Skripsi\Experiment_TA\data\raw\RGB1\S9\AC1\RGB1_SUB9ACT1F1.jpg,0,0,0.37372663617134094
1050,9,1,121,D:\Skripsi\Experiment_TA\data\raw\RGB1\S9\AC1\RGB1_SUB9ACT1F121.jpg,0,1,0.6559697389602661
1051,9,1,151,D:\Skripsi\Experiment_TA\data\raw\RGB1\S9\AC1\RGB1_SUB9ACT1F151.jpg,0,0,0.43806853890419006
1052,9,1,31,D:\Skripsi\Experiment_TA\data\raw\RGB1\S9\AC1\RGB1_SUB9ACT1F31.jpg,0,0,0.47763791680336
1053,9,1,61,D:\Skripsi\Experiment_TA\data\raw\RGB1\S9\AC1\RGB1_SUB9ACT1F61.jpg,0,0,0.4211101233959198
1054,9,1,91,D:\Skripsi\Experiment_TA\data\raw\RGB1\S9\AC1\RGB1_SUB9ACT1F91.jpg,0,1,0.5182355642318726
1055,9,5,1,D:\Skripsi\Experiment_TA\data\raw\RGB1\S9\AC5\RGB1_SUB9ACT5F1.jpg,1,1,0.7047733664512634
1056,9,5,121,D:\Skripsi\Experiment_TA\data\raw\RGB1\S9\AC5\RGB1_SUB9ACT5F121.jpg,1,1,0.7586156725883484
1057,9,5,151,D:\Skripsi\Experiment_TA\data\raw\RGB1\S9\AC5\RGB1_SUB9ACT5F151.jpg,1,1,0.6499238014221191
1058,9,5,31,D:\Skripsi\Experiment_TA\data\raw\RGB1\S9\AC5\RGB1_SUB9ACT5F31.jpg,1,1,0.7119066715240479
1059,9,5,61,D:\Skripsi\Experiment_TA\data\raw\RGB1\S9\AC5\RGB1_SUB9ACT5F61.jpg,1,1,0.7987927198410034
1060,9,5,91,D:\Skripsi\Experiment_TA\data\raw\RGB1\S9\AC5\RGB1_SUB9ACT5F91.jpg,1,1,0.6958723664283752
1061,9,6,1,D:\Skripsi\Experiment_TA\data\raw\RGB1\S9\AC6\RGB1_SUB9ACT6F1.jpg,1,1,0.7221945524215698
1062,9,6,121,D:\Skripsi\Experiment_TA\data\raw\RGB1\S9\AC6\RGB1_SUB9ACT6F121.jpg,1,1,0.5367106795310974
1063,9,6,31,D:\Skripsi\Experiment_TA\data\raw\RGB1\S9\AC6\RGB1_SUB9ACT6F31.jpg,1,1,0.5211743712425232
1064,9,6,61,D:\Skripsi\Experiment_TA\data\raw\RGB1\S9\AC6\RGB1_SUB9ACT6F61.jpg,1,1,0.6214834451675415
1065,9,6,91,D:\Skripsi\Experiment_TA\data\raw\RGB1\S9\AC6\RGB1_SUB9ACT6F91.jpg,1,1,0.521382212638855
1066,9,7,1,D:\Skripsi\Experiment_TA\data\raw\RGB1\S9\AC7\RGB1_SUB9ACT7F1.jpg,1,0,0.42560702562332153
1067,9,7,121,D:\Skripsi\Experiment_TA\data\raw\RGB1\S9\AC7\RGB1_SUB9ACT7F121.jpg,1,1,0.6249600648880005
1068,9,7,151,D:\Skripsi\Experiment_TA\data\raw\RGB1\S9\AC7\RGB1_SUB9ACT7F151.jpg,1,1,0.8315362930297852
1069,9,7,181,D:\Skripsi\Experiment_TA\data\raw\RGB1\S9\AC7\RGB1_SUB9ACT7F181.jpg,1,1,0.798166811466217
1070,9,7,31,D:\Skripsi\Experiment_TA\data\raw\RGB1\S9\AC7\RGB1_SUB9ACT7F31.jpg,1,1,0.7428197860717773
1071,9,7,61,D:\Skripsi\Experiment_TA\data\raw\RGB1\S9\AC7\RGB1_SUB9ACT7F61.jpg,1,1,0.6918814778327942
1072,9,7,91,D:\Skripsi\Experiment_TA\data\raw\RGB1\S9\AC7\RGB1_SUB9ACT7F91.jpg,1,1,0.803368330001831
1073,9,8,1,D:\Skripsi\Experiment_TA\data\raw\RGB1\S9\AC8\RGB1_SUB9ACT8F1.jpg,1,1,0.5337892770767212
1074,9,8,121,D:\Skripsi\Experiment_TA\data\raw\RGB1\S9\AC8\RGB1_SUB9ACT8F121.jpg,1,1,0.5505777597427368
1075,9,8,31,D:\Skripsi\Experiment_TA\data\raw\RGB1\S9\AC8\RGB1_SUB9ACT8F31.jpg,1,1,0.5059595704078674
1076,9,8,61,D:\Skripsi\Experiment_TA\data\raw\RGB1\S9\AC8\RGB1_SUB9ACT8F61.jpg,1,0,0.48410189151763916
1077,9,8,91,D:\Skripsi\Experiment_TA\data\raw\RGB1\S9\AC8\RGB1_SUB9ACT8F91.jpg,1,1,0.5561085939407349
1078,9,9,1,D:\Skripsi\Experiment_TA\data\raw\RGB1\S9\AC9\RGB1_SUB9ACT9F1.jpg,1,1,0.6289534568786621
1079,9,9,121,D:\Skripsi\Experiment_TA\data\raw\RGB1\S9\AC9\RGB1_SUB9ACT9F121.jpg,1,1,0.7442367672920227
1080,9,9,151,D:\Skripsi\Experiment_TA\data\raw\RGB1\S9\AC9\RGB1_SUB9ACT9F151.jpg,1,1,0.7170522809028625
1081,9,9,31,D:\Skripsi\Experiment_TA\data\raw\RGB1\S9\AC9\RGB1_SUB9ACT9F31.jpg,1,1,0.7681031823158264
1082,9,9,61,D:\Skripsi\Experiment_TA\data\raw\RGB1\S9\AC9\RGB1_SUB9ACT9F61.jpg,1,1,0.5355674028396606
1083,9,9,91,D:\Skripsi\Experiment_TA\data\raw\RGB1\S9\AC9\RGB1_SUB9ACT9F91.jpg,1,1,0.5786776542663574
