row_index,subject_id,activity_id,frame,filepath,label,prediction,prob_phone
0,12,1,1,D:\Skripsi\Experiment_TA\data\raw\RGB2\S12\AC1\RGB2_SUB12ACT1F1.jpg,0,0,0.29174450039863586
1,12,1,121,D:\Skripsi\Experiment_TA\data\raw\RGB2\S12\AC1\RGB2_SUB12ACT1F121.jpg,0,0,0.47793692350387573
2,12,1,151,D:\Skripsi\Experiment_TA\data\raw\RGB2\S12\AC1\RGB2_SUB12ACT1F151.jpg,0,0,0.3640291690826416
3,12,1,31,D:\Skripsi\Experiment_TA\data\raw\RGB2\S12\AC1\RGB2_SUB12ACT1F31.jpg,0,0,0.19920654594898224
4,12,1,61,D:\Skripsi\Experiment_TA\data\raw\RGB2\S12\AC1\RGB2_SUB12ACT1F61.jpg,0,0,0.2111530900001526
5,12,1,91,D:\Skripsi\Experiment_TA\data\raw\RGB2\S12\AC1\RGB2_SUB12ACT1F91.jpg,0,1,0.9520753026008606
6,12,5,1,D:\Skripsi\Experiment_TA\data\raw\RGB2\S12\AC5\RGB2_SUB12ACT5F1.jpg,1,1,0.8913275599479675
7,12,5,121,D:\Skripsi\Experiment_TA\data\raw\RGB2\S12\AC5\RGB2_SUB12ACT5F121.jpg,1,1,0.5972067713737488
8,12,5,31,D:\Skripsi\Experiment_TA\data\raw\RGB2\S12\AC5\RGB2_SUB12ACT5F31.jpg,1,1,0.842837393283844
9,12,5,61,D:\Skripsi\Experiment_TA\data\raw\RGB2\S12\AC5\RGB2_SUB12ACT5F61.jpg,1,1,0.783229410648346
10,12,5,91,D:\Skripsi\Experiment_TA\data\raw\RGB2\S12\AC5\RGB2_SUB12ACT5F91.jpg,1,1,0.8301681280136108
11,12,6,1,D:\Skripsi\Experiment_TA\data\raw\RGB2\S12\AC6\RGB2_SUB12ACT6F1.jpg,1,1,0.7024158239364624
12,12,6,121,D:\Skripsi\Experiment_TA\data\raw\RGB2\S12\AC6\RGB2_SUB12ACT6F121.jpg,1,1,0.5875893831253052
13,12,6,151,D:\Skripsi\Experiment_TA\data\raw\RGB2\S12\AC6\RGB2_SUB12ACT6F151.jpg,1,1,0.8370193839073181
14,12,6,181,D:\Skripsi\Experiment_TA\data\raw\RGB2\S12\AC6\RGB2_SUB12ACT6F181.jpg,1,1,0.6250183582305908
15,12,6,31,D:\Skripsi\Experiment_TA\data\raw\RGB2\S12\AC6\RGB2_SUB12ACT6F31.jpg,1,1,0.9510915875434875
16,12,6,61,D:\Skripsi\Experiment_TA\data\raw\RGB2\S12\AC6\RGB2_SUB12ACT6F61.jpg,1,0,0.2617334723472595
17,12,6,91,D:\Skripsi\Experiment_TA\data\raw\RGB2\S12\AC6\RGB2_SUB12ACT6F91.jpg,1,0,0.42440587282180786
18,12,7,1,D:\Skripsi\Experiment_TA\data\raw\RGB2\S12\AC7\RGB2_SUB12ACT7F1.jpg,1,1,0.6452202200889587
19,12,7,121,D:\Skripsi\Experiment_TA\data\raw\RGB2\S12\AC7\RGB2_SUB12ACT7F121.jpg,1,1,0.7531218528747559
20,12,7,151,D:\Skripsi\Experiment_TA\data\raw\RGB2\S12\AC7\RGB2_SUB12ACT7F151.jpg,1,1,0.6928808093070984
21,12,7,181,D:\Skripsi\Experiment_TA\data\raw\RGB2\S12\AC7\RGB2_SUB12ACT7F181.jpg,1,1,0.6334291696548462
22,12,7,211,D:\Skripsi\Experiment_TA\data\raw\RGB2\S12\AC7\RGB2_SUB12ACT7F211.jpg,1,1,0.6470163464546204
23,12,7,31,D:\Skripsi\Experiment_TA\data\raw\RGB2\S12\AC7\RGB2_SUB12ACT7F31.jpg,1,1,0.6289334893226624
24,12,7,61,D:\Skripsi\Experiment_TA\data\raw\RGB2\S12\AC7\RGB2_SUB12ACT7F61.jpg,1,1,0.667898952960968
25,12,7,91,D:\Skripsi\Experiment_TA\data\raw\RGB2\S12\AC7\RGB2_SUB12ACT7F91.jpg,1,1,0.7523676156997681
26,12,8,1,D:\Skripsi\Experiment_TA\data\raw\RGB2\S12\AC8\RGB2_SUB12ACT8F1.jpg,1,0,0.40033796429634094
27,12,8,121,D:\Skripsi\Experiment_TA\data\raw\RGB2\S12\AC8\RGB2_SUB12ACT8F121.jpg,1,1,0.9809269905090332
28,12,8,151,D:\Skripsi\Experiment_TA\data\raw\RGB2\S12\AC8\RGB2_SUB12ACT8F151.jpg,1,1,0.9604678153991699
29,12,8,31,D:\Skripsi\Experiment_TA\data\raw\RGB2\S12\AC8\RGB2_SUB12ACT8F31.jpg,1,1,0.7910028100013733
30,12,8,61,D:\Skripsi\Experiment_TA\data\raw\RGB2\S12\AC8\RGB2_SUB12ACT8F61.jpg,1,1,0.8774046897888184
31,12,8,91,D:\Skripsi\Experiment_TA\data\raw\RGB2\S12\AC8\RGB2_SUB12ACT8F91.jpg,1,1,0.8600367307662964
32,12,9,1,D:\Skripsi\Experiment_TA\data\raw\RGB2\S12\AC9\RGB2_SUB12ACT9F1.jpg,1,1,0.9332564473152161
33,12,9,121,D:\Skripsi\Experiment_TA\data\raw\RGB2\S12\AC9\RGB2_SUB12ACT9F121.jpg,1,1,0.8777388334274292
34,12,9,151,D:\Skripsi\Experiment_TA\data\raw\RGB2\S12\AC9\RGB2_SUB12ACT9F151.jpg,1,1,0.8851910829544067
35,12,9,31,D:\Skripsi\Experiment_TA\data\raw\RGB2\S12\AC9\RGB2_SUB12ACT9F31.jpg,1,1,0.5327628254890442
36,12,9,61,D:\Skripsi\Experiment_TA\data\raw\RGB2\S12\AC9\RGB2_SUB12ACT9F61.jpg,1,1,0.8775163888931274
37,12,9,91,D:\Skripsi\Experiment_TA\data\raw\RGB2\S12\AC9\RGB2_SUB12ACT9F91.jpg,1,1,0.8225537538528442
38,13,1,1,D:\Skripsi\Experiment_TA\data\raw\RGB2\S13\AC1\RGB2_SUB13ACT1F1.jpg,0,1,0.6511469483375549
39,13,1,121,D:\Skripsi\Experiment_TA\data\raw\RGB2\S13\AC1\RGB2_SUB13ACT1F121.jpg,0,0,0.3577037751674652
40,13,1,31,D:\Skripsi\Experiment_TA\data\raw\RGB2\S13\AC1\RGB2_SUB13ACT1F31.jpg,0,0,0.2118547260761261
41,13,1,61,D:\Skripsi\Experiment_TA\data\raw\RGB2\S13\AC1\RGB2_SUB13ACT1F61.jpg,0,0,0.4194936156272888
42,13,1,91,D:\Skripsi\Experiment_TA\data\raw\RGB2\S13\AC1\RGB2_SUB13ACT1F91.jpg,0,0,0.24406367540359497
43,13,5,1,D:\Skripsi\Experiment_TA\data\raw\RGB2\S13\AC5\RGB2_SUB13ACT5F1.jpg,1,1,0.8339694738388062
44,13,5,121,D:\Skripsi\Experiment_TA\data\raw\RGB2\S13\AC5\RGB2_SUB13ACT5F121.jpg,1,1,0.9036620259284973
45,13,5,31,D:\Skripsi\Experiment_TA\data\raw\RGB2\S13\AC5\RGB2_SUB13ACT5F31.jpg,1,1,0.8114754557609558
46,13,5,61,D:\Skripsi\Experiment_TA\data\raw\RGB2\S13\AC5\RGB2_SUB13ACT5F61.jpg,1,1,0.88357013463974
47,13,5,91,D:\Skripsi\Experiment_TA\data\raw\RGB2\S13\AC5\RGB2_SUB13ACT5F91.jpg,1,1,0.8153946995735168
48,13,6,1,D:\Skripsi\Experiment_TA\data\raw\RGB2\S13\AC6\RGB2_SUB13ACT6F1.jpg,1,1,0.7191008925437927
49,13,6,31,D:\Skripsi\Experiment_TA\data\raw\RGB2\S13\AC6\RGB2_SUB13ACT6F31.jpg,1,1,0.722926139831543
50,13,6,61,D:\Skripsi\Experiment_TA\data\raw\RGB2\S13\AC6\RGB2_SUB13ACT6F61.jpg,1,1,0.8697084784507751
51,13,6,91,D:\Skripsi\Experiment_TA\data\raw\RGB2\S13\AC6\RGB2_SUB13ACT6F91.jpg,1,1,0.5785168409347534
52,13,7,1,D:\Skripsi\Experiment_TA\data\raw\RGB2\S13\AC7\RGB2_SUB13ACT7F1.jpg,1,1,0.9332329630851746
53,13,7,121,D:\Skripsi\Experiment_TA\data\raw\RGB2\S13\AC7\RGB2_SUB13ACT7F121.jpg,1,1,0.9646297097206116
54,13,7,31,D:\Skripsi\Experiment_TA\data\raw\RGB2\S13\AC7\RGB2_SUB13ACT7F31.jpg,1,1,0.9493546485900879
55,13,7,61,D:\Skripsi\Experiment_TA\data\raw\RGB2\S13\AC7\RGB2_SUB13ACT7F61.jpg,1,1,0.8242276906967163
56,13,7,91,D:\Skripsi\Experiment_TA\data\raw\RGB2\S13\AC7\RGB2_SUB13ACT7F91.jpg,1,1,0.904557466506958
57,13,8,1,D:\Skripsi\Experiment_TA\data\raw\RGB2\S13\AC8\RGB2_SUB13ACT8F1.jpg,1,1,0.8938166499137878
58,13,8,121,D:\Skripsi\Experiment_TA\data\raw\RGB2\S13\AC8\RGB2_SUB13ACT8F121.jpg,1,1,0.9570262432098389
59,13,8,31,D:\Skripsi\Experiment_TA\data\raw\RGB2\S13\AC8\RGB2_SUB13ACT8F31.jpg,1,1,0.6417975425720215
60,13,8,61,D:\Skripsi\Experiment_TA\data\raw\RGB2\S13\AC8\RGB2_SUB13ACT8F61.jpg,1,1,0.8138026595115662
61,13,8,91,D:\Skripsi\Experiment_TA\data\raw\RGB2\S13\AC8\RGB2_SUB13ACT8F91.jpg,1,1,0.9230673313140869
62,13,9,1,D:\Skripsi\Experiment_TA\data\raw\RGB2\S13\AC9\RGB2_SUB13ACT9F1.jpg,1,1,0.6863724589347839
63,13,9,121,D:\Skripsi\Experiment_TA\data\raw\RGB2\S13\AC9\RGB2_SUB13ACT9F121.jpg,1,1,0.9538368582725525
64,13,9,151,D:\Skripsi\Experiment_TA\data\raw\RGB2\S13\AC9\RGB2_SUB13ACT9F151.jpg,1,1,0.903014063835144
65,13,9,181,D:\Skripsi\Experiment_TA\data\raw\RGB2\S13\AC9\RGB2_SUB13ACT9F181.jpg,1,1,0.9454883337020874
66,13,9,31,D:\Skripsi\Experiment_TA\data\raw\RGB2\S13\AC9\RGB2_SUB13ACT9F31.jpg,1,1,0.9726715087890625
67,13,9,61,D:\Skripsi\Experiment_TA\data\raw\RGB2\S13\AC9\RGB2_SUB13ACT9F61.jpg,1,1,0.8516982197761536
68,13,9,91,D:\Skripsi\Experiment_TA\data\raw\RGB2\S13\AC9\RGB2_SUB13ACT9F91.jpg,1,1,0.7860574722290039
69,14,1,1,D:\Skripsi\Experiment_TA\data\raw\RGB2\S14\AC1\RGB2_SUB14ACT1F1.jpg,0,0,0.43296703696250916
70,14,1,31,D:\Skripsi\Experiment_TA\data\raw\RGB2\S14\AC1\RGB2_SUB14ACT1F31.jpg,0,0,0.4276198744773865
71,14,1,61,D:\Skripsi\Experiment_TA\data\raw\RGB2\S14\AC1\RGB2_SUB14ACT1F61.jpg,0,1,0.5035902261734009
72,14,1,91,D:\Skripsi\Experiment_TA\data\raw\RGB2\S14\AC1\RGB2_SUB14ACT1F91.jpg,0,1,0.8141340613365173
73,14,5,1,D:\Skripsi\Experiment_TA\data\raw\RGB2\S14\AC5\RGB2_SUB14ACT5F1.jpg,1,1,0.6005376577377319
74,14,5,121,D:\Skripsi\Experiment_TA\data\raw\RGB2\S14\AC5\RGB2_SUB14ACT5F121.jpg,1,1,0.7735263705253601
75,14,5,31,D:\Skripsi\Experiment_TA\data\raw\RGB2\S14\AC5\RGB2_SUB14ACT5F31.jpg,1,1,0.7647253274917603
76,14,5,61,D:\Skripsi\Experiment_TA\data\raw\RGB2\S14\AC5\RGB2_SUB14ACT5F61.jpg,1,1,0.911423921585083
77,14,5,91,D:\Skripsi\Experiment_TA\data\raw\RGB2\S14\AC5\RGB2_SUB14ACT5F91.jpg,1,1,0.8446326851844788
78,14,6,1,D:\Skripsi\Experiment_TA\data\raw\RGB2\S14\AC6\RGB2_SUB14ACT6F1.jpg,1,1,0.5992207527160645
79,14,6,31,D:\Skripsi\Experiment_TA\data\raw\RGB2\S14\AC6\RGB2_SUB14ACT6F31.jpg,1,0,0.3497749865055084
80,14,6,61,D:\Skripsi\Experiment_TA\data\raw\RGB2\S14\AC6\RGB2_SUB14ACT6F61.jpg,1,1,0.7852025628089905
81,14,6,91,D:\Skripsi\Experiment_TA\data\raw\RGB2\S14\AC6\RGB2_SUB14ACT6F91.jpg,1,1,0.691491961479187
82,14,7,1,D:\Skripsi\Experiment_TA\data\raw\RGB2\S14\AC7\RGB2_SUB14ACT7F1.jpg,1,1,0.8878639936447144
83,14,7,31,D:\Skripsi\Experiment_TA\data\raw\RGB2\S14\AC7\RGB2_SUB14ACT7F31.jpg,1,1,0.8972110748291016
84,14,7,61,D:\Skripsi\Experiment_TA\data\raw\RGB2\S14\AC7\RGB2_SUB14ACT7F61.jpg,1,1,0.906227707862854
85,14,7,91,D:\Skripsi\Experiment_TA\data\raw\RGB2\S14\AC7\RGB2_SUB14ACT7F91.jpg,1,1,0.9273460507392883
86,14,8,1,D:\Skripsi\Experiment_TA\data\raw\RGB2\S14\AC8\RGB2_SUB14ACT8F1.jpg,1,0,0.19783388078212738
87,14,8,121,D:\Skripsi\Experiment_TA\data\raw\RGB2\S14\AC8\RGB2_SUB14ACT8F121.jpg,1,1,0.5077390670776367
88,14,8,31,D:\Skripsi\Experiment_TA\data\raw\RGB2\S14\AC8\RGB2_SUB14ACT8F31.jpg,1,0,0.3366701602935791
89,14,8,61,D:\Skripsi\Experiment_TA\data\raw\RGB2\S14\AC8\RGB2_SUB14ACT8F61.jpg,1,0,0.43996739387512207
90,14,8,91,D:\Skripsi\Experiment_TA\data\raw\RGB2\S14\AC8\RGB2_SUB14ACT8F91.jpg,1,0,0.3671398162841797
91,14,9,1,D:\Skripsi\Experiment_TA\data\raw\RGB2\S14\AC9\RGB2_SUB14ACT9F1.jpg,1,1,0.8965939879417419
92,14,9,121,D:\Skripsi\Experiment_TA\data\raw\RGB2\S14\AC9\RGB2_SUB14ACT9F121.jpg,1,1,0.9007953405380249
93,14,9,31,D:\Skripsi\Experiment_TA\data\raw\RGB2\S14\AC9\RGB2_SUB14ACT9F31.jpg,1,1,0.5849112272262573
94,14,9,61,D:\Skripsi\Experiment_TA\data\raw\RGB2\S14\AC9\RGB2_SUB14ACT9F61.jpg,1,1,0.566807210445404
95,14,9,91,D:\Skripsi\Experiment_TA\data\raw\RGB2\S14\AC9\RGB2_SUB14ACT9F91.jpg,1,1,0.8840777277946472
96,16,1,1,D:\Skripsi\Experiment_TA\data\raw\RGB2\S16\AC1\RGB2_SUB16ACT1F1.jpg,0,0,0.37369558215141296
97,16,1,121,D:\Skripsi\Experiment_TA\data\raw\RGB2\S16\AC1\RGB2_SUB16ACT1F121.jpg,0,0,0.43854355812072754
98,16,1,31,D:\Skripsi\Experiment_TA\data\raw\RGB2\S16\AC1\RGB2_SUB16ACT1F31.jpg,0,0,0.33859512209892273
99,16,1,61,D:\Skripsi\Experiment_TA\data\raw\RGB2\S16\AC1\RGB2_SUB16ACT1F61.jpg,0,0,0.49958521127700806
100,16,1,91,D:\Skripsi\Experiment_TA\data\raw\RGB2\S16\AC1\RGB2_SUB16ACT1F91.jpg,0,0,0.3263058364391327
101,16,5,1,D:\Skripsi\Experiment_TA\data\raw\RGB2\S16\AC5\RGB2_SUB16ACT5F1.jpg,1,1,0.9352008104324341
102,16,5,31,D:\Skripsi\Experiment_TA\data\raw\RGB2\S16\AC5\RGB2_SUB16ACT5F31.jpg,1,1,0.9364590048789978
103,16,5,61,D:\Skripsi\Experiment_TA\data\raw\RGB2\S16\AC5\RGB2_SUB16ACT5F61.jpg,1,1,0.8126983046531677
104,16,5,91,D:\Skripsi\Experiment_TA\data\raw\RGB2\S16\AC5\RGB2_SUB16ACT5F91.jpg,1,1,0.9558473229408264
105,16,6,1,D:\Skripsi\Experiment_TA\data\raw\RGB2\S16\AC6\RGB2_SUB16ACT6F1.jpg,1,1,0.6538631916046143
106,16,6,31,D:\Skripsi\Experiment_TA\data\raw\RGB2\S16\AC6\RGB2_SUB16ACT6F31.jpg,1,1,0.698292076587677
107,16,6,61,D:\Skripsi\Experiment_TA\data\raw\RGB2\S16\AC6\RGB2_SUB16ACT6F61.jpg,1,1,0.7306253910064697
108,16,6,91,D:\Skripsi\Experiment_TA\data\raw\RGB2\S16\AC6\RGB2_SUB16ACT6F91.jpg,1,1,0.6088195443153381
109,16,7,1,D:\Skripsi\Experiment_TA\data\raw\RGB2\S16\AC7\RGB2_SUB16ACT7F1.jpg,1,1,0.7984468340873718
110,16,7,121,D:\Skripsi\Experiment_TA\data\raw\RGB2\S16\AC7\RGB2_SUB16ACT7F121.jpg,1,1,0.6255936026573181
111,16,7,31,D:\Skripsi\Experiment_TA\data\raw\RGB2\S16\AC7\RGB2_SUB16ACT7F31.jpg,1,1,0.7865939736366272
112,16,7,61,D:\Skripsi\Experiment_TA\data\raw\RGB2\S16\AC7\RGB2_SUB16ACT7F61.jpg,1,1,0.7841358184814453
113,16,7,91,D:\Skripsi\Experiment_TA\data\raw\RGB2\S16\AC7\RGB2_SUB16ACT7F91.jpg,1,1,0.7515593767166138
114,16,8,1,D:\Skripsi\Experiment_TA\data\raw\RGB2\S16\AC8\RGB2_SUB16ACT8F1.jpg,1,0,0.219186931848526
115,16,8,121,D:\Skripsi\Experiment_TA\data\raw\RGB2\S16\AC8\RGB2_SUB16ACT8F121.jpg,1,1,0.9370294213294983
116,16,8,31,D:\Skripsi\Experiment_TA\data\raw\RGB2\S16\AC8\RGB2_SUB16ACT8F31.jpg,1,1,0.6484090685844421
117,16,8,61,D:\Skripsi\Experiment_TA\data\raw\RGB2\S16\AC8\RGB2_SUB16ACT8F61.jpg,1,1,0.7917424440383911
118,16,8,91,D:\Skripsi\Experiment_TA\data\raw\RGB2\S16\AC8\RGB2_SUB16ACT8F91.jpg,1,0,0.31199172139167786
119,16,9,1,D:\Skripsi\Experiment_TA\data\raw\RGB2\S16\AC9\RGB2_SUB16ACT9F1.jpg,1,1,0.8713151812553406
120,16,9,121,D:\Skripsi\Experiment_TA\data\raw\RGB2\S16\AC9\RGB2_SUB16ACT9F121.jpg,1,1,0.8555507063865662
121,16,9,31,D:\Skripsi\Experiment_TA\data\raw\RGB2\S16\AC9\RGB2_SUB16ACT9F31.jpg,1,1,0.8119848370552063
122,16,9,61,D:\Skripsi\Experiment_TA\data\raw\RGB2\S16\AC9\RGB2_SUB16ACT9F61.jpg,1,1,0.8062309622764587
123,16,9,91,D:\Skripsi\Experiment_TA\data\raw\RGB2\S16\AC9\RGB2_SUB16ACT9F91.jpg,1,1,0.8685747385025024
124,18,1,1,D:\Skripsi\Experiment_TA\data\raw\RGB2\S18\AC1\RGB2_SUB18ACT1F1.jpg,0,0,0.13389518857002258
125,18,1,121,D:\Skripsi\Experiment_TA\data\raw\RGB2\S18\AC1\RGB2_SUB18ACT1F121.jpg,0,0,0.1301686316728592
126,18,1,31,D:\Skripsi\Experiment_TA\data\raw\RGB2\S18\AC1\RGB2_SUB18ACT1F31.jpg,0,0,0.13075341284275055
127,18,1,61,D:\Skripsi\Experiment_TA\data\raw\RGB2\S18\AC1\RGB2_SUB18ACT1F61.jpg,0,0,0.16950088739395142
128,18,1,91,D:\Skripsi\Experiment_TA\data\raw\RGB2\S18\AC1\RGB2_SUB18ACT1F91.jpg,0,0,0.18502946197986603
129,18,5,1,D:\Skripsi\Experiment_TA\data\raw\RGB2\S18\AC5\RGB2_SUB18ACT5F1.jpg,1,0,0.3433894217014313
130,18,5,121,D:\Skripsi\Experiment_TA\data\raw\RGB2\S18\AC5\RGB2_SUB18ACT5F121.jpg,1,1,0.6799289584159851
131,18,5,151,D:\Skripsi\Experiment_TA\data\raw\RGB2\S18\AC5\RGB2_SUB18ACT5F151.jpg,1,1,0.7164170742034912
132,18,5,31,D:\Skripsi\Experiment_TA\data\raw\RGB2\S18\AC5\RGB2_SUB18ACT5F31.jpg,1,1,0.853337824344635
133,18,5,61,D:\Skripsi\Experiment_TA\data\raw\RGB2\S18\AC5\RGB2_SUB18ACT5F61.jpg,1,1,0.7255284786224365
134,18,5,91,D:\Skripsi\Experiment_TA\data\raw\RGB2\S18\AC5\RGB2_SUB18ACT5F91.jpg,1,1,0.7803502082824707
135,18,6,1,D:\Skripsi\Experiment_TA\data\raw\RGB2\S18\AC6\RGB2_SUB18ACT6F1.jpg,1,1,0.6043763756752014
136,18,6,121,D:\Skripsi\Experiment_TA\data\raw\RGB2\S18\AC6\RGB2_SUB18ACT6F121.jpg,1,1,0.5686879754066467
137,18,6,151,D:\Skripsi\Experiment_TA\data\raw\RGB2\S18\AC6\RGB2_SUB18ACT6F151.jpg,1,1,0.8073036074638367
138,18,6,31,D:\Skripsi\Experiment_TA\data\raw\RGB2\S18\AC6\RGB2_SUB18ACT6F31.jpg,1,1,0.6377531290054321
139,18,6,61,D:\Skripsi\Experiment_TA\data\raw\RGB2\S18\AC6\RGB2_SUB18ACT6F61.jpg,1,1,0.6878162622451782
140,18,6,91,D:\Skripsi\Experiment_TA\data\raw\RGB2\S18\AC6\RGB2_SUB18ACT6F91.jpg,1,1,0.6715021133422852
141,18,7,1,D:\Skripsi\Experiment_TA\data\raw\RGB2\S18\AC7\RGB2_SUB18ACT7F1.jpg,1,1,0.8428561091423035
142,18,7,121,D:\Skripsi\Experiment_TA\data\raw\RGB2\S18\AC7\RGB2_SUB18ACT7F121.jpg,1,1,0.791538417339325
143,18,7,151,D:\Skripsi\Experiment_TA\data\raw\RGB2\S18\AC7\RGB2_SUB18ACT7F151.jpg,1,1,0.9187290668487549
144,18,7,181,D:\Skripsi\Experiment_TA\data\raw\RGB2\S18\AC7\RGB2_SUB18ACT7F181.jpg,1,1,0.9195103049278259
145,18,7,31,D:\Skripsi\Experiment_TA\data\raw\RGB2\S18\AC7\RGB2_SUB18ACT7F31.jpg,1,1,0.9331246614456177
146,18,7,61,D:\Skripsi\Experiment_TA\data\raw\RGB2\S18\AC7\RGB2_SUB18ACT7F61.jpg,1,1,0.8689042329788208
147,18,7,91,D:\Skripsi\Experiment_TA\data\raw\RGB2\S18\AC7\RGB2_SUB18ACT7F91.jpg,1,1,0.957893967628479
148,18,8,1,D:\Skripsi\Experiment_TA\data\raw\RGB2\S18\AC8\RGB2_SUB18ACT8F1.jpg,1,0,0.41118714213371277
149,18,8,121,D:\Skripsi\Experiment_TA\data\raw\RGB2\S18\AC8\RGB2_SUB18ACT8F121.jpg,1,1,0.5759351253509521
150,18,8,151,D:\Skripsi\Experiment_TA\data\raw\RGB2\S18\AC8\RGB2_SUB18ACT8F151.jpg,1,1,0.5486247539520264
151,18,8,181,D:\Skripsi\Experiment_TA\data\raw\RGB2\S18\AC8\RGB2_SUB18ACT8F181.jpg,1,1,0.57338947057724
152,18,8,211,D:\Skripsi\Experiment_TA\data\raw\RGB2\S18\AC8\RGB2_SUB18ACT8F211.jpg,1,1,0.6114098429679871
153,18,8,31,D:\Skripsi\Experiment_TA\data\raw\RGB2\S18\AC8\RGB2_SUB18ACT8F31.jpg,1,0,0.4223179519176483
154,18,8,61,D:\Skripsi\Experiment_TA\data\raw\RGB2\S18\AC8\RGB2_SUB18ACT8F61.jpg,1,0,0.402211457490921
155,18,8,91,D:\Skripsi\Experiment_TA\data\raw\RGB2\S18\AC8\RGB2_SUB18ACT8F91.jpg,1,1,0.7140325903892517
156,18,9,1,D:\Skripsi\Experiment_TA\data\raw\RGB2\S18\AC9\RGB2_SUB18ACT9F1.jpg,1,0,0.42148056626319885
157,18,9,121,D:\Skripsi\Experiment_TA\data\raw\RGB2\S18\AC9\RGB2_SUB18ACT9F121.jpg,1,1,0.8451099395751953
158,18,9,151,D:\Skripsi\Experiment_TA\data\raw\RGB2\S18\AC9\RGB2_SUB18ACT9F151.jpg,1,1,0.9386488199234009
159,18,9,31,D:\Skripsi\Experiment_TA\data\raw\RGB2\S18\AC9\RGB2_SUB18ACT9F31.jpg,1,1,0.7917770743370056
160,18,9,61,D:\Skripsi\Experiment_TA\data\raw\RGB2\S18\AC9\RGB2_SUB18ACT9F61.jpg,1,1,0.8650916814804077
161,18,9,91,D:\Skripsi\Experiment_TA\data\raw\RGB2\S18\AC9\RGB2_SUB18ACT9F91.jpg,1,1,0.9201021194458008
162,19,1,1,D:\Skripsi\Experiment_TA\data\raw\RGB2\S19\AC1\RGB2_SUB19ACT1F1.jpg,0,0,0.2932809293270111
163,19,1,121,D:\Skripsi\Experiment_TA\data\raw\RGB2\S19\AC1\RGB2_SUB19ACT1F121.jpg,0,0,0.38292744755744934
164,19,1,31,D:\Skripsi\Experiment_TA\data\raw\RGB2\S19\AC1\RGB2_SUB19ACT1F31.jpg,0,0,0.3202705681324005
165,19,1,61,D:\Skripsi\Experiment_TA\data\raw\RGB2\S19\AC1\RGB2_SUB19ACT1F61.jpg,0,0,0.1968257874250412
166,19,1,91,D:\Skripsi\Experiment_TA\data\raw\RGB2\S19\AC1\RGB2_SUB19ACT1F91.jpg,0,1,0.7565385103225708
167,19,5,1,D:\Skripsi\Experiment_TA\data\raw\RGB2\S19\AC5\RGB2_SUB19ACT5F1.jpg,1,1,0.7775382399559021
168,19,5,31,D:\Skripsi\Experiment_TA\data\raw\RGB2\S19\AC5\RGB2_SUB19ACT5F31.jpg,1,1,0.8297790288925171
169,19,5,61,D:\Skripsi\Experiment_TA\data\raw\RGB2\S19\AC5\RGB2_SUB19ACT5F61.jpg,1,1,0.8737353086471558
170,19,5,91,D:\Skripsi\Experiment_TA\data\raw\RGB2\S19\AC5\RGB2_SUB19ACT5F91.jpg,1,1,0.8993103504180908
171,19,6,1,D:\Skripsi\Experiment_TA\data\raw\RGB2\S19\AC6\RGB2_SUB19ACT6F1.jpg,1,0,0.24885502457618713
172,19,6,121,D:\Skripsi\Experiment_TA\data\raw\RGB2\S19\AC6\RGB2_SUB19ACT6F121.jpg,1,0,0.43486523628234863
173,19,6,31,D:\Skripsi\Experiment_TA\data\raw\RGB2\S19\AC6\RGB2_SUB19ACT6F31.jpg,1,1,0.7452641129493713
174,19,6,61,D:\Skripsi\Experiment_TA\data\raw\RGB2\S19\AC6\RGB2_SUB19ACT6F61.jpg,1,0,0.4749106764793396
175,19,6,91,D:\Skripsi\Experiment_TA\data\raw\RGB2\S19\AC6\RGB2_SUB19ACT6F91.jpg,1,1,0.5453597903251648
176,19,7,1,D:\Skripsi\Experiment_TA\data\raw\RGB2\S19\AC7\RGB2_SUB19ACT7F1.jpg,1,1,0.7417221665382385
177,19,7,121,D:\Skripsi\Experiment_TA\data\raw\RGB2\S19\AC7\RGB2_SUB19ACT7F121.jpg,1,1,0.8445348143577576
178,19,7,31,D:\Skripsi\Experiment_TA\data\raw\RGB2\S19\AC7\RGB2_SUB19ACT7F31.jpg,1,1,0.9123343825340271
179,19,7,61,D:\Skripsi\Experiment_TA\data\raw\RGB2\S19\AC7\RGB2_SUB19ACT7F61.jpg,1,1,0.814429759979248
180,19,7,91,D:\Skripsi\Experiment_TA\data\raw\RGB2\S19\AC7\RGB2_SUB19ACT7F91.jpg,1,1,0.8137345314025879
181,19,8,1,D:\Skripsi\Experiment_TA\data\raw\RGB2\S19\AC8\RGB2_SUB19ACT8F1.jpg,1,1,0.7566227316856384
182,19,8,121,D:\Skripsi\Experiment_TA\data\raw\RGB2\S19\AC8\RGB2_SUB19ACT8F121.jpg,1,1,0.9086286425590515
183,19,8,151,D:\Skripsi\Experiment_TA\data\raw\RGB2\S19\AC8\RGB2_SUB19ACT8F151.jpg,1,1,0.8800963163375854
184,19,8,31,D:\Skripsi\Experiment_TA\data\raw\RGB2\S19\AC8\RGB2_SUB19ACT8F31.jpg,1,1,0.6531039476394653
185,19,8,61,D:\Skripsi\Experiment_TA\data\raw\RGB2\S19\AC8\RGB2_SUB19ACT8F61.jpg,1,1,0.9321279525756836
186,19,8,91,D:\Skripsi\Experiment_TA\data\raw\RGB2\S19\AC8\RGB2_SUB19ACT8F91.jpg,1,1,0.8665366172790527
187,19,9,1,D:\Skripsi\Experiment_TA\data\raw\RGB2\S19\AC9\RGB2_SUB19ACT9F1.jpg,1,0,0.4963649809360504
188,19,9,31,D:\Skripsi\Experiment_TA\data\raw\RGB2\S19\AC9\RGB2_SUB19ACT9F31.jpg,1,1,0.8018815517425537
189,19,9,61,D:\Skripsi\Experiment_TA\data\raw\RGB2\S19\AC9\RGB2_SUB19ACT9F61.jpg,1,1,0.7224221229553223
190,19,9,91,D:\Skripsi\Experiment_TA\data\raw\RGB2\S19\AC9\RGB2_SUB19ACT9F91.jpg,1,1,0.8434343338012695
191,23,1,1,D:\Skripsi\Experiment_TA\data\raw\RGB2\S23\AC1\RGB2_SUB23ACT1F1.jpg,0,0,0.263996958732605
192,23,1,121,D:\Skripsi\Experiment_TA\data\raw\RGB2\S23\AC1\RGB2_SUB23ACT1F121.jpg,0,0,0.332878053188324
193,23,1,31,D:\Skripsi\Experiment_TA\data\raw\RGB2\S23\AC1\RGB2_SUB23ACT1F31.jpg,0,0,0.3402005434036255
194,23,1,61,D:\Skripsi\Experiment_TA\data\raw\RGB2\S23\AC1\RGB2_SUB23ACT1F61.jpg,0,0,0.30528080463409424
195,23,1,91,D:\Skripsi\Experiment_TA\data\raw\RGB2\S23\AC1\RGB2_SUB23ACT1F91.jpg,0,0,0.3105928301811218
196,23,5,1,D:\Skripsi\Experiment_TA\data\raw\RGB2\S23\AC5\RGB2_SUB23ACT5F1.jpg,1,1,0.8603104948997498
197,23,5,121,D:\Skripsi\Experiment_TA\data\raw\RGB2\S23\AC5\RGB2_SUB23ACT5F121.jpg,1,1,0.9457172155380249
198,23,5,31,D:\Skripsi\Experiment_TA\data\raw\RGB2\S23\AC5\RGB2_SUB23ACT5F31.jpg,1,1,0.7918840050697327
199,23,5,61,D:\Skripsi\Experiment_TA\data\raw\RGB2\S23\AC5\RGB2_SUB23ACT5F61.jpg,1,1,0.8480286598205566
200,23,5,91,D:\Skripsi\Experiment_TA\data\raw\RGB2\S23\AC5\RGB2_SUB23ACT5F91.jpg,1,1,0.8535910248756409
201,23,6,1,D:\Skripsi\Experiment_TA\data\raw\RGB2\S23\AC6\RGB2_SUB23ACT6F1.jpg,1,1,0.9204116463661194
202,23,6,121,D:\Skripsi\Experiment_TA\data\raw\RGB2\S23\AC6\RGB2_SUB23ACT6F121.jpg,1,1,0.8868151307106018
203,23,6,31,D:\Skripsi\Experiment_TA\data\raw\RGB2\S23\AC6\RGB2_SUB23ACT6F31.jpg,1,1,0.848706841468811
204,23,6,61,D:\Skripsi\Experiment_TA\data\raw\RGB2\S23\AC6\RGB2_SUB23ACT6F61.jpg,1,1,0.9357722997665405
205,23,6,91,D:\Skripsi\Experiment_TA\data\raw\RGB2\S23\AC6\RGB2_SUB23ACT6F91.jpg,1,1,0.8439305424690247
206,23,7,1,D:\Skripsi\Experiment_TA\data\raw\RGB2\S23\AC7\RGB2_SUB23ACT7F1.jpg,1,1,0.774103581905365
207,23,7,121,D:\Skripsi\Experiment_TA\data\raw\RGB2\S23\AC7\RGB2_SUB23ACT7F121.jpg,1,1,0.8307856321334839
208,23,7,31,D:\Skripsi\Experiment_TA\data\raw\RGB2\S23\AC7\RGB2_SUB23ACT7F31.jpg,1,1,0.9059646129608154
209,23,7,61,D:\Skripsi\Experiment_TA\data\raw\RGB2\S23\AC7\RGB2_SUB23ACT7F61.jpg,1,1,0.9615090489387512
210,23,7,91,D:\Skripsi\Experiment_TA\data\raw\RGB2\S23\AC7\RGB2_SUB23ACT7F91.jpg,1,1,0.8100786805152893
211,23,8,1,D:\Skripsi\Experiment_TA\data\raw\RGB2\S23\AC8\RGB2_SUB23ACT8F1.jpg,1,1,0.9337164759635925
212,23,8,121,D:\Skripsi\Experiment_TA\data\raw\RGB2\S23\AC8\RGB2_SUB23ACT8F121.jpg,1,1,0.9454253911972046
213,23,8,31,D:\Skripsi\Experiment_TA\data\raw\RGB2\S23\AC8\RGB2_SUB23ACT8F31.jpg,1,1,0.7628428339958191
214,23,8,61,D:\Skripsi\Experiment_TA\data\raw\RGB2\S23\AC8\RGB2_SUB23ACT8F61.jpg,1,1,0.8978727459907532
215,23,8,91,D:\Skripsi\Experiment_TA\data\raw\RGB2\S23\AC8\RGB2_SUB23ACT8F91.jpg,1,1,0.8498099446296692
216,23,9,1,D:\Skripsi\Experiment_TA\data\raw\RGB2\S23\AC9\RGB2_SUB23ACT9F1.jpg,1,1,0.7433719635009766
217,23,9,121,D:\Skripsi\Experiment_TA\data\raw\RGB2\S23\AC9\RGB2_SUB23ACT9F121.jpg,1,1,0.9086110591888428
218,23,9,31,D:\Skripsi\Experiment_TA\data\raw\RGB2\S23\AC9\RGB2_SUB23ACT9F31.jpg,1,1,0.902370274066925
219,23,9,61,D:\Skripsi\Experiment_TA\data\raw\RGB2\S23\AC9\RGB2_SUB23ACT9F61.jpg,1,1,0.8832162618637085
220,23,9,91,D:\Skripsi\Experiment_TA\data\raw\RGB2\S23\AC9\RGB2_SUB23ACT9F91.jpg,1,1,0.7770391702651978
221,24,1,1,D:\Skripsi\Experiment_TA\data\raw\RGB2\S24\AC1\RGB2_SUB24ACT1F1.jpg,0,0,0.296312153339386
222,24,1,31,D:\Skripsi\Experiment_TA\data\raw\RGB2\S24\AC1\RGB2_SUB24ACT1F31.jpg,0,1,0.6619133353233337
223,24,1,61,D:\Skripsi\Experiment_TA\data\raw\RGB2\S24\AC1\RGB2_SUB24ACT1F61.jpg,0,0,0.2635766565799713
224,24,1,91,D:\Skripsi\Experiment_TA\data\raw\RGB2\S24\AC1\RGB2_SUB24ACT1F91.jpg,0,0,0.3392498195171356
225,24,5,1,D:\Skripsi\Experiment_TA\data\raw\RGB2\S24\AC5\RGB2_SUB24ACT5F1.jpg,1,1,0.7869076132774353
226,24,5,31,D:\Skripsi\Experiment_TA\data\raw\RGB2\S24\AC5\RGB2_SUB24ACT5F31.jpg,1,1,0.6446537971496582
227,24,5,61,D:\Skripsi\Experiment_TA\data\raw\RGB2\S24\AC5\RGB2_SUB24ACT5F61.jpg,1,1,0.724471390247345
228,24,5,91,D:\Skripsi\Experiment_TA\data\raw\RGB2\S24\AC5\RGB2_SUB24ACT5F91.jpg,1,0,0.47038015723228455
229,24,6,1,D:\Skripsi\Experiment_TA\data\raw\RGB2\S24\AC6\RGB2_SUB24ACT6F1.jpg,1,1,0.843234121799469
230,24,6,31,D:\Skripsi\Experiment_TA\data\raw\RGB2\S24\AC6\RGB2_SUB24ACT6F31.jpg,1,1,0.8985032439231873
231,24,6,61,D:\Skripsi\Experiment_TA\data\raw\RGB2\S24\AC6\RGB2_SUB24ACT6F61.jpg,1,1,0.9580868482589722
232,24,6,91,D:\Skripsi\Experiment_TA\data\raw\RGB2\S24\AC6\RGB2_SUB24ACT6F91.jpg,1,1,0.9573014974594116
233,24,7,1,D:\Skripsi\Experiment_TA\data\raw\RGB2\S24\AC7\RGB2_SUB24ACT7F1.jpg,1,1,0.9295302629470825
234,24,7,121,D:\Skripsi\Experiment_TA\data\raw\RGB2\S24\AC7\RGB2_SUB24ACT7F121.jpg,1,1,0.8157598376274109
235,24,7,151,D:\Skripsi\Experiment_TA\data\raw\RGB2\S24\AC7\RGB2_SUB24ACT7F151.jpg,1,1,0.852287232875824
236,24,7,31,D:\Skripsi\Experiment_TA\data\raw\RGB2\S24\AC7\RGB2_SUB24ACT7F31.jpg,1,1,0.8582537174224854
237,24,7,61,D:\Skripsi\Experiment_TA\data\raw\RGB2\S24\AC7\RGB2_SUB24ACT7F61.jpg,1,1,0.7629671096801758
238,24,7,91,D:\Skripsi\Experiment_TA\data\raw\RGB2\S24\AC7\RGB2_SUB24ACT7F91.jpg,1,1,0.8581199049949646
239,24,8,1,D:\Skripsi\Experiment_TA\data\raw\RGB2\S24\AC8\RGB2_SUB24ACT8F1.jpg,1,1,0.8411692380905151
240,24,8,121,D:\Skripsi\Experiment_TA\data\raw\RGB2\S24\AC8\RGB2_SUB24ACT8F121.jpg,1,1,0.822952389717102
241,24,8,151,D:\Skripsi\Experiment_TA\data\raw\RGB2\S24\AC8\RGB2_SUB24ACT8F151.jpg,1,1,0.7388579249382019
242,24,8,31,D:\Skripsi\Experiment_TA\data\raw\RGB2\S24\AC8\RGB2_SUB24ACT8F31.jpg,1,1,0.8557751774787903
243,24,8,61,D:\Skripsi\Experiment_TA\data\raw\RGB2\S24\AC8\RGB2_SUB24ACT8F61.jpg,1,1,0.9107145667076111
244,24,8,91,D:\Skripsi\Experiment_TA\data\raw\RGB2\S24\AC8\RGB2_SUB24ACT8F91.jpg,1,1,0.8909032940864563
245,24,9,1,D:\Skripsi\Experiment_TA\data\raw\RGB2\S24\AC9\RGB2_SUB24ACT9F1.jpg,1,1,0.6395506262779236
246,24,9,121,D:\Skripsi\Experiment_TA\data\raw\RGB2\S24\AC9\RGB2_SUB24ACT9F121.jpg,1,1,0.82170170545578
247,24,9,31,D:\Skripsi\Experiment_TA\data\raw\RGB2\S24\AC9\RGB2_SUB24ACT9F31.jpg,1,1,0.7836322784423828
248,24,9,61,D:\Skripsi\Experiment_TA\data\raw\RGB2\S24\AC9\RGB2_SUB24ACT9F61.jpg,1,1,0.741431713104248
249,24,9,91,D:\Skripsi\Experiment_TA\data\raw\RGB2\S24\AC9\RGB2_SUB24ACT9F91.jpg,1,1,0.9077826738357544
250,25,1,1,D:\Skripsi\Experiment_TA\data\raw\RGB2\S25\AC1\RGB2_SUB25ACT1F1.jpg,0,0,0.2323083132505417
251,25,1,121,D:\Skripsi\Experiment_TA\data\raw\RGB2\S25\AC1\RGB2_SUB25ACT1F121.jpg,0,0,0.40455782413482666
252,25,1,31,D:\Skripsi\Experiment_TA\data\raw\RGB2\S25\AC1\RGB2_SUB25ACT1F31.jpg,0,1,0.8580195903778076
253,25,1,61,D:\Skripsi\Experiment_TA\data\raw\RGB2\S25\AC1\RGB2_SUB25ACT1F61.jpg,0,0,0.39900028705596924
254,25,1,91,D:\Skripsi\Experiment_TA\data\raw\RGB2\S25\AC1\RGB2_SUB25ACT1F91.jpg,0,1,0.6289809346199036
255,25,5,1,D:\Skripsi\Experiment_TA\data\raw\RGB2\S25\AC5\RGB2_SUB25ACT5F1.jpg,1,1,0.7560098767280579
256,25,5,121,D:\Skripsi\Experiment_TA\data\raw\RGB2\S25\AC5\RGB2_SUB25ACT5F121.jpg,1,1,0.7014333605766296
257,25,5,31,D:\Skripsi\Experiment_TA\data\raw\RGB2\S25\AC5\RGB2_SUB25ACT5F31.jpg,1,1,0.8093623518943787
258,25,5,61,D:\Skripsi\Experiment_TA\data\raw\RGB2\S25\AC5\RGB2_SUB25ACT5F61.jpg,1,1,0.9360297918319702
259,25,5,91,D:\Skripsi\Experiment_TA\data\raw\RGB2\S25\AC5\RGB2_SUB25ACT5F91.jpg,1,0,0.25905659794807434
260,25,6,1,D:\Skripsi\Experiment_TA\data\raw\RGB2\S25\AC6\RGB2_SUB25ACT6F1.jpg,1,1,0.757125198841095
261,25,6,31,D:\Skripsi\Experiment_TA\data\raw\RGB2\S25\AC6\RGB2_SUB25ACT6F31.jpg,1,1,0.8740711212158203
262,25,6,61,D:\Skripsi\Experiment_TA\data\raw\RGB2\S25\AC6\RGB2_SUB25ACT6F61.jpg,1,1,0.5366137623786926
263,25,6,91,D:\Skripsi\Experiment_TA\data\raw\RGB2\S25\AC6\RGB2_SUB25ACT6F91.jpg,1,1,0.7727536559104919
264,25,7,1,D:\Skripsi\Experiment_TA\data\raw\RGB2\S25\AC7\RGB2_SUB25ACT7F1.jpg,1,1,0.9028498530387878
265,25,7,31,D:\Skripsi\Experiment_TA\data\raw\RGB2\S25\AC7\RGB2_SUB25ACT7F31.jpg,1,1,0.9571911692619324
266,25,7,61,D:\Skripsi\Experiment_TA\data\raw\RGB2\S25\AC7\RGB2_SUB25ACT7F61.jpg,1,1,0.9064440131187439
267,25,8,1,D:\Skripsi\Experiment_TA\data\raw\RGB2\S25\AC8\RGB2_SUB25ACT8F1.jpg,1,1,0.8509011268615723
268,25,8,31,D:\Skripsi\Experiment_TA\data\raw\RGB2\S25\AC8\RGB2_SUB25ACT8F31.jpg,1,1,0.8374394774436951
269,25,8,61,D:\Skripsi\Experiment_TA\data\raw\RGB2\S25\AC8\RGB2_SUB25ACT8F61.jpg,1,1,0.9440138339996338
270,25,8,91,D:\Skripsi\Experiment_TA\data\raw\RGB2\S25\AC8\RGB2_SUB25ACT8F91.jpg,1,1,0.8628506064414978
271,25,9,1,D:\Skripsi\Experiment_TA\data\raw\RGB2\S25\AC9\RGB2_SUB25ACT9F1.jpg,1,1,0.8809309601783752
272,25,9,31,D:\Skripsi\Experiment_TA\data\raw\RGB2\S25\AC9\RGB2_SUB25ACT9F31.jpg,1,1,0.9141179323196411
273,25,9,61,D:\Skripsi\Experiment_TA\data\raw\RGB2\S25\AC9\RGB2_SUB25ACT9F61.jpg,1,1,0.7759737372398376
274,26,1,1,D:\Skripsi\Experiment_TA\data\raw\RGB2\S26\AC1\RGB2_SUB26ACT1F1.jpg,0,0,0.25333091616630554
275,26,1,31,D:\Skripsi\Experiment_TA\data\raw\RGB2\S26\AC1\RGB2_SUB26ACT1F31.jpg,0,0,0.21491946280002594
276,26,1,61,D:\Skripsi\Experiment_TA\data\raw\RGB2\S26\AC1\RGB2_SUB26ACT1F61.jpg,0,0,0.35675665736198425
277,26,1,91,D:\Skripsi\Experiment_TA\data\raw\RGB2\S26\AC1\RGB2_SUB26ACT1F91.jpg,0,0,0.25914207100868225
278,26,5,1,D:\Skripsi\Experiment_TA\data\raw\RGB2\S26\AC5\RGB2_SUB26ACT5F1.jpg,1,1,0.9079102873802185
279,26,5,31,D:\Skripsi\Experiment_TA\data\raw\RGB2\S26\AC5\RGB2_SUB26ACT5F31.jpg,1,1,0.9213418960571289
280,26,5,61,D:\Skripsi\Experiment_TA\data\raw\RGB2\S26\AC5\RGB2_SUB26ACT5F61.jpg,1,1,0.8315829634666443
281,26,6,1,D:\Skripsi\Experiment_TA\data\raw\RGB2\S26\AC6\RGB2_SUB26ACT6F1.jpg,1,1,0.6952332854270935
282,26,6,31,D:\Skripsi\Experiment_TA\data\raw\RGB2\S26\AC6\RGB2_SUB26ACT6F31.jpg,1,1,0.9188050031661987
283,26,6,61,D:\Skripsi\Experiment_TA\data\raw\RGB2\S26\AC6\RGB2_SUB26ACT6F61.jpg,1,1,0.9363921284675598
284,26,6,91,D:\Skripsi\Experiment_TA\data\raw\RGB2\S26\AC6\RGB2_SUB26ACT6F91.jpg,1,1,0.9103819727897644
285,26,7,1,D:\Skripsi\Experiment_TA\data\raw\RGB2\S26\AC7\RGB2_SUB26ACT7F1.jpg,1,1,0.9390040040016174
286,26,7,121,D:\Skripsi\Experiment_TA\data\raw\RGB2\S26\AC7\RGB2_SUB26ACT7F121.jpg,1,1,0.9006291627883911
287,26,7,151,D:\Skripsi\Experiment_TA\data\raw\RGB2\S26\AC7\RGB2_SUB26ACT7F151.jpg,1,1,0.9836291670799255
288,26,7,31,D:\Skripsi\Experiment_TA\data\raw\RGB2\S26\AC7\RGB2_SUB26ACT7F31.jpg,1,1,0.9625288248062134
289,26,7,61,D:\Skripsi\Experiment_TA\data\raw\RGB2\S26\AC7\RGB2_SUB26ACT7F61.jpg,1,1,0.9874914884567261
290,26,7,91,D:\Skripsi\Experiment_TA\data\raw\RGB2\S26\AC7\RGB2_SUB26ACT7F91.jpg,1,1,0.9741016626358032
291,26,8,1,D:\Skripsi\Experiment_TA\data\raw\RGB2\S26\AC8\RGB2_SUB26ACT8F1.jpg,1,1,0.6044066548347473
292,26,8,31,D:\Skripsi\Experiment_TA\data\raw\RGB2\S26\AC8\RGB2_SUB26ACT8F31.jpg,1,1,0.6200718283653259
293,26,8,61,D:\Skripsi\Experiment_TA\data\raw\RGB2\S26\AC8\RGB2_SUB26ACT8F61.jpg,1,1,0.5326358079910278
294,26,8,91,D:\Skripsi\Experiment_TA\data\raw\RGB2\S26\AC8\RGB2_SUB26ACT8F91.jpg,1,0,0.4714224636554718
295,26,9,1,D:\Skripsi\Experiment_TA\data\raw\RGB2\S26\AC9\RGB2_SUB26ACT9F1.jpg,1,1,0.833369791507721
296,26,9,121,D:\Skripsi\Experiment_TA\data\raw\RGB2\S26\AC9\RGB2_SUB26ACT9F121.jpg,1,1,0.8722909092903137
297,26,9,31,D:\Skripsi\Experiment_TA\data\raw\RGB2\S26\AC9\RGB2_SUB26ACT9F31.jpg,1,1,0.8897867798805237
298,26,9,61,D:\Skripsi\Experiment_TA\data\raw\RGB2\S26\AC9\RGB2_SUB26ACT9F61.jpg,1,1,0.868243932723999
299,26,9,91,D:\Skripsi\Experiment_TA\data\raw\RGB2\S26\AC9\RGB2_SUB26ACT9F91.jpg,1,1,0.8848170638084412
300,28,1,1,D:\Skripsi\Experiment_TA\data\raw\RGB2\S28\AC1\RGB2_SUB28ACT1F1.jpg,0,1,0.605679452419281
301,28,1,121,D:\Skripsi\Experiment_TA\data\raw\RGB2\S28\AC1\RGB2_SUB28ACT1F121.jpg,0,1,0.722396969795227
302,28,1,31,D:\Skripsi\Experiment_TA\data\raw\RGB2\S28\AC1\RGB2_SUB28ACT1F31.jpg,0,0,0.27378249168395996
303,28,1,61,D:\Skripsi\Experiment_TA\data\raw\RGB2\S28\AC1\RGB2_SUB28ACT1F61.jpg,0,0,0.30048868060112
304,28,1,91,D:\Skripsi\Experiment_TA\data\raw\RGB2\S28\AC1\RGB2_SUB28ACT1F91.jpg,0,0,0.21129460632801056
305,28,5,1,D:\Skripsi\Experiment_TA\data\raw\RGB2\S28\AC5\RGB2_SUB28ACT5F1.jpg,1,1,0.743880569934845
306,28,5,121,D:\Skripsi\Experiment_TA\data\raw\RGB2\S28\AC5\RGB2_SUB28ACT5F121.jpg,1,1,0.626181960105896
307,28,5,151,D:\Skripsi\Experiment_TA\data\raw\RGB2\S28\AC5\RGB2_SUB28ACT5F151.jpg,1,1,0.5311509966850281
308,28,5,31,D:\Skripsi\Experiment_TA\data\raw\RGB2\S28\AC5\RGB2_SUB28ACT5F31.jpg,1,1,0.9108012318611145
309,28,5,61,D:\Skripsi\Experiment_TA\data\raw\RGB2\S28\AC5\RGB2_SUB28ACT5F61.jpg,1,1,0.6459863185882568
310,28,5,91,D:\Skripsi\Experiment_TA\data\raw\RGB2\S28\AC5\RGB2_SUB28ACT5F91.jpg,1,1,0.5554003715515137
311,28,6,1,D:\Skripsi\Experiment_TA\data\raw\RGB2\S28\AC6\RGB2_SUB28ACT6F1.jpg,1,1,0.6776222586631775
312,28,6,31,D:\Skripsi\Experiment_TA\data\raw\RGB2\S28\AC6\RGB2_SUB28ACT6F31.jpg,1,1,0.6367965936660767
313,28,6,61,D:\Skripsi\Experiment_TA\data\raw\RGB2\S28\AC6\RGB2_SUB28ACT6F61.jpg,1,0,0.2884252667427063
314,28,6,91,D:\Skripsi\Experiment_TA\data\raw\RGB2\S28\AC6\RGB2_SUB28ACT6F91.jpg,1,0,0.4523378908634186
315,28,7,1,D:\Skripsi\Experiment_TA\data\raw\RGB2\S28\AC7\RGB2_SUB28ACT7F1.jpg,1,1,0.7729486227035522
316,28,7,121,D:\Skripsi\Experiment_TA\data\raw\RGB2\S28\AC7\RGB2_SUB28ACT7F121.jpg,1,1,0.7638336420059204
317,28,7,151,D:\Skripsi\Experiment_TA\data\raw\RGB2\S28\AC7\RGB2_SUB28ACT7F151.jpg,1,1,0.9348105788230896
318,28,7,31,D:\Skripsi\Experiment_TA\data\raw\RGB2\S28\AC7\RGB2_SUB28ACT7F31.jpg,1,1,0.9306056499481201
319,28,7,61,D:\Skripsi\Experiment_TA\data\raw\RGB2\S28\AC7\RGB2_SUB28ACT7F61.jpg,1,1,0.8902852535247803
320,28,7,91,D:\Skripsi\Experiment_TA\data\raw\RGB2\S28\AC7\RGB2_SUB28ACT7F91.jpg,1,1,0.9428175687789917
321,28,8,1,D:\Skripsi\Experiment_TA\data\raw\RGB2\S28\AC8\RGB2_SUB28ACT8F1.jpg,1,1,0.9648281931877136
322,28,8,31,D:\Skripsi\Experiment_TA\data\raw\RGB2\S28\AC8\RGB2_SUB28ACT8F31.jpg,1,1,0.7418879866600037
323,28,8,61,D:\Skripsi\Experiment_TA\data\raw\RGB2\S28\AC8\RGB2_SUB28ACT8F61.jpg,1,1,0.8567824363708496
324,28,8,91,D:\Skripsi\Experiment_TA\data\raw\RGB2\S28\AC8\RGB2_SUB28ACT8F91.jpg,1,1,0.9422797560691833
325,28,9,1,D:\Skripsi\Experiment_TA\data\raw\RGB2\S28\AC9\RGB2_SUB28ACT9F1.jpg,1,1,0.8574439287185669
326,28,9,121,D:\Skripsi\Experiment_TA\data\raw\RGB2\S28\AC9\RGB2_SUB28ACT9F121.jpg,1,1,0.8856725692749023
327,28,9,151,D:\Skripsi\Experiment_TA\data\raw\RGB2\S28\AC9\RGB2_SUB28ACT9F151.jpg,1,1,0.8239221572875977
328,28,9,31,D:\Skripsi\Experiment_TA\data\raw\RGB2\S28\AC9\RGB2_SUB28ACT9F31.jpg,1,1,0.7654791474342346
329,28,9,61,D:\Skripsi\Experiment_TA\data\raw\RGB2\S28\AC9\RGB2_SUB28ACT9F61.jpg,1,1,0.774853527545929
330,28,9,91,D:\Skripsi\Experiment_TA\data\raw\RGB2\S28\AC9\RGB2_SUB28ACT9F91.jpg,1,1,0.9113859534263611
331,29,1,1,D:\Skripsi\Experiment_TA\data\raw\RGB2\S29\AC1\RGB2_SUB29ACT1F1.jpg,0,1,0.6597687602043152
332,29,1,121,D:\Skripsi\Experiment_TA\data\raw\RGB2\S29\AC1\RGB2_SUB29ACT1F121.jpg,0,0,0.49453234672546387
333,29,1,31,D:\Skripsi\Experiment_TA\data\raw\RGB2\S29\AC1\RGB2_SUB29ACT1F31.jpg,0,1,0.8288069367408752
334,29,1,61,D:\Skripsi\Experiment_TA\data\raw\RGB2\S29\AC1\RGB2_SUB29ACT1F61.jpg,0,0,0.42683425545692444
335,29,1,91,D:\Skripsi\Experiment_TA\data\raw\RGB2\S29\AC1\RGB2_SUB29ACT1F91.jpg,0,1,0.5155884027481079
336,29,5,1,D:\Skripsi\Experiment_TA\data\raw\RGB2\S29\AC5\RGB2_SUB29ACT5F1.jpg,1,1,0.8930524587631226
337,29,5,121,D:\Skripsi\Experiment_TA\data\raw\RGB2\S29\AC5\RGB2_SUB29ACT5F121.jpg,1,1,0.5978933572769165
338,29,5,31,D:\Skripsi\Experiment_TA\data\raw\RGB2\S29\AC5\RGB2_SUB29ACT5F31.jpg,1,1,0.9057015776634216
339,29,5,61,D:\Skripsi\Experiment_TA\data\raw\RGB2\S29\AC5\RGB2_SUB29ACT5F61.jpg,1,1,0.6269071102142334
340,29,5,91,D:\Skripsi\Experiment_TA\data\raw\RGB2\S29\AC5\RGB2_SUB29ACT5F91.jpg,1,1,0.9200816750526428
341,29,6,1,D:\Skripsi\Experiment_TA\data\raw\RGB2\S29\AC6\RGB2_SUB29ACT6F1.jpg,1,1,0.5885821580886841
342,29,6,31,D:\Skripsi\Experiment_TA\data\raw\RGB2\S29\AC6\RGB2_SUB29ACT6F31.jpg,1,1,0.6800878047943115
343,29,6,61,D:\Skripsi\Experiment_TA\data\raw\RGB2\S29\AC6\RGB2_SUB29ACT6F61.jpg,1,1,0.5766321420669556
344,29,6,91,D:\Skripsi\Experiment_TA\data\raw\RGB2\S29\AC6\RGB2_SUB29ACT6F91.jpg,1,1,0.607315719127655
345,29,7,1,D:\Skripsi\Experiment_TA\data\raw\RGB2\S29\AC7\RGB2_SUB29ACT7F1.jpg,1,1,0.7586098909378052
346,29,7,121,D:\Skripsi\Experiment_TA\data\raw\RGB2\S29\AC7\RGB2_SUB29ACT7F121.jpg,1,1,0.7645911574363708
347,29,7,31,D:\Skripsi\Experiment_TA\data\raw\RGB2\S29\AC7\RGB2_SUB29ACT7F31.jpg,1,1,0.7892060875892639
348,29,7,61,D:\Skripsi\Experiment_TA\data\raw\RGB2\S29\AC7\RGB2_SUB29ACT7F61.jpg,1,1,0.6882933974266052
349,29,7,91,D:\Skripsi\Experiment_TA\data\raw\RGB2\S29\AC7\RGB2_SUB29ACT7F91.jpg,1,1,0.7947409749031067
350,29,8,1,D:\Skripsi\Experiment_TA\data\raw\RGB2\S29\AC8\RGB2_SUB29ACT8F1.jpg,1,1,0.7055379748344421
351,29,8,121,D:\Skripsi\Experiment_TA\data\raw\RGB2\S29\AC8\RGB2_SUB29ACT8F121.jpg,1,1,0.8764721751213074
352,29,8,151,D:\Skripsi\Experiment_TA\data\raw\RGB2\S29\AC8\RGB2_SUB29ACT8F151.jpg,1,1,0.5921793580055237
353,29,8,31,D:\Skripsi\Experiment_TA\data\raw\RGB2\S29\AC8\RGB2_SUB29ACT8F31.jpg,1,1,0.572697103023529
354,29,8,61,D:\Skripsi\Experiment_TA\data\raw\RGB2\S29\AC8\RGB2_SUB29ACT8F61.jpg,1,1,0.6056656837463379
355,29,8,91,D:\Skripsi\Experiment_TA\data\raw\RGB2\S29\AC8\RGB2_SUB29ACT8F91.jpg,1,1,0.5545535683631897
356,29,9,1,D:\Skripsi\Experiment_TA\data\raw\RGB2\S29\AC9\RGB2_SUB29ACT9F1.jpg,1,1,0.8577977418899536
357,29,9,121,D:\Skripsi\Experiment_TA\data\raw\RGB2\S29\AC9\RGB2_SUB29ACT9F121.jpg,1,1,0.9235294461250305
358,29,9,151,D:\Skripsi\Experiment_TA\data\raw\RGB2\S29\AC9\RGB2_SUB29ACT9F151.jpg,1,1,0.5773093700408936
359,29,9,31,D:\Skripsi\Experiment_TA\data\raw\RGB2\S29\AC9\RGB2_SUB29ACT9F31.jpg,1,1,0.7491827011108398
360,29,9,61,D:\Skripsi\Experiment_TA\data\raw\RGB2\S29\AC9\RGB2_SUB29ACT9F61.jpg,1,1,0.8882334232330322
361,29,9,91,D:\Skripsi\Experiment_TA\data\raw\RGB2\S29\AC9\RGB2_SUB29ACT9F91.jpg,1,1,0.9521560668945312
362,30,1,1,D:\Skripsi\Experiment_TA\data\raw\RGB2\S30\AC1\RGB2_SUB30ACT1F1.jpg,0,1,0.7894575595855713
363,30,1,31,D:\Skripsi\Experiment_TA\data\raw\RGB2\S30\AC1\RGB2_SUB30ACT1F31.jpg,0,0,0.4098683297634125
364,30,1,61,D:\Skripsi\Experiment_TA\data\raw\RGB2\S30\AC1\RGB2_SUB30ACT1F61.jpg,0,0,0.38471391797065735
365,30,1,91,D:\Skripsi\Experiment_TA\data\raw\RGB2\S30\AC1\RGB2_SUB30ACT1F91.jpg,0,0,0.19416898488998413
366,30,5,1,D:\Skripsi\Experiment_TA\data\raw\RGB2\S30\AC5\RGB2_SUB30ACT5F1.jpg,1,1,0.7788221836090088
367,30,5,31,D:\Skripsi\Experiment_TA\data\raw\RGB2\S30\AC5\RGB2_SUB30ACT5F31.jpg,1,1,0.6795819997787476
368,30,5,61,D:\Skripsi\Experiment_TA\data\raw\RGB2\S30\AC5\RGB2_SUB30ACT5F61.jpg,1,1,0.6855900883674622
369,30,5,91,D:\Skripsi\Experiment_TA\data\raw\RGB2\S30\AC5\RGB2_SUB30ACT5F91.jpg,1,1,0.7862481474876404
370,30,6,1,D:\Skripsi\Experiment_TA\data\raw\RGB2\S30\AC6\RGB2_SUB30ACT6F1.jpg,1,1,0.597959041595459
371,30,6,121,D:\Skripsi\Experiment_TA\data\raw\RGB2\S30\AC6\RGB2_SUB30ACT6F121.jpg,1,0,0.4456200897693634
372,30,6,31,D:\Skripsi\Experiment_TA\data\raw\RGB2\S30\AC6\RGB2_SUB30ACT6F31.jpg,1,0,0.4228564202785492
373,30,6,61,D:\Skripsi\Experiment_TA\data\raw\RGB2\S30\AC6\RGB2_SUB30ACT6F61.jpg,1,0,0.21996860206127167
374,30,6,91,D:\Skripsi\Experiment_TA\data\raw\RGB2\S30\AC6\RGB2_SUB30ACT6F91.jpg,1,0,0.2939220666885376
375,30,7,1,D:\Skripsi\Experiment_TA\data\raw\RGB2\S30\AC7\RGB2_SUB30ACT7F1.jpg,1,1,0.6766341328620911
376,30,7,121,D:\Skripsi\Experiment_TA\data\raw\RGB2\S30\AC7\RGB2_SUB30ACT7F121.jpg,1,1,0.9402036666870117
377,30,7,151,D:\Skripsi\Experiment_TA\data\raw\RGB2\S30\AC7\RGB2_SUB30ACT7F151.jpg,1,1,0.9408954381942749
378,30,7,31,D:\Skripsi\Experiment_TA\data\raw\RGB2\S30\AC7\RGB2_SUB30ACT7F31.jpg,1,1,0.8546445369720459
379,30,7,61,D:\Skripsi\Experiment_TA\data\raw\RGB2\S30\AC7\RGB2_SUB30ACT7F61.jpg,1,1,0.9073526859283447
380,30,7,91,D:\Skripsi\Experiment_TA\data\raw\RGB2\S30\AC7\RGB2_SUB30ACT7F91.jpg,1,1,0.9059075713157654
381,30,8,1,D:\Skripsi\Experiment_TA\data\raw\RGB2\S30\AC8\RGB2_SUB30ACT8F1.jpg,1,1,0.5581780076026917
382,30,8,121,D:\Skripsi\Experiment_TA\data\raw\RGB2\S30\AC8\RGB2_SUB30ACT8F121.jpg,1,1,0.7639826536178589
383,30,8,31,D:\Skripsi\Experiment_TA\data\raw\RGB2\S30\AC8\RGB2_SUB30ACT8F31.jpg,1,1,0.6863732933998108
384,30,8,61,D:\Skripsi\Experiment_TA\data\raw\RGB2\S30\AC8\RGB2_SUB30ACT8F61.jpg,1,0,0.49975016713142395
385,30,8,91,D:\Skripsi\Experiment_TA\data\raw\RGB2\S30\AC8\RGB2_SUB30ACT8F91.jpg,1,0,0.46849265694618225
386,30,9,1,D:\Skripsi\Experiment_TA\data\raw\RGB2\S30\AC9\RGB2_SUB30ACT9F1.jpg,1,1,0.8626986145973206
387,30,9,121,D:\Skripsi\Experiment_TA\data\raw\RGB2\S30\AC9\RGB2_SUB30ACT9F121.jpg,1,1,0.8158106207847595
388,30,9,31,D:\Skripsi\Experiment_TA\data\raw\RGB2\S30\AC9\RGB2_SUB30ACT9F31.jpg,1,1,0.9219692349433899
389,30,9,61,D:\Skripsi\Experiment_TA\data\raw\RGB2\S30\AC9\RGB2_SUB30ACT9F61.jpg,1,1,0.7935865521430969
390,30,9,91,D:\Skripsi\Experiment_TA\data\raw\RGB2\S30\AC9\RGB2_SUB30ACT9F91.jpg,1,1,0.5426413416862488
391,31,1,1,D:\Skripsi\Experiment_TA\data\raw\RGB2\S31\AC1\RGB2_SUB31ACT1F1.jpg,0,1,0.6081022024154663
392,31,1,31,D:\Skripsi\Experiment_TA\data\raw\RGB2\S31\AC1\RGB2_SUB31ACT1F31.jpg,0,1,0.735920250415802
393,31,1,61,D:\Skripsi\Experiment_TA\data\raw\RGB2\S31\AC1\RGB2_SUB31ACT1F61.jpg,0,0,0.34931573271751404
394,31,1,91,D:\Skripsi\Experiment_TA\data\raw\RGB2\S31\AC1\RGB2_SUB31ACT1F91.jpg,0,1,0.8349912762641907
395,31,5,1,D:\Skripsi\Experiment_TA\data\raw\RGB2\S31\AC5\RGB2_SUB31ACT5F1.jpg,1,1,0.7450305819511414
396,31,5,31,D:\Skripsi\Experiment_TA\data\raw\RGB2\S31\AC5\RGB2_SUB31ACT5F31.jpg,1,1,0.7265796661376953
397,31,5,61,D:\Skripsi\Experiment_TA\data\raw\RGB2\S31\AC5\RGB2_SUB31ACT5F61.jpg,1,1,0.6410315632820129
398,31,5,91,D:\Skripsi\Experiment_TA\data\raw\RGB2\S31\AC5\RGB2_SUB31ACT5F91.jpg,1,1,0.8624243140220642
399,31,6,1,D:\Skripsi\Experiment_TA\data\raw\RGB2\S31\AC6\RGB2_SUB31ACT6F1.jpg,1,1,0.710523247718811
400,31,6,31,D:\Skripsi\Experiment_TA\data\raw\RGB2\S31\AC6\RGB2_SUB31ACT6F31.jpg,1,1,0.5126590728759766
401,31,6,61,D:\Skripsi\Experiment_TA\data\raw\RGB2\S31\AC6\RGB2_SUB31ACT6F61.jpg,1,1,0.870741605758667
402,31,7,1,D:\Skripsi\Experiment_TA\data\raw\RGB2\S31\AC7\RGB2_SUB31ACT7F1.jpg,1,1,0.790061891078949
403,31,7,31,D:\Skripsi\Experiment_TA\data\raw\RGB2\S31\AC7\RGB2_SUB31ACT7F31.jpg,1,1,0.795166015625
404,31,7,61,D:\Skripsi\Experiment_TA\data\raw\RGB2\S31\AC7\RGB2_SUB31ACT7F61.jpg,1,1,0.7574267983436584
405,31,7,91,D:\Skripsi\Experiment_TA\data\raw\RGB2\S31\AC7\RGB2_SUB31ACT7F91.jpg,1,1,0.8436161875724792
406,31,8,1,D:\Skripsi\Experiment_TA\data\raw\RGB2\S31\AC8\RGB2_SUB31ACT8F1.jpg,1,1,0.8573377728462219
407,31,8,121,D:\Skripsi\Experiment_TA\data\raw\RGB2\S31\AC8\RGB2_SUB31ACT8F121.jpg,1,0,0.4862057864665985
408,31,8,31,D:\Skripsi\Experiment_TA\data\raw\RGB2\S31\AC8\RGB2_SUB31ACT8F31.jpg,1,1,0.8759303689002991
409,31,8,61,D:\Skripsi\Experiment_TA\data\raw\RGB2\S31\AC8\RGB2_SUB31ACT8F61.jpg,1,1,0.8538590669631958
410,31,8,91,D:\Skripsi\Experiment_TA\data\raw\RGB2\S31\AC8\RGB2_SUB31ACT8F91.jpg,1,1,0.8047902584075928
411,31,9,1,D:\Skripsi\Experiment_TA\data\raw\RGB2\S31\AC9\RGB2_SUB31ACT9F1.jpg,1,1,0.9372584223747253
412,31,9,121,D:\Skripsi\Experiment_TA\data\raw\RGB2\S31\AC9\RGB2_SUB31ACT9F121.jpg,1,0,0.29150325059890747
413,31,9,31,D:\Skripsi\Experiment_TA\data\raw\RGB2\S31\AC9\RGB2_SUB31ACT9F31.jpg,1,1,0.9134858250617981
414,31,9,61,D:\Skripsi\Experiment_TA\data\raw\RGB2\S31\AC9\RGB2_SUB31ACT9F61.jpg,1,1,0.9137516021728516
415,31,9,91,D:\Skripsi\Experiment_TA\data\raw\RGB2\S31\AC9\RGB2_SUB31ACT9F91.jpg,1,0,0.2744765281677246
416,32,1,1,D:\Skripsi\Experiment_TA\data\raw\RGB2\S32\AC1\RGB2_SUB32ACT1F1.jpg,0,1,0.6542540788650513
417,32,1,31,D:\Skripsi\Experiment_TA\data\raw\RGB2\S32\AC1\RGB2_SUB32ACT1F31.jpg,0,0,0.4283400774002075
418,32,1,61,D:\Skripsi\Experiment_TA\data\raw\RGB2\S32\AC1\RGB2_SUB32ACT1F61.jpg,0,0,0.21369081735610962
419,32,1,91,D:\Skripsi\Experiment_TA\data\raw\RGB2\S32\AC1\RGB2_SUB32ACT1F91.jpg,0,1,0.6573000550270081
420,32,5,1,D:\Skripsi\Experiment_TA\data\raw\RGB2\S32\AC5\RGB2_SUB32ACT5F1.jpg,1,1,0.9128513336181641
421,32,5,31,D:\Skripsi\Experiment_TA\data\raw\RGB2\S32\AC5\RGB2_SUB32ACT5F31.jpg,1,1,0.9020611643791199
422,32,5,61,D:\Skripsi\Experiment_TA\data\raw\RGB2\S32\AC5\RGB2_SUB32ACT5F61.jpg,1,1,0.8266435265541077
423,32,5,91,D:\Skripsi\Experiment_TA\data\raw\RGB2\S32\AC5\RGB2_SUB32ACT5F91.jpg,1,1,0.8467006683349609
424,32,6,1,D:\Skripsi\Experiment_TA\data\raw\RGB2\S32\AC6\RGB2_SUB32ACT6F1.jpg,1,1,0.7980467081069946
425,32,6,31,D:\Skripsi\Experiment_TA\data\raw\RGB2\S32\AC6\RGB2_SUB32ACT6F31.jpg,1,1,0.7637450695037842
426,32,6,61,D:\Skripsi\Experiment_TA\data\raw\RGB2\S32\AC6\RGB2_SUB32ACT6F61.jpg,1,0,0.36840376257896423
427,32,6,91,D:\Skripsi\Experiment_TA\data\raw\RGB2\S32\AC6\RGB2_SUB32ACT6F91.jpg,1,1,0.8930017948150635
428,32,7,1,D:\Skripsi\Experiment_TA\data\raw\RGB2\S32\AC7\RGB2_SUB32ACT7F1.jpg,1,1,0.7404840588569641
429,32,7,31,D:\Skripsi\Experiment_TA\data\raw\RGB2\S32\AC7\RGB2_SUB32ACT7F31.jpg,1,1,0.8467629551887512
430,32,7,61,D:\Skripsi\Experiment_TA\data\raw\RGB2\S32\AC7\RGB2_SUB32ACT7F61.jpg,1,1,0.7169402837753296
431,32,7,91,D:\Skripsi\Experiment_TA\data\raw\RGB2\S32\AC7\RGB2_SUB32ACT7F91.jpg,1,1,0.718269407749176
432,32,8,1,D:\Skripsi\Experiment_TA\data\raw\RGB2\S32\AC8\RGB2_SUB32ACT8F1.jpg,1,1,0.9280975461006165
433,32,8,31,D:\Skripsi\Experiment_TA\data\raw\RGB2\S32\AC8\RGB2_SUB32ACT8F31.jpg,1,1,0.7096258401870728
434,32,8,61,D:\Skripsi\Experiment_TA\data\raw\RGB2\S32\AC8\RGB2_SUB32ACT8F61.jpg,1,1,0.9080413579940796
435,32,9,1,D:\Skripsi\Experiment_TA\data\raw\RGB2\S32\AC9\RGB2_SUB32ACT9F1.jpg,1,1,0.9324687123298645
436,32,9,31,D:\Skripsi\Experiment_TA\data\raw\RGB2\S32\AC9\RGB2_SUB32ACT9F31.jpg,1,1,0.7765483856201172
437,32,9,61,D:\Skripsi\Experiment_TA\data\raw\RGB2\S32\AC9\RGB2_SUB32ACT9F61.jpg,1,1,0.7639411091804504
438,33,1,1,D:\Skripsi\Experiment_TA\data\raw\RGB2\S33\AC1\RGB2_SUB33ACT1F1.jpg,0,0,0.30743181705474854
439,33,1,31,D:\Skripsi\Experiment_TA\data\raw\RGB2\S33\AC1\RGB2_SUB33ACT1F31.jpg,0,0,0.3451990783214569
440,33,1,61,D:\Skripsi\Experiment_TA\data\raw\RGB2\S33\AC1\RGB2_SUB33ACT1F61.jpg,0,0,0.4602060616016388
441,33,5,1,D:\Skripsi\Experiment_TA\data\raw\RGB2\S33\AC5\RGB2_SUB33ACT5F1.jpg,1,1,0.9602441191673279
442,33,5,31,D:\Skripsi\Experiment_TA\data\raw\RGB2\S33\AC5\RGB2_SUB33ACT5F31.jpg,1,1,0.8952815532684326
443,33,5,61,D:\Skripsi\Experiment_TA\data\raw\RGB2\S33\AC5\RGB2_SUB33ACT5F61.jpg,1,1,0.9663628935813904
444,33,6,1,D:\Skripsi\Experiment_TA\data\raw\RGB2\S33\AC6\RGB2_SUB33ACT6F1.jpg,1,1,0.8618618249893188
445,33,6,31,D:\Skripsi\Experiment_TA\data\raw\RGB2\S33\AC6\RGB2_SUB33ACT6F31.jpg,1,1,0.9016374945640564
446,33,6,61,D:\Skripsi\Experiment_TA\data\raw\RGB2\S33\AC6\RGB2_SUB33ACT6F61.jpg,1,1,0.7837020754814148
447,33,7,1,D:\Skripsi\Experiment_TA\data\raw\RGB2\S33\AC7\RGB2_SUB33ACT7F1.jpg,1,1,0.8671085238456726
448,33,7,31,D:\Skripsi\Experiment_TA\data\raw\RGB2\S33\AC7\RGB2_SUB33ACT7F31.jpg,1,1,0.8945415616035461
449,33,7,61,D:\Skripsi\Experiment_TA\data\raw\RGB2\S33\AC7\RGB2_SUB33ACT7F61.jpg,1,1,0.6120179295539856
450,33,7,91,D:\Skripsi\Experiment_TA\data\raw\RGB2\S33\AC7\RGB2_SUB33ACT7F91.jpg,1,1,0.7862871289253235
451,33,8,1,D:\Skripsi\Experiment_TA\data\raw\RGB2\S33\AC8\RGB2_SUB33ACT8F1.jpg,1,1,0.7991082668304443
452,33,8,31,D:\Skripsi\Experiment_TA\data\raw\RGB2\S33\AC8\RGB2_SUB33ACT8F31.jpg,1,1,0.8614769577980042
453,33,8,61,D:\Skripsi\Experiment_TA\data\raw\RGB2\S33\AC8\RGB2_SUB33ACT8F61.jpg,1,1,0.6810304522514343
454,33,8,91,D:\Skripsi\Experiment_TA\data\raw\RGB2\S33\AC8\RGB2_SUB33ACT8F91.jpg,1,1,0.6033825278282166
455,33,9,1,D:\Skripsi\Experiment_TA\data\raw\RGB2\S33\AC9\RGB2_SUB33ACT9F1.jpg,1,1,0.8397102355957031
456,33,9,31,D:\Skripsi\Experiment_TA\data\raw\RGB2\S33\AC9\RGB2_SUB33ACT9F31.jpg,1,1,0.7992537617683411
457,33,9,61,D:\Skripsi\Experiment_TA\data\raw\RGB2\S33\AC9\RGB2_SUB33ACT9F61.jpg,1,1,0.8655461668968201
458,33,9,91,D:\Skripsi\Experiment_TA\data\raw\RGB2\S33\AC9\RGB2_SUB33ACT9F91.jpg,1,1,0.8920003175735474
459,34,1,1,D:\Skripsi\Experiment_TA\data\raw\RGB2\S34\AC1\RGB2_SUB34ACT1F1.jpg,0,0,0.25683197379112244
460,34,1,31,D:\Skripsi\Experiment_TA\data\raw\RGB2\S34\AC1\RGB2_SUB34ACT1F31.jpg,0,0,0.2382708489894867
461,34,1,61,D:\Skripsi\Experiment_TA\data\raw\RGB2\S34\AC1\RGB2_SUB34ACT1F61.jpg,0,0,0.2450585812330246
462,34,5,1,D:\Skripsi\Experiment_TA\data\raw\RGB2\S34\AC5\RGB2_SUB34ACT5F1.jpg,1,1,0.7556375861167908
463,34,5,31,D:\Skripsi\Experiment_TA\data\raw\RGB2\S34\AC5\RGB2_SUB34ACT5F31.jpg,1,1,0.7270333170890808
464,34,5,61,D:\Skripsi\Experiment_TA\data\raw\RGB2\S34\AC5\RGB2_SUB34ACT5F61.jpg,1,1,0.7369585037231445
465,34,6,1,D:\Skripsi\Experiment_TA\data\raw\RGB2\S34\AC6\RGB2_SUB34ACT6F1.jpg,1,1,0.6691977381706238
466,34,6,31,D:\Skripsi\Experiment_TA\data\raw\RGB2\S34\AC6\RGB2_SUB34ACT6F31.jpg,1,1,0.875874400138855
467,34,6,61,D:\Skripsi\Experiment_TA\data\raw\RGB2\S34\AC6\RGB2_SUB34ACT6F61.jpg,1,1,0.9620506167411804
468,34,7,1,D:\Skripsi\Experiment_TA\data\raw\RGB2\S34\AC7\RGB2_SUB34ACT7F1.jpg,1,1,0.874140202999115
469,34,7,31,D:\Skripsi\Experiment_TA\data\raw\RGB2\S34\AC7\RGB2_SUB34ACT7F31.jpg,1,1,0.8396435379981995
470,34,7,61,D:\Skripsi\Experiment_TA\data\raw\RGB2\S34\AC7\RGB2_SUB34ACT7F61.jpg,1,1,0.8257396221160889
471,34,8,1,D:\Skripsi\Experiment_TA\data\raw\RGB2\S34\AC8\RGB2_SUB34ACT8F1.jpg,1,0,0.3671087622642517
472,34,8,31,D:\Skripsi\Experiment_TA\data\raw\RGB2\S34\AC8\RGB2_SUB34ACT8F31.jpg,1,1,0.9796390533447266
473,34,8,61,D:\Skripsi\Experiment_TA\data\raw\RGB2\S34\AC8\RGB2_SUB34ACT8F61.jpg,1,1,0.6038627028465271
474,34,8,91,D:\Skripsi\Experiment_TA\data\raw\RGB2\S34\AC8\RGB2_SUB34ACT8F91.jpg,1,1,0.6834991574287415
475,34,9,1,D:\Skripsi\Experiment_TA\data\raw\RGB2\S34\AC9\RGB2_SUB34ACT9F1.jpg,1,1,0.9383599758148193
476,34,9,31,D:\Skripsi\Experiment_TA\data\raw\RGB2\S34\AC9\RGB2_SUB34ACT9F31.jpg,1,1,0.8166100382804871
477,34,9,61,D:\Skripsi\Experiment_TA\data\raw\RGB2\S34\AC9\RGB2_SUB34ACT9F61.jpg,1,1,0.9190927147865295
478,35,1,1,D:\Skripsi\Experiment_TA\data\raw\RGB2\S35\AC1\RGB2_SUB35ACT1F1.jpg,0,0,0.43282273411750793
479,35,1,121,D:\Skripsi\Experiment_TA\data\raw\RGB2\S35\AC1\RGB2_SUB35ACT1F121.jpg,0,0,0.11211718618869781
480,35,1,31,D:\Skripsi\Experiment_TA\data\raw\RGB2\S35\AC1\RGB2_SUB35ACT1F31.jpg,0,0,0.22677913308143616
481,35,1,61,D:\Skripsi\Experiment_TA\data\raw\RGB2\S35\AC1\RGB2_SUB35ACT1F61.jpg,0,0,0.20484411716461182
482,35,1,91,D:\Skripsi\Experiment_TA\data\raw\RGB2\S35\AC1\RGB2_SUB35ACT1F91.jpg,0,0,0.12268073111772537
483,35,5,1,D:\Skripsi\Experiment_TA\data\raw\RGB2\S35\AC5\RGB2_SUB35ACT5F1.jpg,1,0,0.47576189041137695
484,35,5,31,D:\Skripsi\Experiment_TA\data\raw\RGB2\S35\AC5\RGB2_SUB35ACT5F31.jpg,1,1,0.5398781299591064
485,35,5,61,D:\Skripsi\Experiment_TA\data\raw\RGB2\S35\AC5\RGB2_SUB35ACT5F61.jpg,1,0,0.449706494808197
486,35,5,91,D:\Skripsi\Experiment_TA\data\raw\RGB2\S35\AC5\RGB2_SUB35ACT5F91.jpg,1,0,0.42560577392578125
487,35,6,1,D:\Skripsi\Experiment_TA\data\raw\RGB2\S35\AC6\RGB2_SUB35ACT6F1.jpg,1,1,0.7572600245475769
488,35,6,121,D:\Skripsi\Experiment_TA\data\raw\RGB2\S35\AC6\RGB2_SUB35ACT6F121.jpg,1,1,0.6727581024169922
489,35,6,151,D:\Skripsi\Experiment_TA\data\raw\RGB2\S35\AC6\RGB2_SUB35ACT6F151.jpg,1,1,0.9058861136436462
490,35,6,31,D:\Skripsi\Experiment_TA\data\raw\RGB2\S35\AC6\RGB2_SUB35ACT6F31.jpg,1,1,0.772989809513092
491,35,6,61,D:\Skripsi\Experiment_TA\data\raw\RGB2\S35\AC6\RGB2_SUB35ACT6F61.jpg,1,1,0.7732204794883728
492,35,6,91,D:\Skripsi\Experiment_TA\data\raw\RGB2\S35\AC6\RGB2_SUB35ACT6F91.jpg,1,1,0.6710677742958069
493,35,7,1,D:\Skripsi\Experiment_TA\data\raw\RGB2\S35\AC7\RGB2_SUB35ACT7F1.jpg,1,1,0.7855574488639832
494,35,7,121,D:\Skripsi\Experiment_TA\data\raw\RGB2\S35\AC7\RGB2_SUB35ACT7F121.jpg,1,1,0.802888035774231
495,35,7,151,D:\Skripsi\Experiment_TA\data\raw\RGB2\S35\AC7\RGB2_SUB35ACT7F151.jpg,1,1,0.7493204474449158
496,35,7,181,D:\Skripsi\Experiment_TA\data\raw\RGB2\S35\AC7\RGB2_SUB35ACT7F181.jpg,1,1,0.639717698097229
497,35,7,31,D:\Skripsi\Experiment_TA\data\raw\RGB2\S35\AC7\RGB2_SUB35ACT7F31.jpg,1,1,0.6464771628379822
498,35,7,61,D:\Skripsi\Experiment_TA\data\raw\RGB2\S35\AC7\RGB2_SUB35ACT7F61.jpg,1,1,0.811220109462738
499,35,7,91,D:\Skripsi\Experiment_TA\data\raw\RGB2\S35\AC7\RGB2_SUB35ACT7F91.jpg,1,1,0.7101717591285706
500,35,8,1,D:\Skripsi\Experiment_TA\data\raw\RGB2\S35\AC8\RGB2_SUB35ACT8F1.jpg,1,1,0.6428583264350891
501,35,8,31,D:\Skripsi\Experiment_TA\data\raw\RGB2\S35\AC8\RGB2_SUB35ACT8F31.jpg,1,1,0.6315863132476807
502,35,8,61,D:\Skripsi\Experiment_TA\data\raw\RGB2\S35\AC8\RGB2_SUB35ACT8F61.jpg,1,0,0.39096516370773315
503,35,8,91,D:\Skripsi\Experiment_TA\data\raw\RGB2\S35\AC8\RGB2_SUB35ACT8F91.jpg,1,0,0.4577798545360565
504,35,9,1,D:\Skripsi\Experiment_TA\data\raw\RGB2\S35\AC9\RGB2_SUB35ACT9F1.jpg,1,1,0.768366813659668
505,35,9,121,D:\Skripsi\Experiment_TA\data\raw\RGB2\S35\AC9\RGB2_SUB35ACT9F121.jpg,1,1,0.9385972619056702
506,35,9,31,D:\Skripsi\Experiment_TA\data\raw\RGB2\S35\AC9\RGB2_SUB35ACT9F31.jpg,1,1,0.9067394137382507
507,35,9,61,D:\Skripsi\Experiment_TA\data\raw\RGB2\S35\AC9\RGB2_SUB35ACT9F61.jpg,1,1,0.8634884357452393
508,35,9,91,D:\Skripsi\Experiment_TA\data\raw\RGB2\S35\AC9\RGB2_SUB35ACT9F91.jpg,1,1,0.8892507553100586
509,36,1,1,D:\Skripsi\Experiment_TA\data\raw\RGB2\S36\AC1\RGB2_SUB36ACT1F1.jpg,0,1,0.5317472815513611
510,36,1,121,D:\Skripsi\Experiment_TA\data\raw\RGB2\S36\AC1\RGB2_SUB36ACT1F121.jpg,0,1,0.6480728387832642
511,36,1,31,D:\Skripsi\Experiment_TA\data\raw\RGB2\S36\AC1\RGB2_SUB36ACT1F31.jpg,0,1,0.5576547384262085
512,36,1,61,D:\Skripsi\Experiment_TA\data\raw\RGB2\S36\AC1\RGB2_SUB36ACT1F61.jpg,0,0,0.26970329880714417
513,36,1,91,D:\Skripsi\Experiment_TA\data\raw\RGB2\S36\AC1\RGB2_SUB36ACT1F91.jpg,0,1,0.7877451181411743
514,36,5,1,D:\Skripsi\Experiment_TA\data\raw\RGB2\S36\AC5\RGB2_SUB36ACT5F1.jpg,1,1,0.9002895355224609
515,36,5,121,D:\Skripsi\Experiment_TA\data\raw\RGB2\S36\AC5\RGB2_SUB36ACT5F121.jpg,1,1,0.6954257488250732
516,36,5,31,D:\Skripsi\Experiment_TA\data\raw\RGB2\S36\AC5\RGB2_SUB36ACT5F31.jpg,1,1,0.8504652380943298
517,36,5,61,D:\Skripsi\Experiment_TA\data\raw\RGB2\S36\AC5\RGB2_SUB36ACT5F61.jpg,1,1,0.8730106949806213
518,36,5,91,D:\Skripsi\Experiment_TA\data\raw\RGB2\S36\AC5\RGB2_SUB36ACT5F91.jpg,1,1,0.8808124661445618
519,36,6,1,D:\Skripsi\Experiment_TA\data\raw\RGB2\S36\AC6\RGB2_SUB36ACT6F1.jpg,1,1,0.7850567698478699
520,36,6,31,D:\Skripsi\Experiment_TA\data\raw\RGB2\S36\AC6\RGB2_SUB36ACT6F31.jpg,1,1,0.8144670128822327
521,36,6,61,D:\Skripsi\Experiment_TA\data\raw\RGB2\S36\AC6\RGB2_SUB36ACT6F61.jpg,1,1,0.9160622954368591
522,36,6,91,D:\Skripsi\Experiment_TA\data\raw\RGB2\S36\AC6\RGB2_SUB36ACT6F91.jpg,1,1,0.7946229577064514
523,36,7,1,D:\Skripsi\Experiment_TA\data\raw\RGB2\S36\AC7\RGB2_SUB36ACT7F1.jpg,1,1,0.8572528958320618
524,36,7,121,D:\Skripsi\Experiment_TA\data\raw\RGB2\S36\AC7\RGB2_SUB36ACT7F121.jpg,1,1,0.8681763410568237
525,36,7,31,D:\Skripsi\Experiment_TA\data\raw\RGB2\S36\AC7\RGB2_SUB36ACT7F31.jpg,1,1,0.8969507217407227
526,36,7,61,D:\Skripsi\Experiment_TA\data\raw\RGB2\S36\AC7\RGB2_SUB36ACT7F61.jpg,1,0,0.48301228880882263
527,36,7,91,D:\Skripsi\Experiment_TA\data\raw\RGB2\S36\AC7\RGB2_SUB36ACT7F91.jpg,1,1,0.7729355096817017
528,36,8,1,D:\Skripsi\Experiment_TA\data\raw\RGB2\S36\AC8\RGB2_SUB36ACT8F1.jpg,1,1,0.7897842526435852
529,36,8,121,D:\Skripsi\Experiment_TA\data\raw\RGB2\S36\AC8\RGB2_SUB36ACT8F121.jpg,1,1,0.7171441316604614
530,36,8,31,D:\Skripsi\Experiment_TA\data\raw\RGB2\S36\AC8\RGB2_SUB36ACT8F31.jpg,1,1,0.8051192164421082
531,36,8,61,D:\Skripsi\Experiment_TA\data\raw\RGB2\S36\AC8\RGB2_SUB36ACT8F61.jpg,1,1,0.679150402545929
532,36,8,91,D:\Skripsi\Experiment_TA\data\raw\RGB2\S36\AC8\RGB2_SUB36ACT8F91.jpg,1,1,0.8481082320213318
533,36,9,1,D:\Skripsi\Experiment_TA\data\raw\RGB2\S36\AC9\RGB2_SUB36ACT9F1.jpg,1,1,0.8910534381866455
534,36,9,121,D:\Skripsi\Experiment_TA\data\raw\RGB2\S36\AC9\RGB2_SUB36ACT9F121.jpg,1,1,0.8436791300773621
535,36,9,151,D:\Skripsi\Experiment_TA\data\raw\RGB2\S36\AC9\RGB2_SUB36ACT9F151.jpg,1,1,0.8694932460784912
536,36,9,31,D:\Skripsi\Experiment_TA\data\raw\RGB2\S36\AC9\RGB2_SUB36ACT9F31.jpg,1,1,0.880847156047821
537,36,9,61,D:\Skripsi\Experiment_TA\data\raw\RGB2\S36\AC9\RGB2_SUB36ACT9F61.jpg,1,1,0.8506917357444763
538,36,9,91,D:\Skripsi\Experiment_TA\data\raw\RGB2\S36\AC9\RGB2_SUB36ACT9F91.jpg,1,1,0.8601566553115845
539,37,1,1,D:\Skripsi\Experiment_TA\data\raw\RGB2\S37\AC1\RGB2_SUB37ACT1F1.jpg,0,0,0.17507821321487427
540,37,1,121,D:\Skripsi\Experiment_TA\data\raw\RGB2\S37\AC1\RGB2_SUB37ACT1F121.jpg,0,0,0.16323058307170868
541,37,1,31,D:\Skripsi\Experiment_TA\data\raw\RGB2\S37\AC1\RGB2_SUB37ACT1F31.jpg,0,0,0.10940699279308319
542,37,1,61,D:\Skripsi\Experiment_TA\data\raw\RGB2\S37\AC1\RGB2_SUB37ACT1F61.jpg,0,0,0.12731656432151794
543,37,1,91,D:\Skripsi\Experiment_TA\data\raw\RGB2\S37\AC1\RGB2_SUB37ACT1F91.jpg,0,0,0.14956413209438324
544,37,5,1,D:\Skripsi\Experiment_TA\data\raw\RGB2\S37\AC5\RGB2_SUB37ACT5F1.jpg,1,1,0.9797812700271606
545,37,5,121,D:\Skripsi\Experiment_TA\data\raw\RGB2\S37\AC5\RGB2_SUB37ACT5F121.jpg,1,1,0.9130000472068787
546,37,5,31,D:\Skripsi\Experiment_TA\data\raw\RGB2\S37\AC5\RGB2_SUB37ACT5F31.jpg,1,1,0.8580076694488525
547,37,5,61,D:\Skripsi\Experiment_TA\data\raw\RGB2\S37\AC5\RGB2_SUB37ACT5F61.jpg,1,1,0.723653256893158
548,37,5,91,D:\Skripsi\Experiment_TA\data\raw\RGB2\S37\AC5\RGB2_SUB37ACT5F91.jpg,1,1,0.7871788144111633
549,37,6,1,D:\Skripsi\Experiment_TA\data\raw\RGB2\S37\AC6\RGB2_SUB37ACT6F1.jpg,1,0,0.24415646493434906
550,37,6,121,D:\Skripsi\Experiment_TA\data\raw\RGB2\S37\AC6\RGB2_SUB37ACT6F121.jpg,1,1,0.6670100688934326
551,37,6,31,D:\Skripsi\Experiment_TA\data\raw\RGB2\S37\AC6\RGB2_SUB37ACT6F31.jpg,1,1,0.700971782207489
552,37,6,61,D:\Skripsi\Experiment_TA\data\raw\RGB2\S37\AC6\RGB2_SUB37ACT6F61.jpg,1,1,0.8887956738471985
553,37,6,91,D:\Skripsi\Experiment_TA\data\raw\RGB2\S37\AC6\RGB2_SUB37ACT6F91.jpg,1,1,0.8599477410316467
554,37,7,1,D:\Skripsi\Experiment_TA\data\raw\RGB2\S37\AC7\RGB2_SUB37ACT7F1.jpg,1,1,0.9155849814414978
555,37,7,121,D:\Skripsi\Experiment_TA\data\raw\RGB2\S37\AC7\RGB2_SUB37ACT7F121.jpg,1,1,0.9675688147544861
556,37,7,151,D:\Skripsi\Experiment_TA\data\raw\RGB2\S37\AC7\RGB2_SUB37ACT7F151.jpg,1,1,0.940815269947052
557,37,7,31,D:\Skripsi\Experiment_TA\data\raw\RGB2\S37\AC7\RGB2_SUB37ACT7F31.jpg,1,1,0.8488250970840454
558,37,7,61,D:\Skripsi\Experiment_TA\data\raw\RGB2\S37\AC7\RGB2_SUB37ACT7F61.jpg,1,1,0.9749539494514465
559,37,7,91,D:\Skripsi\Experiment_TA\data\raw\RGB2\S37\AC7\RGB2_SUB37ACT7F91.jpg,1,1,0.9815985560417175
560,37,8,1,D:\Skripsi\Experiment_TA\data\raw\RGB2\S37\AC8\RGB2_SUB37ACT8F1.jpg,1,1,0.8921094536781311
561,37,8,121,D:\Skripsi\Experiment_TA\data\raw\RGB2\S37\AC8\RGB2_SUB37ACT8F121.jpg,1,1,0.8764566779136658
562,37,8,151,D:\Skripsi\Experiment_TA\data\raw\RGB2\S37\AC8\RGB2_SUB37ACT8F151.jpg,1,1,0.9080579280853271
563,37,8,31,D:\Skripsi\Experiment_TA\data\raw\RGB2\S37\AC8\RGB2_SUB37ACT8F31.jpg,1,1,0.8031933903694153
564,37,8,61,D:\Skripsi\Experiment_TA\data\raw\RGB2\S37\AC8\RGB2_SUB37ACT8F61.jpg,1,1,0.6345550417900085
565,37,8,91,D:\Skripsi\Experiment_TA\data\raw\RGB2\S37\AC8\RGB2_SUB37ACT8F91.jpg,1,1,0.757871150970459
566,37,9,1,D:\Skripsi\Experiment_TA\data\raw\RGB2\S37\AC9\RGB2_SUB37ACT9F1.jpg,1,1,0.9814281463623047
567,37,9,121,D:\Skripsi\Experiment_TA\data\raw\RGB2\S37\AC9\RGB2_SUB37ACT9F121.jpg,1,1,0.909608006477356
568,37,9,151,D:\Skripsi\Experiment_TA\data\raw\RGB2\S37\AC9\RGB2_SUB37ACT9F151.jpg,1,1,0.9208624958992004
569,37,9,31,D:\Skripsi\Experiment_TA\data\raw\RGB2\S37\AC9\RGB2_SUB37ACT9F31.jpg,1,1,0.6932544708251953
570,37,9,61,D:\Skripsi\Experiment_TA\data\raw\RGB2\S37\AC9\RGB2_SUB37ACT9F61.jpg,1,1,0.8750290870666504
571,37,9,91,D:\Skripsi\Experiment_TA\data\raw\RGB2\S37\AC9\RGB2_SUB37ACT9F91.jpg,1,1,0.9421879053115845
572,38,1,1,D:\Skripsi\Experiment_TA\data\raw\RGB2\S38\AC1\RGB2_SUB38ACT1F1.jpg,0,0,0.4913656711578369
573,38,1,121,D:\Skripsi\Experiment_TA\data\raw\RGB2\S38\AC1\RGB2_SUB38ACT1F121.jpg,0,0,0.22636419534683228
574,38,1,31,D:\Skripsi\Experiment_TA\data\raw\RGB2\S38\AC1\RGB2_SUB38ACT1F31.jpg,0,0,0.38865211606025696
575,38,1,61,D:\Skripsi\Experiment_TA\data\raw\RGB2\S38\AC1\RGB2_SUB38ACT1F61.jpg,0,0,0.24998001754283905
576,38,1,91,D:\Skripsi\Experiment_TA\data\raw\RGB2\S38\AC1\RGB2_SUB38ACT1F91.jpg,0,1,0.8444439172744751
577,38,5,1,D:\Skripsi\Experiment_TA\data\raw\RGB2\S38\AC5\RGB2_SUB38ACT5F1.jpg,1,1,0.6379935145378113
578,38,5,31,D:\Skripsi\Experiment_TA\data\raw\RGB2\S38\AC5\RGB2_SUB38ACT5F31.jpg,1,1,0.7276941537857056
579,38,5,61,D:\Skripsi\Experiment_TA\data\raw\RGB2\S38\AC5\RGB2_SUB38ACT5F61.jpg,1,1,0.666828989982605
580,38,5,91,D:\Skripsi\Experiment_TA\data\raw\RGB2\S38\AC5\RGB2_SUB38ACT5F91.jpg,1,1,0.7584883570671082
581,38,6,1,D:\Skripsi\Experiment_TA\data\raw\RGB2\S38\AC6\RGB2_SUB38ACT6F1.jpg,1,1,0.9464514255523682
582,38,6,31,D:\Skripsi\Experiment_TA\data\raw\RGB2\S38\AC6\RGB2_SUB38ACT6F31.jpg,1,0,0.43754029273986816
583,38,6,61,D:\Skripsi\Experiment_TA\data\raw\RGB2\S38\AC6\RGB2_SUB38ACT6F61.jpg,1,1,0.946506917476654
584,38,6,91,D:\Skripsi\Experiment_TA\data\raw\RGB2\S38\AC6\RGB2_SUB38ACT6F91.jpg,1,1,0.8804351091384888
585,38,7,1,D:\Skripsi\Experiment_TA\data\raw\RGB2\S38\AC7\RGB2_SUB38ACT7F1.jpg,1,1,0.9563754200935364
586,38,7,121,D:\Skripsi\Experiment_TA\data\raw\RGB2\S38\AC7\RGB2_SUB38ACT7F121.jpg,1,1,0.7808682322502136
587,38,7,31,D:\Skripsi\Experiment_TA\data\raw\RGB2\S38\AC7\RGB2_SUB38ACT7F31.jpg,1,1,0.9772960543632507
588,38,7,61,D:\Skripsi\Experiment_TA\data\raw\RGB2\S38\AC7\RGB2_SUB38ACT7F61.jpg,1,1,0.8774885535240173
589,38,7,91,D:\Skripsi\Experiment_TA\data\raw\RGB2\S38\AC7\RGB2_SUB38ACT7F91.jpg,1,1,0.8853568434715271
590,38,8,1,D:\Skripsi\Experiment_TA\data\raw\RGB2\S38\AC8\RGB2_SUB38ACT8F1.jpg,1,1,0.7178133726119995
591,38,8,121,D:\Skripsi\Experiment_TA\data\raw\RGB2\S38\AC8\RGB2_SUB38ACT8F121.jpg,1,1,0.8207483887672424
592,38,8,31,D:\Skripsi\Experiment_TA\data\raw\RGB2\S38\AC8\RGB2_SUB38ACT8F31.jpg,1,1,0.8025403618812561
593,38,8,61,D:\Skripsi\Experiment_TA\data\raw\RGB2\S38\AC8\RGB2_SUB38ACT8F61.jpg,1,1,0.8342477679252625
594,38,8,91,D:\Skripsi\Experiment_TA\data\raw\RGB2\S38\AC8\RGB2_SUB38ACT8F91.jpg,1,1,0.8762422800064087
595,38,9,1,D:\Skripsi\Experiment_TA\data\raw\RGB2\S38\AC9\RGB2_SUB38ACT9F1.jpg,1,1,0.7528247237205505
596,38,9,121,D:\Skripsi\Experiment_TA\data\raw\RGB2\S38\AC9\RGB2_SUB38ACT9F121.jpg,1,0,0.2824896275997162
597,38,9,31,D:\Skripsi\Experiment_TA\data\raw\RGB2\S38\AC9\RGB2_SUB38ACT9F31.jpg,1,1,0.5572451949119568
598,38,9,61,D:\Skripsi\Experiment_TA\data\raw\RGB2\S38\AC9\RGB2_SUB38ACT9F61.jpg,1,1,0.5309029817581177
599,38,9,91,D:\Skripsi\Experiment_TA\data\raw\RGB2\S38\AC9\RGB2_SUB38ACT9F91.jpg,1,0,0.3139047920703888
600,39,1,1,D:\Skripsi\Experiment_TA\data\raw\RGB2\S39\AC1\RGB2_SUB39ACT1F1.jpg,0,0,0.15290087461471558
601,39,1,31,D:\Skripsi\Experiment_TA\data\raw\RGB2\S39\AC1\RGB2_SUB39ACT1F31.jpg,0,0,0.17923060059547424
602,39,1,61,D:\Skripsi\Experiment_TA\data\raw\RGB2\S39\AC1\RGB2_SUB39ACT1F61.jpg,0,0,0.1476704180240631
603,39,1,91,D:\Skripsi\Experiment_TA\data\raw\RGB2\S39\AC1\RGB2_SUB39ACT1F91.jpg,0,0,0.22812038660049438
604,39,5,1,D:\Skripsi\Experiment_TA\data\raw\RGB2\S39\AC5\RGB2_SUB39ACT5F1.jpg,1,1,0.8374508023262024
605,39,5,31,D:\Skripsi\Experiment_TA\data\raw\RGB2\S39\AC5\RGB2_SUB39ACT5F31.jpg,1,1,0.8000951409339905
606,39,5,61,D:\Skripsi\Experiment_TA\data\raw\RGB2\S39\AC5\RGB2_SUB39ACT5F61.jpg,1,1,0.8132209777832031
607,39,5,91,D:\Skripsi\Experiment_TA\data\raw\RGB2\S39\AC5\RGB2_SUB39ACT5F91.jpg,1,1,0.8709133863449097
608,39,6,1,D:\Skripsi\Experiment_TA\data\raw\RGB2\S39\AC6\RGB2_SUB39ACT6F1.jpg,1,1,0.9192047119140625
609,39,6,31,D:\Skripsi\Experiment_TA\data\raw\RGB2\S39\AC6\RGB2_SUB39ACT6F31.jpg,1,1,0.9479247331619263
610,39,6,61,D:\Skripsi\Experiment_TA\data\raw\RGB2\S39\AC6\RGB2_SUB39ACT6F61.jpg,1,1,0.9461240172386169
611,39,6,91,D:\Skripsi\Experiment_TA\data\raw\RGB2\S39\AC6\RGB2_SUB39ACT6F91.jpg,1,1,0.7701529860496521
612,39,7,1,D:\Skripsi\Experiment_TA\data\raw\RGB2\S39\AC7\RGB2_SUB39ACT7F1.jpg,1,1,0.988538920879364
613,39,7,31,D:\Skripsi\Experiment_TA\data\raw\RGB2\S39\AC7\RGB2_SUB39ACT7F31.jpg,1,1,0.8171724677085876
614,39,7,61,D:\Skripsi\Experiment_TA\data\raw\RGB2\S39\AC7\RGB2_SUB39ACT7F61.jpg,1,1,0.8916234374046326
615,39,7,91,D:\Skripsi\Experiment_TA\data\raw\RGB2\S39\AC7\RGB2_SUB39ACT7F91.jpg,1,1,0.9489943385124207
616,39,8,1,D:\Skripsi\Experiment_TA\data\raw\RGB2\S39\AC8\RGB2_SUB39ACT8F1.jpg,1,1,0.7683489322662354
617,39,8,121,D:\Skripsi\Experiment_TA\data\raw\RGB2\S39\AC8\RGB2_SUB39ACT8F121.jpg,1,1,0.7176966667175293
618,39,8,31,D:\Skripsi\Experiment_TA\data\raw\RGB2\S39\AC8\RGB2_SUB39ACT8F31.jpg,1,1,0.7901312708854675
619,39,8,61,D:\Skripsi\Experiment_TA\data\raw\RGB2\S39\AC8\RGB2_SUB39ACT8F61.jpg,1,1,0.6278562545776367
620,39,8,91,D:\Skripsi\Experiment_TA\data\raw\RGB2\S39\AC8\RGB2_SUB39ACT8F91.jpg,1,1,0.8949764370918274
621,39,9,1,D:\Skripsi\Experiment_TA\data\raw\RGB2\S39\AC9\RGB2_SUB39ACT9F1.jpg,1,1,0.7392373085021973
622,39,9,121,D:\Skripsi\Experiment_TA\data\raw\RGB2\S39\AC9\RGB2_SUB39ACT9F121.jpg,1,1,0.845897912979126
623,39,9,31,D:\Skripsi\Experiment_TA\data\raw\RGB2\S39\AC9\RGB2_SUB39ACT9F31.jpg,1,1,0.8750576376914978
624,39,9,61,D:\Skripsi\Experiment_TA\data\raw\RGB2\S39\AC9\RGB2_SUB39ACT9F61.jpg,1,1,0.8292631506919861
625,39,9,91,D:\Skripsi\Experiment_TA\data\raw\RGB2\S39\AC9\RGB2_SUB39ACT9F91.jpg,1,1,0.8446934819221497
626,40,1,1,D:\Skripsi\Experiment_TA\data\raw\RGB2\S40\AC1\RGB2_SUB40ACT1F1.jpg,0,0,0.4170517027378082
627,40,1,121,D:\Skripsi\Experiment_TA\data\raw\RGB2\S40\AC1\RGB2_SUB40ACT1F121.jpg,0,0,0.2207377701997757
628,40,1,31,D:\Skripsi\Experiment_TA\data\raw\RGB2\S40\AC1\RGB2_SUB40ACT1F31.jpg,0,1,0.5848411917686462
629,40,1,61,D:\Skripsi\Experiment_TA\data\raw\RGB2\S40\AC1\RGB2_SUB40ACT1F61.jpg,0,1,0.9244298934936523
630,40,1,91,D:\Skripsi\Experiment_TA\data\raw\RGB2\S40\AC1\RGB2_SUB40ACT1F91.jpg,0,0,0.2626762390136719
631,40,5,1,D:\Skripsi\Experiment_TA\data\raw\RGB2\S40\AC5\RGB2_SUB40ACT5F1.jpg,1,1,0.6765990853309631
632,40,5,31,D:\Skripsi\Experiment_TA\data\raw\RGB2\S40\AC5\RGB2_SUB40ACT5F31.jpg,1,1,0.9052311778068542
633,40,5,61,D:\Skripsi\Experiment_TA\data\raw\RGB2\S40\AC5\RGB2_SUB40ACT5F61.jpg,1,1,0.8834228515625
634,40,5,91,D:\Skripsi\Experiment_TA\data\raw\RGB2\S40\AC5\RGB2_SUB40ACT5F91.jpg,1,1,0.7479161024093628
635,40,6,1,D:\Skripsi\Experiment_TA\data\raw\RGB2\S40\AC6\RGB2_SUB40ACT6F1.jpg,1,1,0.7909947037696838
636,40,6,121,D:\Skripsi\Experiment_TA\data\raw\RGB2\S40\AC6\RGB2_SUB40ACT6F121.jpg,1,1,0.7702054977416992
637,40,6,31,D:\Skripsi\Experiment_TA\data\raw\RGB2\S40\AC6\RGB2_SUB40ACT6F31.jpg,1,1,0.9133758544921875
638,40,6,61,D:\Skripsi\Experiment_TA\data\raw\RGB2\S40\AC6\RGB2_SUB40ACT6F61.jpg,1,1,0.8721138834953308
639,40,6,91,D:\Skripsi\Experiment_TA\data\raw\RGB2\S40\AC6\RGB2_SUB40ACT6F91.jpg,1,1,0.9306061863899231
640,40,7,1,D:\Skripsi\Experiment_TA\data\raw\RGB2\S40\AC7\RGB2_SUB40ACT7F1.jpg,1,1,0.722089946269989
641,40,7,121,D:\Skripsi\Experiment_TA\data\raw\RGB2\S40\AC7\RGB2_SUB40ACT7F121.jpg,1,1,0.8880805969238281
642,40,7,151,D:\Skripsi\Experiment_TA\data\raw\RGB2\S40\AC7\RGB2_SUB40ACT7F151.jpg,1,1,0.8454763293266296
643,40,7,181,D:\Skripsi\Experiment_TA\data\raw\RGB2\S40\AC7\RGB2_SUB40ACT7F181.jpg,1,1,0.8709800839424133
644,40,7,211,D:\Skripsi\Experiment_TA\data\raw\RGB2\S40\AC7\RGB2_SUB40ACT7F211.jpg,1,1,0.9356814622879028
645,40,7,31,D:\Skripsi\Experiment_TA\data\raw\RGB2\S40\AC7\RGB2_SUB40ACT7F31.jpg,1,1,0.6994879245758057
646,40,7,61,D:\Skripsi\Experiment_TA\data\raw\RGB2\S40\AC7\RGB2_SUB40ACT7F61.jpg,1,1,0.5709720849990845
647,40,7,91,D:\Skripsi\Experiment_TA\data\raw\RGB2\S40\AC7\RGB2_SUB40ACT7F91.jpg,1,1,0.9015060067176819
648,40,8,1,D:\Skripsi\Experiment_TA\data\raw\RGB2\S40\AC8\RGB2_SUB40ACT8F1.jpg,1,1,0.8856062889099121
649,40,8,121,D:\Skripsi\Experiment_TA\data\raw\RGB2\S40\AC8\RGB2_SUB40ACT8F121.jpg,1,1,0.9154137372970581
650,40,8,151,D:\Skripsi\Experiment_TA\data\raw\RGB2\S40\AC8\RGB2_SUB40ACT8F151.jpg,1,1,0.8964672684669495
651,40,8,181,D:\Skripsi\Experiment_TA\data\raw\RGB2\S40\AC8\RGB2_SUB40ACT8F181.jpg,1,1,0.9219465255737305
652,40,8,31,D:\Skripsi\Experiment_TA\data\raw\RGB2\S40\AC8\RGB2_SUB40ACT8F31.jpg,1,1,0.7970303893089294
653,40,8,61,D:\Skripsi\Experiment_TA\data\raw\RGB2\S40\AC8\RGB2_SUB40ACT8F61.jpg,1,1,0.8438006639480591
654,40,8,91,D:\Skripsi\Experiment_TA\data\raw\RGB2\S40\AC8\RGB2_SUB40ACT8F91.jpg,1,1,0.8760010600090027
655,40,9,1,D:\Skripsi\Experiment_TA\data\raw\RGB2\S40\AC9\RGB2_SUB40ACT9F1.jpg,1,1,0.8047303557395935
656,40,9,121,D:\Skripsi\Experiment_TA\data\raw\RGB2\S40\AC9\RGB2_SUB40ACT9F121.jpg,1,1,0.7859506011009216
657,40,9,31,D:\Skripsi\Experiment_TA\data\raw\RGB2\S40\AC9\RGB2_SUB40ACT9F31.jpg,1,1,0.8341916799545288
658,40,9,61,D:\Skripsi\Experiment_TA\data\raw\RGB2\S40\AC9\RGB2_SUB40ACT9F61.jpg,1,1,0.7851139307022095
659,40,9,91,D:\Skripsi\Experiment_TA\data\raw\RGB2\S40\AC9\RGB2_SUB40ACT9F91.jpg,1,1,0.8776060342788696
660,43,1,1,D:\Skripsi\Experiment_TA\data\raw\RGB2\S43\AC1\RGB2_SUB43ACT1F1.jpg,0,1,0.5368102192878723
661,43,1,121,D:\Skripsi\Experiment_TA\data\raw\RGB2\S43\AC1\RGB2_SUB43ACT1F121.jpg,0,1,0.5796156525611877
662,43,1,151,D:\Skripsi\Experiment_TA\data\raw\RGB2\S43\AC1\RGB2_SUB43ACT1F151.jpg,0,1,0.5852130651473999
663,43,1,181,D:\Skripsi\Experiment_TA\data\raw\RGB2\S43\AC1\RGB2_SUB43ACT1F181.jpg,0,1,0.5334159135818481
664,43,1,31,D:\Skripsi\Experiment_TA\data\raw\RGB2\S43\AC1\RGB2_SUB43ACT1F31.jpg,0,0,0.4372203052043915
665,43,1,61,D:\Skripsi\Experiment_TA\data\raw\RGB2\S43\AC1\RGB2_SUB43ACT1F61.jpg,0,0,0.46203508973121643
666,43,1,91,D:\Skripsi\Experiment_TA\data\raw\RGB2\S43\AC1\RGB2_SUB43ACT1F91.jpg,0,1,0.6083747744560242
667,43,5,1,D:\Skripsi\Experiment_TA\data\raw\RGB2\S43\AC5\RGB2_SUB43ACT5F1.jpg,1,1,0.8123940825462341
668,43,5,121,D:\Skripsi\Experiment_TA\data\raw\RGB2\S43\AC5\RGB2_SUB43ACT5F121.jpg,1,1,0.7814620137214661
669,43,5,151,D:\Skripsi\Experiment_TA\data\raw\RGB2\S43\AC5\RGB2_SUB43ACT5F151.jpg,1,1,0.8409519791603088
670,43,5,181,D:\Skripsi\Experiment_TA\data\raw\RGB2\S43\AC5\RGB2_SUB43ACT5F181.jpg,1,1,0.795264720916748
671,43,5,31,D:\Skripsi\Experiment_TA\data\raw\RGB2\S43\AC5\RGB2_SUB43ACT5F31.jpg,1,1,0.6308866143226624
672,43,5,61,D:\Skripsi\Experiment_TA\data\raw\RGB2\S43\AC5\RGB2_SUB43ACT5F61.jpg,1,1,0.7195318937301636
673,43,5,91,D:\Skripsi\Experiment_TA\data\raw\RGB2\S43\AC5\RGB2_SUB43ACT5F91.jpg,1,1,0.7488048076629639
674,43,6,1,D:\Skripsi\Experiment_TA\data\raw\RGB2\S43\AC6\RGB2_SUB43ACT6F1.jpg,1,1,0.7385729551315308
675,43,6,121,D:\Skripsi\Experiment_TA\data\raw\RGB2\S43\AC6\RGB2_SUB43ACT6F121.jpg,1,1,0.5764960646629333
676,43,6,151,D:\Skripsi\Experiment_TA\data\raw\RGB2\S43\AC6\RGB2_SUB43ACT6F151.jpg,1,1,0.5690761804580688
677,43,6,181,D:\Skripsi\Experiment_TA\data\raw\RGB2\S43\AC6\RGB2_SUB43ACT6F181.jpg,1,1,0.6444525122642517
678,43,6,31,D:\Skripsi\Experiment_TA\data\raw\RGB2\S43\AC6\RGB2_SUB43ACT6F31.jpg,1,1,0.7381525039672852
679,43,6,61,D:\Skripsi\Experiment_TA\data\raw\RGB2\S43\AC6\RGB2_SUB43ACT6F61.jpg,1,1,0.830488383769989
680,43,6,91,D:\Skripsi\Experiment_TA\data\raw\RGB2\S43\AC6\RGB2_SUB43ACT6F91.jpg,1,1,0.7128101587295532
681,43,7,1,D:\Skripsi\Experiment_TA\data\raw\RGB2\S43\AC7\RGB2_SUB43ACT7F1.jpg,1,1,0.803571343421936
682,43,7,121,D:\Skripsi\Experiment_TA\data\raw\RGB2\S43\AC7\RGB2_SUB43ACT7F121.jpg,1,1,0.6681772470474243
683,43,7,151,D:\Skripsi\Experiment_TA\data\raw\RGB2\S43\AC7\RGB2_SUB43ACT7F151.jpg,1,1,0.8228215575218201
684,43,7,181,D:\Skripsi\Experiment_TA\data\raw\RGB2\S43\AC7\RGB2_SUB43ACT7F181.jpg,1,1,0.711653470993042
685,43,7,211,D:\Skripsi\Experiment_TA\data\raw\RGB2\S43\AC7\RGB2_SUB43ACT7F211.jpg,1,1,0.7559923529624939
686,43,7,31,D:\Skripsi\Experiment_TA\data\raw\RGB2\S43\AC7\RGB2_SUB43ACT7F31.jpg,1,1,0.8512308597564697
687,43,7,61,D:\Skripsi\Experiment_TA\data\raw\RGB2\S43\AC7\RGB2_SUB43ACT7F61.jpg,1,1,0.7738091945648193
688,43,7,91,D:\Skripsi\Experiment_TA\data\raw\RGB2\S43\AC7\RGB2_SUB43ACT7F91.jpg,1,1,0.6274206638336182
689,43,8,1,D:\Skripsi\Experiment_TA\data\raw\RGB2\S43\AC8\RGB2_SUB43ACT8F1.jpg,1,1,0.6680803298950195
690,43,8,121,D:\Skripsi\Experiment_TA\data\raw\RGB2\S43\AC8\RGB2_SUB43ACT8F121.jpg,1,1,0.6111093759536743
691,43,8,151,D:\Skripsi\Experiment_TA\data\raw\RGB2\S43\AC8\RGB2_SUB43ACT8F151.jpg,1,1,0.5271600484848022
692,43,8,181,D:\Skripsi\Experiment_TA\data\raw\RGB2\S43\AC8\RGB2_SUB43ACT8F181.jpg,1,1,0.6360970735549927
693,43,8,211,D:\Skripsi\Experiment_TA\data\raw\RGB2\S43\AC8\RGB2_SUB43ACT8F211.jpg,1,1,0.6938288807868958
694,43,8,241,D:\Skripsi\Experiment_TA\data\raw\RGB2\S43\AC8\RGB2_SUB43ACT8F241.jpg,1,1,0.5947335958480835
695,43,8,31,D:\Skripsi\Experiment_TA\data\raw\RGB2\S43\AC8\RGB2_SUB43ACT8F31.jpg,1,1,0.6234954595565796
696,43,8,61,D:\Skripsi\Experiment_TA\data\raw\RGB2\S43\AC8\RGB2_SUB43ACT8F61.jpg,1,1,0.6653698682785034
697,43,8,91,D:\Skripsi\Experiment_TA\data\raw\RGB2\S43\AC8\RGB2_SUB43ACT8F91.jpg,1,1,0.7222408056259155
698,43,9,1,D:\Skripsi\Experiment_TA\data\raw\RGB2\S43\AC9\RGB2_SUB43ACT9F1.jpg,1,1,0.5435599088668823
699,43,9,121,D:\Skripsi\Experiment_TA\data\raw\RGB2\S43\AC9\RGB2_SUB43ACT9F121.jpg,1,1,0.5637016892433167
700,43,9,151,D:\Skripsi\Experiment_TA\data\raw\RGB2\S43\AC9\RGB2_SUB43ACT9F151.jpg,1,1,0.7267408967018127
701,43,9,31,D:\Skripsi\Experiment_TA\data\raw\RGB2\S43\AC9\RGB2_SUB43ACT9F31.jpg,1,1,0.7616358995437622
702,43,9,61,D:\Skripsi\Experiment_TA\data\raw\RGB2\S43\AC9\RGB2_SUB43ACT9F61.jpg,1,1,0.9536293148994446
703,43,9,91,D:\Skripsi\Experiment_TA\data\raw\RGB2\S43\AC9\RGB2_SUB43ACT9F91.jpg,1,1,0.7987168431282043
704,44,1,1,D:\Skripsi\Experiment_TA\data\raw\RGB2\S44\AC1\RGB2_SUB44ACT1F1.jpg,0,0,0.4774138033390045
705,44,1,121,D:\Skripsi\Experiment_TA\data\raw\RGB2\S44\AC1\RGB2_SUB44ACT1F121.jpg,0,1,0.5090251564979553
706,44,1,151,D:\Skripsi\Experiment_TA\data\raw\RGB2\S44\AC1\RGB2_SUB44ACT1F151.jpg,0,0,0.24091430008411407
707,44,1,31,D:\Skripsi\Experiment_TA\data\raw\RGB2\S44\AC1\RGB2_SUB44ACT1F31.jpg,0,0,0.4568997621536255
708,44,1,61,D:\Skripsi\Experiment_TA\data\raw\RGB2\S44\AC1\RGB2_SUB44ACT1F61.jpg,0,0,0.45655399560928345
709,44,1,91,D:\Skripsi\Experiment_TA\data\raw\RGB2\S44\AC1\RGB2_SUB44ACT1F91.jpg,0,0,0.2871764898300171
710,44,5,1,D:\Skripsi\Experiment_TA\data\raw\RGB2\S44\AC5\RGB2_SUB44ACT5F1.jpg,1,1,0.8723170161247253
711,44,5,121,D:\Skripsi\Experiment_TA\data\raw\RGB2\S44\AC5\RGB2_SUB44ACT5F121.jpg,1,1,0.7749131321907043
712,44,5,31,D:\Skripsi\Experiment_TA\data\raw\RGB2\S44\AC5\RGB2_SUB44ACT5F31.jpg,1,1,0.6817590594291687
713,44,5,61,D:\Skripsi\Experiment_TA\data\raw\RGB2\S44\AC5\RGB2_SUB44ACT5F61.jpg,1,1,0.7959136366844177
714,44,5,91,D:\Skripsi\Experiment_TA\data\raw\RGB2\S44\AC5\RGB2_SUB44ACT5F91.jpg,1,1,0.8199846744537354
715,44,6,1,D:\Skripsi\Experiment_TA\data\raw\RGB2\S44\AC6\RGB2_SUB44ACT6F1.jpg,1,1,0.8147203326225281
716,44,6,121,D:\Skripsi\Experiment_TA\data\raw\RGB2\S44\AC6\RGB2_SUB44ACT6F121.jpg,1,1,0.8470640778541565
717,44,6,31,D:\Skripsi\Experiment_TA\data\raw\RGB2\S44\AC6\RGB2_SUB44ACT6F31.jpg,1,1,0.5523388385772705
718,44,6,61,D:\Skripsi\Experiment_TA\data\raw\RGB2\S44\AC6\RGB2_SUB44ACT6F61.jpg,1,0,0.49960094690322876
719,44,6,91,D:\Skripsi\Experiment_TA\data\raw\RGB2\S44\AC6\RGB2_SUB44ACT6F91.jpg,1,0,0.4791136085987091
720,44,7,1,D:\Skripsi\Experiment_TA\data\raw\RGB2\S44\AC7\RGB2_SUB44ACT7F1.jpg,1,1,0.9667534828186035
721,44,7,121,D:\Skripsi\Experiment_TA\data\raw\RGB2\S44\AC7\RGB2_SUB44ACT7F121.jpg,1,1,0.946354329586029
722,44,7,151,D:\Skripsi\Experiment_TA\data\raw\RGB2\S44\AC7\RGB2_SUB44ACT7F151.jpg,1,1,0.9438411593437195
723,44,7,31,D:\Skripsi\Experiment_TA\data\raw\RGB2\S44\AC7\RGB2_SUB44ACT7F31.jpg,1,1,0.9706117510795593
724,44,7,61,D:\Skripsi\Experiment_TA\data\raw\RGB2\S44\AC7\RGB2_SUB44ACT7F61.jpg,1,1,0.8063889741897583
725,44,7,91,D:\Skripsi\Experiment_TA\data\raw\RGB2\S44\AC7\RGB2_SUB44ACT7F91.jpg,1,1,0.9444115161895752
726,44,8,1,D:\Skripsi\Experiment_TA\data\raw\RGB2\S44\AC8\RGB2_SUB44ACT8F1.jpg,1,1,0.8651298880577087
727,44,8,121,D:\Skripsi\Experiment_TA\data\raw\RGB2\S44\AC8\RGB2_SUB44ACT8F121.jpg,1,1,0.9443336129188538
728,44,8,151,D:\Skripsi\Experiment_TA\data\raw\RGB2\S44\AC8\RGB2_SUB44ACT8F151.jpg,1,1,0.958562433719635
729,44,8,181,D:\Skripsi\Experiment_TA\data\raw\RGB2\S44\AC8\RGB2_SUB44ACT8F181.jpg,1,1,0.9447520971298218
730,44,8,31,D:\Skripsi\Experiment_TA\data\raw\RGB2\S44\AC8\RGB2_SUB44ACT8F31.jpg,1,1,0.5693003535270691
731,44,8,61,D:\Skripsi\Experiment_TA\data\raw\RGB2\S44\AC8\RGB2_SUB44ACT8F61.jpg,1,1,0.9054961800575256
732,44,8,91,D:\Skripsi\Experiment_TA\data\raw\RGB2\S44\AC8\RGB2_SUB44ACT8F91.jpg,1,1,0.7330577373504639
733,44,9,1,D:\Skripsi\Experiment_TA\data\raw\RGB2\S44\AC9\RGB2_SUB44ACT9F1.jpg,1,1,0.9075121879577637
734,44,9,121,D:\Skripsi\Experiment_TA\data\raw\RGB2\S44\AC9\RGB2_SUB44ACT9F121.jpg,1,1,0.8643652200698853
735,44,9,151,D:\Skripsi\Experiment_TA\data\raw\RGB2\S44\AC9\RGB2_SUB44ACT9F151.jpg,1,1,0.7670667767524719
736,44,9,181,D:\Skripsi\Experiment_TA\data\raw\RGB2\S44\AC9\RGB2_SUB44ACT9F181.jpg,1,1,0.806567907333374
737,44,9,31,D:\Skripsi\Experiment_TA\data\raw\RGB2\S44\AC9\RGB2_SUB44ACT9F31.jpg,1,1,0.918025016784668
738,44,9,61,D:\Skripsi\Experiment_TA\data\raw\RGB2\S44\AC9\RGB2_SUB44ACT9F61.jpg,1,1,0.8537638187408447
739,44,9,91,D:\Skripsi\Experiment_TA\data\raw\RGB2\S44\AC9\RGB2_SUB44ACT9F91.jpg,1,1,0.8136052489280701
740,45,1,1,D:\Skripsi\Experiment_TA\data\raw\RGB2\S45\AC1\RGB2_SUB45ACT1F1.jpg,0,1,0.5366777181625366
741,45,1,121,D:\Skripsi\Experiment_TA\data\raw\RGB2\S45\AC1\RGB2_SUB45ACT1F121.jpg,0,0,0.217425137758255
742,45,1,151,D:\Skripsi\Experiment_TA\data\raw\RGB2\S45\AC1\RGB2_SUB45ACT1F151.jpg,0,0,0.3706521689891815
743,45,1,31,D:\Skripsi\Experiment_TA\data\raw\RGB2\S45\AC1\RGB2_SUB45ACT1F31.jpg,0,0,0.38021427392959595
744,45,1,61,D:\Skripsi\Experiment_TA\data\raw\RGB2\S45\AC1\RGB2_SUB45ACT1F61.jpg,0,0,0.3655834496021271
745,45,1,91,D:\Skripsi\Experiment_TA\data\raw\RGB2\S45\AC1\RGB2_SUB45ACT1F91.jpg,0,0,0.21329501271247864
746,45,5,1,D:\Skripsi\Experiment_TA\data\raw\RGB2\S45\AC5\RGB2_SUB45ACT5F1.jpg,1,1,0.7470114827156067
747,45,5,31,D:\Skripsi\Experiment_TA\data\raw\RGB2\S45\AC5\RGB2_SUB45ACT5F31.jpg,1,1,0.8448678851127625
748,45,5,61,D:\Skripsi\Experiment_TA\data\raw\RGB2\S45\AC5\RGB2_SUB45ACT5F61.jpg,1,1,0.8668598532676697
749,45,5,91,D:\Skripsi\Experiment_TA\data\raw\RGB2\S45\AC5\RGB2_SUB45ACT5F91.jpg,1,1,0.8641389608383179
750,45,6,1,D:\Skripsi\Experiment_TA\data\raw\RGB2\S45\AC6\RGB2_SUB45ACT6F1.jpg,1,0,0.3550865650177002
751,45,6,121,D:\Skripsi\Experiment_TA\data\raw\RGB2\S45\AC6\RGB2_SUB45ACT6F121.jpg,1,1,0.6455119848251343
752,45,6,151,D:\Skripsi\Experiment_TA\data\raw\RGB2\S45\AC6\RGB2_SUB45ACT6F151.jpg,1,1,0.7140937447547913
753,45,6,31,D:\Skripsi\Experiment_TA\data\raw\RGB2\S45\AC6\RGB2_SUB45ACT6F31.jpg,1,1,0.5457686185836792
754,45,6,61,D:\Skripsi\Experiment_TA\data\raw\RGB2\S45\AC6\RGB2_SUB45ACT6F61.jpg,1,1,0.6083409190177917
755,45,6,91,D:\Skripsi\Experiment_TA\data\raw\RGB2\S45\AC6\RGB2_SUB45ACT6F91.jpg,1,1,0.5613639950752258
756,45,7,1,D:\Skripsi\Experiment_TA\data\raw\RGB2\S45\AC7\RGB2_SUB45ACT7F1.jpg,1,1,0.8853406310081482
757,45,7,121,D:\Skripsi\Experiment_TA\data\raw\RGB2\S45\AC7\RGB2_SUB45ACT7F121.jpg,1,1,0.9285615086555481
758,45,7,151,D:\Skripsi\Experiment_TA\data\raw\RGB2\S45\AC7\RGB2_SUB45ACT7F151.jpg,1,1,0.8411074876785278
759,45,7,181,D:\Skripsi\Experiment_TA\data\raw\RGB2\S45\AC7\RGB2_SUB45ACT7F181.jpg,1,1,0.8810190558433533
760,45,7,31,D:\Skripsi\Experiment_TA\data\raw\RGB2\S45\AC7\RGB2_SUB45ACT7F31.jpg,1,1,0.9052963256835938
761,45,7,61,D:\Skripsi\Experiment_TA\data\raw\RGB2\S45\AC7\RGB2_SUB45ACT7F61.jpg,1,1,0.7127996683120728
762,45,7,91,D:\Skripsi\Experiment_TA\data\raw\RGB2\S45\AC7\RGB2_SUB45ACT7F91.jpg,1,1,0.7338887453079224
763,45,8,1,D:\Skripsi\Experiment_TA\data\raw\RGB2\S45\AC8\RGB2_SUB45ACT8F1.jpg,1,1,0.7227658033370972
764,45,8,121,D:\Skripsi\Experiment_TA\data\raw\RGB2\S45\AC8\RGB2_SUB45ACT8F121.jpg,1,1,0.7141550183296204
765,45,8,151,D:\Skripsi\Experiment_TA\data\raw\RGB2\S45\AC8\RGB2_SUB45ACT8F151.jpg,1,1,0.7178018689155579
766,45,8,181,D:\Skripsi\Experiment_TA\data\raw\RGB2\S45\AC8\RGB2_SUB45ACT8F181.jpg,1,1,0.6527828574180603
767,45,8,211,D:\Skripsi\Experiment_TA\data\raw\RGB2\S45\AC8\RGB2_SUB45ACT8F211.jpg,1,1,0.7002183198928833
768,45,8,31,D:\Skripsi\Experiment_TA\data\raw\RGB2\S45\AC8\RGB2_SUB45ACT8F31.jpg,1,1,0.6979243159294128
769,45,8,61,D:\Skripsi\Experiment_TA\data\raw\RGB2\S45\AC8\RGB2_SUB45ACT8F61.jpg,1,1,0.7521438598632812
770,45,8,91,D:\Skripsi\Experiment_TA\data\raw\RGB2\S45\AC8\RGB2_SUB45ACT8F91.jpg,1,1,0.6731791496276855
771,45,9,1,D:\Skripsi\Experiment_TA\data\raw\RGB2\S45\AC9\RGB2_SUB45ACT9F1.jpg,1,1,0.7782735824584961
772,45,9,121,D:\Skripsi\Experiment_TA\data\raw\RGB2\S45\AC9\RGB2_SUB45ACT9F121.jpg,1,1,0.5508363842964172
773,45,9,151,D:\Skripsi\Experiment_TA\data\raw\RGB2\S45\AC9\RGB2_SUB45ACT9F151.jpg,1,1,0.8840692639350891
774,45,9,181,D:\Skripsi\Experiment_TA\data\raw\RGB2\S45\AC9\RGB2_SUB45ACT9F181.jpg,1,1,0.8516629934310913
775,45,9,211,D:\Skripsi\Experiment_TA\data\raw\RGB2\S45\AC9\RGB2_SUB45ACT9F211.jpg,1,1,0.739054799079895
776,45,9,31,D:\Skripsi\Experiment_TA\data\raw\RGB2\S45\AC9\RGB2_SUB45ACT9F31.jpg,1,1,0.7773010730743408
777,45,9,61,D:\Skripsi\Experiment_TA\data\raw\RGB2\S45\AC9\RGB2_SUB45ACT9F61.jpg,1,1,0.5987518429756165
778,45,9,91,D:\Skripsi\Experiment_TA\data\raw\RGB2\S45\AC9\RGB2_SUB45ACT9F91.jpg,1,1,0.6363529562950134
779,46,1,1,D:\Skripsi\Experiment_TA\data\raw\RGB2\S46\AC1\RGB2_SUB46ACT1F1.jpg,0,0,0.49978601932525635
780,46,1,121,D:\Skripsi\Experiment_TA\data\raw\RGB2\S46\AC1\RGB2_SUB46ACT1F121.jpg,0,1,0.5426393747329712
781,46,1,151,D:\Skripsi\Experiment_TA\data\raw\RGB2\S46\AC1\RGB2_SUB46ACT1F151.jpg,0,1,0.5953267216682434
782,46,1,181,D:\Skripsi\Experiment_TA\data\raw\RGB2\S46\AC1\RGB2_SUB46ACT1F181.jpg,0,0,0.30072471499443054
783,46,1,211,D:\Skripsi\Experiment_TA\data\raw\RGB2\S46\AC1\RGB2_SUB46ACT1F211.jpg,0,1,0.6832029819488525
784,46,1,241,D:\Skripsi\Experiment_TA\data\raw\RGB2\S46\AC1\RGB2_SUB46ACT1F241.jpg,0,1,0.6680300235748291
785,46,1,31,D:\Skripsi\Experiment_TA\data\raw\RGB2\S46\AC1\RGB2_SUB46ACT1F31.jpg,0,0,0.4462246000766754
786,46,1,61,D:\Skripsi\Experiment_TA\data\raw\RGB2\S46\AC1\RGB2_SUB46ACT1F61.jpg,0,1,0.5996251106262207
787,46,1,91,D:\Skripsi\Experiment_TA\data\raw\RGB2\S46\AC1\RGB2_SUB46ACT1F91.jpg,0,0,0.3978956937789917
788,46,5,1,D:\Skripsi\Experiment_TA\data\raw\RGB2\S46\AC5\RGB2_SUB46ACT5F1.jpg,1,1,0.8762826323509216
789,46,5,121,D:\Skripsi\Experiment_TA\data\raw\RGB2\S46\AC5\RGB2_SUB46ACT5F121.jpg,1,1,0.525935709476471
790,46,5,31,D:\Skripsi\Experiment_TA\data\raw\RGB2\S46\AC5\RGB2_SUB46ACT5F31.jpg,1,1,0.7527120113372803
791,46,5,61,D:\Skripsi\Experiment_TA\data\raw\RGB2\S46\AC5\RGB2_SUB46ACT5F61.jpg,1,1,0.5443714261054993
792,46,5,91,D:\Skripsi\Experiment_TA\data\raw\RGB2\S46\AC5\RGB2_SUB46ACT5F91.jpg,1,1,0.7017815709114075
793,46,6,1,D:\Skripsi\Experiment_TA\data\raw\RGB2\S46\AC6\RGB2_SUB46ACT6F1.jpg,1,1,0.9591359496116638
794,46,6,121,D:\Skripsi\Experiment_TA\data\raw\RGB2\S46\AC6\RGB2_SUB46ACT6F121.jpg,1,1,0.7325867414474487
795,46,6,31,D:\Skripsi\Experiment_TA\data\raw\RGB2\S46\AC6\RGB2_SUB46ACT6F31.jpg,1,1,0.7198277711868286
796,46,6,61,D:\Skripsi\Experiment_TA\data\raw\RGB2\S46\AC6\RGB2_SUB46ACT6F61.jpg,1,1,0.7242282629013062
797,46,6,91,D:\Skripsi\Experiment_TA\data\raw\RGB2\S46\AC6\RGB2_SUB46ACT6F91.jpg,1,1,0.6185622811317444
798,46,7,1,D:\Skripsi\Experiment_TA\data\raw\RGB2\S46\AC7\RGB2_SUB46ACT7F1.jpg,1,1,0.6516389846801758
799,46,7,121,D:\Skripsi\Experiment_TA\data\raw\RGB2\S46\AC7\RGB2_SUB46ACT7F121.jpg,1,1,0.6579517126083374
800,46,7,31,D:\Skripsi\Experiment_TA\data\raw\RGB2\S46\AC7\RGB2_SUB46ACT7F31.jpg,1,1,0.6905000805854797
801,46,7,61,D:\Skripsi\Experiment_TA\data\raw\RGB2\S46\AC7\RGB2_SUB46ACT7F61.jpg,1,1,0.844105064868927
802,46,7,91,D:\Skripsi\Experiment_TA\data\raw\RGB2\S46\AC7\RGB2_SUB46ACT7F91.jpg,1,1,0.8529137372970581
803,46,8,1,D:\Skripsi\Experiment_TA\data\raw\RGB2\S46\AC8\RGB2_SUB46ACT8F1.jpg,1,1,0.8682388067245483
804,46,8,121,D:\Skripsi\Experiment_TA\data\raw\RGB2\S46\AC8\RGB2_SUB46ACT8F121.jpg,1,1,0.6984479427337646
805,46,8,151,D:\Skripsi\Experiment_TA\data\raw\RGB2\S46\AC8\RGB2_SUB46ACT8F151.jpg,1,1,0.6610811948776245
806,46,8,31,D:\Skripsi\Experiment_TA\data\raw\RGB2\S46\AC8\RGB2_SUB46ACT8F31.jpg,1,1,0.5572265386581421
807,46,8,61,D:\Skripsi\Experiment_TA\data\raw\RGB2\S46\AC8\RGB2_SUB46ACT8F61.jpg,1,1,0.6507736444473267
808,46,8,91,D:\Skripsi\Experiment_TA\data\raw\RGB2\S46\AC8\RGB2_SUB46ACT8F91.jpg,1,1,0.5794568657875061
809,46,9,1,D:\Skripsi\Experiment_TA\data\raw\RGB2\S46\AC9\RGB2_SUB46ACT9F1.jpg,1,1,0.8712347745895386
810,46,9,31,D:\Skripsi\Experiment_TA\data\raw\RGB2\S46\AC9\RGB2_SUB46ACT9F31.jpg,1,1,0.632377028465271
811,46,9,61,D:\Skripsi\Experiment_TA\data\raw\RGB2\S46\AC9\RGB2_SUB46ACT9F61.jpg,1,1,0.6165872812271118
812,47,1,1,D:\Skripsi\Experiment_TA\data\raw\RGB2\S47\AC1\RGB2_SUB47ACT1F1.jpg,0,0,0.2537976801395416
813,47,1,121,D:\Skripsi\Experiment_TA\data\raw\RGB2\S47\AC1\RGB2_SUB47ACT1F121.jpg,0,0,0.48914825916290283
814,47,1,151,D:\Skripsi\Experiment_TA\data\raw\RGB2\S47\AC1\RGB2_SUB47ACT1F151.jpg,0,0,0.3830740451812744
815,47,1,181,D:\Skripsi\Experiment_TA\data\raw\RGB2\S47\AC1\RGB2_SUB47ACT1F181.jpg,0,0,0.47286975383758545
816,47,1,31,D:\Skripsi\Experiment_TA\data\raw\RGB2\S47\AC1\RGB2_SUB47ACT1F31.jpg,0,1,0.6320099234580994
817,47,1,61,D:\Skripsi\Experiment_TA\data\raw\RGB2\S47\AC1\RGB2_SUB47ACT1F61.jpg,0,1,0.6206494569778442
818,47,1,91,D:\Skripsi\Experiment_TA\data\raw\RGB2\S47\AC1\RGB2_SUB47ACT1F91.jpg,0,1,0.691246509552002
819,47,5,1,D:\Skripsi\Experiment_TA\data\raw\RGB2\S47\AC5\RGB2_SUB47ACT5F1.jpg,1,1,0.6115716695785522
820,47,5,31,D:\Skripsi\Experiment_TA\data\raw\RGB2\S47\AC5\RGB2_SUB47ACT5F31.jpg,1,1,0.6537822484970093
821,47,5,61,D:\Skripsi\Experiment_TA\data\raw\RGB2\S47\AC5\RGB2_SUB47ACT5F61.jpg,1,1,0.508981466293335
822,47,5,91,D:\Skripsi\Experiment_TA\data\raw\RGB2\S47\AC5\RGB2_SUB47ACT5F91.jpg,1,1,0.7257269620895386
823,47,6,1,D:\Skripsi\Experiment_TA\data\raw\RGB2\S47\AC6\RGB2_SUB47ACT6F1.jpg,1,1,0.6289540529251099
824,47,6,31,D:\Skripsi\Experiment_TA\data\raw\RGB2\S47\AC6\RGB2_SUB47ACT6F31.jpg,1,1,0.7327702045440674
825,47,6,61,D:\Skripsi\Experiment_TA\data\raw\RGB2\S47\AC6\RGB2_SUB47ACT6F61.jpg,1,1,0.7619866132736206
826,47,6,91,D:\Skripsi\Experiment_TA\data\raw\RGB2\S47\AC6\RGB2_SUB47ACT6F91.jpg,1,1,0.8215567469596863
827,47,7,1,D:\Skripsi\Experiment_TA\data\raw\RGB2\S47\AC7\RGB2_SUB47ACT7F1.jpg,1,1,0.905175507068634
828,47,7,121,D:\Skripsi\Experiment_TA\data\raw\RGB2\S47\AC7\RGB2_SUB47ACT7F121.jpg,1,1,0.7247125506401062
829,47,7,151,D:\Skripsi\Experiment_TA\data\raw\RGB2\S47\AC7\RGB2_SUB47ACT7F151.jpg,1,1,0.844068169593811
830,47,7,31,D:\Skripsi\Experiment_TA\data\raw\RGB2\S47\AC7\RGB2_SUB47ACT7F31.jpg,1,1,0.8348278403282166
831,47,7,61,D:\Skripsi\Experiment_TA\data\raw\RGB2\S47\AC7\RGB2_SUB47ACT7F61.jpg,1,1,0.8642655611038208
832,47,7,91,D:\Skripsi\Experiment_TA\data\raw\RGB2\S47\AC7\RGB2_SUB47ACT7F91.jpg,1,1,0.6781049370765686
833,47,8,1,D:\Skripsi\Experiment_TA\data\raw\RGB2\S47\AC8\RGB2_SUB47ACT8F1.jpg,1,1,0.6350156664848328
834,47,8,121,D:\Skripsi\Experiment_TA\data\raw\RGB2\S47\AC8\RGB2_SUB47ACT8F121.jpg,1,1,0.6674792170524597
835,47,8,151,D:\Skripsi\Experiment_TA\data\raw\RGB2\S47\AC8\RGB2_SUB47ACT8F151.jpg,1,1,0.6095526814460754
836,47,8,31,D:\Skripsi\Experiment_TA\data\raw\RGB2\S47\AC8\RGB2_SUB47ACT8F31.jpg,1,1,0.6581664681434631
837,47,8,61,D:\Skripsi\Experiment_TA\data\raw\RGB2\S47\AC8\RGB2_SUB47ACT8F61.jpg,1,1,0.7172271609306335
838,47,8,91,D:\Skripsi\Experiment_TA\data\raw\RGB2\S47\AC8\RGB2_SUB47ACT8F91.jpg,1,1,0.6498717069625854
839,47,9,1,D:\Skripsi\Experiment_TA\data\raw\RGB2\S47\AC9\RGB2_SUB47ACT9F1.jpg,1,1,0.866659939289093
840,47,9,121,D:\Skripsi\Experiment_TA\data\raw\RGB2\S47\AC9\RGB2_SUB47ACT9F121.jpg,1,1,0.8134733438491821
841,47,9,151,D:\Skripsi\Experiment_TA\data\raw\RGB2\S47\AC9\RGB2_SUB47ACT9F151.jpg,1,1,0.844190776348114
842,47,9,31,D:\Skripsi\Experiment_TA\data\raw\RGB2\S47\AC9\RGB2_SUB47ACT9F31.jpg,1,1,0.5656181573867798
843,47,9,61,D:\Skripsi\Experiment_TA\data\raw\RGB2\S47\AC9\RGB2_SUB47ACT9F61.jpg,1,1,0.6934521794319153
844,47,9,91,D:\Skripsi\Experiment_TA\data\raw\RGB2\S47\AC9\RGB2_SUB47ACT9F91.jpg,1,1,0.6860405206680298
845,48,1,1,D:\Skripsi\Experiment_TA\data\raw\RGB2\S48\AC1\RGB2_SUB48ACT1F1.jpg,0,0,0.44520658254623413
846,48,1,121,D:\Skripsi\Experiment_TA\data\raw\RGB2\S48\AC1\RGB2_SUB48ACT1F121.jpg,0,0,0.44991815090179443
847,48,1,31,D:\Skripsi\Experiment_TA\data\raw\RGB2\S48\AC1\RGB2_SUB48ACT1F31.jpg,0,1,0.644064724445343
848,48,1,61,D:\Skripsi\Experiment_TA\data\raw\RGB2\S48\AC1\RGB2_SUB48ACT1F61.jpg,0,1,0.7906301021575928
849,48,1,91,D:\Skripsi\Experiment_TA\data\raw\RGB2\S48\AC1\RGB2_SUB48ACT1F91.jpg,0,1,0.8689801692962646
850,48,5,1,D:\Skripsi\Experiment_TA\data\raw\RGB2\S48\AC5\RGB2_SUB48ACT5F1.jpg,1,1,0.8104255795478821
851,48,5,121,D:\Skripsi\Experiment_TA\data\raw\RGB2\S48\AC5\RGB2_SUB48ACT5F121.jpg,1,1,0.902386486530304
852,48,5,31,D:\Skripsi\Experiment_TA\data\raw\RGB2\S48\AC5\RGB2_SUB48ACT5F31.jpg,1,1,0.8225170373916626
853,48,5,61,D:\Skripsi\Experiment_TA\data\raw\RGB2\S48\AC5\RGB2_SUB48ACT5F61.jpg,1,1,0.8960390090942383
854,48,5,91,D:\Skripsi\Experiment_TA\data\raw\RGB2\S48\AC5\RGB2_SUB48ACT5F91.jpg,1,1,0.8599460124969482
855,48,6,1,D:\Skripsi\Experiment_TA\data\raw\RGB2\S48\AC6\RGB2_SUB48ACT6F1.jpg,1,1,0.5644747018814087
856,48,6,31,D:\Skripsi\Experiment_TA\data\raw\RGB2\S48\AC6\RGB2_SUB48ACT6F31.jpg,1,1,0.7030712366104126
857,48,6,61,D:\Skripsi\Experiment_TA\data\raw\RGB2\S48\AC6\RGB2_SUB48ACT6F61.jpg,1,1,0.8133854269981384
858,48,6,91,D:\Skripsi\Experiment_TA\data\raw\RGB2\S48\AC6\RGB2_SUB48ACT6F91.jpg,1,1,0.8024204969406128
859,48,7,1,D:\Skripsi\Experiment_TA\data\raw\RGB2\S48\AC7\RGB2_SUB48ACT7F1.jpg,1,1,0.6985494494438171
860,48,7,121,D:\Skripsi\Experiment_TA\data\raw\RGB2\S48\AC7\RGB2_SUB48ACT7F121.jpg,1,1,0.8084278702735901
861,48,7,151,D:\Skripsi\Experiment_TA\data\raw\RGB2\S48\AC7\RGB2_SUB48ACT7F151.jpg,1,1,0.9118212461471558
862,48,7,181,D:\Skripsi\Experiment_TA\data\raw\RGB2\S48\AC7\RGB2_SUB48ACT7F181.jpg,1,1,0.9077382683753967
863,48,7,31,D:\Skripsi\Experiment_TA\data\raw\RGB2\S48\AC7\RGB2_SUB48ACT7F31.jpg,1,1,0.8611723184585571
864,48,7,61,D:\Skripsi\Experiment_TA\data\raw\RGB2\S48\AC7\RGB2_SUB48ACT7F61.jpg,1,1,0.6090269684791565
865,48,7,91,D:\Skripsi\Experiment_TA\data\raw\RGB2\S48\AC7\RGB2_SUB48ACT7F91.jpg,1,1,0.8809593915939331
866,48,8,1,D:\Skripsi\Experiment_TA\data\raw\RGB2\S48\AC8\RGB2_SUB48ACT8F1.jpg,1,1,0.8782258033752441
867,48,8,121,D:\Skripsi\Experiment_TA\data\raw\RGB2\S48\AC8\RGB2_SUB48ACT8F121.jpg,1,1,0.8300133347511292
868,48,8,151,D:\Skripsi\Experiment_TA\data\raw\RGB2\S48\AC8\RGB2_SUB48ACT8F151.jpg,1,1,0.7818898558616638
869,48,8,181,D:\Skripsi\Experiment_TA\data\raw\RGB2\S48\AC8\RGB2_SUB48ACT8F181.jpg,1,1,0.6900612711906433
870,48,8,31,D:\Skripsi\Experiment_TA\data\raw\RGB2\S48\AC8\RGB2_SUB48ACT8F31.jpg,1,1,0.8277051448822021
871,48,8,61,D:\Skripsi\Experiment_TA\data\raw\RGB2\S48\AC8\RGB2_SUB48ACT8F61.jpg,1,1,0.6831190586090088
872,48,8,91,D:\Skripsi\Experiment_TA\data\raw\RGB2\S48\AC8\RGB2_SUB48ACT8F91.jpg,1,1,0.6284269690513611
873,48,9,1,D:\Skripsi\Experiment_TA\data\raw\RGB2\S48\AC9\RGB2_SUB48ACT9F1.jpg,1,1,0.9719618558883667
874,48,9,121,D:\Skripsi\Experiment_TA\data\raw\RGB2\S48\AC9\RGB2_SUB48ACT9F121.jpg,1,1,0.8622943162918091
875,48,9,151,D:\Skripsi\Experiment_TA\data\raw\RGB2\S48\AC9\RGB2_SUB48ACT9F151.jpg,1,1,0.834173321723938
876,48,9,31,D:\Skripsi\Experiment_TA\data\raw\RGB2\S48\AC9\RGB2_SUB48ACT9F31.jpg,1,1,0.9738894104957581
877,48,9,61,D:\Skripsi\Experiment_TA\data\raw\RGB2\S48\AC9\RGB2_SUB48ACT9F61.jpg,1,1,0.9536539316177368
878,48,9,91,D:\Skripsi\Experiment_TA\data\raw\RGB2\S48\AC9\RGB2_SUB48ACT9F91.jpg,1,1,0.9909447431564331
879,49,1,1,D:\Skripsi\Experiment_TA\data\raw\RGB2\S49\AC1\RGB2_SUB49ACT1F1.jpg,0,1,0.6718515157699585
880,49,1,121,D:\Skripsi\Experiment_TA\data\raw\RGB2\S49\AC1\RGB2_SUB49ACT1F121.jpg,0,1,0.5694697499275208
881,49,1,151,D:\Skripsi\Experiment_TA\data\raw\RGB2\S49\AC1\RGB2_SUB49ACT1F151.jpg,0,1,0.6128665804862976
882,49,1,31,D:\Skripsi\Experiment_TA\data\raw\RGB2\S49\AC1\RGB2_SUB49ACT1F31.jpg,0,1,0.7457385063171387
883,49,1,61,D:\Skripsi\Experiment_TA\data\raw\RGB2\S49\AC1\RGB2_SUB49ACT1F61.jpg,0,1,0.6344728469848633
884,49,1,91,D:\Skripsi\Experiment_TA\data\raw\RGB2\S49\AC1\RGB2_SUB49ACT1F91.jpg,0,1,0.5997891426086426
885,49,5,1,D:\Skripsi\Experiment_TA\data\raw\RGB2\S49\AC5\RGB2_SUB49ACT5F1.jpg,1,1,0.7493299841880798
886,49,5,121,D:\Skripsi\Experiment_TA\data\raw\RGB2\S49\AC5\RGB2_SUB49ACT5F121.jpg,1,1,0.6465550065040588
887,49,5,151,D:\Skripsi\Experiment_TA\data\raw\RGB2\S49\AC5\RGB2_SUB49ACT5F151.jpg,1,1,0.7071913480758667
888,49,5,31,D:\Skripsi\Experiment_TA\data\raw\RGB2\S49\AC5\RGB2_SUB49ACT5F31.jpg,1,1,0.7466365098953247
889,49,5,61,D:\Skripsi\Experiment_TA\data\raw\RGB2\S49\AC5\RGB2_SUB49ACT5F61.jpg,1,1,0.8540433645248413
890,49,5,91,D:\Skripsi\Experiment_TA\data\raw\RGB2\S49\AC5\RGB2_SUB49ACT5F91.jpg,1,1,0.7846038937568665
891,49,6,1,D:\Skripsi\Experiment_TA\data\raw\RGB2\S49\AC6\RGB2_SUB49ACT6F1.jpg,1,0,0.4663280248641968
892,49,6,121,D:\Skripsi\Experiment_TA\data\raw\RGB2\S49\AC6\RGB2_SUB49ACT6F121.jpg,1,1,0.5636852383613586
893,49,6,151,D:\Skripsi\Experiment_TA\data\raw\RGB2\S49\AC6\RGB2_SUB49ACT6F151.jpg,1,1,0.8676693439483643
894,49,6,181,D:\Skripsi\Experiment_TA\data\raw\RGB2\S49\AC6\RGB2_SUB49ACT6F181.jpg,1,1,0.7484405636787415
895,49,6,31,D:\Skripsi\Experiment_TA\data\raw\RGB2\S49\AC6\RGB2_SUB49ACT6F31.jpg,1,1,0.6501920819282532
896,49,6,61,D:\Skripsi\Experiment_TA\data\raw\RGB2\S49\AC6\RGB2_SUB49ACT6F61.jpg,1,1,0.6270840167999268
897,49,6,91,D:\Skripsi\Experiment_TA\data\raw\RGB2\S49\AC6\RGB2_SUB49ACT6F91.jpg,1,1,0.7185976505279541
898,49,7,1,D:\Skripsi\Experiment_TA\data\raw\RGB2\S49\AC7\RGB2_SUB49ACT7F1.jpg,1,1,0.7235639691352844
899,49,7,121,D:\Skripsi\Experiment_TA\data\raw\RGB2\S49\AC7\RGB2_SUB49ACT7F121.jpg,1,1,0.8740049600601196
900,49,7,31,D:\Skripsi\Experiment_TA\data\raw\RGB2\S49\AC7\RGB2_SUB49ACT7F31.jpg,1,1,0.8895094394683838
901,49,7,61,D:\Skripsi\Experiment_TA\data\raw\RGB2\S49\AC7\RGB2_SUB49ACT7F61.jpg,1,1,0.9334369897842407
902,49,7,91,D:\Skripsi\Experiment_TA\data\raw\RGB2\S49\AC7\RGB2_SUB49ACT7F91.jpg,1,1,0.8921201229095459
903,49,8,1,D:\Skripsi\Experiment_TA\data\raw\RGB2\S49\AC8\RGB2_SUB49ACT8F1.jpg,1,1,0.7415955066680908
904,49,8,121,D:\Skripsi\Experiment_TA\data\raw\RGB2\S49\AC8\RGB2_SUB49ACT8F121.jpg,1,1,0.6874863505363464
905,49,8,151,D:\Skripsi\Experiment_TA\data\raw\RGB2\S49\AC8\RGB2_SUB49ACT8F151.jpg,1,1,0.927139937877655
906,49,8,181,D:\Skripsi\Experiment_TA\data\raw\RGB2\S49\AC8\RGB2_SUB49ACT8F181.jpg,1,1,0.7298616766929626
907,49,8,211,D:\Skripsi\Experiment_TA\data\raw\RGB2\S49\AC8\RGB2_SUB49ACT8F211.jpg,1,1,0.5535155534744263
908,49,8,31,D:\Skripsi\Experiment_TA\data\raw\RGB2\S49\AC8\RGB2_SUB49ACT8F31.jpg,1,1,0.7433183193206787
909,49,8,61,D:\Skripsi\Experiment_TA\data\raw\RGB2\S49\AC8\RGB2_SUB49ACT8F61.jpg,1,1,0.8074767589569092
910,49,8,91,D:\Skripsi\Experiment_TA\data\raw\RGB2\S49\AC8\RGB2_SUB49ACT8F91.jpg,1,1,0.7627177834510803
911,49,9,1,D:\Skripsi\Experiment_TA\data\raw\RGB2\S49\AC9\RGB2_SUB49ACT9F1.jpg,1,1,0.85215163230896
912,49,9,121,D:\Skripsi\Experiment_TA\data\raw\RGB2\S49\AC9\RGB2_SUB49ACT9F121.jpg,1,1,0.8685211539268494
913,49,9,151,D:\Skripsi\Experiment_TA\data\raw\RGB2\S49\AC9\RGB2_SUB49ACT9F151.jpg,1,1,0.909989595413208
914,49,9,181,D:\Skripsi\Experiment_TA\data\raw\RGB2\S49\AC9\RGB2_SUB49ACT9F181.jpg,1,1,0.8832454681396484
915,49,9,31,D:\Skripsi\Experiment_TA\data\raw\RGB2\S49\AC9\RGB2_SUB49ACT9F31.jpg,1,1,0.8085470795631409
916,49,9,61,D:\Skripsi\Experiment_TA\data\raw\RGB2\S49\AC9\RGB2_SUB49ACT9F61.jpg,1,1,0.6899904012680054
917,49,9,91,D:\Skripsi\Experiment_TA\data\raw\RGB2\S49\AC9\RGB2_SUB49ACT9F91.jpg,1,1,0.8255537748336792
918,5,1,1,D:\Skripsi\Experiment_TA\data\raw\RGB2\S5\AC1\RGB2_SUB5ACT1F1.jpg,0,0,0.21599122881889343
919,5,1,121,D:\Skripsi\Experiment_TA\data\raw\RGB2\S5\AC1\RGB2_SUB5ACT1F121.jpg,0,0,0.3173557221889496
920,5,1,31,D:\Skripsi\Experiment_TA\data\raw\RGB2\S5\AC1\RGB2_SUB5ACT1F31.jpg,0,0,0.3509129583835602
921,5,1,61,D:\Skripsi\Experiment_TA\data\raw\RGB2\S5\AC1\RGB2_SUB5ACT1F61.jpg,0,1,0.6996898651123047
922,5,1,91,D:\Skripsi\Experiment_TA\data\raw\RGB2\S5\AC1\RGB2_SUB5ACT1F91.jpg,0,0,0.4632501006126404
923,5,5,1,D:\Skripsi\Experiment_TA\data\raw\RGB2\S5\AC5\RGB2_SUB5ACT5F1.jpg,1,0,0.40990617871284485
924,5,5,121,D:\Skripsi\Experiment_TA\data\raw\RGB2\S5\AC5\RGB2_SUB5ACT5F121.jpg,1,1,0.8396148681640625
925,5,5,31,D:\Skripsi\Experiment_TA\data\raw\RGB2\S5\AC5\RGB2_SUB5ACT5F31.jpg,1,1,0.8026047945022583
926,5,5,61,D:\Skripsi\Experiment_TA\data\raw\RGB2\S5\AC5\RGB2_SUB5ACT5F61.jpg,1,1,0.6228274703025818
927,5,5,91,D:\Skripsi\Experiment_TA\data\raw\RGB2\S5\AC5\RGB2_SUB5ACT5F91.jpg,1,1,0.8316853642463684
928,5,6,1,D:\Skripsi\Experiment_TA\data\raw\RGB2\S5\AC6\RGB2_SUB5ACT6F1.jpg,1,1,0.8478108644485474
929,5,6,121,D:\Skripsi\Experiment_TA\data\raw\RGB2\S5\AC6\RGB2_SUB5ACT6F121.jpg,1,1,0.7679643034934998
930,5,6,31,D:\Skripsi\Experiment_TA\data\raw\RGB2\S5\AC6\RGB2_SUB5ACT6F31.jpg,1,1,0.8146111369132996
931,5,6,61,D:\Skripsi\Experiment_TA\data\raw\RGB2\S5\AC6\RGB2_SUB5ACT6F61.jpg,1,1,0.5813283324241638
932,5,6,91,D:\Skripsi\Experiment_TA\data\raw\RGB2\S5\AC6\RGB2_SUB5ACT6F91.jpg,1,1,0.7054615616798401
933,5,7,1,D:\Skripsi\Experiment_TA\data\raw\RGB2\S5\AC7\RGB2_SUB5ACT7F1.jpg,1,1,0.6797701120376587
934,5,7,121,D:\Skripsi\Experiment_TA\data\raw\RGB2\S5\AC7\RGB2_SUB5ACT7F121.jpg,1,1,0.9164848923683167
935,5,7,151,D:\Skripsi\Experiment_TA\data\raw\RGB2\S5\AC7\RGB2_SUB5ACT7F151.jpg,1,1,0.9523202180862427
936,5,7,31,D:\Skripsi\Experiment_TA\data\raw\RGB2\S5\AC7\RGB2_SUB5ACT7F31.jpg,1,1,0.9442386031150818
937,5,7,61,D:\Skripsi\Experiment_TA\data\raw\RGB2\S5\AC7\RGB2_SUB5ACT7F61.jpg,1,1,0.9179955720901489
938,5,7,91,D:\Skripsi\Experiment_TA\data\raw\RGB2\S5\AC7\RGB2_SUB5ACT7F91.jpg,1,1,0.7698085904121399
939,5,8,1,D:\Skripsi\Experiment_TA\data\raw\RGB2\S5\AC8\RGB2_SUB5ACT8F1.jpg,1,0,0.40548190474510193
940,5,8,121,D:\Skripsi\Experiment_TA\data\raw\RGB2\S5\AC8\RGB2_SUB5ACT8F121.jpg,1,0,0.4875224828720093
941,5,8,151,D:\Skripsi\Experiment_TA\data\raw\RGB2\S5\AC8\RGB2_SUB5ACT8F151.jpg,1,1,0.5507500767707825
942,5,8,31,D:\Skripsi\Experiment_TA\data\raw\RGB2\S5\AC8\RGB2_SUB5ACT8F31.jpg,1,1,0.6130161881446838
943,5,8,61,D:\Skripsi\Experiment_TA\data\raw\RGB2\S5\AC8\RGB2_SUB5ACT8F61.jpg,1,1,0.7673417329788208
944,5,8,91,D:\Skripsi\Experiment_TA\data\raw\RGB2\S5\AC8\RGB2_SUB5ACT8F91.jpg,1,1,0.7773503065109253
945,5,9,1,D:\Skripsi\Experiment_TA\data\raw\RGB2\S5\AC9\RGB2_SUB5ACT9F1.jpg,1,1,0.6020375490188599
946,5,9,121,D:\Skripsi\Experiment_TA\data\raw\RGB2\S5\AC9\RGB2_SUB5ACT9F121.jpg,1,1,0.7905791997909546
947,5,9,151,D:\Skripsi\Experiment_TA\data\raw\RGB2\S5\AC9\RGB2_SUB5ACT9F151.jpg,1,1,0.634016752243042
948,5,9,31,D:\Skripsi\Experiment_TA\data\raw\RGB2\S5\AC9\RGB2_SUB5ACT9F31.jpg,1,1,0.7155676484107971
949,5,9,61,D:\Skripsi\Experiment_TA\data\raw\RGB2\S5\AC9\RGB2_SUB5ACT9F61.jpg,1,1,0.5725982189178467
950,5,9,91,D:\Skripsi\Experiment_TA\data\raw\RGB2\S5\AC9\RGB2_SUB5ACT9F91.jpg,1,1,0.8266842365264893
951,50,1,1,D:\Skripsi\Experiment_TA\data\raw\RGB2\S50\AC1\RGB2_SUB50ACT1F1.jpg,0,1,0.7805818319320679
952,50,1,31,D:\Skripsi\Experiment_TA\data\raw\RGB2\S50\AC1\RGB2_SUB50ACT1F31.jpg,0,1,0.713783323764801
953,50,1,61,D:\Skripsi\Experiment_TA\data\raw\RGB2\S50\AC1\RGB2_SUB50ACT1F61.jpg,0,1,0.5908291935920715
954,50,1,91,D:\Skripsi\Experiment_TA\data\raw\RGB2\S50\AC1\RGB2_SUB50ACT1F91.jpg,0,1,0.5918156504631042
955,50,5,1,D:\Skripsi\Experiment_TA\data\raw\RGB2\S50\AC5\RGB2_SUB50ACT5F1.jpg,1,1,0.8524674773216248
956,50,5,121,D:\Skripsi\Experiment_TA\data\raw\RGB2\S50\AC5\RGB2_SUB50ACT5F121.jpg,1,1,0.7755330204963684
957,50,5,31,D:\Skripsi\Experiment_TA\data\raw\RGB2\S50\AC5\RGB2_SUB50ACT5F31.jpg,1,1,0.8674196600914001
958,50,5,61,D:\Skripsi\Experiment_TA\data\raw\RGB2\S50\AC5\RGB2_SUB50ACT5F61.jpg,1,1,0.6766464710235596
959,50,5,91,D:\Skripsi\Experiment_TA\data\raw\RGB2\S50\AC5\RGB2_SUB50ACT5F91.jpg,1,1,0.6351687908172607
960,50,6,1,D:\Skripsi\Experiment_TA\data\raw\RGB2\S50\AC6\RGB2_SUB50ACT6F1.jpg,1,1,0.8202227354049683
961,50,6,121,D:\Skripsi\Experiment_TA\data\raw\RGB2\S50\AC6\RGB2_SUB50ACT6F121.jpg,1,1,0.8738338947296143
962,50,6,31,D:\Skripsi\Experiment_TA\data\raw\RGB2\S50\AC6\RGB2_SUB50ACT6F31.jpg,1,1,0.6097354888916016
963,50,6,61,D:\Skripsi\Experiment_TA\data\raw\RGB2\S50\AC6\RGB2_SUB50ACT6F61.jpg,1,1,0.7164230942726135
964,50,6,91,D:\Skripsi\Experiment_TA\data\raw\RGB2\S50\AC6\RGB2_SUB50ACT6F91.jpg,1,0,0.41654860973358154
965,50,7,1,D:\Skripsi\Experiment_TA\data\raw\RGB2\S50\AC7\RGB2_SUB50ACT7F1.jpg,1,1,0.7863174676895142
966,50,7,121,D:\Skripsi\Experiment_TA\data\raw\RGB2\S50\AC7\RGB2_SUB50ACT7F121.jpg,1,1,0.8785966634750366
967,50,7,31,D:\Skripsi\Experiment_TA\data\raw\RGB2\S50\AC7\RGB2_SUB50ACT7F31.jpg,1,1,0.8640244603157043
968,50,7,61,D:\Skripsi\Experiment_TA\data\raw\RGB2\S50\AC7\RGB2_SUB50ACT7F61.jpg,1,1,0.8479535579681396
969,50,7,91,D:\Skripsi\Experiment_TA\data\raw\RGB2\S50\AC7\RGB2_SUB50ACT7F91.jpg,1,1,0.8697730302810669
970,50,8,1,D:\Skripsi\Experiment_TA\data\raw\RGB2\S50\AC8\RGB2_SUB50ACT8F1.jpg,1,1,0.8316391706466675
971,50,8,121,D:\Skripsi\Experiment_TA\data\raw\RGB2\S50\AC8\RGB2_SUB50ACT8F121.jpg,1,1,0.7707744240760803
972,50,8,151,D:\Skripsi\Experiment_TA\data\raw\RGB2\S50\AC8\RGB2_SUB50ACT8F151.jpg,1,1,0.8657186627388
973,50,8,181,D:\Skripsi\Experiment_TA\data\raw\RGB2\S50\AC8\RGB2_SUB50ACT8F181.jpg,1,1,0.8851292729377747
974,50,8,211,D:\Skripsi\Experiment_TA\data\raw\RGB2\S50\AC8\RGB2_SUB50ACT8F211.jpg,1,1,0.8466297388076782
975,50,8,31,D:\Skripsi\Experiment_TA\data\raw\RGB2\S50\AC8\RGB2_SUB50ACT8F31.jpg,1,1,0.6461228728294373
976,50,8,61,D:\Skripsi\Experiment_TA\data\raw\RGB2\S50\AC8\RGB2_SUB50ACT8F61.jpg,1,1,0.9155704975128174
977,50,8,91,D:\Skripsi\Experiment_TA\data\raw\RGB2\S50\AC8\RGB2_SUB50ACT8F91.jpg,1,1,0.8834000825881958
978,50,9,1,D:\Skripsi\Experiment_TA\data\raw\RGB2\S50\AC9\RGB2_SUB50ACT9F1.jpg,1,1,0.767020583152771
979,50,9,121,D:\Skripsi\Experiment_TA\data\raw\RGB2\S50\AC9\RGB2_SUB50ACT9F121.jpg,1,1,0.6522213220596313
980,50,9,151,D:\Skripsi\Experiment_TA\data\raw\RGB2\S50\AC9\RGB2_SUB50ACT9F151.jpg,1,1,0.6640053391456604
981,50,9,181,D:\Skripsi\Experiment_TA\data\raw\RGB2\S50\AC9\RGB2_SUB50ACT9F181.jpg,1,1,0.5798540115356445
982,50,9,31,D:\Skripsi\Experiment_TA\data\raw\RGB2\S50\AC9\RGB2_SUB50ACT9F31.jpg,1,1,0.8103345632553101
983,50,9,61,D:\Skripsi\Experiment_TA\data\raw\RGB2\S50\AC9\RGB2_SUB50ACT9F61.jpg,1,1,0.8973923921585083
984,50,9,91,D:\Skripsi\Experiment_TA\data\raw\RGB2\S50\AC9\RGB2_SUB50ACT9F91.jpg,1,1,0.8788071274757385
985,6,1,1,D:\Skripsi\Experiment_TA\data\raw\RGB2\S6\AC1\RGB2_SUB6ACT1F1.jpg,0,0,0.28084272146224976
986,6,1,121,D:\Skripsi\Experiment_TA\data\raw\RGB2\S6\AC1\RGB2_SUB6ACT1F121.jpg,0,0,0.36693087220191956
987,6,1,31,D:\Skripsi\Experiment_TA\data\raw\RGB2\S6\AC1\RGB2_SUB6ACT1F31.jpg,0,0,0.40467846393585205
988,6,1,61,D:\Skripsi\Experiment_TA\data\raw\RGB2\S6\AC1\RGB2_SUB6ACT1F61.jpg,0,0,0.3441656529903412
989,6,1,91,D:\Skripsi\Experiment_TA\data\raw\RGB2\S6\AC1\RGB2_SUB6ACT1F91.jpg,0,0,0.2570309638977051
990,6,5,1,D:\Skripsi\Experiment_TA\data\raw\RGB2\S6\AC5\RGB2_SUB6ACT5F1.jpg,1,1,0.9206286668777466
991,6,5,121,D:\Skripsi\Experiment_TA\data\raw\RGB2\S6\AC5\RGB2_SUB6ACT5F121.jpg,1,1,0.8211578130722046
992,6,5,31,D:\Skripsi\Experiment_TA\data\raw\RGB2\S6\AC5\RGB2_SUB6ACT5F31.jpg,1,1,0.9690685272216797
993,6,5,61,D:\Skripsi\Experiment_TA\data\raw\RGB2\S6\AC5\RGB2_SUB6ACT5F61.jpg,1,1,0.9518771767616272
994,6,5,91,D:\Skripsi\Experiment_TA\data\raw\RGB2\S6\AC5\RGB2_SUB6ACT5F91.jpg,1,1,0.8814849853515625
995,6,6,1,D:\Skripsi\Experiment_TA\data\raw\RGB2\S6\AC6\RGB2_SUB6ACT6F1.jpg,1,1,0.9602465033531189
996,6,6,121,D:\Skripsi\Experiment_TA\data\raw\RGB2\S6\AC6\RGB2_SUB6ACT6F121.jpg,1,1,0.9127246737480164
997,6,6,151,D:\Skripsi\Experiment_TA\data\raw\RGB2\S6\AC6\RGB2_SUB6ACT6F151.jpg,1,1,0.9397556781768799
998,6,6,31,D:\Skripsi\Experiment_TA\data\raw\RGB2\S6\AC6\RGB2_SUB6ACT6F31.jpg,1,1,0.948456346988678
999,6,6,61,D:\Skripsi\Experiment_TA\data\raw\RGB2\S6\AC6\RGB2_SUB6ACT6F61.jpg,1,1,0.9145435094833374
1000,6,6,91,D:\Skripsi\Experiment_TA\data\raw\RGB2\S6\AC6\RGB2_SUB6ACT6F91.jpg,1,1,0.9338611960411072
1001,6,7,1,D:\Skripsi\Experiment_TA\data\raw\RGB2\S6\AC7\RGB2_SUB6ACT7F1.jpg,1,1,0.5423739552497864
1002,6,7,121,D:\Skripsi\Experiment_TA\data\raw\RGB2\S6\AC7\RGB2_SUB6ACT7F121.jpg,1,1,0.9425248503684998
1003,6,7,31,D:\Skripsi\Experiment_TA\data\raw\RGB2\S6\AC7\RGB2_SUB6ACT7F31.jpg,1,1,0.9582521319389343
1004,6,7,61,D:\Skripsi\Experiment_TA\data\raw\RGB2\S6\AC7\RGB2_SUB6ACT7F61.jpg,1,1,0.9800124764442444
1005,6,7,91,D:\Skripsi\Experiment_TA\data\raw\RGB2\S6\AC7\RGB2_SUB6ACT7F91.jpg,1,1,0.8245129585266113
1006,6,8,1,D:\Skripsi\Experiment_TA\data\raw\RGB2\S6\AC8\RGB2_SUB6ACT8F1.jpg,1,1,0.8007082343101501
1007,6,8,121,D:\Skripsi\Experiment_TA\data\raw\RGB2\S6\AC8\RGB2_SUB6ACT8F121.jpg,1,1,0.9917591214179993
1008,6,8,151,D:\Skripsi\Experiment_TA\data\raw\RGB2\S6\AC8\RGB2_SUB6ACT8F151.jpg,1,1,0.9915350675582886
1009,6,8,31,D:\Skripsi\Experiment_TA\data\raw\RGB2\S6\AC8\RGB2_SUB6ACT8F31.jpg,1,1,0.5301756262779236
1010,6,8,61,D:\Skripsi\Experiment_TA\data\raw\RGB2\S6\AC8\RGB2_SUB6ACT8F61.jpg,1,0,0.4071771204471588
1011,6,8,91,D:\Skripsi\Experiment_TA\data\raw\RGB2\S6\AC8\RGB2_SUB6ACT8F91.jpg,1,0,0.4874107837677002
1012,6,9,1,D:\Skripsi\Experiment_TA\data\raw\RGB2\S6\AC9\RGB2_SUB6ACT9F1.jpg,1,1,0.9336325526237488
1013,6,9,121,D:\Skripsi\Experiment_TA\data\raw\RGB2\S6\AC9\RGB2_SUB6ACT9F121.jpg,1,1,0.9282103180885315
1014,6,9,151,D:\Skripsi\Experiment_TA\data\raw\RGB2\S6\AC9\RGB2_SUB6ACT9F151.jpg,1,1,0.9311501383781433
1015,6,9,31,D:\Skripsi\Experiment_TA\data\raw\RGB2\S6\AC9\RGB2_SUB6ACT9F31.jpg,1,1,0.9693836569786072
1016,6,9,61,D:\Skripsi\Experiment_TA\data\raw\RGB2\S6\AC9\RGB2_SUB6ACT9F61.jpg,1,1,0.9037230014801025
1017,6,9,91,D:\Skripsi\Experiment_TA\data\raw\RGB2\S6\AC9\RGB2_SUB6ACT9F91.jpg,1,1,0.8529541492462158
1018,7,1,1,D:\Skripsi\Experiment_TA\data\raw\RGB2\S7\AC1\RGB2_SUB7ACT1F1.jpg,0,0,0.14859962463378906
1019,7,1,121,D:\Skripsi\Experiment_TA\data\raw\RGB2\S7\AC1\RGB2_SUB7ACT1F121.jpg,0,0,0.15152360498905182
1020,7,1,31,D:\Skripsi\Experiment_TA\data\raw\RGB2\S7\AC1\RGB2_SUB7ACT1F31.jpg,0,0,0.12810268998146057
1021,7,1,61,D:\Skripsi\Experiment_TA\data\raw\RGB2\S7\AC1\RGB2_SUB7ACT1F61.jpg,0,0,0.21803312003612518
1022,7,1,91,D:\Skripsi\Experiment_TA\data\raw\RGB2\S7\AC1\RGB2_SUB7ACT1F91.jpg,0,0,0.2718145549297333
1023,7,5,1,D:\Skripsi\Experiment_TA\data\raw\RGB2\S7\AC5\RGB2_SUB7ACT5F1.jpg,1,0,0.24292458593845367
1024,7,5,121,D:\Skripsi\Experiment_TA\data\raw\RGB2\S7\AC5\RGB2_SUB7ACT5F121.jpg,1,1,0.7215592265129089
1025,7,5,31,D:\Skripsi\Experiment_TA\data\raw\RGB2\S7\AC5\RGB2_SUB7ACT5F31.jpg,1,1,0.6952065229415894
1026,7,5,61,D:\Skripsi\Experiment_TA\data\raw\RGB2\S7\AC5\RGB2_SUB7ACT5F61.jpg,1,1,0.8235031366348267
1027,7,5,91,D:\Skripsi\Experiment_TA\data\raw\RGB2\S7\AC5\RGB2_SUB7ACT5F91.jpg,1,1,0.6148070096969604
1028,7,6,1,D:\Skripsi\Experiment_TA\data\raw\RGB2\S7\AC6\RGB2_SUB7ACT6F1.jpg,1,0,0.49323397874832153
1029,7,6,121,D:\Skripsi\Experiment_TA\data\raw\RGB2\S7\AC6\RGB2_SUB7ACT6F121.jpg,1,0,0.31838953495025635
1030,7,6,31,D:\Skripsi\Experiment_TA\data\raw\RGB2\S7\AC6\RGB2_SUB7ACT6F31.jpg,1,0,0.38615110516548157
1031,7,6,61,D:\Skripsi\Experiment_TA\data\raw\RGB2\S7\AC6\RGB2_SUB7ACT6F61.jpg,1,0,0.453364759683609
1032,7,6,91,D:\Skripsi\Experiment_TA\data\raw\RGB2\S7\AC6\RGB2_SUB7ACT6F91.jpg,1,0,0.33607542514801025
1033,7,7,1,D:\Skripsi\Experiment_TA\data\raw\RGB2\S7\AC7\RGB2_SUB7ACT7F1.jpg,1,0,0.15551480650901794
1034,7,7,121,D:\Skripsi\Experiment_TA\data\raw\RGB2\S7\AC7\RGB2_SUB7ACT7F121.jpg,1,1,0.8035991191864014
1035,7,7,151,D:\Skripsi\Experiment_TA\data\raw\RGB2\S7\AC7\RGB2_SUB7ACT7F151.jpg,1,1,0.8277162909507751
1036,7,7,31,D:\Skripsi\Experiment_TA\data\raw\RGB2\S7\AC7\RGB2_SUB7ACT7F31.jpg,1,1,0.7796118855476379
1037,7,7,61,D:\Skripsi\Experiment_TA\data\raw\RGB2\S7\AC7\RGB2_SUB7ACT7F61.jpg,1,1,0.9360527396202087
1038,7,7,91,D:\Skripsi\Experiment_TA\data\raw\RGB2\S7\AC7\RGB2_SUB7ACT7F91.jpg,1,1,0.8005127906799316
1039,7,8,1,D:\Skripsi\Experiment_TA\data\raw\RGB2\S7\AC8\RGB2_SUB7ACT8F1.jpg,1,0,0.2227088063955307
1040,7,8,121,D:\Skripsi\Experiment_TA\data\raw\RGB2\S7\AC8\RGB2_SUB7ACT8F121.jpg,1,0,0.23019444942474365
1041,7,8,31,D:\Skripsi\Experiment_TA\data\raw\RGB2\S7\AC8\RGB2_SUB7ACT8F31.jpg,1,0,0.4097258150577545
1042,7,8,61,D:\Skripsi\Experiment_TA\data\raw\RGB2\S7\AC8\RGB2_SUB7ACT8F61.jpg,1,0,0.4327715039253235
1043,7,8,91,D:\Skripsi\Experiment_TA\data\raw\RGB2\S7\AC8\RGB2_SUB7ACT8F91.jpg,1,0,0.23285432159900665
1044,7,9,1,D:\Skripsi\Experiment_TA\data\raw\RGB2\S7\AC9\RGB2_SUB7ACT9F1.jpg,1,0,0.15743385255336761
1045,7,9,121,D:\Skripsi\Experiment_TA\data\raw\RGB2\S7\AC9\RGB2_SUB7ACT9F121.jpg,1,1,0.8946477174758911
1046,7,9,31,D:\Skripsi\Experiment_TA\data\raw\RGB2\S7\AC9\RGB2_SUB7ACT9F31.jpg,1,1,0.6115769147872925
1047,7,9,61,D:\Skripsi\Experiment_TA\data\raw\RGB2\S7\AC9\RGB2_SUB7ACT9F61.jpg,1,1,0.7798696160316467
1048,7,9,91,D:\Skripsi\Experiment_TA\data\raw\RGB2\S7\AC9\RGB2_SUB7ACT9F91.jpg,1,1,0.7001398801803589
1049,9,1,1,D:\Skripsi\Experiment_TA\data\raw\RGB2\S9\AC1\RGB2_SUB9ACT1F1.jpg,0,0,0.2140830159187317
1050,9,1,121,D:\Skripsi\Experiment_TA\data\raw\RGB2\S9\AC1\RGB2_SUB9ACT1F121.jpg,0,1,0.8294273018836975
1051,9,1,151,D:\Skripsi\Experiment_TA\data\raw\RGB2\S9\AC1\RGB2_SUB9ACT1F151.jpg,0,0,0.3034673035144806
1052,9,1,31,D:\Skripsi\Experiment_TA\data\raw\RGB2\S9\AC1\RGB2_SUB9ACT1F31.jpg,0,0,0.20514588057994843
1053,9,1,61,D:\Skripsi\Experiment_TA\data\raw\RGB2\S9\AC1\RGB2_SUB9ACT1F61.jpg,0,0,0.14066098630428314
1054,9,1,91,D:\Skripsi\Experiment_TA\data\raw\RGB2\S9\AC1\RGB2_SUB9ACT1F91.jpg,0,1,0.7489343285560608
1055,9,5,1,D:\Skripsi\Experiment_TA\data\raw\RGB2\S9\AC5\RGB2_SUB9ACT5F1.jpg,1,1,0.8244902491569519
1056,9,5,121,D:\Skripsi\Experiment_TA\data\raw\RGB2\S9\AC5\RGB2_SUB9ACT5F121.jpg,1,1,0.9528163075447083
1057,9,5,151,D:\Skripsi\Experiment_TA\data\raw\RGB2\S9\AC5\RGB2_SUB9ACT5F151.jpg,1,1,0.9723749756813049
1058,9,5,31,D:\Skripsi\Experiment_TA\data\raw\RGB2\S9\AC5\RGB2_SUB9ACT5F31.jpg,1,1,0.9424501061439514
1059,9,5,61,D:\Skripsi\Experiment_TA\data\raw\RGB2\S9\AC5\RGB2_SUB9ACT5F61.jpg,1,1,0.9209737181663513
1060,9,5,91,D:\Skripsi\Experiment_TA\data\raw\RGB2\S9\AC5\RGB2_SUB9ACT5F91.jpg,1,1,0.9045805931091309
1061,9,6,1,D:\Skripsi\Experiment_TA\data\raw\RGB2\S9\AC6\RGB2_SUB9ACT6F1.jpg,1,1,0.7017509937286377
1062,9,6,121,D:\Skripsi\Experiment_TA\data\raw\RGB2\S9\AC6\RGB2_SUB9ACT6F121.jpg,1,1,0.7402604818344116
1063,9,6,31,D:\Skripsi\Experiment_TA\data\raw\RGB2\S9\AC6\RGB2_SUB9ACT6F31.jpg,1,1,0.7640306949615479
1064,9,6,61,D:\Skripsi\Experiment_TA\data\raw\RGB2\S9\AC6\RGB2_SUB9ACT6F61.jpg,1,1,0.612281322479248
1065,9,6,91,D:\Skripsi\Experiment_TA\data\raw\RGB2\S9\AC6\RGB2_SUB9ACT6F91.jpg,1,1,0.6502968668937683
1066,9,7,1,D:\Skripsi\Experiment_TA\data\raw\RGB2\S9\AC7\RGB2_SUB9ACT7F1.jpg,1,1,0.6102330684661865
1067,9,7,121,D:\Skripsi\Experiment_TA\data\raw\RGB2\S9\AC7\RGB2_SUB9ACT7F121.jpg,1,1,0.7340071797370911
1068,9,7,151,D:\Skripsi\Experiment_TA\data\raw\RGB2\S9\AC7\RGB2_SUB9ACT7F151.jpg,1,1,0.8028884530067444
1069,9,7,181,D:\Skripsi\Experiment_TA\data\raw\RGB2\S9\AC7\RGB2_SUB9ACT7F181.jpg,1,1,0.73186856508255
1070,9,7,31,D:\Skripsi\Experiment_TA\data\raw\RGB2\S9\AC7\RGB2_SUB9ACT7F31.jpg,1,1,0.7104186415672302
1071,9,7,61,D:\Skripsi\Experiment_TA\data\raw\RGB2\S9\AC7\RGB2_SUB9ACT7F61.jpg,1,1,0.6265435218811035
1072,9,7,91,D:\Skripsi\Experiment_TA\data\raw\RGB2\S9\AC7\RGB2_SUB9ACT7F91.jpg,1,1,0.8841328024864197
1073,9,8,1,D:\Skripsi\Experiment_TA\data\raw\RGB2\S9\AC8\RGB2_SUB9ACT8F1.jpg,1,1,0.9366329312324524
1074,9,8,121,D:\Skripsi\Experiment_TA\data\raw\RGB2\S9\AC8\RGB2_SUB9ACT8F121.jpg,1,1,0.8372952342033386
1075,9,8,31,D:\Skripsi\Experiment_TA\data\raw\RGB2\S9\AC8\RGB2_SUB9ACT8F31.jpg,1,1,0.7003974318504333
1076,9,8,61,D:\Skripsi\Experiment_TA\data\raw\RGB2\S9\AC8\RGB2_SUB9ACT8F61.jpg,1,1,0.517284631729126
1077,9,8,91,D:\Skripsi\Experiment_TA\data\raw\RGB2\S9\AC8\RGB2_SUB9ACT8F91.jpg,1,1,0.5111623406410217
1078,9,9,1,D:\Skripsi\Experiment_TA\data\raw\RGB2\S9\AC9\RGB2_SUB9ACT9F1.jpg,1,1,0.5981916785240173
1079,9,9,121,D:\Skripsi\Experiment_TA\data\raw\RGB2\S9\AC9\RGB2_SUB9ACT9F121.jpg,1,1,0.8369204998016357
1080,9,9,151,D:\Skripsi\Experiment_TA\data\raw\RGB2\S9\AC9\RGB2_SUB9ACT9F151.jpg,1,1,0.7471281290054321
1081,9,9,31,D:\Skripsi\Experiment_TA\data\raw\RGB2\S9\AC9\RGB2_SUB9ACT9F31.jpg,1,1,0.7323054671287537
1082,9,9,61,D:\Skripsi\Experiment_TA\data\raw\RGB2\S9\AC9\RGB2_SUB9ACT9F61.jpg,1,1,0.8793950080871582
1083,9,9,91,D:\Skripsi\Experiment_TA\data\raw\RGB2\S9\AC9\RGB2_SUB9ACT9F91.jpg,1,1,0.8245490193367004
