row_index,subject_id,activity_id,frame,filepath,label,prediction,prob_phone
0,12,1,1,D:\Skripsi\Experiment\data\raw\RGB2\S12\AC1\RGB2_SUB12ACT1F1.jpg,0,1,0.5645326972007751
1,12,1,106,D:\Skripsi\Experiment\data\raw\RGB2\S12\AC1\RGB2_SUB12ACT1F106.jpg,0,1,0.5783444046974182
2,12,1,121,D:\Skripsi\Experiment\data\raw\RGB2\S12\AC1\RGB2_SUB12ACT1F121.jpg,0,1,0.6307271718978882
3,12,1,136,D:\Skripsi\Experiment\data\raw\RGB2\S12\AC1\RGB2_SUB12ACT1F136.jpg,0,1,0.5128884315490723
4,12,1,151,D:\Skripsi\Experiment\data\raw\RGB2\S12\AC1\RGB2_SUB12ACT1F151.jpg,0,0,0.4417259991168976
5,12,1,16,D:\Skripsi\Experiment\data\raw\RGB2\S12\AC1\RGB2_SUB12ACT1F16.jpg,0,0,0.4644720256328583
6,12,1,31,D:\Skripsi\Experiment\data\raw\RGB2\S12\AC1\RGB2_SUB12ACT1F31.jpg,0,0,0.4943482577800751
7,12,1,46,D:\Skripsi\Experiment\data\raw\RGB2\S12\AC1\RGB2_SUB12ACT1F46.jpg,0,0,0.4515448212623596
8,12,1,61,D:\Skripsi\Experiment\data\raw\RGB2\S12\AC1\RGB2_SUB12ACT1F61.jpg,0,0,0.4409298598766327
9,12,1,76,D:\Skripsi\Experiment\data\raw\RGB2\S12\AC1\RGB2_SUB12ACT1F76.jpg,0,1,0.7432276010513306
10,12,1,91,D:\Skripsi\Experiment\data\raw\RGB2\S12\AC1\RGB2_SUB12ACT1F91.jpg,0,1,0.7283041477203369
11,12,5,1,D:\Skripsi\Experiment\data\raw\RGB2\S12\AC5\RGB2_SUB12ACT5F1.jpg,1,0,0.48628687858581543
12,12,5,106,D:\Skripsi\Experiment\data\raw\RGB2\S12\AC5\RGB2_SUB12ACT5F106.jpg,1,1,0.5192546844482422
13,12,5,121,D:\Skripsi\Experiment\data\raw\RGB2\S12\AC5\RGB2_SUB12ACT5F121.jpg,1,0,0.4260372519493103
14,12,5,136,D:\Skripsi\Experiment\data\raw\RGB2\S12\AC5\RGB2_SUB12ACT5F136.jpg,1,1,0.5242366790771484
15,12,5,16,D:\Skripsi\Experiment\data\raw\RGB2\S12\AC5\RGB2_SUB12ACT5F16.jpg,1,1,0.6312935948371887
16,12,5,31,D:\Skripsi\Experiment\data\raw\RGB2\S12\AC5\RGB2_SUB12ACT5F31.jpg,1,1,0.603587806224823
17,12,5,46,D:\Skripsi\Experiment\data\raw\RGB2\S12\AC5\RGB2_SUB12ACT5F46.jpg,1,1,0.6392185688018799
18,12,5,61,D:\Skripsi\Experiment\data\raw\RGB2\S12\AC5\RGB2_SUB12ACT5F61.jpg,1,1,0.6546694040298462
19,12,5,76,D:\Skripsi\Experiment\data\raw\RGB2\S12\AC5\RGB2_SUB12ACT5F76.jpg,1,1,0.5484445691108704
20,12,5,91,D:\Skripsi\Experiment\data\raw\RGB2\S12\AC5\RGB2_SUB12ACT5F91.jpg,1,1,0.5576424598693848
21,12,6,1,D:\Skripsi\Experiment\data\raw\RGB2\S12\AC6\RGB2_SUB12ACT6F1.jpg,1,1,0.6435111165046692
22,12,6,106,D:\Skripsi\Experiment\data\raw\RGB2\S12\AC6\RGB2_SUB12ACT6F106.jpg,1,0,0.4950435161590576
23,12,6,121,D:\Skripsi\Experiment\data\raw\RGB2\S12\AC6\RGB2_SUB12ACT6F121.jpg,1,1,0.5658007860183716
24,12,6,136,D:\Skripsi\Experiment\data\raw\RGB2\S12\AC6\RGB2_SUB12ACT6F136.jpg,1,1,0.6444249749183655
25,12,6,151,D:\Skripsi\Experiment\data\raw\RGB2\S12\AC6\RGB2_SUB12ACT6F151.jpg,1,1,0.6921653747558594
26,12,6,16,D:\Skripsi\Experiment\data\raw\RGB2\S12\AC6\RGB2_SUB12ACT6F16.jpg,1,1,0.5614936351776123
27,12,6,166,D:\Skripsi\Experiment\data\raw\RGB2\S12\AC6\RGB2_SUB12ACT6F166.jpg,1,1,0.6825830340385437
28,12,6,181,D:\Skripsi\Experiment\data\raw\RGB2\S12\AC6\RGB2_SUB12ACT6F181.jpg,1,1,0.6431128978729248
29,12,6,196,D:\Skripsi\Experiment\data\raw\RGB2\S12\AC6\RGB2_SUB12ACT6F196.jpg,1,1,0.620606541633606
30,12,6,31,D:\Skripsi\Experiment\data\raw\RGB2\S12\AC6\RGB2_SUB12ACT6F31.jpg,1,1,0.670925498008728
31,12,6,46,D:\Skripsi\Experiment\data\raw\RGB2\S12\AC6\RGB2_SUB12ACT6F46.jpg,1,1,0.5792962908744812
32,12,6,61,D:\Skripsi\Experiment\data\raw\RGB2\S12\AC6\RGB2_SUB12ACT6F61.jpg,1,1,0.5396559834480286
33,12,6,76,D:\Skripsi\Experiment\data\raw\RGB2\S12\AC6\RGB2_SUB12ACT6F76.jpg,1,1,0.5825188159942627
34,12,6,91,D:\Skripsi\Experiment\data\raw\RGB2\S12\AC6\RGB2_SUB12ACT6F91.jpg,1,1,0.5762547254562378
35,12,7,1,D:\Skripsi\Experiment\data\raw\RGB2\S12\AC7\RGB2_SUB12ACT7F1.jpg,1,0,0.4997325539588928
36,12,7,106,D:\Skripsi\Experiment\data\raw\RGB2\S12\AC7\RGB2_SUB12ACT7F106.jpg,1,0,0.42324817180633545
37,12,7,121,D:\Skripsi\Experiment\data\raw\RGB2\S12\AC7\RGB2_SUB12ACT7F121.jpg,1,1,0.5304439067840576
38,12,7,136,D:\Skripsi\Experiment\data\raw\RGB2\S12\AC7\RGB2_SUB12ACT7F136.jpg,1,1,0.5169859528541565
39,12,7,151,D:\Skripsi\Experiment\data\raw\RGB2\S12\AC7\RGB2_SUB12ACT7F151.jpg,1,1,0.5075873136520386
40,12,7,16,D:\Skripsi\Experiment\data\raw\RGB2\S12\AC7\RGB2_SUB12ACT7F16.jpg,1,0,0.4743450880050659
41,12,7,166,D:\Skripsi\Experiment\data\raw\RGB2\S12\AC7\RGB2_SUB12ACT7F166.jpg,1,0,0.44840845465660095
42,12,7,181,D:\Skripsi\Experiment\data\raw\RGB2\S12\AC7\RGB2_SUB12ACT7F181.jpg,1,1,0.5061131119728088
43,12,7,196,D:\Skripsi\Experiment\data\raw\RGB2\S12\AC7\RGB2_SUB12ACT7F196.jpg,1,0,0.3514145016670227
44,12,7,211,D:\Skripsi\Experiment\data\raw\RGB2\S12\AC7\RGB2_SUB12ACT7F211.jpg,1,0,0.4143795371055603
45,12,7,226,D:\Skripsi\Experiment\data\raw\RGB2\S12\AC7\RGB2_SUB12ACT7F226.jpg,1,1,0.6075276136398315
46,12,7,31,D:\Skripsi\Experiment\data\raw\RGB2\S12\AC7\RGB2_SUB12ACT7F31.jpg,1,0,0.45394667983055115
47,12,7,46,D:\Skripsi\Experiment\data\raw\RGB2\S12\AC7\RGB2_SUB12ACT7F46.jpg,1,0,0.48649105429649353
48,12,7,61,D:\Skripsi\Experiment\data\raw\RGB2\S12\AC7\RGB2_SUB12ACT7F61.jpg,1,1,0.5003350973129272
49,12,7,76,D:\Skripsi\Experiment\data\raw\RGB2\S12\AC7\RGB2_SUB12ACT7F76.jpg,1,1,0.5350042581558228
50,12,7,91,D:\Skripsi\Experiment\data\raw\RGB2\S12\AC7\RGB2_SUB12ACT7F91.jpg,1,0,0.46789857745170593
51,12,8,1,D:\Skripsi\Experiment\data\raw\RGB2\S12\AC8\RGB2_SUB12ACT8F1.jpg,1,1,0.6223946213722229
52,12,8,106,D:\Skripsi\Experiment\data\raw\RGB2\S12\AC8\RGB2_SUB12ACT8F106.jpg,1,1,0.7180734276771545
53,12,8,121,D:\Skripsi\Experiment\data\raw\RGB2\S12\AC8\RGB2_SUB12ACT8F121.jpg,1,1,0.7801496982574463
54,12,8,136,D:\Skripsi\Experiment\data\raw\RGB2\S12\AC8\RGB2_SUB12ACT8F136.jpg,1,1,0.764252781867981
55,12,8,151,D:\Skripsi\Experiment\data\raw\RGB2\S12\AC8\RGB2_SUB12ACT8F151.jpg,1,1,0.8161451816558838
56,12,8,16,D:\Skripsi\Experiment\data\raw\RGB2\S12\AC8\RGB2_SUB12ACT8F16.jpg,1,1,0.6041322946548462
57,12,8,31,D:\Skripsi\Experiment\data\raw\RGB2\S12\AC8\RGB2_SUB12ACT8F31.jpg,1,1,0.6332836151123047
58,12,8,46,D:\Skripsi\Experiment\data\raw\RGB2\S12\AC8\RGB2_SUB12ACT8F46.jpg,1,1,0.698157548904419
59,12,8,61,D:\Skripsi\Experiment\data\raw\RGB2\S12\AC8\RGB2_SUB12ACT8F61.jpg,1,1,0.6439304351806641
60,12,8,76,D:\Skripsi\Experiment\data\raw\RGB2\S12\AC8\RGB2_SUB12ACT8F76.jpg,1,1,0.7548075318336487
61,12,8,91,D:\Skripsi\Experiment\data\raw\RGB2\S12\AC8\RGB2_SUB12ACT8F91.jpg,1,1,0.744358241558075
62,12,9,1,D:\Skripsi\Experiment\data\raw\RGB2\S12\AC9\RGB2_SUB12ACT9F1.jpg,1,1,0.6412398219108582
63,12,9,106,D:\Skripsi\Experiment\data\raw\RGB2\S12\AC9\RGB2_SUB12ACT9F106.jpg,1,1,0.6279409527778625
64,12,9,121,D:\Skripsi\Experiment\data\raw\RGB2\S12\AC9\RGB2_SUB12ACT9F121.jpg,1,1,0.5117177963256836
65,12,9,136,D:\Skripsi\Experiment\data\raw\RGB2\S12\AC9\RGB2_SUB12ACT9F136.jpg,1,1,0.755830705165863
66,12,9,151,D:\Skripsi\Experiment\data\raw\RGB2\S12\AC9\RGB2_SUB12ACT9F151.jpg,1,1,0.6481027007102966
67,12,9,16,D:\Skripsi\Experiment\data\raw\RGB2\S12\AC9\RGB2_SUB12ACT9F16.jpg,1,1,0.6050261855125427
68,12,9,166,D:\Skripsi\Experiment\data\raw\RGB2\S12\AC9\RGB2_SUB12ACT9F166.jpg,1,1,0.6315280795097351
69,12,9,31,D:\Skripsi\Experiment\data\raw\RGB2\S12\AC9\RGB2_SUB12ACT9F31.jpg,1,0,0.45002466440200806
70,12,9,46,D:\Skripsi\Experiment\data\raw\RGB2\S12\AC9\RGB2_SUB12ACT9F46.jpg,1,0,0.3161933124065399
71,12,9,61,D:\Skripsi\Experiment\data\raw\RGB2\S12\AC9\RGB2_SUB12ACT9F61.jpg,1,1,0.5821570158004761
72,12,9,76,D:\Skripsi\Experiment\data\raw\RGB2\S12\AC9\RGB2_SUB12ACT9F76.jpg,1,1,0.6886848211288452
73,12,9,91,D:\Skripsi\Experiment\data\raw\RGB2\S12\AC9\RGB2_SUB12ACT9F91.jpg,1,1,0.6066835522651672
74,13,1,1,D:\Skripsi\Experiment\data\raw\RGB2\S13\AC1\RGB2_SUB13ACT1F1.jpg,0,0,0.4258032739162445
75,13,1,106,D:\Skripsi\Experiment\data\raw\RGB2\S13\AC1\RGB2_SUB13ACT1F106.jpg,0,0,0.4564271569252014
76,13,1,121,D:\Skripsi\Experiment\data\raw\RGB2\S13\AC1\RGB2_SUB13ACT1F121.jpg,0,0,0.4434599280357361
77,13,1,16,D:\Skripsi\Experiment\data\raw\RGB2\S13\AC1\RGB2_SUB13ACT1F16.jpg,0,1,0.5771880149841309
78,13,1,31,D:\Skripsi\Experiment\data\raw\RGB2\S13\AC1\RGB2_SUB13ACT1F31.jpg,0,0,0.40413662791252136
79,13,1,46,D:\Skripsi\Experiment\data\raw\RGB2\S13\AC1\RGB2_SUB13ACT1F46.jpg,0,0,0.437895804643631
80,13,1,61,D:\Skripsi\Experiment\data\raw\RGB2\S13\AC1\RGB2_SUB13ACT1F61.jpg,0,1,0.5222119688987732
81,13,1,76,D:\Skripsi\Experiment\data\raw\RGB2\S13\AC1\RGB2_SUB13ACT1F76.jpg,0,0,0.40516799688339233
82,13,1,91,D:\Skripsi\Experiment\data\raw\RGB2\S13\AC1\RGB2_SUB13ACT1F91.jpg,0,0,0.4743174910545349
83,13,5,1,D:\Skripsi\Experiment\data\raw\RGB2\S13\AC5\RGB2_SUB13ACT5F1.jpg,1,1,0.6322103142738342
84,13,5,106,D:\Skripsi\Experiment\data\raw\RGB2\S13\AC5\RGB2_SUB13ACT5F106.jpg,1,1,0.6386059522628784
85,13,5,121,D:\Skripsi\Experiment\data\raw\RGB2\S13\AC5\RGB2_SUB13ACT5F121.jpg,1,1,0.6197502017021179
86,13,5,16,D:\Skripsi\Experiment\data\raw\RGB2\S13\AC5\RGB2_SUB13ACT5F16.jpg,1,1,0.6536937355995178
87,13,5,31,D:\Skripsi\Experiment\data\raw\RGB2\S13\AC5\RGB2_SUB13ACT5F31.jpg,1,1,0.5793065428733826
88,13,5,46,D:\Skripsi\Experiment\data\raw\RGB2\S13\AC5\RGB2_SUB13ACT5F46.jpg,1,1,0.6416876316070557
89,13,5,61,D:\Skripsi\Experiment\data\raw\RGB2\S13\AC5\RGB2_SUB13ACT5F61.jpg,1,1,0.7365279197692871
90,13,5,76,D:\Skripsi\Experiment\data\raw\RGB2\S13\AC5\RGB2_SUB13ACT5F76.jpg,1,1,0.7389225959777832
91,13,5,91,D:\Skripsi\Experiment\data\raw\RGB2\S13\AC5\RGB2_SUB13ACT5F91.jpg,1,1,0.542941689491272
92,13,6,1,D:\Skripsi\Experiment\data\raw\RGB2\S13\AC6\RGB2_SUB13ACT6F1.jpg,1,1,0.509274959564209
93,13,6,106,D:\Skripsi\Experiment\data\raw\RGB2\S13\AC6\RGB2_SUB13ACT6F106.jpg,1,1,0.5651321411132812
94,13,6,16,D:\Skripsi\Experiment\data\raw\RGB2\S13\AC6\RGB2_SUB13ACT6F16.jpg,1,1,0.586588442325592
95,13,6,31,D:\Skripsi\Experiment\data\raw\RGB2\S13\AC6\RGB2_SUB13ACT6F31.jpg,1,1,0.590000331401825
96,13,6,46,D:\Skripsi\Experiment\data\raw\RGB2\S13\AC6\RGB2_SUB13ACT6F46.jpg,1,1,0.5888290405273438
97,13,6,61,D:\Skripsi\Experiment\data\raw\RGB2\S13\AC6\RGB2_SUB13ACT6F61.jpg,1,1,0.580509603023529
98,13,6,76,D:\Skripsi\Experiment\data\raw\RGB2\S13\AC6\RGB2_SUB13ACT6F76.jpg,1,1,0.8095139861106873
99,13,6,91,D:\Skripsi\Experiment\data\raw\RGB2\S13\AC6\RGB2_SUB13ACT6F91.jpg,1,1,0.5005679130554199
100,13,7,1,D:\Skripsi\Experiment\data\raw\RGB2\S13\AC7\RGB2_SUB13ACT7F1.jpg,1,1,0.7174984812736511
101,13,7,106,D:\Skripsi\Experiment\data\raw\RGB2\S13\AC7\RGB2_SUB13ACT7F106.jpg,1,0,0.4794522523880005
102,13,7,121,D:\Skripsi\Experiment\data\raw\RGB2\S13\AC7\RGB2_SUB13ACT7F121.jpg,1,1,0.6415069699287415
103,13,7,136,D:\Skripsi\Experiment\data\raw\RGB2\S13\AC7\RGB2_SUB13ACT7F136.jpg,1,0,0.46527114510536194
104,13,7,16,D:\Skripsi\Experiment\data\raw\RGB2\S13\AC7\RGB2_SUB13ACT7F16.jpg,1,1,0.7838940620422363
105,13,7,31,D:\Skripsi\Experiment\data\raw\RGB2\S13\AC7\RGB2_SUB13ACT7F31.jpg,1,1,0.6595848202705383
106,13,7,46,D:\Skripsi\Experiment\data\raw\RGB2\S13\AC7\RGB2_SUB13ACT7F46.jpg,1,1,0.7083178758621216
107,13,7,61,D:\Skripsi\Experiment\data\raw\RGB2\S13\AC7\RGB2_SUB13ACT7F61.jpg,1,1,0.5021142363548279
108,13,7,76,D:\Skripsi\Experiment\data\raw\RGB2\S13\AC7\RGB2_SUB13ACT7F76.jpg,1,1,0.7721365690231323
109,13,7,91,D:\Skripsi\Experiment\data\raw\RGB2\S13\AC7\RGB2_SUB13ACT7F91.jpg,1,1,0.7126893997192383
110,13,8,1,D:\Skripsi\Experiment\data\raw\RGB2\S13\AC8\RGB2_SUB13ACT8F1.jpg,1,1,0.5293087363243103
111,13,8,106,D:\Skripsi\Experiment\data\raw\RGB2\S13\AC8\RGB2_SUB13ACT8F106.jpg,1,1,0.5276773571968079
112,13,8,121,D:\Skripsi\Experiment\data\raw\RGB2\S13\AC8\RGB2_SUB13ACT8F121.jpg,1,1,0.6102041602134705
113,13,8,136,D:\Skripsi\Experiment\data\raw\RGB2\S13\AC8\RGB2_SUB13ACT8F136.jpg,1,1,0.5364519357681274
114,13,8,16,D:\Skripsi\Experiment\data\raw\RGB2\S13\AC8\RGB2_SUB13ACT8F16.jpg,1,1,0.6960997581481934
115,13,8,31,D:\Skripsi\Experiment\data\raw\RGB2\S13\AC8\RGB2_SUB13ACT8F31.jpg,1,0,0.4659629464149475
116,13,8,46,D:\Skripsi\Experiment\data\raw\RGB2\S13\AC8\RGB2_SUB13ACT8F46.jpg,1,0,0.46426573395729065
117,13,8,61,D:\Skripsi\Experiment\data\raw\RGB2\S13\AC8\RGB2_SUB13ACT8F61.jpg,1,0,0.43247753381729126
118,13,8,76,D:\Skripsi\Experiment\data\raw\RGB2\S13\AC8\RGB2_SUB13ACT8F76.jpg,1,0,0.3654535710811615
119,13,8,91,D:\Skripsi\Experiment\data\raw\RGB2\S13\AC8\RGB2_SUB13ACT8F91.jpg,1,1,0.594363272190094
120,13,9,1,D:\Skripsi\Experiment\data\raw\RGB2\S13\AC9\RGB2_SUB13ACT9F1.jpg,1,1,0.5220439434051514
121,13,9,106,D:\Skripsi\Experiment\data\raw\RGB2\S13\AC9\RGB2_SUB13ACT9F106.jpg,1,1,0.6025639772415161
122,13,9,121,D:\Skripsi\Experiment\data\raw\RGB2\S13\AC9\RGB2_SUB13ACT9F121.jpg,1,1,0.762234091758728
123,13,9,136,D:\Skripsi\Experiment\data\raw\RGB2\S13\AC9\RGB2_SUB13ACT9F136.jpg,1,1,0.5851596593856812
124,13,9,151,D:\Skripsi\Experiment\data\raw\RGB2\S13\AC9\RGB2_SUB13ACT9F151.jpg,1,1,0.6412757039070129
125,13,9,16,D:\Skripsi\Experiment\data\raw\RGB2\S13\AC9\RGB2_SUB13ACT9F16.jpg,1,0,0.3713829815387726
126,13,9,166,D:\Skripsi\Experiment\data\raw\RGB2\S13\AC9\RGB2_SUB13ACT9F166.jpg,1,1,0.5747804641723633
127,13,9,181,D:\Skripsi\Experiment\data\raw\RGB2\S13\AC9\RGB2_SUB13ACT9F181.jpg,1,1,0.7005866169929504
128,13,9,31,D:\Skripsi\Experiment\data\raw\RGB2\S13\AC9\RGB2_SUB13ACT9F31.jpg,1,1,0.7128070592880249
129,13,9,46,D:\Skripsi\Experiment\data\raw\RGB2\S13\AC9\RGB2_SUB13ACT9F46.jpg,1,1,0.6854102611541748
130,13,9,61,D:\Skripsi\Experiment\data\raw\RGB2\S13\AC9\RGB2_SUB13ACT9F61.jpg,1,1,0.512516975402832
131,13,9,76,D:\Skripsi\Experiment\data\raw\RGB2\S13\AC9\RGB2_SUB13ACT9F76.jpg,1,1,0.6471664905548096
132,13,9,91,D:\Skripsi\Experiment\data\raw\RGB2\S13\AC9\RGB2_SUB13ACT9F91.jpg,1,0,0.49587520956993103
133,14,1,1,D:\Skripsi\Experiment\data\raw\RGB2\S14\AC1\RGB2_SUB14ACT1F1.jpg,0,0,0.4648449122905731
134,14,1,106,D:\Skripsi\Experiment\data\raw\RGB2\S14\AC1\RGB2_SUB14ACT1F106.jpg,0,0,0.4959716200828552
135,14,1,16,D:\Skripsi\Experiment\data\raw\RGB2\S14\AC1\RGB2_SUB14ACT1F16.jpg,0,1,0.5437585711479187
136,14,1,31,D:\Skripsi\Experiment\data\raw\RGB2\S14\AC1\RGB2_SUB14ACT1F31.jpg,0,0,0.45791903138160706
137,14,1,46,D:\Skripsi\Experiment\data\raw\RGB2\S14\AC1\RGB2_SUB14ACT1F46.jpg,0,0,0.49190717935562134
138,14,1,61,D:\Skripsi\Experiment\data\raw\RGB2\S14\AC1\RGB2_SUB14ACT1F61.jpg,0,0,0.40102726221084595
139,14,1,76,D:\Skripsi\Experiment\data\raw\RGB2\S14\AC1\RGB2_SUB14ACT1F76.jpg,0,0,0.49830371141433716
140,14,1,91,D:\Skripsi\Experiment\data\raw\RGB2\S14\AC1\RGB2_SUB14ACT1F91.jpg,0,1,0.5173390507698059
141,14,5,1,D:\Skripsi\Experiment\data\raw\RGB2\S14\AC5\RGB2_SUB14ACT5F1.jpg,1,0,0.3663210868835449
142,14,5,106,D:\Skripsi\Experiment\data\raw\RGB2\S14\AC5\RGB2_SUB14ACT5F106.jpg,1,0,0.48908960819244385
143,14,5,121,D:\Skripsi\Experiment\data\raw\RGB2\S14\AC5\RGB2_SUB14ACT5F121.jpg,1,0,0.49796247482299805
144,14,5,16,D:\Skripsi\Experiment\data\raw\RGB2\S14\AC5\RGB2_SUB14ACT5F16.jpg,1,1,0.5759943723678589
145,14,5,31,D:\Skripsi\Experiment\data\raw\RGB2\S14\AC5\RGB2_SUB14ACT5F31.jpg,1,1,0.5957367420196533
146,14,5,46,D:\Skripsi\Experiment\data\raw\RGB2\S14\AC5\RGB2_SUB14ACT5F46.jpg,1,1,0.5110810995101929
147,14,5,61,D:\Skripsi\Experiment\data\raw\RGB2\S14\AC5\RGB2_SUB14ACT5F61.jpg,1,1,0.5694617033004761
148,14,5,76,D:\Skripsi\Experiment\data\raw\RGB2\S14\AC5\RGB2_SUB14ACT5F76.jpg,1,1,0.5038359761238098
149,14,5,91,D:\Skripsi\Experiment\data\raw\RGB2\S14\AC5\RGB2_SUB14ACT5F91.jpg,1,0,0.489187091588974
150,14,6,1,D:\Skripsi\Experiment\data\raw\RGB2\S14\AC6\RGB2_SUB14ACT6F1.jpg,1,0,0.4990358352661133
151,14,6,106,D:\Skripsi\Experiment\data\raw\RGB2\S14\AC6\RGB2_SUB14ACT6F106.jpg,1,0,0.4980538487434387
152,14,6,16,D:\Skripsi\Experiment\data\raw\RGB2\S14\AC6\RGB2_SUB14ACT6F16.jpg,1,0,0.41880178451538086
153,14,6,31,D:\Skripsi\Experiment\data\raw\RGB2\S14\AC6\RGB2_SUB14ACT6F31.jpg,1,0,0.40682733058929443
154,14,6,46,D:\Skripsi\Experiment\data\raw\RGB2\S14\AC6\RGB2_SUB14ACT6F46.jpg,1,0,0.31269121170043945
155,14,6,61,D:\Skripsi\Experiment\data\raw\RGB2\S14\AC6\RGB2_SUB14ACT6F61.jpg,1,0,0.46432721614837646
156,14,6,76,D:\Skripsi\Experiment\data\raw\RGB2\S14\AC6\RGB2_SUB14ACT6F76.jpg,1,1,0.6573472619056702
157,14,6,91,D:\Skripsi\Experiment\data\raw\RGB2\S14\AC6\RGB2_SUB14ACT6F91.jpg,1,1,0.552187979221344
158,14,7,1,D:\Skripsi\Experiment\data\raw\RGB2\S14\AC7\RGB2_SUB14ACT7F1.jpg,1,1,0.6057985424995422
159,14,7,106,D:\Skripsi\Experiment\data\raw\RGB2\S14\AC7\RGB2_SUB14ACT7F106.jpg,1,1,0.5864191651344299
160,14,7,16,D:\Skripsi\Experiment\data\raw\RGB2\S14\AC7\RGB2_SUB14ACT7F16.jpg,1,1,0.5682782530784607
161,14,7,31,D:\Skripsi\Experiment\data\raw\RGB2\S14\AC7\RGB2_SUB14ACT7F31.jpg,1,1,0.6416861414909363
162,14,7,46,D:\Skripsi\Experiment\data\raw\RGB2\S14\AC7\RGB2_SUB14ACT7F46.jpg,1,1,0.6953278183937073
163,14,7,61,D:\Skripsi\Experiment\data\raw\RGB2\S14\AC7\RGB2_SUB14ACT7F61.jpg,1,1,0.593089759349823
164,14,7,76,D:\Skripsi\Experiment\data\raw\RGB2\S14\AC7\RGB2_SUB14ACT7F76.jpg,1,1,0.6298869252204895
165,14,7,91,D:\Skripsi\Experiment\data\raw\RGB2\S14\AC7\RGB2_SUB14ACT7F91.jpg,1,1,0.681353747844696
166,14,8,1,D:\Skripsi\Experiment\data\raw\RGB2\S14\AC8\RGB2_SUB14ACT8F1.jpg,1,0,0.32282161712646484
167,14,8,106,D:\Skripsi\Experiment\data\raw\RGB2\S14\AC8\RGB2_SUB14ACT8F106.jpg,1,0,0.47929829359054565
168,14,8,121,D:\Skripsi\Experiment\data\raw\RGB2\S14\AC8\RGB2_SUB14ACT8F121.jpg,1,0,0.468406617641449
169,14,8,136,D:\Skripsi\Experiment\data\raw\RGB2\S14\AC8\RGB2_SUB14ACT8F136.jpg,1,1,0.5360297560691833
170,14,8,16,D:\Skripsi\Experiment\data\raw\RGB2\S14\AC8\RGB2_SUB14ACT8F16.jpg,1,0,0.4075905680656433
171,14,8,31,D:\Skripsi\Experiment\data\raw\RGB2\S14\AC8\RGB2_SUB14ACT8F31.jpg,1,0,0.46971410512924194
172,14,8,46,D:\Skripsi\Experiment\data\raw\RGB2\S14\AC8\RGB2_SUB14ACT8F46.jpg,1,0,0.49276214838027954
173,14,8,61,D:\Skripsi\Experiment\data\raw\RGB2\S14\AC8\RGB2_SUB14ACT8F61.jpg,1,0,0.4494875371456146
174,14,8,76,D:\Skripsi\Experiment\data\raw\RGB2\S14\AC8\RGB2_SUB14ACT8F76.jpg,1,0,0.4601480960845947
175,14,8,91,D:\Skripsi\Experiment\data\raw\RGB2\S14\AC8\RGB2_SUB14ACT8F91.jpg,1,1,0.556642472743988
176,14,9,1,D:\Skripsi\Experiment\data\raw\RGB2\S14\AC9\RGB2_SUB14ACT9F1.jpg,1,1,0.6605142951011658
177,14,9,106,D:\Skripsi\Experiment\data\raw\RGB2\S14\AC9\RGB2_SUB14ACT9F106.jpg,1,1,0.7383531928062439
178,14,9,121,D:\Skripsi\Experiment\data\raw\RGB2\S14\AC9\RGB2_SUB14ACT9F121.jpg,1,1,0.650971531867981
179,14,9,136,D:\Skripsi\Experiment\data\raw\RGB2\S14\AC9\RGB2_SUB14ACT9F136.jpg,1,1,0.7706825137138367
180,14,9,16,D:\Skripsi\Experiment\data\raw\RGB2\S14\AC9\RGB2_SUB14ACT9F16.jpg,1,1,0.6243846416473389
181,14,9,31,D:\Skripsi\Experiment\data\raw\RGB2\S14\AC9\RGB2_SUB14ACT9F31.jpg,1,0,0.47015127539634705
182,14,9,46,D:\Skripsi\Experiment\data\raw\RGB2\S14\AC9\RGB2_SUB14ACT9F46.jpg,1,1,0.6338929533958435
183,14,9,61,D:\Skripsi\Experiment\data\raw\RGB2\S14\AC9\RGB2_SUB14ACT9F61.jpg,1,1,0.6258956789970398
184,14,9,76,D:\Skripsi\Experiment\data\raw\RGB2\S14\AC9\RGB2_SUB14ACT9F76.jpg,1,1,0.6263643503189087
185,14,9,91,D:\Skripsi\Experiment\data\raw\RGB2\S14\AC9\RGB2_SUB14ACT9F91.jpg,1,1,0.6382492184638977
186,16,1,1,D:\Skripsi\Experiment\data\raw\RGB2\S16\AC1\RGB2_SUB16ACT1F1.jpg,0,1,0.540718674659729
187,16,1,106,D:\Skripsi\Experiment\data\raw\RGB2\S16\AC1\RGB2_SUB16ACT1F106.jpg,0,1,0.5333759784698486
188,16,1,121,D:\Skripsi\Experiment\data\raw\RGB2\S16\AC1\RGB2_SUB16ACT1F121.jpg,0,1,0.6210100650787354
189,16,1,16,D:\Skripsi\Experiment\data\raw\RGB2\S16\AC1\RGB2_SUB16ACT1F16.jpg,0,0,0.47481101751327515
190,16,1,31,D:\Skripsi\Experiment\data\raw\RGB2\S16\AC1\RGB2_SUB16ACT1F31.jpg,0,1,0.5364804863929749
191,16,1,46,D:\Skripsi\Experiment\data\raw\RGB2\S16\AC1\RGB2_SUB16ACT1F46.jpg,0,1,0.5077783465385437
192,16,1,61,D:\Skripsi\Experiment\data\raw\RGB2\S16\AC1\RGB2_SUB16ACT1F61.jpg,0,1,0.561776876449585
193,16,1,76,D:\Skripsi\Experiment\data\raw\RGB2\S16\AC1\RGB2_SUB16ACT1F76.jpg,0,1,0.6687160730361938
194,16,1,91,D:\Skripsi\Experiment\data\raw\RGB2\S16\AC1\RGB2_SUB16ACT1F91.jpg,0,1,0.6130446195602417
195,16,5,1,D:\Skripsi\Experiment\data\raw\RGB2\S16\AC5\RGB2_SUB16ACT5F1.jpg,1,1,0.7340909242630005
196,16,5,106,D:\Skripsi\Experiment\data\raw\RGB2\S16\AC5\RGB2_SUB16ACT5F106.jpg,1,1,0.609218180179596
197,16,5,16,D:\Skripsi\Experiment\data\raw\RGB2\S16\AC5\RGB2_SUB16ACT5F16.jpg,1,1,0.5246773958206177
198,16,5,31,D:\Skripsi\Experiment\data\raw\RGB2\S16\AC5\RGB2_SUB16ACT5F31.jpg,1,1,0.7137501835823059
199,16,5,46,D:\Skripsi\Experiment\data\raw\RGB2\S16\AC5\RGB2_SUB16ACT5F46.jpg,1,1,0.6264685392379761
200,16,5,61,D:\Skripsi\Experiment\data\raw\RGB2\S16\AC5\RGB2_SUB16ACT5F61.jpg,1,1,0.5729359984397888
201,16,5,76,D:\Skripsi\Experiment\data\raw\RGB2\S16\AC5\RGB2_SUB16ACT5F76.jpg,1,1,0.6438068747520447
202,16,5,91,D:\Skripsi\Experiment\data\raw\RGB2\S16\AC5\RGB2_SUB16ACT5F91.jpg,1,1,0.7187910079956055
203,16,6,1,D:\Skripsi\Experiment\data\raw\RGB2\S16\AC6\RGB2_SUB16ACT6F1.jpg,1,0,0.45636293292045593
204,16,6,106,D:\Skripsi\Experiment\data\raw\RGB2\S16\AC6\RGB2_SUB16ACT6F106.jpg,1,0,0.48815587162971497
205,16,6,16,D:\Skripsi\Experiment\data\raw\RGB2\S16\AC6\RGB2_SUB16ACT6F16.jpg,1,1,0.5371921062469482
206,16,6,31,D:\Skripsi\Experiment\data\raw\RGB2\S16\AC6\RGB2_SUB16ACT6F31.jpg,1,0,0.47171247005462646
207,16,6,46,D:\Skripsi\Experiment\data\raw\RGB2\S16\AC6\RGB2_SUB16ACT6F46.jpg,1,1,0.5274539589881897
208,16,6,61,D:\Skripsi\Experiment\data\raw\RGB2\S16\AC6\RGB2_SUB16ACT6F61.jpg,1,1,0.563705325126648
209,16,6,76,D:\Skripsi\Experiment\data\raw\RGB2\S16\AC6\RGB2_SUB16ACT6F76.jpg,1,1,0.5624759793281555
210,16,6,91,D:\Skripsi\Experiment\data\raw\RGB2\S16\AC6\RGB2_SUB16ACT6F91.jpg,1,0,0.45030736923217773
211,16,7,1,D:\Skripsi\Experiment\data\raw\RGB2\S16\AC7\RGB2_SUB16ACT7F1.jpg,1,0,0.3806127607822418
212,16,7,106,D:\Skripsi\Experiment\data\raw\RGB2\S16\AC7\RGB2_SUB16ACT7F106.jpg,1,1,0.5089408755302429
213,16,7,121,D:\Skripsi\Experiment\data\raw\RGB2\S16\AC7\RGB2_SUB16ACT7F121.jpg,1,1,0.6037153601646423
214,16,7,16,D:\Skripsi\Experiment\data\raw\RGB2\S16\AC7\RGB2_SUB16ACT7F16.jpg,1,1,0.5551679134368896
215,16,7,31,D:\Skripsi\Experiment\data\raw\RGB2\S16\AC7\RGB2_SUB16ACT7F31.jpg,1,0,0.4180828630924225
216,16,7,46,D:\Skripsi\Experiment\data\raw\RGB2\S16\AC7\RGB2_SUB16ACT7F46.jpg,1,0,0.48524487018585205
217,16,7,61,D:\Skripsi\Experiment\data\raw\RGB2\S16\AC7\RGB2_SUB16ACT7F61.jpg,1,0,0.4292696416378021
218,16,7,76,D:\Skripsi\Experiment\data\raw\RGB2\S16\AC7\RGB2_SUB16ACT7F76.jpg,1,0,0.33670666813850403
219,16,7,91,D:\Skripsi\Experiment\data\raw\RGB2\S16\AC7\RGB2_SUB16ACT7F91.jpg,1,0,0.49681034684181213
220,16,8,1,D:\Skripsi\Experiment\data\raw\RGB2\S16\AC8\RGB2_SUB16ACT8F1.jpg,1,0,0.26392143964767456
221,16,8,106,D:\Skripsi\Experiment\data\raw\RGB2\S16\AC8\RGB2_SUB16ACT8F106.jpg,1,1,0.5664335489273071
222,16,8,121,D:\Skripsi\Experiment\data\raw\RGB2\S16\AC8\RGB2_SUB16ACT8F121.jpg,1,1,0.5267351865768433
223,16,8,16,D:\Skripsi\Experiment\data\raw\RGB2\S16\AC8\RGB2_SUB16ACT8F16.jpg,1,0,0.31487229466438293
224,16,8,31,D:\Skripsi\Experiment\data\raw\RGB2\S16\AC8\RGB2_SUB16ACT8F31.jpg,1,0,0.41151705384254456
225,16,8,46,D:\Skripsi\Experiment\data\raw\RGB2\S16\AC8\RGB2_SUB16ACT8F46.jpg,1,0,0.3183961510658264
226,16,8,61,D:\Skripsi\Experiment\data\raw\RGB2\S16\AC8\RGB2_SUB16ACT8F61.jpg,1,0,0.38447660207748413
227,16,8,76,D:\Skripsi\Experiment\data\raw\RGB2\S16\AC8\RGB2_SUB16ACT8F76.jpg,1,1,0.5138627290725708
228,16,8,91,D:\Skripsi\Experiment\data\raw\RGB2\S16\AC8\RGB2_SUB16ACT8F91.jpg,1,0,0.4133968949317932
229,16,9,1,D:\Skripsi\Experiment\data\raw\RGB2\S16\AC9\RGB2_SUB16ACT9F1.jpg,1,1,0.7184266448020935
230,16,9,106,D:\Skripsi\Experiment\data\raw\RGB2\S16\AC9\RGB2_SUB16ACT9F106.jpg,1,1,0.5580198764801025
231,16,9,121,D:\Skripsi\Experiment\data\raw\RGB2\S16\AC9\RGB2_SUB16ACT9F121.jpg,1,1,0.6655948162078857
232,16,9,16,D:\Skripsi\Experiment\data\raw\RGB2\S16\AC9\RGB2_SUB16ACT9F16.jpg,1,1,0.5301175713539124
233,16,9,31,D:\Skripsi\Experiment\data\raw\RGB2\S16\AC9\RGB2_SUB16ACT9F31.jpg,1,1,0.6301413774490356
234,16,9,46,D:\Skripsi\Experiment\data\raw\RGB2\S16\AC9\RGB2_SUB16ACT9F46.jpg,1,1,0.5702738761901855
235,16,9,61,D:\Skripsi\Experiment\data\raw\RGB2\S16\AC9\RGB2_SUB16ACT9F61.jpg,1,1,0.6019225120544434
236,16,9,76,D:\Skripsi\Experiment\data\raw\RGB2\S16\AC9\RGB2_SUB16ACT9F76.jpg,1,0,0.4342445731163025
237,16,9,91,D:\Skripsi\Experiment\data\raw\RGB2\S16\AC9\RGB2_SUB16ACT9F91.jpg,1,1,0.665591299533844
238,18,1,1,D:\Skripsi\Experiment\data\raw\RGB2\S18\AC1\RGB2_SUB18ACT1F1.jpg,0,0,0.4069172143936157
239,18,1,106,D:\Skripsi\Experiment\data\raw\RGB2\S18\AC1\RGB2_SUB18ACT1F106.jpg,0,0,0.445343554019928
240,18,1,121,D:\Skripsi\Experiment\data\raw\RGB2\S18\AC1\RGB2_SUB18ACT1F121.jpg,0,0,0.35150593519210815
241,18,1,136,D:\Skripsi\Experiment\data\raw\RGB2\S18\AC1\RGB2_SUB18ACT1F136.jpg,0,1,0.5674784183502197
242,18,1,16,D:\Skripsi\Experiment\data\raw\RGB2\S18\AC1\RGB2_SUB18ACT1F16.jpg,0,0,0.4039106070995331
243,18,1,31,D:\Skripsi\Experiment\data\raw\RGB2\S18\AC1\RGB2_SUB18ACT1F31.jpg,0,0,0.4820289611816406
244,18,1,46,D:\Skripsi\Experiment\data\raw\RGB2\S18\AC1\RGB2_SUB18ACT1F46.jpg,0,0,0.3643748164176941
245,18,1,61,D:\Skripsi\Experiment\data\raw\RGB2\S18\AC1\RGB2_SUB18ACT1F61.jpg,0,1,0.5009063482284546
246,18,1,76,D:\Skripsi\Experiment\data\raw\RGB2\S18\AC1\RGB2_SUB18ACT1F76.jpg,0,0,0.4679570198059082
247,18,1,91,D:\Skripsi\Experiment\data\raw\RGB2\S18\AC1\RGB2_SUB18ACT1F91.jpg,0,0,0.46768543124198914
248,18,5,1,D:\Skripsi\Experiment\data\raw\RGB2\S18\AC5\RGB2_SUB18ACT5F1.jpg,1,1,0.6699141263961792
249,18,5,106,D:\Skripsi\Experiment\data\raw\RGB2\S18\AC5\RGB2_SUB18ACT5F106.jpg,1,1,0.520547091960907
250,18,5,121,D:\Skripsi\Experiment\data\raw\RGB2\S18\AC5\RGB2_SUB18ACT5F121.jpg,1,1,0.5995919108390808
251,18,5,136,D:\Skripsi\Experiment\data\raw\RGB2\S18\AC5\RGB2_SUB18ACT5F136.jpg,1,1,0.6349484920501709
252,18,5,151,D:\Skripsi\Experiment\data\raw\RGB2\S18\AC5\RGB2_SUB18ACT5F151.jpg,1,1,0.5823819637298584
253,18,5,16,D:\Skripsi\Experiment\data\raw\RGB2\S18\AC5\RGB2_SUB18ACT5F16.jpg,1,1,0.655624270439148
254,18,5,31,D:\Skripsi\Experiment\data\raw\RGB2\S18\AC5\RGB2_SUB18ACT5F31.jpg,1,1,0.639911949634552
255,18,5,46,D:\Skripsi\Experiment\data\raw\RGB2\S18\AC5\RGB2_SUB18ACT5F46.jpg,1,1,0.7046672105789185
256,18,5,61,D:\Skripsi\Experiment\data\raw\RGB2\S18\AC5\RGB2_SUB18ACT5F61.jpg,1,1,0.636946976184845
257,18,5,76,D:\Skripsi\Experiment\data\raw\RGB2\S18\AC5\RGB2_SUB18ACT5F76.jpg,1,1,0.5464135408401489
258,18,5,91,D:\Skripsi\Experiment\data\raw\RGB2\S18\AC5\RGB2_SUB18ACT5F91.jpg,1,1,0.5472355484962463
259,18,6,1,D:\Skripsi\Experiment\data\raw\RGB2\S18\AC6\RGB2_SUB18ACT6F1.jpg,1,1,0.5282201170921326
260,18,6,106,D:\Skripsi\Experiment\data\raw\RGB2\S18\AC6\RGB2_SUB18ACT6F106.jpg,1,1,0.599294126033783
261,18,6,121,D:\Skripsi\Experiment\data\raw\RGB2\S18\AC6\RGB2_SUB18ACT6F121.jpg,1,0,0.43915292620658875
262,18,6,136,D:\Skripsi\Experiment\data\raw\RGB2\S18\AC6\RGB2_SUB18ACT6F136.jpg,1,1,0.5227919816970825
263,18,6,151,D:\Skripsi\Experiment\data\raw\RGB2\S18\AC6\RGB2_SUB18ACT6F151.jpg,1,1,0.593546986579895
264,18,6,16,D:\Skripsi\Experiment\data\raw\RGB2\S18\AC6\RGB2_SUB18ACT6F16.jpg,1,1,0.6218406558036804
265,18,6,31,D:\Skripsi\Experiment\data\raw\RGB2\S18\AC6\RGB2_SUB18ACT6F31.jpg,1,1,0.6467685103416443
266,18,6,46,D:\Skripsi\Experiment\data\raw\RGB2\S18\AC6\RGB2_SUB18ACT6F46.jpg,1,1,0.5828366279602051
267,18,6,61,D:\Skripsi\Experiment\data\raw\RGB2\S18\AC6\RGB2_SUB18ACT6F61.jpg,1,1,0.5901311635971069
268,18,6,76,D:\Skripsi\Experiment\data\raw\RGB2\S18\AC6\RGB2_SUB18ACT6F76.jpg,1,1,0.6987758874893188
269,18,6,91,D:\Skripsi\Experiment\data\raw\RGB2\S18\AC6\RGB2_SUB18ACT6F91.jpg,1,1,0.6162884831428528
270,18,7,1,D:\Skripsi\Experiment\data\raw\RGB2\S18\AC7\RGB2_SUB18ACT7F1.jpg,1,0,0.47876399755477905
271,18,7,106,D:\Skripsi\Experiment\data\raw\RGB2\S18\AC7\RGB2_SUB18ACT7F106.jpg,1,0,0.41918477416038513
272,18,7,121,D:\Skripsi\Experiment\data\raw\RGB2\S18\AC7\RGB2_SUB18ACT7F121.jpg,1,0,0.4032566249370575
273,18,7,136,D:\Skripsi\Experiment\data\raw\RGB2\S18\AC7\RGB2_SUB18ACT7F136.jpg,1,1,0.5744323134422302
274,18,7,151,D:\Skripsi\Experiment\data\raw\RGB2\S18\AC7\RGB2_SUB18ACT7F151.jpg,1,0,0.48673558235168457
275,18,7,16,D:\Skripsi\Experiment\data\raw\RGB2\S18\AC7\RGB2_SUB18ACT7F16.jpg,1,1,0.5056235194206238
276,18,7,166,D:\Skripsi\Experiment\data\raw\RGB2\S18\AC7\RGB2_SUB18ACT7F166.jpg,1,0,0.44970184564590454
277,18,7,181,D:\Skripsi\Experiment\data\raw\RGB2\S18\AC7\RGB2_SUB18ACT7F181.jpg,1,1,0.5963913202285767
278,18,7,31,D:\Skripsi\Experiment\data\raw\RGB2\S18\AC7\RGB2_SUB18ACT7F31.jpg,1,1,0.5596950054168701
279,18,7,46,D:\Skripsi\Experiment\data\raw\RGB2\S18\AC7\RGB2_SUB18ACT7F46.jpg,1,0,0.3916497528553009
280,18,7,61,D:\Skripsi\Experiment\data\raw\RGB2\S18\AC7\RGB2_SUB18ACT7F61.jpg,1,0,0.4715237021446228
281,18,7,76,D:\Skripsi\Experiment\data\raw\RGB2\S18\AC7\RGB2_SUB18ACT7F76.jpg,1,0,0.39413267374038696
282,18,7,91,D:\Skripsi\Experiment\data\raw\RGB2\S18\AC7\RGB2_SUB18ACT7F91.jpg,1,0,0.4800909459590912
283,18,8,1,D:\Skripsi\Experiment\data\raw\RGB2\S18\AC8\RGB2_SUB18ACT8F1.jpg,1,0,0.3856891691684723
284,18,8,106,D:\Skripsi\Experiment\data\raw\RGB2\S18\AC8\RGB2_SUB18ACT8F106.jpg,1,1,0.6662395596504211
285,18,8,121,D:\Skripsi\Experiment\data\raw\RGB2\S18\AC8\RGB2_SUB18ACT8F121.jpg,1,1,0.6198136210441589
286,18,8,136,D:\Skripsi\Experiment\data\raw\RGB2\S18\AC8\RGB2_SUB18ACT8F136.jpg,1,1,0.5768162608146667
287,18,8,151,D:\Skripsi\Experiment\data\raw\RGB2\S18\AC8\RGB2_SUB18ACT8F151.jpg,1,0,0.4137418270111084
288,18,8,16,D:\Skripsi\Experiment\data\raw\RGB2\S18\AC8\RGB2_SUB18ACT8F16.jpg,1,1,0.5188635587692261
289,18,8,166,D:\Skripsi\Experiment\data\raw\RGB2\S18\AC8\RGB2_SUB18ACT8F166.jpg,1,1,0.536291241645813
290,18,8,181,D:\Skripsi\Experiment\data\raw\RGB2\S18\AC8\RGB2_SUB18ACT8F181.jpg,1,0,0.4937051236629486
291,18,8,196,D:\Skripsi\Experiment\data\raw\RGB2\S18\AC8\RGB2_SUB18ACT8F196.jpg,1,1,0.5747494697570801
292,18,8,211,D:\Skripsi\Experiment\data\raw\RGB2\S18\AC8\RGB2_SUB18ACT8F211.jpg,1,0,0.48029929399490356
293,18,8,31,D:\Skripsi\Experiment\data\raw\RGB2\S18\AC8\RGB2_SUB18ACT8F31.jpg,1,1,0.5008607506752014
294,18,8,46,D:\Skripsi\Experiment\data\raw\RGB2\S18\AC8\RGB2_SUB18ACT8F46.jpg,1,1,0.5887501835823059
295,18,8,61,D:\Skripsi\Experiment\data\raw\RGB2\S18\AC8\RGB2_SUB18ACT8F61.jpg,1,1,0.5343179702758789
296,18,8,76,D:\Skripsi\Experiment\data\raw\RGB2\S18\AC8\RGB2_SUB18ACT8F76.jpg,1,1,0.6667605042457581
297,18,8,91,D:\Skripsi\Experiment\data\raw\RGB2\S18\AC8\RGB2_SUB18ACT8F91.jpg,1,1,0.6545105576515198
298,18,9,1,D:\Skripsi\Experiment\data\raw\RGB2\S18\AC9\RGB2_SUB18ACT9F1.jpg,1,0,0.485500693321228
299,18,9,106,D:\Skripsi\Experiment\data\raw\RGB2\S18\AC9\RGB2_SUB18ACT9F106.jpg,1,1,0.5669229626655579
300,18,9,121,D:\Skripsi\Experiment\data\raw\RGB2\S18\AC9\RGB2_SUB18ACT9F121.jpg,1,1,0.5541830062866211
301,18,9,136,D:\Skripsi\Experiment\data\raw\RGB2\S18\AC9\RGB2_SUB18ACT9F136.jpg,1,1,0.6856555938720703
302,18,9,151,D:\Skripsi\Experiment\data\raw\RGB2\S18\AC9\RGB2_SUB18ACT9F151.jpg,1,1,0.717380702495575
303,18,9,16,D:\Skripsi\Experiment\data\raw\RGB2\S18\AC9\RGB2_SUB18ACT9F16.jpg,1,0,0.4545109272003174
304,18,9,31,D:\Skripsi\Experiment\data\raw\RGB2\S18\AC9\RGB2_SUB18ACT9F31.jpg,1,0,0.48306921124458313
305,18,9,46,D:\Skripsi\Experiment\data\raw\RGB2\S18\AC9\RGB2_SUB18ACT9F46.jpg,1,1,0.5276243686676025
306,18,9,61,D:\Skripsi\Experiment\data\raw\RGB2\S18\AC9\RGB2_SUB18ACT9F61.jpg,1,1,0.5117577314376831
307,18,9,76,D:\Skripsi\Experiment\data\raw\RGB2\S18\AC9\RGB2_SUB18ACT9F76.jpg,1,1,0.5835814476013184
308,18,9,91,D:\Skripsi\Experiment\data\raw\RGB2\S18\AC9\RGB2_SUB18ACT9F91.jpg,1,1,0.5593043565750122
309,19,1,1,D:\Skripsi\Experiment\data\raw\RGB2\S19\AC1\RGB2_SUB19ACT1F1.jpg,0,0,0.498329222202301
310,19,1,106,D:\Skripsi\Experiment\data\raw\RGB2\S19\AC1\RGB2_SUB19ACT1F106.jpg,0,0,0.45821648836135864
311,19,1,121,D:\Skripsi\Experiment\data\raw\RGB2\S19\AC1\RGB2_SUB19ACT1F121.jpg,0,0,0.44366106390953064
312,19,1,16,D:\Skripsi\Experiment\data\raw\RGB2\S19\AC1\RGB2_SUB19ACT1F16.jpg,0,0,0.4437888562679291
313,19,1,31,D:\Skripsi\Experiment\data\raw\RGB2\S19\AC1\RGB2_SUB19ACT1F31.jpg,0,1,0.6378949284553528
314,19,1,46,D:\Skripsi\Experiment\data\raw\RGB2\S19\AC1\RGB2_SUB19ACT1F46.jpg,0,0,0.46486496925354004
315,19,1,61,D:\Skripsi\Experiment\data\raw\RGB2\S19\AC1\RGB2_SUB19ACT1F61.jpg,0,1,0.5255479216575623
316,19,1,76,D:\Skripsi\Experiment\data\raw\RGB2\S19\AC1\RGB2_SUB19ACT1F76.jpg,0,0,0.45555660128593445
317,19,1,91,D:\Skripsi\Experiment\data\raw\RGB2\S19\AC1\RGB2_SUB19ACT1F91.jpg,0,1,0.5217680931091309
318,19,5,1,D:\Skripsi\Experiment\data\raw\RGB2\S19\AC5\RGB2_SUB19ACT5F1.jpg,1,1,0.6295347809791565
319,19,5,106,D:\Skripsi\Experiment\data\raw\RGB2\S19\AC5\RGB2_SUB19ACT5F106.jpg,1,1,0.6071749925613403
320,19,5,16,D:\Skripsi\Experiment\data\raw\RGB2\S19\AC5\RGB2_SUB19ACT5F16.jpg,1,1,0.612708568572998
321,19,5,31,D:\Skripsi\Experiment\data\raw\RGB2\S19\AC5\RGB2_SUB19ACT5F31.jpg,1,1,0.632424533367157
322,19,5,46,D:\Skripsi\Experiment\data\raw\RGB2\S19\AC5\RGB2_SUB19ACT5F46.jpg,1,1,0.7174728512763977
323,19,5,61,D:\Skripsi\Experiment\data\raw\RGB2\S19\AC5\RGB2_SUB19ACT5F61.jpg,1,0,0.4695722758769989
324,19,5,76,D:\Skripsi\Experiment\data\raw\RGB2\S19\AC5\RGB2_SUB19ACT5F76.jpg,1,1,0.6026889681816101
325,19,5,91,D:\Skripsi\Experiment\data\raw\RGB2\S19\AC5\RGB2_SUB19ACT5F91.jpg,1,1,0.6517806053161621
326,19,6,1,D:\Skripsi\Experiment\data\raw\RGB2\S19\AC6\RGB2_SUB19ACT6F1.jpg,1,1,0.5368540287017822
327,19,6,106,D:\Skripsi\Experiment\data\raw\RGB2\S19\AC6\RGB2_SUB19ACT6F106.jpg,1,1,0.5331875681877136
328,19,6,121,D:\Skripsi\Experiment\data\raw\RGB2\S19\AC6\RGB2_SUB19ACT6F121.jpg,1,0,0.4325675964355469
329,19,6,16,D:\Skripsi\Experiment\data\raw\RGB2\S19\AC6\RGB2_SUB19ACT6F16.jpg,1,0,0.43664953112602234
330,19,6,31,D:\Skripsi\Experiment\data\raw\RGB2\S19\AC6\RGB2_SUB19ACT6F31.jpg,1,0,0.48610517382621765
331,19,6,46,D:\Skripsi\Experiment\data\raw\RGB2\S19\AC6\RGB2_SUB19ACT6F46.jpg,1,1,0.5241734385490417
332,19,6,61,D:\Skripsi\Experiment\data\raw\RGB2\S19\AC6\RGB2_SUB19ACT6F61.jpg,1,0,0.42858415842056274
333,19,6,76,D:\Skripsi\Experiment\data\raw\RGB2\S19\AC6\RGB2_SUB19ACT6F76.jpg,1,0,0.3722628355026245
334,19,6,91,D:\Skripsi\Experiment\data\raw\RGB2\S19\AC6\RGB2_SUB19ACT6F91.jpg,1,0,0.4673852026462555
335,19,7,1,D:\Skripsi\Experiment\data\raw\RGB2\S19\AC7\RGB2_SUB19ACT7F1.jpg,1,0,0.47263094782829285
336,19,7,106,D:\Skripsi\Experiment\data\raw\RGB2\S19\AC7\RGB2_SUB19ACT7F106.jpg,1,1,0.5558552145957947
337,19,7,121,D:\Skripsi\Experiment\data\raw\RGB2\S19\AC7\RGB2_SUB19ACT7F121.jpg,1,1,0.6514753699302673
338,19,7,136,D:\Skripsi\Experiment\data\raw\RGB2\S19\AC7\RGB2_SUB19ACT7F136.jpg,1,1,0.6382625699043274
339,19,7,16,D:\Skripsi\Experiment\data\raw\RGB2\S19\AC7\RGB2_SUB19ACT7F16.jpg,1,1,0.5157538652420044
340,19,7,31,D:\Skripsi\Experiment\data\raw\RGB2\S19\AC7\RGB2_SUB19ACT7F31.jpg,1,1,0.5247244238853455
341,19,7,46,D:\Skripsi\Experiment\data\raw\RGB2\S19\AC7\RGB2_SUB19ACT7F46.jpg,1,1,0.534513533115387
342,19,7,61,D:\Skripsi\Experiment\data\raw\RGB2\S19\AC7\RGB2_SUB19ACT7F61.jpg,1,0,0.4963798522949219
343,19,7,76,D:\Skripsi\Experiment\data\raw\RGB2\S19\AC7\RGB2_SUB19ACT7F76.jpg,1,0,0.4618682861328125
344,19,7,91,D:\Skripsi\Experiment\data\raw\RGB2\S19\AC7\RGB2_SUB19ACT7F91.jpg,1,1,0.6438196301460266
345,19,8,1,D:\Skripsi\Experiment\data\raw\RGB2\S19\AC8\RGB2_SUB19ACT8F1.jpg,1,1,0.5633448958396912
346,19,8,106,D:\Skripsi\Experiment\data\raw\RGB2\S19\AC8\RGB2_SUB19ACT8F106.jpg,1,1,0.6172813773155212
347,19,8,121,D:\Skripsi\Experiment\data\raw\RGB2\S19\AC8\RGB2_SUB19ACT8F121.jpg,1,1,0.5245863199234009
348,19,8,136,D:\Skripsi\Experiment\data\raw\RGB2\S19\AC8\RGB2_SUB19ACT8F136.jpg,1,1,0.6247560381889343
349,19,8,151,D:\Skripsi\Experiment\data\raw\RGB2\S19\AC8\RGB2_SUB19ACT8F151.jpg,1,1,0.6147457361221313
350,19,8,16,D:\Skripsi\Experiment\data\raw\RGB2\S19\AC8\RGB2_SUB19ACT8F16.jpg,1,0,0.4781353771686554
351,19,8,31,D:\Skripsi\Experiment\data\raw\RGB2\S19\AC8\RGB2_SUB19ACT8F31.jpg,1,1,0.5562471151351929
352,19,8,46,D:\Skripsi\Experiment\data\raw\RGB2\S19\AC8\RGB2_SUB19ACT8F46.jpg,1,1,0.5408657193183899
353,19,8,61,D:\Skripsi\Experiment\data\raw\RGB2\S19\AC8\RGB2_SUB19ACT8F61.jpg,1,1,0.6860098242759705
354,19,8,76,D:\Skripsi\Experiment\data\raw\RGB2\S19\AC8\RGB2_SUB19ACT8F76.jpg,1,1,0.5582541823387146
355,19,8,91,D:\Skripsi\Experiment\data\raw\RGB2\S19\AC8\RGB2_SUB19ACT8F91.jpg,1,0,0.4679342210292816
356,19,9,1,D:\Skripsi\Experiment\data\raw\RGB2\S19\AC9\RGB2_SUB19ACT9F1.jpg,1,0,0.40713056921958923
357,19,9,16,D:\Skripsi\Experiment\data\raw\RGB2\S19\AC9\RGB2_SUB19ACT9F16.jpg,1,0,0.3912382125854492
358,19,9,31,D:\Skripsi\Experiment\data\raw\RGB2\S19\AC9\RGB2_SUB19ACT9F31.jpg,1,0,0.37508299946784973
359,19,9,46,D:\Skripsi\Experiment\data\raw\RGB2\S19\AC9\RGB2_SUB19ACT9F46.jpg,1,0,0.4913783371448517
360,19,9,61,D:\Skripsi\Experiment\data\raw\RGB2\S19\AC9\RGB2_SUB19ACT9F61.jpg,1,0,0.4591401517391205
361,19,9,76,D:\Skripsi\Experiment\data\raw\RGB2\S19\AC9\RGB2_SUB19ACT9F76.jpg,1,1,0.577377438545227
362,19,9,91,D:\Skripsi\Experiment\data\raw\RGB2\S19\AC9\RGB2_SUB19ACT9F91.jpg,1,1,0.5984196066856384
363,23,1,1,D:\Skripsi\Experiment\data\raw\RGB2\S23\AC1\RGB2_SUB23ACT1F1.jpg,0,0,0.38918977975845337
364,23,1,106,D:\Skripsi\Experiment\data\raw\RGB2\S23\AC1\RGB2_SUB23ACT1F106.jpg,0,0,0.48276448249816895
365,23,1,121,D:\Skripsi\Experiment\data\raw\RGB2\S23\AC1\RGB2_SUB23ACT1F121.jpg,0,0,0.3390606939792633
366,23,1,136,D:\Skripsi\Experiment\data\raw\RGB2\S23\AC1\RGB2_SUB23ACT1F136.jpg,0,0,0.3692956566810608
367,23,1,16,D:\Skripsi\Experiment\data\raw\RGB2\S23\AC1\RGB2_SUB23ACT1F16.jpg,0,0,0.44005218148231506
368,23,1,31,D:\Skripsi\Experiment\data\raw\RGB2\S23\AC1\RGB2_SUB23ACT1F31.jpg,0,0,0.361970990896225
369,23,1,46,D:\Skripsi\Experiment\data\raw\RGB2\S23\AC1\RGB2_SUB23ACT1F46.jpg,0,0,0.48000892996788025
370,23,1,61,D:\Skripsi\Experiment\data\raw\RGB2\S23\AC1\RGB2_SUB23ACT1F61.jpg,0,0,0.47577375173568726
371,23,1,76,D:\Skripsi\Experiment\data\raw\RGB2\S23\AC1\RGB2_SUB23ACT1F76.jpg,0,0,0.4075367748737335
372,23,1,91,D:\Skripsi\Experiment\data\raw\RGB2\S23\AC1\RGB2_SUB23ACT1F91.jpg,0,0,0.4599945545196533
373,23,5,1,D:\Skripsi\Experiment\data\raw\RGB2\S23\AC5\RGB2_SUB23ACT5F1.jpg,1,1,0.5218116044998169
374,23,5,106,D:\Skripsi\Experiment\data\raw\RGB2\S23\AC5\RGB2_SUB23ACT5F106.jpg,1,1,0.5610066056251526
375,23,5,121,D:\Skripsi\Experiment\data\raw\RGB2\S23\AC5\RGB2_SUB23ACT5F121.jpg,1,1,0.6457748413085938
376,23,5,136,D:\Skripsi\Experiment\data\raw\RGB2\S23\AC5\RGB2_SUB23ACT5F136.jpg,1,1,0.5259909629821777
377,23,5,16,D:\Skripsi\Experiment\data\raw\RGB2\S23\AC5\RGB2_SUB23ACT5F16.jpg,1,1,0.5285090208053589
378,23,5,31,D:\Skripsi\Experiment\data\raw\RGB2\S23\AC5\RGB2_SUB23ACT5F31.jpg,1,1,0.6869073510169983
379,23,5,46,D:\Skripsi\Experiment\data\raw\RGB2\S23\AC5\RGB2_SUB23ACT5F46.jpg,1,1,0.6251473426818848
380,23,5,61,D:\Skripsi\Experiment\data\raw\RGB2\S23\AC5\RGB2_SUB23ACT5F61.jpg,1,1,0.5687470436096191
381,23,5,76,D:\Skripsi\Experiment\data\raw\RGB2\S23\AC5\RGB2_SUB23ACT5F76.jpg,1,1,0.5747831463813782
382,23,5,91,D:\Skripsi\Experiment\data\raw\RGB2\S23\AC5\RGB2_SUB23ACT5F91.jpg,1,1,0.6652153730392456
383,23,6,1,D:\Skripsi\Experiment\data\raw\RGB2\S23\AC6\RGB2_SUB23ACT6F1.jpg,1,1,0.6799006462097168
384,23,6,106,D:\Skripsi\Experiment\data\raw\RGB2\S23\AC6\RGB2_SUB23ACT6F106.jpg,1,1,0.7258501648902893
385,23,6,121,D:\Skripsi\Experiment\data\raw\RGB2\S23\AC6\RGB2_SUB23ACT6F121.jpg,1,1,0.7377583384513855
386,23,6,16,D:\Skripsi\Experiment\data\raw\RGB2\S23\AC6\RGB2_SUB23ACT6F16.jpg,1,1,0.7000877857208252
387,23,6,31,D:\Skripsi\Experiment\data\raw\RGB2\S23\AC6\RGB2_SUB23ACT6F31.jpg,1,1,0.7229471802711487
388,23,6,46,D:\Skripsi\Experiment\data\raw\RGB2\S23\AC6\RGB2_SUB23ACT6F46.jpg,1,1,0.7198464274406433
389,23,6,61,D:\Skripsi\Experiment\data\raw\RGB2\S23\AC6\RGB2_SUB23ACT6F61.jpg,1,1,0.783236026763916
390,23,6,76,D:\Skripsi\Experiment\data\raw\RGB2\S23\AC6\RGB2_SUB23ACT6F76.jpg,1,1,0.6471349000930786
391,23,6,91,D:\Skripsi\Experiment\data\raw\RGB2\S23\AC6\RGB2_SUB23ACT6F91.jpg,1,1,0.6899453401565552
392,23,7,1,D:\Skripsi\Experiment\data\raw\RGB2\S23\AC7\RGB2_SUB23ACT7F1.jpg,1,1,0.5677316188812256
393,23,7,106,D:\Skripsi\Experiment\data\raw\RGB2\S23\AC7\RGB2_SUB23ACT7F106.jpg,1,1,0.665120005607605
394,23,7,121,D:\Skripsi\Experiment\data\raw\RGB2\S23\AC7\RGB2_SUB23ACT7F121.jpg,1,1,0.67802894115448
395,23,7,136,D:\Skripsi\Experiment\data\raw\RGB2\S23\AC7\RGB2_SUB23ACT7F136.jpg,1,1,0.6120796799659729
396,23,7,16,D:\Skripsi\Experiment\data\raw\RGB2\S23\AC7\RGB2_SUB23ACT7F16.jpg,1,1,0.5553741455078125
397,23,7,31,D:\Skripsi\Experiment\data\raw\RGB2\S23\AC7\RGB2_SUB23ACT7F31.jpg,1,1,0.65659099817276
398,23,7,46,D:\Skripsi\Experiment\data\raw\RGB2\S23\AC7\RGB2_SUB23ACT7F46.jpg,1,1,0.6296265125274658
399,23,7,61,D:\Skripsi\Experiment\data\raw\RGB2\S23\AC7\RGB2_SUB23ACT7F61.jpg,1,1,0.6092907190322876
400,23,7,76,D:\Skripsi\Experiment\data\raw\RGB2\S23\AC7\RGB2_SUB23ACT7F76.jpg,1,1,0.6083540320396423
401,23,7,91,D:\Skripsi\Experiment\data\raw\RGB2\S23\AC7\RGB2_SUB23ACT7F91.jpg,1,1,0.5722220540046692
402,23,8,1,D:\Skripsi\Experiment\data\raw\RGB2\S23\AC8\RGB2_SUB23ACT8F1.jpg,1,1,0.6673322916030884
403,23,8,106,D:\Skripsi\Experiment\data\raw\RGB2\S23\AC8\RGB2_SUB23ACT8F106.jpg,1,1,0.5417842864990234
404,23,8,121,D:\Skripsi\Experiment\data\raw\RGB2\S23\AC8\RGB2_SUB23ACT8F121.jpg,1,1,0.733231246471405
405,23,8,136,D:\Skripsi\Experiment\data\raw\RGB2\S23\AC8\RGB2_SUB23ACT8F136.jpg,1,1,0.6682502627372742
406,23,8,16,D:\Skripsi\Experiment\data\raw\RGB2\S23\AC8\RGB2_SUB23ACT8F16.jpg,1,1,0.6346935629844666
407,23,8,31,D:\Skripsi\Experiment\data\raw\RGB2\S23\AC8\RGB2_SUB23ACT8F31.jpg,1,1,0.6766793131828308
408,23,8,46,D:\Skripsi\Experiment\data\raw\RGB2\S23\AC8\RGB2_SUB23ACT8F46.jpg,1,1,0.7364138960838318
409,23,8,61,D:\Skripsi\Experiment\data\raw\RGB2\S23\AC8\RGB2_SUB23ACT8F61.jpg,1,1,0.6553735733032227
410,23,8,76,D:\Skripsi\Experiment\data\raw\RGB2\S23\AC8\RGB2_SUB23ACT8F76.jpg,1,1,0.6479516625404358
411,23,8,91,D:\Skripsi\Experiment\data\raw\RGB2\S23\AC8\RGB2_SUB23ACT8F91.jpg,1,1,0.7356219291687012
412,23,9,1,D:\Skripsi\Experiment\data\raw\RGB2\S23\AC9\RGB2_SUB23ACT9F1.jpg,1,1,0.529207170009613
413,23,9,106,D:\Skripsi\Experiment\data\raw\RGB2\S23\AC9\RGB2_SUB23ACT9F106.jpg,1,1,0.5090555548667908
414,23,9,121,D:\Skripsi\Experiment\data\raw\RGB2\S23\AC9\RGB2_SUB23ACT9F121.jpg,1,1,0.7450903654098511
415,23,9,136,D:\Skripsi\Experiment\data\raw\RGB2\S23\AC9\RGB2_SUB23ACT9F136.jpg,1,1,0.714646577835083
416,23,9,16,D:\Skripsi\Experiment\data\raw\RGB2\S23\AC9\RGB2_SUB23ACT9F16.jpg,1,1,0.6502187252044678
417,23,9,31,D:\Skripsi\Experiment\data\raw\RGB2\S23\AC9\RGB2_SUB23ACT9F31.jpg,1,1,0.6534622311592102
418,23,9,46,D:\Skripsi\Experiment\data\raw\RGB2\S23\AC9\RGB2_SUB23ACT9F46.jpg,1,1,0.6873849630355835
419,23,9,61,D:\Skripsi\Experiment\data\raw\RGB2\S23\AC9\RGB2_SUB23ACT9F61.jpg,1,1,0.6809824705123901
420,23,9,76,D:\Skripsi\Experiment\data\raw\RGB2\S23\AC9\RGB2_SUB23ACT9F76.jpg,1,1,0.5732434988021851
421,23,9,91,D:\Skripsi\Experiment\data\raw\RGB2\S23\AC9\RGB2_SUB23ACT9F91.jpg,1,1,0.6210762858390808
422,24,1,1,D:\Skripsi\Experiment\data\raw\RGB2\S24\AC1\RGB2_SUB24ACT1F1.jpg,0,0,0.41503214836120605
423,24,1,106,D:\Skripsi\Experiment\data\raw\RGB2\S24\AC1\RGB2_SUB24ACT1F106.jpg,0,1,0.5226750373840332
424,24,1,16,D:\Skripsi\Experiment\data\raw\RGB2\S24\AC1\RGB2_SUB24ACT1F16.jpg,0,0,0.33260661363601685
425,24,1,31,D:\Skripsi\Experiment\data\raw\RGB2\S24\AC1\RGB2_SUB24ACT1F31.jpg,0,1,0.6395970582962036
426,24,1,46,D:\Skripsi\Experiment\data\raw\RGB2\S24\AC1\RGB2_SUB24ACT1F46.jpg,0,1,0.5295562148094177
427,24,1,61,D:\Skripsi\Experiment\data\raw\RGB2\S24\AC1\RGB2_SUB24ACT1F61.jpg,0,1,0.5107529163360596
428,24,1,76,D:\Skripsi\Experiment\data\raw\RGB2\S24\AC1\RGB2_SUB24ACT1F76.jpg,0,1,0.6712151765823364
429,24,1,91,D:\Skripsi\Experiment\data\raw\RGB2\S24\AC1\RGB2_SUB24ACT1F91.jpg,0,1,0.5468102097511292
430,24,5,1,D:\Skripsi\Experiment\data\raw\RGB2\S24\AC5\RGB2_SUB24ACT5F1.jpg,1,1,0.630544126033783
431,24,5,106,D:\Skripsi\Experiment\data\raw\RGB2\S24\AC5\RGB2_SUB24ACT5F106.jpg,1,1,0.5968202948570251
432,24,5,16,D:\Skripsi\Experiment\data\raw\RGB2\S24\AC5\RGB2_SUB24ACT5F16.jpg,1,1,0.5556440949440002
433,24,5,31,D:\Skripsi\Experiment\data\raw\RGB2\S24\AC5\RGB2_SUB24ACT5F31.jpg,1,1,0.5069207549095154
434,24,5,46,D:\Skripsi\Experiment\data\raw\RGB2\S24\AC5\RGB2_SUB24ACT5F46.jpg,1,1,0.5256960988044739
435,24,5,61,D:\Skripsi\Experiment\data\raw\RGB2\S24\AC5\RGB2_SUB24ACT5F61.jpg,1,1,0.5400957465171814
436,24,5,76,D:\Skripsi\Experiment\data\raw\RGB2\S24\AC5\RGB2_SUB24ACT5F76.jpg,1,0,0.4795554578304291
437,24,5,91,D:\Skripsi\Experiment\data\raw\RGB2\S24\AC5\RGB2_SUB24ACT5F91.jpg,1,0,0.4479522407054901
438,24,6,1,D:\Skripsi\Experiment\data\raw\RGB2\S24\AC6\RGB2_SUB24ACT6F1.jpg,1,1,0.7163923978805542
439,24,6,16,D:\Skripsi\Experiment\data\raw\RGB2\S24\AC6\RGB2_SUB24ACT6F16.jpg,1,1,0.7124583125114441
440,24,6,31,D:\Skripsi\Experiment\data\raw\RGB2\S24\AC6\RGB2_SUB24ACT6F31.jpg,1,1,0.670711874961853
441,24,6,46,D:\Skripsi\Experiment\data\raw\RGB2\S24\AC6\RGB2_SUB24ACT6F46.jpg,1,1,0.720464289188385
442,24,6,61,D:\Skripsi\Experiment\data\raw\RGB2\S24\AC6\RGB2_SUB24ACT6F61.jpg,1,1,0.7242688536643982
443,24,6,76,D:\Skripsi\Experiment\data\raw\RGB2\S24\AC6\RGB2_SUB24ACT6F76.jpg,1,1,0.7026703953742981
444,24,6,91,D:\Skripsi\Experiment\data\raw\RGB2\S24\AC6\RGB2_SUB24ACT6F91.jpg,1,1,0.757201611995697
445,24,7,1,D:\Skripsi\Experiment\data\raw\RGB2\S24\AC7\RGB2_SUB24ACT7F1.jpg,1,1,0.6937065124511719
446,24,7,106,D:\Skripsi\Experiment\data\raw\RGB2\S24\AC7\RGB2_SUB24ACT7F106.jpg,1,1,0.6120967864990234
447,24,7,121,D:\Skripsi\Experiment\data\raw\RGB2\S24\AC7\RGB2_SUB24ACT7F121.jpg,1,1,0.5636127591133118
448,24,7,136,D:\Skripsi\Experiment\data\raw\RGB2\S24\AC7\RGB2_SUB24ACT7F136.jpg,1,1,0.5792675614356995
449,24,7,151,D:\Skripsi\Experiment\data\raw\RGB2\S24\AC7\RGB2_SUB24ACT7F151.jpg,1,1,0.508560836315155
450,24,7,16,D:\Skripsi\Experiment\data\raw\RGB2\S24\AC7\RGB2_SUB24ACT7F16.jpg,1,1,0.6600502729415894
451,24,7,31,D:\Skripsi\Experiment\data\raw\RGB2\S24\AC7\RGB2_SUB24ACT7F31.jpg,1,1,0.5100190043449402
452,24,7,46,D:\Skripsi\Experiment\data\raw\RGB2\S24\AC7\RGB2_SUB24ACT7F46.jpg,1,1,0.5546591281890869
453,24,7,61,D:\Skripsi\Experiment\data\raw\RGB2\S24\AC7\RGB2_SUB24ACT7F61.jpg,1,1,0.5097888112068176
454,24,7,76,D:\Skripsi\Experiment\data\raw\RGB2\S24\AC7\RGB2_SUB24ACT7F76.jpg,1,1,0.5716597437858582
455,24,7,91,D:\Skripsi\Experiment\data\raw\RGB2\S24\AC7\RGB2_SUB24ACT7F91.jpg,1,0,0.4955900013446808
456,24,8,1,D:\Skripsi\Experiment\data\raw\RGB2\S24\AC8\RGB2_SUB24ACT8F1.jpg,1,1,0.700370728969574
457,24,8,106,D:\Skripsi\Experiment\data\raw\RGB2\S24\AC8\RGB2_SUB24ACT8F106.jpg,1,1,0.6620161533355713
458,24,8,121,D:\Skripsi\Experiment\data\raw\RGB2\S24\AC8\RGB2_SUB24ACT8F121.jpg,1,1,0.6152756214141846
459,24,8,136,D:\Skripsi\Experiment\data\raw\RGB2\S24\AC8\RGB2_SUB24ACT8F136.jpg,1,1,0.5905503630638123
460,24,8,151,D:\Skripsi\Experiment\data\raw\RGB2\S24\AC8\RGB2_SUB24ACT8F151.jpg,1,1,0.5480559468269348
461,24,8,16,D:\Skripsi\Experiment\data\raw\RGB2\S24\AC8\RGB2_SUB24ACT8F16.jpg,1,1,0.6260008811950684
462,24,8,31,D:\Skripsi\Experiment\data\raw\RGB2\S24\AC8\RGB2_SUB24ACT8F31.jpg,1,1,0.7166092395782471
463,24,8,46,D:\Skripsi\Experiment\data\raw\RGB2\S24\AC8\RGB2_SUB24ACT8F46.jpg,1,1,0.6794145703315735
464,24,8,61,D:\Skripsi\Experiment\data\raw\RGB2\S24\AC8\RGB2_SUB24ACT8F61.jpg,1,1,0.6928810477256775
465,24,8,76,D:\Skripsi\Experiment\data\raw\RGB2\S24\AC8\RGB2_SUB24ACT8F76.jpg,1,1,0.5803729891777039
466,24,8,91,D:\Skripsi\Experiment\data\raw\RGB2\S24\AC8\RGB2_SUB24ACT8F91.jpg,1,1,0.629112184047699
467,24,9,1,D:\Skripsi\Experiment\data\raw\RGB2\S24\AC9\RGB2_SUB24ACT9F1.jpg,1,1,0.5149666666984558
468,24,9,106,D:\Skripsi\Experiment\data\raw\RGB2\S24\AC9\RGB2_SUB24ACT9F106.jpg,1,1,0.7197926640510559
469,24,9,121,D:\Skripsi\Experiment\data\raw\RGB2\S24\AC9\RGB2_SUB24ACT9F121.jpg,1,1,0.7224748730659485
470,24,9,136,D:\Skripsi\Experiment\data\raw\RGB2\S24\AC9\RGB2_SUB24ACT9F136.jpg,1,1,0.5755231380462646
471,24,9,16,D:\Skripsi\Experiment\data\raw\RGB2\S24\AC9\RGB2_SUB24ACT9F16.jpg,1,1,0.6325995922088623
472,24,9,31,D:\Skripsi\Experiment\data\raw\RGB2\S24\AC9\RGB2_SUB24ACT9F31.jpg,1,1,0.6622606515884399
473,24,9,46,D:\Skripsi\Experiment\data\raw\RGB2\S24\AC9\RGB2_SUB24ACT9F46.jpg,1,1,0.6807988882064819
474,24,9,61,D:\Skripsi\Experiment\data\raw\RGB2\S24\AC9\RGB2_SUB24ACT9F61.jpg,1,1,0.5964641571044922
475,24,9,76,D:\Skripsi\Experiment\data\raw\RGB2\S24\AC9\RGB2_SUB24ACT9F76.jpg,1,0,0.4978657066822052
476,24,9,91,D:\Skripsi\Experiment\data\raw\RGB2\S24\AC9\RGB2_SUB24ACT9F91.jpg,1,1,0.5912692546844482
477,25,1,1,D:\Skripsi\Experiment\data\raw\RGB2\S25\AC1\RGB2_SUB25ACT1F1.jpg,0,0,0.4132360517978668
478,25,1,106,D:\Skripsi\Experiment\data\raw\RGB2\S25\AC1\RGB2_SUB25ACT1F106.jpg,0,1,0.5377734303474426
479,25,1,121,D:\Skripsi\Experiment\data\raw\RGB2\S25\AC1\RGB2_SUB25ACT1F121.jpg,0,0,0.47830113768577576
480,25,1,136,D:\Skripsi\Experiment\data\raw\RGB2\S25\AC1\RGB2_SUB25ACT1F136.jpg,0,1,0.6337294578552246
481,25,1,16,D:\Skripsi\Experiment\data\raw\RGB2\S25\AC1\RGB2_SUB25ACT1F16.jpg,0,0,0.4615078568458557
482,25,1,31,D:\Skripsi\Experiment\data\raw\RGB2\S25\AC1\RGB2_SUB25ACT1F31.jpg,0,1,0.5189099907875061
483,25,1,46,D:\Skripsi\Experiment\data\raw\RGB2\S25\AC1\RGB2_SUB25ACT1F46.jpg,0,0,0.4512097239494324
484,25,1,61,D:\Skripsi\Experiment\data\raw\RGB2\S25\AC1\RGB2_SUB25ACT1F61.jpg,0,0,0.4717739522457123
485,25,1,76,D:\Skripsi\Experiment\data\raw\RGB2\S25\AC1\RGB2_SUB25ACT1F76.jpg,0,1,0.5374525189399719
486,25,1,91,D:\Skripsi\Experiment\data\raw\RGB2\S25\AC1\RGB2_SUB25ACT1F91.jpg,0,1,0.6081095933914185
487,25,5,1,D:\Skripsi\Experiment\data\raw\RGB2\S25\AC5\RGB2_SUB25ACT5F1.jpg,1,1,0.6051616668701172
488,25,5,106,D:\Skripsi\Experiment\data\raw\RGB2\S25\AC5\RGB2_SUB25ACT5F106.jpg,1,0,0.4915439188480377
489,25,5,121,D:\Skripsi\Experiment\data\raw\RGB2\S25\AC5\RGB2_SUB25ACT5F121.jpg,1,0,0.36805012822151184
490,25,5,136,D:\Skripsi\Experiment\data\raw\RGB2\S25\AC5\RGB2_SUB25ACT5F136.jpg,1,0,0.3667912781238556
491,25,5,16,D:\Skripsi\Experiment\data\raw\RGB2\S25\AC5\RGB2_SUB25ACT5F16.jpg,1,1,0.6404486298561096
492,25,5,31,D:\Skripsi\Experiment\data\raw\RGB2\S25\AC5\RGB2_SUB25ACT5F31.jpg,1,1,0.7182157039642334
493,25,5,46,D:\Skripsi\Experiment\data\raw\RGB2\S25\AC5\RGB2_SUB25ACT5F46.jpg,1,1,0.6361499428749084
494,25,5,61,D:\Skripsi\Experiment\data\raw\RGB2\S25\AC5\RGB2_SUB25ACT5F61.jpg,1,1,0.6932017207145691
495,25,5,76,D:\Skripsi\Experiment\data\raw\RGB2\S25\AC5\RGB2_SUB25ACT5F76.jpg,1,1,0.7300066947937012
496,25,5,91,D:\Skripsi\Experiment\data\raw\RGB2\S25\AC5\RGB2_SUB25ACT5F91.jpg,1,0,0.4073139429092407
497,25,6,1,D:\Skripsi\Experiment\data\raw\RGB2\S25\AC6\RGB2_SUB25ACT6F1.jpg,1,0,0.33250918984413147
498,25,6,16,D:\Skripsi\Experiment\data\raw\RGB2\S25\AC6\RGB2_SUB25ACT6F16.jpg,1,0,0.35025981068611145
499,25,6,31,D:\Skripsi\Experiment\data\raw\RGB2\S25\AC6\RGB2_SUB25ACT6F31.jpg,1,0,0.38467031717300415
500,25,6,46,D:\Skripsi\Experiment\data\raw\RGB2\S25\AC6\RGB2_SUB25ACT6F46.jpg,1,0,0.3778798282146454
501,25,6,61,D:\Skripsi\Experiment\data\raw\RGB2\S25\AC6\RGB2_SUB25ACT6F61.jpg,1,0,0.4119023382663727
502,25,6,76,D:\Skripsi\Experiment\data\raw\RGB2\S25\AC6\RGB2_SUB25ACT6F76.jpg,1,0,0.33640995621681213
503,25,6,91,D:\Skripsi\Experiment\data\raw\RGB2\S25\AC6\RGB2_SUB25ACT6F91.jpg,1,0,0.3370414078235626
504,25,7,1,D:\Skripsi\Experiment\data\raw\RGB2\S25\AC7\RGB2_SUB25ACT7F1.jpg,1,1,0.7076798677444458
505,25,7,16,D:\Skripsi\Experiment\data\raw\RGB2\S25\AC7\RGB2_SUB25ACT7F16.jpg,1,1,0.5897219181060791
506,25,7,31,D:\Skripsi\Experiment\data\raw\RGB2\S25\AC7\RGB2_SUB25ACT7F31.jpg,1,1,0.5719003677368164
507,25,7,46,D:\Skripsi\Experiment\data\raw\RGB2\S25\AC7\RGB2_SUB25ACT7F46.jpg,1,1,0.8287578225135803
508,25,7,61,D:\Skripsi\Experiment\data\raw\RGB2\S25\AC7\RGB2_SUB25ACT7F61.jpg,1,1,0.6334717273712158
509,25,7,76,D:\Skripsi\Experiment\data\raw\RGB2\S25\AC7\RGB2_SUB25ACT7F76.jpg,1,1,0.6592376828193665
510,25,8,1,D:\Skripsi\Experiment\data\raw\RGB2\S25\AC8\RGB2_SUB25ACT8F1.jpg,1,1,0.6528160572052002
511,25,8,106,D:\Skripsi\Experiment\data\raw\RGB2\S25\AC8\RGB2_SUB25ACT8F106.jpg,1,1,0.5408565402030945
512,25,8,16,D:\Skripsi\Experiment\data\raw\RGB2\S25\AC8\RGB2_SUB25ACT8F16.jpg,1,1,0.6625875234603882
513,25,8,31,D:\Skripsi\Experiment\data\raw\RGB2\S25\AC8\RGB2_SUB25ACT8F31.jpg,1,1,0.5757468342781067
514,25,8,46,D:\Skripsi\Experiment\data\raw\RGB2\S25\AC8\RGB2_SUB25ACT8F46.jpg,1,1,0.60066157579422
515,25,8,61,D:\Skripsi\Experiment\data\raw\RGB2\S25\AC8\RGB2_SUB25ACT8F61.jpg,1,1,0.655238926410675
516,25,8,76,D:\Skripsi\Experiment\data\raw\RGB2\S25\AC8\RGB2_SUB25ACT8F76.jpg,1,0,0.4701825678348541
517,25,8,91,D:\Skripsi\Experiment\data\raw\RGB2\S25\AC8\RGB2_SUB25ACT8F91.jpg,1,1,0.5564124584197998
518,25,9,1,D:\Skripsi\Experiment\data\raw\RGB2\S25\AC9\RGB2_SUB25ACT9F1.jpg,1,0,0.3658605217933655
519,25,9,16,D:\Skripsi\Experiment\data\raw\RGB2\S25\AC9\RGB2_SUB25ACT9F16.jpg,1,1,0.5961607098579407
520,25,9,31,D:\Skripsi\Experiment\data\raw\RGB2\S25\AC9\RGB2_SUB25ACT9F31.jpg,1,0,0.4989722669124603
521,25,9,46,D:\Skripsi\Experiment\data\raw\RGB2\S25\AC9\RGB2_SUB25ACT9F46.jpg,1,1,0.530038595199585
522,25,9,61,D:\Skripsi\Experiment\data\raw\RGB2\S25\AC9\RGB2_SUB25ACT9F61.jpg,1,0,0.46612489223480225
523,25,9,76,D:\Skripsi\Experiment\data\raw\RGB2\S25\AC9\RGB2_SUB25ACT9F76.jpg,1,0,0.44556182622909546
524,26,1,1,D:\Skripsi\Experiment\data\raw\RGB2\S26\AC1\RGB2_SUB26ACT1F1.jpg,0,0,0.3987388610839844
525,26,1,106,D:\Skripsi\Experiment\data\raw\RGB2\S26\AC1\RGB2_SUB26ACT1F106.jpg,0,0,0.34162867069244385
526,26,1,16,D:\Skripsi\Experiment\data\raw\RGB2\S26\AC1\RGB2_SUB26ACT1F16.jpg,0,0,0.4175387918949127
527,26,1,31,D:\Skripsi\Experiment\data\raw\RGB2\S26\AC1\RGB2_SUB26ACT1F31.jpg,0,0,0.3433753252029419
528,26,1,46,D:\Skripsi\Experiment\data\raw\RGB2\S26\AC1\RGB2_SUB26ACT1F46.jpg,0,1,0.5778664946556091
529,26,1,61,D:\Skripsi\Experiment\data\raw\RGB2\S26\AC1\RGB2_SUB26ACT1F61.jpg,0,0,0.4026890993118286
530,26,1,76,D:\Skripsi\Experiment\data\raw\RGB2\S26\AC1\RGB2_SUB26ACT1F76.jpg,0,0,0.44535407423973083
531,26,1,91,D:\Skripsi\Experiment\data\raw\RGB2\S26\AC1\RGB2_SUB26ACT1F91.jpg,0,0,0.4509420692920685
532,26,5,1,D:\Skripsi\Experiment\data\raw\RGB2\S26\AC5\RGB2_SUB26ACT5F1.jpg,1,1,0.5866069197654724
533,26,5,16,D:\Skripsi\Experiment\data\raw\RGB2\S26\AC5\RGB2_SUB26ACT5F16.jpg,1,1,0.616430938243866
534,26,5,31,D:\Skripsi\Experiment\data\raw\RGB2\S26\AC5\RGB2_SUB26ACT5F31.jpg,1,1,0.7065567970275879
535,26,5,46,D:\Skripsi\Experiment\data\raw\RGB2\S26\AC5\RGB2_SUB26ACT5F46.jpg,1,1,0.6531198024749756
536,26,5,61,D:\Skripsi\Experiment\data\raw\RGB2\S26\AC5\RGB2_SUB26ACT5F61.jpg,1,1,0.6302953958511353
537,26,5,76,D:\Skripsi\Experiment\data\raw\RGB2\S26\AC5\RGB2_SUB26ACT5F76.jpg,1,1,0.663913905620575
538,26,6,1,D:\Skripsi\Experiment\data\raw\RGB2\S26\AC6\RGB2_SUB26ACT6F1.jpg,1,1,0.6005947589874268
539,26,6,16,D:\Skripsi\Experiment\data\raw\RGB2\S26\AC6\RGB2_SUB26ACT6F16.jpg,1,1,0.532977283000946
540,26,6,31,D:\Skripsi\Experiment\data\raw\RGB2\S26\AC6\RGB2_SUB26ACT6F31.jpg,1,1,0.5401709079742432
541,26,6,46,D:\Skripsi\Experiment\data\raw\RGB2\S26\AC6\RGB2_SUB26ACT6F46.jpg,1,1,0.6593426465988159
542,26,6,61,D:\Skripsi\Experiment\data\raw\RGB2\S26\AC6\RGB2_SUB26ACT6F61.jpg,1,1,0.5308560729026794
543,26,6,76,D:\Skripsi\Experiment\data\raw\RGB2\S26\AC6\RGB2_SUB26ACT6F76.jpg,1,1,0.6905450224876404
544,26,6,91,D:\Skripsi\Experiment\data\raw\RGB2\S26\AC6\RGB2_SUB26ACT6F91.jpg,1,1,0.5895982384681702
545,26,7,1,D:\Skripsi\Experiment\data\raw\RGB2\S26\AC7\RGB2_SUB26ACT7F1.jpg,1,1,0.5925582051277161
546,26,7,106,D:\Skripsi\Experiment\data\raw\RGB2\S26\AC7\RGB2_SUB26ACT7F106.jpg,1,1,0.6639425158500671
547,26,7,121,D:\Skripsi\Experiment\data\raw\RGB2\S26\AC7\RGB2_SUB26ACT7F121.jpg,1,1,0.6626846790313721
548,26,7,136,D:\Skripsi\Experiment\data\raw\RGB2\S26\AC7\RGB2_SUB26ACT7F136.jpg,1,1,0.637894332408905
549,26,7,151,D:\Skripsi\Experiment\data\raw\RGB2\S26\AC7\RGB2_SUB26ACT7F151.jpg,1,1,0.6289660334587097
550,26,7,16,D:\Skripsi\Experiment\data\raw\RGB2\S26\AC7\RGB2_SUB26ACT7F16.jpg,1,1,0.5113557577133179
551,26,7,166,D:\Skripsi\Experiment\data\raw\RGB2\S26\AC7\RGB2_SUB26ACT7F166.jpg,1,1,0.5844677090644836
552,26,7,31,D:\Skripsi\Experiment\data\raw\RGB2\S26\AC7\RGB2_SUB26ACT7F31.jpg,1,1,0.7304900884628296
553,26,7,46,D:\Skripsi\Experiment\data\raw\RGB2\S26\AC7\RGB2_SUB26ACT7F46.jpg,1,1,0.7315649390220642
554,26,7,61,D:\Skripsi\Experiment\data\raw\RGB2\S26\AC7\RGB2_SUB26ACT7F61.jpg,1,1,0.6444149017333984
555,26,7,76,D:\Skripsi\Experiment\data\raw\RGB2\S26\AC7\RGB2_SUB26ACT7F76.jpg,1,1,0.7370468378067017
556,26,7,91,D:\Skripsi\Experiment\data\raw\RGB2\S26\AC7\RGB2_SUB26ACT7F91.jpg,1,1,0.7627814412117004
557,26,8,1,D:\Skripsi\Experiment\data\raw\RGB2\S26\AC8\RGB2_SUB26ACT8F1.jpg,1,1,0.5478931665420532
558,26,8,106,D:\Skripsi\Experiment\data\raw\RGB2\S26\AC8\RGB2_SUB26ACT8F106.jpg,1,1,0.5360692143440247
559,26,8,16,D:\Skripsi\Experiment\data\raw\RGB2\S26\AC8\RGB2_SUB26ACT8F16.jpg,1,0,0.45647019147872925
560,26,8,31,D:\Skripsi\Experiment\data\raw\RGB2\S26\AC8\RGB2_SUB26ACT8F31.jpg,1,0,0.4426906406879425
561,26,8,46,D:\Skripsi\Experiment\data\raw\RGB2\S26\AC8\RGB2_SUB26ACT8F46.jpg,1,0,0.49534544348716736
562,26,8,61,D:\Skripsi\Experiment\data\raw\RGB2\S26\AC8\RGB2_SUB26ACT8F61.jpg,1,0,0.4864051640033722
563,26,8,76,D:\Skripsi\Experiment\data\raw\RGB2\S26\AC8\RGB2_SUB26ACT8F76.jpg,1,0,0.43763789534568787
564,26,8,91,D:\Skripsi\Experiment\data\raw\RGB2\S26\AC8\RGB2_SUB26ACT8F91.jpg,1,1,0.5745982527732849
565,26,9,1,D:\Skripsi\Experiment\data\raw\RGB2\S26\AC9\RGB2_SUB26ACT9F1.jpg,1,0,0.33465373516082764
566,26,9,106,D:\Skripsi\Experiment\data\raw\RGB2\S26\AC9\RGB2_SUB26ACT9F106.jpg,1,1,0.5506583452224731
567,26,9,121,D:\Skripsi\Experiment\data\raw\RGB2\S26\AC9\RGB2_SUB26ACT9F121.jpg,1,1,0.5702117681503296
568,26,9,16,D:\Skripsi\Experiment\data\raw\RGB2\S26\AC9\RGB2_SUB26ACT9F16.jpg,1,1,0.5114191770553589
569,26,9,31,D:\Skripsi\Experiment\data\raw\RGB2\S26\AC9\RGB2_SUB26ACT9F31.jpg,1,1,0.5860257148742676
570,26,9,46,D:\Skripsi\Experiment\data\raw\RGB2\S26\AC9\RGB2_SUB26ACT9F46.jpg,1,1,0.6709666848182678
571,26,9,61,D:\Skripsi\Experiment\data\raw\RGB2\S26\AC9\RGB2_SUB26ACT9F61.jpg,1,1,0.5641733407974243
572,26,9,76,D:\Skripsi\Experiment\data\raw\RGB2\S26\AC9\RGB2_SUB26ACT9F76.jpg,1,1,0.7119427919387817
573,26,9,91,D:\Skripsi\Experiment\data\raw\RGB2\S26\AC9\RGB2_SUB26ACT9F91.jpg,1,1,0.6287962794303894
574,28,1,1,D:\Skripsi\Experiment\data\raw\RGB2\S28\AC1\RGB2_SUB28ACT1F1.jpg,0,1,0.6250527501106262
575,28,1,106,D:\Skripsi\Experiment\data\raw\RGB2\S28\AC1\RGB2_SUB28ACT1F106.jpg,0,1,0.5566864609718323
576,28,1,121,D:\Skripsi\Experiment\data\raw\RGB2\S28\AC1\RGB2_SUB28ACT1F121.jpg,0,1,0.5167819261550903
577,28,1,16,D:\Skripsi\Experiment\data\raw\RGB2\S28\AC1\RGB2_SUB28ACT1F16.jpg,0,1,0.6428833603858948
578,28,1,31,D:\Skripsi\Experiment\data\raw\RGB2\S28\AC1\RGB2_SUB28ACT1F31.jpg,0,1,0.5849697589874268
579,28,1,46,D:\Skripsi\Experiment\data\raw\RGB2\S28\AC1\RGB2_SUB28ACT1F46.jpg,0,1,0.539345383644104
580,28,1,61,D:\Skripsi\Experiment\data\raw\RGB2\S28\AC1\RGB2_SUB28ACT1F61.jpg,0,1,0.6135140061378479
581,28,1,76,D:\Skripsi\Experiment\data\raw\RGB2\S28\AC1\RGB2_SUB28ACT1F76.jpg,0,1,0.5238605737686157
582,28,1,91,D:\Skripsi\Experiment\data\raw\RGB2\S28\AC1\RGB2_SUB28ACT1F91.jpg,0,0,0.47099828720092773
583,28,5,1,D:\Skripsi\Experiment\data\raw\RGB2\S28\AC5\RGB2_SUB28ACT5F1.jpg,1,1,0.6564021706581116
584,28,5,106,D:\Skripsi\Experiment\data\raw\RGB2\S28\AC5\RGB2_SUB28ACT5F106.jpg,1,0,0.49673280119895935
585,28,5,121,D:\Skripsi\Experiment\data\raw\RGB2\S28\AC5\RGB2_SUB28ACT5F121.jpg,1,0,0.3939902186393738
586,28,5,136,D:\Skripsi\Experiment\data\raw\RGB2\S28\AC5\RGB2_SUB28ACT5F136.jpg,1,0,0.44009989500045776
587,28,5,151,D:\Skripsi\Experiment\data\raw\RGB2\S28\AC5\RGB2_SUB28ACT5F151.jpg,1,0,0.4572553336620331
588,28,5,16,D:\Skripsi\Experiment\data\raw\RGB2\S28\AC5\RGB2_SUB28ACT5F16.jpg,1,1,0.5569736957550049
589,28,5,31,D:\Skripsi\Experiment\data\raw\RGB2\S28\AC5\RGB2_SUB28ACT5F31.jpg,1,1,0.5693860650062561
590,28,5,46,D:\Skripsi\Experiment\data\raw\RGB2\S28\AC5\RGB2_SUB28ACT5F46.jpg,1,0,0.4865212142467499
591,28,5,61,D:\Skripsi\Experiment\data\raw\RGB2\S28\AC5\RGB2_SUB28ACT5F61.jpg,1,1,0.5535916090011597
592,28,5,76,D:\Skripsi\Experiment\data\raw\RGB2\S28\AC5\RGB2_SUB28ACT5F76.jpg,1,1,0.5181973576545715
593,28,5,91,D:\Skripsi\Experiment\data\raw\RGB2\S28\AC5\RGB2_SUB28ACT5F91.jpg,1,1,0.540500283241272
594,28,6,1,D:\Skripsi\Experiment\data\raw\RGB2\S28\AC6\RGB2_SUB28ACT6F1.jpg,1,1,0.5224373936653137
595,28,6,106,D:\Skripsi\Experiment\data\raw\RGB2\S28\AC6\RGB2_SUB28ACT6F106.jpg,1,1,0.5074384808540344
596,28,6,16,D:\Skripsi\Experiment\data\raw\RGB2\S28\AC6\RGB2_SUB28ACT6F16.jpg,1,1,0.540764570236206
597,28,6,31,D:\Skripsi\Experiment\data\raw\RGB2\S28\AC6\RGB2_SUB28ACT6F31.jpg,1,1,0.5515162944793701
598,28,6,46,D:\Skripsi\Experiment\data\raw\RGB2\S28\AC6\RGB2_SUB28ACT6F46.jpg,1,1,0.5665788650512695
599,28,6,61,D:\Skripsi\Experiment\data\raw\RGB2\S28\AC6\RGB2_SUB28ACT6F61.jpg,1,0,0.35750073194503784
600,28,6,76,D:\Skripsi\Experiment\data\raw\RGB2\S28\AC6\RGB2_SUB28ACT6F76.jpg,1,0,0.3819641172885895
601,28,6,91,D:\Skripsi\Experiment\data\raw\RGB2\S28\AC6\RGB2_SUB28ACT6F91.jpg,1,0,0.39087072014808655
602,28,7,1,D:\Skripsi\Experiment\data\raw\RGB2\S28\AC7\RGB2_SUB28ACT7F1.jpg,1,1,0.5238552689552307
603,28,7,106,D:\Skripsi\Experiment\data\raw\RGB2\S28\AC7\RGB2_SUB28ACT7F106.jpg,1,1,0.6712952852249146
604,28,7,121,D:\Skripsi\Experiment\data\raw\RGB2\S28\AC7\RGB2_SUB28ACT7F121.jpg,1,1,0.6310696601867676
605,28,7,136,D:\Skripsi\Experiment\data\raw\RGB2\S28\AC7\RGB2_SUB28ACT7F136.jpg,1,1,0.6475136876106262
606,28,7,151,D:\Skripsi\Experiment\data\raw\RGB2\S28\AC7\RGB2_SUB28ACT7F151.jpg,1,1,0.738257884979248
607,28,7,16,D:\Skripsi\Experiment\data\raw\RGB2\S28\AC7\RGB2_SUB28ACT7F16.jpg,1,1,0.5848410129547119
608,28,7,31,D:\Skripsi\Experiment\data\raw\RGB2\S28\AC7\RGB2_SUB28ACT7F31.jpg,1,1,0.6279618144035339
609,28,7,46,D:\Skripsi\Experiment\data\raw\RGB2\S28\AC7\RGB2_SUB28ACT7F46.jpg,1,1,0.6410419344902039
610,28,7,61,D:\Skripsi\Experiment\data\raw\RGB2\S28\AC7\RGB2_SUB28ACT7F61.jpg,1,1,0.6474872827529907
611,28,7,76,D:\Skripsi\Experiment\data\raw\RGB2\S28\AC7\RGB2_SUB28ACT7F76.jpg,1,1,0.6259130239486694
612,28,7,91,D:\Skripsi\Experiment\data\raw\RGB2\S28\AC7\RGB2_SUB28ACT7F91.jpg,1,1,0.6954533457756042
613,28,8,1,D:\Skripsi\Experiment\data\raw\RGB2\S28\AC8\RGB2_SUB28ACT8F1.jpg,1,1,0.728026270866394
614,28,8,106,D:\Skripsi\Experiment\data\raw\RGB2\S28\AC8\RGB2_SUB28ACT8F106.jpg,1,1,0.6386238932609558
615,28,8,16,D:\Skripsi\Experiment\data\raw\RGB2\S28\AC8\RGB2_SUB28ACT8F16.jpg,1,1,0.6061559319496155
616,28,8,31,D:\Skripsi\Experiment\data\raw\RGB2\S28\AC8\RGB2_SUB28ACT8F31.jpg,1,1,0.5543217658996582
617,28,8,46,D:\Skripsi\Experiment\data\raw\RGB2\S28\AC8\RGB2_SUB28ACT8F46.jpg,1,1,0.5677199959754944
618,28,8,61,D:\Skripsi\Experiment\data\raw\RGB2\S28\AC8\RGB2_SUB28ACT8F61.jpg,1,1,0.6788672804832458
619,28,8,76,D:\Skripsi\Experiment\data\raw\RGB2\S28\AC8\RGB2_SUB28ACT8F76.jpg,1,1,0.5976905226707458
620,28,8,91,D:\Skripsi\Experiment\data\raw\RGB2\S28\AC8\RGB2_SUB28ACT8F91.jpg,1,1,0.6283531188964844
621,28,9,1,D:\Skripsi\Experiment\data\raw\RGB2\S28\AC9\RGB2_SUB28ACT9F1.jpg,1,1,0.8054643273353577
622,28,9,106,D:\Skripsi\Experiment\data\raw\RGB2\S28\AC9\RGB2_SUB28ACT9F106.jpg,1,1,0.5846549272537231
623,28,9,121,D:\Skripsi\Experiment\data\raw\RGB2\S28\AC9\RGB2_SUB28ACT9F121.jpg,1,1,0.5474156141281128
624,28,9,136,D:\Skripsi\Experiment\data\raw\RGB2\S28\AC9\RGB2_SUB28ACT9F136.jpg,1,1,0.5793588757514954
625,28,9,151,D:\Skripsi\Experiment\data\raw\RGB2\S28\AC9\RGB2_SUB28ACT9F151.jpg,1,0,0.47131896018981934
626,28,9,16,D:\Skripsi\Experiment\data\raw\RGB2\S28\AC9\RGB2_SUB28ACT9F16.jpg,1,1,0.7356297373771667
627,28,9,31,D:\Skripsi\Experiment\data\raw\RGB2\S28\AC9\RGB2_SUB28ACT9F31.jpg,1,1,0.7411907315254211
628,28,9,46,D:\Skripsi\Experiment\data\raw\RGB2\S28\AC9\RGB2_SUB28ACT9F46.jpg,1,1,0.7765842080116272
629,28,9,61,D:\Skripsi\Experiment\data\raw\RGB2\S28\AC9\RGB2_SUB28ACT9F61.jpg,1,1,0.6547911763191223
630,28,9,76,D:\Skripsi\Experiment\data\raw\RGB2\S28\AC9\RGB2_SUB28ACT9F76.jpg,1,1,0.7610401511192322
631,28,9,91,D:\Skripsi\Experiment\data\raw\RGB2\S28\AC9\RGB2_SUB28ACT9F91.jpg,1,1,0.7449761629104614
632,29,1,1,D:\Skripsi\Experiment\data\raw\RGB2\S29\AC1\RGB2_SUB29ACT1F1.jpg,0,1,0.7209155559539795
633,29,1,106,D:\Skripsi\Experiment\data\raw\RGB2\S29\AC1\RGB2_SUB29ACT1F106.jpg,0,0,0.4247110188007355
634,29,1,121,D:\Skripsi\Experiment\data\raw\RGB2\S29\AC1\RGB2_SUB29ACT1F121.jpg,0,0,0.4853895306587219
635,29,1,16,D:\Skripsi\Experiment\data\raw\RGB2\S29\AC1\RGB2_SUB29ACT1F16.jpg,0,1,0.7733328342437744
636,29,1,31,D:\Skripsi\Experiment\data\raw\RGB2\S29\AC1\RGB2_SUB29ACT1F31.jpg,0,0,0.3996664881706238
637,29,1,46,D:\Skripsi\Experiment\data\raw\RGB2\S29\AC1\RGB2_SUB29ACT1F46.jpg,0,0,0.39811715483665466
638,29,1,61,D:\Skripsi\Experiment\data\raw\RGB2\S29\AC1\RGB2_SUB29ACT1F61.jpg,0,0,0.4791184961795807
639,29,1,76,D:\Skripsi\Experiment\data\raw\RGB2\S29\AC1\RGB2_SUB29ACT1F76.jpg,0,0,0.35761788487434387
640,29,1,91,D:\Skripsi\Experiment\data\raw\RGB2\S29\AC1\RGB2_SUB29ACT1F91.jpg,0,0,0.4254034459590912
641,29,5,1,D:\Skripsi\Experiment\data\raw\RGB2\S29\AC5\RGB2_SUB29ACT5F1.jpg,1,1,0.6235052347183228
642,29,5,106,D:\Skripsi\Experiment\data\raw\RGB2\S29\AC5\RGB2_SUB29ACT5F106.jpg,1,1,0.6023545265197754
643,29,5,121,D:\Skripsi\Experiment\data\raw\RGB2\S29\AC5\RGB2_SUB29ACT5F121.jpg,1,1,0.564293622970581
644,29,5,16,D:\Skripsi\Experiment\data\raw\RGB2\S29\AC5\RGB2_SUB29ACT5F16.jpg,1,1,0.6234142780303955
645,29,5,31,D:\Skripsi\Experiment\data\raw\RGB2\S29\AC5\RGB2_SUB29ACT5F31.jpg,1,1,0.6806742548942566
646,29,5,46,D:\Skripsi\Experiment\data\raw\RGB2\S29\AC5\RGB2_SUB29ACT5F46.jpg,1,1,0.6464367508888245
647,29,5,61,D:\Skripsi\Experiment\data\raw\RGB2\S29\AC5\RGB2_SUB29ACT5F61.jpg,1,1,0.66512131690979
648,29,5,76,D:\Skripsi\Experiment\data\raw\RGB2\S29\AC5\RGB2_SUB29ACT5F76.jpg,1,0,0.4899434745311737
649,29,5,91,D:\Skripsi\Experiment\data\raw\RGB2\S29\AC5\RGB2_SUB29ACT5F91.jpg,1,1,0.6958436965942383
650,29,6,1,D:\Skripsi\Experiment\data\raw\RGB2\S29\AC6\RGB2_SUB29ACT6F1.jpg,1,0,0.348265677690506
651,29,6,106,D:\Skripsi\Experiment\data\raw\RGB2\S29\AC6\RGB2_SUB29ACT6F106.jpg,1,0,0.4702491760253906
652,29,6,16,D:\Skripsi\Experiment\data\raw\RGB2\S29\AC6\RGB2_SUB29ACT6F16.jpg,1,1,0.6233326196670532
653,29,6,31,D:\Skripsi\Experiment\data\raw\RGB2\S29\AC6\RGB2_SUB29ACT6F31.jpg,1,0,0.4977026581764221
654,29,6,46,D:\Skripsi\Experiment\data\raw\RGB2\S29\AC6\RGB2_SUB29ACT6F46.jpg,1,1,0.6760722398757935
655,29,6,61,D:\Skripsi\Experiment\data\raw\RGB2\S29\AC6\RGB2_SUB29ACT6F61.jpg,1,1,0.6822770833969116
656,29,6,76,D:\Skripsi\Experiment\data\raw\RGB2\S29\AC6\RGB2_SUB29ACT6F76.jpg,1,1,0.5347083806991577
657,29,6,91,D:\Skripsi\Experiment\data\raw\RGB2\S29\AC6\RGB2_SUB29ACT6F91.jpg,1,1,0.5346202850341797
658,29,7,1,D:\Skripsi\Experiment\data\raw\RGB2\S29\AC7\RGB2_SUB29ACT7F1.jpg,1,1,0.5186798572540283
659,29,7,106,D:\Skripsi\Experiment\data\raw\RGB2\S29\AC7\RGB2_SUB29ACT7F106.jpg,1,1,0.5701649785041809
660,29,7,121,D:\Skripsi\Experiment\data\raw\RGB2\S29\AC7\RGB2_SUB29ACT7F121.jpg,1,0,0.4934827983379364
661,29,7,16,D:\Skripsi\Experiment\data\raw\RGB2\S29\AC7\RGB2_SUB29ACT7F16.jpg,1,0,0.4965267479419708
662,29,7,31,D:\Skripsi\Experiment\data\raw\RGB2\S29\AC7\RGB2_SUB29ACT7F31.jpg,1,0,0.4852541387081146
663,29,7,46,D:\Skripsi\Experiment\data\raw\RGB2\S29\AC7\RGB2_SUB29ACT7F46.jpg,1,0,0.496410071849823
664,29,7,61,D:\Skripsi\Experiment\data\raw\RGB2\S29\AC7\RGB2_SUB29ACT7F61.jpg,1,0,0.49954548478126526
665,29,7,76,D:\Skripsi\Experiment\data\raw\RGB2\S29\AC7\RGB2_SUB29ACT7F76.jpg,1,0,0.49407532811164856
666,29,7,91,D:\Skripsi\Experiment\data\raw\RGB2\S29\AC7\RGB2_SUB29ACT7F91.jpg,1,1,0.5614402294158936
667,29,8,1,D:\Skripsi\Experiment\data\raw\RGB2\S29\AC8\RGB2_SUB29ACT8F1.jpg,1,0,0.45138874650001526
668,29,8,106,D:\Skripsi\Experiment\data\raw\RGB2\S29\AC8\RGB2_SUB29ACT8F106.jpg,1,0,0.4781073331832886
669,29,8,121,D:\Skripsi\Experiment\data\raw\RGB2\S29\AC8\RGB2_SUB29ACT8F121.jpg,1,1,0.5110938549041748
670,29,8,136,D:\Skripsi\Experiment\data\raw\RGB2\S29\AC8\RGB2_SUB29ACT8F136.jpg,1,1,0.5463617444038391
671,29,8,151,D:\Skripsi\Experiment\data\raw\RGB2\S29\AC8\RGB2_SUB29ACT8F151.jpg,1,0,0.4228915274143219
672,29,8,16,D:\Skripsi\Experiment\data\raw\RGB2\S29\AC8\RGB2_SUB29ACT8F16.jpg,1,0,0.3806737959384918
673,29,8,31,D:\Skripsi\Experiment\data\raw\RGB2\S29\AC8\RGB2_SUB29ACT8F31.jpg,1,0,0.2803117036819458
674,29,8,46,D:\Skripsi\Experiment\data\raw\RGB2\S29\AC8\RGB2_SUB29ACT8F46.jpg,1,0,0.3169674277305603
675,29,8,61,D:\Skripsi\Experiment\data\raw\RGB2\S29\AC8\RGB2_SUB29ACT8F61.jpg,1,0,0.4894997477531433
676,29,8,76,D:\Skripsi\Experiment\data\raw\RGB2\S29\AC8\RGB2_SUB29ACT8F76.jpg,1,0,0.4400615096092224
677,29,8,91,D:\Skripsi\Experiment\data\raw\RGB2\S29\AC8\RGB2_SUB29ACT8F91.jpg,1,0,0.49953874945640564
678,29,9,1,D:\Skripsi\Experiment\data\raw\RGB2\S29\AC9\RGB2_SUB29ACT9F1.jpg,1,1,0.5976508259773254
679,29,9,106,D:\Skripsi\Experiment\data\raw\RGB2\S29\AC9\RGB2_SUB29ACT9F106.jpg,1,1,0.7214879989624023
680,29,9,121,D:\Skripsi\Experiment\data\raw\RGB2\S29\AC9\RGB2_SUB29ACT9F121.jpg,1,1,0.6656742095947266
681,29,9,136,D:\Skripsi\Experiment\data\raw\RGB2\S29\AC9\RGB2_SUB29ACT9F136.jpg,1,0,0.4664173722267151
682,29,9,151,D:\Skripsi\Experiment\data\raw\RGB2\S29\AC9\RGB2_SUB29ACT9F151.jpg,1,1,0.6070003509521484
683,29,9,16,D:\Skripsi\Experiment\data\raw\RGB2\S29\AC9\RGB2_SUB29ACT9F16.jpg,1,1,0.6638777852058411
684,29,9,31,D:\Skripsi\Experiment\data\raw\RGB2\S29\AC9\RGB2_SUB29ACT9F31.jpg,1,1,0.5617754459381104
685,29,9,46,D:\Skripsi\Experiment\data\raw\RGB2\S29\AC9\RGB2_SUB29ACT9F46.jpg,1,1,0.7044609785079956
686,29,9,61,D:\Skripsi\Experiment\data\raw\RGB2\S29\AC9\RGB2_SUB29ACT9F61.jpg,1,1,0.5659421682357788
687,29,9,76,D:\Skripsi\Experiment\data\raw\RGB2\S29\AC9\RGB2_SUB29ACT9F76.jpg,1,1,0.620570182800293
688,29,9,91,D:\Skripsi\Experiment\data\raw\RGB2\S29\AC9\RGB2_SUB29ACT9F91.jpg,1,1,0.7205564975738525
689,30,1,1,D:\Skripsi\Experiment\data\raw\RGB2\S30\AC1\RGB2_SUB30ACT1F1.jpg,0,1,0.5303907990455627
690,30,1,106,D:\Skripsi\Experiment\data\raw\RGB2\S30\AC1\RGB2_SUB30ACT1F106.jpg,0,0,0.3954578638076782
691,30,1,16,D:\Skripsi\Experiment\data\raw\RGB2\S30\AC1\RGB2_SUB30ACT1F16.jpg,0,0,0.3517540395259857
692,30,1,31,D:\Skripsi\Experiment\data\raw\RGB2\S30\AC1\RGB2_SUB30ACT1F31.jpg,0,0,0.4915866553783417
693,30,1,46,D:\Skripsi\Experiment\data\raw\RGB2\S30\AC1\RGB2_SUB30ACT1F46.jpg,0,0,0.45918959379196167
694,30,1,61,D:\Skripsi\Experiment\data\raw\RGB2\S30\AC1\RGB2_SUB30ACT1F61.jpg,0,0,0.4093969166278839
695,30,1,76,D:\Skripsi\Experiment\data\raw\RGB2\S30\AC1\RGB2_SUB30ACT1F76.jpg,0,0,0.30957362055778503
696,30,1,91,D:\Skripsi\Experiment\data\raw\RGB2\S30\AC1\RGB2_SUB30ACT1F91.jpg,0,0,0.44935622811317444
697,30,5,1,D:\Skripsi\Experiment\data\raw\RGB2\S30\AC5\RGB2_SUB30ACT5F1.jpg,1,1,0.5289594531059265
698,30,5,106,D:\Skripsi\Experiment\data\raw\RGB2\S30\AC5\RGB2_SUB30ACT5F106.jpg,1,1,0.5581144094467163
699,30,5,16,D:\Skripsi\Experiment\data\raw\RGB2\S30\AC5\RGB2_SUB30ACT5F16.jpg,1,0,0.45783284306526184
700,30,5,31,D:\Skripsi\Experiment\data\raw\RGB2\S30\AC5\RGB2_SUB30ACT5F31.jpg,1,1,0.5519163608551025
701,30,5,46,D:\Skripsi\Experiment\data\raw\RGB2\S30\AC5\RGB2_SUB30ACT5F46.jpg,1,0,0.48910588026046753
702,30,5,61,D:\Skripsi\Experiment\data\raw\RGB2\S30\AC5\RGB2_SUB30ACT5F61.jpg,1,0,0.4404686987400055
703,30,5,76,D:\Skripsi\Experiment\data\raw\RGB2\S30\AC5\RGB2_SUB30ACT5F76.jpg,1,1,0.5171188712120056
704,30,5,91,D:\Skripsi\Experiment\data\raw\RGB2\S30\AC5\RGB2_SUB30ACT5F91.jpg,1,0,0.4856497645378113
705,30,6,1,D:\Skripsi\Experiment\data\raw\RGB2\S30\AC6\RGB2_SUB30ACT6F1.jpg,1,0,0.4394165873527527
706,30,6,106,D:\Skripsi\Experiment\data\raw\RGB2\S30\AC6\RGB2_SUB30ACT6F106.jpg,1,0,0.4074282944202423
707,30,6,121,D:\Skripsi\Experiment\data\raw\RGB2\S30\AC6\RGB2_SUB30ACT6F121.jpg,1,0,0.4630911350250244
708,30,6,16,D:\Skripsi\Experiment\data\raw\RGB2\S30\AC6\RGB2_SUB30ACT6F16.jpg,1,1,0.5566268563270569
709,30,6,31,D:\Skripsi\Experiment\data\raw\RGB2\S30\AC6\RGB2_SUB30ACT6F31.jpg,1,0,0.44071242213249207
710,30,6,46,D:\Skripsi\Experiment\data\raw\RGB2\S30\AC6\RGB2_SUB30ACT6F46.jpg,1,0,0.4979625642299652
711,30,6,61,D:\Skripsi\Experiment\data\raw\RGB2\S30\AC6\RGB2_SUB30ACT6F61.jpg,1,0,0.45118463039398193
712,30,6,76,D:\Skripsi\Experiment\data\raw\RGB2\S30\AC6\RGB2_SUB30ACT6F76.jpg,1,0,0.4878297448158264
713,30,6,91,D:\Skripsi\Experiment\data\raw\RGB2\S30\AC6\RGB2_SUB30ACT6F91.jpg,1,0,0.4300415813922882
714,30,7,1,D:\Skripsi\Experiment\data\raw\RGB2\S30\AC7\RGB2_SUB30ACT7F1.jpg,1,0,0.47739750146865845
715,30,7,106,D:\Skripsi\Experiment\data\raw\RGB2\S30\AC7\RGB2_SUB30ACT7F106.jpg,1,1,0.6050030589103699
716,30,7,121,D:\Skripsi\Experiment\data\raw\RGB2\S30\AC7\RGB2_SUB30ACT7F121.jpg,1,1,0.7205252051353455
717,30,7,136,D:\Skripsi\Experiment\data\raw\RGB2\S30\AC7\RGB2_SUB30ACT7F136.jpg,1,1,0.6603131890296936
718,30,7,151,D:\Skripsi\Experiment\data\raw\RGB2\S30\AC7\RGB2_SUB30ACT7F151.jpg,1,1,0.6883448362350464
719,30,7,16,D:\Skripsi\Experiment\data\raw\RGB2\S30\AC7\RGB2_SUB30ACT7F16.jpg,1,1,0.5493124127388
720,30,7,166,D:\Skripsi\Experiment\data\raw\RGB2\S30\AC7\RGB2_SUB30ACT7F166.jpg,1,1,0.5932906866073608
721,30,7,31,D:\Skripsi\Experiment\data\raw\RGB2\S30\AC7\RGB2_SUB30ACT7F31.jpg,1,0,0.4826103746891022
722,30,7,46,D:\Skripsi\Experiment\data\raw\RGB2\S30\AC7\RGB2_SUB30ACT7F46.jpg,1,1,0.5435129404067993
723,30,7,61,D:\Skripsi\Experiment\data\raw\RGB2\S30\AC7\RGB2_SUB30ACT7F61.jpg,1,1,0.6518449187278748
724,30,7,76,D:\Skripsi\Experiment\data\raw\RGB2\S30\AC7\RGB2_SUB30ACT7F76.jpg,1,1,0.6471617817878723
725,30,7,91,D:\Skripsi\Experiment\data\raw\RGB2\S30\AC7\RGB2_SUB30ACT7F91.jpg,1,1,0.5689150094985962
726,30,8,1,D:\Skripsi\Experiment\data\raw\RGB2\S30\AC8\RGB2_SUB30ACT8F1.jpg,1,1,0.6329482793807983
727,30,8,106,D:\Skripsi\Experiment\data\raw\RGB2\S30\AC8\RGB2_SUB30ACT8F106.jpg,1,1,0.5892701148986816
728,30,8,121,D:\Skripsi\Experiment\data\raw\RGB2\S30\AC8\RGB2_SUB30ACT8F121.jpg,1,1,0.6802305579185486
729,30,8,136,D:\Skripsi\Experiment\data\raw\RGB2\S30\AC8\RGB2_SUB30ACT8F136.jpg,1,1,0.7318174242973328
730,30,8,16,D:\Skripsi\Experiment\data\raw\RGB2\S30\AC8\RGB2_SUB30ACT8F16.jpg,1,1,0.5149408578872681
731,30,8,31,D:\Skripsi\Experiment\data\raw\RGB2\S30\AC8\RGB2_SUB30ACT8F31.jpg,1,0,0.46725183725357056
732,30,8,46,D:\Skripsi\Experiment\data\raw\RGB2\S30\AC8\RGB2_SUB30ACT8F46.jpg,1,1,0.594251811504364
733,30,8,61,D:\Skripsi\Experiment\data\raw\RGB2\S30\AC8\RGB2_SUB30ACT8F61.jpg,1,1,0.5029663443565369
734,30,8,76,D:\Skripsi\Experiment\data\raw\RGB2\S30\AC8\RGB2_SUB30ACT8F76.jpg,1,1,0.557526171207428
735,30,8,91,D:\Skripsi\Experiment\data\raw\RGB2\S30\AC8\RGB2_SUB30ACT8F91.jpg,1,0,0.45124107599258423
736,30,9,1,D:\Skripsi\Experiment\data\raw\RGB2\S30\AC9\RGB2_SUB30ACT9F1.jpg,1,1,0.6616783142089844
737,30,9,106,D:\Skripsi\Experiment\data\raw\RGB2\S30\AC9\RGB2_SUB30ACT9F106.jpg,1,1,0.716164767742157
738,30,9,121,D:\Skripsi\Experiment\data\raw\RGB2\S30\AC9\RGB2_SUB30ACT9F121.jpg,1,1,0.5468845367431641
739,30,9,16,D:\Skripsi\Experiment\data\raw\RGB2\S30\AC9\RGB2_SUB30ACT9F16.jpg,1,1,0.6234666705131531
740,30,9,31,D:\Skripsi\Experiment\data\raw\RGB2\S30\AC9\RGB2_SUB30ACT9F31.jpg,1,1,0.5929818153381348
741,30,9,46,D:\Skripsi\Experiment\data\raw\RGB2\S30\AC9\RGB2_SUB30ACT9F46.jpg,1,0,0.4855358600616455
742,30,9,61,D:\Skripsi\Experiment\data\raw\RGB2\S30\AC9\RGB2_SUB30ACT9F61.jpg,1,1,0.526645839214325
743,30,9,76,D:\Skripsi\Experiment\data\raw\RGB2\S30\AC9\RGB2_SUB30ACT9F76.jpg,1,0,0.43107709288597107
744,30,9,91,D:\Skripsi\Experiment\data\raw\RGB2\S30\AC9\RGB2_SUB30ACT9F91.jpg,1,1,0.6072129607200623
745,31,1,1,D:\Skripsi\Experiment\data\raw\RGB2\S31\AC1\RGB2_SUB31ACT1F1.jpg,0,0,0.47359469532966614
746,31,1,16,D:\Skripsi\Experiment\data\raw\RGB2\S31\AC1\RGB2_SUB31ACT1F16.jpg,0,1,0.5606191158294678
747,31,1,31,D:\Skripsi\Experiment\data\raw\RGB2\S31\AC1\RGB2_SUB31ACT1F31.jpg,0,0,0.4019099771976471
748,31,1,46,D:\Skripsi\Experiment\data\raw\RGB2\S31\AC1\RGB2_SUB31ACT1F46.jpg,0,1,0.5586715340614319
749,31,1,61,D:\Skripsi\Experiment\data\raw\RGB2\S31\AC1\RGB2_SUB31ACT1F61.jpg,0,1,0.5595861077308655
750,31,1,76,D:\Skripsi\Experiment\data\raw\RGB2\S31\AC1\RGB2_SUB31ACT1F76.jpg,0,0,0.41518932580947876
751,31,1,91,D:\Skripsi\Experiment\data\raw\RGB2\S31\AC1\RGB2_SUB31ACT1F91.jpg,0,1,0.6693771481513977
752,31,5,1,D:\Skripsi\Experiment\data\raw\RGB2\S31\AC5\RGB2_SUB31ACT5F1.jpg,1,1,0.5304774045944214
753,31,5,16,D:\Skripsi\Experiment\data\raw\RGB2\S31\AC5\RGB2_SUB31ACT5F16.jpg,1,1,0.5866910219192505
754,31,5,31,D:\Skripsi\Experiment\data\raw\RGB2\S31\AC5\RGB2_SUB31ACT5F31.jpg,1,1,0.652652382850647
755,31,5,46,D:\Skripsi\Experiment\data\raw\RGB2\S31\AC5\RGB2_SUB31ACT5F46.jpg,1,1,0.5835734605789185
756,31,5,61,D:\Skripsi\Experiment\data\raw\RGB2\S31\AC5\RGB2_SUB31ACT5F61.jpg,1,1,0.5587218403816223
757,31,5,76,D:\Skripsi\Experiment\data\raw\RGB2\S31\AC5\RGB2_SUB31ACT5F76.jpg,1,1,0.5938163995742798
758,31,5,91,D:\Skripsi\Experiment\data\raw\RGB2\S31\AC5\RGB2_SUB31ACT5F91.jpg,1,1,0.5258342623710632
759,31,6,1,D:\Skripsi\Experiment\data\raw\RGB2\S31\AC6\RGB2_SUB31ACT6F1.jpg,1,0,0.4077253043651581
760,31,6,16,D:\Skripsi\Experiment\data\raw\RGB2\S31\AC6\RGB2_SUB31ACT6F16.jpg,1,1,0.5921649932861328
761,31,6,31,D:\Skripsi\Experiment\data\raw\RGB2\S31\AC6\RGB2_SUB31ACT6F31.jpg,1,1,0.7029973864555359
762,31,6,46,D:\Skripsi\Experiment\data\raw\RGB2\S31\AC6\RGB2_SUB31ACT6F46.jpg,1,1,0.5221955180168152
763,31,6,61,D:\Skripsi\Experiment\data\raw\RGB2\S31\AC6\RGB2_SUB31ACT6F61.jpg,1,1,0.5630527138710022
764,31,6,76,D:\Skripsi\Experiment\data\raw\RGB2\S31\AC6\RGB2_SUB31ACT6F76.jpg,1,1,0.634602427482605
765,31,7,1,D:\Skripsi\Experiment\data\raw\RGB2\S31\AC7\RGB2_SUB31ACT7F1.jpg,1,1,0.6156914830207825
766,31,7,106,D:\Skripsi\Experiment\data\raw\RGB2\S31\AC7\RGB2_SUB31ACT7F106.jpg,1,1,0.5782998204231262
767,31,7,16,D:\Skripsi\Experiment\data\raw\RGB2\S31\AC7\RGB2_SUB31ACT7F16.jpg,1,1,0.6012922525405884
768,31,7,31,D:\Skripsi\Experiment\data\raw\RGB2\S31\AC7\RGB2_SUB31ACT7F31.jpg,1,1,0.6722320914268494
769,31,7,46,D:\Skripsi\Experiment\data\raw\RGB2\S31\AC7\RGB2_SUB31ACT7F46.jpg,1,1,0.6523833870887756
770,31,7,61,D:\Skripsi\Experiment\data\raw\RGB2\S31\AC7\RGB2_SUB31ACT7F61.jpg,1,1,0.6048389673233032
771,31,7,76,D:\Skripsi\Experiment\data\raw\RGB2\S31\AC7\RGB2_SUB31ACT7F76.jpg,1,1,0.6541599035263062
772,31,7,91,D:\Skripsi\Experiment\data\raw\RGB2\S31\AC7\RGB2_SUB31ACT7F91.jpg,1,0,0.47244760394096375
773,31,8,1,D:\Skripsi\Experiment\data\raw\RGB2\S31\AC8\RGB2_SUB31ACT8F1.jpg,1,1,0.5915667414665222
774,31,8,106,D:\Skripsi\Experiment\data\raw\RGB2\S31\AC8\RGB2_SUB31ACT8F106.jpg,1,0,0.4676925539970398
775,31,8,121,D:\Skripsi\Experiment\data\raw\RGB2\S31\AC8\RGB2_SUB31ACT8F121.jpg,1,1,0.551602840423584
776,31,8,16,D:\Skripsi\Experiment\data\raw\RGB2\S31\AC8\RGB2_SUB31ACT8F16.jpg,1,1,0.6079794764518738
777,31,8,31,D:\Skripsi\Experiment\data\raw\RGB2\S31\AC8\RGB2_SUB31ACT8F31.jpg,1,1,0.684585452079773
778,31,8,46,D:\Skripsi\Experiment\data\raw\RGB2\S31\AC8\RGB2_SUB31ACT8F46.jpg,1,1,0.5719504952430725
779,31,8,61,D:\Skripsi\Experiment\data\raw\RGB2\S31\AC8\RGB2_SUB31ACT8F61.jpg,1,1,0.5597958564758301
780,31,8,76,D:\Skripsi\Experiment\data\raw\RGB2\S31\AC8\RGB2_SUB31ACT8F76.jpg,1,1,0.6484674215316772
781,31,8,91,D:\Skripsi\Experiment\data\raw\RGB2\S31\AC8\RGB2_SUB31ACT8F91.jpg,1,1,0.6035965085029602
782,31,9,1,D:\Skripsi\Experiment\data\raw\RGB2\S31\AC9\RGB2_SUB31ACT9F1.jpg,1,1,0.6480463147163391
783,31,9,106,D:\Skripsi\Experiment\data\raw\RGB2\S31\AC9\RGB2_SUB31ACT9F106.jpg,1,1,0.5489531755447388
784,31,9,121,D:\Skripsi\Experiment\data\raw\RGB2\S31\AC9\RGB2_SUB31ACT9F121.jpg,1,1,0.5951637625694275
785,31,9,136,D:\Skripsi\Experiment\data\raw\RGB2\S31\AC9\RGB2_SUB31ACT9F136.jpg,1,1,0.5988760590553284
786,31,9,16,D:\Skripsi\Experiment\data\raw\RGB2\S31\AC9\RGB2_SUB31ACT9F16.jpg,1,1,0.5521087050437927
787,31,9,31,D:\Skripsi\Experiment\data\raw\RGB2\S31\AC9\RGB2_SUB31ACT9F31.jpg,1,1,0.699506402015686
788,31,9,46,D:\Skripsi\Experiment\data\raw\RGB2\S31\AC9\RGB2_SUB31ACT9F46.jpg,1,1,0.6522659063339233
789,31,9,61,D:\Skripsi\Experiment\data\raw\RGB2\S31\AC9\RGB2_SUB31ACT9F61.jpg,1,1,0.6163262724876404
790,31,9,76,D:\Skripsi\Experiment\data\raw\RGB2\S31\AC9\RGB2_SUB31ACT9F76.jpg,1,1,0.5347280502319336
791,31,9,91,D:\Skripsi\Experiment\data\raw\RGB2\S31\AC9\RGB2_SUB31ACT9F91.jpg,1,1,0.5201993584632874
792,32,1,1,D:\Skripsi\Experiment\data\raw\RGB2\S32\AC1\RGB2_SUB32ACT1F1.jpg,0,1,0.7026723623275757
793,32,1,16,D:\Skripsi\Experiment\data\raw\RGB2\S32\AC1\RGB2_SUB32ACT1F16.jpg,0,1,0.6455715298652649
794,32,1,31,D:\Skripsi\Experiment\data\raw\RGB2\S32\AC1\RGB2_SUB32ACT1F31.jpg,0,0,0.4429436922073364
795,32,1,46,D:\Skripsi\Experiment\data\raw\RGB2\S32\AC1\RGB2_SUB32ACT1F46.jpg,0,0,0.4411602318286896
796,32,1,61,D:\Skripsi\Experiment\data\raw\RGB2\S32\AC1\RGB2_SUB32ACT1F61.jpg,0,0,0.4143308401107788
797,32,1,76,D:\Skripsi\Experiment\data\raw\RGB2\S32\AC1\RGB2_SUB32ACT1F76.jpg,0,0,0.4356573820114136
798,32,1,91,D:\Skripsi\Experiment\data\raw\RGB2\S32\AC1\RGB2_SUB32ACT1F91.jpg,0,0,0.49123138189315796
799,32,5,1,D:\Skripsi\Experiment\data\raw\RGB2\S32\AC5\RGB2_SUB32ACT5F1.jpg,1,1,0.7786269783973694
800,32,5,16,D:\Skripsi\Experiment\data\raw\RGB2\S32\AC5\RGB2_SUB32ACT5F16.jpg,1,1,0.7068228125572205
801,32,5,31,D:\Skripsi\Experiment\data\raw\RGB2\S32\AC5\RGB2_SUB32ACT5F31.jpg,1,1,0.6956586241722107
802,32,5,46,D:\Skripsi\Experiment\data\raw\RGB2\S32\AC5\RGB2_SUB32ACT5F46.jpg,1,1,0.7721776962280273
803,32,5,61,D:\Skripsi\Experiment\data\raw\RGB2\S32\AC5\RGB2_SUB32ACT5F61.jpg,1,1,0.6850613951683044
804,32,5,76,D:\Skripsi\Experiment\data\raw\RGB2\S32\AC5\RGB2_SUB32ACT5F76.jpg,1,1,0.6618795990943909
805,32,5,91,D:\Skripsi\Experiment\data\raw\RGB2\S32\AC5\RGB2_SUB32ACT5F91.jpg,1,1,0.5997914671897888
806,32,6,1,D:\Skripsi\Experiment\data\raw\RGB2\S32\AC6\RGB2_SUB32ACT6F1.jpg,1,0,0.3785519003868103
807,32,6,16,D:\Skripsi\Experiment\data\raw\RGB2\S32\AC6\RGB2_SUB32ACT6F16.jpg,1,0,0.4988399147987366
808,32,6,31,D:\Skripsi\Experiment\data\raw\RGB2\S32\AC6\RGB2_SUB32ACT6F31.jpg,1,0,0.4779731035232544
809,32,6,46,D:\Skripsi\Experiment\data\raw\RGB2\S32\AC6\RGB2_SUB32ACT6F46.jpg,1,1,0.5693278312683105
810,32,6,61,D:\Skripsi\Experiment\data\raw\RGB2\S32\AC6\RGB2_SUB32ACT6F61.jpg,1,0,0.49544456601142883
811,32,6,76,D:\Skripsi\Experiment\data\raw\RGB2\S32\AC6\RGB2_SUB32ACT6F76.jpg,1,1,0.5148420929908752
812,32,6,91,D:\Skripsi\Experiment\data\raw\RGB2\S32\AC6\RGB2_SUB32ACT6F91.jpg,1,1,0.5573729872703552
813,32,7,1,D:\Skripsi\Experiment\data\raw\RGB2\S32\AC7\RGB2_SUB32ACT7F1.jpg,1,1,0.6567614674568176
814,32,7,16,D:\Skripsi\Experiment\data\raw\RGB2\S32\AC7\RGB2_SUB32ACT7F16.jpg,1,1,0.7862407565116882
815,32,7,31,D:\Skripsi\Experiment\data\raw\RGB2\S32\AC7\RGB2_SUB32ACT7F31.jpg,1,1,0.7047831416130066
816,32,7,46,D:\Skripsi\Experiment\data\raw\RGB2\S32\AC7\RGB2_SUB32ACT7F46.jpg,1,1,0.7622538805007935
817,32,7,61,D:\Skripsi\Experiment\data\raw\RGB2\S32\AC7\RGB2_SUB32ACT7F61.jpg,1,1,0.6077457070350647
818,32,7,76,D:\Skripsi\Experiment\data\raw\RGB2\S32\AC7\RGB2_SUB32ACT7F76.jpg,1,1,0.6537603735923767
819,32,7,91,D:\Skripsi\Experiment\data\raw\RGB2\S32\AC7\RGB2_SUB32ACT7F91.jpg,1,1,0.6405616402626038
820,32,8,1,D:\Skripsi\Experiment\data\raw\RGB2\S32\AC8\RGB2_SUB32ACT8F1.jpg,1,1,0.6156359910964966
821,32,8,16,D:\Skripsi\Experiment\data\raw\RGB2\S32\AC8\RGB2_SUB32ACT8F16.jpg,1,1,0.664217472076416
822,32,8,31,D:\Skripsi\Experiment\data\raw\RGB2\S32\AC8\RGB2_SUB32ACT8F31.jpg,1,1,0.5489028096199036
823,32,8,46,D:\Skripsi\Experiment\data\raw\RGB2\S32\AC8\RGB2_SUB32ACT8F46.jpg,1,1,0.5393951535224915
824,32,8,61,D:\Skripsi\Experiment\data\raw\RGB2\S32\AC8\RGB2_SUB32ACT8F61.jpg,1,1,0.7240755558013916
825,32,8,76,D:\Skripsi\Experiment\data\raw\RGB2\S32\AC8\RGB2_SUB32ACT8F76.jpg,1,1,0.7705965638160706
826,32,9,1,D:\Skripsi\Experiment\data\raw\RGB2\S32\AC9\RGB2_SUB32ACT9F1.jpg,1,1,0.5681801438331604
827,32,9,16,D:\Skripsi\Experiment\data\raw\RGB2\S32\AC9\RGB2_SUB32ACT9F16.jpg,1,1,0.5957932472229004
828,32,9,31,D:\Skripsi\Experiment\data\raw\RGB2\S32\AC9\RGB2_SUB32ACT9F31.jpg,1,1,0.544525682926178
829,32,9,46,D:\Skripsi\Experiment\data\raw\RGB2\S32\AC9\RGB2_SUB32ACT9F46.jpg,1,1,0.6028571724891663
830,32,9,61,D:\Skripsi\Experiment\data\raw\RGB2\S32\AC9\RGB2_SUB32ACT9F61.jpg,1,1,0.5916218161582947
831,33,1,1,D:\Skripsi\Experiment\data\raw\RGB2\S33\AC1\RGB2_SUB33ACT1F1.jpg,0,0,0.4162900745868683
832,33,1,16,D:\Skripsi\Experiment\data\raw\RGB2\S33\AC1\RGB2_SUB33ACT1F16.jpg,0,0,0.4480319321155548
833,33,1,31,D:\Skripsi\Experiment\data\raw\RGB2\S33\AC1\RGB2_SUB33ACT1F31.jpg,0,0,0.45177990198135376
834,33,1,46,D:\Skripsi\Experiment\data\raw\RGB2\S33\AC1\RGB2_SUB33ACT1F46.jpg,0,0,0.4888903498649597
835,33,1,61,D:\Skripsi\Experiment\data\raw\RGB2\S33\AC1\RGB2_SUB33ACT1F61.jpg,0,0,0.4777708649635315
836,33,1,76,D:\Skripsi\Experiment\data\raw\RGB2\S33\AC1\RGB2_SUB33ACT1F76.jpg,0,0,0.40997007489204407
837,33,5,1,D:\Skripsi\Experiment\data\raw\RGB2\S33\AC5\RGB2_SUB33ACT5F1.jpg,1,1,0.6950662136077881
838,33,5,16,D:\Skripsi\Experiment\data\raw\RGB2\S33\AC5\RGB2_SUB33ACT5F16.jpg,1,1,0.7985069155693054
839,33,5,31,D:\Skripsi\Experiment\data\raw\RGB2\S33\AC5\RGB2_SUB33ACT5F31.jpg,1,1,0.6082953810691833
840,33,5,46,D:\Skripsi\Experiment\data\raw\RGB2\S33\AC5\RGB2_SUB33ACT5F46.jpg,1,1,0.673342227935791
841,33,5,61,D:\Skripsi\Experiment\data\raw\RGB2\S33\AC5\RGB2_SUB33ACT5F61.jpg,1,1,0.5564086437225342
842,33,5,76,D:\Skripsi\Experiment\data\raw\RGB2\S33\AC5\RGB2_SUB33ACT5F76.jpg,1,1,0.5486990809440613
843,33,6,1,D:\Skripsi\Experiment\data\raw\RGB2\S33\AC6\RGB2_SUB33ACT6F1.jpg,1,1,0.5103554725646973
844,33,6,16,D:\Skripsi\Experiment\data\raw\RGB2\S33\AC6\RGB2_SUB33ACT6F16.jpg,1,1,0.5215310454368591
845,33,6,31,D:\Skripsi\Experiment\data\raw\RGB2\S33\AC6\RGB2_SUB33ACT6F31.jpg,1,1,0.5406349301338196
846,33,6,46,D:\Skripsi\Experiment\data\raw\RGB2\S33\AC6\RGB2_SUB33ACT6F46.jpg,1,1,0.5980530381202698
847,33,6,61,D:\Skripsi\Experiment\data\raw\RGB2\S33\AC6\RGB2_SUB33ACT6F61.jpg,1,1,0.6463654041290283
848,33,6,76,D:\Skripsi\Experiment\data\raw\RGB2\S33\AC6\RGB2_SUB33ACT6F76.jpg,1,1,0.6243412494659424
849,33,7,1,D:\Skripsi\Experiment\data\raw\RGB2\S33\AC7\RGB2_SUB33ACT7F1.jpg,1,1,0.6612971425056458
850,33,7,16,D:\Skripsi\Experiment\data\raw\RGB2\S33\AC7\RGB2_SUB33ACT7F16.jpg,1,1,0.6507854461669922
851,33,7,31,D:\Skripsi\Experiment\data\raw\RGB2\S33\AC7\RGB2_SUB33ACT7F31.jpg,1,1,0.7752743363380432
852,33,7,46,D:\Skripsi\Experiment\data\raw\RGB2\S33\AC7\RGB2_SUB33ACT7F46.jpg,1,1,0.5087141394615173
853,33,7,61,D:\Skripsi\Experiment\data\raw\RGB2\S33\AC7\RGB2_SUB33ACT7F61.jpg,1,0,0.47923898696899414
854,33,7,76,D:\Skripsi\Experiment\data\raw\RGB2\S33\AC7\RGB2_SUB33ACT7F76.jpg,1,0,0.4587995111942291
855,33,7,91,D:\Skripsi\Experiment\data\raw\RGB2\S33\AC7\RGB2_SUB33ACT7F91.jpg,1,0,0.4701426327228546
856,33,8,1,D:\Skripsi\Experiment\data\raw\RGB2\S33\AC8\RGB2_SUB33ACT8F1.jpg,1,1,0.7216595411300659
857,33,8,106,D:\Skripsi\Experiment\data\raw\RGB2\S33\AC8\RGB2_SUB33ACT8F106.jpg,1,1,0.5470520257949829
858,33,8,16,D:\Skripsi\Experiment\data\raw\RGB2\S33\AC8\RGB2_SUB33ACT8F16.jpg,1,1,0.6243586540222168
859,33,8,31,D:\Skripsi\Experiment\data\raw\RGB2\S33\AC8\RGB2_SUB33ACT8F31.jpg,1,1,0.5803869962692261
860,33,8,46,D:\Skripsi\Experiment\data\raw\RGB2\S33\AC8\RGB2_SUB33ACT8F46.jpg,1,1,0.5843652486801147
861,33,8,61,D:\Skripsi\Experiment\data\raw\RGB2\S33\AC8\RGB2_SUB33ACT8F61.jpg,1,1,0.5277273058891296
862,33,8,76,D:\Skripsi\Experiment\data\raw\RGB2\S33\AC8\RGB2_SUB33ACT8F76.jpg,1,0,0.298816978931427
863,33,8,91,D:\Skripsi\Experiment\data\raw\RGB2\S33\AC8\RGB2_SUB33ACT8F91.jpg,1,0,0.35416528582572937
864,33,9,1,D:\Skripsi\Experiment\data\raw\RGB2\S33\AC9\RGB2_SUB33ACT9F1.jpg,1,1,0.6228189468383789
865,33,9,16,D:\Skripsi\Experiment\data\raw\RGB2\S33\AC9\RGB2_SUB33ACT9F16.jpg,1,1,0.577592670917511
866,33,9,31,D:\Skripsi\Experiment\data\raw\RGB2\S33\AC9\RGB2_SUB33ACT9F31.jpg,1,0,0.44292354583740234
867,33,9,46,D:\Skripsi\Experiment\data\raw\RGB2\S33\AC9\RGB2_SUB33ACT9F46.jpg,1,1,0.5677574276924133
868,33,9,61,D:\Skripsi\Experiment\data\raw\RGB2\S33\AC9\RGB2_SUB33ACT9F61.jpg,1,1,0.5284084677696228
869,33,9,76,D:\Skripsi\Experiment\data\raw\RGB2\S33\AC9\RGB2_SUB33ACT9F76.jpg,1,1,0.5740481019020081
870,33,9,91,D:\Skripsi\Experiment\data\raw\RGB2\S33\AC9\RGB2_SUB33ACT9F91.jpg,1,1,0.5926244854927063
871,34,1,1,D:\Skripsi\Experiment\data\raw\RGB2\S34\AC1\RGB2_SUB34ACT1F1.jpg,0,0,0.45291078090667725
872,34,1,16,D:\Skripsi\Experiment\data\raw\RGB2\S34\AC1\RGB2_SUB34ACT1F16.jpg,0,1,0.5173636674880981
873,34,1,31,D:\Skripsi\Experiment\data\raw\RGB2\S34\AC1\RGB2_SUB34ACT1F31.jpg,0,0,0.4674394428730011
874,34,1,46,D:\Skripsi\Experiment\data\raw\RGB2\S34\AC1\RGB2_SUB34ACT1F46.jpg,0,1,0.5518714189529419
875,34,1,61,D:\Skripsi\Experiment\data\raw\RGB2\S34\AC1\RGB2_SUB34ACT1F61.jpg,0,0,0.47812873125076294
876,34,5,1,D:\Skripsi\Experiment\data\raw\RGB2\S34\AC5\RGB2_SUB34ACT5F1.jpg,1,1,0.6128262877464294
877,34,5,16,D:\Skripsi\Experiment\data\raw\RGB2\S34\AC5\RGB2_SUB34ACT5F16.jpg,1,1,0.5899150371551514
878,34,5,31,D:\Skripsi\Experiment\data\raw\RGB2\S34\AC5\RGB2_SUB34ACT5F31.jpg,1,1,0.5993664264678955
879,34,5,46,D:\Skripsi\Experiment\data\raw\RGB2\S34\AC5\RGB2_SUB34ACT5F46.jpg,1,1,0.5461606979370117
880,34,5,61,D:\Skripsi\Experiment\data\raw\RGB2\S34\AC5\RGB2_SUB34ACT5F61.jpg,1,1,0.5481025576591492
881,34,5,76,D:\Skripsi\Experiment\data\raw\RGB2\S34\AC5\RGB2_SUB34ACT5F76.jpg,1,0,0.4729311466217041
882,34,6,1,D:\Skripsi\Experiment\data\raw\RGB2\S34\AC6\RGB2_SUB34ACT6F1.jpg,1,1,0.5713938474655151
883,34,6,16,D:\Skripsi\Experiment\data\raw\RGB2\S34\AC6\RGB2_SUB34ACT6F16.jpg,1,1,0.5587137937545776
884,34,6,31,D:\Skripsi\Experiment\data\raw\RGB2\S34\AC6\RGB2_SUB34ACT6F31.jpg,1,1,0.646416425704956
885,34,6,46,D:\Skripsi\Experiment\data\raw\RGB2\S34\AC6\RGB2_SUB34ACT6F46.jpg,1,1,0.5638062357902527
886,34,6,61,D:\Skripsi\Experiment\data\raw\RGB2\S34\AC6\RGB2_SUB34ACT6F61.jpg,1,1,0.6926424503326416
887,34,7,1,D:\Skripsi\Experiment\data\raw\RGB2\S34\AC7\RGB2_SUB34ACT7F1.jpg,1,1,0.6201045513153076
888,34,7,16,D:\Skripsi\Experiment\data\raw\RGB2\S34\AC7\RGB2_SUB34ACT7F16.jpg,1,1,0.5968953967094421
889,34,7,31,D:\Skripsi\Experiment\data\raw\RGB2\S34\AC7\RGB2_SUB34ACT7F31.jpg,1,1,0.605523943901062
890,34,7,46,D:\Skripsi\Experiment\data\raw\RGB2\S34\AC7\RGB2_SUB34ACT7F46.jpg,1,1,0.5819515585899353
891,34,7,61,D:\Skripsi\Experiment\data\raw\RGB2\S34\AC7\RGB2_SUB34ACT7F61.jpg,1,1,0.5918472409248352
892,34,7,76,D:\Skripsi\Experiment\data\raw\RGB2\S34\AC7\RGB2_SUB34ACT7F76.jpg,1,1,0.554945170879364
893,34,8,1,D:\Skripsi\Experiment\data\raw\RGB2\S34\AC8\RGB2_SUB34ACT8F1.jpg,1,1,0.5604636073112488
894,34,8,16,D:\Skripsi\Experiment\data\raw\RGB2\S34\AC8\RGB2_SUB34ACT8F16.jpg,1,1,0.5935133099555969
895,34,8,31,D:\Skripsi\Experiment\data\raw\RGB2\S34\AC8\RGB2_SUB34ACT8F31.jpg,1,1,0.5962681770324707
896,34,8,46,D:\Skripsi\Experiment\data\raw\RGB2\S34\AC8\RGB2_SUB34ACT8F46.jpg,1,1,0.6388829350471497
897,34,8,61,D:\Skripsi\Experiment\data\raw\RGB2\S34\AC8\RGB2_SUB34ACT8F61.jpg,1,1,0.6995756030082703
898,34,8,76,D:\Skripsi\Experiment\data\raw\RGB2\S34\AC8\RGB2_SUB34ACT8F76.jpg,1,1,0.5996204614639282
899,34,8,91,D:\Skripsi\Experiment\data\raw\RGB2\S34\AC8\RGB2_SUB34ACT8F91.jpg,1,0,0.4932522773742676
900,34,9,1,D:\Skripsi\Experiment\data\raw\RGB2\S34\AC9\RGB2_SUB34ACT9F1.jpg,1,1,0.6984689235687256
901,34,9,16,D:\Skripsi\Experiment\data\raw\RGB2\S34\AC9\RGB2_SUB34ACT9F16.jpg,1,1,0.5175018310546875
902,34,9,31,D:\Skripsi\Experiment\data\raw\RGB2\S34\AC9\RGB2_SUB34ACT9F31.jpg,1,1,0.6523407697677612
903,34,9,46,D:\Skripsi\Experiment\data\raw\RGB2\S34\AC9\RGB2_SUB34ACT9F46.jpg,1,1,0.6733839511871338
904,34,9,61,D:\Skripsi\Experiment\data\raw\RGB2\S34\AC9\RGB2_SUB34ACT9F61.jpg,1,1,0.6494626998901367
905,34,9,76,D:\Skripsi\Experiment\data\raw\RGB2\S34\AC9\RGB2_SUB34ACT9F76.jpg,1,1,0.6321309804916382
906,35,1,1,D:\Skripsi\Experiment\data\raw\RGB2\S35\AC1\RGB2_SUB35ACT1F1.jpg,0,0,0.46428579092025757
907,35,1,106,D:\Skripsi\Experiment\data\raw\RGB2\S35\AC1\RGB2_SUB35ACT1F106.jpg,0,0,0.4703090190887451
908,35,1,121,D:\Skripsi\Experiment\data\raw\RGB2\S35\AC1\RGB2_SUB35ACT1F121.jpg,0,0,0.3999541997909546
909,35,1,16,D:\Skripsi\Experiment\data\raw\RGB2\S35\AC1\RGB2_SUB35ACT1F16.jpg,0,1,0.6120401620864868
910,35,1,31,D:\Skripsi\Experiment\data\raw\RGB2\S35\AC1\RGB2_SUB35ACT1F31.jpg,0,0,0.4146014451980591
911,35,1,46,D:\Skripsi\Experiment\data\raw\RGB2\S35\AC1\RGB2_SUB35ACT1F46.jpg,0,1,0.5009284615516663
912,35,1,61,D:\Skripsi\Experiment\data\raw\RGB2\S35\AC1\RGB2_SUB35ACT1F61.jpg,0,0,0.4595585763454437
913,35,1,76,D:\Skripsi\Experiment\data\raw\RGB2\S35\AC1\RGB2_SUB35ACT1F76.jpg,0,0,0.44864436984062195
914,35,1,91,D:\Skripsi\Experiment\data\raw\RGB2\S35\AC1\RGB2_SUB35ACT1F91.jpg,0,0,0.42016130685806274
915,35,5,1,D:\Skripsi\Experiment\data\raw\RGB2\S35\AC5\RGB2_SUB35ACT5F1.jpg,1,0,0.4067312777042389
916,35,5,106,D:\Skripsi\Experiment\data\raw\RGB2\S35\AC5\RGB2_SUB35ACT5F106.jpg,1,0,0.3811052143573761
917,35,5,16,D:\Skripsi\Experiment\data\raw\RGB2\S35\AC5\RGB2_SUB35ACT5F16.jpg,1,0,0.4075843393802643
918,35,5,31,D:\Skripsi\Experiment\data\raw\RGB2\S35\AC5\RGB2_SUB35ACT5F31.jpg,1,0,0.40540972352027893
919,35,5,46,D:\Skripsi\Experiment\data\raw\RGB2\S35\AC5\RGB2_SUB35ACT5F46.jpg,1,0,0.4769957363605499
920,35,5,61,D:\Skripsi\Experiment\data\raw\RGB2\S35\AC5\RGB2_SUB35ACT5F61.jpg,1,0,0.36556264758110046
921,35,5,76,D:\Skripsi\Experiment\data\raw\RGB2\S35\AC5\RGB2_SUB35ACT5F76.jpg,1,0,0.44622108340263367
922,35,5,91,D:\Skripsi\Experiment\data\raw\RGB2\S35\AC5\RGB2_SUB35ACT5F91.jpg,1,0,0.37380632758140564
923,35,6,1,D:\Skripsi\Experiment\data\raw\RGB2\S35\AC6\RGB2_SUB35ACT6F1.jpg,1,1,0.7218416333198547
924,35,6,106,D:\Skripsi\Experiment\data\raw\RGB2\S35\AC6\RGB2_SUB35ACT6F106.jpg,1,1,0.6756934523582458
925,35,6,121,D:\Skripsi\Experiment\data\raw\RGB2\S35\AC6\RGB2_SUB35ACT6F121.jpg,1,1,0.7861306071281433
926,35,6,136,D:\Skripsi\Experiment\data\raw\RGB2\S35\AC6\RGB2_SUB35ACT6F136.jpg,1,1,0.6691209077835083
927,35,6,151,D:\Skripsi\Experiment\data\raw\RGB2\S35\AC6\RGB2_SUB35ACT6F151.jpg,1,1,0.656853199005127
928,35,6,16,D:\Skripsi\Experiment\data\raw\RGB2\S35\AC6\RGB2_SUB35ACT6F16.jpg,1,1,0.6635590195655823
929,35,6,166,D:\Skripsi\Experiment\data\raw\RGB2\S35\AC6\RGB2_SUB35ACT6F166.jpg,1,1,0.8416526317596436
930,35,6,31,D:\Skripsi\Experiment\data\raw\RGB2\S35\AC6\RGB2_SUB35ACT6F31.jpg,1,1,0.7240914106369019
931,35,6,46,D:\Skripsi\Experiment\data\raw\RGB2\S35\AC6\RGB2_SUB35ACT6F46.jpg,1,1,0.6824537515640259
932,35,6,61,D:\Skripsi\Experiment\data\raw\RGB2\S35\AC6\RGB2_SUB35ACT6F61.jpg,1,1,0.7851597666740417
933,35,6,76,D:\Skripsi\Experiment\data\raw\RGB2\S35\AC6\RGB2_SUB35ACT6F76.jpg,1,1,0.7759719491004944
934,35,6,91,D:\Skripsi\Experiment\data\raw\RGB2\S35\AC6\RGB2_SUB35ACT6F91.jpg,1,1,0.720319926738739
935,35,7,1,D:\Skripsi\Experiment\data\raw\RGB2\S35\AC7\RGB2_SUB35ACT7F1.jpg,1,1,0.6377906799316406
936,35,7,106,D:\Skripsi\Experiment\data\raw\RGB2\S35\AC7\RGB2_SUB35ACT7F106.jpg,1,0,0.3668951690196991
937,35,7,121,D:\Skripsi\Experiment\data\raw\RGB2\S35\AC7\RGB2_SUB35ACT7F121.jpg,1,1,0.6081604957580566
938,35,7,136,D:\Skripsi\Experiment\data\raw\RGB2\S35\AC7\RGB2_SUB35ACT7F136.jpg,1,1,0.5610184669494629
939,35,7,151,D:\Skripsi\Experiment\data\raw\RGB2\S35\AC7\RGB2_SUB35ACT7F151.jpg,1,0,0.3827838599681854
940,35,7,16,D:\Skripsi\Experiment\data\raw\RGB2\S35\AC7\RGB2_SUB35ACT7F16.jpg,1,1,0.6088869571685791
941,35,7,166,D:\Skripsi\Experiment\data\raw\RGB2\S35\AC7\RGB2_SUB35ACT7F166.jpg,1,0,0.36081936955451965
942,35,7,181,D:\Skripsi\Experiment\data\raw\RGB2\S35\AC7\RGB2_SUB35ACT7F181.jpg,1,1,0.5248774886131287
943,35,7,31,D:\Skripsi\Experiment\data\raw\RGB2\S35\AC7\RGB2_SUB35ACT7F31.jpg,1,1,0.5371687412261963
944,35,7,46,D:\Skripsi\Experiment\data\raw\RGB2\S35\AC7\RGB2_SUB35ACT7F46.jpg,1,1,0.5317146182060242
945,35,7,61,D:\Skripsi\Experiment\data\raw\RGB2\S35\AC7\RGB2_SUB35ACT7F61.jpg,1,1,0.5305317044258118
946,35,7,76,D:\Skripsi\Experiment\data\raw\RGB2\S35\AC7\RGB2_SUB35ACT7F76.jpg,1,0,0.41885900497436523
947,35,7,91,D:\Skripsi\Experiment\data\raw\RGB2\S35\AC7\RGB2_SUB35ACT7F91.jpg,1,0,0.43873387575149536
948,35,8,1,D:\Skripsi\Experiment\data\raw\RGB2\S35\AC8\RGB2_SUB35ACT8F1.jpg,1,1,0.5949539542198181
949,35,8,106,D:\Skripsi\Experiment\data\raw\RGB2\S35\AC8\RGB2_SUB35ACT8F106.jpg,1,0,0.4590189754962921
950,35,8,16,D:\Skripsi\Experiment\data\raw\RGB2\S35\AC8\RGB2_SUB35ACT8F16.jpg,1,0,0.49208590388298035
951,35,8,31,D:\Skripsi\Experiment\data\raw\RGB2\S35\AC8\RGB2_SUB35ACT8F31.jpg,1,1,0.5105250477790833
952,35,8,46,D:\Skripsi\Experiment\data\raw\RGB2\S35\AC8\RGB2_SUB35ACT8F46.jpg,1,1,0.5037815570831299
953,35,8,61,D:\Skripsi\Experiment\data\raw\RGB2\S35\AC8\RGB2_SUB35ACT8F61.jpg,1,1,0.5221847295761108
954,35,8,76,D:\Skripsi\Experiment\data\raw\RGB2\S35\AC8\RGB2_SUB35ACT8F76.jpg,1,1,0.6264317035675049
955,35,8,91,D:\Skripsi\Experiment\data\raw\RGB2\S35\AC8\RGB2_SUB35ACT8F91.jpg,1,1,0.6528165936470032
956,35,9,1,D:\Skripsi\Experiment\data\raw\RGB2\S35\AC9\RGB2_SUB35ACT9F1.jpg,1,0,0.4230942726135254
957,35,9,106,D:\Skripsi\Experiment\data\raw\RGB2\S35\AC9\RGB2_SUB35ACT9F106.jpg,1,1,0.7014418244361877
958,35,9,121,D:\Skripsi\Experiment\data\raw\RGB2\S35\AC9\RGB2_SUB35ACT9F121.jpg,1,1,0.6846401691436768
959,35,9,16,D:\Skripsi\Experiment\data\raw\RGB2\S35\AC9\RGB2_SUB35ACT9F16.jpg,1,1,0.6207596063613892
960,35,9,31,D:\Skripsi\Experiment\data\raw\RGB2\S35\AC9\RGB2_SUB35ACT9F31.jpg,1,1,0.7119698524475098
961,35,9,46,D:\Skripsi\Experiment\data\raw\RGB2\S35\AC9\RGB2_SUB35ACT9F46.jpg,1,1,0.8123053908348083
962,35,9,61,D:\Skripsi\Experiment\data\raw\RGB2\S35\AC9\RGB2_SUB35ACT9F61.jpg,1,1,0.6651853322982788
963,35,9,76,D:\Skripsi\Experiment\data\raw\RGB2\S35\AC9\RGB2_SUB35ACT9F76.jpg,1,1,0.7030305862426758
964,35,9,91,D:\Skripsi\Experiment\data\raw\RGB2\S35\AC9\RGB2_SUB35ACT9F91.jpg,1,1,0.7593593597412109
965,36,1,1,D:\Skripsi\Experiment\data\raw\RGB2\S36\AC1\RGB2_SUB36ACT1F1.jpg,0,1,0.5374459028244019
966,36,1,106,D:\Skripsi\Experiment\data\raw\RGB2\S36\AC1\RGB2_SUB36ACT1F106.jpg,0,1,0.5854983925819397
967,36,1,121,D:\Skripsi\Experiment\data\raw\RGB2\S36\AC1\RGB2_SUB36ACT1F121.jpg,0,1,0.5570909976959229
968,36,1,16,D:\Skripsi\Experiment\data\raw\RGB2\S36\AC1\RGB2_SUB36ACT1F16.jpg,0,1,0.7289995551109314
969,36,1,31,D:\Skripsi\Experiment\data\raw\RGB2\S36\AC1\RGB2_SUB36ACT1F31.jpg,0,1,0.6343453526496887
970,36,1,46,D:\Skripsi\Experiment\data\raw\RGB2\S36\AC1\RGB2_SUB36ACT1F46.jpg,0,1,0.5496305823326111
971,36,1,61,D:\Skripsi\Experiment\data\raw\RGB2\S36\AC1\RGB2_SUB36ACT1F61.jpg,0,1,0.5149558186531067
972,36,1,76,D:\Skripsi\Experiment\data\raw\RGB2\S36\AC1\RGB2_SUB36ACT1F76.jpg,0,1,0.6421872973442078
973,36,1,91,D:\Skripsi\Experiment\data\raw\RGB2\S36\AC1\RGB2_SUB36ACT1F91.jpg,0,1,0.630646824836731
974,36,5,1,D:\Skripsi\Experiment\data\raw\RGB2\S36\AC5\RGB2_SUB36ACT5F1.jpg,1,1,0.7934784293174744
975,36,5,106,D:\Skripsi\Experiment\data\raw\RGB2\S36\AC5\RGB2_SUB36ACT5F106.jpg,1,1,0.6507775187492371
976,36,5,121,D:\Skripsi\Experiment\data\raw\RGB2\S36\AC5\RGB2_SUB36ACT5F121.jpg,1,1,0.58649742603302
977,36,5,136,D:\Skripsi\Experiment\data\raw\RGB2\S36\AC5\RGB2_SUB36ACT5F136.jpg,1,1,0.6312918663024902
978,36,5,16,D:\Skripsi\Experiment\data\raw\RGB2\S36\AC5\RGB2_SUB36ACT5F16.jpg,1,1,0.6659815907478333
979,36,5,31,D:\Skripsi\Experiment\data\raw\RGB2\S36\AC5\RGB2_SUB36ACT5F31.jpg,1,1,0.6124163269996643
980,36,5,46,D:\Skripsi\Experiment\data\raw\RGB2\S36\AC5\RGB2_SUB36ACT5F46.jpg,1,1,0.7548319697380066
981,36,5,61,D:\Skripsi\Experiment\data\raw\RGB2\S36\AC5\RGB2_SUB36ACT5F61.jpg,1,1,0.6967235803604126
982,36,5,76,D:\Skripsi\Experiment\data\raw\RGB2\S36\AC5\RGB2_SUB36ACT5F76.jpg,1,1,0.7162058353424072
983,36,5,91,D:\Skripsi\Experiment\data\raw\RGB2\S36\AC5\RGB2_SUB36ACT5F91.jpg,1,1,0.6041965484619141
984,36,6,1,D:\Skripsi\Experiment\data\raw\RGB2\S36\AC6\RGB2_SUB36ACT6F1.jpg,1,1,0.5916271209716797
985,36,6,16,D:\Skripsi\Experiment\data\raw\RGB2\S36\AC6\RGB2_SUB36ACT6F16.jpg,1,1,0.7050563097000122
986,36,6,31,D:\Skripsi\Experiment\data\raw\RGB2\S36\AC6\RGB2_SUB36ACT6F31.jpg,1,1,0.5888946652412415
987,36,6,46,D:\Skripsi\Experiment\data\raw\RGB2\S36\AC6\RGB2_SUB36ACT6F46.jpg,1,1,0.6227796077728271
988,36,6,61,D:\Skripsi\Experiment\data\raw\RGB2\S36\AC6\RGB2_SUB36ACT6F61.jpg,1,1,0.6921550035476685
989,36,6,76,D:\Skripsi\Experiment\data\raw\RGB2\S36\AC6\RGB2_SUB36ACT6F76.jpg,1,1,0.597501814365387
990,36,6,91,D:\Skripsi\Experiment\data\raw\RGB2\S36\AC6\RGB2_SUB36ACT6F91.jpg,1,0,0.45650920271873474
991,36,7,1,D:\Skripsi\Experiment\data\raw\RGB2\S36\AC7\RGB2_SUB36ACT7F1.jpg,1,1,0.6921346187591553
992,36,7,106,D:\Skripsi\Experiment\data\raw\RGB2\S36\AC7\RGB2_SUB36ACT7F106.jpg,1,1,0.6286238431930542
993,36,7,121,D:\Skripsi\Experiment\data\raw\RGB2\S36\AC7\RGB2_SUB36ACT7F121.jpg,1,1,0.6452882885932922
994,36,7,16,D:\Skripsi\Experiment\data\raw\RGB2\S36\AC7\RGB2_SUB36ACT7F16.jpg,1,1,0.6645789742469788
995,36,7,31,D:\Skripsi\Experiment\data\raw\RGB2\S36\AC7\RGB2_SUB36ACT7F31.jpg,1,1,0.6834341287612915
996,36,7,46,D:\Skripsi\Experiment\data\raw\RGB2\S36\AC7\RGB2_SUB36ACT7F46.jpg,1,1,0.6337512135505676
997,36,7,61,D:\Skripsi\Experiment\data\raw\RGB2\S36\AC7\RGB2_SUB36ACT7F61.jpg,1,0,0.48493075370788574
998,36,7,76,D:\Skripsi\Experiment\data\raw\RGB2\S36\AC7\RGB2_SUB36ACT7F76.jpg,1,1,0.699891209602356
999,36,7,91,D:\Skripsi\Experiment\data\raw\RGB2\S36\AC7\RGB2_SUB36ACT7F91.jpg,1,0,0.46709343791007996
1000,36,8,1,D:\Skripsi\Experiment\data\raw\RGB2\S36\AC8\RGB2_SUB36ACT8F1.jpg,1,1,0.6230743527412415
1001,36,8,106,D:\Skripsi\Experiment\data\raw\RGB2\S36\AC8\RGB2_SUB36ACT8F106.jpg,1,1,0.6389791369438171
1002,36,8,121,D:\Skripsi\Experiment\data\raw\RGB2\S36\AC8\RGB2_SUB36ACT8F121.jpg,1,1,0.6242940425872803
1003,36,8,136,D:\Skripsi\Experiment\data\raw\RGB2\S36\AC8\RGB2_SUB36ACT8F136.jpg,1,0,0.49398326873779297
1004,36,8,16,D:\Skripsi\Experiment\data\raw\RGB2\S36\AC8\RGB2_SUB36ACT8F16.jpg,1,1,0.6001785397529602
1005,36,8,31,D:\Skripsi\Experiment\data\raw\RGB2\S36\AC8\RGB2_SUB36ACT8F31.jpg,1,1,0.5129545331001282
1006,36,8,46,D:\Skripsi\Experiment\data\raw\RGB2\S36\AC8\RGB2_SUB36ACT8F46.jpg,1,1,0.5380227565765381
1007,36,8,61,D:\Skripsi\Experiment\data\raw\RGB2\S36\AC8\RGB2_SUB36ACT8F61.jpg,1,0,0.45403850078582764
1008,36,8,76,D:\Skripsi\Experiment\data\raw\RGB2\S36\AC8\RGB2_SUB36ACT8F76.jpg,1,0,0.4288617968559265
1009,36,8,91,D:\Skripsi\Experiment\data\raw\RGB2\S36\AC8\RGB2_SUB36ACT8F91.jpg,1,1,0.5214885473251343
1010,36,9,1,D:\Skripsi\Experiment\data\raw\RGB2\S36\AC9\RGB2_SUB36ACT9F1.jpg,1,1,0.6752830147743225
1011,36,9,106,D:\Skripsi\Experiment\data\raw\RGB2\S36\AC9\RGB2_SUB36ACT9F106.jpg,1,1,0.5848779678344727
1012,36,9,121,D:\Skripsi\Experiment\data\raw\RGB2\S36\AC9\RGB2_SUB36ACT9F121.jpg,1,1,0.6454374194145203
1013,36,9,136,D:\Skripsi\Experiment\data\raw\RGB2\S36\AC9\RGB2_SUB36ACT9F136.jpg,1,1,0.5376577973365784
1014,36,9,151,D:\Skripsi\Experiment\data\raw\RGB2\S36\AC9\RGB2_SUB36ACT9F151.jpg,1,1,0.6705452799797058
1015,36,9,16,D:\Skripsi\Experiment\data\raw\RGB2\S36\AC9\RGB2_SUB36ACT9F16.jpg,1,1,0.6708210706710815
1016,36,9,31,D:\Skripsi\Experiment\data\raw\RGB2\S36\AC9\RGB2_SUB36ACT9F31.jpg,1,1,0.5993593335151672
1017,36,9,46,D:\Skripsi\Experiment\data\raw\RGB2\S36\AC9\RGB2_SUB36ACT9F46.jpg,1,1,0.650068461894989
1018,36,9,61,D:\Skripsi\Experiment\data\raw\RGB2\S36\AC9\RGB2_SUB36ACT9F61.jpg,1,1,0.5959715247154236
1019,36,9,76,D:\Skripsi\Experiment\data\raw\RGB2\S36\AC9\RGB2_SUB36ACT9F76.jpg,1,1,0.6289671659469604
1020,36,9,91,D:\Skripsi\Experiment\data\raw\RGB2\S36\AC9\RGB2_SUB36ACT9F91.jpg,1,1,0.6769833564758301
1021,37,1,1,D:\Skripsi\Experiment\data\raw\RGB2\S37\AC1\RGB2_SUB37ACT1F1.jpg,0,0,0.3972865045070648
1022,37,1,106,D:\Skripsi\Experiment\data\raw\RGB2\S37\AC1\RGB2_SUB37ACT1F106.jpg,0,0,0.2783891260623932
1023,37,1,121,D:\Skripsi\Experiment\data\raw\RGB2\S37\AC1\RGB2_SUB37ACT1F121.jpg,0,0,0.3576520085334778
1024,37,1,136,D:\Skripsi\Experiment\data\raw\RGB2\S37\AC1\RGB2_SUB37ACT1F136.jpg,0,0,0.2831382751464844
1025,37,1,16,D:\Skripsi\Experiment\data\raw\RGB2\S37\AC1\RGB2_SUB37ACT1F16.jpg,0,0,0.3408850431442261
1026,37,1,31,D:\Skripsi\Experiment\data\raw\RGB2\S37\AC1\RGB2_SUB37ACT1F31.jpg,0,0,0.35577765107154846
1027,37,1,46,D:\Skripsi\Experiment\data\raw\RGB2\S37\AC1\RGB2_SUB37ACT1F46.jpg,0,0,0.3790760040283203
1028,37,1,61,D:\Skripsi\Experiment\data\raw\RGB2\S37\AC1\RGB2_SUB37ACT1F61.jpg,0,0,0.32914239168167114
1029,37,1,76,D:\Skripsi\Experiment\data\raw\RGB2\S37\AC1\RGB2_SUB37ACT1F76.jpg,0,0,0.33648577332496643
1030,37,1,91,D:\Skripsi\Experiment\data\raw\RGB2\S37\AC1\RGB2_SUB37ACT1F91.jpg,0,0,0.3785218298435211
1031,37,5,1,D:\Skripsi\Experiment\data\raw\RGB2\S37\AC5\RGB2_SUB37ACT5F1.jpg,1,1,0.7738870978355408
1032,37,5,106,D:\Skripsi\Experiment\data\raw\RGB2\S37\AC5\RGB2_SUB37ACT5F106.jpg,1,0,0.42649850249290466
1033,37,5,121,D:\Skripsi\Experiment\data\raw\RGB2\S37\AC5\RGB2_SUB37ACT5F121.jpg,1,0,0.42430561780929565
1034,37,5,16,D:\Skripsi\Experiment\data\raw\RGB2\S37\AC5\RGB2_SUB37ACT5F16.jpg,1,1,0.7109784483909607
1035,37,5,31,D:\Skripsi\Experiment\data\raw\RGB2\S37\AC5\RGB2_SUB37ACT5F31.jpg,1,1,0.5958810448646545
1036,37,5,46,D:\Skripsi\Experiment\data\raw\RGB2\S37\AC5\RGB2_SUB37ACT5F46.jpg,1,0,0.44980499148368835
1037,37,5,61,D:\Skripsi\Experiment\data\raw\RGB2\S37\AC5\RGB2_SUB37ACT5F61.jpg,1,0,0.355384886264801
1038,37,5,76,D:\Skripsi\Experiment\data\raw\RGB2\S37\AC5\RGB2_SUB37ACT5F76.jpg,1,0,0.49557000398635864
1039,37,5,91,D:\Skripsi\Experiment\data\raw\RGB2\S37\AC5\RGB2_SUB37ACT5F91.jpg,1,0,0.4627487063407898
1040,37,6,1,D:\Skripsi\Experiment\data\raw\RGB2\S37\AC6\RGB2_SUB37ACT6F1.jpg,1,0,0.45340174436569214
1041,37,6,106,D:\Skripsi\Experiment\data\raw\RGB2\S37\AC6\RGB2_SUB37ACT6F106.jpg,1,1,0.5024384260177612
1042,37,6,121,D:\Skripsi\Experiment\data\raw\RGB2\S37\AC6\RGB2_SUB37ACT6F121.jpg,1,0,0.46577322483062744
1043,37,6,136,D:\Skripsi\Experiment\data\raw\RGB2\S37\AC6\RGB2_SUB37ACT6F136.jpg,1,1,0.5007705688476562
1044,37,6,16,D:\Skripsi\Experiment\data\raw\RGB2\S37\AC6\RGB2_SUB37ACT6F16.jpg,1,0,0.4043833911418915
1045,37,6,31,D:\Skripsi\Experiment\data\raw\RGB2\S37\AC6\RGB2_SUB37ACT6F31.jpg,1,0,0.32604748010635376
1046,37,6,46,D:\Skripsi\Experiment\data\raw\RGB2\S37\AC6\RGB2_SUB37ACT6F46.jpg,1,1,0.6398501396179199
1047,37,6,61,D:\Skripsi\Experiment\data\raw\RGB2\S37\AC6\RGB2_SUB37ACT6F61.jpg,1,0,0.49004656076431274
1048,37,6,76,D:\Skripsi\Experiment\data\raw\RGB2\S37\AC6\RGB2_SUB37ACT6F76.jpg,1,1,0.6646941900253296
1049,37,6,91,D:\Skripsi\Experiment\data\raw\RGB2\S37\AC6\RGB2_SUB37ACT6F91.jpg,1,1,0.6454249024391174
1050,37,7,1,D:\Skripsi\Experiment\data\raw\RGB2\S37\AC7\RGB2_SUB37ACT7F1.jpg,1,1,0.6623864769935608
1051,37,7,106,D:\Skripsi\Experiment\data\raw\RGB2\S37\AC7\RGB2_SUB37ACT7F106.jpg,1,1,0.6265913248062134
1052,37,7,121,D:\Skripsi\Experiment\data\raw\RGB2\S37\AC7\RGB2_SUB37ACT7F121.jpg,1,1,0.6478814482688904
1053,37,7,136,D:\Skripsi\Experiment\data\raw\RGB2\S37\AC7\RGB2_SUB37ACT7F136.jpg,1,1,0.5942181348800659
1054,37,7,151,D:\Skripsi\Experiment\data\raw\RGB2\S37\AC7\RGB2_SUB37ACT7F151.jpg,1,1,0.6567502617835999
1055,37,7,16,D:\Skripsi\Experiment\data\raw\RGB2\S37\AC7\RGB2_SUB37ACT7F16.jpg,1,1,0.6261944770812988
1056,37,7,166,D:\Skripsi\Experiment\data\raw\RGB2\S37\AC7\RGB2_SUB37ACT7F166.jpg,1,1,0.6589491367340088
1057,37,7,31,D:\Skripsi\Experiment\data\raw\RGB2\S37\AC7\RGB2_SUB37ACT7F31.jpg,1,1,0.5351372361183167
1058,37,7,46,D:\Skripsi\Experiment\data\raw\RGB2\S37\AC7\RGB2_SUB37ACT7F46.jpg,1,0,0.4571121633052826
1059,37,7,61,D:\Skripsi\Experiment\data\raw\RGB2\S37\AC7\RGB2_SUB37ACT7F61.jpg,1,1,0.613749623298645
1060,37,7,76,D:\Skripsi\Experiment\data\raw\RGB2\S37\AC7\RGB2_SUB37ACT7F76.jpg,1,1,0.5865039825439453
1061,37,7,91,D:\Skripsi\Experiment\data\raw\RGB2\S37\AC7\RGB2_SUB37ACT7F91.jpg,1,1,0.7387667298316956
1062,37,8,1,D:\Skripsi\Experiment\data\raw\RGB2\S37\AC8\RGB2_SUB37ACT8F1.jpg,1,1,0.6200417280197144
1063,37,8,106,D:\Skripsi\Experiment\data\raw\RGB2\S37\AC8\RGB2_SUB37ACT8F106.jpg,1,1,0.747203528881073
1064,37,8,121,D:\Skripsi\Experiment\data\raw\RGB2\S37\AC8\RGB2_SUB37ACT8F121.jpg,1,1,0.6922661662101746
1065,37,8,136,D:\Skripsi\Experiment\data\raw\RGB2\S37\AC8\RGB2_SUB37ACT8F136.jpg,1,1,0.7267168164253235
1066,37,8,151,D:\Skripsi\Experiment\data\raw\RGB2\S37\AC8\RGB2_SUB37ACT8F151.jpg,1,1,0.5996250510215759
1067,37,8,16,D:\Skripsi\Experiment\data\raw\RGB2\S37\AC8\RGB2_SUB37ACT8F16.jpg,1,1,0.6577511429786682
1068,37,8,166,D:\Skripsi\Experiment\data\raw\RGB2\S37\AC8\RGB2_SUB37ACT8F166.jpg,1,1,0.5119090676307678
1069,37,8,31,D:\Skripsi\Experiment\data\raw\RGB2\S37\AC8\RGB2_SUB37ACT8F31.jpg,1,1,0.633950412273407
1070,37,8,46,D:\Skripsi\Experiment\data\raw\RGB2\S37\AC8\RGB2_SUB37ACT8F46.jpg,1,1,0.6939929127693176
1071,37,8,61,D:\Skripsi\Experiment\data\raw\RGB2\S37\AC8\RGB2_SUB37ACT8F61.jpg,1,1,0.6461672186851501
1072,37,8,76,D:\Skripsi\Experiment\data\raw\RGB2\S37\AC8\RGB2_SUB37ACT8F76.jpg,1,0,0.46415820717811584
1073,37,8,91,D:\Skripsi\Experiment\data\raw\RGB2\S37\AC8\RGB2_SUB37ACT8F91.jpg,1,1,0.6240206360816956
1074,37,9,1,D:\Skripsi\Experiment\data\raw\RGB2\S37\AC9\RGB2_SUB37ACT9F1.jpg,1,1,0.737602174282074
1075,37,9,106,D:\Skripsi\Experiment\data\raw\RGB2\S37\AC9\RGB2_SUB37ACT9F106.jpg,1,1,0.632561981678009
1076,37,9,121,D:\Skripsi\Experiment\data\raw\RGB2\S37\AC9\RGB2_SUB37ACT9F121.jpg,1,1,0.6306333541870117
1077,37,9,136,D:\Skripsi\Experiment\data\raw\RGB2\S37\AC9\RGB2_SUB37ACT9F136.jpg,1,1,0.7684255838394165
1078,37,9,151,D:\Skripsi\Experiment\data\raw\RGB2\S37\AC9\RGB2_SUB37ACT9F151.jpg,1,1,0.5248255133628845
1079,37,9,16,D:\Skripsi\Experiment\data\raw\RGB2\S37\AC9\RGB2_SUB37ACT9F16.jpg,1,1,0.6784558892250061
1080,37,9,166,D:\Skripsi\Experiment\data\raw\RGB2\S37\AC9\RGB2_SUB37ACT9F166.jpg,1,1,0.6857168078422546
1081,37,9,31,D:\Skripsi\Experiment\data\raw\RGB2\S37\AC9\RGB2_SUB37ACT9F31.jpg,1,1,0.5939996838569641
1082,37,9,46,D:\Skripsi\Experiment\data\raw\RGB2\S37\AC9\RGB2_SUB37ACT9F46.jpg,1,1,0.5537588596343994
1083,37,9,61,D:\Skripsi\Experiment\data\raw\RGB2\S37\AC9\RGB2_SUB37ACT9F61.jpg,1,1,0.7273149490356445
1084,37,9,76,D:\Skripsi\Experiment\data\raw\RGB2\S37\AC9\RGB2_SUB37ACT9F76.jpg,1,1,0.7033690214157104
1085,37,9,91,D:\Skripsi\Experiment\data\raw\RGB2\S37\AC9\RGB2_SUB37ACT9F91.jpg,1,1,0.6686761379241943
1086,38,1,1,D:\Skripsi\Experiment\data\raw\RGB2\S38\AC1\RGB2_SUB38ACT1F1.jpg,0,1,0.5000535249710083
1087,38,1,106,D:\Skripsi\Experiment\data\raw\RGB2\S38\AC1\RGB2_SUB38ACT1F106.jpg,0,0,0.41853296756744385
1088,38,1,121,D:\Skripsi\Experiment\data\raw\RGB2\S38\AC1\RGB2_SUB38ACT1F121.jpg,0,0,0.32193735241889954
1089,38,1,16,D:\Skripsi\Experiment\data\raw\RGB2\S38\AC1\RGB2_SUB38ACT1F16.jpg,0,0,0.3794679045677185
1090,38,1,31,D:\Skripsi\Experiment\data\raw\RGB2\S38\AC1\RGB2_SUB38ACT1F31.jpg,0,0,0.4799267053604126
1091,38,1,46,D:\Skripsi\Experiment\data\raw\RGB2\S38\AC1\RGB2_SUB38ACT1F46.jpg,0,0,0.4415800869464874
1092,38,1,61,D:\Skripsi\Experiment\data\raw\RGB2\S38\AC1\RGB2_SUB38ACT1F61.jpg,0,0,0.47843366861343384
1093,38,1,76,D:\Skripsi\Experiment\data\raw\RGB2\S38\AC1\RGB2_SUB38ACT1F76.jpg,0,1,0.5181770920753479
1094,38,1,91,D:\Skripsi\Experiment\data\raw\RGB2\S38\AC1\RGB2_SUB38ACT1F91.jpg,0,1,0.6304100155830383
1095,38,5,1,D:\Skripsi\Experiment\data\raw\RGB2\S38\AC5\RGB2_SUB38ACT5F1.jpg,1,0,0.3671194612979889
1096,38,5,106,D:\Skripsi\Experiment\data\raw\RGB2\S38\AC5\RGB2_SUB38ACT5F106.jpg,1,1,0.5603718161582947
1097,38,5,16,D:\Skripsi\Experiment\data\raw\RGB2\S38\AC5\RGB2_SUB38ACT5F16.jpg,1,0,0.41918399930000305
1098,38,5,31,D:\Skripsi\Experiment\data\raw\RGB2\S38\AC5\RGB2_SUB38ACT5F31.jpg,1,0,0.40683701634407043
1099,38,5,46,D:\Skripsi\Experiment\data\raw\RGB2\S38\AC5\RGB2_SUB38ACT5F46.jpg,1,0,0.35422196984291077
1100,38,5,61,D:\Skripsi\Experiment\data\raw\RGB2\S38\AC5\RGB2_SUB38ACT5F61.jpg,1,0,0.429008424282074
1101,38,5,76,D:\Skripsi\Experiment\data\raw\RGB2\S38\AC5\RGB2_SUB38ACT5F76.jpg,1,1,0.6174573302268982
1102,38,5,91,D:\Skripsi\Experiment\data\raw\RGB2\S38\AC5\RGB2_SUB38ACT5F91.jpg,1,1,0.5811414122581482
1103,38,6,1,D:\Skripsi\Experiment\data\raw\RGB2\S38\AC6\RGB2_SUB38ACT6F1.jpg,1,1,0.8102262616157532
1104,38,6,106,D:\Skripsi\Experiment\data\raw\RGB2\S38\AC6\RGB2_SUB38ACT6F106.jpg,1,1,0.6956934332847595
1105,38,6,16,D:\Skripsi\Experiment\data\raw\RGB2\S38\AC6\RGB2_SUB38ACT6F16.jpg,1,1,0.7384744882583618
1106,38,6,31,D:\Skripsi\Experiment\data\raw\RGB2\S38\AC6\RGB2_SUB38ACT6F31.jpg,1,1,0.5933218598365784
1107,38,6,46,D:\Skripsi\Experiment\data\raw\RGB2\S38\AC6\RGB2_SUB38ACT6F46.jpg,1,1,0.7114487290382385
1108,38,6,61,D:\Skripsi\Experiment\data\raw\RGB2\S38\AC6\RGB2_SUB38ACT6F61.jpg,1,1,0.8038821220397949
1109,38,6,76,D:\Skripsi\Experiment\data\raw\RGB2\S38\AC6\RGB2_SUB38ACT6F76.jpg,1,1,0.6977912783622742
1110,38,6,91,D:\Skripsi\Experiment\data\raw\RGB2\S38\AC6\RGB2_SUB38ACT6F91.jpg,1,1,0.6720227599143982
1111,38,7,1,D:\Skripsi\Experiment\data\raw\RGB2\S38\AC7\RGB2_SUB38ACT7F1.jpg,1,1,0.7729367613792419
1112,38,7,106,D:\Skripsi\Experiment\data\raw\RGB2\S38\AC7\RGB2_SUB38ACT7F106.jpg,1,1,0.739460825920105
1113,38,7,121,D:\Skripsi\Experiment\data\raw\RGB2\S38\AC7\RGB2_SUB38ACT7F121.jpg,1,1,0.6431036591529846
1114,38,7,16,D:\Skripsi\Experiment\data\raw\RGB2\S38\AC7\RGB2_SUB38ACT7F16.jpg,1,1,0.654304027557373
1115,38,7,31,D:\Skripsi\Experiment\data\raw\RGB2\S38\AC7\RGB2_SUB38ACT7F31.jpg,1,1,0.791820764541626
1116,38,7,46,D:\Skripsi\Experiment\data\raw\RGB2\S38\AC7\RGB2_SUB38ACT7F46.jpg,1,1,0.8343862295150757
1117,38,7,61,D:\Skripsi\Experiment\data\raw\RGB2\S38\AC7\RGB2_SUB38ACT7F61.jpg,1,1,0.7615448236465454
1118,38,7,76,D:\Skripsi\Experiment\data\raw\RGB2\S38\AC7\RGB2_SUB38ACT7F76.jpg,1,1,0.6280329823493958
1119,38,7,91,D:\Skripsi\Experiment\data\raw\RGB2\S38\AC7\RGB2_SUB38ACT7F91.jpg,1,1,0.6609287261962891
1120,38,8,1,D:\Skripsi\Experiment\data\raw\RGB2\S38\AC8\RGB2_SUB38ACT8F1.jpg,1,1,0.5722480416297913
1121,38,8,106,D:\Skripsi\Experiment\data\raw\RGB2\S38\AC8\RGB2_SUB38ACT8F106.jpg,1,1,0.594546377658844
1122,38,8,121,D:\Skripsi\Experiment\data\raw\RGB2\S38\AC8\RGB2_SUB38ACT8F121.jpg,1,1,0.5767873525619507
1123,38,8,16,D:\Skripsi\Experiment\data\raw\RGB2\S38\AC8\RGB2_SUB38ACT8F16.jpg,1,0,0.48208338022232056
1124,38,8,31,D:\Skripsi\Experiment\data\raw\RGB2\S38\AC8\RGB2_SUB38ACT8F31.jpg,1,1,0.5062767863273621
1125,38,8,46,D:\Skripsi\Experiment\data\raw\RGB2\S38\AC8\RGB2_SUB38ACT8F46.jpg,1,1,0.6156074404716492
1126,38,8,61,D:\Skripsi\Experiment\data\raw\RGB2\S38\AC8\RGB2_SUB38ACT8F61.jpg,1,1,0.5679123997688293
1127,38,8,76,D:\Skripsi\Experiment\data\raw\RGB2\S38\AC8\RGB2_SUB38ACT8F76.jpg,1,1,0.5173429250717163
1128,38,8,91,D:\Skripsi\Experiment\data\raw\RGB2\S38\AC8\RGB2_SUB38ACT8F91.jpg,1,1,0.6305023431777954
1129,38,9,1,D:\Skripsi\Experiment\data\raw\RGB2\S38\AC9\RGB2_SUB38ACT9F1.jpg,1,1,0.5547550916671753
1130,38,9,106,D:\Skripsi\Experiment\data\raw\RGB2\S38\AC9\RGB2_SUB38ACT9F106.jpg,1,0,0.4900393784046173
1131,38,9,121,D:\Skripsi\Experiment\data\raw\RGB2\S38\AC9\RGB2_SUB38ACT9F121.jpg,1,0,0.36305829882621765
1132,38,9,16,D:\Skripsi\Experiment\data\raw\RGB2\S38\AC9\RGB2_SUB38ACT9F16.jpg,1,1,0.5686770677566528
1133,38,9,31,D:\Skripsi\Experiment\data\raw\RGB2\S38\AC9\RGB2_SUB38ACT9F31.jpg,1,1,0.5827850699424744
1134,38,9,46,D:\Skripsi\Experiment\data\raw\RGB2\S38\AC9\RGB2_SUB38ACT9F46.jpg,1,0,0.495288610458374
1135,38,9,61,D:\Skripsi\Experiment\data\raw\RGB2\S38\AC9\RGB2_SUB38ACT9F61.jpg,1,1,0.50627601146698
1136,38,9,76,D:\Skripsi\Experiment\data\raw\RGB2\S38\AC9\RGB2_SUB38ACT9F76.jpg,1,0,0.48749709129333496
1137,38,9,91,D:\Skripsi\Experiment\data\raw\RGB2\S38\AC9\RGB2_SUB38ACT9F91.jpg,1,0,0.4653318226337433
1138,39,1,1,D:\Skripsi\Experiment\data\raw\RGB2\S39\AC1\RGB2_SUB39ACT1F1.jpg,0,0,0.4949306547641754
1139,39,1,16,D:\Skripsi\Experiment\data\raw\RGB2\S39\AC1\RGB2_SUB39ACT1F16.jpg,0,1,0.5223642587661743
1140,39,1,31,D:\Skripsi\Experiment\data\raw\RGB2\S39\AC1\RGB2_SUB39ACT1F31.jpg,0,0,0.4665845036506653
1141,39,1,46,D:\Skripsi\Experiment\data\raw\RGB2\S39\AC1\RGB2_SUB39ACT1F46.jpg,0,0,0.42957887053489685
1142,39,1,61,D:\Skripsi\Experiment\data\raw\RGB2\S39\AC1\RGB2_SUB39ACT1F61.jpg,0,0,0.3986510634422302
1143,39,1,76,D:\Skripsi\Experiment\data\raw\RGB2\S39\AC1\RGB2_SUB39ACT1F76.jpg,0,0,0.4628828465938568
1144,39,1,91,D:\Skripsi\Experiment\data\raw\RGB2\S39\AC1\RGB2_SUB39ACT1F91.jpg,0,0,0.4902290403842926
1145,39,5,1,D:\Skripsi\Experiment\data\raw\RGB2\S39\AC5\RGB2_SUB39ACT5F1.jpg,1,1,0.6519495844841003
1146,39,5,16,D:\Skripsi\Experiment\data\raw\RGB2\S39\AC5\RGB2_SUB39ACT5F16.jpg,1,1,0.6074360013008118
1147,39,5,31,D:\Skripsi\Experiment\data\raw\RGB2\S39\AC5\RGB2_SUB39ACT5F31.jpg,1,1,0.5795131921768188
1148,39,5,46,D:\Skripsi\Experiment\data\raw\RGB2\S39\AC5\RGB2_SUB39ACT5F46.jpg,1,1,0.590735912322998
1149,39,5,61,D:\Skripsi\Experiment\data\raw\RGB2\S39\AC5\RGB2_SUB39ACT5F61.jpg,1,1,0.7220315933227539
1150,39,5,76,D:\Skripsi\Experiment\data\raw\RGB2\S39\AC5\RGB2_SUB39ACT5F76.jpg,1,1,0.6763350367546082
1151,39,5,91,D:\Skripsi\Experiment\data\raw\RGB2\S39\AC5\RGB2_SUB39ACT5F91.jpg,1,1,0.6617116332054138
1152,39,6,1,D:\Skripsi\Experiment\data\raw\RGB2\S39\AC6\RGB2_SUB39ACT6F1.jpg,1,1,0.6786187887191772
1153,39,6,106,D:\Skripsi\Experiment\data\raw\RGB2\S39\AC6\RGB2_SUB39ACT6F106.jpg,1,1,0.6732513308525085
1154,39,6,16,D:\Skripsi\Experiment\data\raw\RGB2\S39\AC6\RGB2_SUB39ACT6F16.jpg,1,1,0.7631438970565796
1155,39,6,31,D:\Skripsi\Experiment\data\raw\RGB2\S39\AC6\RGB2_SUB39ACT6F31.jpg,1,1,0.7368592619895935
1156,39,6,46,D:\Skripsi\Experiment\data\raw\RGB2\S39\AC6\RGB2_SUB39ACT6F46.jpg,1,1,0.769024133682251
1157,39,6,61,D:\Skripsi\Experiment\data\raw\RGB2\S39\AC6\RGB2_SUB39ACT6F61.jpg,1,1,0.7408013939857483
1158,39,6,76,D:\Skripsi\Experiment\data\raw\RGB2\S39\AC6\RGB2_SUB39ACT6F76.jpg,1,1,0.5955374240875244
1159,39,6,91,D:\Skripsi\Experiment\data\raw\RGB2\S39\AC6\RGB2_SUB39ACT6F91.jpg,1,1,0.7300622463226318
1160,39,7,1,D:\Skripsi\Experiment\data\raw\RGB2\S39\AC7\RGB2_SUB39ACT7F1.jpg,1,1,0.8870836496353149
1161,39,7,16,D:\Skripsi\Experiment\data\raw\RGB2\S39\AC7\RGB2_SUB39ACT7F16.jpg,1,1,0.7298486828804016
1162,39,7,31,D:\Skripsi\Experiment\data\raw\RGB2\S39\AC7\RGB2_SUB39ACT7F31.jpg,1,0,0.48740354180336
1163,39,7,46,D:\Skripsi\Experiment\data\raw\RGB2\S39\AC7\RGB2_SUB39ACT7F46.jpg,1,1,0.6679539680480957
1164,39,7,61,D:\Skripsi\Experiment\data\raw\RGB2\S39\AC7\RGB2_SUB39ACT7F61.jpg,1,1,0.6489408612251282
1165,39,7,76,D:\Skripsi\Experiment\data\raw\RGB2\S39\AC7\RGB2_SUB39ACT7F76.jpg,1,1,0.7492549419403076
1166,39,7,91,D:\Skripsi\Experiment\data\raw\RGB2\S39\AC7\RGB2_SUB39ACT7F91.jpg,1,1,0.782339870929718
1167,39,8,1,D:\Skripsi\Experiment\data\raw\RGB2\S39\AC8\RGB2_SUB39ACT8F1.jpg,1,0,0.42325839400291443
1168,39,8,106,D:\Skripsi\Experiment\data\raw\RGB2\S39\AC8\RGB2_SUB39ACT8F106.jpg,1,0,0.38868287205696106
1169,39,8,121,D:\Skripsi\Experiment\data\raw\RGB2\S39\AC8\RGB2_SUB39ACT8F121.jpg,1,0,0.35553285479545593
1170,39,8,136,D:\Skripsi\Experiment\data\raw\RGB2\S39\AC8\RGB2_SUB39ACT8F136.jpg,1,1,0.5334938168525696
1171,39,8,16,D:\Skripsi\Experiment\data\raw\RGB2\S39\AC8\RGB2_SUB39ACT8F16.jpg,1,1,0.5765031576156616
1172,39,8,31,D:\Skripsi\Experiment\data\raw\RGB2\S39\AC8\RGB2_SUB39ACT8F31.jpg,1,1,0.5859789252281189
1173,39,8,46,D:\Skripsi\Experiment\data\raw\RGB2\S39\AC8\RGB2_SUB39ACT8F46.jpg,1,0,0.42504262924194336
1174,39,8,61,D:\Skripsi\Experiment\data\raw\RGB2\S39\AC8\RGB2_SUB39ACT8F61.jpg,1,1,0.5284216403961182
1175,39,8,76,D:\Skripsi\Experiment\data\raw\RGB2\S39\AC8\RGB2_SUB39ACT8F76.jpg,1,0,0.4926837980747223
1176,39,8,91,D:\Skripsi\Experiment\data\raw\RGB2\S39\AC8\RGB2_SUB39ACT8F91.jpg,1,1,0.7152476906776428
1177,39,9,1,D:\Skripsi\Experiment\data\raw\RGB2\S39\AC9\RGB2_SUB39ACT9F1.jpg,1,1,0.6200686097145081
1178,39,9,106,D:\Skripsi\Experiment\data\raw\RGB2\S39\AC9\RGB2_SUB39ACT9F106.jpg,1,1,0.661466658115387
1179,39,9,121,D:\Skripsi\Experiment\data\raw\RGB2\S39\AC9\RGB2_SUB39ACT9F121.jpg,1,0,0.45911115407943726
1180,39,9,16,D:\Skripsi\Experiment\data\raw\RGB2\S39\AC9\RGB2_SUB39ACT9F16.jpg,1,1,0.5479512214660645
1181,39,9,31,D:\Skripsi\Experiment\data\raw\RGB2\S39\AC9\RGB2_SUB39ACT9F31.jpg,1,1,0.6290152668952942
1182,39,9,46,D:\Skripsi\Experiment\data\raw\RGB2\S39\AC9\RGB2_SUB39ACT9F46.jpg,1,1,0.6570410132408142
1183,39,9,61,D:\Skripsi\Experiment\data\raw\RGB2\S39\AC9\RGB2_SUB39ACT9F61.jpg,1,1,0.6977007985115051
1184,39,9,76,D:\Skripsi\Experiment\data\raw\RGB2\S39\AC9\RGB2_SUB39ACT9F76.jpg,1,1,0.6624390482902527
1185,39,9,91,D:\Skripsi\Experiment\data\raw\RGB2\S39\AC9\RGB2_SUB39ACT9F91.jpg,1,1,0.6791341304779053
1186,40,1,1,D:\Skripsi\Experiment\data\raw\RGB2\S40\AC1\RGB2_SUB40ACT1F1.jpg,0,0,0.3574863076210022
1187,40,1,106,D:\Skripsi\Experiment\data\raw\RGB2\S40\AC1\RGB2_SUB40ACT1F106.jpg,0,0,0.3910699188709259
1188,40,1,121,D:\Skripsi\Experiment\data\raw\RGB2\S40\AC1\RGB2_SUB40ACT1F121.jpg,0,0,0.32627084851264954
1189,40,1,16,D:\Skripsi\Experiment\data\raw\RGB2\S40\AC1\RGB2_SUB40ACT1F16.jpg,0,1,0.5310673117637634
1190,40,1,31,D:\Skripsi\Experiment\data\raw\RGB2\S40\AC1\RGB2_SUB40ACT1F31.jpg,0,1,0.6086190342903137
1191,40,1,46,D:\Skripsi\Experiment\data\raw\RGB2\S40\AC1\RGB2_SUB40ACT1F46.jpg,0,0,0.4836965501308441
1192,40,1,61,D:\Skripsi\Experiment\data\raw\RGB2\S40\AC1\RGB2_SUB40ACT1F61.jpg,0,0,0.3894946873188019
1193,40,1,76,D:\Skripsi\Experiment\data\raw\RGB2\S40\AC1\RGB2_SUB40ACT1F76.jpg,0,0,0.3037400245666504
1194,40,1,91,D:\Skripsi\Experiment\data\raw\RGB2\S40\AC1\RGB2_SUB40ACT1F91.jpg,0,0,0.3981117010116577
1195,40,5,1,D:\Skripsi\Experiment\data\raw\RGB2\S40\AC5\RGB2_SUB40ACT5F1.jpg,1,1,0.5655905604362488
1196,40,5,106,D:\Skripsi\Experiment\data\raw\RGB2\S40\AC5\RGB2_SUB40ACT5F106.jpg,1,0,0.44883468747138977
1197,40,5,16,D:\Skripsi\Experiment\data\raw\RGB2\S40\AC5\RGB2_SUB40ACT5F16.jpg,1,1,0.5420295000076294
1198,40,5,31,D:\Skripsi\Experiment\data\raw\RGB2\S40\AC5\RGB2_SUB40ACT5F31.jpg,1,1,0.5682673454284668
1199,40,5,46,D:\Skripsi\Experiment\data\raw\RGB2\S40\AC5\RGB2_SUB40ACT5F46.jpg,1,1,0.6610289216041565
1200,40,5,61,D:\Skripsi\Experiment\data\raw\RGB2\S40\AC5\RGB2_SUB40ACT5F61.jpg,1,1,0.543394923210144
1201,40,5,76,D:\Skripsi\Experiment\data\raw\RGB2\S40\AC5\RGB2_SUB40ACT5F76.jpg,1,1,0.646816074848175
1202,40,5,91,D:\Skripsi\Experiment\data\raw\RGB2\S40\AC5\RGB2_SUB40ACT5F91.jpg,1,1,0.5593964457511902
1203,40,6,1,D:\Skripsi\Experiment\data\raw\RGB2\S40\AC6\RGB2_SUB40ACT6F1.jpg,1,1,0.5404727458953857
1204,40,6,106,D:\Skripsi\Experiment\data\raw\RGB2\S40\AC6\RGB2_SUB40ACT6F106.jpg,1,1,0.7065991759300232
1205,40,6,121,D:\Skripsi\Experiment\data\raw\RGB2\S40\AC6\RGB2_SUB40ACT6F121.jpg,1,1,0.5598098635673523
1206,40,6,136,D:\Skripsi\Experiment\data\raw\RGB2\S40\AC6\RGB2_SUB40ACT6F136.jpg,1,1,0.5201059579849243
1207,40,6,16,D:\Skripsi\Experiment\data\raw\RGB2\S40\AC6\RGB2_SUB40ACT6F16.jpg,1,1,0.5817579030990601
1208,40,6,31,D:\Skripsi\Experiment\data\raw\RGB2\S40\AC6\RGB2_SUB40ACT6F31.jpg,1,1,0.6487321853637695
1209,40,6,46,D:\Skripsi\Experiment\data\raw\RGB2\S40\AC6\RGB2_SUB40ACT6F46.jpg,1,1,0.7816404700279236
1210,40,6,61,D:\Skripsi\Experiment\data\raw\RGB2\S40\AC6\RGB2_SUB40ACT6F61.jpg,1,1,0.7602552175521851
1211,40,6,76,D:\Skripsi\Experiment\data\raw\RGB2\S40\AC6\RGB2_SUB40ACT6F76.jpg,1,1,0.782098650932312
1212,40,6,91,D:\Skripsi\Experiment\data\raw\RGB2\S40\AC6\RGB2_SUB40ACT6F91.jpg,1,1,0.754470944404602
1213,40,7,1,D:\Skripsi\Experiment\data\raw\RGB2\S40\AC7\RGB2_SUB40ACT7F1.jpg,1,1,0.531766414642334
1214,40,7,106,D:\Skripsi\Experiment\data\raw\RGB2\S40\AC7\RGB2_SUB40ACT7F106.jpg,1,0,0.19969259202480316
1215,40,7,121,D:\Skripsi\Experiment\data\raw\RGB2\S40\AC7\RGB2_SUB40ACT7F121.jpg,1,0,0.3957080841064453
1216,40,7,136,D:\Skripsi\Experiment\data\raw\RGB2\S40\AC7\RGB2_SUB40ACT7F136.jpg,1,0,0.29954037070274353
1217,40,7,151,D:\Skripsi\Experiment\data\raw\RGB2\S40\AC7\RGB2_SUB40ACT7F151.jpg,1,0,0.3515368402004242
1218,40,7,16,D:\Skripsi\Experiment\data\raw\RGB2\S40\AC7\RGB2_SUB40ACT7F16.jpg,1,0,0.4701681137084961
1219,40,7,166,D:\Skripsi\Experiment\data\raw\RGB2\S40\AC7\RGB2_SUB40ACT7F166.jpg,1,0,0.4614967703819275
1220,40,7,181,D:\Skripsi\Experiment\data\raw\RGB2\S40\AC7\RGB2_SUB40ACT7F181.jpg,1,0,0.45857906341552734
1221,40,7,196,D:\Skripsi\Experiment\data\raw\RGB2\S40\AC7\RGB2_SUB40ACT7F196.jpg,1,0,0.31905093789100647
1222,40,7,211,D:\Skripsi\Experiment\data\raw\RGB2\S40\AC7\RGB2_SUB40ACT7F211.jpg,1,1,0.6936960220336914
1223,40,7,226,D:\Skripsi\Experiment\data\raw\RGB2\S40\AC7\RGB2_SUB40ACT7F226.jpg,1,1,0.653426468372345
1224,40,7,31,D:\Skripsi\Experiment\data\raw\RGB2\S40\AC7\RGB2_SUB40ACT7F31.jpg,1,0,0.41110992431640625
1225,40,7,46,D:\Skripsi\Experiment\data\raw\RGB2\S40\AC7\RGB2_SUB40ACT7F46.jpg,1,0,0.45083534717559814
1226,40,7,61,D:\Skripsi\Experiment\data\raw\RGB2\S40\AC7\RGB2_SUB40ACT7F61.jpg,1,0,0.3294222950935364
1227,40,7,76,D:\Skripsi\Experiment\data\raw\RGB2\S40\AC7\RGB2_SUB40ACT7F76.jpg,1,1,0.5783783197402954
1228,40,7,91,D:\Skripsi\Experiment\data\raw\RGB2\S40\AC7\RGB2_SUB40ACT7F91.jpg,1,0,0.3873305320739746
1229,40,8,1,D:\Skripsi\Experiment\data\raw\RGB2\S40\AC8\RGB2_SUB40ACT8F1.jpg,1,1,0.6298806667327881
1230,40,8,106,D:\Skripsi\Experiment\data\raw\RGB2\S40\AC8\RGB2_SUB40ACT8F106.jpg,1,1,0.6162111163139343
1231,40,8,121,D:\Skripsi\Experiment\data\raw\RGB2\S40\AC8\RGB2_SUB40ACT8F121.jpg,1,1,0.6482276320457458
1232,40,8,136,D:\Skripsi\Experiment\data\raw\RGB2\S40\AC8\RGB2_SUB40ACT8F136.jpg,1,1,0.7054025530815125
1233,40,8,151,D:\Skripsi\Experiment\data\raw\RGB2\S40\AC8\RGB2_SUB40ACT8F151.jpg,1,1,0.6593836545944214
1234,40,8,16,D:\Skripsi\Experiment\data\raw\RGB2\S40\AC8\RGB2_SUB40ACT8F16.jpg,1,1,0.697952151298523
1235,40,8,166,D:\Skripsi\Experiment\data\raw\RGB2\S40\AC8\RGB2_SUB40ACT8F166.jpg,1,1,0.6327325701713562
1236,40,8,181,D:\Skripsi\Experiment\data\raw\RGB2\S40\AC8\RGB2_SUB40ACT8F181.jpg,1,1,0.6724243760108948
1237,40,8,31,D:\Skripsi\Experiment\data\raw\RGB2\S40\AC8\RGB2_SUB40ACT8F31.jpg,1,0,0.4295824468135834
1238,40,8,46,D:\Skripsi\Experiment\data\raw\RGB2\S40\AC8\RGB2_SUB40ACT8F46.jpg,1,1,0.6225436329841614
1239,40,8,61,D:\Skripsi\Experiment\data\raw\RGB2\S40\AC8\RGB2_SUB40ACT8F61.jpg,1,1,0.6056246161460876
1240,40,8,76,D:\Skripsi\Experiment\data\raw\RGB2\S40\AC8\RGB2_SUB40ACT8F76.jpg,1,1,0.5859413146972656
1241,40,8,91,D:\Skripsi\Experiment\data\raw\RGB2\S40\AC8\RGB2_SUB40ACT8F91.jpg,1,1,0.6004934310913086
1242,40,9,1,D:\Skripsi\Experiment\data\raw\RGB2\S40\AC9\RGB2_SUB40ACT9F1.jpg,1,1,0.5448070764541626
1243,40,9,106,D:\Skripsi\Experiment\data\raw\RGB2\S40\AC9\RGB2_SUB40ACT9F106.jpg,1,1,0.6474180817604065
1244,40,9,121,D:\Skripsi\Experiment\data\raw\RGB2\S40\AC9\RGB2_SUB40ACT9F121.jpg,1,1,0.6542344093322754
1245,40,9,136,D:\Skripsi\Experiment\data\raw\RGB2\S40\AC9\RGB2_SUB40ACT9F136.jpg,1,1,0.6767472624778748
1246,40,9,16,D:\Skripsi\Experiment\data\raw\RGB2\S40\AC9\RGB2_SUB40ACT9F16.jpg,1,1,0.6418386697769165
1247,40,9,31,D:\Skripsi\Experiment\data\raw\RGB2\S40\AC9\RGB2_SUB40ACT9F31.jpg,1,1,0.5050365328788757
1248,40,9,46,D:\Skripsi\Experiment\data\raw\RGB2\S40\AC9\RGB2_SUB40ACT9F46.jpg,1,1,0.5847977995872498
1249,40,9,61,D:\Skripsi\Experiment\data\raw\RGB2\S40\AC9\RGB2_SUB40ACT9F61.jpg,1,1,0.5548288226127625
1250,40,9,76,D:\Skripsi\Experiment\data\raw\RGB2\S40\AC9\RGB2_SUB40ACT9F76.jpg,1,1,0.597996711730957
1251,40,9,91,D:\Skripsi\Experiment\data\raw\RGB2\S40\AC9\RGB2_SUB40ACT9F91.jpg,1,1,0.6311657428741455
1252,43,1,1,D:\Skripsi\Experiment\data\raw\RGB2\S43\AC1\RGB2_SUB43ACT1F1.jpg,0,1,0.5229936242103577
1253,43,1,106,D:\Skripsi\Experiment\data\raw\RGB2\S43\AC1\RGB2_SUB43ACT1F106.jpg,0,1,0.5633683800697327
1254,43,1,121,D:\Skripsi\Experiment\data\raw\RGB2\S43\AC1\RGB2_SUB43ACT1F121.jpg,0,1,0.5484575033187866
1255,43,1,136,D:\Skripsi\Experiment\data\raw\RGB2\S43\AC1\RGB2_SUB43ACT1F136.jpg,0,0,0.4820978343486786
1256,43,1,151,D:\Skripsi\Experiment\data\raw\RGB2\S43\AC1\RGB2_SUB43ACT1F151.jpg,0,1,0.5417727828025818
1257,43,1,16,D:\Skripsi\Experiment\data\raw\RGB2\S43\AC1\RGB2_SUB43ACT1F16.jpg,0,0,0.4722202718257904
1258,43,1,166,D:\Skripsi\Experiment\data\raw\RGB2\S43\AC1\RGB2_SUB43ACT1F166.jpg,0,1,0.5165230631828308
1259,43,1,181,D:\Skripsi\Experiment\data\raw\RGB2\S43\AC1\RGB2_SUB43ACT1F181.jpg,0,1,0.5090463757514954
1260,43,1,31,D:\Skripsi\Experiment\data\raw\RGB2\S43\AC1\RGB2_SUB43ACT1F31.jpg,0,0,0.4582964777946472
1261,43,1,46,D:\Skripsi\Experiment\data\raw\RGB2\S43\AC1\RGB2_SUB43ACT1F46.jpg,0,1,0.5200227499008179
1262,43,1,61,D:\Skripsi\Experiment\data\raw\RGB2\S43\AC1\RGB2_SUB43ACT1F61.jpg,0,1,0.523375928401947
1263,43,1,76,D:\Skripsi\Experiment\data\raw\RGB2\S43\AC1\RGB2_SUB43ACT1F76.jpg,0,1,0.5587779879570007
1264,43,1,91,D:\Skripsi\Experiment\data\raw\RGB2\S43\AC1\RGB2_SUB43ACT1F91.jpg,0,0,0.48410603404045105
1265,43,5,1,D:\Skripsi\Experiment\data\raw\RGB2\S43\AC5\RGB2_SUB43ACT5F1.jpg,1,1,0.583232581615448
1266,43,5,106,D:\Skripsi\Experiment\data\raw\RGB2\S43\AC5\RGB2_SUB43ACT5F106.jpg,1,1,0.5425206422805786
1267,43,5,121,D:\Skripsi\Experiment\data\raw\RGB2\S43\AC5\RGB2_SUB43ACT5F121.jpg,1,1,0.6086477041244507
1268,43,5,136,D:\Skripsi\Experiment\data\raw\RGB2\S43\AC5\RGB2_SUB43ACT5F136.jpg,1,1,0.6063077449798584
1269,43,5,151,D:\Skripsi\Experiment\data\raw\RGB2\S43\AC5\RGB2_SUB43ACT5F151.jpg,1,1,0.7413264513015747
1270,43,5,16,D:\Skripsi\Experiment\data\raw\RGB2\S43\AC5\RGB2_SUB43ACT5F16.jpg,1,1,0.5892407298088074
1271,43,5,166,D:\Skripsi\Experiment\data\raw\RGB2\S43\AC5\RGB2_SUB43ACT5F166.jpg,1,1,0.5794456601142883
1272,43,5,181,D:\Skripsi\Experiment\data\raw\RGB2\S43\AC5\RGB2_SUB43ACT5F181.jpg,1,1,0.6249066591262817
1273,43,5,31,D:\Skripsi\Experiment\data\raw\RGB2\S43\AC5\RGB2_SUB43ACT5F31.jpg,1,1,0.5640222430229187
1274,43,5,46,D:\Skripsi\Experiment\data\raw\RGB2\S43\AC5\RGB2_SUB43ACT5F46.jpg,1,1,0.6089047789573669
1275,43,5,61,D:\Skripsi\Experiment\data\raw\RGB2\S43\AC5\RGB2_SUB43ACT5F61.jpg,1,1,0.6039384007453918
1276,43,5,76,D:\Skripsi\Experiment\data\raw\RGB2\S43\AC5\RGB2_SUB43ACT5F76.jpg,1,1,0.5841416120529175
1277,43,5,91,D:\Skripsi\Experiment\data\raw\RGB2\S43\AC5\RGB2_SUB43ACT5F91.jpg,1,1,0.755719006061554
1278,43,6,1,D:\Skripsi\Experiment\data\raw\RGB2\S43\AC6\RGB2_SUB43ACT6F1.jpg,1,1,0.58937668800354
1279,43,6,106,D:\Skripsi\Experiment\data\raw\RGB2\S43\AC6\RGB2_SUB43ACT6F106.jpg,1,1,0.621262788772583
1280,43,6,121,D:\Skripsi\Experiment\data\raw\RGB2\S43\AC6\RGB2_SUB43ACT6F121.jpg,1,1,0.5668045282363892
1281,43,6,136,D:\Skripsi\Experiment\data\raw\RGB2\S43\AC6\RGB2_SUB43ACT6F136.jpg,1,1,0.5430278778076172
1282,43,6,151,D:\Skripsi\Experiment\data\raw\RGB2\S43\AC6\RGB2_SUB43ACT6F151.jpg,1,1,0.529055655002594
1283,43,6,16,D:\Skripsi\Experiment\data\raw\RGB2\S43\AC6\RGB2_SUB43ACT6F16.jpg,1,0,0.344861775636673
1284,43,6,166,D:\Skripsi\Experiment\data\raw\RGB2\S43\AC6\RGB2_SUB43ACT6F166.jpg,1,1,0.5976786613464355
1285,43,6,181,D:\Skripsi\Experiment\data\raw\RGB2\S43\AC6\RGB2_SUB43ACT6F181.jpg,1,1,0.5572311282157898
1286,43,6,196,D:\Skripsi\Experiment\data\raw\RGB2\S43\AC6\RGB2_SUB43ACT6F196.jpg,1,1,0.5721075534820557
1287,43,6,31,D:\Skripsi\Experiment\data\raw\RGB2\S43\AC6\RGB2_SUB43ACT6F31.jpg,1,0,0.49306949973106384
1288,43,6,46,D:\Skripsi\Experiment\data\raw\RGB2\S43\AC6\RGB2_SUB43ACT6F46.jpg,1,0,0.45141592621803284
1289,43,6,61,D:\Skripsi\Experiment\data\raw\RGB2\S43\AC6\RGB2_SUB43ACT6F61.jpg,1,1,0.5785325765609741
1290,43,6,76,D:\Skripsi\Experiment\data\raw\RGB2\S43\AC6\RGB2_SUB43ACT6F76.jpg,1,1,0.5153407454490662
1291,43,6,91,D:\Skripsi\Experiment\data\raw\RGB2\S43\AC6\RGB2_SUB43ACT6F91.jpg,1,1,0.528645396232605
1292,43,7,1,D:\Skripsi\Experiment\data\raw\RGB2\S43\AC7\RGB2_SUB43ACT7F1.jpg,1,1,0.5096858143806458
1293,43,7,106,D:\Skripsi\Experiment\data\raw\RGB2\S43\AC7\RGB2_SUB43ACT7F106.jpg,1,0,0.4345821142196655
1294,43,7,121,D:\Skripsi\Experiment\data\raw\RGB2\S43\AC7\RGB2_SUB43ACT7F121.jpg,1,0,0.3909101188182831
1295,43,7,136,D:\Skripsi\Experiment\data\raw\RGB2\S43\AC7\RGB2_SUB43ACT7F136.jpg,1,0,0.4581688344478607
1296,43,7,151,D:\Skripsi\Experiment\data\raw\RGB2\S43\AC7\RGB2_SUB43ACT7F151.jpg,1,0,0.4907998740673065
1297,43,7,16,D:\Skripsi\Experiment\data\raw\RGB2\S43\AC7\RGB2_SUB43ACT7F16.jpg,1,0,0.3841626048088074
1298,43,7,166,D:\Skripsi\Experiment\data\raw\RGB2\S43\AC7\RGB2_SUB43ACT7F166.jpg,1,0,0.4735376834869385
1299,43,7,181,D:\Skripsi\Experiment\data\raw\RGB2\S43\AC7\RGB2_SUB43ACT7F181.jpg,1,0,0.46425333619117737
1300,43,7,196,D:\Skripsi\Experiment\data\raw\RGB2\S43\AC7\RGB2_SUB43ACT7F196.jpg,1,0,0.45233750343322754
1301,43,7,211,D:\Skripsi\Experiment\data\raw\RGB2\S43\AC7\RGB2_SUB43ACT7F211.jpg,1,0,0.47440454363822937
1302,43,7,31,D:\Skripsi\Experiment\data\raw\RGB2\S43\AC7\RGB2_SUB43ACT7F31.jpg,1,0,0.49192318320274353
1303,43,7,46,D:\Skripsi\Experiment\data\raw\RGB2\S43\AC7\RGB2_SUB43ACT7F46.jpg,1,0,0.49681347608566284
1304,43,7,61,D:\Skripsi\Experiment\data\raw\RGB2\S43\AC7\RGB2_SUB43ACT7F61.jpg,1,0,0.41543498635292053
1305,43,7,76,D:\Skripsi\Experiment\data\raw\RGB2\S43\AC7\RGB2_SUB43ACT7F76.jpg,1,0,0.4710586667060852
1306,43,7,91,D:\Skripsi\Experiment\data\raw\RGB2\S43\AC7\RGB2_SUB43ACT7F91.jpg,1,0,0.4271470010280609
1307,43,8,1,D:\Skripsi\Experiment\data\raw\RGB2\S43\AC8\RGB2_SUB43ACT8F1.jpg,1,0,0.48153993487358093
1308,43,8,106,D:\Skripsi\Experiment\data\raw\RGB2\S43\AC8\RGB2_SUB43ACT8F106.jpg,1,1,0.5220418572425842
1309,43,8,121,D:\Skripsi\Experiment\data\raw\RGB2\S43\AC8\RGB2_SUB43ACT8F121.jpg,1,0,0.4535822570323944
1310,43,8,136,D:\Skripsi\Experiment\data\raw\RGB2\S43\AC8\RGB2_SUB43ACT8F136.jpg,1,0,0.42904698848724365
1311,43,8,151,D:\Skripsi\Experiment\data\raw\RGB2\S43\AC8\RGB2_SUB43ACT8F151.jpg,1,0,0.43915116786956787
1312,43,8,16,D:\Skripsi\Experiment\data\raw\RGB2\S43\AC8\RGB2_SUB43ACT8F16.jpg,1,1,0.5602900981903076
1313,43,8,166,D:\Skripsi\Experiment\data\raw\RGB2\S43\AC8\RGB2_SUB43ACT8F166.jpg,1,1,0.5911190509796143
1314,43,8,181,D:\Skripsi\Experiment\data\raw\RGB2\S43\AC8\RGB2_SUB43ACT8F181.jpg,1,1,0.539038360118866
1315,43,8,196,D:\Skripsi\Experiment\data\raw\RGB2\S43\AC8\RGB2_SUB43ACT8F196.jpg,1,1,0.5244684219360352
1316,43,8,211,D:\Skripsi\Experiment\data\raw\RGB2\S43\AC8\RGB2_SUB43ACT8F211.jpg,1,1,0.5670356750488281
1317,43,8,226,D:\Skripsi\Experiment\data\raw\RGB2\S43\AC8\RGB2_SUB43ACT8F226.jpg,1,0,0.4913634657859802
1318,43,8,241,D:\Skripsi\Experiment\data\raw\RGB2\S43\AC8\RGB2_SUB43ACT8F241.jpg,1,0,0.4624839127063751
1319,43,8,256,D:\Skripsi\Experiment\data\raw\RGB2\S43\AC8\RGB2_SUB43ACT8F256.jpg,1,0,0.402198851108551
1320,43,8,31,D:\Skripsi\Experiment\data\raw\RGB2\S43\AC8\RGB2_SUB43ACT8F31.jpg,1,0,0.4632720351219177
1321,43,8,46,D:\Skripsi\Experiment\data\raw\RGB2\S43\AC8\RGB2_SUB43ACT8F46.jpg,1,0,0.41779664158821106
1322,43,8,61,D:\Skripsi\Experiment\data\raw\RGB2\S43\AC8\RGB2_SUB43ACT8F61.jpg,1,1,0.5522530674934387
1323,43,8,76,D:\Skripsi\Experiment\data\raw\RGB2\S43\AC8\RGB2_SUB43ACT8F76.jpg,1,1,0.5772228837013245
1324,43,8,91,D:\Skripsi\Experiment\data\raw\RGB2\S43\AC8\RGB2_SUB43ACT8F91.jpg,1,0,0.3504241108894348
1325,43,9,1,D:\Skripsi\Experiment\data\raw\RGB2\S43\AC9\RGB2_SUB43ACT9F1.jpg,1,1,0.5255888104438782
1326,43,9,106,D:\Skripsi\Experiment\data\raw\RGB2\S43\AC9\RGB2_SUB43ACT9F106.jpg,1,1,0.5528222918510437
1327,43,9,121,D:\Skripsi\Experiment\data\raw\RGB2\S43\AC9\RGB2_SUB43ACT9F121.jpg,1,1,0.5746566653251648
1328,43,9,136,D:\Skripsi\Experiment\data\raw\RGB2\S43\AC9\RGB2_SUB43ACT9F136.jpg,1,1,0.5069550275802612
1329,43,9,151,D:\Skripsi\Experiment\data\raw\RGB2\S43\AC9\RGB2_SUB43ACT9F151.jpg,1,1,0.567767322063446
1330,43,9,16,D:\Skripsi\Experiment\data\raw\RGB2\S43\AC9\RGB2_SUB43ACT9F16.jpg,1,1,0.5570530891418457
1331,43,9,166,D:\Skripsi\Experiment\data\raw\RGB2\S43\AC9\RGB2_SUB43ACT9F166.jpg,1,1,0.7808972001075745
1332,43,9,31,D:\Skripsi\Experiment\data\raw\RGB2\S43\AC9\RGB2_SUB43ACT9F31.jpg,1,0,0.4858652651309967
1333,43,9,46,D:\Skripsi\Experiment\data\raw\RGB2\S43\AC9\RGB2_SUB43ACT9F46.jpg,1,1,0.6643327474594116
1334,43,9,61,D:\Skripsi\Experiment\data\raw\RGB2\S43\AC9\RGB2_SUB43ACT9F61.jpg,1,1,0.7524927258491516
1335,43,9,76,D:\Skripsi\Experiment\data\raw\RGB2\S43\AC9\RGB2_SUB43ACT9F76.jpg,1,1,0.6570663452148438
1336,43,9,91,D:\Skripsi\Experiment\data\raw\RGB2\S43\AC9\RGB2_SUB43ACT9F91.jpg,1,1,0.5625551342964172
1337,44,1,1,D:\Skripsi\Experiment\data\raw\RGB2\S44\AC1\RGB2_SUB44ACT1F1.jpg,0,0,0.4265921413898468
1338,44,1,106,D:\Skripsi\Experiment\data\raw\RGB2\S44\AC1\RGB2_SUB44ACT1F106.jpg,0,1,0.5096609592437744
1339,44,1,121,D:\Skripsi\Experiment\data\raw\RGB2\S44\AC1\RGB2_SUB44ACT1F121.jpg,0,1,0.5046656727790833
1340,44,1,136,D:\Skripsi\Experiment\data\raw\RGB2\S44\AC1\RGB2_SUB44ACT1F136.jpg,0,0,0.30632954835891724
1341,44,1,151,D:\Skripsi\Experiment\data\raw\RGB2\S44\AC1\RGB2_SUB44ACT1F151.jpg,0,0,0.43997734785079956
1342,44,1,16,D:\Skripsi\Experiment\data\raw\RGB2\S44\AC1\RGB2_SUB44ACT1F16.jpg,0,1,0.5314128994941711
1343,44,1,31,D:\Skripsi\Experiment\data\raw\RGB2\S44\AC1\RGB2_SUB44ACT1F31.jpg,0,0,0.43015336990356445
1344,44,1,46,D:\Skripsi\Experiment\data\raw\RGB2\S44\AC1\RGB2_SUB44ACT1F46.jpg,0,0,0.46806177496910095
1345,44,1,61,D:\Skripsi\Experiment\data\raw\RGB2\S44\AC1\RGB2_SUB44ACT1F61.jpg,0,0,0.39238440990448
1346,44,1,76,D:\Skripsi\Experiment\data\raw\RGB2\S44\AC1\RGB2_SUB44ACT1F76.jpg,0,0,0.3806125819683075
1347,44,1,91,D:\Skripsi\Experiment\data\raw\RGB2\S44\AC1\RGB2_SUB44ACT1F91.jpg,0,1,0.539711058139801
1348,44,5,1,D:\Skripsi\Experiment\data\raw\RGB2\S44\AC5\RGB2_SUB44ACT5F1.jpg,1,1,0.6890230774879456
1349,44,5,106,D:\Skripsi\Experiment\data\raw\RGB2\S44\AC5\RGB2_SUB44ACT5F106.jpg,1,1,0.6586528420448303
1350,44,5,121,D:\Skripsi\Experiment\data\raw\RGB2\S44\AC5\RGB2_SUB44ACT5F121.jpg,1,1,0.6923482418060303
1351,44,5,136,D:\Skripsi\Experiment\data\raw\RGB2\S44\AC5\RGB2_SUB44ACT5F136.jpg,1,1,0.5733555555343628
1352,44,5,16,D:\Skripsi\Experiment\data\raw\RGB2\S44\AC5\RGB2_SUB44ACT5F16.jpg,1,1,0.6432231068611145
1353,44,5,31,D:\Skripsi\Experiment\data\raw\RGB2\S44\AC5\RGB2_SUB44ACT5F31.jpg,1,1,0.5667371153831482
1354,44,5,46,D:\Skripsi\Experiment\data\raw\RGB2\S44\AC5\RGB2_SUB44ACT5F46.jpg,1,1,0.6495764255523682
1355,44,5,61,D:\Skripsi\Experiment\data\raw\RGB2\S44\AC5\RGB2_SUB44ACT5F61.jpg,1,1,0.637397050857544
1356,44,5,76,D:\Skripsi\Experiment\data\raw\RGB2\S44\AC5\RGB2_SUB44ACT5F76.jpg,1,1,0.6236844062805176
1357,44,5,91,D:\Skripsi\Experiment\data\raw\RGB2\S44\AC5\RGB2_SUB44ACT5F91.jpg,1,1,0.7334986925125122
1358,44,6,1,D:\Skripsi\Experiment\data\raw\RGB2\S44\AC6\RGB2_SUB44ACT6F1.jpg,1,1,0.6304711699485779
1359,44,6,106,D:\Skripsi\Experiment\data\raw\RGB2\S44\AC6\RGB2_SUB44ACT6F106.jpg,1,1,0.6599361300468445
1360,44,6,121,D:\Skripsi\Experiment\data\raw\RGB2\S44\AC6\RGB2_SUB44ACT6F121.jpg,1,1,0.6100303530693054
1361,44,6,136,D:\Skripsi\Experiment\data\raw\RGB2\S44\AC6\RGB2_SUB44ACT6F136.jpg,1,0,0.4796851873397827
1362,44,6,16,D:\Skripsi\Experiment\data\raw\RGB2\S44\AC6\RGB2_SUB44ACT6F16.jpg,1,1,0.6012101769447327
1363,44,6,31,D:\Skripsi\Experiment\data\raw\RGB2\S44\AC6\RGB2_SUB44ACT6F31.jpg,1,0,0.44636279344558716
1364,44,6,46,D:\Skripsi\Experiment\data\raw\RGB2\S44\AC6\RGB2_SUB44ACT6F46.jpg,1,1,0.594655454158783
1365,44,6,61,D:\Skripsi\Experiment\data\raw\RGB2\S44\AC6\RGB2_SUB44ACT6F61.jpg,1,1,0.5027188658714294
1366,44,6,76,D:\Skripsi\Experiment\data\raw\RGB2\S44\AC6\RGB2_SUB44ACT6F76.jpg,1,1,0.6333197355270386
1367,44,6,91,D:\Skripsi\Experiment\data\raw\RGB2\S44\AC6\RGB2_SUB44ACT6F91.jpg,1,0,0.47546955943107605
1368,44,7,1,D:\Skripsi\Experiment\data\raw\RGB2\S44\AC7\RGB2_SUB44ACT7F1.jpg,1,1,0.5255736708641052
1369,44,7,106,D:\Skripsi\Experiment\data\raw\RGB2\S44\AC7\RGB2_SUB44ACT7F106.jpg,1,1,0.6515948176383972
1370,44,7,121,D:\Skripsi\Experiment\data\raw\RGB2\S44\AC7\RGB2_SUB44ACT7F121.jpg,1,1,0.6244484782218933
1371,44,7,136,D:\Skripsi\Experiment\data\raw\RGB2\S44\AC7\RGB2_SUB44ACT7F136.jpg,1,1,0.6558179259300232
1372,44,7,151,D:\Skripsi\Experiment\data\raw\RGB2\S44\AC7\RGB2_SUB44ACT7F151.jpg,1,1,0.6577990055084229
1373,44,7,16,D:\Skripsi\Experiment\data\raw\RGB2\S44\AC7\RGB2_SUB44ACT7F16.jpg,1,1,0.5877043604850769
1374,44,7,31,D:\Skripsi\Experiment\data\raw\RGB2\S44\AC7\RGB2_SUB44ACT7F31.jpg,1,1,0.6368064284324646
1375,44,7,46,D:\Skripsi\Experiment\data\raw\RGB2\S44\AC7\RGB2_SUB44ACT7F46.jpg,1,1,0.5302682518959045
1376,44,7,61,D:\Skripsi\Experiment\data\raw\RGB2\S44\AC7\RGB2_SUB44ACT7F61.jpg,1,1,0.5173591375350952
1377,44,7,76,D:\Skripsi\Experiment\data\raw\RGB2\S44\AC7\RGB2_SUB44ACT7F76.jpg,1,1,0.5974675416946411
1378,44,7,91,D:\Skripsi\Experiment\data\raw\RGB2\S44\AC7\RGB2_SUB44ACT7F91.jpg,1,1,0.6388081312179565
1379,44,8,1,D:\Skripsi\Experiment\data\raw\RGB2\S44\AC8\RGB2_SUB44ACT8F1.jpg,1,0,0.45841580629348755
1380,44,8,106,D:\Skripsi\Experiment\data\raw\RGB2\S44\AC8\RGB2_SUB44ACT8F106.jpg,1,1,0.5093738436698914
1381,44,8,121,D:\Skripsi\Experiment\data\raw\RGB2\S44\AC8\RGB2_SUB44ACT8F121.jpg,1,1,0.589432418346405
1382,44,8,136,D:\Skripsi\Experiment\data\raw\RGB2\S44\AC8\RGB2_SUB44ACT8F136.jpg,1,1,0.5208373069763184
1383,44,8,151,D:\Skripsi\Experiment\data\raw\RGB2\S44\AC8\RGB2_SUB44ACT8F151.jpg,1,1,0.6421436667442322
1384,44,8,16,D:\Skripsi\Experiment\data\raw\RGB2\S44\AC8\RGB2_SUB44ACT8F16.jpg,1,1,0.6110966205596924
1385,44,8,166,D:\Skripsi\Experiment\data\raw\RGB2\S44\AC8\RGB2_SUB44ACT8F166.jpg,1,1,0.6203099489212036
1386,44,8,181,D:\Skripsi\Experiment\data\raw\RGB2\S44\AC8\RGB2_SUB44ACT8F181.jpg,1,1,0.6331592202186584
1387,44,8,31,D:\Skripsi\Experiment\data\raw\RGB2\S44\AC8\RGB2_SUB44ACT8F31.jpg,1,0,0.46135589480400085
1388,44,8,46,D:\Skripsi\Experiment\data\raw\RGB2\S44\AC8\RGB2_SUB44ACT8F46.jpg,1,0,0.36270347237586975
1389,44,8,61,D:\Skripsi\Experiment\data\raw\RGB2\S44\AC8\RGB2_SUB44ACT8F61.jpg,1,0,0.4516095221042633
1390,44,8,76,D:\Skripsi\Experiment\data\raw\RGB2\S44\AC8\RGB2_SUB44ACT8F76.jpg,1,0,0.45583653450012207
1391,44,8,91,D:\Skripsi\Experiment\data\raw\RGB2\S44\AC8\RGB2_SUB44ACT8F91.jpg,1,0,0.38383641839027405
1392,44,9,1,D:\Skripsi\Experiment\data\raw\RGB2\S44\AC9\RGB2_SUB44ACT9F1.jpg,1,1,0.6317084431648254
1393,44,9,106,D:\Skripsi\Experiment\data\raw\RGB2\S44\AC9\RGB2_SUB44ACT9F106.jpg,1,1,0.5520784258842468
1394,44,9,121,D:\Skripsi\Experiment\data\raw\RGB2\S44\AC9\RGB2_SUB44ACT9F121.jpg,1,1,0.6416182518005371
1395,44,9,136,D:\Skripsi\Experiment\data\raw\RGB2\S44\AC9\RGB2_SUB44ACT9F136.jpg,1,1,0.6486684083938599
1396,44,9,151,D:\Skripsi\Experiment\data\raw\RGB2\S44\AC9\RGB2_SUB44ACT9F151.jpg,1,1,0.6111891865730286
1397,44,9,16,D:\Skripsi\Experiment\data\raw\RGB2\S44\AC9\RGB2_SUB44ACT9F16.jpg,1,1,0.6023581027984619
1398,44,9,166,D:\Skripsi\Experiment\data\raw\RGB2\S44\AC9\RGB2_SUB44ACT9F166.jpg,1,1,0.5418602824211121
1399,44,9,181,D:\Skripsi\Experiment\data\raw\RGB2\S44\AC9\RGB2_SUB44ACT9F181.jpg,1,1,0.6327369809150696
1400,44,9,196,D:\Skripsi\Experiment\data\raw\RGB2\S44\AC9\RGB2_SUB44ACT9F196.jpg,1,1,0.6581801772117615
1401,44,9,31,D:\Skripsi\Experiment\data\raw\RGB2\S44\AC9\RGB2_SUB44ACT9F31.jpg,1,1,0.6834166049957275
1402,44,9,46,D:\Skripsi\Experiment\data\raw\RGB2\S44\AC9\RGB2_SUB44ACT9F46.jpg,1,0,0.4979625344276428
1403,44,9,61,D:\Skripsi\Experiment\data\raw\RGB2\S44\AC9\RGB2_SUB44ACT9F61.jpg,1,1,0.7212556004524231
1404,44,9,76,D:\Skripsi\Experiment\data\raw\RGB2\S44\AC9\RGB2_SUB44ACT9F76.jpg,1,1,0.627096951007843
1405,44,9,91,D:\Skripsi\Experiment\data\raw\RGB2\S44\AC9\RGB2_SUB44ACT9F91.jpg,1,1,0.6163522005081177
1406,45,1,1,D:\Skripsi\Experiment\data\raw\RGB2\S45\AC1\RGB2_SUB45ACT1F1.jpg,0,0,0.3310772478580475
1407,45,1,106,D:\Skripsi\Experiment\data\raw\RGB2\S45\AC1\RGB2_SUB45ACT1F106.jpg,0,0,0.4028027355670929
1408,45,1,121,D:\Skripsi\Experiment\data\raw\RGB2\S45\AC1\RGB2_SUB45ACT1F121.jpg,0,0,0.4525042474269867
1409,45,1,136,D:\Skripsi\Experiment\data\raw\RGB2\S45\AC1\RGB2_SUB45ACT1F136.jpg,0,0,0.49744942784309387
1410,45,1,151,D:\Skripsi\Experiment\data\raw\RGB2\S45\AC1\RGB2_SUB45ACT1F151.jpg,0,0,0.4893780052661896
1411,45,1,16,D:\Skripsi\Experiment\data\raw\RGB2\S45\AC1\RGB2_SUB45ACT1F16.jpg,0,0,0.37182632088661194
1412,45,1,166,D:\Skripsi\Experiment\data\raw\RGB2\S45\AC1\RGB2_SUB45ACT1F166.jpg,0,1,0.5295649766921997
1413,45,1,31,D:\Skripsi\Experiment\data\raw\RGB2\S45\AC1\RGB2_SUB45ACT1F31.jpg,0,0,0.3558834195137024
1414,45,1,46,D:\Skripsi\Experiment\data\raw\RGB2\S45\AC1\RGB2_SUB45ACT1F46.jpg,0,0,0.33027195930480957
1415,45,1,61,D:\Skripsi\Experiment\data\raw\RGB2\S45\AC1\RGB2_SUB45ACT1F61.jpg,0,0,0.3220037519931793
1416,45,1,76,D:\Skripsi\Experiment\data\raw\RGB2\S45\AC1\RGB2_SUB45ACT1F76.jpg,0,0,0.4234496057033539
1417,45,1,91,D:\Skripsi\Experiment\data\raw\RGB2\S45\AC1\RGB2_SUB45ACT1F91.jpg,0,0,0.45127376914024353
1418,45,5,1,D:\Skripsi\Experiment\data\raw\RGB2\S45\AC5\RGB2_SUB45ACT5F1.jpg,1,0,0.48856058716773987
1419,45,5,106,D:\Skripsi\Experiment\data\raw\RGB2\S45\AC5\RGB2_SUB45ACT5F106.jpg,1,1,0.5548781752586365
1420,45,5,16,D:\Skripsi\Experiment\data\raw\RGB2\S45\AC5\RGB2_SUB45ACT5F16.jpg,1,1,0.5963202714920044
1421,45,5,31,D:\Skripsi\Experiment\data\raw\RGB2\S45\AC5\RGB2_SUB45ACT5F31.jpg,1,0,0.4961493909358978
1422,45,5,46,D:\Skripsi\Experiment\data\raw\RGB2\S45\AC5\RGB2_SUB45ACT5F46.jpg,1,1,0.5498576760292053
1423,45,5,61,D:\Skripsi\Experiment\data\raw\RGB2\S45\AC5\RGB2_SUB45ACT5F61.jpg,1,1,0.6805077791213989
1424,45,5,76,D:\Skripsi\Experiment\data\raw\RGB2\S45\AC5\RGB2_SUB45ACT5F76.jpg,1,1,0.5177065134048462
1425,45,5,91,D:\Skripsi\Experiment\data\raw\RGB2\S45\AC5\RGB2_SUB45ACT5F91.jpg,1,1,0.5879849195480347
1426,45,6,1,D:\Skripsi\Experiment\data\raw\RGB2\S45\AC6\RGB2_SUB45ACT6F1.jpg,1,0,0.4023786783218384
1427,45,6,106,D:\Skripsi\Experiment\data\raw\RGB2\S45\AC6\RGB2_SUB45ACT6F106.jpg,1,0,0.48091551661491394
1428,45,6,121,D:\Skripsi\Experiment\data\raw\RGB2\S45\AC6\RGB2_SUB45ACT6F121.jpg,1,1,0.5624784827232361
1429,45,6,136,D:\Skripsi\Experiment\data\raw\RGB2\S45\AC6\RGB2_SUB45ACT6F136.jpg,1,1,0.6070230603218079
1430,45,6,151,D:\Skripsi\Experiment\data\raw\RGB2\S45\AC6\RGB2_SUB45ACT6F151.jpg,1,1,0.6195220351219177
1431,45,6,16,D:\Skripsi\Experiment\data\raw\RGB2\S45\AC6\RGB2_SUB45ACT6F16.jpg,1,0,0.47146153450012207
1432,45,6,31,D:\Skripsi\Experiment\data\raw\RGB2\S45\AC6\RGB2_SUB45ACT6F31.jpg,1,0,0.42492997646331787
1433,45,6,46,D:\Skripsi\Experiment\data\raw\RGB2\S45\AC6\RGB2_SUB45ACT6F46.jpg,1,0,0.4534868597984314
1434,45,6,61,D:\Skripsi\Experiment\data\raw\RGB2\S45\AC6\RGB2_SUB45ACT6F61.jpg,1,0,0.468901127576828
1435,45,6,76,D:\Skripsi\Experiment\data\raw\RGB2\S45\AC6\RGB2_SUB45ACT6F76.jpg,1,1,0.5951704382896423
1436,45,6,91,D:\Skripsi\Experiment\data\raw\RGB2\S45\AC6\RGB2_SUB45ACT6F91.jpg,1,1,0.5730077028274536
1437,45,7,1,D:\Skripsi\Experiment\data\raw\RGB2\S45\AC7\RGB2_SUB45ACT7F1.jpg,1,0,0.4722819924354553
1438,45,7,106,D:\Skripsi\Experiment\data\raw\RGB2\S45\AC7\RGB2_SUB45ACT7F106.jpg,1,0,0.4638102352619171
1439,45,7,121,D:\Skripsi\Experiment\data\raw\RGB2\S45\AC7\RGB2_SUB45ACT7F121.jpg,1,1,0.5526847243309021
1440,45,7,136,D:\Skripsi\Experiment\data\raw\RGB2\S45\AC7\RGB2_SUB45ACT7F136.jpg,1,1,0.6054415106773376
1441,45,7,151,D:\Skripsi\Experiment\data\raw\RGB2\S45\AC7\RGB2_SUB45ACT7F151.jpg,1,1,0.5086248517036438
1442,45,7,16,D:\Skripsi\Experiment\data\raw\RGB2\S45\AC7\RGB2_SUB45ACT7F16.jpg,1,1,0.608071506023407
1443,45,7,166,D:\Skripsi\Experiment\data\raw\RGB2\S45\AC7\RGB2_SUB45ACT7F166.jpg,1,1,0.6037535071372986
1444,45,7,181,D:\Skripsi\Experiment\data\raw\RGB2\S45\AC7\RGB2_SUB45ACT7F181.jpg,1,1,0.6236666440963745
1445,45,7,196,D:\Skripsi\Experiment\data\raw\RGB2\S45\AC7\RGB2_SUB45ACT7F196.jpg,1,1,0.5338826179504395
1446,45,7,31,D:\Skripsi\Experiment\data\raw\RGB2\S45\AC7\RGB2_SUB45ACT7F31.jpg,1,1,0.5133692026138306
1447,45,7,46,D:\Skripsi\Experiment\data\raw\RGB2\S45\AC7\RGB2_SUB45ACT7F46.jpg,1,1,0.5707655549049377
1448,45,7,61,D:\Skripsi\Experiment\data\raw\RGB2\S45\AC7\RGB2_SUB45ACT7F61.jpg,1,0,0.4853981137275696
1449,45,7,76,D:\Skripsi\Experiment\data\raw\RGB2\S45\AC7\RGB2_SUB45ACT7F76.jpg,1,1,0.5103585124015808
1450,45,7,91,D:\Skripsi\Experiment\data\raw\RGB2\S45\AC7\RGB2_SUB45ACT7F91.jpg,1,0,0.47455817461013794
1451,45,8,1,D:\Skripsi\Experiment\data\raw\RGB2\S45\AC8\RGB2_SUB45ACT8F1.jpg,1,0,0.4787752628326416
1452,45,8,106,D:\Skripsi\Experiment\data\raw\RGB2\S45\AC8\RGB2_SUB45ACT8F106.jpg,1,1,0.613359272480011
1453,45,8,121,D:\Skripsi\Experiment\data\raw\RGB2\S45\AC8\RGB2_SUB45ACT8F121.jpg,1,0,0.42994922399520874
1454,45,8,136,D:\Skripsi\Experiment\data\raw\RGB2\S45\AC8\RGB2_SUB45ACT8F136.jpg,1,1,0.5666913390159607
1455,45,8,151,D:\Skripsi\Experiment\data\raw\RGB2\S45\AC8\RGB2_SUB45ACT8F151.jpg,1,1,0.6750045418739319
1456,45,8,16,D:\Skripsi\Experiment\data\raw\RGB2\S45\AC8\RGB2_SUB45ACT8F16.jpg,1,1,0.6699836254119873
1457,45,8,166,D:\Skripsi\Experiment\data\raw\RGB2\S45\AC8\RGB2_SUB45ACT8F166.jpg,1,1,0.5380844473838806
1458,45,8,181,D:\Skripsi\Experiment\data\raw\RGB2\S45\AC8\RGB2_SUB45ACT8F181.jpg,1,1,0.5704436898231506
1459,45,8,196,D:\Skripsi\Experiment\data\raw\RGB2\S45\AC8\RGB2_SUB45ACT8F196.jpg,1,1,0.5769496560096741
1460,45,8,211,D:\Skripsi\Experiment\data\raw\RGB2\S45\AC8\RGB2_SUB45ACT8F211.jpg,1,1,0.509799599647522
1461,45,8,31,D:\Skripsi\Experiment\data\raw\RGB2\S45\AC8\RGB2_SUB45ACT8F31.jpg,1,1,0.550909698009491
1462,45,8,46,D:\Skripsi\Experiment\data\raw\RGB2\S45\AC8\RGB2_SUB45ACT8F46.jpg,1,1,0.571099042892456
1463,45,8,61,D:\Skripsi\Experiment\data\raw\RGB2\S45\AC8\RGB2_SUB45ACT8F61.jpg,1,1,0.6250656247138977
1464,45,8,76,D:\Skripsi\Experiment\data\raw\RGB2\S45\AC8\RGB2_SUB45ACT8F76.jpg,1,1,0.6318349838256836
1465,45,8,91,D:\Skripsi\Experiment\data\raw\RGB2\S45\AC8\RGB2_SUB45ACT8F91.jpg,1,1,0.5097706913948059
1466,45,9,1,D:\Skripsi\Experiment\data\raw\RGB2\S45\AC9\RGB2_SUB45ACT9F1.jpg,1,1,0.6152288913726807
1467,45,9,106,D:\Skripsi\Experiment\data\raw\RGB2\S45\AC9\RGB2_SUB45ACT9F106.jpg,1,0,0.4701599180698395
1468,45,9,121,D:\Skripsi\Experiment\data\raw\RGB2\S45\AC9\RGB2_SUB45ACT9F121.jpg,1,0,0.3956287205219269
1469,45,9,136,D:\Skripsi\Experiment\data\raw\RGB2\S45\AC9\RGB2_SUB45ACT9F136.jpg,1,0,0.4221164286136627
1470,45,9,151,D:\Skripsi\Experiment\data\raw\RGB2\S45\AC9\RGB2_SUB45ACT9F151.jpg,1,1,0.54205322265625
1471,45,9,16,D:\Skripsi\Experiment\data\raw\RGB2\S45\AC9\RGB2_SUB45ACT9F16.jpg,1,1,0.5046826601028442
1472,45,9,166,D:\Skripsi\Experiment\data\raw\RGB2\S45\AC9\RGB2_SUB45ACT9F166.jpg,1,0,0.3820991516113281
1473,45,9,181,D:\Skripsi\Experiment\data\raw\RGB2\S45\AC9\RGB2_SUB45ACT9F181.jpg,1,0,0.4680652618408203
1474,45,9,196,D:\Skripsi\Experiment\data\raw\RGB2\S45\AC9\RGB2_SUB45ACT9F196.jpg,1,0,0.40284961462020874
1475,45,9,211,D:\Skripsi\Experiment\data\raw\RGB2\S45\AC9\RGB2_SUB45ACT9F211.jpg,1,1,0.5941691994667053
1476,45,9,226,D:\Skripsi\Experiment\data\raw\RGB2\S45\AC9\RGB2_SUB45ACT9F226.jpg,1,1,0.6430251598358154
1477,45,9,31,D:\Skripsi\Experiment\data\raw\RGB2\S45\AC9\RGB2_SUB45ACT9F31.jpg,1,1,0.5165307521820068
1478,45,9,46,D:\Skripsi\Experiment\data\raw\RGB2\S45\AC9\RGB2_SUB45ACT9F46.jpg,1,1,0.5919153690338135
1479,45,9,61,D:\Skripsi\Experiment\data\raw\RGB2\S45\AC9\RGB2_SUB45ACT9F61.jpg,1,0,0.4287494719028473
1480,45,9,76,D:\Skripsi\Experiment\data\raw\RGB2\S45\AC9\RGB2_SUB45ACT9F76.jpg,1,0,0.4189879894256592
1481,45,9,91,D:\Skripsi\Experiment\data\raw\RGB2\S45\AC9\RGB2_SUB45ACT9F91.jpg,1,0,0.3068000078201294
1482,46,1,1,D:\Skripsi\Experiment\data\raw\RGB2\S46\AC1\RGB2_SUB46ACT1F1.jpg,0,0,0.45333290100097656
1483,46,1,106,D:\Skripsi\Experiment\data\raw\RGB2\S46\AC1\RGB2_SUB46ACT1F106.jpg,0,0,0.36917728185653687
1484,46,1,121,D:\Skripsi\Experiment\data\raw\RGB2\S46\AC1\RGB2_SUB46ACT1F121.jpg,0,0,0.4037986099720001
1485,46,1,136,D:\Skripsi\Experiment\data\raw\RGB2\S46\AC1\RGB2_SUB46ACT1F136.jpg,0,0,0.47018393874168396
1486,46,1,151,D:\Skripsi\Experiment\data\raw\RGB2\S46\AC1\RGB2_SUB46ACT1F151.jpg,0,1,0.5824216604232788
1487,46,1,16,D:\Skripsi\Experiment\data\raw\RGB2\S46\AC1\RGB2_SUB46ACT1F16.jpg,0,0,0.3841312825679779
1488,46,1,166,D:\Skripsi\Experiment\data\raw\RGB2\S46\AC1\RGB2_SUB46ACT1F166.jpg,0,0,0.43136537075042725
1489,46,1,181,D:\Skripsi\Experiment\data\raw\RGB2\S46\AC1\RGB2_SUB46ACT1F181.jpg,0,0,0.33145806193351746
1490,46,1,196,D:\Skripsi\Experiment\data\raw\RGB2\S46\AC1\RGB2_SUB46ACT1F196.jpg,0,0,0.45148003101348877
1491,46,1,211,D:\Skripsi\Experiment\data\raw\RGB2\S46\AC1\RGB2_SUB46ACT1F211.jpg,0,1,0.5055863857269287
1492,46,1,226,D:\Skripsi\Experiment\data\raw\RGB2\S46\AC1\RGB2_SUB46ACT1F226.jpg,0,1,0.5456458330154419
1493,46,1,241,D:\Skripsi\Experiment\data\raw\RGB2\S46\AC1\RGB2_SUB46ACT1F241.jpg,0,0,0.3402476906776428
1494,46,1,256,D:\Skripsi\Experiment\data\raw\RGB2\S46\AC1\RGB2_SUB46ACT1F256.jpg,0,1,0.5187915563583374
1495,46,1,31,D:\Skripsi\Experiment\data\raw\RGB2\S46\AC1\RGB2_SUB46ACT1F31.jpg,0,0,0.4127673804759979
1496,46,1,46,D:\Skripsi\Experiment\data\raw\RGB2\S46\AC1\RGB2_SUB46ACT1F46.jpg,0,1,0.5328279137611389
1497,46,1,61,D:\Skripsi\Experiment\data\raw\RGB2\S46\AC1\RGB2_SUB46ACT1F61.jpg,0,1,0.5173138380050659
1498,46,1,76,D:\Skripsi\Experiment\data\raw\RGB2\S46\AC1\RGB2_SUB46ACT1F76.jpg,0,0,0.37503185868263245
1499,46,1,91,D:\Skripsi\Experiment\data\raw\RGB2\S46\AC1\RGB2_SUB46ACT1F91.jpg,0,0,0.4032805263996124
1500,46,5,1,D:\Skripsi\Experiment\data\raw\RGB2\S46\AC5\RGB2_SUB46ACT5F1.jpg,1,1,0.6244370937347412
1501,46,5,106,D:\Skripsi\Experiment\data\raw\RGB2\S46\AC5\RGB2_SUB46ACT5F106.jpg,1,1,0.5086506605148315
1502,46,5,121,D:\Skripsi\Experiment\data\raw\RGB2\S46\AC5\RGB2_SUB46ACT5F121.jpg,1,0,0.48366978764533997
1503,46,5,16,D:\Skripsi\Experiment\data\raw\RGB2\S46\AC5\RGB2_SUB46ACT5F16.jpg,1,1,0.5715065002441406
1504,46,5,31,D:\Skripsi\Experiment\data\raw\RGB2\S46\AC5\RGB2_SUB46ACT5F31.jpg,1,1,0.5816662311553955
1505,46,5,46,D:\Skripsi\Experiment\data\raw\RGB2\S46\AC5\RGB2_SUB46ACT5F46.jpg,1,1,0.5846552848815918
1506,46,5,61,D:\Skripsi\Experiment\data\raw\RGB2\S46\AC5\RGB2_SUB46ACT5F61.jpg,1,0,0.4858764708042145
1507,46,5,76,D:\Skripsi\Experiment\data\raw\RGB2\S46\AC5\RGB2_SUB46ACT5F76.jpg,1,1,0.5876287221908569
1508,46,5,91,D:\Skripsi\Experiment\data\raw\RGB2\S46\AC5\RGB2_SUB46ACT5F91.jpg,1,1,0.5843461751937866
1509,46,6,1,D:\Skripsi\Experiment\data\raw\RGB2\S46\AC6\RGB2_SUB46ACT6F1.jpg,1,1,0.757021427154541
1510,46,6,106,D:\Skripsi\Experiment\data\raw\RGB2\S46\AC6\RGB2_SUB46ACT6F106.jpg,1,1,0.5533404350280762
1511,46,6,121,D:\Skripsi\Experiment\data\raw\RGB2\S46\AC6\RGB2_SUB46ACT6F121.jpg,1,1,0.616346538066864
1512,46,6,136,D:\Skripsi\Experiment\data\raw\RGB2\S46\AC6\RGB2_SUB46ACT6F136.jpg,1,1,0.5780848860740662
1513,46,6,16,D:\Skripsi\Experiment\data\raw\RGB2\S46\AC6\RGB2_SUB46ACT6F16.jpg,1,1,0.5713703632354736
1514,46,6,31,D:\Skripsi\Experiment\data\raw\RGB2\S46\AC6\RGB2_SUB46ACT6F31.jpg,1,0,0.4279478192329407
1515,46,6,46,D:\Skripsi\Experiment\data\raw\RGB2\S46\AC6\RGB2_SUB46ACT6F46.jpg,1,0,0.43569278717041016
1516,46,6,61,D:\Skripsi\Experiment\data\raw\RGB2\S46\AC6\RGB2_SUB46ACT6F61.jpg,1,1,0.5058681964874268
1517,46,6,76,D:\Skripsi\Experiment\data\raw\RGB2\S46\AC6\RGB2_SUB46ACT6F76.jpg,1,0,0.48072806000709534
1518,46,6,91,D:\Skripsi\Experiment\data\raw\RGB2\S46\AC6\RGB2_SUB46ACT6F91.jpg,1,0,0.4778808057308197
1519,46,7,1,D:\Skripsi\Experiment\data\raw\RGB2\S46\AC7\RGB2_SUB46ACT7F1.jpg,1,1,0.5602676868438721
1520,46,7,106,D:\Skripsi\Experiment\data\raw\RGB2\S46\AC7\RGB2_SUB46ACT7F106.jpg,1,1,0.5046756267547607
1521,46,7,121,D:\Skripsi\Experiment\data\raw\RGB2\S46\AC7\RGB2_SUB46ACT7F121.jpg,1,1,0.5800969004631042
1522,46,7,136,D:\Skripsi\Experiment\data\raw\RGB2\S46\AC7\RGB2_SUB46ACT7F136.jpg,1,1,0.5521071553230286
1523,46,7,16,D:\Skripsi\Experiment\data\raw\RGB2\S46\AC7\RGB2_SUB46ACT7F16.jpg,1,1,0.6212002635002136
1524,46,7,31,D:\Skripsi\Experiment\data\raw\RGB2\S46\AC7\RGB2_SUB46ACT7F31.jpg,1,1,0.6261889934539795
1525,46,7,46,D:\Skripsi\Experiment\data\raw\RGB2\S46\AC7\RGB2_SUB46ACT7F46.jpg,1,1,0.6083381772041321
1526,46,7,61,D:\Skripsi\Experiment\data\raw\RGB2\S46\AC7\RGB2_SUB46ACT7F61.jpg,1,1,0.7600449323654175
1527,46,7,76,D:\Skripsi\Experiment\data\raw\RGB2\S46\AC7\RGB2_SUB46ACT7F76.jpg,1,1,0.6357717514038086
1528,46,7,91,D:\Skripsi\Experiment\data\raw\RGB2\S46\AC7\RGB2_SUB46ACT7F91.jpg,1,1,0.6424212455749512
1529,46,8,1,D:\Skripsi\Experiment\data\raw\RGB2\S46\AC8\RGB2_SUB46ACT8F1.jpg,1,0,0.4473811388015747
1530,46,8,106,D:\Skripsi\Experiment\data\raw\RGB2\S46\AC8\RGB2_SUB46ACT8F106.jpg,1,0,0.3934013843536377
1531,46,8,121,D:\Skripsi\Experiment\data\raw\RGB2\S46\AC8\RGB2_SUB46ACT8F121.jpg,1,0,0.3527577817440033
1532,46,8,136,D:\Skripsi\Experiment\data\raw\RGB2\S46\AC8\RGB2_SUB46ACT8F136.jpg,1,0,0.4226457178592682
1533,46,8,151,D:\Skripsi\Experiment\data\raw\RGB2\S46\AC8\RGB2_SUB46ACT8F151.jpg,1,0,0.4215388596057892
1534,46,8,16,D:\Skripsi\Experiment\data\raw\RGB2\S46\AC8\RGB2_SUB46ACT8F16.jpg,1,0,0.3784567713737488
1535,46,8,31,D:\Skripsi\Experiment\data\raw\RGB2\S46\AC8\RGB2_SUB46ACT8F31.jpg,1,0,0.39059436321258545
1536,46,8,46,D:\Skripsi\Experiment\data\raw\RGB2\S46\AC8\RGB2_SUB46ACT8F46.jpg,1,0,0.4425288438796997
1537,46,8,61,D:\Skripsi\Experiment\data\raw\RGB2\S46\AC8\RGB2_SUB46ACT8F61.jpg,1,0,0.3802202045917511
1538,46,8,76,D:\Skripsi\Experiment\data\raw\RGB2\S46\AC8\RGB2_SUB46ACT8F76.jpg,1,0,0.4090307652950287
1539,46,8,91,D:\Skripsi\Experiment\data\raw\RGB2\S46\AC8\RGB2_SUB46ACT8F91.jpg,1,0,0.43417495489120483
1540,46,9,1,D:\Skripsi\Experiment\data\raw\RGB2\S46\AC9\RGB2_SUB46ACT9F1.jpg,1,0,0.48036009073257446
1541,46,9,16,D:\Skripsi\Experiment\data\raw\RGB2\S46\AC9\RGB2_SUB46ACT9F16.jpg,1,0,0.38773131370544434
1542,46,9,31,D:\Skripsi\Experiment\data\raw\RGB2\S46\AC9\RGB2_SUB46ACT9F31.jpg,1,0,0.3720260560512543
1543,46,9,46,D:\Skripsi\Experiment\data\raw\RGB2\S46\AC9\RGB2_SUB46ACT9F46.jpg,1,0,0.4332190454006195
1544,46,9,61,D:\Skripsi\Experiment\data\raw\RGB2\S46\AC9\RGB2_SUB46ACT9F61.jpg,1,0,0.45864591002464294
1545,46,9,76,D:\Skripsi\Experiment\data\raw\RGB2\S46\AC9\RGB2_SUB46ACT9F76.jpg,1,0,0.4528752565383911
1546,47,1,1,D:\Skripsi\Experiment\data\raw\RGB2\S47\AC1\RGB2_SUB47ACT1F1.jpg,0,0,0.4550269842147827
1547,47,1,106,D:\Skripsi\Experiment\data\raw\RGB2\S47\AC1\RGB2_SUB47ACT1F106.jpg,0,0,0.32489311695098877
1548,47,1,121,D:\Skripsi\Experiment\data\raw\RGB2\S47\AC1\RGB2_SUB47ACT1F121.jpg,0,0,0.34557628631591797
1549,47,1,136,D:\Skripsi\Experiment\data\raw\RGB2\S47\AC1\RGB2_SUB47ACT1F136.jpg,0,0,0.2643631100654602
1550,47,1,151,D:\Skripsi\Experiment\data\raw\RGB2\S47\AC1\RGB2_SUB47ACT1F151.jpg,0,0,0.45940685272216797
1551,47,1,16,D:\Skripsi\Experiment\data\raw\RGB2\S47\AC1\RGB2_SUB47ACT1F16.jpg,0,0,0.34458333253860474
1552,47,1,166,D:\Skripsi\Experiment\data\raw\RGB2\S47\AC1\RGB2_SUB47ACT1F166.jpg,0,0,0.4723474979400635
1553,47,1,181,D:\Skripsi\Experiment\data\raw\RGB2\S47\AC1\RGB2_SUB47ACT1F181.jpg,0,0,0.4513249397277832
1554,47,1,196,D:\Skripsi\Experiment\data\raw\RGB2\S47\AC1\RGB2_SUB47ACT1F196.jpg,0,0,0.4683399796485901
1555,47,1,31,D:\Skripsi\Experiment\data\raw\RGB2\S47\AC1\RGB2_SUB47ACT1F31.jpg,0,0,0.44468778371810913
1556,47,1,46,D:\Skripsi\Experiment\data\raw\RGB2\S47\AC1\RGB2_SUB47ACT1F46.jpg,0,0,0.3383283019065857
1557,47,1,61,D:\Skripsi\Experiment\data\raw\RGB2\S47\AC1\RGB2_SUB47ACT1F61.jpg,0,0,0.3634706139564514
1558,47,1,76,D:\Skripsi\Experiment\data\raw\RGB2\S47\AC1\RGB2_SUB47ACT1F76.jpg,0,0,0.3509610891342163
1559,47,1,91,D:\Skripsi\Experiment\data\raw\RGB2\S47\AC1\RGB2_SUB47ACT1F91.jpg,0,0,0.3434262275695801
1560,47,5,1,D:\Skripsi\Experiment\data\raw\RGB2\S47\AC5\RGB2_SUB47ACT5F1.jpg,1,1,0.5116649866104126
1561,47,5,16,D:\Skripsi\Experiment\data\raw\RGB2\S47\AC5\RGB2_SUB47ACT5F16.jpg,1,1,0.6719654202461243
1562,47,5,31,D:\Skripsi\Experiment\data\raw\RGB2\S47\AC5\RGB2_SUB47ACT5F31.jpg,1,1,0.6172117590904236
1563,47,5,46,D:\Skripsi\Experiment\data\raw\RGB2\S47\AC5\RGB2_SUB47ACT5F46.jpg,1,1,0.6404449343681335
1564,47,5,61,D:\Skripsi\Experiment\data\raw\RGB2\S47\AC5\RGB2_SUB47ACT5F61.jpg,1,1,0.5022806525230408
1565,47,5,76,D:\Skripsi\Experiment\data\raw\RGB2\S47\AC5\RGB2_SUB47ACT5F76.jpg,1,1,0.502454936504364
1566,47,5,91,D:\Skripsi\Experiment\data\raw\RGB2\S47\AC5\RGB2_SUB47ACT5F91.jpg,1,1,0.6202784180641174
1567,47,6,1,D:\Skripsi\Experiment\data\raw\RGB2\S47\AC6\RGB2_SUB47ACT6F1.jpg,1,0,0.4900763928890228
1568,47,6,106,D:\Skripsi\Experiment\data\raw\RGB2\S47\AC6\RGB2_SUB47ACT6F106.jpg,1,1,0.5517138838768005
1569,47,6,16,D:\Skripsi\Experiment\data\raw\RGB2\S47\AC6\RGB2_SUB47ACT6F16.jpg,1,1,0.630007803440094
1570,47,6,31,D:\Skripsi\Experiment\data\raw\RGB2\S47\AC6\RGB2_SUB47ACT6F31.jpg,1,1,0.5342400074005127
1571,47,6,46,D:\Skripsi\Experiment\data\raw\RGB2\S47\AC6\RGB2_SUB47ACT6F46.jpg,1,0,0.420589804649353
1572,47,6,61,D:\Skripsi\Experiment\data\raw\RGB2\S47\AC6\RGB2_SUB47ACT6F61.jpg,1,1,0.5640074014663696
1573,47,6,76,D:\Skripsi\Experiment\data\raw\RGB2\S47\AC6\RGB2_SUB47ACT6F76.jpg,1,1,0.6014174818992615
1574,47,6,91,D:\Skripsi\Experiment\data\raw\RGB2\S47\AC6\RGB2_SUB47ACT6F91.jpg,1,1,0.5839150547981262
1575,47,7,1,D:\Skripsi\Experiment\data\raw\RGB2\S47\AC7\RGB2_SUB47ACT7F1.jpg,1,1,0.5555889010429382
1576,47,7,106,D:\Skripsi\Experiment\data\raw\RGB2\S47\AC7\RGB2_SUB47ACT7F106.jpg,1,0,0.4722623825073242
1577,47,7,121,D:\Skripsi\Experiment\data\raw\RGB2\S47\AC7\RGB2_SUB47ACT7F121.jpg,1,1,0.5590845942497253
1578,47,7,136,D:\Skripsi\Experiment\data\raw\RGB2\S47\AC7\RGB2_SUB47ACT7F136.jpg,1,0,0.4292881190776825
1579,47,7,151,D:\Skripsi\Experiment\data\raw\RGB2\S47\AC7\RGB2_SUB47ACT7F151.jpg,1,1,0.5531312823295593
1580,47,7,16,D:\Skripsi\Experiment\data\raw\RGB2\S47\AC7\RGB2_SUB47ACT7F16.jpg,1,0,0.44998234510421753
1581,47,7,166,D:\Skripsi\Experiment\data\raw\RGB2\S47\AC7\RGB2_SUB47ACT7F166.jpg,1,0,0.47553420066833496
1582,47,7,31,D:\Skripsi\Experiment\data\raw\RGB2\S47\AC7\RGB2_SUB47ACT7F31.jpg,1,0,0.37610048055648804
1583,47,7,46,D:\Skripsi\Experiment\data\raw\RGB2\S47\AC7\RGB2_SUB47ACT7F46.jpg,1,0,0.49085554480552673
1584,47,7,61,D:\Skripsi\Experiment\data\raw\RGB2\S47\AC7\RGB2_SUB47ACT7F61.jpg,1,0,0.4359065294265747
1585,47,7,76,D:\Skripsi\Experiment\data\raw\RGB2\S47\AC7\RGB2_SUB47ACT7F76.jpg,1,0,0.42944014072418213
1586,47,7,91,D:\Skripsi\Experiment\data\raw\RGB2\S47\AC7\RGB2_SUB47ACT7F91.jpg,1,0,0.4016614854335785
1587,47,8,1,D:\Skripsi\Experiment\data\raw\RGB2\S47\AC8\RGB2_SUB47ACT8F1.jpg,1,0,0.46025940775871277
1588,47,8,106,D:\Skripsi\Experiment\data\raw\RGB2\S47\AC8\RGB2_SUB47ACT8F106.jpg,1,1,0.5095235109329224
1589,47,8,121,D:\Skripsi\Experiment\data\raw\RGB2\S47\AC8\RGB2_SUB47ACT8F121.jpg,1,0,0.40059173107147217
1590,47,8,136,D:\Skripsi\Experiment\data\raw\RGB2\S47\AC8\RGB2_SUB47ACT8F136.jpg,1,1,0.5229851603507996
1591,47,8,151,D:\Skripsi\Experiment\data\raw\RGB2\S47\AC8\RGB2_SUB47ACT8F151.jpg,1,1,0.5030006170272827
1592,47,8,16,D:\Skripsi\Experiment\data\raw\RGB2\S47\AC8\RGB2_SUB47ACT8F16.jpg,1,1,0.5077859163284302
1593,47,8,31,D:\Skripsi\Experiment\data\raw\RGB2\S47\AC8\RGB2_SUB47ACT8F31.jpg,1,0,0.4883764088153839
1594,47,8,46,D:\Skripsi\Experiment\data\raw\RGB2\S47\AC8\RGB2_SUB47ACT8F46.jpg,1,1,0.5203452706336975
1595,47,8,61,D:\Skripsi\Experiment\data\raw\RGB2\S47\AC8\RGB2_SUB47ACT8F61.jpg,1,1,0.5471580028533936
1596,47,8,76,D:\Skripsi\Experiment\data\raw\RGB2\S47\AC8\RGB2_SUB47ACT8F76.jpg,1,0,0.4981651306152344
1597,47,8,91,D:\Skripsi\Experiment\data\raw\RGB2\S47\AC8\RGB2_SUB47ACT8F91.jpg,1,0,0.4996160864830017
1598,47,9,1,D:\Skripsi\Experiment\data\raw\RGB2\S47\AC9\RGB2_SUB47ACT9F1.jpg,1,1,0.569221556186676
1599,47,9,106,D:\Skripsi\Experiment\data\raw\RGB2\S47\AC9\RGB2_SUB47ACT9F106.jpg,1,1,0.6097948551177979
1600,47,9,121,D:\Skripsi\Experiment\data\raw\RGB2\S47\AC9\RGB2_SUB47ACT9F121.jpg,1,0,0.37928304076194763
1601,47,9,136,D:\Skripsi\Experiment\data\raw\RGB2\S47\AC9\RGB2_SUB47ACT9F136.jpg,1,1,0.7180474400520325
1602,47,9,151,D:\Skripsi\Experiment\data\raw\RGB2\S47\AC9\RGB2_SUB47ACT9F151.jpg,1,1,0.5426826477050781
1603,47,9,16,D:\Skripsi\Experiment\data\raw\RGB2\S47\AC9\RGB2_SUB47ACT9F16.jpg,1,1,0.6204704642295837
1604,47,9,31,D:\Skripsi\Experiment\data\raw\RGB2\S47\AC9\RGB2_SUB47ACT9F31.jpg,1,1,0.5750075578689575
1605,47,9,46,D:\Skripsi\Experiment\data\raw\RGB2\S47\AC9\RGB2_SUB47ACT9F46.jpg,1,1,0.6209570169448853
1606,47,9,61,D:\Skripsi\Experiment\data\raw\RGB2\S47\AC9\RGB2_SUB47ACT9F61.jpg,1,1,0.5582128763198853
1607,47,9,76,D:\Skripsi\Experiment\data\raw\RGB2\S47\AC9\RGB2_SUB47ACT9F76.jpg,1,1,0.6623107194900513
1608,47,9,91,D:\Skripsi\Experiment\data\raw\RGB2\S47\AC9\RGB2_SUB47ACT9F91.jpg,1,1,0.6417534351348877
1609,48,1,1,D:\Skripsi\Experiment\data\raw\RGB2\S48\AC1\RGB2_SUB48ACT1F1.jpg,0,0,0.4801888167858124
1610,48,1,106,D:\Skripsi\Experiment\data\raw\RGB2\S48\AC1\RGB2_SUB48ACT1F106.jpg,0,1,0.5583896636962891
1611,48,1,121,D:\Skripsi\Experiment\data\raw\RGB2\S48\AC1\RGB2_SUB48ACT1F121.jpg,0,1,0.5361601114273071
1612,48,1,16,D:\Skripsi\Experiment\data\raw\RGB2\S48\AC1\RGB2_SUB48ACT1F16.jpg,0,1,0.5588988065719604
1613,48,1,31,D:\Skripsi\Experiment\data\raw\RGB2\S48\AC1\RGB2_SUB48ACT1F31.jpg,0,1,0.6031302213668823
1614,48,1,46,D:\Skripsi\Experiment\data\raw\RGB2\S48\AC1\RGB2_SUB48ACT1F46.jpg,0,1,0.5426445603370667
1615,48,1,61,D:\Skripsi\Experiment\data\raw\RGB2\S48\AC1\RGB2_SUB48ACT1F61.jpg,0,1,0.5510419607162476
1616,48,1,76,D:\Skripsi\Experiment\data\raw\RGB2\S48\AC1\RGB2_SUB48ACT1F76.jpg,0,1,0.5791285037994385
1617,48,1,91,D:\Skripsi\Experiment\data\raw\RGB2\S48\AC1\RGB2_SUB48ACT1F91.jpg,0,1,0.5656931400299072
1618,48,5,1,D:\Skripsi\Experiment\data\raw\RGB2\S48\AC5\RGB2_SUB48ACT5F1.jpg,1,1,0.5003111958503723
1619,48,5,106,D:\Skripsi\Experiment\data\raw\RGB2\S48\AC5\RGB2_SUB48ACT5F106.jpg,1,1,0.5367516279220581
1620,48,5,121,D:\Skripsi\Experiment\data\raw\RGB2\S48\AC5\RGB2_SUB48ACT5F121.jpg,1,1,0.5945221185684204
1621,48,5,136,D:\Skripsi\Experiment\data\raw\RGB2\S48\AC5\RGB2_SUB48ACT5F136.jpg,1,0,0.4522096812725067
1622,48,5,16,D:\Skripsi\Experiment\data\raw\RGB2\S48\AC5\RGB2_SUB48ACT5F16.jpg,1,1,0.6566483378410339
1623,48,5,31,D:\Skripsi\Experiment\data\raw\RGB2\S48\AC5\RGB2_SUB48ACT5F31.jpg,1,1,0.7789911031723022
1624,48,5,46,D:\Skripsi\Experiment\data\raw\RGB2\S48\AC5\RGB2_SUB48ACT5F46.jpg,1,1,0.6421544551849365
1625,48,5,61,D:\Skripsi\Experiment\data\raw\RGB2\S48\AC5\RGB2_SUB48ACT5F61.jpg,1,1,0.6977651715278625
1626,48,5,76,D:\Skripsi\Experiment\data\raw\RGB2\S48\AC5\RGB2_SUB48ACT5F76.jpg,1,1,0.7053446769714355
1627,48,5,91,D:\Skripsi\Experiment\data\raw\RGB2\S48\AC5\RGB2_SUB48ACT5F91.jpg,1,1,0.7540446519851685
1628,48,6,1,D:\Skripsi\Experiment\data\raw\RGB2\S48\AC6\RGB2_SUB48ACT6F1.jpg,1,0,0.4754733145236969
1629,48,6,16,D:\Skripsi\Experiment\data\raw\RGB2\S48\AC6\RGB2_SUB48ACT6F16.jpg,1,1,0.5531167984008789
1630,48,6,31,D:\Skripsi\Experiment\data\raw\RGB2\S48\AC6\RGB2_SUB48ACT6F31.jpg,1,1,0.631346583366394
1631,48,6,46,D:\Skripsi\Experiment\data\raw\RGB2\S48\AC6\RGB2_SUB48ACT6F46.jpg,1,1,0.5711186528205872
1632,48,6,61,D:\Skripsi\Experiment\data\raw\RGB2\S48\AC6\RGB2_SUB48ACT6F61.jpg,1,1,0.6222615242004395
1633,48,6,76,D:\Skripsi\Experiment\data\raw\RGB2\S48\AC6\RGB2_SUB48ACT6F76.jpg,1,0,0.4663509726524353
1634,48,6,91,D:\Skripsi\Experiment\data\raw\RGB2\S48\AC6\RGB2_SUB48ACT6F91.jpg,1,1,0.5686174631118774
1635,48,7,1,D:\Skripsi\Experiment\data\raw\RGB2\S48\AC7\RGB2_SUB48ACT7F1.jpg,1,0,0.36155447363853455
1636,48,7,106,D:\Skripsi\Experiment\data\raw\RGB2\S48\AC7\RGB2_SUB48ACT7F106.jpg,1,0,0.48741620779037476
1637,48,7,121,D:\Skripsi\Experiment\data\raw\RGB2\S48\AC7\RGB2_SUB48ACT7F121.jpg,1,1,0.5587470531463623
1638,48,7,136,D:\Skripsi\Experiment\data\raw\RGB2\S48\AC7\RGB2_SUB48ACT7F136.jpg,1,0,0.47131699323654175
1639,48,7,151,D:\Skripsi\Experiment\data\raw\RGB2\S48\AC7\RGB2_SUB48ACT7F151.jpg,1,1,0.5588552355766296
1640,48,7,16,D:\Skripsi\Experiment\data\raw\RGB2\S48\AC7\RGB2_SUB48ACT7F16.jpg,1,0,0.4847535789012909
1641,48,7,166,D:\Skripsi\Experiment\data\raw\RGB2\S48\AC7\RGB2_SUB48ACT7F166.jpg,1,1,0.6536568403244019
1642,48,7,181,D:\Skripsi\Experiment\data\raw\RGB2\S48\AC7\RGB2_SUB48ACT7F181.jpg,1,1,0.6816949844360352
1643,48,7,31,D:\Skripsi\Experiment\data\raw\RGB2\S48\AC7\RGB2_SUB48ACT7F31.jpg,1,1,0.5614535808563232
1644,48,7,46,D:\Skripsi\Experiment\data\raw\RGB2\S48\AC7\RGB2_SUB48ACT7F46.jpg,1,0,0.4711691439151764
1645,48,7,61,D:\Skripsi\Experiment\data\raw\RGB2\S48\AC7\RGB2_SUB48ACT7F61.jpg,1,1,0.637304425239563
1646,48,7,76,D:\Skripsi\Experiment\data\raw\RGB2\S48\AC7\RGB2_SUB48ACT7F76.jpg,1,0,0.47927024960517883
1647,48,7,91,D:\Skripsi\Experiment\data\raw\RGB2\S48\AC7\RGB2_SUB48ACT7F91.jpg,1,1,0.7046099305152893
1648,48,8,1,D:\Skripsi\Experiment\data\raw\RGB2\S48\AC8\RGB2_SUB48ACT8F1.jpg,1,1,0.6564915180206299
1649,48,8,106,D:\Skripsi\Experiment\data\raw\RGB2\S48\AC8\RGB2_SUB48ACT8F106.jpg,1,1,0.652495265007019
1650,48,8,121,D:\Skripsi\Experiment\data\raw\RGB2\S48\AC8\RGB2_SUB48ACT8F121.jpg,1,1,0.5231897830963135
1651,48,8,136,D:\Skripsi\Experiment\data\raw\RGB2\S48\AC8\RGB2_SUB48ACT8F136.jpg,1,1,0.5085554122924805
1652,48,8,151,D:\Skripsi\Experiment\data\raw\RGB2\S48\AC8\RGB2_SUB48ACT8F151.jpg,1,1,0.5808932781219482
1653,48,8,16,D:\Skripsi\Experiment\data\raw\RGB2\S48\AC8\RGB2_SUB48ACT8F16.jpg,1,1,0.5587462782859802
1654,48,8,166,D:\Skripsi\Experiment\data\raw\RGB2\S48\AC8\RGB2_SUB48ACT8F166.jpg,1,1,0.5636035203933716
1655,48,8,181,D:\Skripsi\Experiment\data\raw\RGB2\S48\AC8\RGB2_SUB48ACT8F181.jpg,1,1,0.5626537203788757
1656,48,8,31,D:\Skripsi\Experiment\data\raw\RGB2\S48\AC8\RGB2_SUB48ACT8F31.jpg,1,1,0.5830715298652649
1657,48,8,46,D:\Skripsi\Experiment\data\raw\RGB2\S48\AC8\RGB2_SUB48ACT8F46.jpg,1,1,0.6508710384368896
1658,48,8,61,D:\Skripsi\Experiment\data\raw\RGB2\S48\AC8\RGB2_SUB48ACT8F61.jpg,1,1,0.5077611804008484
1659,48,8,76,D:\Skripsi\Experiment\data\raw\RGB2\S48\AC8\RGB2_SUB48ACT8F76.jpg,1,1,0.6065847277641296
1660,48,8,91,D:\Skripsi\Experiment\data\raw\RGB2\S48\AC8\RGB2_SUB48ACT8F91.jpg,1,1,0.5161152482032776
1661,48,9,1,D:\Skripsi\Experiment\data\raw\RGB2\S48\AC9\RGB2_SUB48ACT9F1.jpg,1,1,0.6038623452186584
1662,48,9,106,D:\Skripsi\Experiment\data\raw\RGB2\S48\AC9\RGB2_SUB48ACT9F106.jpg,1,1,0.8450196981430054
1663,48,9,121,D:\Skripsi\Experiment\data\raw\RGB2\S48\AC9\RGB2_SUB48ACT9F121.jpg,1,1,0.595879077911377
1664,48,9,136,D:\Skripsi\Experiment\data\raw\RGB2\S48\AC9\RGB2_SUB48ACT9F136.jpg,1,1,0.7131516337394714
1665,48,9,151,D:\Skripsi\Experiment\data\raw\RGB2\S48\AC9\RGB2_SUB48ACT9F151.jpg,1,1,0.5452889800071716
1666,48,9,16,D:\Skripsi\Experiment\data\raw\RGB2\S48\AC9\RGB2_SUB48ACT9F16.jpg,1,1,0.6947296857833862
1667,48,9,166,D:\Skripsi\Experiment\data\raw\RGB2\S48\AC9\RGB2_SUB48ACT9F166.jpg,1,1,0.5658605098724365
1668,48,9,31,D:\Skripsi\Experiment\data\raw\RGB2\S48\AC9\RGB2_SUB48ACT9F31.jpg,1,1,0.6938044428825378
1669,48,9,46,D:\Skripsi\Experiment\data\raw\RGB2\S48\AC9\RGB2_SUB48ACT9F46.jpg,1,1,0.7533041834831238
1670,48,9,61,D:\Skripsi\Experiment\data\raw\RGB2\S48\AC9\RGB2_SUB48ACT9F61.jpg,1,1,0.7084739804267883
1671,48,9,76,D:\Skripsi\Experiment\data\raw\RGB2\S48\AC9\RGB2_SUB48ACT9F76.jpg,1,1,0.6289340853691101
1672,48,9,91,D:\Skripsi\Experiment\data\raw\RGB2\S48\AC9\RGB2_SUB48ACT9F91.jpg,1,1,0.8317158818244934
1673,49,1,1,D:\Skripsi\Experiment\data\raw\RGB2\S49\AC1\RGB2_SUB49ACT1F1.jpg,0,1,0.6059485673904419
1674,49,1,106,D:\Skripsi\Experiment\data\raw\RGB2\S49\AC1\RGB2_SUB49ACT1F106.jpg,0,1,0.5128244757652283
1675,49,1,121,D:\Skripsi\Experiment\data\raw\RGB2\S49\AC1\RGB2_SUB49ACT1F121.jpg,0,1,0.5418255925178528
1676,49,1,136,D:\Skripsi\Experiment\data\raw\RGB2\S49\AC1\RGB2_SUB49ACT1F136.jpg,0,1,0.6235215663909912
1677,49,1,151,D:\Skripsi\Experiment\data\raw\RGB2\S49\AC1\RGB2_SUB49ACT1F151.jpg,0,0,0.45970219373703003
1678,49,1,16,D:\Skripsi\Experiment\data\raw\RGB2\S49\AC1\RGB2_SUB49ACT1F16.jpg,0,1,0.5703654885292053
1679,49,1,166,D:\Skripsi\Experiment\data\raw\RGB2\S49\AC1\RGB2_SUB49ACT1F166.jpg,0,1,0.5406332612037659
1680,49,1,31,D:\Skripsi\Experiment\data\raw\RGB2\S49\AC1\RGB2_SUB49ACT1F31.jpg,0,1,0.5250874161720276
1681,49,1,46,D:\Skripsi\Experiment\data\raw\RGB2\S49\AC1\RGB2_SUB49ACT1F46.jpg,0,1,0.5798579454421997
1682,49,1,61,D:\Skripsi\Experiment\data\raw\RGB2\S49\AC1\RGB2_SUB49ACT1F61.jpg,0,1,0.5346041321754456
1683,49,1,76,D:\Skripsi\Experiment\data\raw\RGB2\S49\AC1\RGB2_SUB49ACT1F76.jpg,0,1,0.5204105377197266
1684,49,1,91,D:\Skripsi\Experiment\data\raw\RGB2\S49\AC1\RGB2_SUB49ACT1F91.jpg,0,1,0.5555873513221741
1685,49,5,1,D:\Skripsi\Experiment\data\raw\RGB2\S49\AC5\RGB2_SUB49ACT5F1.jpg,1,1,0.5081254839897156
1686,49,5,106,D:\Skripsi\Experiment\data\raw\RGB2\S49\AC5\RGB2_SUB49ACT5F106.jpg,1,1,0.5940189361572266
1687,49,5,121,D:\Skripsi\Experiment\data\raw\RGB2\S49\AC5\RGB2_SUB49ACT5F121.jpg,1,1,0.5287336111068726
1688,49,5,136,D:\Skripsi\Experiment\data\raw\RGB2\S49\AC5\RGB2_SUB49ACT5F136.jpg,1,1,0.7627364993095398
1689,49,5,151,D:\Skripsi\Experiment\data\raw\RGB2\S49\AC5\RGB2_SUB49ACT5F151.jpg,1,0,0.4436260163784027
1690,49,5,16,D:\Skripsi\Experiment\data\raw\RGB2\S49\AC5\RGB2_SUB49ACT5F16.jpg,1,1,0.6145423650741577
1691,49,5,166,D:\Skripsi\Experiment\data\raw\RGB2\S49\AC5\RGB2_SUB49ACT5F166.jpg,1,1,0.5512226223945618
1692,49,5,31,D:\Skripsi\Experiment\data\raw\RGB2\S49\AC5\RGB2_SUB49ACT5F31.jpg,1,1,0.5079628825187683
1693,49,5,46,D:\Skripsi\Experiment\data\raw\RGB2\S49\AC5\RGB2_SUB49ACT5F46.jpg,1,0,0.44892171025276184
1694,49,5,61,D:\Skripsi\Experiment\data\raw\RGB2\S49\AC5\RGB2_SUB49ACT5F61.jpg,1,1,0.5155177116394043
1695,49,5,76,D:\Skripsi\Experiment\data\raw\RGB2\S49\AC5\RGB2_SUB49ACT5F76.jpg,1,1,0.613066554069519
1696,49,5,91,D:\Skripsi\Experiment\data\raw\RGB2\S49\AC5\RGB2_SUB49ACT5F91.jpg,1,1,0.5927421450614929
1697,49,6,1,D:\Skripsi\Experiment\data\raw\RGB2\S49\AC6\RGB2_SUB49ACT6F1.jpg,1,1,0.5299682021141052
1698,49,6,106,D:\Skripsi\Experiment\data\raw\RGB2\S49\AC6\RGB2_SUB49ACT6F106.jpg,1,1,0.5191885828971863
1699,49,6,121,D:\Skripsi\Experiment\data\raw\RGB2\S49\AC6\RGB2_SUB49ACT6F121.jpg,1,0,0.3638394773006439
1700,49,6,136,D:\Skripsi\Experiment\data\raw\RGB2\S49\AC6\RGB2_SUB49ACT6F136.jpg,1,1,0.5600091814994812
1701,49,6,151,D:\Skripsi\Experiment\data\raw\RGB2\S49\AC6\RGB2_SUB49ACT6F151.jpg,1,1,0.5612979531288147
1702,49,6,16,D:\Skripsi\Experiment\data\raw\RGB2\S49\AC6\RGB2_SUB49ACT6F16.jpg,1,1,0.5500174164772034
1703,49,6,166,D:\Skripsi\Experiment\data\raw\RGB2\S49\AC6\RGB2_SUB49ACT6F166.jpg,1,0,0.43623700737953186
1704,49,6,181,D:\Skripsi\Experiment\data\raw\RGB2\S49\AC6\RGB2_SUB49ACT6F181.jpg,1,1,0.5775035619735718
1705,49,6,31,D:\Skripsi\Experiment\data\raw\RGB2\S49\AC6\RGB2_SUB49ACT6F31.jpg,1,0,0.49236658215522766
1706,49,6,46,D:\Skripsi\Experiment\data\raw\RGB2\S49\AC6\RGB2_SUB49ACT6F46.jpg,1,1,0.576022744178772
1707,49,6,61,D:\Skripsi\Experiment\data\raw\RGB2\S49\AC6\RGB2_SUB49ACT6F61.jpg,1,1,0.5932114720344543
1708,49,6,76,D:\Skripsi\Experiment\data\raw\RGB2\S49\AC6\RGB2_SUB49ACT6F76.jpg,1,1,0.5245833992958069
1709,49,6,91,D:\Skripsi\Experiment\data\raw\RGB2\S49\AC6\RGB2_SUB49ACT6F91.jpg,1,1,0.5477564334869385
1710,49,7,1,D:\Skripsi\Experiment\data\raw\RGB2\S49\AC7\RGB2_SUB49ACT7F1.jpg,1,0,0.422668993473053
1711,49,7,106,D:\Skripsi\Experiment\data\raw\RGB2\S49\AC7\RGB2_SUB49ACT7F106.jpg,1,1,0.6772654056549072
1712,49,7,121,D:\Skripsi\Experiment\data\raw\RGB2\S49\AC7\RGB2_SUB49ACT7F121.jpg,1,1,0.6520620584487915
1713,49,7,136,D:\Skripsi\Experiment\data\raw\RGB2\S49\AC7\RGB2_SUB49ACT7F136.jpg,1,1,0.5660825371742249
1714,49,7,16,D:\Skripsi\Experiment\data\raw\RGB2\S49\AC7\RGB2_SUB49ACT7F16.jpg,1,1,0.5330387353897095
1715,49,7,31,D:\Skripsi\Experiment\data\raw\RGB2\S49\AC7\RGB2_SUB49ACT7F31.jpg,1,1,0.5982410907745361
1716,49,7,46,D:\Skripsi\Experiment\data\raw\RGB2\S49\AC7\RGB2_SUB49ACT7F46.jpg,1,1,0.6549684405326843
1717,49,7,61,D:\Skripsi\Experiment\data\raw\RGB2\S49\AC7\RGB2_SUB49ACT7F61.jpg,1,1,0.7122271656990051
1718,49,7,76,D:\Skripsi\Experiment\data\raw\RGB2\S49\AC7\RGB2_SUB49ACT7F76.jpg,1,1,0.6765874028205872
1719,49,7,91,D:\Skripsi\Experiment\data\raw\RGB2\S49\AC7\RGB2_SUB49ACT7F91.jpg,1,1,0.6648932099342346
1720,49,8,1,D:\Skripsi\Experiment\data\raw\RGB2\S49\AC8\RGB2_SUB49ACT8F1.jpg,1,1,0.5771251916885376
1721,49,8,106,D:\Skripsi\Experiment\data\raw\RGB2\S49\AC8\RGB2_SUB49ACT8F106.jpg,1,1,0.5767266750335693
1722,49,8,121,D:\Skripsi\Experiment\data\raw\RGB2\S49\AC8\RGB2_SUB49ACT8F121.jpg,1,1,0.5856430530548096
1723,49,8,136,D:\Skripsi\Experiment\data\raw\RGB2\S49\AC8\RGB2_SUB49ACT8F136.jpg,1,0,0.42583167552948
1724,49,8,151,D:\Skripsi\Experiment\data\raw\RGB2\S49\AC8\RGB2_SUB49ACT8F151.jpg,1,1,0.7137152552604675
1725,49,8,16,D:\Skripsi\Experiment\data\raw\RGB2\S49\AC8\RGB2_SUB49ACT8F16.jpg,1,1,0.5663976669311523
1726,49,8,166,D:\Skripsi\Experiment\data\raw\RGB2\S49\AC8\RGB2_SUB49ACT8F166.jpg,1,0,0.4299468994140625
1727,49,8,181,D:\Skripsi\Experiment\data\raw\RGB2\S49\AC8\RGB2_SUB49ACT8F181.jpg,1,0,0.46070778369903564
1728,49,8,196,D:\Skripsi\Experiment\data\raw\RGB2\S49\AC8\RGB2_SUB49ACT8F196.jpg,1,0,0.49693480134010315
1729,49,8,211,D:\Skripsi\Experiment\data\raw\RGB2\S49\AC8\RGB2_SUB49ACT8F211.jpg,1,1,0.5261045098304749
1730,49,8,31,D:\Skripsi\Experiment\data\raw\RGB2\S49\AC8\RGB2_SUB49ACT8F31.jpg,1,0,0.489065945148468
1731,49,8,46,D:\Skripsi\Experiment\data\raw\RGB2\S49\AC8\RGB2_SUB49ACT8F46.jpg,1,1,0.5028947591781616
1732,49,8,61,D:\Skripsi\Experiment\data\raw\RGB2\S49\AC8\RGB2_SUB49ACT8F61.jpg,1,1,0.5775824785232544
1733,49,8,76,D:\Skripsi\Experiment\data\raw\RGB2\S49\AC8\RGB2_SUB49ACT8F76.jpg,1,1,0.6348006725311279
1734,49,8,91,D:\Skripsi\Experiment\data\raw\RGB2\S49\AC8\RGB2_SUB49ACT8F91.jpg,1,1,0.5393852591514587
1735,49,9,1,D:\Skripsi\Experiment\data\raw\RGB2\S49\AC9\RGB2_SUB49ACT9F1.jpg,1,1,0.6634037494659424
1736,49,9,106,D:\Skripsi\Experiment\data\raw\RGB2\S49\AC9\RGB2_SUB49ACT9F106.jpg,1,0,0.40521156787872314
1737,49,9,121,D:\Skripsi\Experiment\data\raw\RGB2\S49\AC9\RGB2_SUB49ACT9F121.jpg,1,1,0.6832530498504639
1738,49,9,136,D:\Skripsi\Experiment\data\raw\RGB2\S49\AC9\RGB2_SUB49ACT9F136.jpg,1,1,0.7329363822937012
1739,49,9,151,D:\Skripsi\Experiment\data\raw\RGB2\S49\AC9\RGB2_SUB49ACT9F151.jpg,1,1,0.6978746652603149
1740,49,9,16,D:\Skripsi\Experiment\data\raw\RGB2\S49\AC9\RGB2_SUB49ACT9F16.jpg,1,0,0.47691890597343445
1741,49,9,166,D:\Skripsi\Experiment\data\raw\RGB2\S49\AC9\RGB2_SUB49ACT9F166.jpg,1,0,0.47528356313705444
1742,49,9,181,D:\Skripsi\Experiment\data\raw\RGB2\S49\AC9\RGB2_SUB49ACT9F181.jpg,1,1,0.5151633620262146
1743,49,9,196,D:\Skripsi\Experiment\data\raw\RGB2\S49\AC9\RGB2_SUB49ACT9F196.jpg,1,1,0.6345787644386292
1744,49,9,31,D:\Skripsi\Experiment\data\raw\RGB2\S49\AC9\RGB2_SUB49ACT9F31.jpg,1,1,0.6166614890098572
1745,49,9,46,D:\Skripsi\Experiment\data\raw\RGB2\S49\AC9\RGB2_SUB49ACT9F46.jpg,1,0,0.4906672537326813
1746,49,9,61,D:\Skripsi\Experiment\data\raw\RGB2\S49\AC9\RGB2_SUB49ACT9F61.jpg,1,0,0.4374433755874634
1747,49,9,76,D:\Skripsi\Experiment\data\raw\RGB2\S49\AC9\RGB2_SUB49ACT9F76.jpg,1,0,0.4750055968761444
1748,49,9,91,D:\Skripsi\Experiment\data\raw\RGB2\S49\AC9\RGB2_SUB49ACT9F91.jpg,1,0,0.4079601764678955
1749,5,1,1,D:\Skripsi\Experiment\data\raw\RGB2\S5\AC1\RGB2_SUB5ACT1F1.jpg,0,0,0.4004296064376831
1750,5,1,106,D:\Skripsi\Experiment\data\raw\RGB2\S5\AC1\RGB2_SUB5ACT1F106.jpg,0,0,0.45681026577949524
1751,5,1,121,D:\Skripsi\Experiment\data\raw\RGB2\S5\AC1\RGB2_SUB5ACT1F121.jpg,0,0,0.40082573890686035
1752,5,1,136,D:\Skripsi\Experiment\data\raw\RGB2\S5\AC1\RGB2_SUB5ACT1F136.jpg,0,1,0.5158771872520447
1753,5,1,16,D:\Skripsi\Experiment\data\raw\RGB2\S5\AC1\RGB2_SUB5ACT1F16.jpg,0,0,0.3990201950073242
1754,5,1,31,D:\Skripsi\Experiment\data\raw\RGB2\S5\AC1\RGB2_SUB5ACT1F31.jpg,0,0,0.45360153913497925
1755,5,1,46,D:\Skripsi\Experiment\data\raw\RGB2\S5\AC1\RGB2_SUB5ACT1F46.jpg,0,1,0.5082402229309082
1756,5,1,61,D:\Skripsi\Experiment\data\raw\RGB2\S5\AC1\RGB2_SUB5ACT1F61.jpg,0,1,0.563271164894104
1757,5,1,76,D:\Skripsi\Experiment\data\raw\RGB2\S5\AC1\RGB2_SUB5ACT1F76.jpg,0,0,0.4441850185394287
1758,5,1,91,D:\Skripsi\Experiment\data\raw\RGB2\S5\AC1\RGB2_SUB5ACT1F91.jpg,0,0,0.4673445224761963
1759,5,5,1,D:\Skripsi\Experiment\data\raw\RGB2\S5\AC5\RGB2_SUB5ACT5F1.jpg,1,0,0.48525211215019226
1760,5,5,106,D:\Skripsi\Experiment\data\raw\RGB2\S5\AC5\RGB2_SUB5ACT5F106.jpg,1,0,0.40985018014907837
1761,5,5,121,D:\Skripsi\Experiment\data\raw\RGB2\S5\AC5\RGB2_SUB5ACT5F121.jpg,1,1,0.5552006959915161
1762,5,5,16,D:\Skripsi\Experiment\data\raw\RGB2\S5\AC5\RGB2_SUB5ACT5F16.jpg,1,1,0.6825249195098877
1763,5,5,31,D:\Skripsi\Experiment\data\raw\RGB2\S5\AC5\RGB2_SUB5ACT5F31.jpg,1,1,0.5820425748825073
1764,5,5,46,D:\Skripsi\Experiment\data\raw\RGB2\S5\AC5\RGB2_SUB5ACT5F46.jpg,1,1,0.6054444313049316
1765,5,5,61,D:\Skripsi\Experiment\data\raw\RGB2\S5\AC5\RGB2_SUB5ACT5F61.jpg,1,0,0.4459163546562195
1766,5,5,76,D:\Skripsi\Experiment\data\raw\RGB2\S5\AC5\RGB2_SUB5ACT5F76.jpg,1,1,0.5085815787315369
1767,5,5,91,D:\Skripsi\Experiment\data\raw\RGB2\S5\AC5\RGB2_SUB5ACT5F91.jpg,1,1,0.5538920164108276
1768,5,6,1,D:\Skripsi\Experiment\data\raw\RGB2\S5\AC6\RGB2_SUB5ACT6F1.jpg,1,1,0.6878063678741455
1769,5,6,106,D:\Skripsi\Experiment\data\raw\RGB2\S5\AC6\RGB2_SUB5ACT6F106.jpg,1,1,0.6809270977973938
1770,5,6,121,D:\Skripsi\Experiment\data\raw\RGB2\S5\AC6\RGB2_SUB5ACT6F121.jpg,1,1,0.6501123905181885
1771,5,6,136,D:\Skripsi\Experiment\data\raw\RGB2\S5\AC6\RGB2_SUB5ACT6F136.jpg,1,0,0.42839717864990234
1772,5,6,16,D:\Skripsi\Experiment\data\raw\RGB2\S5\AC6\RGB2_SUB5ACT6F16.jpg,1,1,0.5847176909446716
1773,5,6,31,D:\Skripsi\Experiment\data\raw\RGB2\S5\AC6\RGB2_SUB5ACT6F31.jpg,1,1,0.6570950150489807
1774,5,6,46,D:\Skripsi\Experiment\data\raw\RGB2\S5\AC6\RGB2_SUB5ACT6F46.jpg,1,1,0.63481205701828
1775,5,6,61,D:\Skripsi\Experiment\data\raw\RGB2\S5\AC6\RGB2_SUB5ACT6F61.jpg,1,1,0.5454639196395874
1776,5,6,76,D:\Skripsi\Experiment\data\raw\RGB2\S5\AC6\RGB2_SUB5ACT6F76.jpg,1,1,0.7104320526123047
1777,5,6,91,D:\Skripsi\Experiment\data\raw\RGB2\S5\AC6\RGB2_SUB5ACT6F91.jpg,1,1,0.6654791235923767
1778,5,7,1,D:\Skripsi\Experiment\data\raw\RGB2\S5\AC7\RGB2_SUB5ACT7F1.jpg,1,1,0.5610960125923157
1779,5,7,106,D:\Skripsi\Experiment\data\raw\RGB2\S5\AC7\RGB2_SUB5ACT7F106.jpg,1,1,0.6340795755386353
1780,5,7,121,D:\Skripsi\Experiment\data\raw\RGB2\S5\AC7\RGB2_SUB5ACT7F121.jpg,1,1,0.6825697422027588
1781,5,7,136,D:\Skripsi\Experiment\data\raw\RGB2\S5\AC7\RGB2_SUB5ACT7F136.jpg,1,1,0.6319996118545532
1782,5,7,151,D:\Skripsi\Experiment\data\raw\RGB2\S5\AC7\RGB2_SUB5ACT7F151.jpg,1,1,0.6643324494361877
1783,5,7,16,D:\Skripsi\Experiment\data\raw\RGB2\S5\AC7\RGB2_SUB5ACT7F16.jpg,1,1,0.5970221757888794
1784,5,7,31,D:\Skripsi\Experiment\data\raw\RGB2\S5\AC7\RGB2_SUB5ACT7F31.jpg,1,1,0.6294567584991455
1785,5,7,46,D:\Skripsi\Experiment\data\raw\RGB2\S5\AC7\RGB2_SUB5ACT7F46.jpg,1,0,0.43593770265579224
1786,5,7,61,D:\Skripsi\Experiment\data\raw\RGB2\S5\AC7\RGB2_SUB5ACT7F61.jpg,1,1,0.5915970802307129
1787,5,7,76,D:\Skripsi\Experiment\data\raw\RGB2\S5\AC7\RGB2_SUB5ACT7F76.jpg,1,1,0.5869885087013245
1788,5,7,91,D:\Skripsi\Experiment\data\raw\RGB2\S5\AC7\RGB2_SUB5ACT7F91.jpg,1,0,0.4852534830570221
1789,5,8,1,D:\Skripsi\Experiment\data\raw\RGB2\S5\AC8\RGB2_SUB5ACT8F1.jpg,1,0,0.4311068654060364
1790,5,8,106,D:\Skripsi\Experiment\data\raw\RGB2\S5\AC8\RGB2_SUB5ACT8F106.jpg,1,0,0.4713754653930664
1791,5,8,121,D:\Skripsi\Experiment\data\raw\RGB2\S5\AC8\RGB2_SUB5ACT8F121.jpg,1,1,0.5022119283676147
1792,5,8,136,D:\Skripsi\Experiment\data\raw\RGB2\S5\AC8\RGB2_SUB5ACT8F136.jpg,1,0,0.43348732590675354
1793,5,8,151,D:\Skripsi\Experiment\data\raw\RGB2\S5\AC8\RGB2_SUB5ACT8F151.jpg,1,0,0.3620206415653229
1794,5,8,16,D:\Skripsi\Experiment\data\raw\RGB2\S5\AC8\RGB2_SUB5ACT8F16.jpg,1,1,0.613104522228241
1795,5,8,31,D:\Skripsi\Experiment\data\raw\RGB2\S5\AC8\RGB2_SUB5ACT8F31.jpg,1,1,0.558514416217804
1796,5,8,46,D:\Skripsi\Experiment\data\raw\RGB2\S5\AC8\RGB2_SUB5ACT8F46.jpg,1,0,0.4165562093257904
1797,5,8,61,D:\Skripsi\Experiment\data\raw\RGB2\S5\AC8\RGB2_SUB5ACT8F61.jpg,1,0,0.43873220682144165
1798,5,8,76,D:\Skripsi\Experiment\data\raw\RGB2\S5\AC8\RGB2_SUB5ACT8F76.jpg,1,0,0.4221559166908264
1799,5,8,91,D:\Skripsi\Experiment\data\raw\RGB2\S5\AC8\RGB2_SUB5ACT8F91.jpg,1,0,0.3846836984157562
1800,5,9,1,D:\Skripsi\Experiment\data\raw\RGB2\S5\AC9\RGB2_SUB5ACT9F1.jpg,1,1,0.5387895703315735
1801,5,9,106,D:\Skripsi\Experiment\data\raw\RGB2\S5\AC9\RGB2_SUB5ACT9F106.jpg,1,0,0.4872381389141083
1802,5,9,121,D:\Skripsi\Experiment\data\raw\RGB2\S5\AC9\RGB2_SUB5ACT9F121.jpg,1,0,0.44363316893577576
1803,5,9,136,D:\Skripsi\Experiment\data\raw\RGB2\S5\AC9\RGB2_SUB5ACT9F136.jpg,1,0,0.4185366630554199
1804,5,9,151,D:\Skripsi\Experiment\data\raw\RGB2\S5\AC9\RGB2_SUB5ACT9F151.jpg,1,0,0.41171926259994507
1805,5,9,16,D:\Skripsi\Experiment\data\raw\RGB2\S5\AC9\RGB2_SUB5ACT9F16.jpg,1,1,0.5017820596694946
1806,5,9,166,D:\Skripsi\Experiment\data\raw\RGB2\S5\AC9\RGB2_SUB5ACT9F166.jpg,1,1,0.5287416577339172
1807,5,9,31,D:\Skripsi\Experiment\data\raw\RGB2\S5\AC9\RGB2_SUB5ACT9F31.jpg,1,0,0.4972764849662781
1808,5,9,46,D:\Skripsi\Experiment\data\raw\RGB2\S5\AC9\RGB2_SUB5ACT9F46.jpg,1,1,0.519429087638855
1809,5,9,61,D:\Skripsi\Experiment\data\raw\RGB2\S5\AC9\RGB2_SUB5ACT9F61.jpg,1,0,0.4041231572628021
1810,5,9,76,D:\Skripsi\Experiment\data\raw\RGB2\S5\AC9\RGB2_SUB5ACT9F76.jpg,1,0,0.34559282660484314
1811,5,9,91,D:\Skripsi\Experiment\data\raw\RGB2\S5\AC9\RGB2_SUB5ACT9F91.jpg,1,0,0.401157021522522
1812,50,1,1,D:\Skripsi\Experiment\data\raw\RGB2\S50\AC1\RGB2_SUB50ACT1F1.jpg,0,1,0.5222488045692444
1813,50,1,106,D:\Skripsi\Experiment\data\raw\RGB2\S50\AC1\RGB2_SUB50ACT1F106.jpg,0,0,0.4638729989528656
1814,50,1,16,D:\Skripsi\Experiment\data\raw\RGB2\S50\AC1\RGB2_SUB50ACT1F16.jpg,0,1,0.567615270614624
1815,50,1,31,D:\Skripsi\Experiment\data\raw\RGB2\S50\AC1\RGB2_SUB50ACT1F31.jpg,0,1,0.5680738687515259
1816,50,1,46,D:\Skripsi\Experiment\data\raw\RGB2\S50\AC1\RGB2_SUB50ACT1F46.jpg,0,1,0.5414469838142395
1817,50,1,61,D:\Skripsi\Experiment\data\raw\RGB2\S50\AC1\RGB2_SUB50ACT1F61.jpg,0,0,0.44959568977355957
1818,50,1,76,D:\Skripsi\Experiment\data\raw\RGB2\S50\AC1\RGB2_SUB50ACT1F76.jpg,0,0,0.4354298412799835
1819,50,1,91,D:\Skripsi\Experiment\data\raw\RGB2\S50\AC1\RGB2_SUB50ACT1F91.jpg,0,0,0.43382853269577026
1820,50,5,1,D:\Skripsi\Experiment\data\raw\RGB2\S50\AC5\RGB2_SUB50ACT5F1.jpg,1,1,0.6248982548713684
1821,50,5,106,D:\Skripsi\Experiment\data\raw\RGB2\S50\AC5\RGB2_SUB50ACT5F106.jpg,1,1,0.5850657224655151
1822,50,5,121,D:\Skripsi\Experiment\data\raw\RGB2\S50\AC5\RGB2_SUB50ACT5F121.jpg,1,0,0.4395207464694977
1823,50,5,16,D:\Skripsi\Experiment\data\raw\RGB2\S50\AC5\RGB2_SUB50ACT5F16.jpg,1,1,0.6262516379356384
1824,50,5,31,D:\Skripsi\Experiment\data\raw\RGB2\S50\AC5\RGB2_SUB50ACT5F31.jpg,1,1,0.6193729043006897
1825,50,5,46,D:\Skripsi\Experiment\data\raw\RGB2\S50\AC5\RGB2_SUB50ACT5F46.jpg,1,1,0.6001656651496887
1826,50,5,61,D:\Skripsi\Experiment\data\raw\RGB2\S50\AC5\RGB2_SUB50ACT5F61.jpg,1,0,0.49712565541267395
1827,50,5,76,D:\Skripsi\Experiment\data\raw\RGB2\S50\AC5\RGB2_SUB50ACT5F76.jpg,1,1,0.5276951789855957
1828,50,5,91,D:\Skripsi\Experiment\data\raw\RGB2\S50\AC5\RGB2_SUB50ACT5F91.jpg,1,0,0.4655354619026184
1829,50,6,1,D:\Skripsi\Experiment\data\raw\RGB2\S50\AC6\RGB2_SUB50ACT6F1.jpg,1,0,0.49731165170669556
1830,50,6,106,D:\Skripsi\Experiment\data\raw\RGB2\S50\AC6\RGB2_SUB50ACT6F106.jpg,1,0,0.44258514046669006
1831,50,6,121,D:\Skripsi\Experiment\data\raw\RGB2\S50\AC6\RGB2_SUB50ACT6F121.jpg,1,1,0.5984610915184021
1832,50,6,136,D:\Skripsi\Experiment\data\raw\RGB2\S50\AC6\RGB2_SUB50ACT6F136.jpg,1,1,0.5649886131286621
1833,50,6,16,D:\Skripsi\Experiment\data\raw\RGB2\S50\AC6\RGB2_SUB50ACT6F16.jpg,1,1,0.527940034866333
1834,50,6,31,D:\Skripsi\Experiment\data\raw\RGB2\S50\AC6\RGB2_SUB50ACT6F31.jpg,1,1,0.5629119873046875
1835,50,6,46,D:\Skripsi\Experiment\data\raw\RGB2\S50\AC6\RGB2_SUB50ACT6F46.jpg,1,1,0.5797282457351685
1836,50,6,61,D:\Skripsi\Experiment\data\raw\RGB2\S50\AC6\RGB2_SUB50ACT6F61.jpg,1,1,0.5059045553207397
1837,50,6,76,D:\Skripsi\Experiment\data\raw\RGB2\S50\AC6\RGB2_SUB50ACT6F76.jpg,1,0,0.3515591323375702
1838,50,6,91,D:\Skripsi\Experiment\data\raw\RGB2\S50\AC6\RGB2_SUB50ACT6F91.jpg,1,0,0.47337499260902405
1839,50,7,1,D:\Skripsi\Experiment\data\raw\RGB2\S50\AC7\RGB2_SUB50ACT7F1.jpg,1,1,0.5742987990379333
1840,50,7,106,D:\Skripsi\Experiment\data\raw\RGB2\S50\AC7\RGB2_SUB50ACT7F106.jpg,1,0,0.4979609549045563
1841,50,7,121,D:\Skripsi\Experiment\data\raw\RGB2\S50\AC7\RGB2_SUB50ACT7F121.jpg,1,1,0.6448281407356262
1842,50,7,136,D:\Skripsi\Experiment\data\raw\RGB2\S50\AC7\RGB2_SUB50ACT7F136.jpg,1,1,0.6087216734886169
1843,50,7,16,D:\Skripsi\Experiment\data\raw\RGB2\S50\AC7\RGB2_SUB50ACT7F16.jpg,1,0,0.40834271907806396
1844,50,7,31,D:\Skripsi\Experiment\data\raw\RGB2\S50\AC7\RGB2_SUB50ACT7F31.jpg,1,1,0.5154861807823181
1845,50,7,46,D:\Skripsi\Experiment\data\raw\RGB2\S50\AC7\RGB2_SUB50ACT7F46.jpg,1,1,0.5072000622749329
1846,50,7,61,D:\Skripsi\Experiment\data\raw\RGB2\S50\AC7\RGB2_SUB50ACT7F61.jpg,1,1,0.5960150361061096
1847,50,7,76,D:\Skripsi\Experiment\data\raw\RGB2\S50\AC7\RGB2_SUB50ACT7F76.jpg,1,1,0.6104492545127869
1848,50,7,91,D:\Skripsi\Experiment\data\raw\RGB2\S50\AC7\RGB2_SUB50ACT7F91.jpg,1,1,0.6243840456008911
1849,50,8,1,D:\Skripsi\Experiment\data\raw\RGB2\S50\AC8\RGB2_SUB50ACT8F1.jpg,1,1,0.6075539588928223
1850,50,8,106,D:\Skripsi\Experiment\data\raw\RGB2\S50\AC8\RGB2_SUB50ACT8F106.jpg,1,0,0.48127779364585876
1851,50,8,121,D:\Skripsi\Experiment\data\raw\RGB2\S50\AC8\RGB2_SUB50ACT8F121.jpg,1,0,0.43185070157051086
1852,50,8,136,D:\Skripsi\Experiment\data\raw\RGB2\S50\AC8\RGB2_SUB50ACT8F136.jpg,1,0,0.44089198112487793
1853,50,8,151,D:\Skripsi\Experiment\data\raw\RGB2\S50\AC8\RGB2_SUB50ACT8F151.jpg,1,1,0.5077344179153442
1854,50,8,16,D:\Skripsi\Experiment\data\raw\RGB2\S50\AC8\RGB2_SUB50ACT8F16.jpg,1,0,0.43447911739349365
1855,50,8,166,D:\Skripsi\Experiment\data\raw\RGB2\S50\AC8\RGB2_SUB50ACT8F166.jpg,1,1,0.5079165101051331
1856,50,8,181,D:\Skripsi\Experiment\data\raw\RGB2\S50\AC8\RGB2_SUB50ACT8F181.jpg,1,0,0.47027745842933655
1857,50,8,196,D:\Skripsi\Experiment\data\raw\RGB2\S50\AC8\RGB2_SUB50ACT8F196.jpg,1,1,0.6618615388870239
1858,50,8,211,D:\Skripsi\Experiment\data\raw\RGB2\S50\AC8\RGB2_SUB50ACT8F211.jpg,1,1,0.5554092526435852
1859,50,8,31,D:\Skripsi\Experiment\data\raw\RGB2\S50\AC8\RGB2_SUB50ACT8F31.jpg,1,1,0.5424562692642212
1860,50,8,46,D:\Skripsi\Experiment\data\raw\RGB2\S50\AC8\RGB2_SUB50ACT8F46.jpg,1,1,0.5866004228591919
1861,50,8,61,D:\Skripsi\Experiment\data\raw\RGB2\S50\AC8\RGB2_SUB50ACT8F61.jpg,1,1,0.5165719389915466
1862,50,8,76,D:\Skripsi\Experiment\data\raw\RGB2\S50\AC8\RGB2_SUB50ACT8F76.jpg,1,0,0.4827136695384979
1863,50,8,91,D:\Skripsi\Experiment\data\raw\RGB2\S50\AC8\RGB2_SUB50ACT8F91.jpg,1,1,0.5496454238891602
1864,50,9,1,D:\Skripsi\Experiment\data\raw\RGB2\S50\AC9\RGB2_SUB50ACT9F1.jpg,1,1,0.5630919337272644
1865,50,9,106,D:\Skripsi\Experiment\data\raw\RGB2\S50\AC9\RGB2_SUB50ACT9F106.jpg,1,1,0.5785222053527832
1866,50,9,121,D:\Skripsi\Experiment\data\raw\RGB2\S50\AC9\RGB2_SUB50ACT9F121.jpg,1,1,0.5563734173774719
1867,50,9,136,D:\Skripsi\Experiment\data\raw\RGB2\S50\AC9\RGB2_SUB50ACT9F136.jpg,1,1,0.5863660573959351
1868,50,9,151,D:\Skripsi\Experiment\data\raw\RGB2\S50\AC9\RGB2_SUB50ACT9F151.jpg,1,0,0.47361254692077637
1869,50,9,16,D:\Skripsi\Experiment\data\raw\RGB2\S50\AC9\RGB2_SUB50ACT9F16.jpg,1,1,0.6914243698120117
1870,50,9,166,D:\Skripsi\Experiment\data\raw\RGB2\S50\AC9\RGB2_SUB50ACT9F166.jpg,1,0,0.42792052030563354
1871,50,9,181,D:\Skripsi\Experiment\data\raw\RGB2\S50\AC9\RGB2_SUB50ACT9F181.jpg,1,0,0.4706774353981018
1872,50,9,31,D:\Skripsi\Experiment\data\raw\RGB2\S50\AC9\RGB2_SUB50ACT9F31.jpg,1,1,0.621121346950531
1873,50,9,46,D:\Skripsi\Experiment\data\raw\RGB2\S50\AC9\RGB2_SUB50ACT9F46.jpg,1,1,0.5130442976951599
1874,50,9,61,D:\Skripsi\Experiment\data\raw\RGB2\S50\AC9\RGB2_SUB50ACT9F61.jpg,1,1,0.6603742837905884
1875,50,9,76,D:\Skripsi\Experiment\data\raw\RGB2\S50\AC9\RGB2_SUB50ACT9F76.jpg,1,1,0.6719041466712952
1876,50,9,91,D:\Skripsi\Experiment\data\raw\RGB2\S50\AC9\RGB2_SUB50ACT9F91.jpg,1,1,0.5465729832649231
1877,6,1,1,D:\Skripsi\Experiment\data\raw\RGB2\S6\AC1\RGB2_SUB6ACT1F1.jpg,0,1,0.5046690106391907
1878,6,1,106,D:\Skripsi\Experiment\data\raw\RGB2\S6\AC1\RGB2_SUB6ACT1F106.jpg,0,1,0.6900476217269897
1879,6,1,121,D:\Skripsi\Experiment\data\raw\RGB2\S6\AC1\RGB2_SUB6ACT1F121.jpg,0,1,0.6343601942062378
1880,6,1,136,D:\Skripsi\Experiment\data\raw\RGB2\S6\AC1\RGB2_SUB6ACT1F136.jpg,0,1,0.6113706231117249
1881,6,1,16,D:\Skripsi\Experiment\data\raw\RGB2\S6\AC1\RGB2_SUB6ACT1F16.jpg,0,1,0.6655048131942749
1882,6,1,31,D:\Skripsi\Experiment\data\raw\RGB2\S6\AC1\RGB2_SUB6ACT1F31.jpg,0,1,0.7055643796920776
1883,6,1,46,D:\Skripsi\Experiment\data\raw\RGB2\S6\AC1\RGB2_SUB6ACT1F46.jpg,0,1,0.5834461450576782
1884,6,1,61,D:\Skripsi\Experiment\data\raw\RGB2\S6\AC1\RGB2_SUB6ACT1F61.jpg,0,1,0.5637730360031128
1885,6,1,76,D:\Skripsi\Experiment\data\raw\RGB2\S6\AC1\RGB2_SUB6ACT1F76.jpg,0,1,0.6191665530204773
1886,6,1,91,D:\Skripsi\Experiment\data\raw\RGB2\S6\AC1\RGB2_SUB6ACT1F91.jpg,0,0,0.48942655324935913
1887,6,5,1,D:\Skripsi\Experiment\data\raw\RGB2\S6\AC5\RGB2_SUB6ACT5F1.jpg,1,1,0.8165316581726074
1888,6,5,106,D:\Skripsi\Experiment\data\raw\RGB2\S6\AC5\RGB2_SUB6ACT5F106.jpg,1,1,0.6539008617401123
1889,6,5,121,D:\Skripsi\Experiment\data\raw\RGB2\S6\AC5\RGB2_SUB6ACT5F121.jpg,1,1,0.6563286781311035
1890,6,5,136,D:\Skripsi\Experiment\data\raw\RGB2\S6\AC5\RGB2_SUB6ACT5F136.jpg,1,1,0.6566601991653442
1891,6,5,16,D:\Skripsi\Experiment\data\raw\RGB2\S6\AC5\RGB2_SUB6ACT5F16.jpg,1,1,0.7130033373832703
1892,6,5,31,D:\Skripsi\Experiment\data\raw\RGB2\S6\AC5\RGB2_SUB6ACT5F31.jpg,1,1,0.8288428783416748
1893,6,5,46,D:\Skripsi\Experiment\data\raw\RGB2\S6\AC5\RGB2_SUB6ACT5F46.jpg,1,1,0.6540647745132446
1894,6,5,61,D:\Skripsi\Experiment\data\raw\RGB2\S6\AC5\RGB2_SUB6ACT5F61.jpg,1,1,0.6759819388389587
1895,6,5,76,D:\Skripsi\Experiment\data\raw\RGB2\S6\AC5\RGB2_SUB6ACT5F76.jpg,1,1,0.6848627328872681
1896,6,5,91,D:\Skripsi\Experiment\data\raw\RGB2\S6\AC5\RGB2_SUB6ACT5F91.jpg,1,1,0.6412762999534607
1897,6,6,1,D:\Skripsi\Experiment\data\raw\RGB2\S6\AC6\RGB2_SUB6ACT6F1.jpg,1,1,0.721561074256897
1898,6,6,106,D:\Skripsi\Experiment\data\raw\RGB2\S6\AC6\RGB2_SUB6ACT6F106.jpg,1,1,0.7445813417434692
1899,6,6,121,D:\Skripsi\Experiment\data\raw\RGB2\S6\AC6\RGB2_SUB6ACT6F121.jpg,1,1,0.7390235066413879
1900,6,6,136,D:\Skripsi\Experiment\data\raw\RGB2\S6\AC6\RGB2_SUB6ACT6F136.jpg,1,1,0.5848765969276428
1901,6,6,151,D:\Skripsi\Experiment\data\raw\RGB2\S6\AC6\RGB2_SUB6ACT6F151.jpg,1,1,0.7920377254486084
1902,6,6,16,D:\Skripsi\Experiment\data\raw\RGB2\S6\AC6\RGB2_SUB6ACT6F16.jpg,1,1,0.7913817167282104
1903,6,6,31,D:\Skripsi\Experiment\data\raw\RGB2\S6\AC6\RGB2_SUB6ACT6F31.jpg,1,1,0.7228519916534424
1904,6,6,46,D:\Skripsi\Experiment\data\raw\RGB2\S6\AC6\RGB2_SUB6ACT6F46.jpg,1,1,0.679661214351654
1905,6,6,61,D:\Skripsi\Experiment\data\raw\RGB2\S6\AC6\RGB2_SUB6ACT6F61.jpg,1,1,0.6693115830421448
1906,6,6,76,D:\Skripsi\Experiment\data\raw\RGB2\S6\AC6\RGB2_SUB6ACT6F76.jpg,1,1,0.7470711469650269
1907,6,6,91,D:\Skripsi\Experiment\data\raw\RGB2\S6\AC6\RGB2_SUB6ACT6F91.jpg,1,1,0.78056401014328
1908,6,7,1,D:\Skripsi\Experiment\data\raw\RGB2\S6\AC7\RGB2_SUB6ACT7F1.jpg,1,1,0.8263365030288696
1909,6,7,106,D:\Skripsi\Experiment\data\raw\RGB2\S6\AC7\RGB2_SUB6ACT7F106.jpg,1,1,0.729681134223938
1910,6,7,121,D:\Skripsi\Experiment\data\raw\RGB2\S6\AC7\RGB2_SUB6ACT7F121.jpg,1,1,0.6689325571060181
1911,6,7,136,D:\Skripsi\Experiment\data\raw\RGB2\S6\AC7\RGB2_SUB6ACT7F136.jpg,1,1,0.6044349670410156
1912,6,7,16,D:\Skripsi\Experiment\data\raw\RGB2\S6\AC7\RGB2_SUB6ACT7F16.jpg,1,1,0.8247998356819153
1913,6,7,31,D:\Skripsi\Experiment\data\raw\RGB2\S6\AC7\RGB2_SUB6ACT7F31.jpg,1,1,0.8147456049919128
1914,6,7,46,D:\Skripsi\Experiment\data\raw\RGB2\S6\AC7\RGB2_SUB6ACT7F46.jpg,1,1,0.8108471035957336
1915,6,7,61,D:\Skripsi\Experiment\data\raw\RGB2\S6\AC7\RGB2_SUB6ACT7F61.jpg,1,1,0.8100470900535583
1916,6,7,76,D:\Skripsi\Experiment\data\raw\RGB2\S6\AC7\RGB2_SUB6ACT7F76.jpg,1,1,0.7518135905265808
1917,6,7,91,D:\Skripsi\Experiment\data\raw\RGB2\S6\AC7\RGB2_SUB6ACT7F91.jpg,1,1,0.5965341925621033
1918,6,8,1,D:\Skripsi\Experiment\data\raw\RGB2\S6\AC8\RGB2_SUB6ACT8F1.jpg,1,1,0.6067652106285095
1919,6,8,106,D:\Skripsi\Experiment\data\raw\RGB2\S6\AC8\RGB2_SUB6ACT8F106.jpg,1,1,0.5940812826156616
1920,6,8,121,D:\Skripsi\Experiment\data\raw\RGB2\S6\AC8\RGB2_SUB6ACT8F121.jpg,1,1,0.7668835520744324
1921,6,8,136,D:\Skripsi\Experiment\data\raw\RGB2\S6\AC8\RGB2_SUB6ACT8F136.jpg,1,1,0.7671406865119934
1922,6,8,151,D:\Skripsi\Experiment\data\raw\RGB2\S6\AC8\RGB2_SUB6ACT8F151.jpg,1,1,0.8355455994606018
1923,6,8,16,D:\Skripsi\Experiment\data\raw\RGB2\S6\AC8\RGB2_SUB6ACT8F16.jpg,1,1,0.5336126685142517
1924,6,8,31,D:\Skripsi\Experiment\data\raw\RGB2\S6\AC8\RGB2_SUB6ACT8F31.jpg,1,1,0.5774492621421814
1925,6,8,46,D:\Skripsi\Experiment\data\raw\RGB2\S6\AC8\RGB2_SUB6ACT8F46.jpg,1,1,0.5859770774841309
1926,6,8,61,D:\Skripsi\Experiment\data\raw\RGB2\S6\AC8\RGB2_SUB6ACT8F61.jpg,1,1,0.5155767798423767
1927,6,8,76,D:\Skripsi\Experiment\data\raw\RGB2\S6\AC8\RGB2_SUB6ACT8F76.jpg,1,0,0.4451637864112854
1928,6,8,91,D:\Skripsi\Experiment\data\raw\RGB2\S6\AC8\RGB2_SUB6ACT8F91.jpg,1,1,0.6562667489051819
1929,6,9,1,D:\Skripsi\Experiment\data\raw\RGB2\S6\AC9\RGB2_SUB6ACT9F1.jpg,1,1,0.701625645160675
1930,6,9,106,D:\Skripsi\Experiment\data\raw\RGB2\S6\AC9\RGB2_SUB6ACT9F106.jpg,1,1,0.7101834416389465
1931,6,9,121,D:\Skripsi\Experiment\data\raw\RGB2\S6\AC9\RGB2_SUB6ACT9F121.jpg,1,1,0.7145240902900696
1932,6,9,136,D:\Skripsi\Experiment\data\raw\RGB2\S6\AC9\RGB2_SUB6ACT9F136.jpg,1,1,0.8771519064903259
1933,6,9,151,D:\Skripsi\Experiment\data\raw\RGB2\S6\AC9\RGB2_SUB6ACT9F151.jpg,1,1,0.6319087743759155
1934,6,9,16,D:\Skripsi\Experiment\data\raw\RGB2\S6\AC9\RGB2_SUB6ACT9F16.jpg,1,1,0.7858012914657593
1935,6,9,166,D:\Skripsi\Experiment\data\raw\RGB2\S6\AC9\RGB2_SUB6ACT9F166.jpg,1,1,0.7312090396881104
1936,6,9,31,D:\Skripsi\Experiment\data\raw\RGB2\S6\AC9\RGB2_SUB6ACT9F31.jpg,1,1,0.6978921294212341
1937,6,9,46,D:\Skripsi\Experiment\data\raw\RGB2\S6\AC9\RGB2_SUB6ACT9F46.jpg,1,1,0.6268166303634644
1938,6,9,61,D:\Skripsi\Experiment\data\raw\RGB2\S6\AC9\RGB2_SUB6ACT9F61.jpg,1,1,0.720319926738739
1939,6,9,76,D:\Skripsi\Experiment\data\raw\RGB2\S6\AC9\RGB2_SUB6ACT9F76.jpg,1,1,0.6722179055213928
1940,6,9,91,D:\Skripsi\Experiment\data\raw\RGB2\S6\AC9\RGB2_SUB6ACT9F91.jpg,1,1,0.6977307796478271
1941,7,1,1,D:\Skripsi\Experiment\data\raw\RGB2\S7\AC1\RGB2_SUB7ACT1F1.jpg,0,0,0.4339417517185211
1942,7,1,106,D:\Skripsi\Experiment\data\raw\RGB2\S7\AC1\RGB2_SUB7ACT1F106.jpg,0,0,0.40247148275375366
1943,7,1,121,D:\Skripsi\Experiment\data\raw\RGB2\S7\AC1\RGB2_SUB7ACT1F121.jpg,0,0,0.4485089182853699
1944,7,1,16,D:\Skripsi\Experiment\data\raw\RGB2\S7\AC1\RGB2_SUB7ACT1F16.jpg,0,1,0.5214195251464844
1945,7,1,31,D:\Skripsi\Experiment\data\raw\RGB2\S7\AC1\RGB2_SUB7ACT1F31.jpg,0,1,0.5003126263618469
1946,7,1,46,D:\Skripsi\Experiment\data\raw\RGB2\S7\AC1\RGB2_SUB7ACT1F46.jpg,0,1,0.5595072507858276
1947,7,1,61,D:\Skripsi\Experiment\data\raw\RGB2\S7\AC1\RGB2_SUB7ACT1F61.jpg,0,1,0.5432880520820618
1948,7,1,76,D:\Skripsi\Experiment\data\raw\RGB2\S7\AC1\RGB2_SUB7ACT1F76.jpg,0,1,0.5079836845397949
1949,7,1,91,D:\Skripsi\Experiment\data\raw\RGB2\S7\AC1\RGB2_SUB7ACT1F91.jpg,0,0,0.4908147156238556
1950,7,5,1,D:\Skripsi\Experiment\data\raw\RGB2\S7\AC5\RGB2_SUB7ACT5F1.jpg,1,1,0.6084465384483337
1951,7,5,106,D:\Skripsi\Experiment\data\raw\RGB2\S7\AC5\RGB2_SUB7ACT5F106.jpg,1,1,0.6632232666015625
1952,7,5,121,D:\Skripsi\Experiment\data\raw\RGB2\S7\AC5\RGB2_SUB7ACT5F121.jpg,1,1,0.5649610161781311
1953,7,5,16,D:\Skripsi\Experiment\data\raw\RGB2\S7\AC5\RGB2_SUB7ACT5F16.jpg,1,1,0.5698304176330566
1954,7,5,31,D:\Skripsi\Experiment\data\raw\RGB2\S7\AC5\RGB2_SUB7ACT5F31.jpg,1,1,0.5677332878112793
1955,7,5,46,D:\Skripsi\Experiment\data\raw\RGB2\S7\AC5\RGB2_SUB7ACT5F46.jpg,1,1,0.5067017674446106
1956,7,5,61,D:\Skripsi\Experiment\data\raw\RGB2\S7\AC5\RGB2_SUB7ACT5F61.jpg,1,1,0.7282220721244812
1957,7,5,76,D:\Skripsi\Experiment\data\raw\RGB2\S7\AC5\RGB2_SUB7ACT5F76.jpg,1,1,0.5302132964134216
1958,7,5,91,D:\Skripsi\Experiment\data\raw\RGB2\S7\AC5\RGB2_SUB7ACT5F91.jpg,1,1,0.5683972835540771
1959,7,6,1,D:\Skripsi\Experiment\data\raw\RGB2\S7\AC6\RGB2_SUB7ACT6F1.jpg,1,1,0.6097103357315063
1960,7,6,106,D:\Skripsi\Experiment\data\raw\RGB2\S7\AC6\RGB2_SUB7ACT6F106.jpg,1,1,0.513968288898468
1961,7,6,121,D:\Skripsi\Experiment\data\raw\RGB2\S7\AC6\RGB2_SUB7ACT6F121.jpg,1,1,0.5266200304031372
1962,7,6,136,D:\Skripsi\Experiment\data\raw\RGB2\S7\AC6\RGB2_SUB7ACT6F136.jpg,1,1,0.5386595129966736
1963,7,6,16,D:\Skripsi\Experiment\data\raw\RGB2\S7\AC6\RGB2_SUB7ACT6F16.jpg,1,1,0.5804048180580139
1964,7,6,31,D:\Skripsi\Experiment\data\raw\RGB2\S7\AC6\RGB2_SUB7ACT6F31.jpg,1,1,0.5964192152023315
1965,7,6,46,D:\Skripsi\Experiment\data\raw\RGB2\S7\AC6\RGB2_SUB7ACT6F46.jpg,1,1,0.5148575305938721
1966,7,6,61,D:\Skripsi\Experiment\data\raw\RGB2\S7\AC6\RGB2_SUB7ACT6F61.jpg,1,1,0.5487308502197266
1967,7,6,76,D:\Skripsi\Experiment\data\raw\RGB2\S7\AC6\RGB2_SUB7ACT6F76.jpg,1,0,0.4735890030860901
1968,7,6,91,D:\Skripsi\Experiment\data\raw\RGB2\S7\AC6\RGB2_SUB7ACT6F91.jpg,1,1,0.5097131133079529
1969,7,7,1,D:\Skripsi\Experiment\data\raw\RGB2\S7\AC7\RGB2_SUB7ACT7F1.jpg,1,0,0.39392855763435364
1970,7,7,106,D:\Skripsi\Experiment\data\raw\RGB2\S7\AC7\RGB2_SUB7ACT7F106.jpg,1,1,0.5665465593338013
1971,7,7,121,D:\Skripsi\Experiment\data\raw\RGB2\S7\AC7\RGB2_SUB7ACT7F121.jpg,1,0,0.49751654267311096
1972,7,7,136,D:\Skripsi\Experiment\data\raw\RGB2\S7\AC7\RGB2_SUB7ACT7F136.jpg,1,1,0.5973201990127563
1973,7,7,151,D:\Skripsi\Experiment\data\raw\RGB2\S7\AC7\RGB2_SUB7ACT7F151.jpg,1,1,0.5245627760887146
1974,7,7,16,D:\Skripsi\Experiment\data\raw\RGB2\S7\AC7\RGB2_SUB7ACT7F16.jpg,1,1,0.6032449007034302
1975,7,7,31,D:\Skripsi\Experiment\data\raw\RGB2\S7\AC7\RGB2_SUB7ACT7F31.jpg,1,0,0.48999619483947754
1976,7,7,46,D:\Skripsi\Experiment\data\raw\RGB2\S7\AC7\RGB2_SUB7ACT7F46.jpg,1,1,0.6638454794883728
1977,7,7,61,D:\Skripsi\Experiment\data\raw\RGB2\S7\AC7\RGB2_SUB7ACT7F61.jpg,1,1,0.6697090268135071
1978,7,7,76,D:\Skripsi\Experiment\data\raw\RGB2\S7\AC7\RGB2_SUB7ACT7F76.jpg,1,0,0.45303472876548767
1979,7,7,91,D:\Skripsi\Experiment\data\raw\RGB2\S7\AC7\RGB2_SUB7ACT7F91.jpg,1,1,0.5908512473106384
1980,7,8,1,D:\Skripsi\Experiment\data\raw\RGB2\S7\AC8\RGB2_SUB7ACT8F1.jpg,1,0,0.3514886200428009
1981,7,8,106,D:\Skripsi\Experiment\data\raw\RGB2\S7\AC8\RGB2_SUB7ACT8F106.jpg,1,1,0.5116629004478455
1982,7,8,121,D:\Skripsi\Experiment\data\raw\RGB2\S7\AC8\RGB2_SUB7ACT8F121.jpg,1,0,0.42556706070899963
1983,7,8,136,D:\Skripsi\Experiment\data\raw\RGB2\S7\AC8\RGB2_SUB7ACT8F136.jpg,1,1,0.5350802540779114
1984,7,8,16,D:\Skripsi\Experiment\data\raw\RGB2\S7\AC8\RGB2_SUB7ACT8F16.jpg,1,0,0.36669987440109253
1985,7,8,31,D:\Skripsi\Experiment\data\raw\RGB2\S7\AC8\RGB2_SUB7ACT8F31.jpg,1,0,0.4379361569881439
1986,7,8,46,D:\Skripsi\Experiment\data\raw\RGB2\S7\AC8\RGB2_SUB7ACT8F46.jpg,1,1,0.5889611840248108
1987,7,8,61,D:\Skripsi\Experiment\data\raw\RGB2\S7\AC8\RGB2_SUB7ACT8F61.jpg,1,1,0.5925902724266052
1988,7,8,76,D:\Skripsi\Experiment\data\raw\RGB2\S7\AC8\RGB2_SUB7ACT8F76.jpg,1,0,0.4572581350803375
1989,7,8,91,D:\Skripsi\Experiment\data\raw\RGB2\S7\AC8\RGB2_SUB7ACT8F91.jpg,1,0,0.4391133487224579
1990,7,9,1,D:\Skripsi\Experiment\data\raw\RGB2\S7\AC9\RGB2_SUB7ACT9F1.jpg,1,0,0.4154370129108429
1991,7,9,106,D:\Skripsi\Experiment\data\raw\RGB2\S7\AC9\RGB2_SUB7ACT9F106.jpg,1,1,0.5048641562461853
1992,7,9,121,D:\Skripsi\Experiment\data\raw\RGB2\S7\AC9\RGB2_SUB7ACT9F121.jpg,1,1,0.6653438210487366
1993,7,9,136,D:\Skripsi\Experiment\data\raw\RGB2\S7\AC9\RGB2_SUB7ACT9F136.jpg,1,1,0.5310841798782349
1994,7,9,16,D:\Skripsi\Experiment\data\raw\RGB2\S7\AC9\RGB2_SUB7ACT9F16.jpg,1,0,0.47244009375572205
1995,7,9,31,D:\Skripsi\Experiment\data\raw\RGB2\S7\AC9\RGB2_SUB7ACT9F31.jpg,1,1,0.5668014287948608
1996,7,9,46,D:\Skripsi\Experiment\data\raw\RGB2\S7\AC9\RGB2_SUB7ACT9F46.jpg,1,1,0.5536412000656128
1997,7,9,61,D:\Skripsi\Experiment\data\raw\RGB2\S7\AC9\RGB2_SUB7ACT9F61.jpg,1,1,0.74033522605896
1998,7,9,76,D:\Skripsi\Experiment\data\raw\RGB2\S7\AC9\RGB2_SUB7ACT9F76.jpg,1,0,0.4703291952610016
1999,7,9,91,D:\Skripsi\Experiment\data\raw\RGB2\S7\AC9\RGB2_SUB7ACT9F91.jpg,1,1,0.5371518731117249
2000,9,1,1,D:\Skripsi\Experiment\data\raw\RGB2\S9\AC1\RGB2_SUB9ACT1F1.jpg,0,0,0.39975032210350037
2001,9,1,106,D:\Skripsi\Experiment\data\raw\RGB2\S9\AC1\RGB2_SUB9ACT1F106.jpg,0,0,0.449467271566391
2002,9,1,121,D:\Skripsi\Experiment\data\raw\RGB2\S9\AC1\RGB2_SUB9ACT1F121.jpg,0,1,0.6118453741073608
2003,9,1,136,D:\Skripsi\Experiment\data\raw\RGB2\S9\AC1\RGB2_SUB9ACT1F136.jpg,0,1,0.5272146463394165
2004,9,1,151,D:\Skripsi\Experiment\data\raw\RGB2\S9\AC1\RGB2_SUB9ACT1F151.jpg,0,0,0.4600556492805481
2005,9,1,16,D:\Skripsi\Experiment\data\raw\RGB2\S9\AC1\RGB2_SUB9ACT1F16.jpg,0,0,0.35189878940582275
2006,9,1,31,D:\Skripsi\Experiment\data\raw\RGB2\S9\AC1\RGB2_SUB9ACT1F31.jpg,0,0,0.3889669179916382
2007,9,1,46,D:\Skripsi\Experiment\data\raw\RGB2\S9\AC1\RGB2_SUB9ACT1F46.jpg,0,0,0.3190903663635254
2008,9,1,61,D:\Skripsi\Experiment\data\raw\RGB2\S9\AC1\RGB2_SUB9ACT1F61.jpg,0,0,0.3022903800010681
2009,9,1,76,D:\Skripsi\Experiment\data\raw\RGB2\S9\AC1\RGB2_SUB9ACT1F76.jpg,0,1,0.6690096259117126
2010,9,1,91,D:\Skripsi\Experiment\data\raw\RGB2\S9\AC1\RGB2_SUB9ACT1F91.jpg,0,1,0.722972571849823
2011,9,5,1,D:\Skripsi\Experiment\data\raw\RGB2\S9\AC5\RGB2_SUB9ACT5F1.jpg,1,1,0.5630772709846497
2012,9,5,106,D:\Skripsi\Experiment\data\raw\RGB2\S9\AC5\RGB2_SUB9ACT5F106.jpg,1,1,0.6325778365135193
2013,9,5,121,D:\Skripsi\Experiment\data\raw\RGB2\S9\AC5\RGB2_SUB9ACT5F121.jpg,1,1,0.6407925486564636
2014,9,5,136,D:\Skripsi\Experiment\data\raw\RGB2\S9\AC5\RGB2_SUB9ACT5F136.jpg,1,1,0.6020452380180359
2015,9,5,151,D:\Skripsi\Experiment\data\raw\RGB2\S9\AC5\RGB2_SUB9ACT5F151.jpg,1,1,0.5923080444335938
2016,9,5,16,D:\Skripsi\Experiment\data\raw\RGB2\S9\AC5\RGB2_SUB9ACT5F16.jpg,1,1,0.6229786276817322
2017,9,5,31,D:\Skripsi\Experiment\data\raw\RGB2\S9\AC5\RGB2_SUB9ACT5F31.jpg,1,1,0.6387262940406799
2018,9,5,46,D:\Skripsi\Experiment\data\raw\RGB2\S9\AC5\RGB2_SUB9ACT5F46.jpg,1,1,0.6113884449005127
2019,9,5,61,D:\Skripsi\Experiment\data\raw\RGB2\S9\AC5\RGB2_SUB9ACT5F61.jpg,1,1,0.5560807585716248
2020,9,5,76,D:\Skripsi\Experiment\data\raw\RGB2\S9\AC5\RGB2_SUB9ACT5F76.jpg,1,1,0.5939119458198547
2021,9,5,91,D:\Skripsi\Experiment\data\raw\RGB2\S9\AC5\RGB2_SUB9ACT5F91.jpg,1,1,0.6617573499679565
2022,9,6,1,D:\Skripsi\Experiment\data\raw\RGB2\S9\AC6\RGB2_SUB9ACT6F1.jpg,1,1,0.6422942280769348
2023,9,6,106,D:\Skripsi\Experiment\data\raw\RGB2\S9\AC6\RGB2_SUB9ACT6F106.jpg,1,1,0.7010782957077026
2024,9,6,121,D:\Skripsi\Experiment\data\raw\RGB2\S9\AC6\RGB2_SUB9ACT6F121.jpg,1,1,0.6265599727630615
2025,9,6,136,D:\Skripsi\Experiment\data\raw\RGB2\S9\AC6\RGB2_SUB9ACT6F136.jpg,1,1,0.5952876210212708
2026,9,6,16,D:\Skripsi\Experiment\data\raw\RGB2\S9\AC6\RGB2_SUB9ACT6F16.jpg,1,1,0.5502821207046509
2027,9,6,31,D:\Skripsi\Experiment\data\raw\RGB2\S9\AC6\RGB2_SUB9ACT6F31.jpg,1,1,0.5868585705757141
2028,9,6,46,D:\Skripsi\Experiment\data\raw\RGB2\S9\AC6\RGB2_SUB9ACT6F46.jpg,1,1,0.6597998142242432
2029,9,6,61,D:\Skripsi\Experiment\data\raw\RGB2\S9\AC6\RGB2_SUB9ACT6F61.jpg,1,1,0.6244940161705017
2030,9,6,76,D:\Skripsi\Experiment\data\raw\RGB2\S9\AC6\RGB2_SUB9ACT6F76.jpg,1,1,0.7671435475349426
2031,9,6,91,D:\Skripsi\Experiment\data\raw\RGB2\S9\AC6\RGB2_SUB9ACT6F91.jpg,1,1,0.6849684119224548
2032,9,7,1,D:\Skripsi\Experiment\data\raw\RGB2\S9\AC7\RGB2_SUB9ACT7F1.jpg,1,1,0.650397777557373
2033,9,7,106,D:\Skripsi\Experiment\data\raw\RGB2\S9\AC7\RGB2_SUB9ACT7F106.jpg,1,1,0.5582964420318604
2034,9,7,121,D:\Skripsi\Experiment\data\raw\RGB2\S9\AC7\RGB2_SUB9ACT7F121.jpg,1,1,0.5187693238258362
2035,9,7,136,D:\Skripsi\Experiment\data\raw\RGB2\S9\AC7\RGB2_SUB9ACT7F136.jpg,1,1,0.5026283860206604
2036,9,7,151,D:\Skripsi\Experiment\data\raw\RGB2\S9\AC7\RGB2_SUB9ACT7F151.jpg,1,1,0.5504204034805298
2037,9,7,16,D:\Skripsi\Experiment\data\raw\RGB2\S9\AC7\RGB2_SUB9ACT7F16.jpg,1,1,0.590812087059021
2038,9,7,166,D:\Skripsi\Experiment\data\raw\RGB2\S9\AC7\RGB2_SUB9ACT7F166.jpg,1,1,0.5137820839881897
2039,9,7,181,D:\Skripsi\Experiment\data\raw\RGB2\S9\AC7\RGB2_SUB9ACT7F181.jpg,1,1,0.5020559430122375
2040,9,7,196,D:\Skripsi\Experiment\data\raw\RGB2\S9\AC7\RGB2_SUB9ACT7F196.jpg,1,1,0.541072428226471
2041,9,7,31,D:\Skripsi\Experiment\data\raw\RGB2\S9\AC7\RGB2_SUB9ACT7F31.jpg,1,1,0.5791765451431274
2042,9,7,46,D:\Skripsi\Experiment\data\raw\RGB2\S9\AC7\RGB2_SUB9ACT7F46.jpg,1,1,0.591590404510498
2043,9,7,61,D:\Skripsi\Experiment\data\raw\RGB2\S9\AC7\RGB2_SUB9ACT7F61.jpg,1,0,0.42819884419441223
2044,9,7,76,D:\Skripsi\Experiment\data\raw\RGB2\S9\AC7\RGB2_SUB9ACT7F76.jpg,1,1,0.5281161665916443
2045,9,7,91,D:\Skripsi\Experiment\data\raw\RGB2\S9\AC7\RGB2_SUB9ACT7F91.jpg,1,1,0.5031312108039856
2046,9,8,1,D:\Skripsi\Experiment\data\raw\RGB2\S9\AC8\RGB2_SUB9ACT8F1.jpg,1,1,0.6967688798904419
2047,9,8,106,D:\Skripsi\Experiment\data\raw\RGB2\S9\AC8\RGB2_SUB9ACT8F106.jpg,1,1,0.6001648902893066
2048,9,8,121,D:\Skripsi\Experiment\data\raw\RGB2\S9\AC8\RGB2_SUB9ACT8F121.jpg,1,1,0.6322475075721741
2049,9,8,136,D:\Skripsi\Experiment\data\raw\RGB2\S9\AC8\RGB2_SUB9ACT8F136.jpg,1,1,0.6576701402664185
2050,9,8,16,D:\Skripsi\Experiment\data\raw\RGB2\S9\AC8\RGB2_SUB9ACT8F16.jpg,1,0,0.42376211285591125
2051,9,8,31,D:\Skripsi\Experiment\data\raw\RGB2\S9\AC8\RGB2_SUB9ACT8F31.jpg,1,0,0.4809468686580658
2052,9,8,46,D:\Skripsi\Experiment\data\raw\RGB2\S9\AC8\RGB2_SUB9ACT8F46.jpg,1,1,0.5479736924171448
2053,9,8,61,D:\Skripsi\Experiment\data\raw\RGB2\S9\AC8\RGB2_SUB9ACT8F61.jpg,1,1,0.5241593718528748
2054,9,8,76,D:\Skripsi\Experiment\data\raw\RGB2\S9\AC8\RGB2_SUB9ACT8F76.jpg,1,0,0.4937328100204468
2055,9,8,91,D:\Skripsi\Experiment\data\raw\RGB2\S9\AC8\RGB2_SUB9ACT8F91.jpg,1,0,0.4629363715648651
2056,9,9,1,D:\Skripsi\Experiment\data\raw\RGB2\S9\AC9\RGB2_SUB9ACT9F1.jpg,1,1,0.6101799607276917
2057,9,9,106,D:\Skripsi\Experiment\data\raw\RGB2\S9\AC9\RGB2_SUB9ACT9F106.jpg,1,1,0.6649750471115112
2058,9,9,121,D:\Skripsi\Experiment\data\raw\RGB2\S9\AC9\RGB2_SUB9ACT9F121.jpg,1,1,0.6823358535766602
2059,9,9,136,D:\Skripsi\Experiment\data\raw\RGB2\S9\AC9\RGB2_SUB9ACT9F136.jpg,1,1,0.7978953123092651
2060,9,9,151,D:\Skripsi\Experiment\data\raw\RGB2\S9\AC9\RGB2_SUB9ACT9F151.jpg,1,1,0.657004714012146
2061,9,9,16,D:\Skripsi\Experiment\data\raw\RGB2\S9\AC9\RGB2_SUB9ACT9F16.jpg,1,1,0.5952591300010681
2062,9,9,31,D:\Skripsi\Experiment\data\raw\RGB2\S9\AC9\RGB2_SUB9ACT9F31.jpg,1,1,0.6400535106658936
2063,9,9,46,D:\Skripsi\Experiment\data\raw\RGB2\S9\AC9\RGB2_SUB9ACT9F46.jpg,1,1,0.573066234588623
2064,9,9,61,D:\Skripsi\Experiment\data\raw\RGB2\S9\AC9\RGB2_SUB9ACT9F61.jpg,1,1,0.5673119425773621
2065,9,9,76,D:\Skripsi\Experiment\data\raw\RGB2\S9\AC9\RGB2_SUB9ACT9F76.jpg,1,1,0.6193798184394836
2066,9,9,91,D:\Skripsi\Experiment\data\raw\RGB2\S9\AC9\RGB2_SUB9ACT9F91.jpg,1,1,0.6507979035377502
