row_index,subject_id,activity_id,frame,filepath,label,prediction,prob_phone
0,12,1,1,D:\Skripsi\Experiment_TA\data\raw\RGB2\S12\AC1\RGB2_SUB12ACT1F1.jpg,0,0,0.30357083678245544
1,12,1,121,D:\Skripsi\Experiment_TA\data\raw\RGB2\S12\AC1\RGB2_SUB12ACT1F121.jpg,0,1,0.6976285576820374
2,12,1,151,D:\Skripsi\Experiment_TA\data\raw\RGB2\S12\AC1\RGB2_SUB12ACT1F151.jpg,0,0,0.4764716327190399
3,12,1,31,D:\Skripsi\Experiment_TA\data\raw\RGB2\S12\AC1\RGB2_SUB12ACT1F31.jpg,0,0,0.15472282469272614
4,12,1,61,D:\Skripsi\Experiment_TA\data\raw\RGB2\S12\AC1\RGB2_SUB12ACT1F61.jpg,0,0,0.1521708071231842
5,12,1,91,D:\Skripsi\Experiment_TA\data\raw\RGB2\S12\AC1\RGB2_SUB12ACT1F91.jpg,0,1,0.966866135597229
6,12,5,1,D:\Skripsi\Experiment_TA\data\raw\RGB2\S12\AC5\RGB2_SUB12ACT5F1.jpg,1,1,0.9800194501876831
7,12,5,121,D:\Skripsi\Experiment_TA\data\raw\RGB2\S12\AC5\RGB2_SUB12ACT5F121.jpg,1,1,0.702862024307251
8,12,5,31,D:\Skripsi\Experiment_TA\data\raw\RGB2\S12\AC5\RGB2_SUB12ACT5F31.jpg,1,1,0.8653011322021484
9,12,5,61,D:\Skripsi\Experiment_TA\data\raw\RGB2\S12\AC5\RGB2_SUB12ACT5F61.jpg,1,1,0.8054714202880859
10,12,5,91,D:\Skripsi\Experiment_TA\data\raw\RGB2\S12\AC5\RGB2_SUB12ACT5F91.jpg,1,1,0.7332911491394043
11,12,6,1,D:\Skripsi\Experiment_TA\data\raw\RGB2\S12\AC6\RGB2_SUB12ACT6F1.jpg,1,1,0.6457658410072327
12,12,6,121,D:\Skripsi\Experiment_TA\data\raw\RGB2\S12\AC6\RGB2_SUB12ACT6F121.jpg,1,1,0.5771816968917847
13,12,6,151,D:\Skripsi\Experiment_TA\data\raw\RGB2\S12\AC6\RGB2_SUB12ACT6F151.jpg,1,1,0.8482124209403992
14,12,6,181,D:\Skripsi\Experiment_TA\data\raw\RGB2\S12\AC6\RGB2_SUB12ACT6F181.jpg,1,1,0.6667904257774353
15,12,6,31,D:\Skripsi\Experiment_TA\data\raw\RGB2\S12\AC6\RGB2_SUB12ACT6F31.jpg,1,1,0.9847091436386108
16,12,6,61,D:\Skripsi\Experiment_TA\data\raw\RGB2\S12\AC6\RGB2_SUB12ACT6F61.jpg,1,0,0.12136146426200867
17,12,6,91,D:\Skripsi\Experiment_TA\data\raw\RGB2\S12\AC6\RGB2_SUB12ACT6F91.jpg,1,0,0.4953984320163727
18,12,7,1,D:\Skripsi\Experiment_TA\data\raw\RGB2\S12\AC7\RGB2_SUB12ACT7F1.jpg,1,1,0.728860080242157
19,12,7,121,D:\Skripsi\Experiment_TA\data\raw\RGB2\S12\AC7\RGB2_SUB12ACT7F121.jpg,1,1,0.7962486147880554
20,12,7,151,D:\Skripsi\Experiment_TA\data\raw\RGB2\S12\AC7\RGB2_SUB12ACT7F151.jpg,1,1,0.824835479259491
21,12,7,181,D:\Skripsi\Experiment_TA\data\raw\RGB2\S12\AC7\RGB2_SUB12ACT7F181.jpg,1,1,0.9009007215499878
22,12,7,211,D:\Skripsi\Experiment_TA\data\raw\RGB2\S12\AC7\RGB2_SUB12ACT7F211.jpg,1,1,0.7734566926956177
23,12,7,31,D:\Skripsi\Experiment_TA\data\raw\RGB2\S12\AC7\RGB2_SUB12ACT7F31.jpg,1,1,0.794895589351654
24,12,7,61,D:\Skripsi\Experiment_TA\data\raw\RGB2\S12\AC7\RGB2_SUB12ACT7F61.jpg,1,1,0.7813259959220886
25,12,7,91,D:\Skripsi\Experiment_TA\data\raw\RGB2\S12\AC7\RGB2_SUB12ACT7F91.jpg,1,1,0.8925427198410034
26,12,8,1,D:\Skripsi\Experiment_TA\data\raw\RGB2\S12\AC8\RGB2_SUB12ACT8F1.jpg,1,1,0.5910211801528931
27,12,8,121,D:\Skripsi\Experiment_TA\data\raw\RGB2\S12\AC8\RGB2_SUB12ACT8F121.jpg,1,1,0.9136515855789185
28,12,8,151,D:\Skripsi\Experiment_TA\data\raw\RGB2\S12\AC8\RGB2_SUB12ACT8F151.jpg,1,1,0.7973141670227051
29,12,8,31,D:\Skripsi\Experiment_TA\data\raw\RGB2\S12\AC8\RGB2_SUB12ACT8F31.jpg,1,1,0.6610425114631653
30,12,8,61,D:\Skripsi\Experiment_TA\data\raw\RGB2\S12\AC8\RGB2_SUB12ACT8F61.jpg,1,1,0.6399551033973694
31,12,8,91,D:\Skripsi\Experiment_TA\data\raw\RGB2\S12\AC8\RGB2_SUB12ACT8F91.jpg,1,1,0.784263014793396
32,12,9,1,D:\Skripsi\Experiment_TA\data\raw\RGB2\S12\AC9\RGB2_SUB12ACT9F1.jpg,1,1,0.8598713874816895
33,12,9,121,D:\Skripsi\Experiment_TA\data\raw\RGB2\S12\AC9\RGB2_SUB12ACT9F121.jpg,1,1,0.9147509932518005
34,12,9,151,D:\Skripsi\Experiment_TA\data\raw\RGB2\S12\AC9\RGB2_SUB12ACT9F151.jpg,1,1,0.8984524607658386
35,12,9,31,D:\Skripsi\Experiment_TA\data\raw\RGB2\S12\AC9\RGB2_SUB12ACT9F31.jpg,1,1,0.5137827396392822
36,12,9,61,D:\Skripsi\Experiment_TA\data\raw\RGB2\S12\AC9\RGB2_SUB12ACT9F61.jpg,1,1,0.8141021728515625
37,12,9,91,D:\Skripsi\Experiment_TA\data\raw\RGB2\S12\AC9\RGB2_SUB12ACT9F91.jpg,1,1,0.7082995772361755
38,13,1,1,D:\Skripsi\Experiment_TA\data\raw\RGB2\S13\AC1\RGB2_SUB13ACT1F1.jpg,0,1,0.6538349390029907
39,13,1,121,D:\Skripsi\Experiment_TA\data\raw\RGB2\S13\AC1\RGB2_SUB13ACT1F121.jpg,0,0,0.33395472168922424
40,13,1,31,D:\Skripsi\Experiment_TA\data\raw\RGB2\S13\AC1\RGB2_SUB13ACT1F31.jpg,0,0,0.26967623829841614
41,13,1,61,D:\Skripsi\Experiment_TA\data\raw\RGB2\S13\AC1\RGB2_SUB13ACT1F61.jpg,0,0,0.36594557762145996
42,13,1,91,D:\Skripsi\Experiment_TA\data\raw\RGB2\S13\AC1\RGB2_SUB13ACT1F91.jpg,0,0,0.18788792192935944
43,13,5,1,D:\Skripsi\Experiment_TA\data\raw\RGB2\S13\AC5\RGB2_SUB13ACT5F1.jpg,1,1,0.8798319101333618
44,13,5,121,D:\Skripsi\Experiment_TA\data\raw\RGB2\S13\AC5\RGB2_SUB13ACT5F121.jpg,1,1,0.963546872138977
45,13,5,31,D:\Skripsi\Experiment_TA\data\raw\RGB2\S13\AC5\RGB2_SUB13ACT5F31.jpg,1,1,0.8375071287155151
46,13,5,61,D:\Skripsi\Experiment_TA\data\raw\RGB2\S13\AC5\RGB2_SUB13ACT5F61.jpg,1,1,0.8413031101226807
47,13,5,91,D:\Skripsi\Experiment_TA\data\raw\RGB2\S13\AC5\RGB2_SUB13ACT5F91.jpg,1,1,0.926500141620636
48,13,6,1,D:\Skripsi\Experiment_TA\data\raw\RGB2\S13\AC6\RGB2_SUB13ACT6F1.jpg,1,1,0.8859526515007019
49,13,6,31,D:\Skripsi\Experiment_TA\data\raw\RGB2\S13\AC6\RGB2_SUB13ACT6F31.jpg,1,1,0.7548917531967163
50,13,6,61,D:\Skripsi\Experiment_TA\data\raw\RGB2\S13\AC6\RGB2_SUB13ACT6F61.jpg,1,1,0.8570809960365295
51,13,6,91,D:\Skripsi\Experiment_TA\data\raw\RGB2\S13\AC6\RGB2_SUB13ACT6F91.jpg,1,1,0.6691731214523315
52,13,7,1,D:\Skripsi\Experiment_TA\data\raw\RGB2\S13\AC7\RGB2_SUB13ACT7F1.jpg,1,1,0.9364508986473083
53,13,7,121,D:\Skripsi\Experiment_TA\data\raw\RGB2\S13\AC7\RGB2_SUB13ACT7F121.jpg,1,1,0.9842081665992737
54,13,7,31,D:\Skripsi\Experiment_TA\data\raw\RGB2\S13\AC7\RGB2_SUB13ACT7F31.jpg,1,1,0.9652608633041382
55,13,7,61,D:\Skripsi\Experiment_TA\data\raw\RGB2\S13\AC7\RGB2_SUB13ACT7F61.jpg,1,1,0.9300984144210815
56,13,7,91,D:\Skripsi\Experiment_TA\data\raw\RGB2\S13\AC7\RGB2_SUB13ACT7F91.jpg,1,1,0.9684462547302246
57,13,8,1,D:\Skripsi\Experiment_TA\data\raw\RGB2\S13\AC8\RGB2_SUB13ACT8F1.jpg,1,1,0.9433308243751526
58,13,8,121,D:\Skripsi\Experiment_TA\data\raw\RGB2\S13\AC8\RGB2_SUB13ACT8F121.jpg,1,1,0.9739011526107788
59,13,8,31,D:\Skripsi\Experiment_TA\data\raw\RGB2\S13\AC8\RGB2_SUB13ACT8F31.jpg,1,1,0.8114534020423889
60,13,8,61,D:\Skripsi\Experiment_TA\data\raw\RGB2\S13\AC8\RGB2_SUB13ACT8F61.jpg,1,1,0.8660780191421509
61,13,8,91,D:\Skripsi\Experiment_TA\data\raw\RGB2\S13\AC8\RGB2_SUB13ACT8F91.jpg,1,1,0.9617404341697693
62,13,9,1,D:\Skripsi\Experiment_TA\data\raw\RGB2\S13\AC9\RGB2_SUB13ACT9F1.jpg,1,1,0.8563995361328125
63,13,9,121,D:\Skripsi\Experiment_TA\data\raw\RGB2\S13\AC9\RGB2_SUB13ACT9F121.jpg,1,1,0.9635582566261292
64,13,9,151,D:\Skripsi\Experiment_TA\data\raw\RGB2\S13\AC9\RGB2_SUB13ACT9F151.jpg,1,1,0.9239204525947571
65,13,9,181,D:\Skripsi\Experiment_TA\data\raw\RGB2\S13\AC9\RGB2_SUB13ACT9F181.jpg,1,1,0.9396193623542786
66,13,9,31,D:\Skripsi\Experiment_TA\data\raw\RGB2\S13\AC9\RGB2_SUB13ACT9F31.jpg,1,1,0.9772598743438721
67,13,9,61,D:\Skripsi\Experiment_TA\data\raw\RGB2\S13\AC9\RGB2_SUB13ACT9F61.jpg,1,1,0.931998074054718
68,13,9,91,D:\Skripsi\Experiment_TA\data\raw\RGB2\S13\AC9\RGB2_SUB13ACT9F91.jpg,1,1,0.9393476843833923
69,14,1,1,D:\Skripsi\Experiment_TA\data\raw\RGB2\S14\AC1\RGB2_SUB14ACT1F1.jpg,0,0,0.46692129969596863
70,14,1,31,D:\Skripsi\Experiment_TA\data\raw\RGB2\S14\AC1\RGB2_SUB14ACT1F31.jpg,0,0,0.37573081254959106
71,14,1,61,D:\Skripsi\Experiment_TA\data\raw\RGB2\S14\AC1\RGB2_SUB14ACT1F61.jpg,0,1,0.5451949834823608
72,14,1,91,D:\Skripsi\Experiment_TA\data\raw\RGB2\S14\AC1\RGB2_SUB14ACT1F91.jpg,0,1,0.9174708724021912
73,14,5,1,D:\Skripsi\Experiment_TA\data\raw\RGB2\S14\AC5\RGB2_SUB14ACT5F1.jpg,1,0,0.4516185522079468
74,14,5,121,D:\Skripsi\Experiment_TA\data\raw\RGB2\S14\AC5\RGB2_SUB14ACT5F121.jpg,1,1,0.8089377880096436
75,14,5,31,D:\Skripsi\Experiment_TA\data\raw\RGB2\S14\AC5\RGB2_SUB14ACT5F31.jpg,1,1,0.8293952345848083
76,14,5,61,D:\Skripsi\Experiment_TA\data\raw\RGB2\S14\AC5\RGB2_SUB14ACT5F61.jpg,1,1,0.8947511911392212
77,14,5,91,D:\Skripsi\Experiment_TA\data\raw\RGB2\S14\AC5\RGB2_SUB14ACT5F91.jpg,1,1,0.842832624912262
78,14,6,1,D:\Skripsi\Experiment_TA\data\raw\RGB2\S14\AC6\RGB2_SUB14ACT6F1.jpg,1,1,0.6500293612480164
79,14,6,31,D:\Skripsi\Experiment_TA\data\raw\RGB2\S14\AC6\RGB2_SUB14ACT6F31.jpg,1,1,0.5578418970108032
80,14,6,61,D:\Skripsi\Experiment_TA\data\raw\RGB2\S14\AC6\RGB2_SUB14ACT6F61.jpg,1,1,0.9360929727554321
81,14,6,91,D:\Skripsi\Experiment_TA\data\raw\RGB2\S14\AC6\RGB2_SUB14ACT6F91.jpg,1,1,0.8990409970283508
82,14,7,1,D:\Skripsi\Experiment_TA\data\raw\RGB2\S14\AC7\RGB2_SUB14ACT7F1.jpg,1,1,0.8674421310424805
83,14,7,31,D:\Skripsi\Experiment_TA\data\raw\RGB2\S14\AC7\RGB2_SUB14ACT7F31.jpg,1,1,0.8628650903701782
84,14,7,61,D:\Skripsi\Experiment_TA\data\raw\RGB2\S14\AC7\RGB2_SUB14ACT7F61.jpg,1,1,0.7681549191474915
85,14,7,91,D:\Skripsi\Experiment_TA\data\raw\RGB2\S14\AC7\RGB2_SUB14ACT7F91.jpg,1,1,0.8958450555801392
86,14,8,1,D:\Skripsi\Experiment_TA\data\raw\RGB2\S14\AC8\RGB2_SUB14ACT8F1.jpg,1,0,0.25429460406303406
87,14,8,121,D:\Skripsi\Experiment_TA\data\raw\RGB2\S14\AC8\RGB2_SUB14ACT8F121.jpg,1,1,0.6235867738723755
88,14,8,31,D:\Skripsi\Experiment_TA\data\raw\RGB2\S14\AC8\RGB2_SUB14ACT8F31.jpg,1,0,0.3239681124687195
89,14,8,61,D:\Skripsi\Experiment_TA\data\raw\RGB2\S14\AC8\RGB2_SUB14ACT8F61.jpg,1,0,0.3213537633419037
90,14,8,91,D:\Skripsi\Experiment_TA\data\raw\RGB2\S14\AC8\RGB2_SUB14ACT8F91.jpg,1,0,0.308104544878006
91,14,9,1,D:\Skripsi\Experiment_TA\data\raw\RGB2\S14\AC9\RGB2_SUB14ACT9F1.jpg,1,1,0.9249505996704102
92,14,9,121,D:\Skripsi\Experiment_TA\data\raw\RGB2\S14\AC9\RGB2_SUB14ACT9F121.jpg,1,1,0.8616098761558533
93,14,9,31,D:\Skripsi\Experiment_TA\data\raw\RGB2\S14\AC9\RGB2_SUB14ACT9F31.jpg,1,0,0.4644164443016052
94,14,9,61,D:\Skripsi\Experiment_TA\data\raw\RGB2\S14\AC9\RGB2_SUB14ACT9F61.jpg,1,0,0.29210197925567627
95,14,9,91,D:\Skripsi\Experiment_TA\data\raw\RGB2\S14\AC9\RGB2_SUB14ACT9F91.jpg,1,1,0.8806032538414001
96,16,1,1,D:\Skripsi\Experiment_TA\data\raw\RGB2\S16\AC1\RGB2_SUB16ACT1F1.jpg,0,0,0.2589781880378723
97,16,1,121,D:\Skripsi\Experiment_TA\data\raw\RGB2\S16\AC1\RGB2_SUB16ACT1F121.jpg,0,0,0.26925742626190186
98,16,1,31,D:\Skripsi\Experiment_TA\data\raw\RGB2\S16\AC1\RGB2_SUB16ACT1F31.jpg,0,0,0.25042256712913513
99,16,1,61,D:\Skripsi\Experiment_TA\data\raw\RGB2\S16\AC1\RGB2_SUB16ACT1F61.jpg,0,0,0.24409198760986328
100,16,1,91,D:\Skripsi\Experiment_TA\data\raw\RGB2\S16\AC1\RGB2_SUB16ACT1F91.jpg,0,0,0.19587808847427368
101,16,5,1,D:\Skripsi\Experiment_TA\data\raw\RGB2\S16\AC5\RGB2_SUB16ACT5F1.jpg,1,1,0.8032682538032532
102,16,5,31,D:\Skripsi\Experiment_TA\data\raw\RGB2\S16\AC5\RGB2_SUB16ACT5F31.jpg,1,1,0.7775014042854309
103,16,5,61,D:\Skripsi\Experiment_TA\data\raw\RGB2\S16\AC5\RGB2_SUB16ACT5F61.jpg,1,1,0.827965259552002
104,16,5,91,D:\Skripsi\Experiment_TA\data\raw\RGB2\S16\AC5\RGB2_SUB16ACT5F91.jpg,1,1,0.9510334730148315
105,16,6,1,D:\Skripsi\Experiment_TA\data\raw\RGB2\S16\AC6\RGB2_SUB16ACT6F1.jpg,1,1,0.8475366830825806
106,16,6,31,D:\Skripsi\Experiment_TA\data\raw\RGB2\S16\AC6\RGB2_SUB16ACT6F31.jpg,1,1,0.7935326099395752
107,16,6,61,D:\Skripsi\Experiment_TA\data\raw\RGB2\S16\AC6\RGB2_SUB16ACT6F61.jpg,1,1,0.8378421664237976
108,16,6,91,D:\Skripsi\Experiment_TA\data\raw\RGB2\S16\AC6\RGB2_SUB16ACT6F91.jpg,1,1,0.7506044507026672
109,16,7,1,D:\Skripsi\Experiment_TA\data\raw\RGB2\S16\AC7\RGB2_SUB16ACT7F1.jpg,1,1,0.9418471455574036
110,16,7,121,D:\Skripsi\Experiment_TA\data\raw\RGB2\S16\AC7\RGB2_SUB16ACT7F121.jpg,1,0,0.448224812746048
111,16,7,31,D:\Skripsi\Experiment_TA\data\raw\RGB2\S16\AC7\RGB2_SUB16ACT7F31.jpg,1,1,0.9342206120491028
112,16,7,61,D:\Skripsi\Experiment_TA\data\raw\RGB2\S16\AC7\RGB2_SUB16ACT7F61.jpg,1,1,0.8776258230209351
113,16,7,91,D:\Skripsi\Experiment_TA\data\raw\RGB2\S16\AC7\RGB2_SUB16ACT7F91.jpg,1,1,0.9371066689491272
114,16,8,1,D:\Skripsi\Experiment_TA\data\raw\RGB2\S16\AC8\RGB2_SUB16ACT8F1.jpg,1,0,0.13099510967731476
115,16,8,121,D:\Skripsi\Experiment_TA\data\raw\RGB2\S16\AC8\RGB2_SUB16ACT8F121.jpg,1,1,0.9373636841773987
116,16,8,31,D:\Skripsi\Experiment_TA\data\raw\RGB2\S16\AC8\RGB2_SUB16ACT8F31.jpg,1,1,0.843422532081604
117,16,8,61,D:\Skripsi\Experiment_TA\data\raw\RGB2\S16\AC8\RGB2_SUB16ACT8F61.jpg,1,1,0.8900894522666931
118,16,8,91,D:\Skripsi\Experiment_TA\data\raw\RGB2\S16\AC8\RGB2_SUB16ACT8F91.jpg,1,0,0.24557305872440338
119,16,9,1,D:\Skripsi\Experiment_TA\data\raw\RGB2\S16\AC9\RGB2_SUB16ACT9F1.jpg,1,1,0.8181266188621521
120,16,9,121,D:\Skripsi\Experiment_TA\data\raw\RGB2\S16\AC9\RGB2_SUB16ACT9F121.jpg,1,1,0.9455125331878662
121,16,9,31,D:\Skripsi\Experiment_TA\data\raw\RGB2\S16\AC9\RGB2_SUB16ACT9F31.jpg,1,1,0.7415987849235535
122,16,9,61,D:\Skripsi\Experiment_TA\data\raw\RGB2\S16\AC9\RGB2_SUB16ACT9F61.jpg,1,1,0.7189964652061462
123,16,9,91,D:\Skripsi\Experiment_TA\data\raw\RGB2\S16\AC9\RGB2_SUB16ACT9F91.jpg,1,1,0.8579320311546326
124,18,1,1,D:\Skripsi\Experiment_TA\data\raw\RGB2\S18\AC1\RGB2_SUB18ACT1F1.jpg,0,0,0.16481409966945648
125,18,1,121,D:\Skripsi\Experiment_TA\data\raw\RGB2\S18\AC1\RGB2_SUB18ACT1F121.jpg,0,0,0.09756097197532654
126,18,1,31,D:\Skripsi\Experiment_TA\data\raw\RGB2\S18\AC1\RGB2_SUB18ACT1F31.jpg,0,0,0.14918167889118195
127,18,1,61,D:\Skripsi\Experiment_TA\data\raw\RGB2\S18\AC1\RGB2_SUB18ACT1F61.jpg,0,0,0.14160872995853424
128,18,1,91,D:\Skripsi\Experiment_TA\data\raw\RGB2\S18\AC1\RGB2_SUB18ACT1F91.jpg,0,0,0.14151564240455627
129,18,5,1,D:\Skripsi\Experiment_TA\data\raw\RGB2\S18\AC5\RGB2_SUB18ACT5F1.jpg,1,0,0.21740053594112396
130,18,5,121,D:\Skripsi\Experiment_TA\data\raw\RGB2\S18\AC5\RGB2_SUB18ACT5F121.jpg,1,1,0.6773804426193237
131,18,5,151,D:\Skripsi\Experiment_TA\data\raw\RGB2\S18\AC5\RGB2_SUB18ACT5F151.jpg,1,1,0.6674783825874329
132,18,5,31,D:\Skripsi\Experiment_TA\data\raw\RGB2\S18\AC5\RGB2_SUB18ACT5F31.jpg,1,1,0.7757091522216797
133,18,5,61,D:\Skripsi\Experiment_TA\data\raw\RGB2\S18\AC5\RGB2_SUB18ACT5F61.jpg,1,1,0.7227776050567627
134,18,5,91,D:\Skripsi\Experiment_TA\data\raw\RGB2\S18\AC5\RGB2_SUB18ACT5F91.jpg,1,1,0.7939521074295044
135,18,6,1,D:\Skripsi\Experiment_TA\data\raw\RGB2\S18\AC6\RGB2_SUB18ACT6F1.jpg,1,1,0.7157936692237854
136,18,6,121,D:\Skripsi\Experiment_TA\data\raw\RGB2\S18\AC6\RGB2_SUB18ACT6F121.jpg,1,1,0.6562609076499939
137,18,6,151,D:\Skripsi\Experiment_TA\data\raw\RGB2\S18\AC6\RGB2_SUB18ACT6F151.jpg,1,1,0.9559662938117981
138,18,6,31,D:\Skripsi\Experiment_TA\data\raw\RGB2\S18\AC6\RGB2_SUB18ACT6F31.jpg,1,1,0.7431477308273315
139,18,6,61,D:\Skripsi\Experiment_TA\data\raw\RGB2\S18\AC6\RGB2_SUB18ACT6F61.jpg,1,1,0.6580386161804199
140,18,6,91,D:\Skripsi\Experiment_TA\data\raw\RGB2\S18\AC6\RGB2_SUB18ACT6F91.jpg,1,1,0.698670506477356
141,18,7,1,D:\Skripsi\Experiment_TA\data\raw\RGB2\S18\AC7\RGB2_SUB18ACT7F1.jpg,1,1,0.8971596956253052
142,18,7,121,D:\Skripsi\Experiment_TA\data\raw\RGB2\S18\AC7\RGB2_SUB18ACT7F121.jpg,1,1,0.8034990429878235
143,18,7,151,D:\Skripsi\Experiment_TA\data\raw\RGB2\S18\AC7\RGB2_SUB18ACT7F151.jpg,1,1,0.858986496925354
144,18,7,181,D:\Skripsi\Experiment_TA\data\raw\RGB2\S18\AC7\RGB2_SUB18ACT7F181.jpg,1,1,0.974723756313324
145,18,7,31,D:\Skripsi\Experiment_TA\data\raw\RGB2\S18\AC7\RGB2_SUB18ACT7F31.jpg,1,1,0.9518121480941772
146,18,7,61,D:\Skripsi\Experiment_TA\data\raw\RGB2\S18\AC7\RGB2_SUB18ACT7F61.jpg,1,1,0.9136162400245667
147,18,7,91,D:\Skripsi\Experiment_TA\data\raw\RGB2\S18\AC7\RGB2_SUB18ACT7F91.jpg,1,1,0.9551096558570862
148,18,8,1,D:\Skripsi\Experiment_TA\data\raw\RGB2\S18\AC8\RGB2_SUB18ACT8F1.jpg,1,1,0.6903218626976013
149,18,8,121,D:\Skripsi\Experiment_TA\data\raw\RGB2\S18\AC8\RGB2_SUB18ACT8F121.jpg,1,1,0.6462532877922058
150,18,8,151,D:\Skripsi\Experiment_TA\data\raw\RGB2\S18\AC8\RGB2_SUB18ACT8F151.jpg,1,1,0.649450421333313
151,18,8,181,D:\Skripsi\Experiment_TA\data\raw\RGB2\S18\AC8\RGB2_SUB18ACT8F181.jpg,1,1,0.6795147061347961
152,18,8,211,D:\Skripsi\Experiment_TA\data\raw\RGB2\S18\AC8\RGB2_SUB18ACT8F211.jpg,1,1,0.6555080413818359
153,18,8,31,D:\Skripsi\Experiment_TA\data\raw\RGB2\S18\AC8\RGB2_SUB18ACT8F31.jpg,1,1,0.5815641283988953
154,18,8,61,D:\Skripsi\Experiment_TA\data\raw\RGB2\S18\AC8\RGB2_SUB18ACT8F61.jpg,1,0,0.48509377241134644
155,18,8,91,D:\Skripsi\Experiment_TA\data\raw\RGB2\S18\AC8\RGB2_SUB18ACT8F91.jpg,1,1,0.8219784498214722
156,18,9,1,D:\Skripsi\Experiment_TA\data\raw\RGB2\S18\AC9\RGB2_SUB18ACT9F1.jpg,1,0,0.4068341851234436
157,18,9,121,D:\Skripsi\Experiment_TA\data\raw\RGB2\S18\AC9\RGB2_SUB18ACT9F121.jpg,1,1,0.8893898725509644
158,18,9,151,D:\Skripsi\Experiment_TA\data\raw\RGB2\S18\AC9\RGB2_SUB18ACT9F151.jpg,1,1,0.8734877705574036
159,18,9,31,D:\Skripsi\Experiment_TA\data\raw\RGB2\S18\AC9\RGB2_SUB18ACT9F31.jpg,1,1,0.7581311464309692
160,18,9,61,D:\Skripsi\Experiment_TA\data\raw\RGB2\S18\AC9\RGB2_SUB18ACT9F61.jpg,1,1,0.8935907483100891
161,18,9,91,D:\Skripsi\Experiment_TA\data\raw\RGB2\S18\AC9\RGB2_SUB18ACT9F91.jpg,1,1,0.9561326503753662
162,19,1,1,D:\Skripsi\Experiment_TA\data\raw\RGB2\S19\AC1\RGB2_SUB19ACT1F1.jpg,0,0,0.24718528985977173
163,19,1,121,D:\Skripsi\Experiment_TA\data\raw\RGB2\S19\AC1\RGB2_SUB19ACT1F121.jpg,0,0,0.2698787450790405
164,19,1,31,D:\Skripsi\Experiment_TA\data\raw\RGB2\S19\AC1\RGB2_SUB19ACT1F31.jpg,0,0,0.29538270831108093
165,19,1,61,D:\Skripsi\Experiment_TA\data\raw\RGB2\S19\AC1\RGB2_SUB19ACT1F61.jpg,0,0,0.1690172404050827
166,19,1,91,D:\Skripsi\Experiment_TA\data\raw\RGB2\S19\AC1\RGB2_SUB19ACT1F91.jpg,0,1,0.7703614234924316
167,19,5,1,D:\Skripsi\Experiment_TA\data\raw\RGB2\S19\AC5\RGB2_SUB19ACT5F1.jpg,1,1,0.6788798570632935
168,19,5,31,D:\Skripsi\Experiment_TA\data\raw\RGB2\S19\AC5\RGB2_SUB19ACT5F31.jpg,1,1,0.9670625329017639
169,19,5,61,D:\Skripsi\Experiment_TA\data\raw\RGB2\S19\AC5\RGB2_SUB19ACT5F61.jpg,1,1,0.8471856713294983
170,19,5,91,D:\Skripsi\Experiment_TA\data\raw\RGB2\S19\AC5\RGB2_SUB19ACT5F91.jpg,1,1,0.903907835483551
171,19,6,1,D:\Skripsi\Experiment_TA\data\raw\RGB2\S19\AC6\RGB2_SUB19ACT6F1.jpg,1,0,0.23581720888614655
172,19,6,121,D:\Skripsi\Experiment_TA\data\raw\RGB2\S19\AC6\RGB2_SUB19ACT6F121.jpg,1,0,0.4022495150566101
173,19,6,31,D:\Skripsi\Experiment_TA\data\raw\RGB2\S19\AC6\RGB2_SUB19ACT6F31.jpg,1,1,0.8424648642539978
174,19,6,61,D:\Skripsi\Experiment_TA\data\raw\RGB2\S19\AC6\RGB2_SUB19ACT6F61.jpg,1,0,0.36544978618621826
175,19,6,91,D:\Skripsi\Experiment_TA\data\raw\RGB2\S19\AC6\RGB2_SUB19ACT6F91.jpg,1,1,0.5765779614448547
176,19,7,1,D:\Skripsi\Experiment_TA\data\raw\RGB2\S19\AC7\RGB2_SUB19ACT7F1.jpg,1,1,0.7030735611915588
177,19,7,121,D:\Skripsi\Experiment_TA\data\raw\RGB2\S19\AC7\RGB2_SUB19ACT7F121.jpg,1,1,0.8693626523017883
178,19,7,31,D:\Skripsi\Experiment_TA\data\raw\RGB2\S19\AC7\RGB2_SUB19ACT7F31.jpg,1,1,0.9422001838684082
179,19,7,61,D:\Skripsi\Experiment_TA\data\raw\RGB2\S19\AC7\RGB2_SUB19ACT7F61.jpg,1,1,0.9261510968208313
180,19,7,91,D:\Skripsi\Experiment_TA\data\raw\RGB2\S19\AC7\RGB2_SUB19ACT7F91.jpg,1,1,0.7840093970298767
181,19,8,1,D:\Skripsi\Experiment_TA\data\raw\RGB2\S19\AC8\RGB2_SUB19ACT8F1.jpg,1,1,0.7671661376953125
182,19,8,121,D:\Skripsi\Experiment_TA\data\raw\RGB2\S19\AC8\RGB2_SUB19ACT8F121.jpg,1,1,0.8778303265571594
183,19,8,151,D:\Skripsi\Experiment_TA\data\raw\RGB2\S19\AC8\RGB2_SUB19ACT8F151.jpg,1,1,0.850435733795166
184,19,8,31,D:\Skripsi\Experiment_TA\data\raw\RGB2\S19\AC8\RGB2_SUB19ACT8F31.jpg,1,1,0.6644924879074097
185,19,8,61,D:\Skripsi\Experiment_TA\data\raw\RGB2\S19\AC8\RGB2_SUB19ACT8F61.jpg,1,1,0.8235244750976562
186,19,8,91,D:\Skripsi\Experiment_TA\data\raw\RGB2\S19\AC8\RGB2_SUB19ACT8F91.jpg,1,1,0.7792488932609558
187,19,9,1,D:\Skripsi\Experiment_TA\data\raw\RGB2\S19\AC9\RGB2_SUB19ACT9F1.jpg,1,0,0.41146522760391235
188,19,9,31,D:\Skripsi\Experiment_TA\data\raw\RGB2\S19\AC9\RGB2_SUB19ACT9F31.jpg,1,1,0.9142102003097534
189,19,9,61,D:\Skripsi\Experiment_TA\data\raw\RGB2\S19\AC9\RGB2_SUB19ACT9F61.jpg,1,1,0.7299417853355408
190,19,9,91,D:\Skripsi\Experiment_TA\data\raw\RGB2\S19\AC9\RGB2_SUB19ACT9F91.jpg,1,1,0.8524279594421387
191,23,1,1,D:\Skripsi\Experiment_TA\data\raw\RGB2\S23\AC1\RGB2_SUB23ACT1F1.jpg,0,0,0.2519751787185669
192,23,1,121,D:\Skripsi\Experiment_TA\data\raw\RGB2\S23\AC1\RGB2_SUB23ACT1F121.jpg,0,0,0.4965932071208954
193,23,1,31,D:\Skripsi\Experiment_TA\data\raw\RGB2\S23\AC1\RGB2_SUB23ACT1F31.jpg,0,1,0.5125643610954285
194,23,1,61,D:\Skripsi\Experiment_TA\data\raw\RGB2\S23\AC1\RGB2_SUB23ACT1F61.jpg,0,0,0.3286929428577423
195,23,1,91,D:\Skripsi\Experiment_TA\data\raw\RGB2\S23\AC1\RGB2_SUB23ACT1F91.jpg,0,1,0.5162956118583679
196,23,5,1,D:\Skripsi\Experiment_TA\data\raw\RGB2\S23\AC5\RGB2_SUB23ACT5F1.jpg,1,1,0.9795796871185303
197,23,5,121,D:\Skripsi\Experiment_TA\data\raw\RGB2\S23\AC5\RGB2_SUB23ACT5F121.jpg,1,1,0.9602487087249756
198,23,5,31,D:\Skripsi\Experiment_TA\data\raw\RGB2\S23\AC5\RGB2_SUB23ACT5F31.jpg,1,1,0.7227858901023865
199,23,5,61,D:\Skripsi\Experiment_TA\data\raw\RGB2\S23\AC5\RGB2_SUB23ACT5F61.jpg,1,1,0.8872052431106567
200,23,5,91,D:\Skripsi\Experiment_TA\data\raw\RGB2\S23\AC5\RGB2_SUB23ACT5F91.jpg,1,1,0.8935914635658264
201,23,6,1,D:\Skripsi\Experiment_TA\data\raw\RGB2\S23\AC6\RGB2_SUB23ACT6F1.jpg,1,1,0.9453336596488953
202,23,6,121,D:\Skripsi\Experiment_TA\data\raw\RGB2\S23\AC6\RGB2_SUB23ACT6F121.jpg,1,1,0.9552231431007385
203,23,6,31,D:\Skripsi\Experiment_TA\data\raw\RGB2\S23\AC6\RGB2_SUB23ACT6F31.jpg,1,1,0.8245528340339661
204,23,6,61,D:\Skripsi\Experiment_TA\data\raw\RGB2\S23\AC6\RGB2_SUB23ACT6F61.jpg,1,1,0.9083791375160217
205,23,6,91,D:\Skripsi\Experiment_TA\data\raw\RGB2\S23\AC6\RGB2_SUB23ACT6F91.jpg,1,1,0.8033766150474548
206,23,7,1,D:\Skripsi\Experiment_TA\data\raw\RGB2\S23\AC7\RGB2_SUB23ACT7F1.jpg,1,1,0.7076144814491272
207,23,7,121,D:\Skripsi\Experiment_TA\data\raw\RGB2\S23\AC7\RGB2_SUB23ACT7F121.jpg,1,1,0.9140405654907227
208,23,7,31,D:\Skripsi\Experiment_TA\data\raw\RGB2\S23\AC7\RGB2_SUB23ACT7F31.jpg,1,1,0.923875629901886
209,23,7,61,D:\Skripsi\Experiment_TA\data\raw\RGB2\S23\AC7\RGB2_SUB23ACT7F61.jpg,1,1,0.95891934633255
210,23,7,91,D:\Skripsi\Experiment_TA\data\raw\RGB2\S23\AC7\RGB2_SUB23ACT7F91.jpg,1,1,0.9539698362350464
211,23,8,1,D:\Skripsi\Experiment_TA\data\raw\RGB2\S23\AC8\RGB2_SUB23ACT8F1.jpg,1,1,0.9203169345855713
212,23,8,121,D:\Skripsi\Experiment_TA\data\raw\RGB2\S23\AC8\RGB2_SUB23ACT8F121.jpg,1,1,0.9719708561897278
213,23,8,31,D:\Skripsi\Experiment_TA\data\raw\RGB2\S23\AC8\RGB2_SUB23ACT8F31.jpg,1,1,0.7988418340682983
214,23,8,61,D:\Skripsi\Experiment_TA\data\raw\RGB2\S23\AC8\RGB2_SUB23ACT8F61.jpg,1,1,0.9475237727165222
215,23,8,91,D:\Skripsi\Experiment_TA\data\raw\RGB2\S23\AC8\RGB2_SUB23ACT8F91.jpg,1,1,0.8837106227874756
216,23,9,1,D:\Skripsi\Experiment_TA\data\raw\RGB2\S23\AC9\RGB2_SUB23ACT9F1.jpg,1,1,0.7472662925720215
217,23,9,121,D:\Skripsi\Experiment_TA\data\raw\RGB2\S23\AC9\RGB2_SUB23ACT9F121.jpg,1,1,0.912148654460907
218,23,9,31,D:\Skripsi\Experiment_TA\data\raw\RGB2\S23\AC9\RGB2_SUB23ACT9F31.jpg,1,1,0.9382225275039673
219,23,9,61,D:\Skripsi\Experiment_TA\data\raw\RGB2\S23\AC9\RGB2_SUB23ACT9F61.jpg,1,1,0.9488707780838013
220,23,9,91,D:\Skripsi\Experiment_TA\data\raw\RGB2\S23\AC9\RGB2_SUB23ACT9F91.jpg,1,1,0.8495000004768372
221,24,1,1,D:\Skripsi\Experiment_TA\data\raw\RGB2\S24\AC1\RGB2_SUB24ACT1F1.jpg,0,0,0.35956448316574097
222,24,1,31,D:\Skripsi\Experiment_TA\data\raw\RGB2\S24\AC1\RGB2_SUB24ACT1F31.jpg,0,1,0.6449426412582397
223,24,1,61,D:\Skripsi\Experiment_TA\data\raw\RGB2\S24\AC1\RGB2_SUB24ACT1F61.jpg,0,0,0.1433112472295761
224,24,1,91,D:\Skripsi\Experiment_TA\data\raw\RGB2\S24\AC1\RGB2_SUB24ACT1F91.jpg,0,0,0.35975736379623413
225,24,5,1,D:\Skripsi\Experiment_TA\data\raw\RGB2\S24\AC5\RGB2_SUB24ACT5F1.jpg,1,1,0.8050398826599121
226,24,5,31,D:\Skripsi\Experiment_TA\data\raw\RGB2\S24\AC5\RGB2_SUB24ACT5F31.jpg,1,1,0.7584026455879211
227,24,5,61,D:\Skripsi\Experiment_TA\data\raw\RGB2\S24\AC5\RGB2_SUB24ACT5F61.jpg,1,1,0.5626305937767029
228,24,5,91,D:\Skripsi\Experiment_TA\data\raw\RGB2\S24\AC5\RGB2_SUB24ACT5F91.jpg,1,0,0.39719220995903015
229,24,6,1,D:\Skripsi\Experiment_TA\data\raw\RGB2\S24\AC6\RGB2_SUB24ACT6F1.jpg,1,1,0.8758373260498047
230,24,6,31,D:\Skripsi\Experiment_TA\data\raw\RGB2\S24\AC6\RGB2_SUB24ACT6F31.jpg,1,1,0.9149995446205139
231,24,6,61,D:\Skripsi\Experiment_TA\data\raw\RGB2\S24\AC6\RGB2_SUB24ACT6F61.jpg,1,1,0.9221519827842712
232,24,6,91,D:\Skripsi\Experiment_TA\data\raw\RGB2\S24\AC6\RGB2_SUB24ACT6F91.jpg,1,1,0.8979691863059998
233,24,7,1,D:\Skripsi\Experiment_TA\data\raw\RGB2\S24\AC7\RGB2_SUB24ACT7F1.jpg,1,1,0.8900430798530579
234,24,7,121,D:\Skripsi\Experiment_TA\data\raw\RGB2\S24\AC7\RGB2_SUB24ACT7F121.jpg,1,1,0.7948254346847534
235,24,7,151,D:\Skripsi\Experiment_TA\data\raw\RGB2\S24\AC7\RGB2_SUB24ACT7F151.jpg,1,1,0.8687095642089844
236,24,7,31,D:\Skripsi\Experiment_TA\data\raw\RGB2\S24\AC7\RGB2_SUB24ACT7F31.jpg,1,1,0.8216310143470764
237,24,7,61,D:\Skripsi\Experiment_TA\data\raw\RGB2\S24\AC7\RGB2_SUB24ACT7F61.jpg,1,1,0.8253418803215027
238,24,7,91,D:\Skripsi\Experiment_TA\data\raw\RGB2\S24\AC7\RGB2_SUB24ACT7F91.jpg,1,1,0.8522721529006958
239,24,8,1,D:\Skripsi\Experiment_TA\data\raw\RGB2\S24\AC8\RGB2_SUB24ACT8F1.jpg,1,1,0.8591126799583435
240,24,8,121,D:\Skripsi\Experiment_TA\data\raw\RGB2\S24\AC8\RGB2_SUB24ACT8F121.jpg,1,1,0.8272802233695984
241,24,8,151,D:\Skripsi\Experiment_TA\data\raw\RGB2\S24\AC8\RGB2_SUB24ACT8F151.jpg,1,1,0.8323115110397339
242,24,8,31,D:\Skripsi\Experiment_TA\data\raw\RGB2\S24\AC8\RGB2_SUB24ACT8F31.jpg,1,1,0.9261466860771179
243,24,8,61,D:\Skripsi\Experiment_TA\data\raw\RGB2\S24\AC8\RGB2_SUB24ACT8F61.jpg,1,1,0.9425368309020996
244,24,8,91,D:\Skripsi\Experiment_TA\data\raw\RGB2\S24\AC8\RGB2_SUB24ACT8F91.jpg,1,1,0.9374227523803711
245,24,9,1,D:\Skripsi\Experiment_TA\data\raw\RGB2\S24\AC9\RGB2_SUB24ACT9F1.jpg,1,1,0.5429608225822449
246,24,9,121,D:\Skripsi\Experiment_TA\data\raw\RGB2\S24\AC9\RGB2_SUB24ACT9F121.jpg,1,1,0.7911577224731445
247,24,9,31,D:\Skripsi\Experiment_TA\data\raw\RGB2\S24\AC9\RGB2_SUB24ACT9F31.jpg,1,1,0.8499190211296082
248,24,9,61,D:\Skripsi\Experiment_TA\data\raw\RGB2\S24\AC9\RGB2_SUB24ACT9F61.jpg,1,1,0.8229212164878845
249,24,9,91,D:\Skripsi\Experiment_TA\data\raw\RGB2\S24\AC9\RGB2_SUB24ACT9F91.jpg,1,1,0.9608709216117859
250,25,1,1,D:\Skripsi\Experiment_TA\data\raw\RGB2\S25\AC1\RGB2_SUB25ACT1F1.jpg,0,0,0.19698406755924225
251,25,1,121,D:\Skripsi\Experiment_TA\data\raw\RGB2\S25\AC1\RGB2_SUB25ACT1F121.jpg,0,0,0.44946327805519104
252,25,1,31,D:\Skripsi\Experiment_TA\data\raw\RGB2\S25\AC1\RGB2_SUB25ACT1F31.jpg,0,1,0.9001908898353577
253,25,1,61,D:\Skripsi\Experiment_TA\data\raw\RGB2\S25\AC1\RGB2_SUB25ACT1F61.jpg,0,0,0.3488362729549408
254,25,1,91,D:\Skripsi\Experiment_TA\data\raw\RGB2\S25\AC1\RGB2_SUB25ACT1F91.jpg,0,0,0.4088580906391144
255,25,5,1,D:\Skripsi\Experiment_TA\data\raw\RGB2\S25\AC5\RGB2_SUB25ACT5F1.jpg,1,1,0.8675618171691895
256,25,5,121,D:\Skripsi\Experiment_TA\data\raw\RGB2\S25\AC5\RGB2_SUB25ACT5F121.jpg,1,1,0.8764992356300354
257,25,5,31,D:\Skripsi\Experiment_TA\data\raw\RGB2\S25\AC5\RGB2_SUB25ACT5F31.jpg,1,1,0.8551769852638245
258,25,5,61,D:\Skripsi\Experiment_TA\data\raw\RGB2\S25\AC5\RGB2_SUB25ACT5F61.jpg,1,1,0.956917405128479
259,25,5,91,D:\Skripsi\Experiment_TA\data\raw\RGB2\S25\AC5\RGB2_SUB25ACT5F91.jpg,1,0,0.3727499544620514
260,25,6,1,D:\Skripsi\Experiment_TA\data\raw\RGB2\S25\AC6\RGB2_SUB25ACT6F1.jpg,1,1,0.9742154479026794
261,25,6,31,D:\Skripsi\Experiment_TA\data\raw\RGB2\S25\AC6\RGB2_SUB25ACT6F31.jpg,1,1,0.9664032459259033
262,25,6,61,D:\Skripsi\Experiment_TA\data\raw\RGB2\S25\AC6\RGB2_SUB25ACT6F61.jpg,1,1,0.7339959144592285
263,25,6,91,D:\Skripsi\Experiment_TA\data\raw\RGB2\S25\AC6\RGB2_SUB25ACT6F91.jpg,1,1,0.9660698771476746
264,25,7,1,D:\Skripsi\Experiment_TA\data\raw\RGB2\S25\AC7\RGB2_SUB25ACT7F1.jpg,1,1,0.823367714881897
265,25,7,31,D:\Skripsi\Experiment_TA\data\raw\RGB2\S25\AC7\RGB2_SUB25ACT7F31.jpg,1,1,0.9529367685317993
266,25,7,61,D:\Skripsi\Experiment_TA\data\raw\RGB2\S25\AC7\RGB2_SUB25ACT7F61.jpg,1,1,0.9463093876838684
267,25,8,1,D:\Skripsi\Experiment_TA\data\raw\RGB2\S25\AC8\RGB2_SUB25ACT8F1.jpg,1,1,0.6948811411857605
268,25,8,31,D:\Skripsi\Experiment_TA\data\raw\RGB2\S25\AC8\RGB2_SUB25ACT8F31.jpg,1,1,0.8516272902488708
269,25,8,61,D:\Skripsi\Experiment_TA\data\raw\RGB2\S25\AC8\RGB2_SUB25ACT8F61.jpg,1,1,0.9554327726364136
270,25,8,91,D:\Skripsi\Experiment_TA\data\raw\RGB2\S25\AC8\RGB2_SUB25ACT8F91.jpg,1,1,0.8865270614624023
271,25,9,1,D:\Skripsi\Experiment_TA\data\raw\RGB2\S25\AC9\RGB2_SUB25ACT9F1.jpg,1,1,0.9614439606666565
272,25,9,31,D:\Skripsi\Experiment_TA\data\raw\RGB2\S25\AC9\RGB2_SUB25ACT9F31.jpg,1,1,0.9550639986991882
273,25,9,61,D:\Skripsi\Experiment_TA\data\raw\RGB2\S25\AC9\RGB2_SUB25ACT9F61.jpg,1,1,0.7924411296844482
274,26,1,1,D:\Skripsi\Experiment_TA\data\raw\RGB2\S26\AC1\RGB2_SUB26ACT1F1.jpg,0,0,0.11887171864509583
275,26,1,31,D:\Skripsi\Experiment_TA\data\raw\RGB2\S26\AC1\RGB2_SUB26ACT1F31.jpg,0,0,0.1343817412853241
276,26,1,61,D:\Skripsi\Experiment_TA\data\raw\RGB2\S26\AC1\RGB2_SUB26ACT1F61.jpg,0,0,0.11389211565256119
277,26,1,91,D:\Skripsi\Experiment_TA\data\raw\RGB2\S26\AC1\RGB2_SUB26ACT1F91.jpg,0,0,0.13111428916454315
278,26,5,1,D:\Skripsi\Experiment_TA\data\raw\RGB2\S26\AC5\RGB2_SUB26ACT5F1.jpg,1,1,0.9229164123535156
279,26,5,31,D:\Skripsi\Experiment_TA\data\raw\RGB2\S26\AC5\RGB2_SUB26ACT5F31.jpg,1,1,0.7146589159965515
280,26,5,61,D:\Skripsi\Experiment_TA\data\raw\RGB2\S26\AC5\RGB2_SUB26ACT5F61.jpg,1,1,0.6067824363708496
281,26,6,1,D:\Skripsi\Experiment_TA\data\raw\RGB2\S26\AC6\RGB2_SUB26ACT6F1.jpg,1,0,0.41652196645736694
282,26,6,31,D:\Skripsi\Experiment_TA\data\raw\RGB2\S26\AC6\RGB2_SUB26ACT6F31.jpg,1,1,0.9309843182563782
283,26,6,61,D:\Skripsi\Experiment_TA\data\raw\RGB2\S26\AC6\RGB2_SUB26ACT6F61.jpg,1,1,0.9676791429519653
284,26,6,91,D:\Skripsi\Experiment_TA\data\raw\RGB2\S26\AC6\RGB2_SUB26ACT6F91.jpg,1,1,0.8427296280860901
285,26,7,1,D:\Skripsi\Experiment_TA\data\raw\RGB2\S26\AC7\RGB2_SUB26ACT7F1.jpg,1,1,0.9691429734230042
286,26,7,121,D:\Skripsi\Experiment_TA\data\raw\RGB2\S26\AC7\RGB2_SUB26ACT7F121.jpg,1,1,0.95139080286026
287,26,7,151,D:\Skripsi\Experiment_TA\data\raw\RGB2\S26\AC7\RGB2_SUB26ACT7F151.jpg,1,1,0.9746975898742676
288,26,7,31,D:\Skripsi\Experiment_TA\data\raw\RGB2\S26\AC7\RGB2_SUB26ACT7F31.jpg,1,1,0.9473239779472351
289,26,7,61,D:\Skripsi\Experiment_TA\data\raw\RGB2\S26\AC7\RGB2_SUB26ACT7F61.jpg,1,1,0.9906406402587891
290,26,7,91,D:\Skripsi\Experiment_TA\data\raw\RGB2\S26\AC7\RGB2_SUB26ACT7F91.jpg,1,1,0.9868308305740356
291,26,8,1,D:\Skripsi\Experiment_TA\data\raw\RGB2\S26\AC8\RGB2_SUB26ACT8F1.jpg,1,0,0.3016512393951416
292,26,8,31,D:\Skripsi\Experiment_TA\data\raw\RGB2\S26\AC8\RGB2_SUB26ACT8F31.jpg,1,1,0.7982568740844727
293,26,8,61,D:\Skripsi\Experiment_TA\data\raw\RGB2\S26\AC8\RGB2_SUB26ACT8F61.jpg,1,1,0.6363930702209473
294,26,8,91,D:\Skripsi\Experiment_TA\data\raw\RGB2\S26\AC8\RGB2_SUB26ACT8F91.jpg,1,1,0.6271980404853821
295,26,9,1,D:\Skripsi\Experiment_TA\data\raw\RGB2\S26\AC9\RGB2_SUB26ACT9F1.jpg,1,1,0.9691963791847229
296,26,9,121,D:\Skripsi\Experiment_TA\data\raw\RGB2\S26\AC9\RGB2_SUB26ACT9F121.jpg,1,1,0.8830322027206421
297,26,9,31,D:\Skripsi\Experiment_TA\data\raw\RGB2\S26\AC9\RGB2_SUB26ACT9F31.jpg,1,1,0.9474594593048096
298,26,9,61,D:\Skripsi\Experiment_TA\data\raw\RGB2\S26\AC9\RGB2_SUB26ACT9F61.jpg,1,1,0.8409732580184937
299,26,9,91,D:\Skripsi\Experiment_TA\data\raw\RGB2\S26\AC9\RGB2_SUB26ACT9F91.jpg,1,1,0.87537682056427
300,28,1,1,D:\Skripsi\Experiment_TA\data\raw\RGB2\S28\AC1\RGB2_SUB28ACT1F1.jpg,0,0,0.4916948974132538
301,28,1,121,D:\Skripsi\Experiment_TA\data\raw\RGB2\S28\AC1\RGB2_SUB28ACT1F121.jpg,0,1,0.7912940382957458
302,28,1,31,D:\Skripsi\Experiment_TA\data\raw\RGB2\S28\AC1\RGB2_SUB28ACT1F31.jpg,0,0,0.1784943789243698
303,28,1,61,D:\Skripsi\Experiment_TA\data\raw\RGB2\S28\AC1\RGB2_SUB28ACT1F61.jpg,0,0,0.19663289189338684
304,28,1,91,D:\Skripsi\Experiment_TA\data\raw\RGB2\S28\AC1\RGB2_SUB28ACT1F91.jpg,0,0,0.16490504145622253
305,28,5,1,D:\Skripsi\Experiment_TA\data\raw\RGB2\S28\AC5\RGB2_SUB28ACT5F1.jpg,1,1,0.9031921029090881
306,28,5,121,D:\Skripsi\Experiment_TA\data\raw\RGB2\S28\AC5\RGB2_SUB28ACT5F121.jpg,1,1,0.8620314002037048
307,28,5,151,D:\Skripsi\Experiment_TA\data\raw\RGB2\S28\AC5\RGB2_SUB28ACT5F151.jpg,1,1,0.7090798616409302
308,28,5,31,D:\Skripsi\Experiment_TA\data\raw\RGB2\S28\AC5\RGB2_SUB28ACT5F31.jpg,1,1,0.9345366954803467
309,28,5,61,D:\Skripsi\Experiment_TA\data\raw\RGB2\S28\AC5\RGB2_SUB28ACT5F61.jpg,1,1,0.6542973518371582
310,28,5,91,D:\Skripsi\Experiment_TA\data\raw\RGB2\S28\AC5\RGB2_SUB28ACT5F91.jpg,1,1,0.6713874936103821
311,28,6,1,D:\Skripsi\Experiment_TA\data\raw\RGB2\S28\AC6\RGB2_SUB28ACT6F1.jpg,1,1,0.8809550404548645
312,28,6,31,D:\Skripsi\Experiment_TA\data\raw\RGB2\S28\AC6\RGB2_SUB28ACT6F31.jpg,1,1,0.881386399269104
313,28,6,61,D:\Skripsi\Experiment_TA\data\raw\RGB2\S28\AC6\RGB2_SUB28ACT6F61.jpg,1,0,0.4254377782344818
314,28,6,91,D:\Skripsi\Experiment_TA\data\raw\RGB2\S28\AC6\RGB2_SUB28ACT6F91.jpg,1,1,0.5548286437988281
315,28,7,1,D:\Skripsi\Experiment_TA\data\raw\RGB2\S28\AC7\RGB2_SUB28ACT7F1.jpg,1,1,0.8187081217765808
316,28,7,121,D:\Skripsi\Experiment_TA\data\raw\RGB2\S28\AC7\RGB2_SUB28ACT7F121.jpg,1,1,0.9476522207260132
317,28,7,151,D:\Skripsi\Experiment_TA\data\raw\RGB2\S28\AC7\RGB2_SUB28ACT7F151.jpg,1,1,0.9724289774894714
318,28,7,31,D:\Skripsi\Experiment_TA\data\raw\RGB2\S28\AC7\RGB2_SUB28ACT7F31.jpg,1,1,0.975601851940155
319,28,7,61,D:\Skripsi\Experiment_TA\data\raw\RGB2\S28\AC7\RGB2_SUB28ACT7F61.jpg,1,1,0.9732248187065125
320,28,7,91,D:\Skripsi\Experiment_TA\data\raw\RGB2\S28\AC7\RGB2_SUB28ACT7F91.jpg,1,1,0.9572334289550781
321,28,8,1,D:\Skripsi\Experiment_TA\data\raw\RGB2\S28\AC8\RGB2_SUB28ACT8F1.jpg,1,1,0.9713765978813171
322,28,8,31,D:\Skripsi\Experiment_TA\data\raw\RGB2\S28\AC8\RGB2_SUB28ACT8F31.jpg,1,1,0.8776474595069885
323,28,8,61,D:\Skripsi\Experiment_TA\data\raw\RGB2\S28\AC8\RGB2_SUB28ACT8F61.jpg,1,1,0.7984713912010193
324,28,8,91,D:\Skripsi\Experiment_TA\data\raw\RGB2\S28\AC8\RGB2_SUB28ACT8F91.jpg,1,1,0.903323769569397
325,28,9,1,D:\Skripsi\Experiment_TA\data\raw\RGB2\S28\AC9\RGB2_SUB28ACT9F1.jpg,1,1,0.9448292851448059
326,28,9,121,D:\Skripsi\Experiment_TA\data\raw\RGB2\S28\AC9\RGB2_SUB28ACT9F121.jpg,1,1,0.9770934581756592
327,28,9,151,D:\Skripsi\Experiment_TA\data\raw\RGB2\S28\AC9\RGB2_SUB28ACT9F151.jpg,1,1,0.8232052326202393
328,28,9,31,D:\Skripsi\Experiment_TA\data\raw\RGB2\S28\AC9\RGB2_SUB28ACT9F31.jpg,1,1,0.8778972029685974
329,28,9,61,D:\Skripsi\Experiment_TA\data\raw\RGB2\S28\AC9\RGB2_SUB28ACT9F61.jpg,1,1,0.8488121032714844
330,28,9,91,D:\Skripsi\Experiment_TA\data\raw\RGB2\S28\AC9\RGB2_SUB28ACT9F91.jpg,1,1,0.9035168290138245
331,29,1,1,D:\Skripsi\Experiment_TA\data\raw\RGB2\S29\AC1\RGB2_SUB29ACT1F1.jpg,0,1,0.6611201763153076
332,29,1,121,D:\Skripsi\Experiment_TA\data\raw\RGB2\S29\AC1\RGB2_SUB29ACT1F121.jpg,0,1,0.5990142822265625
333,29,1,31,D:\Skripsi\Experiment_TA\data\raw\RGB2\S29\AC1\RGB2_SUB29ACT1F31.jpg,0,1,0.8971984386444092
334,29,1,61,D:\Skripsi\Experiment_TA\data\raw\RGB2\S29\AC1\RGB2_SUB29ACT1F61.jpg,0,0,0.3948538601398468
335,29,1,91,D:\Skripsi\Experiment_TA\data\raw\RGB2\S29\AC1\RGB2_SUB29ACT1F91.jpg,0,1,0.655204713344574
336,29,5,1,D:\Skripsi\Experiment_TA\data\raw\RGB2\S29\AC5\RGB2_SUB29ACT5F1.jpg,1,1,0.9881924986839294
337,29,5,121,D:\Skripsi\Experiment_TA\data\raw\RGB2\S29\AC5\RGB2_SUB29ACT5F121.jpg,1,1,0.5796583890914917
338,29,5,31,D:\Skripsi\Experiment_TA\data\raw\RGB2\S29\AC5\RGB2_SUB29ACT5F31.jpg,1,1,0.8992316126823425
339,29,5,61,D:\Skripsi\Experiment_TA\data\raw\RGB2\S29\AC5\RGB2_SUB29ACT5F61.jpg,1,1,0.5714225769042969
340,29,5,91,D:\Skripsi\Experiment_TA\data\raw\RGB2\S29\AC5\RGB2_SUB29ACT5F91.jpg,1,1,0.9502670764923096
341,29,6,1,D:\Skripsi\Experiment_TA\data\raw\RGB2\S29\AC6\RGB2_SUB29ACT6F1.jpg,1,1,0.5406481027603149
342,29,6,31,D:\Skripsi\Experiment_TA\data\raw\RGB2\S29\AC6\RGB2_SUB29ACT6F31.jpg,1,1,0.5606528520584106
343,29,6,61,D:\Skripsi\Experiment_TA\data\raw\RGB2\S29\AC6\RGB2_SUB29ACT6F61.jpg,1,1,0.6175037622451782
344,29,6,91,D:\Skripsi\Experiment_TA\data\raw\RGB2\S29\AC6\RGB2_SUB29ACT6F91.jpg,1,0,0.43823981285095215
345,29,7,1,D:\Skripsi\Experiment_TA\data\raw\RGB2\S29\AC7\RGB2_SUB29ACT7F1.jpg,1,1,0.8083983063697815
346,29,7,121,D:\Skripsi\Experiment_TA\data\raw\RGB2\S29\AC7\RGB2_SUB29ACT7F121.jpg,1,1,0.8092398047447205
347,29,7,31,D:\Skripsi\Experiment_TA\data\raw\RGB2\S29\AC7\RGB2_SUB29ACT7F31.jpg,1,1,0.8745606541633606
348,29,7,61,D:\Skripsi\Experiment_TA\data\raw\RGB2\S29\AC7\RGB2_SUB29ACT7F61.jpg,1,1,0.8419948816299438
349,29,7,91,D:\Skripsi\Experiment_TA\data\raw\RGB2\S29\AC7\RGB2_SUB29ACT7F91.jpg,1,1,0.8877514004707336
350,29,8,1,D:\Skripsi\Experiment_TA\data\raw\RGB2\S29\AC8\RGB2_SUB29ACT8F1.jpg,1,1,0.8758798837661743
351,29,8,121,D:\Skripsi\Experiment_TA\data\raw\RGB2\S29\AC8\RGB2_SUB29ACT8F121.jpg,1,1,0.6906638145446777
352,29,8,151,D:\Skripsi\Experiment_TA\data\raw\RGB2\S29\AC8\RGB2_SUB29ACT8F151.jpg,1,1,0.7523835897445679
353,29,8,31,D:\Skripsi\Experiment_TA\data\raw\RGB2\S29\AC8\RGB2_SUB29ACT8F31.jpg,1,1,0.6266276836395264
354,29,8,61,D:\Skripsi\Experiment_TA\data\raw\RGB2\S29\AC8\RGB2_SUB29ACT8F61.jpg,1,1,0.6087576746940613
355,29,8,91,D:\Skripsi\Experiment_TA\data\raw\RGB2\S29\AC8\RGB2_SUB29ACT8F91.jpg,1,1,0.6061198115348816
356,29,9,1,D:\Skripsi\Experiment_TA\data\raw\RGB2\S29\AC9\RGB2_SUB29ACT9F1.jpg,1,1,0.9548956155776978
357,29,9,121,D:\Skripsi\Experiment_TA\data\raw\RGB2\S29\AC9\RGB2_SUB29ACT9F121.jpg,1,1,0.9648314118385315
358,29,9,151,D:\Skripsi\Experiment_TA\data\raw\RGB2\S29\AC9\RGB2_SUB29ACT9F151.jpg,1,1,0.5566434860229492
359,29,9,31,D:\Skripsi\Experiment_TA\data\raw\RGB2\S29\AC9\RGB2_SUB29ACT9F31.jpg,1,1,0.9104407429695129
360,29,9,61,D:\Skripsi\Experiment_TA\data\raw\RGB2\S29\AC9\RGB2_SUB29ACT9F61.jpg,1,1,0.9310258626937866
361,29,9,91,D:\Skripsi\Experiment_TA\data\raw\RGB2\S29\AC9\RGB2_SUB29ACT9F91.jpg,1,1,0.9514017105102539
362,30,1,1,D:\Skripsi\Experiment_TA\data\raw\RGB2\S30\AC1\RGB2_SUB30ACT1F1.jpg,0,1,0.8148379325866699
363,30,1,31,D:\Skripsi\Experiment_TA\data\raw\RGB2\S30\AC1\RGB2_SUB30ACT1F31.jpg,0,0,0.2545106112957001
364,30,1,61,D:\Skripsi\Experiment_TA\data\raw\RGB2\S30\AC1\RGB2_SUB30ACT1F61.jpg,0,0,0.21305924654006958
365,30,1,91,D:\Skripsi\Experiment_TA\data\raw\RGB2\S30\AC1\RGB2_SUB30ACT1F91.jpg,0,0,0.1168057769536972
366,30,5,1,D:\Skripsi\Experiment_TA\data\raw\RGB2\S30\AC5\RGB2_SUB30ACT5F1.jpg,1,1,0.8832128047943115
367,30,5,31,D:\Skripsi\Experiment_TA\data\raw\RGB2\S30\AC5\RGB2_SUB30ACT5F31.jpg,1,1,0.8455830812454224
368,30,5,61,D:\Skripsi\Experiment_TA\data\raw\RGB2\S30\AC5\RGB2_SUB30ACT5F61.jpg,1,1,0.8580385446548462
369,30,5,91,D:\Skripsi\Experiment_TA\data\raw\RGB2\S30\AC5\RGB2_SUB30ACT5F91.jpg,1,1,0.9201760292053223
370,30,6,1,D:\Skripsi\Experiment_TA\data\raw\RGB2\S30\AC6\RGB2_SUB30ACT6F1.jpg,1,1,0.7491162419319153
371,30,6,121,D:\Skripsi\Experiment_TA\data\raw\RGB2\S30\AC6\RGB2_SUB30ACT6F121.jpg,1,1,0.6321995854377747
372,30,6,31,D:\Skripsi\Experiment_TA\data\raw\RGB2\S30\AC6\RGB2_SUB30ACT6F31.jpg,1,1,0.7935162782669067
373,30,6,61,D:\Skripsi\Experiment_TA\data\raw\RGB2\S30\AC6\RGB2_SUB30ACT6F61.jpg,1,0,0.2709202766418457
374,30,6,91,D:\Skripsi\Experiment_TA\data\raw\RGB2\S30\AC6\RGB2_SUB30ACT6F91.jpg,1,0,0.37518781423568726
375,30,7,1,D:\Skripsi\Experiment_TA\data\raw\RGB2\S30\AC7\RGB2_SUB30ACT7F1.jpg,1,1,0.8375857472419739
376,30,7,121,D:\Skripsi\Experiment_TA\data\raw\RGB2\S30\AC7\RGB2_SUB30ACT7F121.jpg,1,1,0.9184464812278748
377,30,7,151,D:\Skripsi\Experiment_TA\data\raw\RGB2\S30\AC7\RGB2_SUB30ACT7F151.jpg,1,1,0.9353281259536743
378,30,7,31,D:\Skripsi\Experiment_TA\data\raw\RGB2\S30\AC7\RGB2_SUB30ACT7F31.jpg,1,1,0.9458518624305725
379,30,7,61,D:\Skripsi\Experiment_TA\data\raw\RGB2\S30\AC7\RGB2_SUB30ACT7F61.jpg,1,1,0.8924111723899841
380,30,7,91,D:\Skripsi\Experiment_TA\data\raw\RGB2\S30\AC7\RGB2_SUB30ACT7F91.jpg,1,1,0.9361944198608398
381,30,8,1,D:\Skripsi\Experiment_TA\data\raw\RGB2\S30\AC8\RGB2_SUB30ACT8F1.jpg,1,1,0.5903017520904541
382,30,8,121,D:\Skripsi\Experiment_TA\data\raw\RGB2\S30\AC8\RGB2_SUB30ACT8F121.jpg,1,1,0.9128077030181885
383,30,8,31,D:\Skripsi\Experiment_TA\data\raw\RGB2\S30\AC8\RGB2_SUB30ACT8F31.jpg,1,1,0.8114073872566223
384,30,8,61,D:\Skripsi\Experiment_TA\data\raw\RGB2\S30\AC8\RGB2_SUB30ACT8F61.jpg,1,0,0.40374547243118286
385,30,8,91,D:\Skripsi\Experiment_TA\data\raw\RGB2\S30\AC8\RGB2_SUB30ACT8F91.jpg,1,0,0.45268455147743225
386,30,9,1,D:\Skripsi\Experiment_TA\data\raw\RGB2\S30\AC9\RGB2_SUB30ACT9F1.jpg,1,1,0.9105035662651062
387,30,9,121,D:\Skripsi\Experiment_TA\data\raw\RGB2\S30\AC9\RGB2_SUB30ACT9F121.jpg,1,1,0.8834923505783081
388,30,9,31,D:\Skripsi\Experiment_TA\data\raw\RGB2\S30\AC9\RGB2_SUB30ACT9F31.jpg,1,1,0.9329585433006287
389,30,9,61,D:\Skripsi\Experiment_TA\data\raw\RGB2\S30\AC9\RGB2_SUB30ACT9F61.jpg,1,1,0.6643675565719604
390,30,9,91,D:\Skripsi\Experiment_TA\data\raw\RGB2\S30\AC9\RGB2_SUB30ACT9F91.jpg,1,0,0.493120938539505
391,31,1,1,D:\Skripsi\Experiment_TA\data\raw\RGB2\S31\AC1\RGB2_SUB31ACT1F1.jpg,0,1,0.6068199276924133
392,31,1,31,D:\Skripsi\Experiment_TA\data\raw\RGB2\S31\AC1\RGB2_SUB31ACT1F31.jpg,0,1,0.9440959692001343
393,31,1,61,D:\Skripsi\Experiment_TA\data\raw\RGB2\S31\AC1\RGB2_SUB31ACT1F61.jpg,0,0,0.32641687989234924
394,31,1,91,D:\Skripsi\Experiment_TA\data\raw\RGB2\S31\AC1\RGB2_SUB31ACT1F91.jpg,0,1,0.7997687458992004
395,31,5,1,D:\Skripsi\Experiment_TA\data\raw\RGB2\S31\AC5\RGB2_SUB31ACT5F1.jpg,1,1,0.7671087980270386
396,31,5,31,D:\Skripsi\Experiment_TA\data\raw\RGB2\S31\AC5\RGB2_SUB31ACT5F31.jpg,1,0,0.4890917241573334
397,31,5,61,D:\Skripsi\Experiment_TA\data\raw\RGB2\S31\AC5\RGB2_SUB31ACT5F61.jpg,1,1,0.7121571898460388
398,31,5,91,D:\Skripsi\Experiment_TA\data\raw\RGB2\S31\AC5\RGB2_SUB31ACT5F91.jpg,1,1,0.8197128176689148
399,31,6,1,D:\Skripsi\Experiment_TA\data\raw\RGB2\S31\AC6\RGB2_SUB31ACT6F1.jpg,1,1,0.8294162154197693
400,31,6,31,D:\Skripsi\Experiment_TA\data\raw\RGB2\S31\AC6\RGB2_SUB31ACT6F31.jpg,1,0,0.27096742391586304
401,31,6,61,D:\Skripsi\Experiment_TA\data\raw\RGB2\S31\AC6\RGB2_SUB31ACT6F61.jpg,1,1,0.8419934511184692
402,31,7,1,D:\Skripsi\Experiment_TA\data\raw\RGB2\S31\AC7\RGB2_SUB31ACT7F1.jpg,1,1,0.6346970200538635
403,31,7,31,D:\Skripsi\Experiment_TA\data\raw\RGB2\S31\AC7\RGB2_SUB31ACT7F31.jpg,1,1,0.7994160056114197
404,31,7,61,D:\Skripsi\Experiment_TA\data\raw\RGB2\S31\AC7\RGB2_SUB31ACT7F61.jpg,1,1,0.846109926700592
405,31,7,91,D:\Skripsi\Experiment_TA\data\raw\RGB2\S31\AC7\RGB2_SUB31ACT7F91.jpg,1,1,0.9415363669395447
406,31,8,1,D:\Skripsi\Experiment_TA\data\raw\RGB2\S31\AC8\RGB2_SUB31ACT8F1.jpg,1,1,0.839855968952179
407,31,8,121,D:\Skripsi\Experiment_TA\data\raw\RGB2\S31\AC8\RGB2_SUB31ACT8F121.jpg,1,0,0.4373769760131836
408,31,8,31,D:\Skripsi\Experiment_TA\data\raw\RGB2\S31\AC8\RGB2_SUB31ACT8F31.jpg,1,1,0.8834139108657837
409,31,8,61,D:\Skripsi\Experiment_TA\data\raw\RGB2\S31\AC8\RGB2_SUB31ACT8F61.jpg,1,1,0.9177430868148804
410,31,8,91,D:\Skripsi\Experiment_TA\data\raw\RGB2\S31\AC8\RGB2_SUB31ACT8F91.jpg,1,1,0.8717572689056396
411,31,9,1,D:\Skripsi\Experiment_TA\data\raw\RGB2\S31\AC9\RGB2_SUB31ACT9F1.jpg,1,1,0.9853754043579102
412,31,9,121,D:\Skripsi\Experiment_TA\data\raw\RGB2\S31\AC9\RGB2_SUB31ACT9F121.jpg,1,0,0.10895874351263046
413,31,9,31,D:\Skripsi\Experiment_TA\data\raw\RGB2\S31\AC9\RGB2_SUB31ACT9F31.jpg,1,1,0.9150258302688599
414,31,9,61,D:\Skripsi\Experiment_TA\data\raw\RGB2\S31\AC9\RGB2_SUB31ACT9F61.jpg,1,1,0.9168713092803955
415,31,9,91,D:\Skripsi\Experiment_TA\data\raw\RGB2\S31\AC9\RGB2_SUB31ACT9F91.jpg,1,0,0.155344158411026
416,32,1,1,D:\Skripsi\Experiment_TA\data\raw\RGB2\S32\AC1\RGB2_SUB32ACT1F1.jpg,0,0,0.38028132915496826
417,32,1,31,D:\Skripsi\Experiment_TA\data\raw\RGB2\S32\AC1\RGB2_SUB32ACT1F31.jpg,0,0,0.3499860465526581
418,32,1,61,D:\Skripsi\Experiment_TA\data\raw\RGB2\S32\AC1\RGB2_SUB32ACT1F61.jpg,0,0,0.1251300722360611
419,32,1,91,D:\Skripsi\Experiment_TA\data\raw\RGB2\S32\AC1\RGB2_SUB32ACT1F91.jpg,0,0,0.43763259053230286
420,32,5,1,D:\Skripsi\Experiment_TA\data\raw\RGB2\S32\AC5\RGB2_SUB32ACT5F1.jpg,1,1,0.808668851852417
421,32,5,31,D:\Skripsi\Experiment_TA\data\raw\RGB2\S32\AC5\RGB2_SUB32ACT5F31.jpg,1,1,0.9324114918708801
422,32,5,61,D:\Skripsi\Experiment_TA\data\raw\RGB2\S32\AC5\RGB2_SUB32ACT5F61.jpg,1,1,0.931894838809967
423,32,5,91,D:\Skripsi\Experiment_TA\data\raw\RGB2\S32\AC5\RGB2_SUB32ACT5F91.jpg,1,1,0.7753921151161194
424,32,6,1,D:\Skripsi\Experiment_TA\data\raw\RGB2\S32\AC6\RGB2_SUB32ACT6F1.jpg,1,1,0.7423703074455261
425,32,6,31,D:\Skripsi\Experiment_TA\data\raw\RGB2\S32\AC6\RGB2_SUB32ACT6F31.jpg,1,1,0.698405921459198
426,32,6,61,D:\Skripsi\Experiment_TA\data\raw\RGB2\S32\AC6\RGB2_SUB32ACT6F61.jpg,1,0,0.16372454166412354
427,32,6,91,D:\Skripsi\Experiment_TA\data\raw\RGB2\S32\AC6\RGB2_SUB32ACT6F91.jpg,1,1,0.8913035988807678
428,32,7,1,D:\Skripsi\Experiment_TA\data\raw\RGB2\S32\AC7\RGB2_SUB32ACT7F1.jpg,1,1,0.6939254403114319
429,32,7,31,D:\Skripsi\Experiment_TA\data\raw\RGB2\S32\AC7\RGB2_SUB32ACT7F31.jpg,1,1,0.7615880966186523
430,32,7,61,D:\Skripsi\Experiment_TA\data\raw\RGB2\S32\AC7\RGB2_SUB32ACT7F61.jpg,1,1,0.6763109564781189
431,32,7,91,D:\Skripsi\Experiment_TA\data\raw\RGB2\S32\AC7\RGB2_SUB32ACT7F91.jpg,1,1,0.6106328368186951
432,32,8,1,D:\Skripsi\Experiment_TA\data\raw\RGB2\S32\AC8\RGB2_SUB32ACT8F1.jpg,1,1,0.8992453217506409
433,32,8,31,D:\Skripsi\Experiment_TA\data\raw\RGB2\S32\AC8\RGB2_SUB32ACT8F31.jpg,1,1,0.6897854804992676
434,32,8,61,D:\Skripsi\Experiment_TA\data\raw\RGB2\S32\AC8\RGB2_SUB32ACT8F61.jpg,1,1,0.856258749961853
435,32,9,1,D:\Skripsi\Experiment_TA\data\raw\RGB2\S32\AC9\RGB2_SUB32ACT9F1.jpg,1,1,0.929269552230835
436,32,9,31,D:\Skripsi\Experiment_TA\data\raw\RGB2\S32\AC9\RGB2_SUB32ACT9F31.jpg,1,1,0.7979030013084412
437,32,9,61,D:\Skripsi\Experiment_TA\data\raw\RGB2\S32\AC9\RGB2_SUB32ACT9F61.jpg,1,1,0.7140638828277588
438,33,1,1,D:\Skripsi\Experiment_TA\data\raw\RGB2\S33\AC1\RGB2_SUB33ACT1F1.jpg,0,0,0.3349490761756897
439,33,1,31,D:\Skripsi\Experiment_TA\data\raw\RGB2\S33\AC1\RGB2_SUB33ACT1F31.jpg,0,0,0.23997604846954346
440,33,1,61,D:\Skripsi\Experiment_TA\data\raw\RGB2\S33\AC1\RGB2_SUB33ACT1F61.jpg,0,0,0.3112316429615021
441,33,5,1,D:\Skripsi\Experiment_TA\data\raw\RGB2\S33\AC5\RGB2_SUB33ACT5F1.jpg,1,1,0.9708133935928345
442,33,5,31,D:\Skripsi\Experiment_TA\data\raw\RGB2\S33\AC5\RGB2_SUB33ACT5F31.jpg,1,1,0.9361673593521118
443,33,5,61,D:\Skripsi\Experiment_TA\data\raw\RGB2\S33\AC5\RGB2_SUB33ACT5F61.jpg,1,1,0.9691886901855469
444,33,6,1,D:\Skripsi\Experiment_TA\data\raw\RGB2\S33\AC6\RGB2_SUB33ACT6F1.jpg,1,1,0.9565139412879944
445,33,6,31,D:\Skripsi\Experiment_TA\data\raw\RGB2\S33\AC6\RGB2_SUB33ACT6F31.jpg,1,1,0.9613972306251526
446,33,6,61,D:\Skripsi\Experiment_TA\data\raw\RGB2\S33\AC6\RGB2_SUB33ACT6F61.jpg,1,1,0.9285855889320374
447,33,7,1,D:\Skripsi\Experiment_TA\data\raw\RGB2\S33\AC7\RGB2_SUB33ACT7F1.jpg,1,1,0.919991135597229
448,33,7,31,D:\Skripsi\Experiment_TA\data\raw\RGB2\S33\AC7\RGB2_SUB33ACT7F31.jpg,1,1,0.7854768633842468
449,33,7,61,D:\Skripsi\Experiment_TA\data\raw\RGB2\S33\AC7\RGB2_SUB33ACT7F61.jpg,1,1,0.675666093826294
450,33,7,91,D:\Skripsi\Experiment_TA\data\raw\RGB2\S33\AC7\RGB2_SUB33ACT7F91.jpg,1,1,0.9339379072189331
451,33,8,1,D:\Skripsi\Experiment_TA\data\raw\RGB2\S33\AC8\RGB2_SUB33ACT8F1.jpg,1,1,0.7047810554504395
452,33,8,31,D:\Skripsi\Experiment_TA\data\raw\RGB2\S33\AC8\RGB2_SUB33ACT8F31.jpg,1,1,0.9475528001785278
453,33,8,61,D:\Skripsi\Experiment_TA\data\raw\RGB2\S33\AC8\RGB2_SUB33ACT8F61.jpg,1,1,0.794972836971283
454,33,8,91,D:\Skripsi\Experiment_TA\data\raw\RGB2\S33\AC8\RGB2_SUB33ACT8F91.jpg,1,1,0.7903037667274475
455,33,9,1,D:\Skripsi\Experiment_TA\data\raw\RGB2\S33\AC9\RGB2_SUB33ACT9F1.jpg,1,1,0.8650845289230347
456,33,9,31,D:\Skripsi\Experiment_TA\data\raw\RGB2\S33\AC9\RGB2_SUB33ACT9F31.jpg,1,1,0.8575264811515808
457,33,9,61,D:\Skripsi\Experiment_TA\data\raw\RGB2\S33\AC9\RGB2_SUB33ACT9F61.jpg,1,1,0.860607922077179
458,33,9,91,D:\Skripsi\Experiment_TA\data\raw\RGB2\S33\AC9\RGB2_SUB33ACT9F91.jpg,1,1,0.8578636646270752
459,34,1,1,D:\Skripsi\Experiment_TA\data\raw\RGB2\S34\AC1\RGB2_SUB34ACT1F1.jpg,0,0,0.22604812681674957
460,34,1,31,D:\Skripsi\Experiment_TA\data\raw\RGB2\S34\AC1\RGB2_SUB34ACT1F31.jpg,0,0,0.21421857178211212
461,34,1,61,D:\Skripsi\Experiment_TA\data\raw\RGB2\S34\AC1\RGB2_SUB34ACT1F61.jpg,0,0,0.2586406469345093
462,34,5,1,D:\Skripsi\Experiment_TA\data\raw\RGB2\S34\AC5\RGB2_SUB34ACT5F1.jpg,1,1,0.6760022044181824
463,34,5,31,D:\Skripsi\Experiment_TA\data\raw\RGB2\S34\AC5\RGB2_SUB34ACT5F31.jpg,1,1,0.7469629049301147
464,34,5,61,D:\Skripsi\Experiment_TA\data\raw\RGB2\S34\AC5\RGB2_SUB34ACT5F61.jpg,1,1,0.8829436898231506
465,34,6,1,D:\Skripsi\Experiment_TA\data\raw\RGB2\S34\AC6\RGB2_SUB34ACT6F1.jpg,1,1,0.6907308101654053
466,34,6,31,D:\Skripsi\Experiment_TA\data\raw\RGB2\S34\AC6\RGB2_SUB34ACT6F31.jpg,1,1,0.9554626941680908
467,34,6,61,D:\Skripsi\Experiment_TA\data\raw\RGB2\S34\AC6\RGB2_SUB34ACT6F61.jpg,1,1,0.9569936394691467
468,34,7,1,D:\Skripsi\Experiment_TA\data\raw\RGB2\S34\AC7\RGB2_SUB34ACT7F1.jpg,1,1,0.8720289468765259
469,34,7,31,D:\Skripsi\Experiment_TA\data\raw\RGB2\S34\AC7\RGB2_SUB34ACT7F31.jpg,1,1,0.898447573184967
470,34,7,61,D:\Skripsi\Experiment_TA\data\raw\RGB2\S34\AC7\RGB2_SUB34ACT7F61.jpg,1,1,0.9448664784431458
471,34,8,1,D:\Skripsi\Experiment_TA\data\raw\RGB2\S34\AC8\RGB2_SUB34ACT8F1.jpg,1,0,0.30530503392219543
472,34,8,31,D:\Skripsi\Experiment_TA\data\raw\RGB2\S34\AC8\RGB2_SUB34ACT8F31.jpg,1,1,0.9763782024383545
473,34,8,61,D:\Skripsi\Experiment_TA\data\raw\RGB2\S34\AC8\RGB2_SUB34ACT8F61.jpg,1,1,0.6097421646118164
474,34,8,91,D:\Skripsi\Experiment_TA\data\raw\RGB2\S34\AC8\RGB2_SUB34ACT8F91.jpg,1,1,0.6110663414001465
475,34,9,1,D:\Skripsi\Experiment_TA\data\raw\RGB2\S34\AC9\RGB2_SUB34ACT9F1.jpg,1,1,0.9478114247322083
476,34,9,31,D:\Skripsi\Experiment_TA\data\raw\RGB2\S34\AC9\RGB2_SUB34ACT9F31.jpg,1,1,0.8441704511642456
477,34,9,61,D:\Skripsi\Experiment_TA\data\raw\RGB2\S34\AC9\RGB2_SUB34ACT9F61.jpg,1,1,0.8425520062446594
478,35,1,1,D:\Skripsi\Experiment_TA\data\raw\RGB2\S35\AC1\RGB2_SUB35ACT1F1.jpg,0,0,0.2484906166791916
479,35,1,121,D:\Skripsi\Experiment_TA\data\raw\RGB2\S35\AC1\RGB2_SUB35ACT1F121.jpg,0,0,0.11733376234769821
480,35,1,31,D:\Skripsi\Experiment_TA\data\raw\RGB2\S35\AC1\RGB2_SUB35ACT1F31.jpg,0,0,0.3391161859035492
481,35,1,61,D:\Skripsi\Experiment_TA\data\raw\RGB2\S35\AC1\RGB2_SUB35ACT1F61.jpg,0,0,0.116385817527771
482,35,1,91,D:\Skripsi\Experiment_TA\data\raw\RGB2\S35\AC1\RGB2_SUB35ACT1F91.jpg,0,0,0.09187827259302139
483,35,5,1,D:\Skripsi\Experiment_TA\data\raw\RGB2\S35\AC5\RGB2_SUB35ACT5F1.jpg,1,1,0.5445736646652222
484,35,5,31,D:\Skripsi\Experiment_TA\data\raw\RGB2\S35\AC5\RGB2_SUB35ACT5F31.jpg,1,1,0.587405800819397
485,35,5,61,D:\Skripsi\Experiment_TA\data\raw\RGB2\S35\AC5\RGB2_SUB35ACT5F61.jpg,1,1,0.5879305005073547
486,35,5,91,D:\Skripsi\Experiment_TA\data\raw\RGB2\S35\AC5\RGB2_SUB35ACT5F91.jpg,1,0,0.47956791520118713
487,35,6,1,D:\Skripsi\Experiment_TA\data\raw\RGB2\S35\AC6\RGB2_SUB35ACT6F1.jpg,1,1,0.516565203666687
488,35,6,121,D:\Skripsi\Experiment_TA\data\raw\RGB2\S35\AC6\RGB2_SUB35ACT6F121.jpg,1,0,0.47309568524360657
489,35,6,151,D:\Skripsi\Experiment_TA\data\raw\RGB2\S35\AC6\RGB2_SUB35ACT6F151.jpg,1,1,0.913593053817749
490,35,6,31,D:\Skripsi\Experiment_TA\data\raw\RGB2\S35\AC6\RGB2_SUB35ACT6F31.jpg,1,1,0.621049165725708
491,35,6,61,D:\Skripsi\Experiment_TA\data\raw\RGB2\S35\AC6\RGB2_SUB35ACT6F61.jpg,1,1,0.5411987900733948
492,35,6,91,D:\Skripsi\Experiment_TA\data\raw\RGB2\S35\AC6\RGB2_SUB35ACT6F91.jpg,1,1,0.5994125008583069
493,35,7,1,D:\Skripsi\Experiment_TA\data\raw\RGB2\S35\AC7\RGB2_SUB35ACT7F1.jpg,1,1,0.7981007099151611
494,35,7,121,D:\Skripsi\Experiment_TA\data\raw\RGB2\S35\AC7\RGB2_SUB35ACT7F121.jpg,1,1,0.8553870320320129
495,35,7,151,D:\Skripsi\Experiment_TA\data\raw\RGB2\S35\AC7\RGB2_SUB35ACT7F151.jpg,1,1,0.866090714931488
496,35,7,181,D:\Skripsi\Experiment_TA\data\raw\RGB2\S35\AC7\RGB2_SUB35ACT7F181.jpg,1,1,0.7801876664161682
497,35,7,31,D:\Skripsi\Experiment_TA\data\raw\RGB2\S35\AC7\RGB2_SUB35ACT7F31.jpg,1,1,0.7008891105651855
498,35,7,61,D:\Skripsi\Experiment_TA\data\raw\RGB2\S35\AC7\RGB2_SUB35ACT7F61.jpg,1,1,0.9353522062301636
499,35,7,91,D:\Skripsi\Experiment_TA\data\raw\RGB2\S35\AC7\RGB2_SUB35ACT7F91.jpg,1,1,0.8704066276550293
500,35,8,1,D:\Skripsi\Experiment_TA\data\raw\RGB2\S35\AC8\RGB2_SUB35ACT8F1.jpg,1,1,0.5606697201728821
501,35,8,31,D:\Skripsi\Experiment_TA\data\raw\RGB2\S35\AC8\RGB2_SUB35ACT8F31.jpg,1,1,0.7056717276573181
502,35,8,61,D:\Skripsi\Experiment_TA\data\raw\RGB2\S35\AC8\RGB2_SUB35ACT8F61.jpg,1,1,0.5590882897377014
503,35,8,91,D:\Skripsi\Experiment_TA\data\raw\RGB2\S35\AC8\RGB2_SUB35ACT8F91.jpg,1,0,0.4280012547969818
504,35,9,1,D:\Skripsi\Experiment_TA\data\raw\RGB2\S35\AC9\RGB2_SUB35ACT9F1.jpg,1,1,0.893640398979187
505,35,9,121,D:\Skripsi\Experiment_TA\data\raw\RGB2\S35\AC9\RGB2_SUB35ACT9F121.jpg,1,1,0.7648440003395081
506,35,9,31,D:\Skripsi\Experiment_TA\data\raw\RGB2\S35\AC9\RGB2_SUB35ACT9F31.jpg,1,1,0.9319890737533569
507,35,9,61,D:\Skripsi\Experiment_TA\data\raw\RGB2\S35\AC9\RGB2_SUB35ACT9F61.jpg,1,1,0.5833380818367004
508,35,9,91,D:\Skripsi\Experiment_TA\data\raw\RGB2\S35\AC9\RGB2_SUB35ACT9F91.jpg,1,1,0.8104315400123596
509,36,1,1,D:\Skripsi\Experiment_TA\data\raw\RGB2\S36\AC1\RGB2_SUB36ACT1F1.jpg,0,0,0.34371253848075867
510,36,1,121,D:\Skripsi\Experiment_TA\data\raw\RGB2\S36\AC1\RGB2_SUB36ACT1F121.jpg,0,1,0.5776987075805664
511,36,1,31,D:\Skripsi\Experiment_TA\data\raw\RGB2\S36\AC1\RGB2_SUB36ACT1F31.jpg,0,0,0.3743606209754944
512,36,1,61,D:\Skripsi\Experiment_TA\data\raw\RGB2\S36\AC1\RGB2_SUB36ACT1F61.jpg,0,0,0.26280447840690613
513,36,1,91,D:\Skripsi\Experiment_TA\data\raw\RGB2\S36\AC1\RGB2_SUB36ACT1F91.jpg,0,1,0.7870731353759766
514,36,5,1,D:\Skripsi\Experiment_TA\data\raw\RGB2\S36\AC5\RGB2_SUB36ACT5F1.jpg,1,1,0.8261951208114624
515,36,5,121,D:\Skripsi\Experiment_TA\data\raw\RGB2\S36\AC5\RGB2_SUB36ACT5F121.jpg,1,1,0.5543792843818665
516,36,5,31,D:\Skripsi\Experiment_TA\data\raw\RGB2\S36\AC5\RGB2_SUB36ACT5F31.jpg,1,1,0.8723953366279602
517,36,5,61,D:\Skripsi\Experiment_TA\data\raw\RGB2\S36\AC5\RGB2_SUB36ACT5F61.jpg,1,1,0.8354689478874207
518,36,5,91,D:\Skripsi\Experiment_TA\data\raw\RGB2\S36\AC5\RGB2_SUB36ACT5F91.jpg,1,1,0.8898329138755798
519,36,6,1,D:\Skripsi\Experiment_TA\data\raw\RGB2\S36\AC6\RGB2_SUB36ACT6F1.jpg,1,1,0.7014510035514832
520,36,6,31,D:\Skripsi\Experiment_TA\data\raw\RGB2\S36\AC6\RGB2_SUB36ACT6F31.jpg,1,1,0.8600013256072998
521,36,6,61,D:\Skripsi\Experiment_TA\data\raw\RGB2\S36\AC6\RGB2_SUB36ACT6F61.jpg,1,1,0.9512686133384705
522,36,6,91,D:\Skripsi\Experiment_TA\data\raw\RGB2\S36\AC6\RGB2_SUB36ACT6F91.jpg,1,1,0.9160701036453247
523,36,7,1,D:\Skripsi\Experiment_TA\data\raw\RGB2\S36\AC7\RGB2_SUB36ACT7F1.jpg,1,1,0.8907443284988403
524,36,7,121,D:\Skripsi\Experiment_TA\data\raw\RGB2\S36\AC7\RGB2_SUB36ACT7F121.jpg,1,1,0.9027902483940125
525,36,7,31,D:\Skripsi\Experiment_TA\data\raw\RGB2\S36\AC7\RGB2_SUB36ACT7F31.jpg,1,1,0.9433631896972656
526,36,7,61,D:\Skripsi\Experiment_TA\data\raw\RGB2\S36\AC7\RGB2_SUB36ACT7F61.jpg,1,0,0.46759679913520813
527,36,7,91,D:\Skripsi\Experiment_TA\data\raw\RGB2\S36\AC7\RGB2_SUB36ACT7F91.jpg,1,1,0.8794194459915161
528,36,8,1,D:\Skripsi\Experiment_TA\data\raw\RGB2\S36\AC8\RGB2_SUB36ACT8F1.jpg,1,1,0.8779559135437012
529,36,8,121,D:\Skripsi\Experiment_TA\data\raw\RGB2\S36\AC8\RGB2_SUB36ACT8F121.jpg,1,1,0.7510005831718445
530,36,8,31,D:\Skripsi\Experiment_TA\data\raw\RGB2\S36\AC8\RGB2_SUB36ACT8F31.jpg,1,1,0.8543951511383057
531,36,8,61,D:\Skripsi\Experiment_TA\data\raw\RGB2\S36\AC8\RGB2_SUB36ACT8F61.jpg,1,1,0.8371012210845947
532,36,8,91,D:\Skripsi\Experiment_TA\data\raw\RGB2\S36\AC8\RGB2_SUB36ACT8F91.jpg,1,1,0.7791481614112854
533,36,9,1,D:\Skripsi\Experiment_TA\data\raw\RGB2\S36\AC9\RGB2_SUB36ACT9F1.jpg,1,1,0.8609510660171509
534,36,9,121,D:\Skripsi\Experiment_TA\data\raw\RGB2\S36\AC9\RGB2_SUB36ACT9F121.jpg,1,1,0.8801365494728088
535,36,9,151,D:\Skripsi\Experiment_TA\data\raw\RGB2\S36\AC9\RGB2_SUB36ACT9F151.jpg,1,1,0.7603344917297363
536,36,9,31,D:\Skripsi\Experiment_TA\data\raw\RGB2\S36\AC9\RGB2_SUB36ACT9F31.jpg,1,1,0.8178988099098206
537,36,9,61,D:\Skripsi\Experiment_TA\data\raw\RGB2\S36\AC9\RGB2_SUB36ACT9F61.jpg,1,1,0.8082057237625122
538,36,9,91,D:\Skripsi\Experiment_TA\data\raw\RGB2\S36\AC9\RGB2_SUB36ACT9F91.jpg,1,1,0.8743563294410706
539,37,1,1,D:\Skripsi\Experiment_TA\data\raw\RGB2\S37\AC1\RGB2_SUB37ACT1F1.jpg,0,0,0.20375655591487885
540,37,1,121,D:\Skripsi\Experiment_TA\data\raw\RGB2\S37\AC1\RGB2_SUB37ACT1F121.jpg,0,0,0.24061210453510284
541,37,1,31,D:\Skripsi\Experiment_TA\data\raw\RGB2\S37\AC1\RGB2_SUB37ACT1F31.jpg,0,0,0.09624533355236053
542,37,1,61,D:\Skripsi\Experiment_TA\data\raw\RGB2\S37\AC1\RGB2_SUB37ACT1F61.jpg,0,0,0.12347304821014404
543,37,1,91,D:\Skripsi\Experiment_TA\data\raw\RGB2\S37\AC1\RGB2_SUB37ACT1F91.jpg,0,0,0.12085122615098953
544,37,5,1,D:\Skripsi\Experiment_TA\data\raw\RGB2\S37\AC5\RGB2_SUB37ACT5F1.jpg,1,1,0.9818042516708374
545,37,5,121,D:\Skripsi\Experiment_TA\data\raw\RGB2\S37\AC5\RGB2_SUB37ACT5F121.jpg,1,1,0.9778955578804016
546,37,5,31,D:\Skripsi\Experiment_TA\data\raw\RGB2\S37\AC5\RGB2_SUB37ACT5F31.jpg,1,1,0.9607211947441101
547,37,5,61,D:\Skripsi\Experiment_TA\data\raw\RGB2\S37\AC5\RGB2_SUB37ACT5F61.jpg,1,1,0.8656690120697021
548,37,5,91,D:\Skripsi\Experiment_TA\data\raw\RGB2\S37\AC5\RGB2_SUB37ACT5F91.jpg,1,1,0.8885070085525513
549,37,6,1,D:\Skripsi\Experiment_TA\data\raw\RGB2\S37\AC6\RGB2_SUB37ACT6F1.jpg,1,0,0.2726762890815735
550,37,6,121,D:\Skripsi\Experiment_TA\data\raw\RGB2\S37\AC6\RGB2_SUB37ACT6F121.jpg,1,1,0.838699460029602
551,37,6,31,D:\Skripsi\Experiment_TA\data\raw\RGB2\S37\AC6\RGB2_SUB37ACT6F31.jpg,1,1,0.8450347185134888
552,37,6,61,D:\Skripsi\Experiment_TA\data\raw\RGB2\S37\AC6\RGB2_SUB37ACT6F61.jpg,1,1,0.9382181167602539
553,37,6,91,D:\Skripsi\Experiment_TA\data\raw\RGB2\S37\AC6\RGB2_SUB37ACT6F91.jpg,1,1,0.904949426651001
554,37,7,1,D:\Skripsi\Experiment_TA\data\raw\RGB2\S37\AC7\RGB2_SUB37ACT7F1.jpg,1,1,0.9441421031951904
555,37,7,121,D:\Skripsi\Experiment_TA\data\raw\RGB2\S37\AC7\RGB2_SUB37ACT7F121.jpg,1,1,0.9512131214141846
556,37,7,151,D:\Skripsi\Experiment_TA\data\raw\RGB2\S37\AC7\RGB2_SUB37ACT7F151.jpg,1,1,0.9730070233345032
557,37,7,31,D:\Skripsi\Experiment_TA\data\raw\RGB2\S37\AC7\RGB2_SUB37ACT7F31.jpg,1,1,0.8412708640098572
558,37,7,61,D:\Skripsi\Experiment_TA\data\raw\RGB2\S37\AC7\RGB2_SUB37ACT7F61.jpg,1,1,0.9475361108779907
559,37,7,91,D:\Skripsi\Experiment_TA\data\raw\RGB2\S37\AC7\RGB2_SUB37ACT7F91.jpg,1,1,0.9726055264472961
560,37,8,1,D:\Skripsi\Experiment_TA\data\raw\RGB2\S37\AC8\RGB2_SUB37ACT8F1.jpg,1,1,0.9366854429244995
561,37,8,121,D:\Skripsi\Experiment_TA\data\raw\RGB2\S37\AC8\RGB2_SUB37ACT8F121.jpg,1,1,0.9444426894187927
562,37,8,151,D:\Skripsi\Experiment_TA\data\raw\RGB2\S37\AC8\RGB2_SUB37ACT8F151.jpg,1,1,0.8936811685562134
563,37,8,31,D:\Skripsi\Experiment_TA\data\raw\RGB2\S37\AC8\RGB2_SUB37ACT8F31.jpg,1,1,0.8909444212913513
564,37,8,61,D:\Skripsi\Experiment_TA\data\raw\RGB2\S37\AC8\RGB2_SUB37ACT8F61.jpg,1,1,0.5994505286216736
565,37,8,91,D:\Skripsi\Experiment_TA\data\raw\RGB2\S37\AC8\RGB2_SUB37ACT8F91.jpg,1,1,0.8500828146934509
566,37,9,1,D:\Skripsi\Experiment_TA\data\raw\RGB2\S37\AC9\RGB2_SUB37ACT9F1.jpg,1,1,0.9863660335540771
567,37,9,121,D:\Skripsi\Experiment_TA\data\raw\RGB2\S37\AC9\RGB2_SUB37ACT9F121.jpg,1,1,0.9372771382331848
568,37,9,151,D:\Skripsi\Experiment_TA\data\raw\RGB2\S37\AC9\RGB2_SUB37ACT9F151.jpg,1,1,0.9045090675354004
569,37,9,31,D:\Skripsi\Experiment_TA\data\raw\RGB2\S37\AC9\RGB2_SUB37ACT9F31.jpg,1,1,0.8251829743385315
570,37,9,61,D:\Skripsi\Experiment_TA\data\raw\RGB2\S37\AC9\RGB2_SUB37ACT9F61.jpg,1,1,0.939554750919342
571,37,9,91,D:\Skripsi\Experiment_TA\data\raw\RGB2\S37\AC9\RGB2_SUB37ACT9F91.jpg,1,1,0.9580121040344238
572,38,1,1,D:\Skripsi\Experiment_TA\data\raw\RGB2\S38\AC1\RGB2_SUB38ACT1F1.jpg,0,1,0.7770496606826782
573,38,1,121,D:\Skripsi\Experiment_TA\data\raw\RGB2\S38\AC1\RGB2_SUB38ACT1F121.jpg,0,0,0.13798120617866516
574,38,1,31,D:\Skripsi\Experiment_TA\data\raw\RGB2\S38\AC1\RGB2_SUB38ACT1F31.jpg,0,0,0.22829459607601166
575,38,1,61,D:\Skripsi\Experiment_TA\data\raw\RGB2\S38\AC1\RGB2_SUB38ACT1F61.jpg,0,0,0.1993156224489212
576,38,1,91,D:\Skripsi\Experiment_TA\data\raw\RGB2\S38\AC1\RGB2_SUB38ACT1F91.jpg,0,1,0.8070554137229919
577,38,5,1,D:\Skripsi\Experiment_TA\data\raw\RGB2\S38\AC5\RGB2_SUB38ACT5F1.jpg,1,1,0.7517861723899841
578,38,5,31,D:\Skripsi\Experiment_TA\data\raw\RGB2\S38\AC5\RGB2_SUB38ACT5F31.jpg,1,1,0.862594485282898
579,38,5,61,D:\Skripsi\Experiment_TA\data\raw\RGB2\S38\AC5\RGB2_SUB38ACT5F61.jpg,1,1,0.7940699458122253
580,38,5,91,D:\Skripsi\Experiment_TA\data\raw\RGB2\S38\AC5\RGB2_SUB38ACT5F91.jpg,1,1,0.9087944626808167
581,38,6,1,D:\Skripsi\Experiment_TA\data\raw\RGB2\S38\AC6\RGB2_SUB38ACT6F1.jpg,1,1,0.8769576549530029
582,38,6,31,D:\Skripsi\Experiment_TA\data\raw\RGB2\S38\AC6\RGB2_SUB38ACT6F31.jpg,1,0,0.39313703775405884
583,38,6,61,D:\Skripsi\Experiment_TA\data\raw\RGB2\S38\AC6\RGB2_SUB38ACT6F61.jpg,1,1,0.90855872631073
584,38,6,91,D:\Skripsi\Experiment_TA\data\raw\RGB2\S38\AC6\RGB2_SUB38ACT6F91.jpg,1,1,0.8924297094345093
585,38,7,1,D:\Skripsi\Experiment_TA\data\raw\RGB2\S38\AC7\RGB2_SUB38ACT7F1.jpg,1,1,0.9670462608337402
586,38,7,121,D:\Skripsi\Experiment_TA\data\raw\RGB2\S38\AC7\RGB2_SUB38ACT7F121.jpg,1,1,0.8011569976806641
587,38,7,31,D:\Skripsi\Experiment_TA\data\raw\RGB2\S38\AC7\RGB2_SUB38ACT7F31.jpg,1,1,0.9720751643180847
588,38,7,61,D:\Skripsi\Experiment_TA\data\raw\RGB2\S38\AC7\RGB2_SUB38ACT7F61.jpg,1,1,0.7385474443435669
589,38,7,91,D:\Skripsi\Experiment_TA\data\raw\RGB2\S38\AC7\RGB2_SUB38ACT7F91.jpg,1,1,0.816557765007019
590,38,8,1,D:\Skripsi\Experiment_TA\data\raw\RGB2\S38\AC8\RGB2_SUB38ACT8F1.jpg,1,1,0.928439736366272
591,38,8,121,D:\Skripsi\Experiment_TA\data\raw\RGB2\S38\AC8\RGB2_SUB38ACT8F121.jpg,1,1,0.8595634698867798
592,38,8,31,D:\Skripsi\Experiment_TA\data\raw\RGB2\S38\AC8\RGB2_SUB38ACT8F31.jpg,1,1,0.9626801609992981
593,38,8,61,D:\Skripsi\Experiment_TA\data\raw\RGB2\S38\AC8\RGB2_SUB38ACT8F61.jpg,1,1,0.9562616944313049
594,38,8,91,D:\Skripsi\Experiment_TA\data\raw\RGB2\S38\AC8\RGB2_SUB38ACT8F91.jpg,1,1,0.9352999329566956
595,38,9,1,D:\Skripsi\Experiment_TA\data\raw\RGB2\S38\AC9\RGB2_SUB38ACT9F1.jpg,1,1,0.8561704158782959
596,38,9,121,D:\Skripsi\Experiment_TA\data\raw\RGB2\S38\AC9\RGB2_SUB38ACT9F121.jpg,1,0,0.3731549382209778
597,38,9,31,D:\Skripsi\Experiment_TA\data\raw\RGB2\S38\AC9\RGB2_SUB38ACT9F31.jpg,1,1,0.6501656174659729
598,38,9,61,D:\Skripsi\Experiment_TA\data\raw\RGB2\S38\AC9\RGB2_SUB38ACT9F61.jpg,1,1,0.6958186626434326
599,38,9,91,D:\Skripsi\Experiment_TA\data\raw\RGB2\S38\AC9\RGB2_SUB38ACT9F91.jpg,1,0,0.3489357531070709
600,39,1,1,D:\Skripsi\Experiment_TA\data\raw\RGB2\S39\AC1\RGB2_SUB39ACT1F1.jpg,0,0,0.10001891851425171
601,39,1,31,D:\Skripsi\Experiment_TA\data\raw\RGB2\S39\AC1\RGB2_SUB39ACT1F31.jpg,0,0,0.11995330452919006
602,39,1,61,D:\Skripsi\Experiment_TA\data\raw\RGB2\S39\AC1\RGB2_SUB39ACT1F61.jpg,0,0,0.11303440481424332
603,39,1,91,D:\Skripsi\Experiment_TA\data\raw\RGB2\S39\AC1\RGB2_SUB39ACT1F91.jpg,0,0,0.22254879772663116
604,39,5,1,D:\Skripsi\Experiment_TA\data\raw\RGB2\S39\AC5\RGB2_SUB39ACT5F1.jpg,1,1,0.6975905895233154
605,39,5,31,D:\Skripsi\Experiment_TA\data\raw\RGB2\S39\AC5\RGB2_SUB39ACT5F31.jpg,1,1,0.6997646689414978
606,39,5,61,D:\Skripsi\Experiment_TA\data\raw\RGB2\S39\AC5\RGB2_SUB39ACT5F61.jpg,1,0,0.43215444684028625
607,39,5,91,D:\Skripsi\Experiment_TA\data\raw\RGB2\S39\AC5\RGB2_SUB39ACT5F91.jpg,1,1,0.7215423583984375
608,39,6,1,D:\Skripsi\Experiment_TA\data\raw\RGB2\S39\AC6\RGB2_SUB39ACT6F1.jpg,1,1,0.8725928664207458
609,39,6,31,D:\Skripsi\Experiment_TA\data\raw\RGB2\S39\AC6\RGB2_SUB39ACT6F31.jpg,1,1,0.9593720436096191
610,39,6,61,D:\Skripsi\Experiment_TA\data\raw\RGB2\S39\AC6\RGB2_SUB39ACT6F61.jpg,1,1,0.9011502861976624
611,39,6,91,D:\Skripsi\Experiment_TA\data\raw\RGB2\S39\AC6\RGB2_SUB39ACT6F91.jpg,1,1,0.8838865160942078
612,39,7,1,D:\Skripsi\Experiment_TA\data\raw\RGB2\S39\AC7\RGB2_SUB39ACT7F1.jpg,1,1,0.9675868153572083
613,39,7,31,D:\Skripsi\Experiment_TA\data\raw\RGB2\S39\AC7\RGB2_SUB39ACT7F31.jpg,1,1,0.9161892533302307
614,39,7,61,D:\Skripsi\Experiment_TA\data\raw\RGB2\S39\AC7\RGB2_SUB39ACT7F61.jpg,1,1,0.9231989979743958
615,39,7,91,D:\Skripsi\Experiment_TA\data\raw\RGB2\S39\AC7\RGB2_SUB39ACT7F91.jpg,1,1,0.9688471555709839
616,39,8,1,D:\Skripsi\Experiment_TA\data\raw\RGB2\S39\AC8\RGB2_SUB39ACT8F1.jpg,1,1,0.877992570400238
617,39,8,121,D:\Skripsi\Experiment_TA\data\raw\RGB2\S39\AC8\RGB2_SUB39ACT8F121.jpg,1,1,0.7233248949050903
618,39,8,31,D:\Skripsi\Experiment_TA\data\raw\RGB2\S39\AC8\RGB2_SUB39ACT8F31.jpg,1,1,0.9124196171760559
619,39,8,61,D:\Skripsi\Experiment_TA\data\raw\RGB2\S39\AC8\RGB2_SUB39ACT8F61.jpg,1,1,0.7839462757110596
620,39,8,91,D:\Skripsi\Experiment_TA\data\raw\RGB2\S39\AC8\RGB2_SUB39ACT8F91.jpg,1,1,0.9299319982528687
621,39,9,1,D:\Skripsi\Experiment_TA\data\raw\RGB2\S39\AC9\RGB2_SUB39ACT9F1.jpg,1,1,0.8242420554161072
622,39,9,121,D:\Skripsi\Experiment_TA\data\raw\RGB2\S39\AC9\RGB2_SUB39ACT9F121.jpg,1,1,0.9041114449501038
623,39,9,31,D:\Skripsi\Experiment_TA\data\raw\RGB2\S39\AC9\RGB2_SUB39ACT9F31.jpg,1,1,0.9376592636108398
624,39,9,61,D:\Skripsi\Experiment_TA\data\raw\RGB2\S39\AC9\RGB2_SUB39ACT9F61.jpg,1,1,0.8278436064720154
625,39,9,91,D:\Skripsi\Experiment_TA\data\raw\RGB2\S39\AC9\RGB2_SUB39ACT9F91.jpg,1,1,0.9481782913208008
626,40,1,1,D:\Skripsi\Experiment_TA\data\raw\RGB2\S40\AC1\RGB2_SUB40ACT1F1.jpg,0,0,0.4436681568622589
627,40,1,121,D:\Skripsi\Experiment_TA\data\raw\RGB2\S40\AC1\RGB2_SUB40ACT1F121.jpg,0,0,0.09311449527740479
628,40,1,31,D:\Skripsi\Experiment_TA\data\raw\RGB2\S40\AC1\RGB2_SUB40ACT1F31.jpg,0,1,0.5793508291244507
629,40,1,61,D:\Skripsi\Experiment_TA\data\raw\RGB2\S40\AC1\RGB2_SUB40ACT1F61.jpg,0,1,0.8000528216362
630,40,1,91,D:\Skripsi\Experiment_TA\data\raw\RGB2\S40\AC1\RGB2_SUB40ACT1F91.jpg,0,0,0.11711131036281586
631,40,5,1,D:\Skripsi\Experiment_TA\data\raw\RGB2\S40\AC5\RGB2_SUB40ACT5F1.jpg,1,1,0.6876236200332642
632,40,5,31,D:\Skripsi\Experiment_TA\data\raw\RGB2\S40\AC5\RGB2_SUB40ACT5F31.jpg,1,1,0.9267064332962036
633,40,5,61,D:\Skripsi\Experiment_TA\data\raw\RGB2\S40\AC5\RGB2_SUB40ACT5F61.jpg,1,1,0.9091969132423401
634,40,5,91,D:\Skripsi\Experiment_TA\data\raw\RGB2\S40\AC5\RGB2_SUB40ACT5F91.jpg,1,1,0.9014477729797363
635,40,6,1,D:\Skripsi\Experiment_TA\data\raw\RGB2\S40\AC6\RGB2_SUB40ACT6F1.jpg,1,1,0.7380044460296631
636,40,6,121,D:\Skripsi\Experiment_TA\data\raw\RGB2\S40\AC6\RGB2_SUB40ACT6F121.jpg,1,1,0.9091433882713318
637,40,6,31,D:\Skripsi\Experiment_TA\data\raw\RGB2\S40\AC6\RGB2_SUB40ACT6F31.jpg,1,1,0.8835058808326721
638,40,6,61,D:\Skripsi\Experiment_TA\data\raw\RGB2\S40\AC6\RGB2_SUB40ACT6F61.jpg,1,1,0.7681164145469666
639,40,6,91,D:\Skripsi\Experiment_TA\data\raw\RGB2\S40\AC6\RGB2_SUB40ACT6F91.jpg,1,1,0.9557705521583557
640,40,7,1,D:\Skripsi\Experiment_TA\data\raw\RGB2\S40\AC7\RGB2_SUB40ACT7F1.jpg,1,1,0.8167728781700134
641,40,7,121,D:\Skripsi\Experiment_TA\data\raw\RGB2\S40\AC7\RGB2_SUB40ACT7F121.jpg,1,1,0.9324383735656738
642,40,7,151,D:\Skripsi\Experiment_TA\data\raw\RGB2\S40\AC7\RGB2_SUB40ACT7F151.jpg,1,1,0.9087716937065125
643,40,7,181,D:\Skripsi\Experiment_TA\data\raw\RGB2\S40\AC7\RGB2_SUB40ACT7F181.jpg,1,1,0.9741145372390747
644,40,7,211,D:\Skripsi\Experiment_TA\data\raw\RGB2\S40\AC7\RGB2_SUB40ACT7F211.jpg,1,1,0.9110097885131836
645,40,7,31,D:\Skripsi\Experiment_TA\data\raw\RGB2\S40\AC7\RGB2_SUB40ACT7F31.jpg,1,1,0.8906427025794983
646,40,7,61,D:\Skripsi\Experiment_TA\data\raw\RGB2\S40\AC7\RGB2_SUB40ACT7F61.jpg,1,1,0.6653741002082825
647,40,7,91,D:\Skripsi\Experiment_TA\data\raw\RGB2\S40\AC7\RGB2_SUB40ACT7F91.jpg,1,1,0.9832901954650879
648,40,8,1,D:\Skripsi\Experiment_TA\data\raw\RGB2\S40\AC8\RGB2_SUB40ACT8F1.jpg,1,1,0.9396215081214905
649,40,8,121,D:\Skripsi\Experiment_TA\data\raw\RGB2\S40\AC8\RGB2_SUB40ACT8F121.jpg,1,1,0.9016395211219788
650,40,8,151,D:\Skripsi\Experiment_TA\data\raw\RGB2\S40\AC8\RGB2_SUB40ACT8F151.jpg,1,1,0.8542208075523376
651,40,8,181,D:\Skripsi\Experiment_TA\data\raw\RGB2\S40\AC8\RGB2_SUB40ACT8F181.jpg,1,1,0.9099869132041931
652,40,8,31,D:\Skripsi\Experiment_TA\data\raw\RGB2\S40\AC8\RGB2_SUB40ACT8F31.jpg,1,1,0.7215912938117981
653,40,8,61,D:\Skripsi\Experiment_TA\data\raw\RGB2\S40\AC8\RGB2_SUB40ACT8F61.jpg,1,1,0.9074838161468506
654,40,8,91,D:\Skripsi\Experiment_TA\data\raw\RGB2\S40\AC8\RGB2_SUB40ACT8F91.jpg,1,1,0.886457622051239
655,40,9,1,D:\Skripsi\Experiment_TA\data\raw\RGB2\S40\AC9\RGB2_SUB40ACT9F1.jpg,1,1,0.8061285018920898
656,40,9,121,D:\Skripsi\Experiment_TA\data\raw\RGB2\S40\AC9\RGB2_SUB40ACT9F121.jpg,1,1,0.7713520526885986
657,40,9,31,D:\Skripsi\Experiment_TA\data\raw\RGB2\S40\AC9\RGB2_SUB40ACT9F31.jpg,1,1,0.908913791179657
658,40,9,61,D:\Skripsi\Experiment_TA\data\raw\RGB2\S40\AC9\RGB2_SUB40ACT9F61.jpg,1,1,0.7031554579734802
659,40,9,91,D:\Skripsi\Experiment_TA\data\raw\RGB2\S40\AC9\RGB2_SUB40ACT9F91.jpg,1,1,0.8998434543609619
660,43,1,1,D:\Skripsi\Experiment_TA\data\raw\RGB2\S43\AC1\RGB2_SUB43ACT1F1.jpg,0,0,0.3693449795246124
661,43,1,121,D:\Skripsi\Experiment_TA\data\raw\RGB2\S43\AC1\RGB2_SUB43ACT1F121.jpg,0,0,0.39112940430641174
662,43,1,151,D:\Skripsi\Experiment_TA\data\raw\RGB2\S43\AC1\RGB2_SUB43ACT1F151.jpg,0,0,0.4971007704734802
663,43,1,181,D:\Skripsi\Experiment_TA\data\raw\RGB2\S43\AC1\RGB2_SUB43ACT1F181.jpg,0,0,0.43321093916893005
664,43,1,31,D:\Skripsi\Experiment_TA\data\raw\RGB2\S43\AC1\RGB2_SUB43ACT1F31.jpg,0,0,0.3260055482387543
665,43,1,61,D:\Skripsi\Experiment_TA\data\raw\RGB2\S43\AC1\RGB2_SUB43ACT1F61.jpg,0,0,0.33008599281311035
666,43,1,91,D:\Skripsi\Experiment_TA\data\raw\RGB2\S43\AC1\RGB2_SUB43ACT1F91.jpg,0,0,0.49606287479400635
667,43,5,1,D:\Skripsi\Experiment_TA\data\raw\RGB2\S43\AC5\RGB2_SUB43ACT5F1.jpg,1,1,0.6882524490356445
668,43,5,121,D:\Skripsi\Experiment_TA\data\raw\RGB2\S43\AC5\RGB2_SUB43ACT5F121.jpg,1,1,0.6258466243743896
669,43,5,151,D:\Skripsi\Experiment_TA\data\raw\RGB2\S43\AC5\RGB2_SUB43ACT5F151.jpg,1,1,0.8440318703651428
670,43,5,181,D:\Skripsi\Experiment_TA\data\raw\RGB2\S43\AC5\RGB2_SUB43ACT5F181.jpg,1,1,0.8059667944908142
671,43,5,31,D:\Skripsi\Experiment_TA\data\raw\RGB2\S43\AC5\RGB2_SUB43ACT5F31.jpg,1,1,0.6528887152671814
672,43,5,61,D:\Skripsi\Experiment_TA\data\raw\RGB2\S43\AC5\RGB2_SUB43ACT5F61.jpg,1,0,0.4734133780002594
673,43,5,91,D:\Skripsi\Experiment_TA\data\raw\RGB2\S43\AC5\RGB2_SUB43ACT5F91.jpg,1,1,0.7224816083908081
674,43,6,1,D:\Skripsi\Experiment_TA\data\raw\RGB2\S43\AC6\RGB2_SUB43ACT6F1.jpg,1,1,0.8095040321350098
675,43,6,121,D:\Skripsi\Experiment_TA\data\raw\RGB2\S43\AC6\RGB2_SUB43ACT6F121.jpg,1,1,0.6560162305831909
676,43,6,151,D:\Skripsi\Experiment_TA\data\raw\RGB2\S43\AC6\RGB2_SUB43ACT6F151.jpg,1,1,0.6900686025619507
677,43,6,181,D:\Skripsi\Experiment_TA\data\raw\RGB2\S43\AC6\RGB2_SUB43ACT6F181.jpg,1,1,0.6855458617210388
678,43,6,31,D:\Skripsi\Experiment_TA\data\raw\RGB2\S43\AC6\RGB2_SUB43ACT6F31.jpg,1,1,0.7527794241905212
679,43,6,61,D:\Skripsi\Experiment_TA\data\raw\RGB2\S43\AC6\RGB2_SUB43ACT6F61.jpg,1,1,0.7851420640945435
680,43,6,91,D:\Skripsi\Experiment_TA\data\raw\RGB2\S43\AC6\RGB2_SUB43ACT6F91.jpg,1,1,0.7608221769332886
681,43,7,1,D:\Skripsi\Experiment_TA\data\raw\RGB2\S43\AC7\RGB2_SUB43ACT7F1.jpg,1,1,0.8712416291236877
682,43,7,121,D:\Skripsi\Experiment_TA\data\raw\RGB2\S43\AC7\RGB2_SUB43ACT7F121.jpg,1,1,0.7817553877830505
683,43,7,151,D:\Skripsi\Experiment_TA\data\raw\RGB2\S43\AC7\RGB2_SUB43ACT7F151.jpg,1,1,0.85945725440979
684,43,7,181,D:\Skripsi\Experiment_TA\data\raw\RGB2\S43\AC7\RGB2_SUB43ACT7F181.jpg,1,1,0.6180127263069153
685,43,7,211,D:\Skripsi\Experiment_TA\data\raw\RGB2\S43\AC7\RGB2_SUB43ACT7F211.jpg,1,1,0.7725773453712463
686,43,7,31,D:\Skripsi\Experiment_TA\data\raw\RGB2\S43\AC7\RGB2_SUB43ACT7F31.jpg,1,1,0.9149715900421143
687,43,7,61,D:\Skripsi\Experiment_TA\data\raw\RGB2\S43\AC7\RGB2_SUB43ACT7F61.jpg,1,1,0.8251327276229858
688,43,7,91,D:\Skripsi\Experiment_TA\data\raw\RGB2\S43\AC7\RGB2_SUB43ACT7F91.jpg,1,1,0.780379056930542
689,43,8,1,D:\Skripsi\Experiment_TA\data\raw\RGB2\S43\AC8\RGB2_SUB43ACT8F1.jpg,1,1,0.8006786704063416
690,43,8,121,D:\Skripsi\Experiment_TA\data\raw\RGB2\S43\AC8\RGB2_SUB43ACT8F121.jpg,1,1,0.6554878950119019
691,43,8,151,D:\Skripsi\Experiment_TA\data\raw\RGB2\S43\AC8\RGB2_SUB43ACT8F151.jpg,1,1,0.6391271948814392
692,43,8,181,D:\Skripsi\Experiment_TA\data\raw\RGB2\S43\AC8\RGB2_SUB43ACT8F181.jpg,1,1,0.6816517114639282
693,43,8,211,D:\Skripsi\Experiment_TA\data\raw\RGB2\S43\AC8\RGB2_SUB43ACT8F211.jpg,1,1,0.7161014080047607
694,43,8,241,D:\Skripsi\Experiment_TA\data\raw\RGB2\S43\AC8\RGB2_SUB43ACT8F241.jpg,1,1,0.6577814221382141
695,43,8,31,D:\Skripsi\Experiment_TA\data\raw\RGB2\S43\AC8\RGB2_SUB43ACT8F31.jpg,1,1,0.5812239646911621
696,43,8,61,D:\Skripsi\Experiment_TA\data\raw\RGB2\S43\AC8\RGB2_SUB43ACT8F61.jpg,1,1,0.6989825963973999
697,43,8,91,D:\Skripsi\Experiment_TA\data\raw\RGB2\S43\AC8\RGB2_SUB43ACT8F91.jpg,1,1,0.7814542055130005
698,43,9,1,D:\Skripsi\Experiment_TA\data\raw\RGB2\S43\AC9\RGB2_SUB43ACT9F1.jpg,1,1,0.6507384777069092
699,43,9,121,D:\Skripsi\Experiment_TA\data\raw\RGB2\S43\AC9\RGB2_SUB43ACT9F121.jpg,1,1,0.7092245817184448
700,43,9,151,D:\Skripsi\Experiment_TA\data\raw\RGB2\S43\AC9\RGB2_SUB43ACT9F151.jpg,1,1,0.7390226721763611
701,43,9,31,D:\Skripsi\Experiment_TA\data\raw\RGB2\S43\AC9\RGB2_SUB43ACT9F31.jpg,1,1,0.7953177690505981
702,43,9,61,D:\Skripsi\Experiment_TA\data\raw\RGB2\S43\AC9\RGB2_SUB43ACT9F61.jpg,1,1,0.8038264513015747
703,43,9,91,D:\Skripsi\Experiment_TA\data\raw\RGB2\S43\AC9\RGB2_SUB43ACT9F91.jpg,1,1,0.8757199645042419
704,44,1,1,D:\Skripsi\Experiment_TA\data\raw\RGB2\S44\AC1\RGB2_SUB44ACT1F1.jpg,0,1,0.6915860176086426
705,44,1,121,D:\Skripsi\Experiment_TA\data\raw\RGB2\S44\AC1\RGB2_SUB44ACT1F121.jpg,0,0,0.41974499821662903
706,44,1,151,D:\Skripsi\Experiment_TA\data\raw\RGB2\S44\AC1\RGB2_SUB44ACT1F151.jpg,0,0,0.2202269732952118
707,44,1,31,D:\Skripsi\Experiment_TA\data\raw\RGB2\S44\AC1\RGB2_SUB44ACT1F31.jpg,0,1,0.6884733438491821
708,44,1,61,D:\Skripsi\Experiment_TA\data\raw\RGB2\S44\AC1\RGB2_SUB44ACT1F61.jpg,0,0,0.47823894023895264
709,44,1,91,D:\Skripsi\Experiment_TA\data\raw\RGB2\S44\AC1\RGB2_SUB44ACT1F91.jpg,0,0,0.20386475324630737
710,44,5,1,D:\Skripsi\Experiment_TA\data\raw\RGB2\S44\AC5\RGB2_SUB44ACT5F1.jpg,1,1,0.6677206158638
711,44,5,121,D:\Skripsi\Experiment_TA\data\raw\RGB2\S44\AC5\RGB2_SUB44ACT5F121.jpg,1,1,0.5651959776878357
712,44,5,31,D:\Skripsi\Experiment_TA\data\raw\RGB2\S44\AC5\RGB2_SUB44ACT5F31.jpg,1,1,0.6311529278755188
713,44,5,61,D:\Skripsi\Experiment_TA\data\raw\RGB2\S44\AC5\RGB2_SUB44ACT5F61.jpg,1,1,0.71439129114151
714,44,5,91,D:\Skripsi\Experiment_TA\data\raw\RGB2\S44\AC5\RGB2_SUB44ACT5F91.jpg,1,1,0.572619616985321
715,44,6,1,D:\Skripsi\Experiment_TA\data\raw\RGB2\S44\AC6\RGB2_SUB44ACT6F1.jpg,1,1,0.900560736656189
716,44,6,121,D:\Skripsi\Experiment_TA\data\raw\RGB2\S44\AC6\RGB2_SUB44ACT6F121.jpg,1,1,0.9095933437347412
717,44,6,31,D:\Skripsi\Experiment_TA\data\raw\RGB2\S44\AC6\RGB2_SUB44ACT6F31.jpg,1,1,0.7088444232940674
718,44,6,61,D:\Skripsi\Experiment_TA\data\raw\RGB2\S44\AC6\RGB2_SUB44ACT6F61.jpg,1,1,0.7260066866874695
719,44,6,91,D:\Skripsi\Experiment_TA\data\raw\RGB2\S44\AC6\RGB2_SUB44ACT6F91.jpg,1,1,0.5779305696487427
720,44,7,1,D:\Skripsi\Experiment_TA\data\raw\RGB2\S44\AC7\RGB2_SUB44ACT7F1.jpg,1,1,0.9399451017379761
721,44,7,121,D:\Skripsi\Experiment_TA\data\raw\RGB2\S44\AC7\RGB2_SUB44ACT7F121.jpg,1,1,0.9185367822647095
722,44,7,151,D:\Skripsi\Experiment_TA\data\raw\RGB2\S44\AC7\RGB2_SUB44ACT7F151.jpg,1,1,0.8988332748413086
723,44,7,31,D:\Skripsi\Experiment_TA\data\raw\RGB2\S44\AC7\RGB2_SUB44ACT7F31.jpg,1,1,0.9629358649253845
724,44,7,61,D:\Skripsi\Experiment_TA\data\raw\RGB2\S44\AC7\RGB2_SUB44ACT7F61.jpg,1,1,0.7623786926269531
725,44,7,91,D:\Skripsi\Experiment_TA\data\raw\RGB2\S44\AC7\RGB2_SUB44ACT7F91.jpg,1,1,0.9332258105278015
726,44,8,1,D:\Skripsi\Experiment_TA\data\raw\RGB2\S44\AC8\RGB2_SUB44ACT8F1.jpg,1,1,0.9280335903167725
727,44,8,121,D:\Skripsi\Experiment_TA\data\raw\RGB2\S44\AC8\RGB2_SUB44ACT8F121.jpg,1,1,0.9372580647468567
728,44,8,151,D:\Skripsi\Experiment_TA\data\raw\RGB2\S44\AC8\RGB2_SUB44ACT8F151.jpg,1,1,0.9822455644607544
729,44,8,181,D:\Skripsi\Experiment_TA\data\raw\RGB2\S44\AC8\RGB2_SUB44ACT8F181.jpg,1,1,0.9557526111602783
730,44,8,31,D:\Skripsi\Experiment_TA\data\raw\RGB2\S44\AC8\RGB2_SUB44ACT8F31.jpg,1,1,0.6600050330162048
731,44,8,61,D:\Skripsi\Experiment_TA\data\raw\RGB2\S44\AC8\RGB2_SUB44ACT8F61.jpg,1,1,0.9571008682250977
732,44,8,91,D:\Skripsi\Experiment_TA\data\raw\RGB2\S44\AC8\RGB2_SUB44ACT8F91.jpg,1,1,0.9143705368041992
733,44,9,1,D:\Skripsi\Experiment_TA\data\raw\RGB2\S44\AC9\RGB2_SUB44ACT9F1.jpg,1,1,0.8378610610961914
734,44,9,121,D:\Skripsi\Experiment_TA\data\raw\RGB2\S44\AC9\RGB2_SUB44ACT9F121.jpg,1,1,0.7869348526000977
735,44,9,151,D:\Skripsi\Experiment_TA\data\raw\RGB2\S44\AC9\RGB2_SUB44ACT9F151.jpg,1,1,0.7092675566673279
736,44,9,181,D:\Skripsi\Experiment_TA\data\raw\RGB2\S44\AC9\RGB2_SUB44ACT9F181.jpg,1,1,0.841434895992279
737,44,9,31,D:\Skripsi\Experiment_TA\data\raw\RGB2\S44\AC9\RGB2_SUB44ACT9F31.jpg,1,1,0.8996102213859558
738,44,9,61,D:\Skripsi\Experiment_TA\data\raw\RGB2\S44\AC9\RGB2_SUB44ACT9F61.jpg,1,1,0.7889621257781982
739,44,9,91,D:\Skripsi\Experiment_TA\data\raw\RGB2\S44\AC9\RGB2_SUB44ACT9F91.jpg,1,1,0.6154883503913879
740,45,1,1,D:\Skripsi\Experiment_TA\data\raw\RGB2\S45\AC1\RGB2_SUB45ACT1F1.jpg,0,1,0.6055932641029358
741,45,1,121,D:\Skripsi\Experiment_TA\data\raw\RGB2\S45\AC1\RGB2_SUB45ACT1F121.jpg,0,0,0.2966960370540619
742,45,1,151,D:\Skripsi\Experiment_TA\data\raw\RGB2\S45\AC1\RGB2_SUB45ACT1F151.jpg,0,0,0.4691551625728607
743,45,1,31,D:\Skripsi\Experiment_TA\data\raw\RGB2\S45\AC1\RGB2_SUB45ACT1F31.jpg,0,1,0.563099205493927
744,45,1,61,D:\Skripsi\Experiment_TA\data\raw\RGB2\S45\AC1\RGB2_SUB45ACT1F61.jpg,0,0,0.38860371708869934
745,45,1,91,D:\Skripsi\Experiment_TA\data\raw\RGB2\S45\AC1\RGB2_SUB45ACT1F91.jpg,0,0,0.23495690524578094
746,45,5,1,D:\Skripsi\Experiment_TA\data\raw\RGB2\S45\AC5\RGB2_SUB45ACT5F1.jpg,1,1,0.7343778610229492
747,45,5,31,D:\Skripsi\Experiment_TA\data\raw\RGB2\S45\AC5\RGB2_SUB45ACT5F31.jpg,1,1,0.8349555730819702
748,45,5,61,D:\Skripsi\Experiment_TA\data\raw\RGB2\S45\AC5\RGB2_SUB45ACT5F61.jpg,1,1,0.881661593914032
749,45,5,91,D:\Skripsi\Experiment_TA\data\raw\RGB2\S45\AC5\RGB2_SUB45ACT5F91.jpg,1,1,0.8914362788200378
750,45,6,1,D:\Skripsi\Experiment_TA\data\raw\RGB2\S45\AC6\RGB2_SUB45ACT6F1.jpg,1,0,0.33715614676475525
751,45,6,121,D:\Skripsi\Experiment_TA\data\raw\RGB2\S45\AC6\RGB2_SUB45ACT6F121.jpg,1,1,0.5691170692443848
752,45,6,151,D:\Skripsi\Experiment_TA\data\raw\RGB2\S45\AC6\RGB2_SUB45ACT6F151.jpg,1,0,0.4945858418941498
753,45,6,31,D:\Skripsi\Experiment_TA\data\raw\RGB2\S45\AC6\RGB2_SUB45ACT6F31.jpg,1,1,0.55381178855896
754,45,6,61,D:\Skripsi\Experiment_TA\data\raw\RGB2\S45\AC6\RGB2_SUB45ACT6F61.jpg,1,1,0.7676088213920593
755,45,6,91,D:\Skripsi\Experiment_TA\data\raw\RGB2\S45\AC6\RGB2_SUB45ACT6F91.jpg,1,1,0.5977067351341248
756,45,7,1,D:\Skripsi\Experiment_TA\data\raw\RGB2\S45\AC7\RGB2_SUB45ACT7F1.jpg,1,1,0.9603666663169861
757,45,7,121,D:\Skripsi\Experiment_TA\data\raw\RGB2\S45\AC7\RGB2_SUB45ACT7F121.jpg,1,1,0.8624774813652039
758,45,7,151,D:\Skripsi\Experiment_TA\data\raw\RGB2\S45\AC7\RGB2_SUB45ACT7F151.jpg,1,1,0.837002158164978
759,45,7,181,D:\Skripsi\Experiment_TA\data\raw\RGB2\S45\AC7\RGB2_SUB45ACT7F181.jpg,1,1,0.8258403539657593
760,45,7,31,D:\Skripsi\Experiment_TA\data\raw\RGB2\S45\AC7\RGB2_SUB45ACT7F31.jpg,1,1,0.9467076659202576
761,45,7,61,D:\Skripsi\Experiment_TA\data\raw\RGB2\S45\AC7\RGB2_SUB45ACT7F61.jpg,1,1,0.7979838252067566
762,45,7,91,D:\Skripsi\Experiment_TA\data\raw\RGB2\S45\AC7\RGB2_SUB45ACT7F91.jpg,1,1,0.792875349521637
763,45,8,1,D:\Skripsi\Experiment_TA\data\raw\RGB2\S45\AC8\RGB2_SUB45ACT8F1.jpg,1,1,0.5697370171546936
764,45,8,121,D:\Skripsi\Experiment_TA\data\raw\RGB2\S45\AC8\RGB2_SUB45ACT8F121.jpg,1,1,0.8413252234458923
765,45,8,151,D:\Skripsi\Experiment_TA\data\raw\RGB2\S45\AC8\RGB2_SUB45ACT8F151.jpg,1,1,0.741378128528595
766,45,8,181,D:\Skripsi\Experiment_TA\data\raw\RGB2\S45\AC8\RGB2_SUB45ACT8F181.jpg,1,1,0.6072260737419128
767,45,8,211,D:\Skripsi\Experiment_TA\data\raw\RGB2\S45\AC8\RGB2_SUB45ACT8F211.jpg,1,1,0.7657301425933838
768,45,8,31,D:\Skripsi\Experiment_TA\data\raw\RGB2\S45\AC8\RGB2_SUB45ACT8F31.jpg,1,1,0.7784345149993896
769,45,8,61,D:\Skripsi\Experiment_TA\data\raw\RGB2\S45\AC8\RGB2_SUB45ACT8F61.jpg,1,1,0.5788651704788208
770,45,8,91,D:\Skripsi\Experiment_TA\data\raw\RGB2\S45\AC8\RGB2_SUB45ACT8F91.jpg,1,1,0.71719890832901
771,45,9,1,D:\Skripsi\Experiment_TA\data\raw\RGB2\S45\AC9\RGB2_SUB45ACT9F1.jpg,1,1,0.5608083009719849
772,45,9,121,D:\Skripsi\Experiment_TA\data\raw\RGB2\S45\AC9\RGB2_SUB45ACT9F121.jpg,1,1,0.8278272151947021
773,45,9,151,D:\Skripsi\Experiment_TA\data\raw\RGB2\S45\AC9\RGB2_SUB45ACT9F151.jpg,1,1,0.9455278515815735
774,45,9,181,D:\Skripsi\Experiment_TA\data\raw\RGB2\S45\AC9\RGB2_SUB45ACT9F181.jpg,1,1,0.960365355014801
775,45,9,211,D:\Skripsi\Experiment_TA\data\raw\RGB2\S45\AC9\RGB2_SUB45ACT9F211.jpg,1,1,0.7567043900489807
776,45,9,31,D:\Skripsi\Experiment_TA\data\raw\RGB2\S45\AC9\RGB2_SUB45ACT9F31.jpg,1,1,0.8563075661659241
777,45,9,61,D:\Skripsi\Experiment_TA\data\raw\RGB2\S45\AC9\RGB2_SUB45ACT9F61.jpg,1,1,0.6888643503189087
778,45,9,91,D:\Skripsi\Experiment_TA\data\raw\RGB2\S45\AC9\RGB2_SUB45ACT9F91.jpg,1,1,0.8352853059768677
779,46,1,1,D:\Skripsi\Experiment_TA\data\raw\RGB2\S46\AC1\RGB2_SUB46ACT1F1.jpg,0,1,0.6632664203643799
780,46,1,121,D:\Skripsi\Experiment_TA\data\raw\RGB2\S46\AC1\RGB2_SUB46ACT1F121.jpg,0,0,0.4705551862716675
781,46,1,151,D:\Skripsi\Experiment_TA\data\raw\RGB2\S46\AC1\RGB2_SUB46ACT1F151.jpg,0,0,0.49472808837890625
782,46,1,181,D:\Skripsi\Experiment_TA\data\raw\RGB2\S46\AC1\RGB2_SUB46ACT1F181.jpg,0,0,0.2932594418525696
783,46,1,211,D:\Skripsi\Experiment_TA\data\raw\RGB2\S46\AC1\RGB2_SUB46ACT1F211.jpg,0,1,0.6865471005439758
784,46,1,241,D:\Skripsi\Experiment_TA\data\raw\RGB2\S46\AC1\RGB2_SUB46ACT1F241.jpg,0,1,0.8906600475311279
785,46,1,31,D:\Skripsi\Experiment_TA\data\raw\RGB2\S46\AC1\RGB2_SUB46ACT1F31.jpg,0,0,0.41474002599716187
786,46,1,61,D:\Skripsi\Experiment_TA\data\raw\RGB2\S46\AC1\RGB2_SUB46ACT1F61.jpg,0,1,0.8277094960212708
787,46,1,91,D:\Skripsi\Experiment_TA\data\raw\RGB2\S46\AC1\RGB2_SUB46ACT1F91.jpg,0,1,0.5111892223358154
788,46,5,1,D:\Skripsi\Experiment_TA\data\raw\RGB2\S46\AC5\RGB2_SUB46ACT5F1.jpg,1,1,0.9207897186279297
789,46,5,121,D:\Skripsi\Experiment_TA\data\raw\RGB2\S46\AC5\RGB2_SUB46ACT5F121.jpg,1,1,0.7521713376045227
790,46,5,31,D:\Skripsi\Experiment_TA\data\raw\RGB2\S46\AC5\RGB2_SUB46ACT5F31.jpg,1,1,0.7921105623245239
791,46,5,61,D:\Skripsi\Experiment_TA\data\raw\RGB2\S46\AC5\RGB2_SUB46ACT5F61.jpg,1,1,0.5358253717422485
792,46,5,91,D:\Skripsi\Experiment_TA\data\raw\RGB2\S46\AC5\RGB2_SUB46ACT5F91.jpg,1,1,0.9001708030700684
793,46,6,1,D:\Skripsi\Experiment_TA\data\raw\RGB2\S46\AC6\RGB2_SUB46ACT6F1.jpg,1,1,0.9487878084182739
794,46,6,121,D:\Skripsi\Experiment_TA\data\raw\RGB2\S46\AC6\RGB2_SUB46ACT6F121.jpg,1,1,0.6365112066268921
795,46,6,31,D:\Skripsi\Experiment_TA\data\raw\RGB2\S46\AC6\RGB2_SUB46ACT6F31.jpg,1,1,0.829074501991272
796,46,6,61,D:\Skripsi\Experiment_TA\data\raw\RGB2\S46\AC6\RGB2_SUB46ACT6F61.jpg,1,1,0.8068100810050964
797,46,6,91,D:\Skripsi\Experiment_TA\data\raw\RGB2\S46\AC6\RGB2_SUB46ACT6F91.jpg,1,0,0.43459847569465637
798,46,7,1,D:\Skripsi\Experiment_TA\data\raw\RGB2\S46\AC7\RGB2_SUB46ACT7F1.jpg,1,1,0.6026341915130615
799,46,7,121,D:\Skripsi\Experiment_TA\data\raw\RGB2\S46\AC7\RGB2_SUB46ACT7F121.jpg,1,1,0.7453020215034485
800,46,7,31,D:\Skripsi\Experiment_TA\data\raw\RGB2\S46\AC7\RGB2_SUB46ACT7F31.jpg,1,1,0.6409651637077332
801,46,7,61,D:\Skripsi\Experiment_TA\data\raw\RGB2\S46\AC7\RGB2_SUB46ACT7F61.jpg,1,1,0.6172989010810852
802,46,7,91,D:\Skripsi\Experiment_TA\data\raw\RGB2\S46\AC7\RGB2_SUB46ACT7F91.jpg,1,1,0.741492509841919
803,46,8,1,D:\Skripsi\Experiment_TA\data\raw\RGB2\S46\AC8\RGB2_SUB46ACT8F1.jpg,1,1,0.9545853734016418
804,46,8,121,D:\Skripsi\Experiment_TA\data\raw\RGB2\S46\AC8\RGB2_SUB46ACT8F121.jpg,1,1,0.9190008044242859
805,46,8,151,D:\Skripsi\Experiment_TA\data\raw\RGB2\S46\AC8\RGB2_SUB46ACT8F151.jpg,1,1,0.873214840888977
806,46,8,31,D:\Skripsi\Experiment_TA\data\raw\RGB2\S46\AC8\RGB2_SUB46ACT8F31.jpg,1,1,0.8071485757827759
807,46,8,61,D:\Skripsi\Experiment_TA\data\raw\RGB2\S46\AC8\RGB2_SUB46ACT8F61.jpg,1,1,0.8498994708061218
808,46,8,91,D:\Skripsi\Experiment_TA\data\raw\RGB2\S46\AC8\RGB2_SUB46ACT8F91.jpg,1,1,0.7331702709197998
809,46,9,1,D:\Skripsi\Experiment_TA\data\raw\RGB2\S46\AC9\RGB2_SUB46ACT9F1.jpg,1,1,0.966120183467865
810,46,9,31,D:\Skripsi\Experiment_TA\data\raw\RGB2\S46\AC9\RGB2_SUB46ACT9F31.jpg,1,1,0.9092951416969299
811,46,9,61,D:\Skripsi\Experiment_TA\data\raw\RGB2\S46\AC9\RGB2_SUB46ACT9F61.jpg,1,1,0.834257185459137
812,47,1,1,D:\Skripsi\Experiment_TA\data\raw\RGB2\S47\AC1\RGB2_SUB47ACT1F1.jpg,0,0,0.12804493308067322
813,47,1,121,D:\Skripsi\Experiment_TA\data\raw\RGB2\S47\AC1\RGB2_SUB47ACT1F121.jpg,0,0,0.47013580799102783
814,47,1,151,D:\Skripsi\Experiment_TA\data\raw\RGB2\S47\AC1\RGB2_SUB47ACT1F151.jpg,0,0,0.10940499603748322
815,47,1,181,D:\Skripsi\Experiment_TA\data\raw\RGB2\S47\AC1\RGB2_SUB47ACT1F181.jpg,0,0,0.22444477677345276
816,47,1,31,D:\Skripsi\Experiment_TA\data\raw\RGB2\S47\AC1\RGB2_SUB47ACT1F31.jpg,0,0,0.47923049330711365
817,47,1,61,D:\Skripsi\Experiment_TA\data\raw\RGB2\S47\AC1\RGB2_SUB47ACT1F61.jpg,0,1,0.6270942091941833
818,47,1,91,D:\Skripsi\Experiment_TA\data\raw\RGB2\S47\AC1\RGB2_SUB47ACT1F91.jpg,0,1,0.6555225253105164
819,47,5,1,D:\Skripsi\Experiment_TA\data\raw\RGB2\S47\AC5\RGB2_SUB47ACT5F1.jpg,1,1,0.5612803101539612
820,47,5,31,D:\Skripsi\Experiment_TA\data\raw\RGB2\S47\AC5\RGB2_SUB47ACT5F31.jpg,1,0,0.3742307722568512
821,47,5,61,D:\Skripsi\Experiment_TA\data\raw\RGB2\S47\AC5\RGB2_SUB47ACT5F61.jpg,1,1,0.5774421095848083
822,47,5,91,D:\Skripsi\Experiment_TA\data\raw\RGB2\S47\AC5\RGB2_SUB47ACT5F91.jpg,1,1,0.7401775121688843
823,47,6,1,D:\Skripsi\Experiment_TA\data\raw\RGB2\S47\AC6\RGB2_SUB47ACT6F1.jpg,1,1,0.7612527012825012
824,47,6,31,D:\Skripsi\Experiment_TA\data\raw\RGB2\S47\AC6\RGB2_SUB47ACT6F31.jpg,1,1,0.7779983282089233
825,47,6,61,D:\Skripsi\Experiment_TA\data\raw\RGB2\S47\AC6\RGB2_SUB47ACT6F61.jpg,1,1,0.7451691627502441
826,47,6,91,D:\Skripsi\Experiment_TA\data\raw\RGB2\S47\AC6\RGB2_SUB47ACT6F91.jpg,1,1,0.900313675403595
827,47,7,1,D:\Skripsi\Experiment_TA\data\raw\RGB2\S47\AC7\RGB2_SUB47ACT7F1.jpg,1,1,0.9188714623451233
828,47,7,121,D:\Skripsi\Experiment_TA\data\raw\RGB2\S47\AC7\RGB2_SUB47ACT7F121.jpg,1,1,0.7001082897186279
829,47,7,151,D:\Skripsi\Experiment_TA\data\raw\RGB2\S47\AC7\RGB2_SUB47ACT7F151.jpg,1,1,0.9599161148071289
830,47,7,31,D:\Skripsi\Experiment_TA\data\raw\RGB2\S47\AC7\RGB2_SUB47ACT7F31.jpg,1,1,0.8966467976570129
831,47,7,61,D:\Skripsi\Experiment_TA\data\raw\RGB2\S47\AC7\RGB2_SUB47ACT7F61.jpg,1,1,0.9493777751922607
832,47,7,91,D:\Skripsi\Experiment_TA\data\raw\RGB2\S47\AC7\RGB2_SUB47ACT7F91.jpg,1,1,0.8761729001998901
833,47,8,1,D:\Skripsi\Experiment_TA\data\raw\RGB2\S47\AC8\RGB2_SUB47ACT8F1.jpg,1,1,0.6825223565101624
834,47,8,121,D:\Skripsi\Experiment_TA\data\raw\RGB2\S47\AC8\RGB2_SUB47ACT8F121.jpg,1,1,0.5246790647506714
835,47,8,151,D:\Skripsi\Experiment_TA\data\raw\RGB2\S47\AC8\RGB2_SUB47ACT8F151.jpg,1,1,0.5719802379608154
836,47,8,31,D:\Skripsi\Experiment_TA\data\raw\RGB2\S47\AC8\RGB2_SUB47ACT8F31.jpg,1,1,0.8238192796707153
837,47,8,61,D:\Skripsi\Experiment_TA\data\raw\RGB2\S47\AC8\RGB2_SUB47ACT8F61.jpg,1,1,0.6986284255981445
838,47,8,91,D:\Skripsi\Experiment_TA\data\raw\RGB2\S47\AC8\RGB2_SUB47ACT8F91.jpg,1,1,0.7283717393875122
839,47,9,1,D:\Skripsi\Experiment_TA\data\raw\RGB2\S47\AC9\RGB2_SUB47ACT9F1.jpg,1,1,0.9669029116630554
840,47,9,121,D:\Skripsi\Experiment_TA\data\raw\RGB2\S47\AC9\RGB2_SUB47ACT9F121.jpg,1,1,0.8607333898544312
841,47,9,151,D:\Skripsi\Experiment_TA\data\raw\RGB2\S47\AC9\RGB2_SUB47ACT9F151.jpg,1,1,0.9657422304153442
842,47,9,31,D:\Skripsi\Experiment_TA\data\raw\RGB2\S47\AC9\RGB2_SUB47ACT9F31.jpg,1,1,0.5531585812568665
843,47,9,61,D:\Skripsi\Experiment_TA\data\raw\RGB2\S47\AC9\RGB2_SUB47ACT9F61.jpg,1,1,0.7887271642684937
844,47,9,91,D:\Skripsi\Experiment_TA\data\raw\RGB2\S47\AC9\RGB2_SUB47ACT9F91.jpg,1,0,0.34189122915267944
845,48,1,1,D:\Skripsi\Experiment_TA\data\raw\RGB2\S48\AC1\RGB2_SUB48ACT1F1.jpg,0,1,0.6034942865371704
846,48,1,121,D:\Skripsi\Experiment_TA\data\raw\RGB2\S48\AC1\RGB2_SUB48ACT1F121.jpg,0,0,0.311579167842865
847,48,1,31,D:\Skripsi\Experiment_TA\data\raw\RGB2\S48\AC1\RGB2_SUB48ACT1F31.jpg,0,1,0.5008656978607178
848,48,1,61,D:\Skripsi\Experiment_TA\data\raw\RGB2\S48\AC1\RGB2_SUB48ACT1F61.jpg,0,1,0.6706199049949646
849,48,1,91,D:\Skripsi\Experiment_TA\data\raw\RGB2\S48\AC1\RGB2_SUB48ACT1F91.jpg,0,1,0.8025495409965515
850,48,5,1,D:\Skripsi\Experiment_TA\data\raw\RGB2\S48\AC5\RGB2_SUB48ACT5F1.jpg,1,1,0.9115830659866333
851,48,5,121,D:\Skripsi\Experiment_TA\data\raw\RGB2\S48\AC5\RGB2_SUB48ACT5F121.jpg,1,1,0.8439945578575134
852,48,5,31,D:\Skripsi\Experiment_TA\data\raw\RGB2\S48\AC5\RGB2_SUB48ACT5F31.jpg,1,1,0.5474368929862976
853,48,5,61,D:\Skripsi\Experiment_TA\data\raw\RGB2\S48\AC5\RGB2_SUB48ACT5F61.jpg,1,1,0.664665162563324
854,48,5,91,D:\Skripsi\Experiment_TA\data\raw\RGB2\S48\AC5\RGB2_SUB48ACT5F91.jpg,1,1,0.7885292768478394
855,48,6,1,D:\Skripsi\Experiment_TA\data\raw\RGB2\S48\AC6\RGB2_SUB48ACT6F1.jpg,1,0,0.4794486165046692
856,48,6,31,D:\Skripsi\Experiment_TA\data\raw\RGB2\S48\AC6\RGB2_SUB48ACT6F31.jpg,1,0,0.3410508632659912
857,48,6,61,D:\Skripsi\Experiment_TA\data\raw\RGB2\S48\AC6\RGB2_SUB48ACT6F61.jpg,1,1,0.7332286834716797
858,48,6,91,D:\Skripsi\Experiment_TA\data\raw\RGB2\S48\AC6\RGB2_SUB48ACT6F91.jpg,1,1,0.8271393179893494
859,48,7,1,D:\Skripsi\Experiment_TA\data\raw\RGB2\S48\AC7\RGB2_SUB48ACT7F1.jpg,1,1,0.8264026045799255
860,48,7,121,D:\Skripsi\Experiment_TA\data\raw\RGB2\S48\AC7\RGB2_SUB48ACT7F121.jpg,1,1,0.6034224629402161
861,48,7,151,D:\Skripsi\Experiment_TA\data\raw\RGB2\S48\AC7\RGB2_SUB48ACT7F151.jpg,1,1,0.8934599757194519
862,48,7,181,D:\Skripsi\Experiment_TA\data\raw\RGB2\S48\AC7\RGB2_SUB48ACT7F181.jpg,1,1,0.9173981547355652
863,48,7,31,D:\Skripsi\Experiment_TA\data\raw\RGB2\S48\AC7\RGB2_SUB48ACT7F31.jpg,1,1,0.781296968460083
864,48,7,61,D:\Skripsi\Experiment_TA\data\raw\RGB2\S48\AC7\RGB2_SUB48ACT7F61.jpg,1,1,0.7525396347045898
865,48,7,91,D:\Skripsi\Experiment_TA\data\raw\RGB2\S48\AC7\RGB2_SUB48ACT7F91.jpg,1,1,0.8744001984596252
866,48,8,1,D:\Skripsi\Experiment_TA\data\raw\RGB2\S48\AC8\RGB2_SUB48ACT8F1.jpg,1,1,0.6837000250816345
867,48,8,121,D:\Skripsi\Experiment_TA\data\raw\RGB2\S48\AC8\RGB2_SUB48ACT8F121.jpg,1,1,0.5806279182434082
868,48,8,151,D:\Skripsi\Experiment_TA\data\raw\RGB2\S48\AC8\RGB2_SUB48ACT8F151.jpg,1,1,0.5436160564422607
869,48,8,181,D:\Skripsi\Experiment_TA\data\raw\RGB2\S48\AC8\RGB2_SUB48ACT8F181.jpg,1,1,0.5113885402679443
870,48,8,31,D:\Skripsi\Experiment_TA\data\raw\RGB2\S48\AC8\RGB2_SUB48ACT8F31.jpg,1,1,0.6679342985153198
871,48,8,61,D:\Skripsi\Experiment_TA\data\raw\RGB2\S48\AC8\RGB2_SUB48ACT8F61.jpg,1,1,0.5799248814582825
872,48,8,91,D:\Skripsi\Experiment_TA\data\raw\RGB2\S48\AC8\RGB2_SUB48ACT8F91.jpg,1,1,0.5121890306472778
873,48,9,1,D:\Skripsi\Experiment_TA\data\raw\RGB2\S48\AC9\RGB2_SUB48ACT9F1.jpg,1,1,0.8294287919998169
874,48,9,121,D:\Skripsi\Experiment_TA\data\raw\RGB2\S48\AC9\RGB2_SUB48ACT9F121.jpg,1,1,0.8267714381217957
875,48,9,151,D:\Skripsi\Experiment_TA\data\raw\RGB2\S48\AC9\RGB2_SUB48ACT9F151.jpg,1,1,0.7709299325942993
876,48,9,31,D:\Skripsi\Experiment_TA\data\raw\RGB2\S48\AC9\RGB2_SUB48ACT9F31.jpg,1,1,0.9271629452705383
877,48,9,61,D:\Skripsi\Experiment_TA\data\raw\RGB2\S48\AC9\RGB2_SUB48ACT9F61.jpg,1,1,0.8855509161949158
878,48,9,91,D:\Skripsi\Experiment_TA\data\raw\RGB2\S48\AC9\RGB2_SUB48ACT9F91.jpg,1,1,0.9861422181129456
879,49,1,1,D:\Skripsi\Experiment_TA\data\raw\RGB2\S49\AC1\RGB2_SUB49ACT1F1.jpg,0,1,0.553416907787323
880,49,1,121,D:\Skripsi\Experiment_TA\data\raw\RGB2\S49\AC1\RGB2_SUB49ACT1F121.jpg,0,0,0.49071040749549866
881,49,1,151,D:\Skripsi\Experiment_TA\data\raw\RGB2\S49\AC1\RGB2_SUB49ACT1F151.jpg,0,0,0.47053417563438416
882,49,1,31,D:\Skripsi\Experiment_TA\data\raw\RGB2\S49\AC1\RGB2_SUB49ACT1F31.jpg,0,0,0.43385615944862366
883,49,1,61,D:\Skripsi\Experiment_TA\data\raw\RGB2\S49\AC1\RGB2_SUB49ACT1F61.jpg,0,0,0.47658005356788635
884,49,1,91,D:\Skripsi\Experiment_TA\data\raw\RGB2\S49\AC1\RGB2_SUB49ACT1F91.jpg,0,1,0.6149135828018188
885,49,5,1,D:\Skripsi\Experiment_TA\data\raw\RGB2\S49\AC5\RGB2_SUB49ACT5F1.jpg,1,1,0.5266739130020142
886,49,5,121,D:\Skripsi\Experiment_TA\data\raw\RGB2\S49\AC5\RGB2_SUB49ACT5F121.jpg,1,1,0.8134310841560364
887,49,5,151,D:\Skripsi\Experiment_TA\data\raw\RGB2\S49\AC5\RGB2_SUB49ACT5F151.jpg,1,1,0.7550375461578369
888,49,5,31,D:\Skripsi\Experiment_TA\data\raw\RGB2\S49\AC5\RGB2_SUB49ACT5F31.jpg,1,1,0.8103557229042053
889,49,5,61,D:\Skripsi\Experiment_TA\data\raw\RGB2\S49\AC5\RGB2_SUB49ACT5F61.jpg,1,1,0.8832433223724365
890,49,5,91,D:\Skripsi\Experiment_TA\data\raw\RGB2\S49\AC5\RGB2_SUB49ACT5F91.jpg,1,1,0.9001832604408264
891,49,6,1,D:\Skripsi\Experiment_TA\data\raw\RGB2\S49\AC6\RGB2_SUB49ACT6F1.jpg,1,0,0.3966132700443268
892,49,6,121,D:\Skripsi\Experiment_TA\data\raw\RGB2\S49\AC6\RGB2_SUB49ACT6F121.jpg,1,1,0.840556800365448
893,49,6,151,D:\Skripsi\Experiment_TA\data\raw\RGB2\S49\AC6\RGB2_SUB49ACT6F151.jpg,1,1,0.8461970090866089
894,49,6,181,D:\Skripsi\Experiment_TA\data\raw\RGB2\S49\AC6\RGB2_SUB49ACT6F181.jpg,1,0,0.49620217084884644
895,49,6,31,D:\Skripsi\Experiment_TA\data\raw\RGB2\S49\AC6\RGB2_SUB49ACT6F31.jpg,1,1,0.6513381004333496
896,49,6,61,D:\Skripsi\Experiment_TA\data\raw\RGB2\S49\AC6\RGB2_SUB49ACT6F61.jpg,1,1,0.6534017324447632
897,49,6,91,D:\Skripsi\Experiment_TA\data\raw\RGB2\S49\AC6\RGB2_SUB49ACT6F91.jpg,1,1,0.6872690320014954
898,49,7,1,D:\Skripsi\Experiment_TA\data\raw\RGB2\S49\AC7\RGB2_SUB49ACT7F1.jpg,1,1,0.9083827137947083
899,49,7,121,D:\Skripsi\Experiment_TA\data\raw\RGB2\S49\AC7\RGB2_SUB49ACT7F121.jpg,1,1,0.8518123626708984
900,49,7,31,D:\Skripsi\Experiment_TA\data\raw\RGB2\S49\AC7\RGB2_SUB49ACT7F31.jpg,1,1,0.8435828685760498
901,49,7,61,D:\Skripsi\Experiment_TA\data\raw\RGB2\S49\AC7\RGB2_SUB49ACT7F61.jpg,1,1,0.8564563393592834
902,49,7,91,D:\Skripsi\Experiment_TA\data\raw\RGB2\S49\AC7\RGB2_SUB49ACT7F91.jpg,1,1,0.8874469995498657
903,49,8,1,D:\Skripsi\Experiment_TA\data\raw\RGB2\S49\AC8\RGB2_SUB49ACT8F1.jpg,1,1,0.6968275308609009
904,49,8,121,D:\Skripsi\Experiment_TA\data\raw\RGB2\S49\AC8\RGB2_SUB49ACT8F121.jpg,1,0,0.46299174427986145
905,49,8,151,D:\Skripsi\Experiment_TA\data\raw\RGB2\S49\AC8\RGB2_SUB49ACT8F151.jpg,1,1,0.9324185848236084
906,49,8,181,D:\Skripsi\Experiment_TA\data\raw\RGB2\S49\AC8\RGB2_SUB49ACT8F181.jpg,1,1,0.6853064894676208
907,49,8,211,D:\Skripsi\Experiment_TA\data\raw\RGB2\S49\AC8\RGB2_SUB49ACT8F211.jpg,1,1,0.6599637866020203
908,49,8,31,D:\Skripsi\Experiment_TA\data\raw\RGB2\S49\AC8\RGB2_SUB49ACT8F31.jpg,1,1,0.6223796010017395
909,49,8,61,D:\Skripsi\Experiment_TA\data\raw\RGB2\S49\AC8\RGB2_SUB49ACT8F61.jpg,1,1,0.6974890828132629
910,49,8,91,D:\Skripsi\Experiment_TA\data\raw\RGB2\S49\AC8\RGB2_SUB49ACT8F91.jpg,1,1,0.6912555694580078
911,49,9,1,D:\Skripsi\Experiment_TA\data\raw\RGB2\S49\AC9\RGB2_SUB49ACT9F1.jpg,1,1,0.9041078090667725
912,49,9,121,D:\Skripsi\Experiment_TA\data\raw\RGB2\S49\AC9\RGB2_SUB49ACT9F121.jpg,1,1,0.9206492304801941
913,49,9,151,D:\Skripsi\Experiment_TA\data\raw\RGB2\S49\AC9\RGB2_SUB49ACT9F151.jpg,1,1,0.9043583869934082
914,49,9,181,D:\Skripsi\Experiment_TA\data\raw\RGB2\S49\AC9\RGB2_SUB49ACT9F181.jpg,1,1,0.9665447473526001
915,49,9,31,D:\Skripsi\Experiment_TA\data\raw\RGB2\S49\AC9\RGB2_SUB49ACT9F31.jpg,1,1,0.8585718870162964
916,49,9,61,D:\Skripsi\Experiment_TA\data\raw\RGB2\S49\AC9\RGB2_SUB49ACT9F61.jpg,1,1,0.8393740653991699
917,49,9,91,D:\Skripsi\Experiment_TA\data\raw\RGB2\S49\AC9\RGB2_SUB49ACT9F91.jpg,1,1,0.8898639678955078
918,5,1,1,D:\Skripsi\Experiment_TA\data\raw\RGB2\S5\AC1\RGB2_SUB5ACT1F1.jpg,0,0,0.37628719210624695
919,5,1,121,D:\Skripsi\Experiment_TA\data\raw\RGB2\S5\AC1\RGB2_SUB5ACT1F121.jpg,0,0,0.42659133672714233
920,5,1,31,D:\Skripsi\Experiment_TA\data\raw\RGB2\S5\AC1\RGB2_SUB5ACT1F31.jpg,0,0,0.3108981251716614
921,5,1,61,D:\Skripsi\Experiment_TA\data\raw\RGB2\S5\AC1\RGB2_SUB5ACT1F61.jpg,0,1,0.8350843787193298
922,5,1,91,D:\Skripsi\Experiment_TA\data\raw\RGB2\S5\AC1\RGB2_SUB5ACT1F91.jpg,0,1,0.5304840803146362
923,5,5,1,D:\Skripsi\Experiment_TA\data\raw\RGB2\S5\AC5\RGB2_SUB5ACT5F1.jpg,1,1,0.5744781494140625
924,5,5,121,D:\Skripsi\Experiment_TA\data\raw\RGB2\S5\AC5\RGB2_SUB5ACT5F121.jpg,1,1,0.8095591068267822
925,5,5,31,D:\Skripsi\Experiment_TA\data\raw\RGB2\S5\AC5\RGB2_SUB5ACT5F31.jpg,1,1,0.690034031867981
926,5,5,61,D:\Skripsi\Experiment_TA\data\raw\RGB2\S5\AC5\RGB2_SUB5ACT5F61.jpg,1,1,0.6842466592788696
927,5,5,91,D:\Skripsi\Experiment_TA\data\raw\RGB2\S5\AC5\RGB2_SUB5ACT5F91.jpg,1,1,0.762878954410553
928,5,6,1,D:\Skripsi\Experiment_TA\data\raw\RGB2\S5\AC6\RGB2_SUB5ACT6F1.jpg,1,1,0.8759135007858276
929,5,6,121,D:\Skripsi\Experiment_TA\data\raw\RGB2\S5\AC6\RGB2_SUB5ACT6F121.jpg,1,1,0.8249849677085876
930,5,6,31,D:\Skripsi\Experiment_TA\data\raw\RGB2\S5\AC6\RGB2_SUB5ACT6F31.jpg,1,1,0.8101937174797058
931,5,6,61,D:\Skripsi\Experiment_TA\data\raw\RGB2\S5\AC6\RGB2_SUB5ACT6F61.jpg,1,1,0.5613769888877869
932,5,6,91,D:\Skripsi\Experiment_TA\data\raw\RGB2\S5\AC6\RGB2_SUB5ACT6F91.jpg,1,1,0.6631678938865662
933,5,7,1,D:\Skripsi\Experiment_TA\data\raw\RGB2\S5\AC7\RGB2_SUB5ACT7F1.jpg,1,1,0.6163812875747681
934,5,7,121,D:\Skripsi\Experiment_TA\data\raw\RGB2\S5\AC7\RGB2_SUB5ACT7F121.jpg,1,1,0.8699648976325989
935,5,7,151,D:\Skripsi\Experiment_TA\data\raw\RGB2\S5\AC7\RGB2_SUB5ACT7F151.jpg,1,1,0.9639249444007874
936,5,7,31,D:\Skripsi\Experiment_TA\data\raw\RGB2\S5\AC7\RGB2_SUB5ACT7F31.jpg,1,1,0.9786745309829712
937,5,7,61,D:\Skripsi\Experiment_TA\data\raw\RGB2\S5\AC7\RGB2_SUB5ACT7F61.jpg,1,1,0.9219806790351868
938,5,7,91,D:\Skripsi\Experiment_TA\data\raw\RGB2\S5\AC7\RGB2_SUB5ACT7F91.jpg,1,1,0.904021680355072
939,5,8,1,D:\Skripsi\Experiment_TA\data\raw\RGB2\S5\AC8\RGB2_SUB5ACT8F1.jpg,1,1,0.5145109295845032
940,5,8,121,D:\Skripsi\Experiment_TA\data\raw\RGB2\S5\AC8\RGB2_SUB5ACT8F121.jpg,1,1,0.5020934343338013
941,5,8,151,D:\Skripsi\Experiment_TA\data\raw\RGB2\S5\AC8\RGB2_SUB5ACT8F151.jpg,1,1,0.6263862252235413
942,5,8,31,D:\Skripsi\Experiment_TA\data\raw\RGB2\S5\AC8\RGB2_SUB5ACT8F31.jpg,1,1,0.7433421015739441
943,5,8,61,D:\Skripsi\Experiment_TA\data\raw\RGB2\S5\AC8\RGB2_SUB5ACT8F61.jpg,1,1,0.686394989490509
944,5,8,91,D:\Skripsi\Experiment_TA\data\raw\RGB2\S5\AC8\RGB2_SUB5ACT8F91.jpg,1,1,0.8915190100669861
945,5,9,1,D:\Skripsi\Experiment_TA\data\raw\RGB2\S5\AC9\RGB2_SUB5ACT9F1.jpg,1,0,0.4440513849258423
946,5,9,121,D:\Skripsi\Experiment_TA\data\raw\RGB2\S5\AC9\RGB2_SUB5ACT9F121.jpg,1,1,0.6508190035820007
947,5,9,151,D:\Skripsi\Experiment_TA\data\raw\RGB2\S5\AC9\RGB2_SUB5ACT9F151.jpg,1,1,0.7579964399337769
948,5,9,31,D:\Skripsi\Experiment_TA\data\raw\RGB2\S5\AC9\RGB2_SUB5ACT9F31.jpg,1,1,0.709988534450531
949,5,9,61,D:\Skripsi\Experiment_TA\data\raw\RGB2\S5\AC9\RGB2_SUB5ACT9F61.jpg,1,1,0.5963411927223206
950,5,9,91,D:\Skripsi\Experiment_TA\data\raw\RGB2\S5\AC9\RGB2_SUB5ACT9F91.jpg,1,1,0.9025921821594238
951,50,1,1,D:\Skripsi\Experiment_TA\data\raw\RGB2\S50\AC1\RGB2_SUB50ACT1F1.jpg,0,1,0.851158857345581
952,50,1,31,D:\Skripsi\Experiment_TA\data\raw\RGB2\S50\AC1\RGB2_SUB50ACT1F31.jpg,0,1,0.6547279953956604
953,50,1,61,D:\Skripsi\Experiment_TA\data\raw\RGB2\S50\AC1\RGB2_SUB50ACT1F61.jpg,0,1,0.607171356678009
954,50,1,91,D:\Skripsi\Experiment_TA\data\raw\RGB2\S50\AC1\RGB2_SUB50ACT1F91.jpg,0,1,0.710683286190033
955,50,5,1,D:\Skripsi\Experiment_TA\data\raw\RGB2\S50\AC5\RGB2_SUB50ACT5F1.jpg,1,1,0.7251863479614258
956,50,5,121,D:\Skripsi\Experiment_TA\data\raw\RGB2\S50\AC5\RGB2_SUB50ACT5F121.jpg,1,1,0.8818925619125366
957,50,5,31,D:\Skripsi\Experiment_TA\data\raw\RGB2\S50\AC5\RGB2_SUB50ACT5F31.jpg,1,1,0.8620602488517761
958,50,5,61,D:\Skripsi\Experiment_TA\data\raw\RGB2\S50\AC5\RGB2_SUB50ACT5F61.jpg,1,1,0.8592399954795837
959,50,5,91,D:\Skripsi\Experiment_TA\data\raw\RGB2\S50\AC5\RGB2_SUB50ACT5F91.jpg,1,1,0.752878725528717
960,50,6,1,D:\Skripsi\Experiment_TA\data\raw\RGB2\S50\AC6\RGB2_SUB50ACT6F1.jpg,1,1,0.9208141565322876
961,50,6,121,D:\Skripsi\Experiment_TA\data\raw\RGB2\S50\AC6\RGB2_SUB50ACT6F121.jpg,1,1,0.9434072971343994
962,50,6,31,D:\Skripsi\Experiment_TA\data\raw\RGB2\S50\AC6\RGB2_SUB50ACT6F31.jpg,1,1,0.6275765895843506
963,50,6,61,D:\Skripsi\Experiment_TA\data\raw\RGB2\S50\AC6\RGB2_SUB50ACT6F61.jpg,1,1,0.828357994556427
964,50,6,91,D:\Skripsi\Experiment_TA\data\raw\RGB2\S50\AC6\RGB2_SUB50ACT6F91.jpg,1,0,0.2956927716732025
965,50,7,1,D:\Skripsi\Experiment_TA\data\raw\RGB2\S50\AC7\RGB2_SUB50ACT7F1.jpg,1,1,0.7952951192855835
966,50,7,121,D:\Skripsi\Experiment_TA\data\raw\RGB2\S50\AC7\RGB2_SUB50ACT7F121.jpg,1,1,0.7845435738563538
967,50,7,31,D:\Skripsi\Experiment_TA\data\raw\RGB2\S50\AC7\RGB2_SUB50ACT7F31.jpg,1,1,0.8184323310852051
968,50,7,61,D:\Skripsi\Experiment_TA\data\raw\RGB2\S50\AC7\RGB2_SUB50ACT7F61.jpg,1,1,0.8002711534500122
969,50,7,91,D:\Skripsi\Experiment_TA\data\raw\RGB2\S50\AC7\RGB2_SUB50ACT7F91.jpg,1,1,0.8143293857574463
970,50,8,1,D:\Skripsi\Experiment_TA\data\raw\RGB2\S50\AC8\RGB2_SUB50ACT8F1.jpg,1,1,0.841015636920929
971,50,8,121,D:\Skripsi\Experiment_TA\data\raw\RGB2\S50\AC8\RGB2_SUB50ACT8F121.jpg,1,1,0.829529345035553
972,50,8,151,D:\Skripsi\Experiment_TA\data\raw\RGB2\S50\AC8\RGB2_SUB50ACT8F151.jpg,1,1,0.8610917925834656
973,50,8,181,D:\Skripsi\Experiment_TA\data\raw\RGB2\S50\AC8\RGB2_SUB50ACT8F181.jpg,1,1,0.8898627758026123
974,50,8,211,D:\Skripsi\Experiment_TA\data\raw\RGB2\S50\AC8\RGB2_SUB50ACT8F211.jpg,1,1,0.8665094971656799
975,50,8,31,D:\Skripsi\Experiment_TA\data\raw\RGB2\S50\AC8\RGB2_SUB50ACT8F31.jpg,1,1,0.5551035404205322
976,50,8,61,D:\Skripsi\Experiment_TA\data\raw\RGB2\S50\AC8\RGB2_SUB50ACT8F61.jpg,1,1,0.8186031579971313
977,50,8,91,D:\Skripsi\Experiment_TA\data\raw\RGB2\S50\AC8\RGB2_SUB50ACT8F91.jpg,1,1,0.8228045105934143
978,50,9,1,D:\Skripsi\Experiment_TA\data\raw\RGB2\S50\AC9\RGB2_SUB50ACT9F1.jpg,1,1,0.8434871435165405
979,50,9,121,D:\Skripsi\Experiment_TA\data\raw\RGB2\S50\AC9\RGB2_SUB50ACT9F121.jpg,1,1,0.6761969923973083
980,50,9,151,D:\Skripsi\Experiment_TA\data\raw\RGB2\S50\AC9\RGB2_SUB50ACT9F151.jpg,1,1,0.7340311408042908
981,50,9,181,D:\Skripsi\Experiment_TA\data\raw\RGB2\S50\AC9\RGB2_SUB50ACT9F181.jpg,1,1,0.6573195457458496
982,50,9,31,D:\Skripsi\Experiment_TA\data\raw\RGB2\S50\AC9\RGB2_SUB50ACT9F31.jpg,1,1,0.7096547484397888
983,50,9,61,D:\Skripsi\Experiment_TA\data\raw\RGB2\S50\AC9\RGB2_SUB50ACT9F61.jpg,1,1,0.717887282371521
984,50,9,91,D:\Skripsi\Experiment_TA\data\raw\RGB2\S50\AC9\RGB2_SUB50ACT9F91.jpg,1,1,0.8503223061561584
985,6,1,1,D:\Skripsi\Experiment_TA\data\raw\RGB2\S6\AC1\RGB2_SUB6ACT1F1.jpg,0,0,0.20766550302505493
986,6,1,121,D:\Skripsi\Experiment_TA\data\raw\RGB2\S6\AC1\RGB2_SUB6ACT1F121.jpg,0,0,0.19164900481700897
987,6,1,31,D:\Skripsi\Experiment_TA\data\raw\RGB2\S6\AC1\RGB2_SUB6ACT1F31.jpg,0,0,0.29940706491470337
988,6,1,61,D:\Skripsi\Experiment_TA\data\raw\RGB2\S6\AC1\RGB2_SUB6ACT1F61.jpg,0,0,0.22799989581108093
989,6,1,91,D:\Skripsi\Experiment_TA\data\raw\RGB2\S6\AC1\RGB2_SUB6ACT1F91.jpg,0,0,0.2504028081893921
990,6,5,1,D:\Skripsi\Experiment_TA\data\raw\RGB2\S6\AC5\RGB2_SUB6ACT5F1.jpg,1,1,0.8868100643157959
991,6,5,121,D:\Skripsi\Experiment_TA\data\raw\RGB2\S6\AC5\RGB2_SUB6ACT5F121.jpg,1,1,0.717982828617096
992,6,5,31,D:\Skripsi\Experiment_TA\data\raw\RGB2\S6\AC5\RGB2_SUB6ACT5F31.jpg,1,1,0.9284347891807556
993,6,5,61,D:\Skripsi\Experiment_TA\data\raw\RGB2\S6\AC5\RGB2_SUB6ACT5F61.jpg,1,1,0.8877032995223999
994,6,5,91,D:\Skripsi\Experiment_TA\data\raw\RGB2\S6\AC5\RGB2_SUB6ACT5F91.jpg,1,1,0.7311016917228699
995,6,6,1,D:\Skripsi\Experiment_TA\data\raw\RGB2\S6\AC6\RGB2_SUB6ACT6F1.jpg,1,1,0.9448689818382263
996,6,6,121,D:\Skripsi\Experiment_TA\data\raw\RGB2\S6\AC6\RGB2_SUB6ACT6F121.jpg,1,1,0.8866556882858276
997,6,6,151,D:\Skripsi\Experiment_TA\data\raw\RGB2\S6\AC6\RGB2_SUB6ACT6F151.jpg,1,1,0.8501601815223694
998,6,6,31,D:\Skripsi\Experiment_TA\data\raw\RGB2\S6\AC6\RGB2_SUB6ACT6F31.jpg,1,1,0.8829100728034973
999,6,6,61,D:\Skripsi\Experiment_TA\data\raw\RGB2\S6\AC6\RGB2_SUB6ACT6F61.jpg,1,1,0.8261493444442749
1000,6,6,91,D:\Skripsi\Experiment_TA\data\raw\RGB2\S6\AC6\RGB2_SUB6ACT6F91.jpg,1,1,0.8830506801605225
1001,6,7,1,D:\Skripsi\Experiment_TA\data\raw\RGB2\S6\AC7\RGB2_SUB6ACT7F1.jpg,1,0,0.31459537148475647
1002,6,7,121,D:\Skripsi\Experiment_TA\data\raw\RGB2\S6\AC7\RGB2_SUB6ACT7F121.jpg,1,1,0.9771261215209961
1003,6,7,31,D:\Skripsi\Experiment_TA\data\raw\RGB2\S6\AC7\RGB2_SUB6ACT7F31.jpg,1,1,0.9644420742988586
1004,6,7,61,D:\Skripsi\Experiment_TA\data\raw\RGB2\S6\AC7\RGB2_SUB6ACT7F61.jpg,1,1,0.9891363382339478
1005,6,7,91,D:\Skripsi\Experiment_TA\data\raw\RGB2\S6\AC7\RGB2_SUB6ACT7F91.jpg,1,1,0.8066209554672241
1006,6,8,1,D:\Skripsi\Experiment_TA\data\raw\RGB2\S6\AC8\RGB2_SUB6ACT8F1.jpg,1,1,0.7775630354881287
1007,6,8,121,D:\Skripsi\Experiment_TA\data\raw\RGB2\S6\AC8\RGB2_SUB6ACT8F121.jpg,1,1,0.9767968058586121
1008,6,8,151,D:\Skripsi\Experiment_TA\data\raw\RGB2\S6\AC8\RGB2_SUB6ACT8F151.jpg,1,1,0.9624521732330322
1009,6,8,31,D:\Skripsi\Experiment_TA\data\raw\RGB2\S6\AC8\RGB2_SUB6ACT8F31.jpg,1,0,0.24936842918395996
1010,6,8,61,D:\Skripsi\Experiment_TA\data\raw\RGB2\S6\AC8\RGB2_SUB6ACT8F61.jpg,1,0,0.21470016241073608
1011,6,8,91,D:\Skripsi\Experiment_TA\data\raw\RGB2\S6\AC8\RGB2_SUB6ACT8F91.jpg,1,0,0.2080312967300415
1012,6,9,1,D:\Skripsi\Experiment_TA\data\raw\RGB2\S6\AC9\RGB2_SUB6ACT9F1.jpg,1,1,0.8659701943397522
1013,6,9,121,D:\Skripsi\Experiment_TA\data\raw\RGB2\S6\AC9\RGB2_SUB6ACT9F121.jpg,1,1,0.9391568303108215
1014,6,9,151,D:\Skripsi\Experiment_TA\data\raw\RGB2\S6\AC9\RGB2_SUB6ACT9F151.jpg,1,1,0.8776703476905823
1015,6,9,31,D:\Skripsi\Experiment_TA\data\raw\RGB2\S6\AC9\RGB2_SUB6ACT9F31.jpg,1,1,0.7498189210891724
1016,6,9,61,D:\Skripsi\Experiment_TA\data\raw\RGB2\S6\AC9\RGB2_SUB6ACT9F61.jpg,1,1,0.8950709104537964
1017,6,9,91,D:\Skripsi\Experiment_TA\data\raw\RGB2\S6\AC9\RGB2_SUB6ACT9F91.jpg,1,1,0.7404019236564636
1018,7,1,1,D:\Skripsi\Experiment_TA\data\raw\RGB2\S7\AC1\RGB2_SUB7ACT1F1.jpg,0,0,0.1203589141368866
1019,7,1,121,D:\Skripsi\Experiment_TA\data\raw\RGB2\S7\AC1\RGB2_SUB7ACT1F121.jpg,0,0,0.14712737500667572
1020,7,1,31,D:\Skripsi\Experiment_TA\data\raw\RGB2\S7\AC1\RGB2_SUB7ACT1F31.jpg,0,0,0.1302565485239029
1021,7,1,61,D:\Skripsi\Experiment_TA\data\raw\RGB2\S7\AC1\RGB2_SUB7ACT1F61.jpg,0,0,0.10737928748130798
1022,7,1,91,D:\Skripsi\Experiment_TA\data\raw\RGB2\S7\AC1\RGB2_SUB7ACT1F91.jpg,0,0,0.405911386013031
1023,7,5,1,D:\Skripsi\Experiment_TA\data\raw\RGB2\S7\AC5\RGB2_SUB7ACT5F1.jpg,1,0,0.16816477477550507
1024,7,5,121,D:\Skripsi\Experiment_TA\data\raw\RGB2\S7\AC5\RGB2_SUB7ACT5F121.jpg,1,1,0.9114335179328918
1025,7,5,31,D:\Skripsi\Experiment_TA\data\raw\RGB2\S7\AC5\RGB2_SUB7ACT5F31.jpg,1,1,0.8694067001342773
1026,7,5,61,D:\Skripsi\Experiment_TA\data\raw\RGB2\S7\AC5\RGB2_SUB7ACT5F61.jpg,1,1,0.7501146197319031
1027,7,5,91,D:\Skripsi\Experiment_TA\data\raw\RGB2\S7\AC5\RGB2_SUB7ACT5F91.jpg,1,1,0.7743390202522278
1028,7,6,1,D:\Skripsi\Experiment_TA\data\raw\RGB2\S7\AC6\RGB2_SUB7ACT6F1.jpg,1,1,0.6763193607330322
1029,7,6,121,D:\Skripsi\Experiment_TA\data\raw\RGB2\S7\AC6\RGB2_SUB7ACT6F121.jpg,1,0,0.4504122734069824
1030,7,6,31,D:\Skripsi\Experiment_TA\data\raw\RGB2\S7\AC6\RGB2_SUB7ACT6F31.jpg,1,0,0.44974949955940247
1031,7,6,61,D:\Skripsi\Experiment_TA\data\raw\RGB2\S7\AC6\RGB2_SUB7ACT6F61.jpg,1,1,0.5846049189567566
1032,7,6,91,D:\Skripsi\Experiment_TA\data\raw\RGB2\S7\AC6\RGB2_SUB7ACT6F91.jpg,1,1,0.5623374581336975
1033,7,7,1,D:\Skripsi\Experiment_TA\data\raw\RGB2\S7\AC7\RGB2_SUB7ACT7F1.jpg,1,0,0.12294033169746399
1034,7,7,121,D:\Skripsi\Experiment_TA\data\raw\RGB2\S7\AC7\RGB2_SUB7ACT7F121.jpg,1,1,0.7894925475120544
1035,7,7,151,D:\Skripsi\Experiment_TA\data\raw\RGB2\S7\AC7\RGB2_SUB7ACT7F151.jpg,1,1,0.9240846037864685
1036,7,7,31,D:\Skripsi\Experiment_TA\data\raw\RGB2\S7\AC7\RGB2_SUB7ACT7F31.jpg,1,1,0.726309597492218
1037,7,7,61,D:\Skripsi\Experiment_TA\data\raw\RGB2\S7\AC7\RGB2_SUB7ACT7F61.jpg,1,1,0.9619990587234497
1038,7,7,91,D:\Skripsi\Experiment_TA\data\raw\RGB2\S7\AC7\RGB2_SUB7ACT7F91.jpg,1,1,0.7701268792152405
1039,7,8,1,D:\Skripsi\Experiment_TA\data\raw\RGB2\S7\AC8\RGB2_SUB7ACT8F1.jpg,1,0,0.23091775178909302
1040,7,8,121,D:\Skripsi\Experiment_TA\data\raw\RGB2\S7\AC8\RGB2_SUB7ACT8F121.jpg,1,0,0.3211669325828552
1041,7,8,31,D:\Skripsi\Experiment_TA\data\raw\RGB2\S7\AC8\RGB2_SUB7ACT8F31.jpg,1,0,0.35526180267333984
1042,7,8,61,D:\Skripsi\Experiment_TA\data\raw\RGB2\S7\AC8\RGB2_SUB7ACT8F61.jpg,1,0,0.4245690107345581
1043,7,8,91,D:\Skripsi\Experiment_TA\data\raw\RGB2\S7\AC8\RGB2_SUB7ACT8F91.jpg,1,0,0.33748915791511536
1044,7,9,1,D:\Skripsi\Experiment_TA\data\raw\RGB2\S7\AC9\RGB2_SUB7ACT9F1.jpg,1,0,0.1846236288547516
1045,7,9,121,D:\Skripsi\Experiment_TA\data\raw\RGB2\S7\AC9\RGB2_SUB7ACT9F121.jpg,1,1,0.9077147841453552
1046,7,9,31,D:\Skripsi\Experiment_TA\data\raw\RGB2\S7\AC9\RGB2_SUB7ACT9F31.jpg,1,1,0.7050399780273438
1047,7,9,61,D:\Skripsi\Experiment_TA\data\raw\RGB2\S7\AC9\RGB2_SUB7ACT9F61.jpg,1,1,0.7603227496147156
1048,7,9,91,D:\Skripsi\Experiment_TA\data\raw\RGB2\S7\AC9\RGB2_SUB7ACT9F91.jpg,1,1,0.9291346073150635
1049,9,1,1,D:\Skripsi\Experiment_TA\data\raw\RGB2\S9\AC1\RGB2_SUB9ACT1F1.jpg,0,0,0.11756856739521027
1050,9,1,121,D:\Skripsi\Experiment_TA\data\raw\RGB2\S9\AC1\RGB2_SUB9ACT1F121.jpg,0,1,0.816145658493042
1051,9,1,151,D:\Skripsi\Experiment_TA\data\raw\RGB2\S9\AC1\RGB2_SUB9ACT1F151.jpg,0,0,0.2451140433549881
1052,9,1,31,D:\Skripsi\Experiment_TA\data\raw\RGB2\S9\AC1\RGB2_SUB9ACT1F31.jpg,0,0,0.08609497547149658
1053,9,1,61,D:\Skripsi\Experiment_TA\data\raw\RGB2\S9\AC1\RGB2_SUB9ACT1F61.jpg,0,0,0.07590990513563156
1054,9,1,91,D:\Skripsi\Experiment_TA\data\raw\RGB2\S9\AC1\RGB2_SUB9ACT1F91.jpg,0,1,0.8147796392440796
1055,9,5,1,D:\Skripsi\Experiment_TA\data\raw\RGB2\S9\AC5\RGB2_SUB9ACT5F1.jpg,1,1,0.9241781830787659
1056,9,5,121,D:\Skripsi\Experiment_TA\data\raw\RGB2\S9\AC5\RGB2_SUB9ACT5F121.jpg,1,1,0.8244194388389587
1057,9,5,151,D:\Skripsi\Experiment_TA\data\raw\RGB2\S9\AC5\RGB2_SUB9ACT5F151.jpg,1,1,0.9390771389007568
1058,9,5,31,D:\Skripsi\Experiment_TA\data\raw\RGB2\S9\AC5\RGB2_SUB9ACT5F31.jpg,1,1,0.8634196519851685
1059,9,5,61,D:\Skripsi\Experiment_TA\data\raw\RGB2\S9\AC5\RGB2_SUB9ACT5F61.jpg,1,1,0.7734651565551758
1060,9,5,91,D:\Skripsi\Experiment_TA\data\raw\RGB2\S9\AC5\RGB2_SUB9ACT5F91.jpg,1,1,0.8637071251869202
1061,9,6,1,D:\Skripsi\Experiment_TA\data\raw\RGB2\S9\AC6\RGB2_SUB9ACT6F1.jpg,1,0,0.4773496389389038
1062,9,6,121,D:\Skripsi\Experiment_TA\data\raw\RGB2\S9\AC6\RGB2_SUB9ACT6F121.jpg,1,1,0.6545842885971069
1063,9,6,31,D:\Skripsi\Experiment_TA\data\raw\RGB2\S9\AC6\RGB2_SUB9ACT6F31.jpg,1,1,0.7770474553108215
1064,9,6,61,D:\Skripsi\Experiment_TA\data\raw\RGB2\S9\AC6\RGB2_SUB9ACT6F61.jpg,1,1,0.5321230292320251
1065,9,6,91,D:\Skripsi\Experiment_TA\data\raw\RGB2\S9\AC6\RGB2_SUB9ACT6F91.jpg,1,1,0.6926295757293701
1066,9,7,1,D:\Skripsi\Experiment_TA\data\raw\RGB2\S9\AC7\RGB2_SUB9ACT7F1.jpg,1,0,0.3148256540298462
1067,9,7,121,D:\Skripsi\Experiment_TA\data\raw\RGB2\S9\AC7\RGB2_SUB9ACT7F121.jpg,1,1,0.7210266590118408
1068,9,7,151,D:\Skripsi\Experiment_TA\data\raw\RGB2\S9\AC7\RGB2_SUB9ACT7F151.jpg,1,1,0.7953913807868958
1069,9,7,181,D:\Skripsi\Experiment_TA\data\raw\RGB2\S9\AC7\RGB2_SUB9ACT7F181.jpg,1,1,0.8614115118980408
1070,9,7,31,D:\Skripsi\Experiment_TA\data\raw\RGB2\S9\AC7\RGB2_SUB9ACT7F31.jpg,1,1,0.8481031656265259
1071,9,7,61,D:\Skripsi\Experiment_TA\data\raw\RGB2\S9\AC7\RGB2_SUB9ACT7F61.jpg,1,1,0.775480329990387
1072,9,7,91,D:\Skripsi\Experiment_TA\data\raw\RGB2\S9\AC7\RGB2_SUB9ACT7F91.jpg,1,1,0.8793599009513855
1073,9,8,1,D:\Skripsi\Experiment_TA\data\raw\RGB2\S9\AC8\RGB2_SUB9ACT8F1.jpg,1,1,0.9008686542510986
1074,9,8,121,D:\Skripsi\Experiment_TA\data\raw\RGB2\S9\AC8\RGB2_SUB9ACT8F121.jpg,1,1,0.8280147314071655
1075,9,8,31,D:\Skripsi\Experiment_TA\data\raw\RGB2\S9\AC8\RGB2_SUB9ACT8F31.jpg,1,1,0.712562084197998
1076,9,8,61,D:\Skripsi\Experiment_TA\data\raw\RGB2\S9\AC8\RGB2_SUB9ACT8F61.jpg,1,1,0.7507089972496033
1077,9,8,91,D:\Skripsi\Experiment_TA\data\raw\RGB2\S9\AC8\RGB2_SUB9ACT8F91.jpg,1,0,0.4072561264038086
1078,9,9,1,D:\Skripsi\Experiment_TA\data\raw\RGB2\S9\AC9\RGB2_SUB9ACT9F1.jpg,1,0,0.3290703296661377
1079,9,9,121,D:\Skripsi\Experiment_TA\data\raw\RGB2\S9\AC9\RGB2_SUB9ACT9F121.jpg,1,1,0.8485128879547119
1080,9,9,151,D:\Skripsi\Experiment_TA\data\raw\RGB2\S9\AC9\RGB2_SUB9ACT9F151.jpg,1,1,0.7115654349327087
1081,9,9,31,D:\Skripsi\Experiment_TA\data\raw\RGB2\S9\AC9\RGB2_SUB9ACT9F31.jpg,1,1,0.6939995884895325
1082,9,9,61,D:\Skripsi\Experiment_TA\data\raw\RGB2\S9\AC9\RGB2_SUB9ACT9F61.jpg,1,1,0.8342345356941223
1083,9,9,91,D:\Skripsi\Experiment_TA\data\raw\RGB2\S9\AC9\RGB2_SUB9ACT9F91.jpg,1,1,0.73155677318573
