row_index,subject_id,activity_id,frame,filepath,label,prediction,prob_phone
0,12,1,1,D:\Skripsi\Experiment_TA\data\raw\RGB1\S12\AC1\RGB1_SUB12ACT1F1.jpg,0,0,0.22755293548107147
1,12,1,121,D:\Skripsi\Experiment_TA\data\raw\RGB1\S12\AC1\RGB1_SUB12ACT1F121.jpg,0,1,0.6576340794563293
2,12,1,151,D:\Skripsi\Experiment_TA\data\raw\RGB1\S12\AC1\RGB1_SUB12ACT1F151.jpg,0,0,0.3846064507961273
3,12,1,31,D:\Skripsi\Experiment_TA\data\raw\RGB1\S12\AC1\RGB1_SUB12ACT1F31.jpg,0,0,0.1946394294500351
4,12,1,61,D:\Skripsi\Experiment_TA\data\raw\RGB1\S12\AC1\RGB1_SUB12ACT1F61.jpg,0,0,0.29332616925239563
5,12,1,91,D:\Skripsi\Experiment_TA\data\raw\RGB1\S12\AC1\RGB1_SUB12ACT1F91.jpg,0,1,0.9642320871353149
6,12,5,1,D:\Skripsi\Experiment_TA\data\raw\RGB1\S12\AC5\RGB1_SUB12ACT5F1.jpg,1,1,0.6233291625976562
7,12,5,121,D:\Skripsi\Experiment_TA\data\raw\RGB1\S12\AC5\RGB1_SUB12ACT5F121.jpg,1,1,0.8872982263565063
8,12,5,31,D:\Skripsi\Experiment_TA\data\raw\RGB1\S12\AC5\RGB1_SUB12ACT5F31.jpg,1,1,0.9089495539665222
9,12,5,61,D:\Skripsi\Experiment_TA\data\raw\RGB1\S12\AC5\RGB1_SUB12ACT5F61.jpg,1,1,0.928190290927887
10,12,5,91,D:\Skripsi\Experiment_TA\data\raw\RGB1\S12\AC5\RGB1_SUB12ACT5F91.jpg,1,1,0.8085148930549622
11,12,6,1,D:\Skripsi\Experiment_TA\data\raw\RGB1\S12\AC6\RGB1_SUB12ACT6F1.jpg,1,1,0.7902961373329163
12,12,6,121,D:\Skripsi\Experiment_TA\data\raw\RGB1\S12\AC6\RGB1_SUB12ACT6F121.jpg,1,1,0.9104176163673401
13,12,6,151,D:\Skripsi\Experiment_TA\data\raw\RGB1\S12\AC6\RGB1_SUB12ACT6F151.jpg,1,1,0.8326886892318726
14,12,6,181,D:\Skripsi\Experiment_TA\data\raw\RGB1\S12\AC6\RGB1_SUB12ACT6F181.jpg,1,1,0.8215903043746948
15,12,6,31,D:\Skripsi\Experiment_TA\data\raw\RGB1\S12\AC6\RGB1_SUB12ACT6F31.jpg,1,1,0.7752243280410767
16,12,6,61,D:\Skripsi\Experiment_TA\data\raw\RGB1\S12\AC6\RGB1_SUB12ACT6F61.jpg,1,1,0.6725705862045288
17,12,6,91,D:\Skripsi\Experiment_TA\data\raw\RGB1\S12\AC6\RGB1_SUB12ACT6F91.jpg,1,1,0.7988725304603577
18,12,7,1,D:\Skripsi\Experiment_TA\data\raw\RGB1\S12\AC7\RGB1_SUB12ACT7F1.jpg,1,1,0.8442607522010803
19,12,7,121,D:\Skripsi\Experiment_TA\data\raw\RGB1\S12\AC7\RGB1_SUB12ACT7F121.jpg,1,1,0.9960601925849915
20,12,7,151,D:\Skripsi\Experiment_TA\data\raw\RGB1\S12\AC7\RGB1_SUB12ACT7F151.jpg,1,1,0.9939231276512146
21,12,7,181,D:\Skripsi\Experiment_TA\data\raw\RGB1\S12\AC7\RGB1_SUB12ACT7F181.jpg,1,1,0.9902849793434143
22,12,7,211,D:\Skripsi\Experiment_TA\data\raw\RGB1\S12\AC7\RGB1_SUB12ACT7F211.jpg,1,1,0.9879717230796814
23,12,7,31,D:\Skripsi\Experiment_TA\data\raw\RGB1\S12\AC7\RGB1_SUB12ACT7F31.jpg,1,1,0.9761270880699158
24,12,7,61,D:\Skripsi\Experiment_TA\data\raw\RGB1\S12\AC7\RGB1_SUB12ACT7F61.jpg,1,1,0.9886534810066223
25,12,7,91,D:\Skripsi\Experiment_TA\data\raw\RGB1\S12\AC7\RGB1_SUB12ACT7F91.jpg,1,1,0.9900354743003845
26,12,8,1,D:\Skripsi\Experiment_TA\data\raw\RGB1\S12\AC8\RGB1_SUB12ACT8F1.jpg,1,1,0.8131512999534607
27,12,8,121,D:\Skripsi\Experiment_TA\data\raw\RGB1\S12\AC8\RGB1_SUB12ACT8F121.jpg,1,1,0.7802574634552002
28,12,8,151,D:\Skripsi\Experiment_TA\data\raw\RGB1\S12\AC8\RGB1_SUB12ACT8F151.jpg,1,1,0.760928750038147
29,12,8,31,D:\Skripsi\Experiment_TA\data\raw\RGB1\S12\AC8\RGB1_SUB12ACT8F31.jpg,1,1,0.6778627038002014
30,12,8,61,D:\Skripsi\Experiment_TA\data\raw\RGB1\S12\AC8\RGB1_SUB12ACT8F61.jpg,1,1,0.7941277623176575
31,12,8,91,D:\Skripsi\Experiment_TA\data\raw\RGB1\S12\AC8\RGB1_SUB12ACT8F91.jpg,1,1,0.8988423347473145
32,12,9,1,D:\Skripsi\Experiment_TA\data\raw\RGB1\S12\AC9\RGB1_SUB12ACT9F1.jpg,1,1,0.9390228986740112
33,12,9,121,D:\Skripsi\Experiment_TA\data\raw\RGB1\S12\AC9\RGB1_SUB12ACT9F121.jpg,1,1,0.9597278833389282
34,12,9,151,D:\Skripsi\Experiment_TA\data\raw\RGB1\S12\AC9\RGB1_SUB12ACT9F151.jpg,1,1,0.9163842797279358
35,12,9,31,D:\Skripsi\Experiment_TA\data\raw\RGB1\S12\AC9\RGB1_SUB12ACT9F31.jpg,1,1,0.7854317426681519
36,12,9,61,D:\Skripsi\Experiment_TA\data\raw\RGB1\S12\AC9\RGB1_SUB12ACT9F61.jpg,1,1,0.7852917313575745
37,12,9,91,D:\Skripsi\Experiment_TA\data\raw\RGB1\S12\AC9\RGB1_SUB12ACT9F91.jpg,1,1,0.6124529838562012
38,13,1,1,D:\Skripsi\Experiment_TA\data\raw\RGB1\S13\AC1\RGB1_SUB13ACT1F1.jpg,0,0,0.3043407201766968
39,13,1,121,D:\Skripsi\Experiment_TA\data\raw\RGB1\S13\AC1\RGB1_SUB13ACT1F121.jpg,0,0,0.3467256724834442
40,13,1,31,D:\Skripsi\Experiment_TA\data\raw\RGB1\S13\AC1\RGB1_SUB13ACT1F31.jpg,0,0,0.2834644019603729
41,13,1,61,D:\Skripsi\Experiment_TA\data\raw\RGB1\S13\AC1\RGB1_SUB13ACT1F61.jpg,0,0,0.2992917597293854
42,13,1,91,D:\Skripsi\Experiment_TA\data\raw\RGB1\S13\AC1\RGB1_SUB13ACT1F91.jpg,0,0,0.3252919614315033
43,13,5,1,D:\Skripsi\Experiment_TA\data\raw\RGB1\S13\AC5\RGB1_SUB13ACT5F1.jpg,1,1,0.8680323362350464
44,13,5,121,D:\Skripsi\Experiment_TA\data\raw\RGB1\S13\AC5\RGB1_SUB13ACT5F121.jpg,1,1,0.9287891387939453
45,13,5,31,D:\Skripsi\Experiment_TA\data\raw\RGB1\S13\AC5\RGB1_SUB13ACT5F31.jpg,1,1,0.9304985404014587
46,13,5,61,D:\Skripsi\Experiment_TA\data\raw\RGB1\S13\AC5\RGB1_SUB13ACT5F61.jpg,1,1,0.9595984220504761
47,13,5,91,D:\Skripsi\Experiment_TA\data\raw\RGB1\S13\AC5\RGB1_SUB13ACT5F91.jpg,1,1,0.9262755513191223
48,13,6,1,D:\Skripsi\Experiment_TA\data\raw\RGB1\S13\AC6\RGB1_SUB13ACT6F1.jpg,1,1,0.7850162386894226
49,13,6,31,D:\Skripsi\Experiment_TA\data\raw\RGB1\S13\AC6\RGB1_SUB13ACT6F31.jpg,1,1,0.829362690448761
50,13,6,61,D:\Skripsi\Experiment_TA\data\raw\RGB1\S13\AC6\RGB1_SUB13ACT6F61.jpg,1,1,0.9241743087768555
51,13,6,91,D:\Skripsi\Experiment_TA\data\raw\RGB1\S13\AC6\RGB1_SUB13ACT6F91.jpg,1,1,0.568449854850769
52,13,7,1,D:\Skripsi\Experiment_TA\data\raw\RGB1\S13\AC7\RGB1_SUB13ACT7F1.jpg,1,1,0.8177655339241028
53,13,7,121,D:\Skripsi\Experiment_TA\data\raw\RGB1\S13\AC7\RGB1_SUB13ACT7F121.jpg,1,1,0.9624637365341187
54,13,7,31,D:\Skripsi\Experiment_TA\data\raw\RGB1\S13\AC7\RGB1_SUB13ACT7F31.jpg,1,1,0.915215790271759
55,13,7,61,D:\Skripsi\Experiment_TA\data\raw\RGB1\S13\AC7\RGB1_SUB13ACT7F61.jpg,1,1,0.9491600394248962
56,13,7,91,D:\Skripsi\Experiment_TA\data\raw\RGB1\S13\AC7\RGB1_SUB13ACT7F91.jpg,1,1,0.9553365707397461
57,13,8,1,D:\Skripsi\Experiment_TA\data\raw\RGB1\S13\AC8\RGB1_SUB13ACT8F1.jpg,1,1,0.9034677743911743
58,13,8,121,D:\Skripsi\Experiment_TA\data\raw\RGB1\S13\AC8\RGB1_SUB13ACT8F121.jpg,1,1,0.6687696576118469
59,13,8,31,D:\Skripsi\Experiment_TA\data\raw\RGB1\S13\AC8\RGB1_SUB13ACT8F31.jpg,1,1,0.9462509155273438
60,13,8,61,D:\Skripsi\Experiment_TA\data\raw\RGB1\S13\AC8\RGB1_SUB13ACT8F61.jpg,1,1,0.5577932596206665
61,13,8,91,D:\Skripsi\Experiment_TA\data\raw\RGB1\S13\AC8\RGB1_SUB13ACT8F91.jpg,1,1,0.6959114670753479
62,13,9,1,D:\Skripsi\Experiment_TA\data\raw\RGB1\S13\AC9\RGB1_SUB13ACT9F1.jpg,1,0,0.311163991689682
63,13,9,121,D:\Skripsi\Experiment_TA\data\raw\RGB1\S13\AC9\RGB1_SUB13ACT9F121.jpg,1,1,0.8786558508872986
64,13,9,151,D:\Skripsi\Experiment_TA\data\raw\RGB1\S13\AC9\RGB1_SUB13ACT9F151.jpg,1,1,0.9020458459854126
65,13,9,181,D:\Skripsi\Experiment_TA\data\raw\RGB1\S13\AC9\RGB1_SUB13ACT9F181.jpg,1,1,0.9694348573684692
66,13,9,31,D:\Skripsi\Experiment_TA\data\raw\RGB1\S13\AC9\RGB1_SUB13ACT9F31.jpg,1,1,0.9502135515213013
67,13,9,61,D:\Skripsi\Experiment_TA\data\raw\RGB1\S13\AC9\RGB1_SUB13ACT9F61.jpg,1,1,0.9133269190788269
68,13,9,91,D:\Skripsi\Experiment_TA\data\raw\RGB1\S13\AC9\RGB1_SUB13ACT9F91.jpg,1,1,0.7370648384094238
69,14,1,1,D:\Skripsi\Experiment_TA\data\raw\RGB1\S14\AC1\RGB1_SUB14ACT1F1.jpg,0,0,0.4680160880088806
70,14,1,31,D:\Skripsi\Experiment_TA\data\raw\RGB1\S14\AC1\RGB1_SUB14ACT1F31.jpg,0,1,0.547398567199707
71,14,1,61,D:\Skripsi\Experiment_TA\data\raw\RGB1\S14\AC1\RGB1_SUB14ACT1F61.jpg,0,1,0.5643665790557861
72,14,1,91,D:\Skripsi\Experiment_TA\data\raw\RGB1\S14\AC1\RGB1_SUB14ACT1F91.jpg,0,1,0.7245774865150452
73,14,5,1,D:\Skripsi\Experiment_TA\data\raw\RGB1\S14\AC5\RGB1_SUB14ACT5F1.jpg,1,1,0.6983532309532166
74,14,5,121,D:\Skripsi\Experiment_TA\data\raw\RGB1\S14\AC5\RGB1_SUB14ACT5F121.jpg,1,1,0.9523908495903015
75,14,5,31,D:\Skripsi\Experiment_TA\data\raw\RGB1\S14\AC5\RGB1_SUB14ACT5F31.jpg,1,1,0.895836353302002
76,14,5,61,D:\Skripsi\Experiment_TA\data\raw\RGB1\S14\AC5\RGB1_SUB14ACT5F61.jpg,1,1,0.9078816771507263
77,14,5,91,D:\Skripsi\Experiment_TA\data\raw\RGB1\S14\AC5\RGB1_SUB14ACT5F91.jpg,1,1,0.9386039972305298
78,14,6,1,D:\Skripsi\Experiment_TA\data\raw\RGB1\S14\AC6\RGB1_SUB14ACT6F1.jpg,1,1,0.8111284971237183
79,14,6,31,D:\Skripsi\Experiment_TA\data\raw\RGB1\S14\AC6\RGB1_SUB14ACT6F31.jpg,1,1,0.5663043260574341
80,14,6,61,D:\Skripsi\Experiment_TA\data\raw\RGB1\S14\AC6\RGB1_SUB14ACT6F61.jpg,1,1,0.7404047250747681
81,14,6,91,D:\Skripsi\Experiment_TA\data\raw\RGB1\S14\AC6\RGB1_SUB14ACT6F91.jpg,1,1,0.8709120154380798
82,14,7,1,D:\Skripsi\Experiment_TA\data\raw\RGB1\S14\AC7\RGB1_SUB14ACT7F1.jpg,1,1,0.8118890523910522
83,14,7,31,D:\Skripsi\Experiment_TA\data\raw\RGB1\S14\AC7\RGB1_SUB14ACT7F31.jpg,1,1,0.953983724117279
84,14,7,61,D:\Skripsi\Experiment_TA\data\raw\RGB1\S14\AC7\RGB1_SUB14ACT7F61.jpg,1,1,0.8811743259429932
85,14,7,91,D:\Skripsi\Experiment_TA\data\raw\RGB1\S14\AC7\RGB1_SUB14ACT7F91.jpg,1,1,0.9966512322425842
86,14,8,1,D:\Skripsi\Experiment_TA\data\raw\RGB1\S14\AC8\RGB1_SUB14ACT8F1.jpg,1,1,0.624504566192627
87,14,8,121,D:\Skripsi\Experiment_TA\data\raw\RGB1\S14\AC8\RGB1_SUB14ACT8F121.jpg,1,1,0.6550952196121216
88,14,8,31,D:\Skripsi\Experiment_TA\data\raw\RGB1\S14\AC8\RGB1_SUB14ACT8F31.jpg,1,1,0.5811213254928589
89,14,8,61,D:\Skripsi\Experiment_TA\data\raw\RGB1\S14\AC8\RGB1_SUB14ACT8F61.jpg,1,1,0.5336316227912903
90,14,8,91,D:\Skripsi\Experiment_TA\data\raw\RGB1\S14\AC8\RGB1_SUB14ACT8F91.jpg,1,1,0.5361819863319397
91,14,9,1,D:\Skripsi\Experiment_TA\data\raw\RGB1\S14\AC9\RGB1_SUB14ACT9F1.jpg,1,1,0.7385489344596863
92,14,9,121,D:\Skripsi\Experiment_TA\data\raw\RGB1\S14\AC9\RGB1_SUB14ACT9F121.jpg,1,1,0.8078403472900391
93,14,9,31,D:\Skripsi\Experiment_TA\data\raw\RGB1\S14\AC9\RGB1_SUB14ACT9F31.jpg,1,1,0.8339363932609558
94,14,9,61,D:\Skripsi\Experiment_TA\data\raw\RGB1\S14\AC9\RGB1_SUB14ACT9F61.jpg,1,1,0.9028737545013428
95,14,9,91,D:\Skripsi\Experiment_TA\data\raw\RGB1\S14\AC9\RGB1_SUB14ACT9F91.jpg,1,1,0.8863831758499146
96,16,1,1,D:\Skripsi\Experiment_TA\data\raw\RGB1\S16\AC1\RGB1_SUB16ACT1F1.jpg,0,0,0.4217286705970764
97,16,1,121,D:\Skripsi\Experiment_TA\data\raw\RGB1\S16\AC1\RGB1_SUB16ACT1F121.jpg,0,0,0.4858175814151764
98,16,1,31,D:\Skripsi\Experiment_TA\data\raw\RGB1\S16\AC1\RGB1_SUB16ACT1F31.jpg,0,0,0.4521677792072296
99,16,1,61,D:\Skripsi\Experiment_TA\data\raw\RGB1\S16\AC1\RGB1_SUB16ACT1F61.jpg,0,1,0.5847499966621399
100,16,1,91,D:\Skripsi\Experiment_TA\data\raw\RGB1\S16\AC1\RGB1_SUB16ACT1F91.jpg,0,1,0.5219143629074097
101,16,5,1,D:\Skripsi\Experiment_TA\data\raw\RGB1\S16\AC5\RGB1_SUB16ACT5F1.jpg,1,1,0.8364064693450928
102,16,5,31,D:\Skripsi\Experiment_TA\data\raw\RGB1\S16\AC5\RGB1_SUB16ACT5F31.jpg,1,1,0.7265249490737915
103,16,5,61,D:\Skripsi\Experiment_TA\data\raw\RGB1\S16\AC5\RGB1_SUB16ACT5F61.jpg,1,1,0.8536164164543152
104,16,5,91,D:\Skripsi\Experiment_TA\data\raw\RGB1\S16\AC5\RGB1_SUB16ACT5F91.jpg,1,1,0.8872851729393005
105,16,6,1,D:\Skripsi\Experiment_TA\data\raw\RGB1\S16\AC6\RGB1_SUB16ACT6F1.jpg,1,1,0.7741435170173645
106,16,6,31,D:\Skripsi\Experiment_TA\data\raw\RGB1\S16\AC6\RGB1_SUB16ACT6F31.jpg,1,1,0.9748626351356506
107,16,6,61,D:\Skripsi\Experiment_TA\data\raw\RGB1\S16\AC6\RGB1_SUB16ACT6F61.jpg,1,1,0.8768710494041443
108,16,6,91,D:\Skripsi\Experiment_TA\data\raw\RGB1\S16\AC6\RGB1_SUB16ACT6F91.jpg,1,1,0.7822214961051941
109,16,7,1,D:\Skripsi\Experiment_TA\data\raw\RGB1\S16\AC7\RGB1_SUB16ACT7F1.jpg,1,1,0.9612748026847839
110,16,7,121,D:\Skripsi\Experiment_TA\data\raw\RGB1\S16\AC7\RGB1_SUB16ACT7F121.jpg,1,1,0.6687090396881104
111,16,7,31,D:\Skripsi\Experiment_TA\data\raw\RGB1\S16\AC7\RGB1_SUB16ACT7F31.jpg,1,1,0.7835066914558411
112,16,7,61,D:\Skripsi\Experiment_TA\data\raw\RGB1\S16\AC7\RGB1_SUB16ACT7F61.jpg,1,1,0.838205099105835
113,16,7,91,D:\Skripsi\Experiment_TA\data\raw\RGB1\S16\AC7\RGB1_SUB16ACT7F91.jpg,1,1,0.9750794768333435
114,16,8,1,D:\Skripsi\Experiment_TA\data\raw\RGB1\S16\AC8\RGB1_SUB16ACT8F1.jpg,1,0,0.49124032258987427
115,16,8,121,D:\Skripsi\Experiment_TA\data\raw\RGB1\S16\AC8\RGB1_SUB16ACT8F121.jpg,1,1,0.7887778282165527
116,16,8,31,D:\Skripsi\Experiment_TA\data\raw\RGB1\S16\AC8\RGB1_SUB16ACT8F31.jpg,1,1,0.810255765914917
117,16,8,61,D:\Skripsi\Experiment_TA\data\raw\RGB1\S16\AC8\RGB1_SUB16ACT8F61.jpg,1,1,0.6088871955871582
118,16,8,91,D:\Skripsi\Experiment_TA\data\raw\RGB1\S16\AC8\RGB1_SUB16ACT8F91.jpg,1,1,0.5900410413742065
119,16,9,1,D:\Skripsi\Experiment_TA\data\raw\RGB1\S16\AC9\RGB1_SUB16ACT9F1.jpg,1,1,0.7775027751922607
120,16,9,121,D:\Skripsi\Experiment_TA\data\raw\RGB1\S16\AC9\RGB1_SUB16ACT9F121.jpg,1,1,0.915341317653656
121,16,9,31,D:\Skripsi\Experiment_TA\data\raw\RGB1\S16\AC9\RGB1_SUB16ACT9F31.jpg,1,1,0.6662339568138123
122,16,9,61,D:\Skripsi\Experiment_TA\data\raw\RGB1\S16\AC9\RGB1_SUB16ACT9F61.jpg,1,1,0.6662041544914246
123,16,9,91,D:\Skripsi\Experiment_TA\data\raw\RGB1\S16\AC9\RGB1_SUB16ACT9F91.jpg,1,1,0.8442760109901428
124,18,1,1,D:\Skripsi\Experiment_TA\data\raw\RGB1\S18\AC1\RGB1_SUB18ACT1F1.jpg,0,0,0.31230905652046204
125,18,1,121,D:\Skripsi\Experiment_TA\data\raw\RGB1\S18\AC1\RGB1_SUB18ACT1F121.jpg,0,0,0.3836340606212616
126,18,1,31,D:\Skripsi\Experiment_TA\data\raw\RGB1\S18\AC1\RGB1_SUB18ACT1F31.jpg,0,0,0.20410886406898499
127,18,1,61,D:\Skripsi\Experiment_TA\data\raw\RGB1\S18\AC1\RGB1_SUB18ACT1F61.jpg,0,0,0.19000671803951263
128,18,1,91,D:\Skripsi\Experiment_TA\data\raw\RGB1\S18\AC1\RGB1_SUB18ACT1F91.jpg,0,0,0.16700875759124756
129,18,5,1,D:\Skripsi\Experiment_TA\data\raw\RGB1\S18\AC5\RGB1_SUB18ACT5F1.jpg,1,1,0.7253342270851135
130,18,5,121,D:\Skripsi\Experiment_TA\data\raw\RGB1\S18\AC5\RGB1_SUB18ACT5F121.jpg,1,1,0.9271482229232788
131,18,5,151,D:\Skripsi\Experiment_TA\data\raw\RGB1\S18\AC5\RGB1_SUB18ACT5F151.jpg,1,1,0.8084991574287415
132,18,5,31,D:\Skripsi\Experiment_TA\data\raw\RGB1\S18\AC5\RGB1_SUB18ACT5F31.jpg,1,1,0.8859463930130005
133,18,5,61,D:\Skripsi\Experiment_TA\data\raw\RGB1\S18\AC5\RGB1_SUB18ACT5F61.jpg,1,1,0.8046266436576843
134,18,5,91,D:\Skripsi\Experiment_TA\data\raw\RGB1\S18\AC5\RGB1_SUB18ACT5F91.jpg,1,1,0.6688856482505798
135,18,6,1,D:\Skripsi\Experiment_TA\data\raw\RGB1\S18\AC6\RGB1_SUB18ACT6F1.jpg,1,1,0.6227824687957764
136,18,6,121,D:\Skripsi\Experiment_TA\data\raw\RGB1\S18\AC6\RGB1_SUB18ACT6F121.jpg,1,1,0.7376123666763306
137,18,6,151,D:\Skripsi\Experiment_TA\data\raw\RGB1\S18\AC6\RGB1_SUB18ACT6F151.jpg,1,1,0.642429769039154
138,18,6,31,D:\Skripsi\Experiment_TA\data\raw\RGB1\S18\AC6\RGB1_SUB18ACT6F31.jpg,1,1,0.5841116309165955
139,18,6,61,D:\Skripsi\Experiment_TA\data\raw\RGB1\S18\AC6\RGB1_SUB18ACT6F61.jpg,1,1,0.6181312203407288
140,18,6,91,D:\Skripsi\Experiment_TA\data\raw\RGB1\S18\AC6\RGB1_SUB18ACT6F91.jpg,1,1,0.7569772005081177
141,18,7,1,D:\Skripsi\Experiment_TA\data\raw\RGB1\S18\AC7\RGB1_SUB18ACT7F1.jpg,1,1,0.7893862724304199
142,18,7,121,D:\Skripsi\Experiment_TA\data\raw\RGB1\S18\AC7\RGB1_SUB18ACT7F121.jpg,1,1,0.9663677215576172
143,18,7,151,D:\Skripsi\Experiment_TA\data\raw\RGB1\S18\AC7\RGB1_SUB18ACT7F151.jpg,1,1,0.873960554599762
144,18,7,181,D:\Skripsi\Experiment_TA\data\raw\RGB1\S18\AC7\RGB1_SUB18ACT7F181.jpg,1,1,0.9661300778388977
145,18,7,31,D:\Skripsi\Experiment_TA\data\raw\RGB1\S18\AC7\RGB1_SUB18ACT7F31.jpg,1,1,0.9379375576972961
146,18,7,61,D:\Skripsi\Experiment_TA\data\raw\RGB1\S18\AC7\RGB1_SUB18ACT7F61.jpg,1,1,0.9886795878410339
147,18,7,91,D:\Skripsi\Experiment_TA\data\raw\RGB1\S18\AC7\RGB1_SUB18ACT7F91.jpg,1,1,0.9614838361740112
148,18,8,1,D:\Skripsi\Experiment_TA\data\raw\RGB1\S18\AC8\RGB1_SUB18ACT8F1.jpg,1,1,0.8074532151222229
149,18,8,121,D:\Skripsi\Experiment_TA\data\raw\RGB1\S18\AC8\RGB1_SUB18ACT8F121.jpg,1,1,0.5913339853286743
150,18,8,151,D:\Skripsi\Experiment_TA\data\raw\RGB1\S18\AC8\RGB1_SUB18ACT8F151.jpg,1,1,0.6704046130180359
151,18,8,181,D:\Skripsi\Experiment_TA\data\raw\RGB1\S18\AC8\RGB1_SUB18ACT8F181.jpg,1,1,0.8128750324249268
152,18,8,211,D:\Skripsi\Experiment_TA\data\raw\RGB1\S18\AC8\RGB1_SUB18ACT8F211.jpg,1,1,0.8411052823066711
153,18,8,31,D:\Skripsi\Experiment_TA\data\raw\RGB1\S18\AC8\RGB1_SUB18ACT8F31.jpg,1,0,0.4071463644504547
154,18,8,61,D:\Skripsi\Experiment_TA\data\raw\RGB1\S18\AC8\RGB1_SUB18ACT8F61.jpg,1,1,0.5752001404762268
155,18,8,91,D:\Skripsi\Experiment_TA\data\raw\RGB1\S18\AC8\RGB1_SUB18ACT8F91.jpg,1,1,0.8248752951622009
156,18,9,1,D:\Skripsi\Experiment_TA\data\raw\RGB1\S18\AC9\RGB1_SUB18ACT9F1.jpg,1,1,0.691281259059906
157,18,9,121,D:\Skripsi\Experiment_TA\data\raw\RGB1\S18\AC9\RGB1_SUB18ACT9F121.jpg,1,1,0.8574735522270203
158,18,9,151,D:\Skripsi\Experiment_TA\data\raw\RGB1\S18\AC9\RGB1_SUB18ACT9F151.jpg,1,1,0.8674180507659912
159,18,9,31,D:\Skripsi\Experiment_TA\data\raw\RGB1\S18\AC9\RGB1_SUB18ACT9F31.jpg,1,1,0.9140118360519409
160,18,9,61,D:\Skripsi\Experiment_TA\data\raw\RGB1\S18\AC9\RGB1_SUB18ACT9F61.jpg,1,1,0.9189863801002502
161,18,9,91,D:\Skripsi\Experiment_TA\data\raw\RGB1\S18\AC9\RGB1_SUB18ACT9F91.jpg,1,1,0.8588742017745972
162,19,1,1,D:\Skripsi\Experiment_TA\data\raw\RGB1\S19\AC1\RGB1_SUB19ACT1F1.jpg,0,0,0.40865591168403625
163,19,1,121,D:\Skripsi\Experiment_TA\data\raw\RGB1\S19\AC1\RGB1_SUB19ACT1F121.jpg,0,1,0.513473629951477
164,19,1,31,D:\Skripsi\Experiment_TA\data\raw\RGB1\S19\AC1\RGB1_SUB19ACT1F31.jpg,0,0,0.46903422474861145
165,19,1,61,D:\Skripsi\Experiment_TA\data\raw\RGB1\S19\AC1\RGB1_SUB19ACT1F61.jpg,0,0,0.38706305623054504
166,19,1,91,D:\Skripsi\Experiment_TA\data\raw\RGB1\S19\AC1\RGB1_SUB19ACT1F91.jpg,0,1,0.6809815168380737
167,19,5,1,D:\Skripsi\Experiment_TA\data\raw\RGB1\S19\AC5\RGB1_SUB19ACT5F1.jpg,1,1,0.9601508975028992
168,19,5,31,D:\Skripsi\Experiment_TA\data\raw\RGB1\S19\AC5\RGB1_SUB19ACT5F31.jpg,1,1,0.8389448523521423
169,19,5,61,D:\Skripsi\Experiment_TA\data\raw\RGB1\S19\AC5\RGB1_SUB19ACT5F61.jpg,1,1,0.9152425527572632
170,19,5,91,D:\Skripsi\Experiment_TA\data\raw\RGB1\S19\AC5\RGB1_SUB19ACT5F91.jpg,1,1,0.8688070774078369
171,19,6,1,D:\Skripsi\Experiment_TA\data\raw\RGB1\S19\AC6\RGB1_SUB19ACT6F1.jpg,1,1,0.8130431771278381
172,19,6,121,D:\Skripsi\Experiment_TA\data\raw\RGB1\S19\AC6\RGB1_SUB19ACT6F121.jpg,1,1,0.5937684774398804
173,19,6,31,D:\Skripsi\Experiment_TA\data\raw\RGB1\S19\AC6\RGB1_SUB19ACT6F31.jpg,1,1,0.8487634062767029
174,19,6,61,D:\Skripsi\Experiment_TA\data\raw\RGB1\S19\AC6\RGB1_SUB19ACT6F61.jpg,1,1,0.5122188925743103
175,19,6,91,D:\Skripsi\Experiment_TA\data\raw\RGB1\S19\AC6\RGB1_SUB19ACT6F91.jpg,1,1,0.5326644778251648
176,19,7,1,D:\Skripsi\Experiment_TA\data\raw\RGB1\S19\AC7\RGB1_SUB19ACT7F1.jpg,1,1,0.8465889692306519
177,19,7,121,D:\Skripsi\Experiment_TA\data\raw\RGB1\S19\AC7\RGB1_SUB19ACT7F121.jpg,1,1,0.795466959476471
178,19,7,31,D:\Skripsi\Experiment_TA\data\raw\RGB1\S19\AC7\RGB1_SUB19ACT7F31.jpg,1,1,0.8874890804290771
179,19,7,61,D:\Skripsi\Experiment_TA\data\raw\RGB1\S19\AC7\RGB1_SUB19ACT7F61.jpg,1,1,0.930324137210846
180,19,7,91,D:\Skripsi\Experiment_TA\data\raw\RGB1\S19\AC7\RGB1_SUB19ACT7F91.jpg,1,1,0.882679283618927
181,19,8,1,D:\Skripsi\Experiment_TA\data\raw\RGB1\S19\AC8\RGB1_SUB19ACT8F1.jpg,1,1,0.905409574508667
182,19,8,121,D:\Skripsi\Experiment_TA\data\raw\RGB1\S19\AC8\RGB1_SUB19ACT8F121.jpg,1,1,0.7572957873344421
183,19,8,151,D:\Skripsi\Experiment_TA\data\raw\RGB1\S19\AC8\RGB1_SUB19ACT8F151.jpg,1,1,0.910408616065979
184,19,8,31,D:\Skripsi\Experiment_TA\data\raw\RGB1\S19\AC8\RGB1_SUB19ACT8F31.jpg,1,1,0.7759283781051636
185,19,8,61,D:\Skripsi\Experiment_TA\data\raw\RGB1\S19\AC8\RGB1_SUB19ACT8F61.jpg,1,1,0.6028497219085693
186,19,8,91,D:\Skripsi\Experiment_TA\data\raw\RGB1\S19\AC8\RGB1_SUB19ACT8F91.jpg,1,1,0.7134486436843872
187,19,9,1,D:\Skripsi\Experiment_TA\data\raw\RGB1\S19\AC9\RGB1_SUB19ACT9F1.jpg,1,0,0.49470657110214233
188,19,9,31,D:\Skripsi\Experiment_TA\data\raw\RGB1\S19\AC9\RGB1_SUB19ACT9F31.jpg,1,1,0.7785279750823975
189,19,9,61,D:\Skripsi\Experiment_TA\data\raw\RGB1\S19\AC9\RGB1_SUB19ACT9F61.jpg,1,1,0.9194214344024658
190,19,9,91,D:\Skripsi\Experiment_TA\data\raw\RGB1\S19\AC9\RGB1_SUB19ACT9F91.jpg,1,1,0.7851424813270569
191,23,1,1,D:\Skripsi\Experiment_TA\data\raw\RGB1\S23\AC1\RGB1_SUB23ACT1F1.jpg,0,0,0.1716248244047165
192,23,1,121,D:\Skripsi\Experiment_TA\data\raw\RGB1\S23\AC1\RGB1_SUB23ACT1F121.jpg,0,0,0.2002512365579605
193,23,1,31,D:\Skripsi\Experiment_TA\data\raw\RGB1\S23\AC1\RGB1_SUB23ACT1F31.jpg,0,0,0.18490995466709137
194,23,1,61,D:\Skripsi\Experiment_TA\data\raw\RGB1\S23\AC1\RGB1_SUB23ACT1F61.jpg,0,0,0.1870848387479782
195,23,1,91,D:\Skripsi\Experiment_TA\data\raw\RGB1\S23\AC1\RGB1_SUB23ACT1F91.jpg,0,0,0.21347154676914215
196,23,5,1,D:\Skripsi\Experiment_TA\data\raw\RGB1\S23\AC5\RGB1_SUB23ACT5F1.jpg,1,1,0.7690469026565552
197,23,5,121,D:\Skripsi\Experiment_TA\data\raw\RGB1\S23\AC5\RGB1_SUB23ACT5F121.jpg,1,1,0.933651328086853
198,23,5,31,D:\Skripsi\Experiment_TA\data\raw\RGB1\S23\AC5\RGB1_SUB23ACT5F31.jpg,1,1,0.6485908031463623
199,23,5,61,D:\Skripsi\Experiment_TA\data\raw\RGB1\S23\AC5\RGB1_SUB23ACT5F61.jpg,1,1,0.6328763961791992
200,23,5,91,D:\Skripsi\Experiment_TA\data\raw\RGB1\S23\AC5\RGB1_SUB23ACT5F91.jpg,1,1,0.9556748270988464
201,23,6,1,D:\Skripsi\Experiment_TA\data\raw\RGB1\S23\AC6\RGB1_SUB23ACT6F1.jpg,1,1,0.9929063320159912
202,23,6,121,D:\Skripsi\Experiment_TA\data\raw\RGB1\S23\AC6\RGB1_SUB23ACT6F121.jpg,1,1,0.8590195178985596
203,23,6,31,D:\Skripsi\Experiment_TA\data\raw\RGB1\S23\AC6\RGB1_SUB23ACT6F31.jpg,1,1,0.9180536866188049
204,23,6,61,D:\Skripsi\Experiment_TA\data\raw\RGB1\S23\AC6\RGB1_SUB23ACT6F61.jpg,1,1,0.9842624664306641
205,23,6,91,D:\Skripsi\Experiment_TA\data\raw\RGB1\S23\AC6\RGB1_SUB23ACT6F91.jpg,1,1,0.8795174360275269
206,23,7,1,D:\Skripsi\Experiment_TA\data\raw\RGB1\S23\AC7\RGB1_SUB23ACT7F1.jpg,1,1,0.903465747833252
207,23,7,121,D:\Skripsi\Experiment_TA\data\raw\RGB1\S23\AC7\RGB1_SUB23ACT7F121.jpg,1,1,0.7920956611633301
208,23,7,31,D:\Skripsi\Experiment_TA\data\raw\RGB1\S23\AC7\RGB1_SUB23ACT7F31.jpg,1,1,0.985752284526825
209,23,7,61,D:\Skripsi\Experiment_TA\data\raw\RGB1\S23\AC7\RGB1_SUB23ACT7F61.jpg,1,1,0.9926936626434326
210,23,7,91,D:\Skripsi\Experiment_TA\data\raw\RGB1\S23\AC7\RGB1_SUB23ACT7F91.jpg,1,1,0.9835166335105896
211,23,8,1,D:\Skripsi\Experiment_TA\data\raw\RGB1\S23\AC8\RGB1_SUB23ACT8F1.jpg,1,1,0.9691921472549438
212,23,8,121,D:\Skripsi\Experiment_TA\data\raw\RGB1\S23\AC8\RGB1_SUB23ACT8F121.jpg,1,1,0.6973220109939575
213,23,8,31,D:\Skripsi\Experiment_TA\data\raw\RGB1\S23\AC8\RGB1_SUB23ACT8F31.jpg,1,1,0.9212935566902161
214,23,8,61,D:\Skripsi\Experiment_TA\data\raw\RGB1\S23\AC8\RGB1_SUB23ACT8F61.jpg,1,1,0.9717134833335876
215,23,8,91,D:\Skripsi\Experiment_TA\data\raw\RGB1\S23\AC8\RGB1_SUB23ACT8F91.jpg,1,1,0.9376084804534912
216,23,9,1,D:\Skripsi\Experiment_TA\data\raw\RGB1\S23\AC9\RGB1_SUB23ACT9F1.jpg,1,0,0.252789705991745
217,23,9,121,D:\Skripsi\Experiment_TA\data\raw\RGB1\S23\AC9\RGB1_SUB23ACT9F121.jpg,1,1,0.8985838294029236
218,23,9,31,D:\Skripsi\Experiment_TA\data\raw\RGB1\S23\AC9\RGB1_SUB23ACT9F31.jpg,1,1,0.7749406695365906
219,23,9,61,D:\Skripsi\Experiment_TA\data\raw\RGB1\S23\AC9\RGB1_SUB23ACT9F61.jpg,1,1,0.5220677256584167
220,23,9,91,D:\Skripsi\Experiment_TA\data\raw\RGB1\S23\AC9\RGB1_SUB23ACT9F91.jpg,1,1,0.9053871035575867
221,24,1,1,D:\Skripsi\Experiment_TA\data\raw\RGB1\S24\AC1\RGB1_SUB24ACT1F1.jpg,0,0,0.22310736775398254
222,24,1,31,D:\Skripsi\Experiment_TA\data\raw\RGB1\S24\AC1\RGB1_SUB24ACT1F31.jpg,0,0,0.24987009167671204
223,24,1,61,D:\Skripsi\Experiment_TA\data\raw\RGB1\S24\AC1\RGB1_SUB24ACT1F61.jpg,0,0,0.46573981642723083
224,24,1,91,D:\Skripsi\Experiment_TA\data\raw\RGB1\S24\AC1\RGB1_SUB24ACT1F91.jpg,0,0,0.43332192301750183
225,24,5,1,D:\Skripsi\Experiment_TA\data\raw\RGB1\S24\AC5\RGB1_SUB24ACT5F1.jpg,1,1,0.8028891682624817
226,24,5,31,D:\Skripsi\Experiment_TA\data\raw\RGB1\S24\AC5\RGB1_SUB24ACT5F31.jpg,1,0,0.3504360020160675
227,24,5,61,D:\Skripsi\Experiment_TA\data\raw\RGB1\S24\AC5\RGB1_SUB24ACT5F61.jpg,1,0,0.49625107645988464
228,24,5,91,D:\Skripsi\Experiment_TA\data\raw\RGB1\S24\AC5\RGB1_SUB24ACT5F91.jpg,1,1,0.7822908163070679
229,24,6,1,D:\Skripsi\Experiment_TA\data\raw\RGB1\S24\AC6\RGB1_SUB24ACT6F1.jpg,1,1,0.9765791893005371
230,24,6,31,D:\Skripsi\Experiment_TA\data\raw\RGB1\S24\AC6\RGB1_SUB24ACT6F31.jpg,1,1,0.9400367736816406
231,24,6,61,D:\Skripsi\Experiment_TA\data\raw\RGB1\S24\AC6\RGB1_SUB24ACT6F61.jpg,1,1,0.9167706370353699
232,24,6,91,D:\Skripsi\Experiment_TA\data\raw\RGB1\S24\AC6\RGB1_SUB24ACT6F91.jpg,1,1,0.9230624437332153
233,24,7,1,D:\Skripsi\Experiment_TA\data\raw\RGB1\S24\AC7\RGB1_SUB24ACT7F1.jpg,1,1,0.941018283367157
234,24,7,121,D:\Skripsi\Experiment_TA\data\raw\RGB1\S24\AC7\RGB1_SUB24ACT7F121.jpg,1,1,0.9772756695747375
235,24,7,151,D:\Skripsi\Experiment_TA\data\raw\RGB1\S24\AC7\RGB1_SUB24ACT7F151.jpg,1,1,0.9608040452003479
236,24,7,31,D:\Skripsi\Experiment_TA\data\raw\RGB1\S24\AC7\RGB1_SUB24ACT7F31.jpg,1,1,0.9452500343322754
237,24,7,61,D:\Skripsi\Experiment_TA\data\raw\RGB1\S24\AC7\RGB1_SUB24ACT7F61.jpg,1,1,0.9883610010147095
238,24,7,91,D:\Skripsi\Experiment_TA\data\raw\RGB1\S24\AC7\RGB1_SUB24ACT7F91.jpg,1,1,0.9851256608963013
239,24,8,1,D:\Skripsi\Experiment_TA\data\raw\RGB1\S24\AC8\RGB1_SUB24ACT8F1.jpg,1,1,0.7267715334892273
240,24,8,121,D:\Skripsi\Experiment_TA\data\raw\RGB1\S24\AC8\RGB1_SUB24ACT8F121.jpg,1,1,0.7001399397850037
241,24,8,151,D:\Skripsi\Experiment_TA\data\raw\RGB1\S24\AC8\RGB1_SUB24ACT8F151.jpg,1,1,0.9000999927520752
242,24,8,31,D:\Skripsi\Experiment_TA\data\raw\RGB1\S24\AC8\RGB1_SUB24ACT8F31.jpg,1,1,0.6145250797271729
243,24,8,61,D:\Skripsi\Experiment_TA\data\raw\RGB1\S24\AC8\RGB1_SUB24ACT8F61.jpg,1,1,0.693888247013092
244,24,8,91,D:\Skripsi\Experiment_TA\data\raw\RGB1\S24\AC8\RGB1_SUB24ACT8F91.jpg,1,1,0.7459654211997986
245,24,9,1,D:\Skripsi\Experiment_TA\data\raw\RGB1\S24\AC9\RGB1_SUB24ACT9F1.jpg,1,1,0.7059075236320496
246,24,9,121,D:\Skripsi\Experiment_TA\data\raw\RGB1\S24\AC9\RGB1_SUB24ACT9F121.jpg,1,0,0.41914328932762146
247,24,9,31,D:\Skripsi\Experiment_TA\data\raw\RGB1\S24\AC9\RGB1_SUB24ACT9F31.jpg,1,1,0.5657964944839478
248,24,9,61,D:\Skripsi\Experiment_TA\data\raw\RGB1\S24\AC9\RGB1_SUB24ACT9F61.jpg,1,1,0.7034391164779663
249,24,9,91,D:\Skripsi\Experiment_TA\data\raw\RGB1\S24\AC9\RGB1_SUB24ACT9F91.jpg,1,1,0.7968702912330627
250,25,1,1,D:\Skripsi\Experiment_TA\data\raw\RGB1\S25\AC1\RGB1_SUB25ACT1F1.jpg,0,1,0.5133578181266785
251,25,1,121,D:\Skripsi\Experiment_TA\data\raw\RGB1\S25\AC1\RGB1_SUB25ACT1F121.jpg,0,1,0.5524455904960632
252,25,1,31,D:\Skripsi\Experiment_TA\data\raw\RGB1\S25\AC1\RGB1_SUB25ACT1F31.jpg,0,1,0.5995072722434998
253,25,1,61,D:\Skripsi\Experiment_TA\data\raw\RGB1\S25\AC1\RGB1_SUB25ACT1F61.jpg,0,1,0.5748698115348816
254,25,1,91,D:\Skripsi\Experiment_TA\data\raw\RGB1\S25\AC1\RGB1_SUB25ACT1F91.jpg,0,1,0.6223433017730713
255,25,5,1,D:\Skripsi\Experiment_TA\data\raw\RGB1\S25\AC5\RGB1_SUB25ACT5F1.jpg,1,1,0.9910162687301636
256,25,5,121,D:\Skripsi\Experiment_TA\data\raw\RGB1\S25\AC5\RGB1_SUB25ACT5F121.jpg,1,1,0.9808392524719238
257,25,5,31,D:\Skripsi\Experiment_TA\data\raw\RGB1\S25\AC5\RGB1_SUB25ACT5F31.jpg,1,1,0.9144331216812134
258,25,5,61,D:\Skripsi\Experiment_TA\data\raw\RGB1\S25\AC5\RGB1_SUB25ACT5F61.jpg,1,1,0.9619035720825195
259,25,5,91,D:\Skripsi\Experiment_TA\data\raw\RGB1\S25\AC5\RGB1_SUB25ACT5F91.jpg,1,1,0.9556161761283875
260,25,6,1,D:\Skripsi\Experiment_TA\data\raw\RGB1\S25\AC6\RGB1_SUB25ACT6F1.jpg,1,1,0.921528160572052
261,25,6,31,D:\Skripsi\Experiment_TA\data\raw\RGB1\S25\AC6\RGB1_SUB25ACT6F31.jpg,1,1,0.9153969287872314
262,25,6,61,D:\Skripsi\Experiment_TA\data\raw\RGB1\S25\AC6\RGB1_SUB25ACT6F61.jpg,1,1,0.8568986058235168
263,25,6,91,D:\Skripsi\Experiment_TA\data\raw\RGB1\S25\AC6\RGB1_SUB25ACT6F91.jpg,1,1,0.819914698600769
264,25,7,1,D:\Skripsi\Experiment_TA\data\raw\RGB1\S25\AC7\RGB1_SUB25ACT7F1.jpg,1,1,0.8370980620384216
265,25,7,31,D:\Skripsi\Experiment_TA\data\raw\RGB1\S25\AC7\RGB1_SUB25ACT7F31.jpg,1,1,0.9237984418869019
266,25,7,61,D:\Skripsi\Experiment_TA\data\raw\RGB1\S25\AC7\RGB1_SUB25ACT7F61.jpg,1,1,0.8279047012329102
267,25,8,1,D:\Skripsi\Experiment_TA\data\raw\RGB1\S25\AC8\RGB1_SUB25ACT8F1.jpg,1,1,0.7116338014602661
268,25,8,31,D:\Skripsi\Experiment_TA\data\raw\RGB1\S25\AC8\RGB1_SUB25ACT8F31.jpg,1,1,0.7521792054176331
269,25,8,61,D:\Skripsi\Experiment_TA\data\raw\RGB1\S25\AC8\RGB1_SUB25ACT8F61.jpg,1,1,0.9543659090995789
270,25,8,91,D:\Skripsi\Experiment_TA\data\raw\RGB1\S25\AC8\RGB1_SUB25ACT8F91.jpg,1,1,0.9544367790222168
271,25,9,1,D:\Skripsi\Experiment_TA\data\raw\RGB1\S25\AC9\RGB1_SUB25ACT9F1.jpg,1,1,0.9312362670898438
272,25,9,31,D:\Skripsi\Experiment_TA\data\raw\RGB1\S25\AC9\RGB1_SUB25ACT9F31.jpg,1,1,0.7864469885826111
273,25,9,61,D:\Skripsi\Experiment_TA\data\raw\RGB1\S25\AC9\RGB1_SUB25ACT9F61.jpg,1,1,0.8845196962356567
274,26,1,1,D:\Skripsi\Experiment_TA\data\raw\RGB1\S26\AC1\RGB1_SUB26ACT1F1.jpg,0,0,0.25104430317878723
275,26,1,31,D:\Skripsi\Experiment_TA\data\raw\RGB1\S26\AC1\RGB1_SUB26ACT1F31.jpg,0,0,0.19453611969947815
276,26,1,61,D:\Skripsi\Experiment_TA\data\raw\RGB1\S26\AC1\RGB1_SUB26ACT1F61.jpg,0,0,0.2677924633026123
277,26,1,91,D:\Skripsi\Experiment_TA\data\raw\RGB1\S26\AC1\RGB1_SUB26ACT1F91.jpg,0,0,0.1948700100183487
278,26,5,1,D:\Skripsi\Experiment_TA\data\raw\RGB1\S26\AC5\RGB1_SUB26ACT5F1.jpg,1,1,0.7737942934036255
279,26,5,31,D:\Skripsi\Experiment_TA\data\raw\RGB1\S26\AC5\RGB1_SUB26ACT5F31.jpg,1,0,0.40260934829711914
280,26,5,61,D:\Skripsi\Experiment_TA\data\raw\RGB1\S26\AC5\RGB1_SUB26ACT5F61.jpg,1,1,0.5340021252632141
281,26,6,1,D:\Skripsi\Experiment_TA\data\raw\RGB1\S26\AC6\RGB1_SUB26ACT6F1.jpg,1,1,0.8069772720336914
282,26,6,31,D:\Skripsi\Experiment_TA\data\raw\RGB1\S26\AC6\RGB1_SUB26ACT6F31.jpg,1,1,0.7365391850471497
283,26,6,61,D:\Skripsi\Experiment_TA\data\raw\RGB1\S26\AC6\RGB1_SUB26ACT6F61.jpg,1,1,0.8559503555297852
284,26,6,91,D:\Skripsi\Experiment_TA\data\raw\RGB1\S26\AC6\RGB1_SUB26ACT6F91.jpg,1,0,0.48304688930511475
285,26,7,1,D:\Skripsi\Experiment_TA\data\raw\RGB1\S26\AC7\RGB1_SUB26ACT7F1.jpg,1,1,0.9282503724098206
286,26,7,121,D:\Skripsi\Experiment_TA\data\raw\RGB1\S26\AC7\RGB1_SUB26ACT7F121.jpg,1,1,0.8768286108970642
287,26,7,151,D:\Skripsi\Experiment_TA\data\raw\RGB1\S26\AC7\RGB1_SUB26ACT7F151.jpg,1,1,0.9466244578361511
288,26,7,31,D:\Skripsi\Experiment_TA\data\raw\RGB1\S26\AC7\RGB1_SUB26ACT7F31.jpg,1,1,0.9562540054321289
289,26,7,61,D:\Skripsi\Experiment_TA\data\raw\RGB1\S26\AC7\RGB1_SUB26ACT7F61.jpg,1,1,0.9671614170074463
290,26,7,91,D:\Skripsi\Experiment_TA\data\raw\RGB1\S26\AC7\RGB1_SUB26ACT7F91.jpg,1,1,0.9168452620506287
291,26,8,1,D:\Skripsi\Experiment_TA\data\raw\RGB1\S26\AC8\RGB1_SUB26ACT8F1.jpg,1,1,0.5282083749771118
292,26,8,31,D:\Skripsi\Experiment_TA\data\raw\RGB1\S26\AC8\RGB1_SUB26ACT8F31.jpg,1,1,0.6464300751686096
293,26,8,61,D:\Skripsi\Experiment_TA\data\raw\RGB1\S26\AC8\RGB1_SUB26ACT8F61.jpg,1,1,0.5696195363998413
294,26,8,91,D:\Skripsi\Experiment_TA\data\raw\RGB1\S26\AC8\RGB1_SUB26ACT8F91.jpg,1,1,0.5602771043777466
295,26,9,1,D:\Skripsi\Experiment_TA\data\raw\RGB1\S26\AC9\RGB1_SUB26ACT9F1.jpg,1,1,0.881563663482666
296,26,9,121,D:\Skripsi\Experiment_TA\data\raw\RGB1\S26\AC9\RGB1_SUB26ACT9F121.jpg,1,1,0.9165338277816772
297,26,9,31,D:\Skripsi\Experiment_TA\data\raw\RGB1\S26\AC9\RGB1_SUB26ACT9F31.jpg,1,0,0.4820712208747864
298,26,9,61,D:\Skripsi\Experiment_TA\data\raw\RGB1\S26\AC9\RGB1_SUB26ACT9F61.jpg,1,1,0.8720642328262329
299,26,9,91,D:\Skripsi\Experiment_TA\data\raw\RGB1\S26\AC9\RGB1_SUB26ACT9F91.jpg,1,1,0.8955206871032715
300,28,1,1,D:\Skripsi\Experiment_TA\data\raw\RGB1\S28\AC1\RGB1_SUB28ACT1F1.jpg,0,0,0.35242635011672974
301,28,1,121,D:\Skripsi\Experiment_TA\data\raw\RGB1\S28\AC1\RGB1_SUB28ACT1F121.jpg,0,0,0.40650737285614014
302,28,1,31,D:\Skripsi\Experiment_TA\data\raw\RGB1\S28\AC1\RGB1_SUB28ACT1F31.jpg,0,0,0.3748343884944916
303,28,1,61,D:\Skripsi\Experiment_TA\data\raw\RGB1\S28\AC1\RGB1_SUB28ACT1F61.jpg,0,0,0.3585618734359741
304,28,1,91,D:\Skripsi\Experiment_TA\data\raw\RGB1\S28\AC1\RGB1_SUB28ACT1F91.jpg,0,0,0.3788199722766876
305,28,5,1,D:\Skripsi\Experiment_TA\data\raw\RGB1\S28\AC5\RGB1_SUB28ACT5F1.jpg,1,1,0.8510408997535706
306,28,5,121,D:\Skripsi\Experiment_TA\data\raw\RGB1\S28\AC5\RGB1_SUB28ACT5F121.jpg,1,1,0.5700271129608154
307,28,5,151,D:\Skripsi\Experiment_TA\data\raw\RGB1\S28\AC5\RGB1_SUB28ACT5F151.jpg,1,1,0.6619219183921814
308,28,5,31,D:\Skripsi\Experiment_TA\data\raw\RGB1\S28\AC5\RGB1_SUB28ACT5F31.jpg,1,1,0.5415270924568176
309,28,5,61,D:\Skripsi\Experiment_TA\data\raw\RGB1\S28\AC5\RGB1_SUB28ACT5F61.jpg,1,1,0.6161155700683594
310,28,5,91,D:\Skripsi\Experiment_TA\data\raw\RGB1\S28\AC5\RGB1_SUB28ACT5F91.jpg,1,1,0.6590807437896729
311,28,6,1,D:\Skripsi\Experiment_TA\data\raw\RGB1\S28\AC6\RGB1_SUB28ACT6F1.jpg,1,1,0.6966004967689514
312,28,6,31,D:\Skripsi\Experiment_TA\data\raw\RGB1\S28\AC6\RGB1_SUB28ACT6F31.jpg,1,1,0.6393032073974609
313,28,6,61,D:\Skripsi\Experiment_TA\data\raw\RGB1\S28\AC6\RGB1_SUB28ACT6F61.jpg,1,1,0.5915506482124329
314,28,6,91,D:\Skripsi\Experiment_TA\data\raw\RGB1\S28\AC6\RGB1_SUB28ACT6F91.jpg,1,1,0.6432600021362305
315,28,7,1,D:\Skripsi\Experiment_TA\data\raw\RGB1\S28\AC7\RGB1_SUB28ACT7F1.jpg,1,1,0.7537959218025208
316,28,7,121,D:\Skripsi\Experiment_TA\data\raw\RGB1\S28\AC7\RGB1_SUB28ACT7F121.jpg,1,1,0.8796744346618652
317,28,7,151,D:\Skripsi\Experiment_TA\data\raw\RGB1\S28\AC7\RGB1_SUB28ACT7F151.jpg,1,1,0.8106260299682617
318,28,7,31,D:\Skripsi\Experiment_TA\data\raw\RGB1\S28\AC7\RGB1_SUB28ACT7F31.jpg,1,1,0.7775457501411438
319,28,7,61,D:\Skripsi\Experiment_TA\data\raw\RGB1\S28\AC7\RGB1_SUB28ACT7F61.jpg,1,1,0.8672277331352234
320,28,7,91,D:\Skripsi\Experiment_TA\data\raw\RGB1\S28\AC7\RGB1_SUB28ACT7F91.jpg,1,1,0.8082588911056519
321,28,8,1,D:\Skripsi\Experiment_TA\data\raw\RGB1\S28\AC8\RGB1_SUB28ACT8F1.jpg,1,1,0.8324667811393738
322,28,8,31,D:\Skripsi\Experiment_TA\data\raw\RGB1\S28\AC8\RGB1_SUB28ACT8F31.jpg,1,1,0.7332445383071899
323,28,8,61,D:\Skripsi\Experiment_TA\data\raw\RGB1\S28\AC8\RGB1_SUB28ACT8F61.jpg,1,1,0.8442507386207581
324,28,8,91,D:\Skripsi\Experiment_TA\data\raw\RGB1\S28\AC8\RGB1_SUB28ACT8F91.jpg,1,1,0.853715181350708
325,28,9,1,D:\Skripsi\Experiment_TA\data\raw\RGB1\S28\AC9\RGB1_SUB28ACT9F1.jpg,1,1,0.5761176943778992
326,28,9,121,D:\Skripsi\Experiment_TA\data\raw\RGB1\S28\AC9\RGB1_SUB28ACT9F121.jpg,1,1,0.8639964461326599
327,28,9,151,D:\Skripsi\Experiment_TA\data\raw\RGB1\S28\AC9\RGB1_SUB28ACT9F151.jpg,1,0,0.494625061750412
328,28,9,31,D:\Skripsi\Experiment_TA\data\raw\RGB1\S28\AC9\RGB1_SUB28ACT9F31.jpg,1,1,0.5265056490898132
329,28,9,61,D:\Skripsi\Experiment_TA\data\raw\RGB1\S28\AC9\RGB1_SUB28ACT9F61.jpg,1,1,0.6867232322692871
330,28,9,91,D:\Skripsi\Experiment_TA\data\raw\RGB1\S28\AC9\RGB1_SUB28ACT9F91.jpg,1,1,0.554520308971405
331,29,1,1,D:\Skripsi\Experiment_TA\data\raw\RGB1\S29\AC1\RGB1_SUB29ACT1F1.jpg,0,1,0.6132603287696838
332,29,1,121,D:\Skripsi\Experiment_TA\data\raw\RGB1\S29\AC1\RGB1_SUB29ACT1F121.jpg,0,0,0.3383861482143402
333,29,1,31,D:\Skripsi\Experiment_TA\data\raw\RGB1\S29\AC1\RGB1_SUB29ACT1F31.jpg,0,0,0.45876485109329224
334,29,1,61,D:\Skripsi\Experiment_TA\data\raw\RGB1\S29\AC1\RGB1_SUB29ACT1F61.jpg,0,0,0.4359991252422333
335,29,1,91,D:\Skripsi\Experiment_TA\data\raw\RGB1\S29\AC1\RGB1_SUB29ACT1F91.jpg,0,0,0.4499908685684204
336,29,5,1,D:\Skripsi\Experiment_TA\data\raw\RGB1\S29\AC5\RGB1_SUB29ACT5F1.jpg,1,1,0.6920177936553955
337,29,5,121,D:\Skripsi\Experiment_TA\data\raw\RGB1\S29\AC5\RGB1_SUB29ACT5F121.jpg,1,1,0.7778787612915039
338,29,5,31,D:\Skripsi\Experiment_TA\data\raw\RGB1\S29\AC5\RGB1_SUB29ACT5F31.jpg,1,1,0.8525699377059937
339,29,5,61,D:\Skripsi\Experiment_TA\data\raw\RGB1\S29\AC5\RGB1_SUB29ACT5F61.jpg,1,1,0.8403962254524231
340,29,5,91,D:\Skripsi\Experiment_TA\data\raw\RGB1\S29\AC5\RGB1_SUB29ACT5F91.jpg,1,1,0.7584784626960754
341,29,6,1,D:\Skripsi\Experiment_TA\data\raw\RGB1\S29\AC6\RGB1_SUB29ACT6F1.jpg,1,1,0.7885469198226929
342,29,6,31,D:\Skripsi\Experiment_TA\data\raw\RGB1\S29\AC6\RGB1_SUB29ACT6F31.jpg,1,1,0.6662329435348511
343,29,6,61,D:\Skripsi\Experiment_TA\data\raw\RGB1\S29\AC6\RGB1_SUB29ACT6F61.jpg,1,1,0.7769882678985596
344,29,6,91,D:\Skripsi\Experiment_TA\data\raw\RGB1\S29\AC6\RGB1_SUB29ACT6F91.jpg,1,1,0.720330536365509
345,29,7,1,D:\Skripsi\Experiment_TA\data\raw\RGB1\S29\AC7\RGB1_SUB29ACT7F1.jpg,1,1,0.9137276411056519
346,29,7,121,D:\Skripsi\Experiment_TA\data\raw\RGB1\S29\AC7\RGB1_SUB29ACT7F121.jpg,1,1,0.9056344032287598
347,29,7,31,D:\Skripsi\Experiment_TA\data\raw\RGB1\S29\AC7\RGB1_SUB29ACT7F31.jpg,1,1,0.9205846786499023
348,29,7,61,D:\Skripsi\Experiment_TA\data\raw\RGB1\S29\AC7\RGB1_SUB29ACT7F61.jpg,1,1,0.8200501799583435
349,29,7,91,D:\Skripsi\Experiment_TA\data\raw\RGB1\S29\AC7\RGB1_SUB29ACT7F91.jpg,1,1,0.9026836156845093
350,29,8,1,D:\Skripsi\Experiment_TA\data\raw\RGB1\S29\AC8\RGB1_SUB29ACT8F1.jpg,1,1,0.8514779806137085
351,29,8,121,D:\Skripsi\Experiment_TA\data\raw\RGB1\S29\AC8\RGB1_SUB29ACT8F121.jpg,1,1,0.8875856399536133
352,29,8,151,D:\Skripsi\Experiment_TA\data\raw\RGB1\S29\AC8\RGB1_SUB29ACT8F151.jpg,1,1,0.949154794216156
353,29,8,31,D:\Skripsi\Experiment_TA\data\raw\RGB1\S29\AC8\RGB1_SUB29ACT8F31.jpg,1,1,0.7674965262413025
354,29,8,61,D:\Skripsi\Experiment_TA\data\raw\RGB1\S29\AC8\RGB1_SUB29ACT8F61.jpg,1,1,0.6721996665000916
355,29,8,91,D:\Skripsi\Experiment_TA\data\raw\RGB1\S29\AC8\RGB1_SUB29ACT8F91.jpg,1,1,0.7945873737335205
356,29,9,1,D:\Skripsi\Experiment_TA\data\raw\RGB1\S29\AC9\RGB1_SUB29ACT9F1.jpg,1,1,0.6356111764907837
357,29,9,121,D:\Skripsi\Experiment_TA\data\raw\RGB1\S29\AC9\RGB1_SUB29ACT9F121.jpg,1,1,0.747779905796051
358,29,9,151,D:\Skripsi\Experiment_TA\data\raw\RGB1\S29\AC9\RGB1_SUB29ACT9F151.jpg,1,1,0.6519041061401367
359,29,9,31,D:\Skripsi\Experiment_TA\data\raw\RGB1\S29\AC9\RGB1_SUB29ACT9F31.jpg,1,1,0.5212093591690063
360,29,9,61,D:\Skripsi\Experiment_TA\data\raw\RGB1\S29\AC9\RGB1_SUB29ACT9F61.jpg,1,1,0.5135279893875122
361,29,9,91,D:\Skripsi\Experiment_TA\data\raw\RGB1\S29\AC9\RGB1_SUB29ACT9F91.jpg,1,1,0.7871423959732056
362,30,1,1,D:\Skripsi\Experiment_TA\data\raw\RGB1\S30\AC1\RGB1_SUB30ACT1F1.jpg,0,1,0.6447478532791138
363,30,1,31,D:\Skripsi\Experiment_TA\data\raw\RGB1\S30\AC1\RGB1_SUB30ACT1F31.jpg,0,0,0.4726842939853668
364,30,1,61,D:\Skripsi\Experiment_TA\data\raw\RGB1\S30\AC1\RGB1_SUB30ACT1F61.jpg,0,0,0.39373522996902466
365,30,1,91,D:\Skripsi\Experiment_TA\data\raw\RGB1\S30\AC1\RGB1_SUB30ACT1F91.jpg,0,1,0.6820197105407715
366,30,5,1,D:\Skripsi\Experiment_TA\data\raw\RGB1\S30\AC5\RGB1_SUB30ACT5F1.jpg,1,1,0.6309159398078918
367,30,5,31,D:\Skripsi\Experiment_TA\data\raw\RGB1\S30\AC5\RGB1_SUB30ACT5F31.jpg,1,1,0.7636362910270691
368,30,5,61,D:\Skripsi\Experiment_TA\data\raw\RGB1\S30\AC5\RGB1_SUB30ACT5F61.jpg,1,1,0.6466144323348999
369,30,5,91,D:\Skripsi\Experiment_TA\data\raw\RGB1\S30\AC5\RGB1_SUB30ACT5F91.jpg,1,1,0.6849918961524963
370,30,6,1,D:\Skripsi\Experiment_TA\data\raw\RGB1\S30\AC6\RGB1_SUB30ACT6F1.jpg,1,1,0.6502184271812439
371,30,6,121,D:\Skripsi\Experiment_TA\data\raw\RGB1\S30\AC6\RGB1_SUB30ACT6F121.jpg,1,1,0.6262480020523071
372,30,6,31,D:\Skripsi\Experiment_TA\data\raw\RGB1\S30\AC6\RGB1_SUB30ACT6F31.jpg,1,1,0.574611246585846
373,30,6,61,D:\Skripsi\Experiment_TA\data\raw\RGB1\S30\AC6\RGB1_SUB30ACT6F61.jpg,1,0,0.4974082410335541
374,30,6,91,D:\Skripsi\Experiment_TA\data\raw\RGB1\S30\AC6\RGB1_SUB30ACT6F91.jpg,1,1,0.8425850868225098
375,30,7,1,D:\Skripsi\Experiment_TA\data\raw\RGB1\S30\AC7\RGB1_SUB30ACT7F1.jpg,1,1,0.8100117444992065
376,30,7,121,D:\Skripsi\Experiment_TA\data\raw\RGB1\S30\AC7\RGB1_SUB30ACT7F121.jpg,1,1,0.8907405734062195
377,30,7,151,D:\Skripsi\Experiment_TA\data\raw\RGB1\S30\AC7\RGB1_SUB30ACT7F151.jpg,1,1,0.8648235201835632
378,30,7,31,D:\Skripsi\Experiment_TA\data\raw\RGB1\S30\AC7\RGB1_SUB30ACT7F31.jpg,1,1,0.8279125094413757
379,30,7,61,D:\Skripsi\Experiment_TA\data\raw\RGB1\S30\AC7\RGB1_SUB30ACT7F61.jpg,1,1,0.9176856875419617
380,30,7,91,D:\Skripsi\Experiment_TA\data\raw\RGB1\S30\AC7\RGB1_SUB30ACT7F91.jpg,1,1,0.8633644580841064
381,30,8,1,D:\Skripsi\Experiment_TA\data\raw\RGB1\S30\AC8\RGB1_SUB30ACT8F1.jpg,1,1,0.5821309089660645
382,30,8,121,D:\Skripsi\Experiment_TA\data\raw\RGB1\S30\AC8\RGB1_SUB30ACT8F121.jpg,1,1,0.9711921215057373
383,30,8,31,D:\Skripsi\Experiment_TA\data\raw\RGB1\S30\AC8\RGB1_SUB30ACT8F31.jpg,1,1,0.6769691109657288
384,30,8,61,D:\Skripsi\Experiment_TA\data\raw\RGB1\S30\AC8\RGB1_SUB30ACT8F61.jpg,1,1,0.6439536809921265
385,30,8,91,D:\Skripsi\Experiment_TA\data\raw\RGB1\S30\AC8\RGB1_SUB30ACT8F91.jpg,1,1,0.8612573742866516
386,30,9,1,D:\Skripsi\Experiment_TA\data\raw\RGB1\S30\AC9\RGB1_SUB30ACT9F1.jpg,1,1,0.7626113891601562
387,30,9,121,D:\Skripsi\Experiment_TA\data\raw\RGB1\S30\AC9\RGB1_SUB30ACT9F121.jpg,1,1,0.9154331088066101
388,30,9,31,D:\Skripsi\Experiment_TA\data\raw\RGB1\S30\AC9\RGB1_SUB30ACT9F31.jpg,1,1,0.9663255214691162
389,30,9,61,D:\Skripsi\Experiment_TA\data\raw\RGB1\S30\AC9\RGB1_SUB30ACT9F61.jpg,1,1,0.6614906787872314
390,30,9,91,D:\Skripsi\Experiment_TA\data\raw\RGB1\S30\AC9\RGB1_SUB30ACT9F91.jpg,1,1,0.7693087458610535
391,31,1,1,D:\Skripsi\Experiment_TA\data\raw\RGB1\S31\AC1\RGB1_SUB31ACT1F1.jpg,0,0,0.3566208779811859
392,31,1,31,D:\Skripsi\Experiment_TA\data\raw\RGB1\S31\AC1\RGB1_SUB31ACT1F31.jpg,0,1,0.7801260352134705
393,31,1,61,D:\Skripsi\Experiment_TA\data\raw\RGB1\S31\AC1\RGB1_SUB31ACT1F61.jpg,0,0,0.3667275011539459
394,31,1,91,D:\Skripsi\Experiment_TA\data\raw\RGB1\S31\AC1\RGB1_SUB31ACT1F91.jpg,0,0,0.3847636580467224
395,31,9,1,D:\Skripsi\Experiment_TA\data\raw\RGB1\S31\AC10\RGB1_SUB31ACT10F1.jpg,1,1,0.7095759510993958
396,31,9,121,D:\Skripsi\Experiment_TA\data\raw\RGB1\S31\AC10\RGB1_SUB31ACT10F121.jpg,1,1,0.5812869071960449
397,31,9,31,D:\Skripsi\Experiment_TA\data\raw\RGB1\S31\AC10\RGB1_SUB31ACT10F31.jpg,1,1,0.7421963214874268
398,31,9,61,D:\Skripsi\Experiment_TA\data\raw\RGB1\S31\AC10\RGB1_SUB31ACT10F61.jpg,1,1,0.6869946718215942
399,31,9,91,D:\Skripsi\Experiment_TA\data\raw\RGB1\S31\AC10\RGB1_SUB31ACT10F91.jpg,1,1,0.5078806281089783
400,31,5,1,D:\Skripsi\Experiment_TA\data\raw\RGB1\S31\AC5\RGB1_SUB31ACT5F1.jpg,1,1,0.933867335319519
401,31,5,31,D:\Skripsi\Experiment_TA\data\raw\RGB1\S31\AC5\RGB1_SUB31ACT5F31.jpg,1,1,0.8591784834861755
402,31,5,61,D:\Skripsi\Experiment_TA\data\raw\RGB1\S31\AC5\RGB1_SUB31ACT5F61.jpg,1,1,0.9191722869873047
403,31,5,91,D:\Skripsi\Experiment_TA\data\raw\RGB1\S31\AC5\RGB1_SUB31ACT5F91.jpg,1,1,0.9006232023239136
404,31,6,1,D:\Skripsi\Experiment_TA\data\raw\RGB1\S31\AC6\RGB1_SUB31ACT6F1.jpg,1,0,0.49021878838539124
405,31,6,31,D:\Skripsi\Experiment_TA\data\raw\RGB1\S31\AC6\RGB1_SUB31ACT6F31.jpg,1,0,0.4802088737487793
406,31,6,61,D:\Skripsi\Experiment_TA\data\raw\RGB1\S31\AC6\RGB1_SUB31ACT6F61.jpg,1,1,0.8374456763267517
407,31,7,1,D:\Skripsi\Experiment_TA\data\raw\RGB1\S31\AC7\RGB1_SUB31ACT7F1.jpg,1,1,0.5895882844924927
408,31,7,31,D:\Skripsi\Experiment_TA\data\raw\RGB1\S31\AC7\RGB1_SUB31ACT7F31.jpg,1,1,0.9884894490242004
409,31,7,61,D:\Skripsi\Experiment_TA\data\raw\RGB1\S31\AC7\RGB1_SUB31ACT7F61.jpg,1,1,0.8939923048019409
410,31,7,91,D:\Skripsi\Experiment_TA\data\raw\RGB1\S31\AC7\RGB1_SUB31ACT7F91.jpg,1,1,0.9065772294998169
411,31,8,1,D:\Skripsi\Experiment_TA\data\raw\RGB1\S31\AC8\RGB1_SUB31ACT8F1.jpg,1,1,0.881555438041687
412,31,8,121,D:\Skripsi\Experiment_TA\data\raw\RGB1\S31\AC8\RGB1_SUB31ACT8F121.jpg,1,1,0.7914567589759827
413,31,8,31,D:\Skripsi\Experiment_TA\data\raw\RGB1\S31\AC8\RGB1_SUB31ACT8F31.jpg,1,1,0.8182759284973145
414,31,8,61,D:\Skripsi\Experiment_TA\data\raw\RGB1\S31\AC8\RGB1_SUB31ACT8F61.jpg,1,1,0.7297624349594116
415,31,8,91,D:\Skripsi\Experiment_TA\data\raw\RGB1\S31\AC8\RGB1_SUB31ACT8F91.jpg,1,1,0.6370258927345276
416,32,1,1,D:\Skripsi\Experiment_TA\data\raw\RGB1\S32\AC1\RGB1_SUB32ACT1F1.jpg,0,1,0.6486380696296692
417,32,1,31,D:\Skripsi\Experiment_TA\data\raw\RGB1\S32\AC1\RGB1_SUB32ACT1F31.jpg,0,1,0.5440460443496704
418,32,1,61,D:\Skripsi\Experiment_TA\data\raw\RGB1\S32\AC1\RGB1_SUB32ACT1F61.jpg,0,0,0.4563097059726715
419,32,1,91,D:\Skripsi\Experiment_TA\data\raw\RGB1\S32\AC1\RGB1_SUB32ACT1F91.jpg,0,0,0.4746708869934082
420,32,5,1,D:\Skripsi\Experiment_TA\data\raw\RGB1\S32\AC5\RGB1_SUB32ACT5F1.jpg,1,1,0.6596542596817017
421,32,5,31,D:\Skripsi\Experiment_TA\data\raw\RGB1\S32\AC5\RGB1_SUB32ACT5F31.jpg,1,1,0.7020195126533508
422,32,5,61,D:\Skripsi\Experiment_TA\data\raw\RGB1\S32\AC5\RGB1_SUB32ACT5F61.jpg,1,1,0.7532332539558411
423,32,5,91,D:\Skripsi\Experiment_TA\data\raw\RGB1\S32\AC5\RGB1_SUB32ACT5F91.jpg,1,1,0.672636866569519
424,32,6,1,D:\Skripsi\Experiment_TA\data\raw\RGB1\S32\AC6\RGB1_SUB32ACT6F1.jpg,1,1,0.6804789900779724
425,32,6,31,D:\Skripsi\Experiment_TA\data\raw\RGB1\S32\AC6\RGB1_SUB32ACT6F31.jpg,1,1,0.6307187080383301
426,32,6,61,D:\Skripsi\Experiment_TA\data\raw\RGB1\S32\AC6\RGB1_SUB32ACT6F61.jpg,1,1,0.514266312122345
427,32,6,91,D:\Skripsi\Experiment_TA\data\raw\RGB1\S32\AC6\RGB1_SUB32ACT6F91.jpg,1,1,0.595600426197052
428,32,7,1,D:\Skripsi\Experiment_TA\data\raw\RGB1\S32\AC7\RGB1_SUB32ACT7F1.jpg,1,1,0.8016462922096252
429,32,7,31,D:\Skripsi\Experiment_TA\data\raw\RGB1\S32\AC7\RGB1_SUB32ACT7F31.jpg,1,1,0.9450754523277283
430,32,7,61,D:\Skripsi\Experiment_TA\data\raw\RGB1\S32\AC7\RGB1_SUB32ACT7F61.jpg,1,1,0.9208747148513794
431,32,7,91,D:\Skripsi\Experiment_TA\data\raw\RGB1\S32\AC7\RGB1_SUB32ACT7F91.jpg,1,1,0.5397254228591919
432,32,8,1,D:\Skripsi\Experiment_TA\data\raw\RGB1\S32\AC8\RGB1_SUB32ACT8F1.jpg,1,1,0.5443428754806519
433,32,8,31,D:\Skripsi\Experiment_TA\data\raw\RGB1\S32\AC8\RGB1_SUB32ACT8F31.jpg,1,1,0.6054973602294922
434,32,8,61,D:\Skripsi\Experiment_TA\data\raw\RGB1\S32\AC8\RGB1_SUB32ACT8F61.jpg,1,1,0.7643524408340454
435,32,9,1,D:\Skripsi\Experiment_TA\data\raw\RGB1\S32\AC9\RGB1_SUB32ACT9F1.jpg,1,1,0.8046354651451111
436,32,9,31,D:\Skripsi\Experiment_TA\data\raw\RGB1\S32\AC9\RGB1_SUB32ACT9F31.jpg,1,1,0.6859734058380127
437,32,9,61,D:\Skripsi\Experiment_TA\data\raw\RGB1\S32\AC9\RGB1_SUB32ACT9F61.jpg,1,1,0.7654749751091003
438,33,1,1,D:\Skripsi\Experiment_TA\data\raw\RGB1\S33\AC1\RGB1_SUB33ACT1F1.jpg,0,0,0.38234782218933105
439,33,1,31,D:\Skripsi\Experiment_TA\data\raw\RGB1\S33\AC1\RGB1_SUB33ACT1F31.jpg,0,0,0.23686599731445312
440,33,1,61,D:\Skripsi\Experiment_TA\data\raw\RGB1\S33\AC1\RGB1_SUB33ACT1F61.jpg,0,0,0.43395790457725525
441,33,5,1,D:\Skripsi\Experiment_TA\data\raw\RGB1\S33\AC5\RGB1_SUB33ACT5F1.jpg,1,1,0.9343184232711792
442,33,5,31,D:\Skripsi\Experiment_TA\data\raw\RGB1\S33\AC5\RGB1_SUB33ACT5F31.jpg,1,1,0.8938443660736084
443,33,5,61,D:\Skripsi\Experiment_TA\data\raw\RGB1\S33\AC5\RGB1_SUB33ACT5F61.jpg,1,1,0.9727175235748291
444,33,6,1,D:\Skripsi\Experiment_TA\data\raw\RGB1\S33\AC6\RGB1_SUB33ACT6F1.jpg,1,1,0.9136996269226074
445,33,6,31,D:\Skripsi\Experiment_TA\data\raw\RGB1\S33\AC6\RGB1_SUB33ACT6F31.jpg,1,1,0.8071444630622864
446,33,6,61,D:\Skripsi\Experiment_TA\data\raw\RGB1\S33\AC6\RGB1_SUB33ACT6F61.jpg,1,1,0.8962950110435486
447,33,7,1,D:\Skripsi\Experiment_TA\data\raw\RGB1\S33\AC7\RGB1_SUB33ACT7F1.jpg,1,1,0.9691512584686279
448,33,7,31,D:\Skripsi\Experiment_TA\data\raw\RGB1\S33\AC7\RGB1_SUB33ACT7F31.jpg,1,1,0.9822675585746765
449,33,7,61,D:\Skripsi\Experiment_TA\data\raw\RGB1\S33\AC7\RGB1_SUB33ACT7F61.jpg,1,1,0.9330779910087585
450,33,7,91,D:\Skripsi\Experiment_TA\data\raw\RGB1\S33\AC7\RGB1_SUB33ACT7F91.jpg,1,1,0.9182749390602112
451,33,8,1,D:\Skripsi\Experiment_TA\data\raw\RGB1\S33\AC8\RGB1_SUB33ACT8F1.jpg,1,1,0.541682243347168
452,33,8,31,D:\Skripsi\Experiment_TA\data\raw\RGB1\S33\AC8\RGB1_SUB33ACT8F31.jpg,1,1,0.5402611494064331
453,33,8,61,D:\Skripsi\Experiment_TA\data\raw\RGB1\S33\AC8\RGB1_SUB33ACT8F61.jpg,1,1,0.5869752764701843
454,33,8,91,D:\Skripsi\Experiment_TA\data\raw\RGB1\S33\AC8\RGB1_SUB33ACT8F91.jpg,1,1,0.6758065223693848
455,33,9,1,D:\Skripsi\Experiment_TA\data\raw\RGB1\S33\AC9\RGB1_SUB33ACT9F1.jpg,1,0,0.37968990206718445
456,33,9,31,D:\Skripsi\Experiment_TA\data\raw\RGB1\S33\AC9\RGB1_SUB33ACT9F31.jpg,1,1,0.5599092841148376
457,33,9,61,D:\Skripsi\Experiment_TA\data\raw\RGB1\S33\AC9\RGB1_SUB33ACT9F61.jpg,1,1,0.5031911134719849
458,33,9,91,D:\Skripsi\Experiment_TA\data\raw\RGB1\S33\AC9\RGB1_SUB33ACT9F91.jpg,1,1,0.6052689552307129
459,34,1,1,D:\Skripsi\Experiment_TA\data\raw\RGB1\S34\AC1\RGB1_SUB34ACT1F1.jpg,0,0,0.2944627106189728
460,34,1,31,D:\Skripsi\Experiment_TA\data\raw\RGB1\S34\AC1\RGB1_SUB34ACT1F31.jpg,0,0,0.31912940740585327
461,34,1,61,D:\Skripsi\Experiment_TA\data\raw\RGB1\S34\AC1\RGB1_SUB34ACT1F61.jpg,0,0,0.27613574266433716
462,34,5,1,D:\Skripsi\Experiment_TA\data\raw\RGB1\S34\AC5\RGB1_SUB34ACT5F1.jpg,1,1,0.9486352801322937
463,34,5,31,D:\Skripsi\Experiment_TA\data\raw\RGB1\S34\AC5\RGB1_SUB34ACT5F31.jpg,1,1,0.9461403489112854
464,34,5,61,D:\Skripsi\Experiment_TA\data\raw\RGB1\S34\AC5\RGB1_SUB34ACT5F61.jpg,1,1,0.9547734260559082
465,34,6,1,D:\Skripsi\Experiment_TA\data\raw\RGB1\S34\AC6\RGB1_SUB34ACT6F1.jpg,1,1,0.6491793990135193
466,34,6,31,D:\Skripsi\Experiment_TA\data\raw\RGB1\S34\AC6\RGB1_SUB34ACT6F31.jpg,1,1,0.7282057404518127
467,34,6,61,D:\Skripsi\Experiment_TA\data\raw\RGB1\S34\AC6\RGB1_SUB34ACT6F61.jpg,1,1,0.8189389705657959
468,34,7,1,D:\Skripsi\Experiment_TA\data\raw\RGB1\S34\AC7\RGB1_SUB34ACT7F1.jpg,1,1,0.9827004075050354
469,34,7,31,D:\Skripsi\Experiment_TA\data\raw\RGB1\S34\AC7\RGB1_SUB34ACT7F31.jpg,1,1,0.9835125803947449
470,34,7,61,D:\Skripsi\Experiment_TA\data\raw\RGB1\S34\AC7\RGB1_SUB34ACT7F61.jpg,1,1,0.9153612852096558
471,34,8,1,D:\Skripsi\Experiment_TA\data\raw\RGB1\S34\AC8\RGB1_SUB34ACT8F1.jpg,1,0,0.37973758578300476
472,34,8,31,D:\Skripsi\Experiment_TA\data\raw\RGB1\S34\AC8\RGB1_SUB34ACT8F31.jpg,1,1,0.9058891534805298
473,34,8,61,D:\Skripsi\Experiment_TA\data\raw\RGB1\S34\AC8\RGB1_SUB34ACT8F61.jpg,1,1,0.509317934513092
474,34,8,91,D:\Skripsi\Experiment_TA\data\raw\RGB1\S34\AC8\RGB1_SUB34ACT8F91.jpg,1,1,0.6370244026184082
475,34,9,1,D:\Skripsi\Experiment_TA\data\raw\RGB1\S34\AC9\RGB1_SUB34ACT9F1.jpg,1,1,0.713482677936554
476,34,9,31,D:\Skripsi\Experiment_TA\data\raw\RGB1\S34\AC9\RGB1_SUB34ACT9F31.jpg,1,1,0.8689442873001099
477,34,9,61,D:\Skripsi\Experiment_TA\data\raw\RGB1\S34\AC9\RGB1_SUB34ACT9F61.jpg,1,1,0.9782862663269043
478,35,1,1,D:\Skripsi\Experiment_TA\data\raw\RGB1\S35\AC1\RGB1_SUB35ACT1F1.jpg,0,0,0.4385472238063812
479,35,1,121,D:\Skripsi\Experiment_TA\data\raw\RGB1\S35\AC1\RGB1_SUB35ACT1F121.jpg,0,0,0.15200833976268768
480,35,1,31,D:\Skripsi\Experiment_TA\data\raw\RGB1\S35\AC1\RGB1_SUB35ACT1F31.jpg,0,0,0.2557615339756012
481,35,1,61,D:\Skripsi\Experiment_TA\data\raw\RGB1\S35\AC1\RGB1_SUB35ACT1F61.jpg,0,0,0.16602939367294312
482,35,1,91,D:\Skripsi\Experiment_TA\data\raw\RGB1\S35\AC1\RGB1_SUB35ACT1F91.jpg,0,0,0.12145070731639862
483,35,5,1,D:\Skripsi\Experiment_TA\data\raw\RGB1\S35\AC5\RGB1_SUB35ACT5F1.jpg,1,1,0.8007979989051819
484,35,5,31,D:\Skripsi\Experiment_TA\data\raw\RGB1\S35\AC5\RGB1_SUB35ACT5F31.jpg,1,1,0.810472309589386
485,35,5,61,D:\Skripsi\Experiment_TA\data\raw\RGB1\S35\AC5\RGB1_SUB35ACT5F61.jpg,1,1,0.6431945562362671
486,35,5,91,D:\Skripsi\Experiment_TA\data\raw\RGB1\S35\AC5\RGB1_SUB35ACT5F91.jpg,1,1,0.5571174025535583
487,35,6,1,D:\Skripsi\Experiment_TA\data\raw\RGB1\S35\AC6\RGB1_SUB35ACT6F1.jpg,1,1,0.6393871307373047
488,35,6,121,D:\Skripsi\Experiment_TA\data\raw\RGB1\S35\AC6\RGB1_SUB35ACT6F121.jpg,1,1,0.5958510637283325
489,35,6,151,D:\Skripsi\Experiment_TA\data\raw\RGB1\S35\AC6\RGB1_SUB35ACT6F151.jpg,1,1,0.8751112222671509
490,35,6,31,D:\Skripsi\Experiment_TA\data\raw\RGB1\S35\AC6\RGB1_SUB35ACT6F31.jpg,1,1,0.6099367737770081
491,35,6,61,D:\Skripsi\Experiment_TA\data\raw\RGB1\S35\AC6\RGB1_SUB35ACT6F61.jpg,1,1,0.6168076992034912
492,35,6,91,D:\Skripsi\Experiment_TA\data\raw\RGB1\S35\AC6\RGB1_SUB35ACT6F91.jpg,1,0,0.4065473675727844
493,35,7,1,D:\Skripsi\Experiment_TA\data\raw\RGB1\S35\AC7\RGB1_SUB35ACT7F1.jpg,1,1,0.982528030872345
494,35,7,121,D:\Skripsi\Experiment_TA\data\raw\RGB1\S35\AC7\RGB1_SUB35ACT7F121.jpg,1,1,0.9138802289962769
495,35,7,151,D:\Skripsi\Experiment_TA\data\raw\RGB1\S35\AC7\RGB1_SUB35ACT7F151.jpg,1,1,0.9542340040206909
496,35,7,181,D:\Skripsi\Experiment_TA\data\raw\RGB1\S35\AC7\RGB1_SUB35ACT7F181.jpg,1,1,0.8380659222602844
497,35,7,31,D:\Skripsi\Experiment_TA\data\raw\RGB1\S35\AC7\RGB1_SUB35ACT7F31.jpg,1,1,0.7004938721656799
498,35,7,61,D:\Skripsi\Experiment_TA\data\raw\RGB1\S35\AC7\RGB1_SUB35ACT7F61.jpg,1,1,0.9316438436508179
499,35,7,91,D:\Skripsi\Experiment_TA\data\raw\RGB1\S35\AC7\RGB1_SUB35ACT7F91.jpg,1,1,0.9700809121131897
500,35,8,1,D:\Skripsi\Experiment_TA\data\raw\RGB1\S35\AC8\RGB1_SUB35ACT8F1.jpg,1,1,0.6763079762458801
501,35,8,31,D:\Skripsi\Experiment_TA\data\raw\RGB1\S35\AC8\RGB1_SUB35ACT8F31.jpg,1,1,0.8447672724723816
502,35,8,61,D:\Skripsi\Experiment_TA\data\raw\RGB1\S35\AC8\RGB1_SUB35ACT8F61.jpg,1,1,0.5411815047264099
503,35,8,91,D:\Skripsi\Experiment_TA\data\raw\RGB1\S35\AC8\RGB1_SUB35ACT8F91.jpg,1,1,0.5199123024940491
504,35,9,1,D:\Skripsi\Experiment_TA\data\raw\RGB1\S35\AC9\RGB1_SUB35ACT9F1.jpg,1,1,0.5765721201896667
505,35,9,121,D:\Skripsi\Experiment_TA\data\raw\RGB1\S35\AC9\RGB1_SUB35ACT9F121.jpg,1,1,0.8971776962280273
506,35,9,31,D:\Skripsi\Experiment_TA\data\raw\RGB1\S35\AC9\RGB1_SUB35ACT9F31.jpg,1,1,0.7001872658729553
507,35,9,61,D:\Skripsi\Experiment_TA\data\raw\RGB1\S35\AC9\RGB1_SUB35ACT9F61.jpg,1,1,0.7318570613861084
508,35,9,91,D:\Skripsi\Experiment_TA\data\raw\RGB1\S35\AC9\RGB1_SUB35ACT9F91.jpg,1,1,0.7592138051986694
509,36,1,1,D:\Skripsi\Experiment_TA\data\raw\RGB1\S36\AC1\RGB1_SUB36ACT1F1.jpg,0,0,0.4539462625980377
510,36,1,121,D:\Skripsi\Experiment_TA\data\raw\RGB1\S36\AC1\RGB1_SUB36ACT1F121.jpg,0,1,0.5504262447357178
511,36,1,31,D:\Skripsi\Experiment_TA\data\raw\RGB1\S36\AC1\RGB1_SUB36ACT1F31.jpg,0,0,0.38430866599082947
512,36,1,61,D:\Skripsi\Experiment_TA\data\raw\RGB1\S36\AC1\RGB1_SUB36ACT1F61.jpg,0,0,0.42128846049308777
513,36,1,91,D:\Skripsi\Experiment_TA\data\raw\RGB1\S36\AC1\RGB1_SUB36ACT1F91.jpg,0,1,0.5410749912261963
514,36,5,1,D:\Skripsi\Experiment_TA\data\raw\RGB1\S36\AC5\RGB1_SUB36ACT5F1.jpg,1,1,0.8510795831680298
515,36,5,121,D:\Skripsi\Experiment_TA\data\raw\RGB1\S36\AC5\RGB1_SUB36ACT5F121.jpg,1,1,0.5850013494491577
516,36,5,31,D:\Skripsi\Experiment_TA\data\raw\RGB1\S36\AC5\RGB1_SUB36ACT5F31.jpg,1,1,0.6948873400688171
517,36,5,61,D:\Skripsi\Experiment_TA\data\raw\RGB1\S36\AC5\RGB1_SUB36ACT5F61.jpg,1,1,0.7715770602226257
518,36,5,91,D:\Skripsi\Experiment_TA\data\raw\RGB1\S36\AC5\RGB1_SUB36ACT5F91.jpg,1,1,0.8723809123039246
519,36,6,1,D:\Skripsi\Experiment_TA\data\raw\RGB1\S36\AC6\RGB1_SUB36ACT6F1.jpg,1,1,0.6902818083763123
520,36,6,31,D:\Skripsi\Experiment_TA\data\raw\RGB1\S36\AC6\RGB1_SUB36ACT6F31.jpg,1,1,0.9716470837593079
521,36,6,61,D:\Skripsi\Experiment_TA\data\raw\RGB1\S36\AC6\RGB1_SUB36ACT6F61.jpg,1,1,0.9508267045021057
522,36,6,91,D:\Skripsi\Experiment_TA\data\raw\RGB1\S36\AC6\RGB1_SUB36ACT6F91.jpg,1,1,0.957961916923523
523,36,7,1,D:\Skripsi\Experiment_TA\data\raw\RGB1\S36\AC7\RGB1_SUB36ACT7F1.jpg,1,1,0.9323917031288147
524,36,7,121,D:\Skripsi\Experiment_TA\data\raw\RGB1\S36\AC7\RGB1_SUB36ACT7F121.jpg,1,1,0.9793853759765625
525,36,7,31,D:\Skripsi\Experiment_TA\data\raw\RGB1\S36\AC7\RGB1_SUB36ACT7F31.jpg,1,1,0.9700722694396973
526,36,7,61,D:\Skripsi\Experiment_TA\data\raw\RGB1\S36\AC7\RGB1_SUB36ACT7F61.jpg,1,1,0.909163236618042
527,36,7,91,D:\Skripsi\Experiment_TA\data\raw\RGB1\S36\AC7\RGB1_SUB36ACT7F91.jpg,1,1,0.9821557402610779
528,36,8,1,D:\Skripsi\Experiment_TA\data\raw\RGB1\S36\AC8\RGB1_SUB36ACT8F1.jpg,1,1,0.887311577796936
529,36,8,121,D:\Skripsi\Experiment_TA\data\raw\RGB1\S36\AC8\RGB1_SUB36ACT8F121.jpg,1,1,0.9600144028663635
530,36,8,31,D:\Skripsi\Experiment_TA\data\raw\RGB1\S36\AC8\RGB1_SUB36ACT8F31.jpg,1,1,0.8501853346824646
531,36,8,61,D:\Skripsi\Experiment_TA\data\raw\RGB1\S36\AC8\RGB1_SUB36ACT8F61.jpg,1,1,0.8798010945320129
532,36,8,91,D:\Skripsi\Experiment_TA\data\raw\RGB1\S36\AC8\RGB1_SUB36ACT8F91.jpg,1,1,0.9055879712104797
533,36,9,1,D:\Skripsi\Experiment_TA\data\raw\RGB1\S36\AC9\RGB1_SUB36ACT9F1.jpg,1,1,0.8752509951591492
534,36,9,121,D:\Skripsi\Experiment_TA\data\raw\RGB1\S36\AC9\RGB1_SUB36ACT9F121.jpg,1,1,0.774949312210083
535,36,9,151,D:\Skripsi\Experiment_TA\data\raw\RGB1\S36\AC9\RGB1_SUB36ACT9F151.jpg,1,1,0.9475336074829102
536,36,9,31,D:\Skripsi\Experiment_TA\data\raw\RGB1\S36\AC9\RGB1_SUB36ACT9F31.jpg,1,1,0.7536270618438721
537,36,9,61,D:\Skripsi\Experiment_TA\data\raw\RGB1\S36\AC9\RGB1_SUB36ACT9F61.jpg,1,1,0.6281737089157104
538,36,9,91,D:\Skripsi\Experiment_TA\data\raw\RGB1\S36\AC9\RGB1_SUB36ACT9F91.jpg,1,1,0.7160695195198059
539,37,1,1,D:\Skripsi\Experiment_TA\data\raw\RGB1\S37\AC1\RGB1_SUB37ACT1F1.jpg,0,0,0.22937656939029694
540,37,1,121,D:\Skripsi\Experiment_TA\data\raw\RGB1\S37\AC1\RGB1_SUB37ACT1F121.jpg,0,0,0.23335188627243042
541,37,1,31,D:\Skripsi\Experiment_TA\data\raw\RGB1\S37\AC1\RGB1_SUB37ACT1F31.jpg,0,0,0.2887333929538727
542,37,1,61,D:\Skripsi\Experiment_TA\data\raw\RGB1\S37\AC1\RGB1_SUB37ACT1F61.jpg,0,0,0.34203583002090454
543,37,1,91,D:\Skripsi\Experiment_TA\data\raw\RGB1\S37\AC1\RGB1_SUB37ACT1F91.jpg,0,0,0.3197939991950989
544,37,5,1,D:\Skripsi\Experiment_TA\data\raw\RGB1\S37\AC5\RGB1_SUB37ACT5F1.jpg,1,1,0.9273995161056519
545,37,5,121,D:\Skripsi\Experiment_TA\data\raw\RGB1\S37\AC5\RGB1_SUB37ACT5F121.jpg,1,1,0.9385353326797485
546,37,5,31,D:\Skripsi\Experiment_TA\data\raw\RGB1\S37\AC5\RGB1_SUB37ACT5F31.jpg,1,1,0.7549314498901367
547,37,5,61,D:\Skripsi\Experiment_TA\data\raw\RGB1\S37\AC5\RGB1_SUB37ACT5F61.jpg,1,1,0.878178060054779
548,37,5,91,D:\Skripsi\Experiment_TA\data\raw\RGB1\S37\AC5\RGB1_SUB37ACT5F91.jpg,1,1,0.9119172096252441
549,37,6,1,D:\Skripsi\Experiment_TA\data\raw\RGB1\S37\AC6\RGB1_SUB37ACT6F1.jpg,1,1,0.6354972124099731
550,37,6,121,D:\Skripsi\Experiment_TA\data\raw\RGB1\S37\AC6\RGB1_SUB37ACT6F121.jpg,1,1,0.7252034544944763
551,37,6,31,D:\Skripsi\Experiment_TA\data\raw\RGB1\S37\AC6\RGB1_SUB37ACT6F31.jpg,1,1,0.8198137283325195
552,37,6,61,D:\Skripsi\Experiment_TA\data\raw\RGB1\S37\AC6\RGB1_SUB37ACT6F61.jpg,1,1,0.8147115111351013
553,37,6,91,D:\Skripsi\Experiment_TA\data\raw\RGB1\S37\AC6\RGB1_SUB37ACT6F91.jpg,1,1,0.7283283472061157
554,37,7,1,D:\Skripsi\Experiment_TA\data\raw\RGB1\S37\AC7\RGB1_SUB37ACT7F1.jpg,1,1,0.8908588290214539
555,37,7,121,D:\Skripsi\Experiment_TA\data\raw\RGB1\S37\AC7\RGB1_SUB37ACT7F121.jpg,1,1,0.7754877209663391
556,37,7,151,D:\Skripsi\Experiment_TA\data\raw\RGB1\S37\AC7\RGB1_SUB37ACT7F151.jpg,1,1,0.9001572132110596
557,37,7,31,D:\Skripsi\Experiment_TA\data\raw\RGB1\S37\AC7\RGB1_SUB37ACT7F31.jpg,1,1,0.9161956906318665
558,37,7,61,D:\Skripsi\Experiment_TA\data\raw\RGB1\S37\AC7\RGB1_SUB37ACT7F61.jpg,1,1,0.9030783176422119
559,37,7,91,D:\Skripsi\Experiment_TA\data\raw\RGB1\S37\AC7\RGB1_SUB37ACT7F91.jpg,1,1,0.844714343547821
560,37,8,1,D:\Skripsi\Experiment_TA\data\raw\RGB1\S37\AC8\RGB1_SUB37ACT8F1.jpg,1,1,0.8115653991699219
561,37,8,121,D:\Skripsi\Experiment_TA\data\raw\RGB1\S37\AC8\RGB1_SUB37ACT8F121.jpg,1,1,0.9369166493415833
562,37,8,151,D:\Skripsi\Experiment_TA\data\raw\RGB1\S37\AC8\RGB1_SUB37ACT8F151.jpg,1,1,0.9736543893814087
563,37,8,31,D:\Skripsi\Experiment_TA\data\raw\RGB1\S37\AC8\RGB1_SUB37ACT8F31.jpg,1,1,0.6840906739234924
564,37,8,61,D:\Skripsi\Experiment_TA\data\raw\RGB1\S37\AC8\RGB1_SUB37ACT8F61.jpg,1,1,0.9375928044319153
565,37,8,91,D:\Skripsi\Experiment_TA\data\raw\RGB1\S37\AC8\RGB1_SUB37ACT8F91.jpg,1,1,0.9497655034065247
566,37,9,1,D:\Skripsi\Experiment_TA\data\raw\RGB1\S37\AC9\RGB1_SUB37ACT9F1.jpg,1,1,0.9083357453346252
567,37,9,121,D:\Skripsi\Experiment_TA\data\raw\RGB1\S37\AC9\RGB1_SUB37ACT9F121.jpg,1,1,0.861089825630188
568,37,9,151,D:\Skripsi\Experiment_TA\data\raw\RGB1\S37\AC9\RGB1_SUB37ACT9F151.jpg,1,1,0.8221506476402283
569,37,9,31,D:\Skripsi\Experiment_TA\data\raw\RGB1\S37\AC9\RGB1_SUB37ACT9F31.jpg,1,1,0.877016544342041
570,37,9,61,D:\Skripsi\Experiment_TA\data\raw\RGB1\S37\AC9\RGB1_SUB37ACT9F61.jpg,1,1,0.8767387866973877
571,37,9,91,D:\Skripsi\Experiment_TA\data\raw\RGB1\S37\AC9\RGB1_SUB37ACT9F91.jpg,1,1,0.8830335736274719
572,38,1,1,D:\Skripsi\Experiment_TA\data\raw\RGB1\S38\AC1\RGB1_SUB38ACT1F1.jpg,0,0,0.4719545841217041
573,38,1,121,D:\Skripsi\Experiment_TA\data\raw\RGB1\S38\AC1\RGB1_SUB38ACT1F121.jpg,0,0,0.24620704352855682
574,38,1,31,D:\Skripsi\Experiment_TA\data\raw\RGB1\S38\AC1\RGB1_SUB38ACT1F31.jpg,0,0,0.34268468618392944
575,38,1,61,D:\Skripsi\Experiment_TA\data\raw\RGB1\S38\AC1\RGB1_SUB38ACT1F61.jpg,0,0,0.3915330171585083
576,38,1,91,D:\Skripsi\Experiment_TA\data\raw\RGB1\S38\AC1\RGB1_SUB38ACT1F91.jpg,0,1,0.7637466192245483
577,38,5,1,D:\Skripsi\Experiment_TA\data\raw\RGB1\S38\AC5\RGB1_SUB38ACT5F1.jpg,1,1,0.7652333974838257
578,38,5,31,D:\Skripsi\Experiment_TA\data\raw\RGB1\S38\AC5\RGB1_SUB38ACT5F31.jpg,1,1,0.6193848848342896
579,38,5,61,D:\Skripsi\Experiment_TA\data\raw\RGB1\S38\AC5\RGB1_SUB38ACT5F61.jpg,1,1,0.6206507682800293
580,38,5,91,D:\Skripsi\Experiment_TA\data\raw\RGB1\S38\AC5\RGB1_SUB38ACT5F91.jpg,1,1,0.7631533145904541
581,38,6,1,D:\Skripsi\Experiment_TA\data\raw\RGB1\S38\AC6\RGB1_SUB38ACT6F1.jpg,1,1,0.8841362595558167
582,38,6,31,D:\Skripsi\Experiment_TA\data\raw\RGB1\S38\AC6\RGB1_SUB38ACT6F31.jpg,1,1,0.69577956199646
583,38,6,61,D:\Skripsi\Experiment_TA\data\raw\RGB1\S38\AC6\RGB1_SUB38ACT6F61.jpg,1,1,0.902605414390564
584,38,6,91,D:\Skripsi\Experiment_TA\data\raw\RGB1\S38\AC6\RGB1_SUB38ACT6F91.jpg,1,1,0.8383252024650574
585,38,7,1,D:\Skripsi\Experiment_TA\data\raw\RGB1\S38\AC7\RGB1_SUB38ACT7F1.jpg,1,1,0.953009843826294
586,38,7,121,D:\Skripsi\Experiment_TA\data\raw\RGB1\S38\AC7\RGB1_SUB38ACT7F121.jpg,1,1,0.9455759525299072
587,38,7,31,D:\Skripsi\Experiment_TA\data\raw\RGB1\S38\AC7\RGB1_SUB38ACT7F31.jpg,1,1,0.9368677735328674
588,38,7,61,D:\Skripsi\Experiment_TA\data\raw\RGB1\S38\AC7\RGB1_SUB38ACT7F61.jpg,1,1,0.8420862555503845
589,38,7,91,D:\Skripsi\Experiment_TA\data\raw\RGB1\S38\AC7\RGB1_SUB38ACT7F91.jpg,1,1,0.8406941890716553
590,38,8,1,D:\Skripsi\Experiment_TA\data\raw\RGB1\S38\AC8\RGB1_SUB38ACT8F1.jpg,1,1,0.9881332516670227
591,38,8,121,D:\Skripsi\Experiment_TA\data\raw\RGB1\S38\AC8\RGB1_SUB38ACT8F121.jpg,1,1,0.9466997385025024
592,38,8,31,D:\Skripsi\Experiment_TA\data\raw\RGB1\S38\AC8\RGB1_SUB38ACT8F31.jpg,1,1,0.9594702124595642
593,38,8,61,D:\Skripsi\Experiment_TA\data\raw\RGB1\S38\AC8\RGB1_SUB38ACT8F61.jpg,1,1,0.861703097820282
594,38,8,91,D:\Skripsi\Experiment_TA\data\raw\RGB1\S38\AC8\RGB1_SUB38ACT8F91.jpg,1,1,0.9132840633392334
595,38,9,1,D:\Skripsi\Experiment_TA\data\raw\RGB1\S38\AC9\RGB1_SUB38ACT9F1.jpg,1,1,0.6363205909729004
596,38,9,121,D:\Skripsi\Experiment_TA\data\raw\RGB1\S38\AC9\RGB1_SUB38ACT9F121.jpg,1,0,0.4620479643344879
597,38,9,31,D:\Skripsi\Experiment_TA\data\raw\RGB1\S38\AC9\RGB1_SUB38ACT9F31.jpg,1,0,0.4283108115196228
598,38,9,61,D:\Skripsi\Experiment_TA\data\raw\RGB1\S38\AC9\RGB1_SUB38ACT9F61.jpg,1,0,0.3631395399570465
599,38,9,91,D:\Skripsi\Experiment_TA\data\raw\RGB1\S38\AC9\RGB1_SUB38ACT9F91.jpg,1,0,0.43399035930633545
600,39,1,1,D:\Skripsi\Experiment_TA\data\raw\RGB1\S39\AC1\RGB1_SUB39ACT1F1.jpg,0,0,0.379849374294281
601,39,1,31,D:\Skripsi\Experiment_TA\data\raw\RGB1\S39\AC1\RGB1_SUB39ACT1F31.jpg,0,0,0.3424263298511505
602,39,1,61,D:\Skripsi\Experiment_TA\data\raw\RGB1\S39\AC1\RGB1_SUB39ACT1F61.jpg,0,1,0.5165833234786987
603,39,1,91,D:\Skripsi\Experiment_TA\data\raw\RGB1\S39\AC1\RGB1_SUB39ACT1F91.jpg,0,0,0.42204007506370544
604,39,5,1,D:\Skripsi\Experiment_TA\data\raw\RGB1\S39\AC5\RGB1_SUB39ACT5F1.jpg,1,1,0.9549441933631897
605,39,5,31,D:\Skripsi\Experiment_TA\data\raw\RGB1\S39\AC5\RGB1_SUB39ACT5F31.jpg,1,1,0.9331415891647339
606,39,5,61,D:\Skripsi\Experiment_TA\data\raw\RGB1\S39\AC5\RGB1_SUB39ACT5F61.jpg,1,1,0.7956466674804688
607,39,5,91,D:\Skripsi\Experiment_TA\data\raw\RGB1\S39\AC5\RGB1_SUB39ACT5F91.jpg,1,1,0.7503970861434937
608,39,6,1,D:\Skripsi\Experiment_TA\data\raw\RGB1\S39\AC6\RGB1_SUB39ACT6F1.jpg,1,1,0.9280977845191956
609,39,6,31,D:\Skripsi\Experiment_TA\data\raw\RGB1\S39\AC6\RGB1_SUB39ACT6F31.jpg,1,1,0.8467452526092529
610,39,6,61,D:\Skripsi\Experiment_TA\data\raw\RGB1\S39\AC6\RGB1_SUB39ACT6F61.jpg,1,1,0.906353235244751
611,39,6,91,D:\Skripsi\Experiment_TA\data\raw\RGB1\S39\AC6\RGB1_SUB39ACT6F91.jpg,1,1,0.8983852863311768
612,39,7,1,D:\Skripsi\Experiment_TA\data\raw\RGB1\S39\AC7\RGB1_SUB39ACT7F1.jpg,1,1,0.9406198859214783
613,39,7,31,D:\Skripsi\Experiment_TA\data\raw\RGB1\S39\AC7\RGB1_SUB39ACT7F31.jpg,1,1,0.9405409693717957
614,39,7,61,D:\Skripsi\Experiment_TA\data\raw\RGB1\S39\AC7\RGB1_SUB39ACT7F61.jpg,1,1,0.914445698261261
615,39,7,91,D:\Skripsi\Experiment_TA\data\raw\RGB1\S39\AC7\RGB1_SUB39ACT7F91.jpg,1,1,0.9663662314414978
616,39,8,1,D:\Skripsi\Experiment_TA\data\raw\RGB1\S39\AC8\RGB1_SUB39ACT8F1.jpg,1,1,0.9740341305732727
617,39,8,121,D:\Skripsi\Experiment_TA\data\raw\RGB1\S39\AC8\RGB1_SUB39ACT8F121.jpg,1,1,0.7981821894645691
618,39,8,31,D:\Skripsi\Experiment_TA\data\raw\RGB1\S39\AC8\RGB1_SUB39ACT8F31.jpg,1,1,0.9700005054473877
619,39,8,61,D:\Skripsi\Experiment_TA\data\raw\RGB1\S39\AC8\RGB1_SUB39ACT8F61.jpg,1,1,0.7267367243766785
620,39,8,91,D:\Skripsi\Experiment_TA\data\raw\RGB1\S39\AC8\RGB1_SUB39ACT8F91.jpg,1,1,0.8849330544471741
621,39,9,1,D:\Skripsi\Experiment_TA\data\raw\RGB1\S39\AC9\RGB1_SUB39ACT9F1.jpg,1,1,0.701366126537323
622,39,9,121,D:\Skripsi\Experiment_TA\data\raw\RGB1\S39\AC9\RGB1_SUB39ACT9F121.jpg,1,1,0.9483017325401306
623,39,9,31,D:\Skripsi\Experiment_TA\data\raw\RGB1\S39\AC9\RGB1_SUB39ACT9F31.jpg,1,1,0.9761672019958496
624,39,9,61,D:\Skripsi\Experiment_TA\data\raw\RGB1\S39\AC9\RGB1_SUB39ACT9F61.jpg,1,1,0.8302431106567383
625,39,9,91,D:\Skripsi\Experiment_TA\data\raw\RGB1\S39\AC9\RGB1_SUB39ACT9F91.jpg,1,1,0.8535879254341125
626,40,1,1,D:\Skripsi\Experiment_TA\data\raw\RGB1\S40\AC1\RGB1_SUB40ACT1F1.jpg,0,1,0.52973872423172
627,40,1,121,D:\Skripsi\Experiment_TA\data\raw\RGB1\S40\AC1\RGB1_SUB40ACT1F121.jpg,0,0,0.3592880070209503
628,40,1,31,D:\Skripsi\Experiment_TA\data\raw\RGB1\S40\AC1\RGB1_SUB40ACT1F31.jpg,0,1,0.6381362676620483
629,40,1,61,D:\Skripsi\Experiment_TA\data\raw\RGB1\S40\AC1\RGB1_SUB40ACT1F61.jpg,0,1,0.6467189192771912
630,40,1,91,D:\Skripsi\Experiment_TA\data\raw\RGB1\S40\AC1\RGB1_SUB40ACT1F91.jpg,0,0,0.2343820035457611
631,40,5,1,D:\Skripsi\Experiment_TA\data\raw\RGB1\S40\AC5\RGB1_SUB40ACT5F1.jpg,1,1,0.7326052188873291
632,40,5,31,D:\Skripsi\Experiment_TA\data\raw\RGB1\S40\AC5\RGB1_SUB40ACT5F31.jpg,1,1,0.9349991083145142
633,40,5,61,D:\Skripsi\Experiment_TA\data\raw\RGB1\S40\AC5\RGB1_SUB40ACT5F61.jpg,1,1,0.871303915977478
634,40,5,91,D:\Skripsi\Experiment_TA\data\raw\RGB1\S40\AC5\RGB1_SUB40ACT5F91.jpg,1,1,0.8352735638618469
635,40,6,1,D:\Skripsi\Experiment_TA\data\raw\RGB1\S40\AC6\RGB1_SUB40ACT6F1.jpg,1,0,0.4472147524356842
636,40,6,121,D:\Skripsi\Experiment_TA\data\raw\RGB1\S40\AC6\RGB1_SUB40ACT6F121.jpg,1,0,0.41454532742500305
637,40,6,31,D:\Skripsi\Experiment_TA\data\raw\RGB1\S40\AC6\RGB1_SUB40ACT6F31.jpg,1,1,0.811188817024231
638,40,6,61,D:\Skripsi\Experiment_TA\data\raw\RGB1\S40\AC6\RGB1_SUB40ACT6F61.jpg,1,1,0.5383260846138
639,40,6,91,D:\Skripsi\Experiment_TA\data\raw\RGB1\S40\AC6\RGB1_SUB40ACT6F91.jpg,1,1,0.8374749422073364
640,40,7,1,D:\Skripsi\Experiment_TA\data\raw\RGB1\S40\AC7\RGB1_SUB40ACT7F1.jpg,1,1,0.7231296896934509
641,40,7,121,D:\Skripsi\Experiment_TA\data\raw\RGB1\S40\AC7\RGB1_SUB40ACT7F121.jpg,1,1,0.6348017454147339
642,40,7,151,D:\Skripsi\Experiment_TA\data\raw\RGB1\S40\AC7\RGB1_SUB40ACT7F151.jpg,1,1,0.7826082706451416
643,40,7,181,D:\Skripsi\Experiment_TA\data\raw\RGB1\S40\AC7\RGB1_SUB40ACT7F181.jpg,1,1,0.5960638523101807
644,40,7,211,D:\Skripsi\Experiment_TA\data\raw\RGB1\S40\AC7\RGB1_SUB40ACT7F211.jpg,1,1,0.8042525053024292
645,40,7,31,D:\Skripsi\Experiment_TA\data\raw\RGB1\S40\AC7\RGB1_SUB40ACT7F31.jpg,1,1,0.9455742239952087
646,40,7,61,D:\Skripsi\Experiment_TA\data\raw\RGB1\S40\AC7\RGB1_SUB40ACT7F61.jpg,1,1,0.6974915862083435
647,40,7,91,D:\Skripsi\Experiment_TA\data\raw\RGB1\S40\AC7\RGB1_SUB40ACT7F91.jpg,1,0,0.48164090514183044
648,40,8,1,D:\Skripsi\Experiment_TA\data\raw\RGB1\S40\AC8\RGB1_SUB40ACT8F1.jpg,1,1,0.6993660926818848
649,40,8,121,D:\Skripsi\Experiment_TA\data\raw\RGB1\S40\AC8\RGB1_SUB40ACT8F121.jpg,1,1,0.8713507652282715
650,40,8,151,D:\Skripsi\Experiment_TA\data\raw\RGB1\S40\AC8\RGB1_SUB40ACT8F151.jpg,1,1,0.8345737457275391
651,40,8,181,D:\Skripsi\Experiment_TA\data\raw\RGB1\S40\AC8\RGB1_SUB40ACT8F181.jpg,1,1,0.8272297978401184
652,40,8,31,D:\Skripsi\Experiment_TA\data\raw\RGB1\S40\AC8\RGB1_SUB40ACT8F31.jpg,1,1,0.8931313753128052
653,40,8,61,D:\Skripsi\Experiment_TA\data\raw\RGB1\S40\AC8\RGB1_SUB40ACT8F61.jpg,1,1,0.8105718493461609
654,40,8,91,D:\Skripsi\Experiment_TA\data\raw\RGB1\S40\AC8\RGB1_SUB40ACT8F91.jpg,1,1,0.8534305691719055
655,40,9,1,D:\Skripsi\Experiment_TA\data\raw\RGB1\S40\AC9\RGB1_SUB40ACT9F1.jpg,1,1,0.6079524159431458
656,40,9,121,D:\Skripsi\Experiment_TA\data\raw\RGB1\S40\AC9\RGB1_SUB40ACT9F121.jpg,1,1,0.9520447254180908
657,40,9,31,D:\Skripsi\Experiment_TA\data\raw\RGB1\S40\AC9\RGB1_SUB40ACT9F31.jpg,1,0,0.4699160158634186
658,40,9,61,D:\Skripsi\Experiment_TA\data\raw\RGB1\S40\AC9\RGB1_SUB40ACT9F61.jpg,1,1,0.884838342666626
659,40,9,91,D:\Skripsi\Experiment_TA\data\raw\RGB1\S40\AC9\RGB1_SUB40ACT9F91.jpg,1,1,0.9516326189041138
660,43,1,1,D:\Skripsi\Experiment_TA\data\raw\RGB1\S43\AC1\RGB1_SUB43ACT1F1.jpg,0,1,0.6771341562271118
661,43,1,121,D:\Skripsi\Experiment_TA\data\raw\RGB1\S43\AC1\RGB1_SUB43ACT1F121.jpg,0,1,0.6490423083305359
662,43,1,151,D:\Skripsi\Experiment_TA\data\raw\RGB1\S43\AC1\RGB1_SUB43ACT1F151.jpg,0,1,0.6709715723991394
663,43,1,181,D:\Skripsi\Experiment_TA\data\raw\RGB1\S43\AC1\RGB1_SUB43ACT1F181.jpg,0,1,0.6977669596672058
664,43,1,31,D:\Skripsi\Experiment_TA\data\raw\RGB1\S43\AC1\RGB1_SUB43ACT1F31.jpg,0,1,0.6064239740371704
665,43,1,61,D:\Skripsi\Experiment_TA\data\raw\RGB1\S43\AC1\RGB1_SUB43ACT1F61.jpg,0,1,0.6112201809883118
666,43,1,91,D:\Skripsi\Experiment_TA\data\raw\RGB1\S43\AC1\RGB1_SUB43ACT1F91.jpg,0,1,0.7455978989601135
667,43,5,1,D:\Skripsi\Experiment_TA\data\raw\RGB1\S43\AC5\RGB1_SUB43ACT5F1.jpg,1,1,0.6308391094207764
668,43,5,121,D:\Skripsi\Experiment_TA\data\raw\RGB1\S43\AC5\RGB1_SUB43ACT5F121.jpg,1,1,0.8204549551010132
669,43,5,151,D:\Skripsi\Experiment_TA\data\raw\RGB1\S43\AC5\RGB1_SUB43ACT5F151.jpg,1,1,0.8396745920181274
670,43,5,181,D:\Skripsi\Experiment_TA\data\raw\RGB1\S43\AC5\RGB1_SUB43ACT5F181.jpg,1,1,0.7658349275588989
671,43,5,31,D:\Skripsi\Experiment_TA\data\raw\RGB1\S43\AC5\RGB1_SUB43ACT5F31.jpg,1,1,0.8187836408615112
672,43,5,61,D:\Skripsi\Experiment_TA\data\raw\RGB1\S43\AC5\RGB1_SUB43ACT5F61.jpg,1,1,0.7732660174369812
673,43,5,91,D:\Skripsi\Experiment_TA\data\raw\RGB1\S43\AC5\RGB1_SUB43ACT5F91.jpg,1,1,0.7906792759895325
674,43,6,1,D:\Skripsi\Experiment_TA\data\raw\RGB1\S43\AC6\RGB1_SUB43ACT6F1.jpg,1,1,0.6753677725791931
675,43,6,121,D:\Skripsi\Experiment_TA\data\raw\RGB1\S43\AC6\RGB1_SUB43ACT6F121.jpg,1,1,0.8067664504051208
676,43,6,151,D:\Skripsi\Experiment_TA\data\raw\RGB1\S43\AC6\RGB1_SUB43ACT6F151.jpg,1,1,0.7277773022651672
677,43,6,181,D:\Skripsi\Experiment_TA\data\raw\RGB1\S43\AC6\RGB1_SUB43ACT6F181.jpg,1,1,0.7638395428657532
678,43,6,31,D:\Skripsi\Experiment_TA\data\raw\RGB1\S43\AC6\RGB1_SUB43ACT6F31.jpg,1,1,0.8473265171051025
679,43,6,61,D:\Skripsi\Experiment_TA\data\raw\RGB1\S43\AC6\RGB1_SUB43ACT6F61.jpg,1,1,0.7582694292068481
680,43,6,91,D:\Skripsi\Experiment_TA\data\raw\RGB1\S43\AC6\RGB1_SUB43ACT6F91.jpg,1,1,0.8121120929718018
681,43,7,1,D:\Skripsi\Experiment_TA\data\raw\RGB1\S43\AC7\RGB1_SUB43ACT7F1.jpg,1,1,0.8144349455833435
682,43,7,121,D:\Skripsi\Experiment_TA\data\raw\RGB1\S43\AC7\RGB1_SUB43ACT7F121.jpg,1,1,0.9705941081047058
683,43,7,151,D:\Skripsi\Experiment_TA\data\raw\RGB1\S43\AC7\RGB1_SUB43ACT7F151.jpg,1,1,0.8515996336936951
684,43,7,181,D:\Skripsi\Experiment_TA\data\raw\RGB1\S43\AC7\RGB1_SUB43ACT7F181.jpg,1,1,0.9333454966545105
685,43,7,211,D:\Skripsi\Experiment_TA\data\raw\RGB1\S43\AC7\RGB1_SUB43ACT7F211.jpg,1,1,0.9372748732566833
686,43,7,31,D:\Skripsi\Experiment_TA\data\raw\RGB1\S43\AC7\RGB1_SUB43ACT7F31.jpg,1,1,0.9423494338989258
687,43,7,61,D:\Skripsi\Experiment_TA\data\raw\RGB1\S43\AC7\RGB1_SUB43ACT7F61.jpg,1,1,0.9388083815574646
688,43,7,91,D:\Skripsi\Experiment_TA\data\raw\RGB1\S43\AC7\RGB1_SUB43ACT7F91.jpg,1,1,0.9909851551055908
689,43,8,1,D:\Skripsi\Experiment_TA\data\raw\RGB1\S43\AC8\RGB1_SUB43ACT8F1.jpg,1,1,0.9000290036201477
690,43,8,121,D:\Skripsi\Experiment_TA\data\raw\RGB1\S43\AC8\RGB1_SUB43ACT8F121.jpg,1,1,0.7899956703186035
691,43,8,151,D:\Skripsi\Experiment_TA\data\raw\RGB1\S43\AC8\RGB1_SUB43ACT8F151.jpg,1,1,0.749476969242096
692,43,8,181,D:\Skripsi\Experiment_TA\data\raw\RGB1\S43\AC8\RGB1_SUB43ACT8F181.jpg,1,1,0.6570442318916321
693,43,8,211,D:\Skripsi\Experiment_TA\data\raw\RGB1\S43\AC8\RGB1_SUB43ACT8F211.jpg,1,1,0.7870245575904846
694,43,8,241,D:\Skripsi\Experiment_TA\data\raw\RGB1\S43\AC8\RGB1_SUB43ACT8F241.jpg,1,1,0.6492449045181274
695,43,8,31,D:\Skripsi\Experiment_TA\data\raw\RGB1\S43\AC8\RGB1_SUB43ACT8F31.jpg,1,1,0.7907302975654602
696,43,8,61,D:\Skripsi\Experiment_TA\data\raw\RGB1\S43\AC8\RGB1_SUB43ACT8F61.jpg,1,1,0.7894385457038879
697,43,8,91,D:\Skripsi\Experiment_TA\data\raw\RGB1\S43\AC8\RGB1_SUB43ACT8F91.jpg,1,1,0.7758844494819641
698,43,9,1,D:\Skripsi\Experiment_TA\data\raw\RGB1\S43\AC9\RGB1_SUB43ACT9F1.jpg,1,1,0.7154684066772461
699,43,9,121,D:\Skripsi\Experiment_TA\data\raw\RGB1\S43\AC9\RGB1_SUB43ACT9F121.jpg,1,1,0.7186814546585083
700,43,9,151,D:\Skripsi\Experiment_TA\data\raw\RGB1\S43\AC9\RGB1_SUB43ACT9F151.jpg,1,1,0.7933835983276367
701,43,9,31,D:\Skripsi\Experiment_TA\data\raw\RGB1\S43\AC9\RGB1_SUB43ACT9F31.jpg,1,1,0.87092524766922
702,43,9,61,D:\Skripsi\Experiment_TA\data\raw\RGB1\S43\AC9\RGB1_SUB43ACT9F61.jpg,1,1,0.6309059858322144
703,43,9,91,D:\Skripsi\Experiment_TA\data\raw\RGB1\S43\AC9\RGB1_SUB43ACT9F91.jpg,1,1,0.6584134101867676
704,44,1,1,D:\Skripsi\Experiment_TA\data\raw\RGB1\S44\AC1\RGB1_SUB44ACT1F1.jpg,0,0,0.37660184502601624
705,44,1,121,D:\Skripsi\Experiment_TA\data\raw\RGB1\S44\AC1\RGB1_SUB44ACT1F121.jpg,0,0,0.37230610847473145
706,44,1,151,D:\Skripsi\Experiment_TA\data\raw\RGB1\S44\AC1\RGB1_SUB44ACT1F151.jpg,0,0,0.2606348395347595
707,44,1,31,D:\Skripsi\Experiment_TA\data\raw\RGB1\S44\AC1\RGB1_SUB44ACT1F31.jpg,0,0,0.3529163897037506
708,44,1,61,D:\Skripsi\Experiment_TA\data\raw\RGB1\S44\AC1\RGB1_SUB44ACT1F61.jpg,0,0,0.3120764195919037
709,44,1,91,D:\Skripsi\Experiment_TA\data\raw\RGB1\S44\AC1\RGB1_SUB44ACT1F91.jpg,0,0,0.4567922353744507
710,44,5,1,D:\Skripsi\Experiment_TA\data\raw\RGB1\S44\AC5\RGB1_SUB44ACT5F1.jpg,1,1,0.7815455198287964
711,44,5,121,D:\Skripsi\Experiment_TA\data\raw\RGB1\S44\AC5\RGB1_SUB44ACT5F121.jpg,1,1,0.7489908933639526
712,44,5,31,D:\Skripsi\Experiment_TA\data\raw\RGB1\S44\AC5\RGB1_SUB44ACT5F31.jpg,1,1,0.7865711450576782
713,44,5,61,D:\Skripsi\Experiment_TA\data\raw\RGB1\S44\AC5\RGB1_SUB44ACT5F61.jpg,1,1,0.6275875568389893
714,44,5,91,D:\Skripsi\Experiment_TA\data\raw\RGB1\S44\AC5\RGB1_SUB44ACT5F91.jpg,1,1,0.6766680479049683
715,44,6,1,D:\Skripsi\Experiment_TA\data\raw\RGB1\S44\AC6\RGB1_SUB44ACT6F1.jpg,1,1,0.7388858795166016
716,44,6,121,D:\Skripsi\Experiment_TA\data\raw\RGB1\S44\AC6\RGB1_SUB44ACT6F121.jpg,1,1,0.6601529121398926
717,44,6,31,D:\Skripsi\Experiment_TA\data\raw\RGB1\S44\AC6\RGB1_SUB44ACT6F31.jpg,1,1,0.6203575730323792
718,44,6,61,D:\Skripsi\Experiment_TA\data\raw\RGB1\S44\AC6\RGB1_SUB44ACT6F61.jpg,1,0,0.4789793789386749
719,44,6,91,D:\Skripsi\Experiment_TA\data\raw\RGB1\S44\AC6\RGB1_SUB44ACT6F91.jpg,1,1,0.7709569931030273
720,44,7,1,D:\Skripsi\Experiment_TA\data\raw\RGB1\S44\AC7\RGB1_SUB44ACT7F1.jpg,1,1,0.7873112559318542
721,44,7,121,D:\Skripsi\Experiment_TA\data\raw\RGB1\S44\AC7\RGB1_SUB44ACT7F121.jpg,1,1,0.8218684792518616
722,44,7,151,D:\Skripsi\Experiment_TA\data\raw\RGB1\S44\AC7\RGB1_SUB44ACT7F151.jpg,1,1,0.7102414965629578
723,44,7,31,D:\Skripsi\Experiment_TA\data\raw\RGB1\S44\AC7\RGB1_SUB44ACT7F31.jpg,1,1,0.8220323324203491
724,44,7,61,D:\Skripsi\Experiment_TA\data\raw\RGB1\S44\AC7\RGB1_SUB44ACT7F61.jpg,1,1,0.7293767333030701
725,44,7,91,D:\Skripsi\Experiment_TA\data\raw\RGB1\S44\AC7\RGB1_SUB44ACT7F91.jpg,1,1,0.7982774376869202
726,44,8,1,D:\Skripsi\Experiment_TA\data\raw\RGB1\S44\AC8\RGB1_SUB44ACT8F1.jpg,1,1,0.8121440410614014
727,44,8,121,D:\Skripsi\Experiment_TA\data\raw\RGB1\S44\AC8\RGB1_SUB44ACT8F121.jpg,1,1,0.7411056756973267
728,44,8,151,D:\Skripsi\Experiment_TA\data\raw\RGB1\S44\AC8\RGB1_SUB44ACT8F151.jpg,1,1,0.7447001934051514
729,44,8,181,D:\Skripsi\Experiment_TA\data\raw\RGB1\S44\AC8\RGB1_SUB44ACT8F181.jpg,1,1,0.887502133846283
730,44,8,31,D:\Skripsi\Experiment_TA\data\raw\RGB1\S44\AC8\RGB1_SUB44ACT8F31.jpg,1,1,0.7421585321426392
731,44,8,61,D:\Skripsi\Experiment_TA\data\raw\RGB1\S44\AC8\RGB1_SUB44ACT8F61.jpg,1,1,0.8155699372291565
732,44,8,91,D:\Skripsi\Experiment_TA\data\raw\RGB1\S44\AC8\RGB1_SUB44ACT8F91.jpg,1,1,0.7090572118759155
733,44,9,1,D:\Skripsi\Experiment_TA\data\raw\RGB1\S44\AC9\RGB1_SUB44ACT9F1.jpg,1,1,0.8144075870513916
734,44,9,121,D:\Skripsi\Experiment_TA\data\raw\RGB1\S44\AC9\RGB1_SUB44ACT9F121.jpg,1,1,0.654095470905304
735,44,9,151,D:\Skripsi\Experiment_TA\data\raw\RGB1\S44\AC9\RGB1_SUB44ACT9F151.jpg,1,1,0.6965233087539673
736,44,9,181,D:\Skripsi\Experiment_TA\data\raw\RGB1\S44\AC9\RGB1_SUB44ACT9F181.jpg,1,1,0.72158282995224
737,44,9,31,D:\Skripsi\Experiment_TA\data\raw\RGB1\S44\AC9\RGB1_SUB44ACT9F31.jpg,1,1,0.5526058673858643
738,44,9,61,D:\Skripsi\Experiment_TA\data\raw\RGB1\S44\AC9\RGB1_SUB44ACT9F61.jpg,1,1,0.6502310037612915
739,44,9,91,D:\Skripsi\Experiment_TA\data\raw\RGB1\S44\AC9\RGB1_SUB44ACT9F91.jpg,1,1,0.6327530145645142
740,45,1,1,D:\Skripsi\Experiment_TA\data\raw\RGB1\S45\AC1\RGB1_SUB45ACT1F1.jpg,0,0,0.19784940779209137
741,45,1,121,D:\Skripsi\Experiment_TA\data\raw\RGB1\S45\AC1\RGB1_SUB45ACT1F121.jpg,0,0,0.21134258806705475
742,45,1,151,D:\Skripsi\Experiment_TA\data\raw\RGB1\S45\AC1\RGB1_SUB45ACT1F151.jpg,0,0,0.24497859179973602
743,45,1,31,D:\Skripsi\Experiment_TA\data\raw\RGB1\S45\AC1\RGB1_SUB45ACT1F31.jpg,0,0,0.2291315197944641
744,45,1,61,D:\Skripsi\Experiment_TA\data\raw\RGB1\S45\AC1\RGB1_SUB45ACT1F61.jpg,0,0,0.20054274797439575
745,45,1,91,D:\Skripsi\Experiment_TA\data\raw\RGB1\S45\AC1\RGB1_SUB45ACT1F91.jpg,0,0,0.40999457240104675
746,45,5,1,D:\Skripsi\Experiment_TA\data\raw\RGB1\S45\AC5\RGB1_SUB45ACT5F1.jpg,1,1,0.8503629565238953
747,45,5,31,D:\Skripsi\Experiment_TA\data\raw\RGB1\S45\AC5\RGB1_SUB45ACT5F31.jpg,1,1,0.8053637146949768
748,45,5,61,D:\Skripsi\Experiment_TA\data\raw\RGB1\S45\AC5\RGB1_SUB45ACT5F61.jpg,1,1,0.7216367125511169
749,45,5,91,D:\Skripsi\Experiment_TA\data\raw\RGB1\S45\AC5\RGB1_SUB45ACT5F91.jpg,1,1,0.8336448669433594
750,45,6,1,D:\Skripsi\Experiment_TA\data\raw\RGB1\S45\AC6\RGB1_SUB45ACT6F1.jpg,1,1,0.6362273693084717
751,45,6,121,D:\Skripsi\Experiment_TA\data\raw\RGB1\S45\AC6\RGB1_SUB45ACT6F121.jpg,1,1,0.6813687086105347
752,45,6,151,D:\Skripsi\Experiment_TA\data\raw\RGB1\S45\AC6\RGB1_SUB45ACT6F151.jpg,1,1,0.7474909424781799
753,45,6,31,D:\Skripsi\Experiment_TA\data\raw\RGB1\S45\AC6\RGB1_SUB45ACT6F31.jpg,1,1,0.5881034135818481
754,45,6,61,D:\Skripsi\Experiment_TA\data\raw\RGB1\S45\AC6\RGB1_SUB45ACT6F61.jpg,1,1,0.629852831363678
755,45,6,91,D:\Skripsi\Experiment_TA\data\raw\RGB1\S45\AC6\RGB1_SUB45ACT6F91.jpg,1,1,0.5558760166168213
756,45,7,1,D:\Skripsi\Experiment_TA\data\raw\RGB1\S45\AC7\RGB1_SUB45ACT7F1.jpg,1,1,0.842536985874176
757,45,7,121,D:\Skripsi\Experiment_TA\data\raw\RGB1\S45\AC7\RGB1_SUB45ACT7F121.jpg,1,1,0.8766363859176636
758,45,7,151,D:\Skripsi\Experiment_TA\data\raw\RGB1\S45\AC7\RGB1_SUB45ACT7F151.jpg,1,1,0.8528121113777161
759,45,7,181,D:\Skripsi\Experiment_TA\data\raw\RGB1\S45\AC7\RGB1_SUB45ACT7F181.jpg,1,1,0.7672957181930542
760,45,7,31,D:\Skripsi\Experiment_TA\data\raw\RGB1\S45\AC7\RGB1_SUB45ACT7F31.jpg,1,1,0.8635962009429932
761,45,7,61,D:\Skripsi\Experiment_TA\data\raw\RGB1\S45\AC7\RGB1_SUB45ACT7F61.jpg,1,1,0.8809523582458496
762,45,7,91,D:\Skripsi\Experiment_TA\data\raw\RGB1\S45\AC7\RGB1_SUB45ACT7F91.jpg,1,1,0.868919849395752
763,45,8,1,D:\Skripsi\Experiment_TA\data\raw\RGB1\S45\AC8\RGB1_SUB45ACT8F1.jpg,1,1,0.5695539116859436
764,45,8,121,D:\Skripsi\Experiment_TA\data\raw\RGB1\S45\AC8\RGB1_SUB45ACT8F121.jpg,1,1,0.7695766091346741
765,45,8,151,D:\Skripsi\Experiment_TA\data\raw\RGB1\S45\AC8\RGB1_SUB45ACT8F151.jpg,1,1,0.682010293006897
766,45,8,181,D:\Skripsi\Experiment_TA\data\raw\RGB1\S45\AC8\RGB1_SUB45ACT8F181.jpg,1,0,0.425505667924881
767,45,8,211,D:\Skripsi\Experiment_TA\data\raw\RGB1\S45\AC8\RGB1_SUB45ACT8F211.jpg,1,1,0.8921198844909668
768,45,8,31,D:\Skripsi\Experiment_TA\data\raw\RGB1\S45\AC8\RGB1_SUB45ACT8F31.jpg,1,1,0.6921836733818054
769,45,8,61,D:\Skripsi\Experiment_TA\data\raw\RGB1\S45\AC8\RGB1_SUB45ACT8F61.jpg,1,1,0.7980875372886658
770,45,8,91,D:\Skripsi\Experiment_TA\data\raw\RGB1\S45\AC8\RGB1_SUB45ACT8F91.jpg,1,1,0.7671653032302856
771,45,9,1,D:\Skripsi\Experiment_TA\data\raw\RGB1\S45\AC9\RGB1_SUB45ACT9F1.jpg,1,1,0.6884532570838928
772,45,9,121,D:\Skripsi\Experiment_TA\data\raw\RGB1\S45\AC9\RGB1_SUB45ACT9F121.jpg,1,1,0.5473699569702148
773,45,9,151,D:\Skripsi\Experiment_TA\data\raw\RGB1\S45\AC9\RGB1_SUB45ACT9F151.jpg,1,1,0.7188988924026489
774,45,9,181,D:\Skripsi\Experiment_TA\data\raw\RGB1\S45\AC9\RGB1_SUB45ACT9F181.jpg,1,1,0.9056846499443054
775,45,9,211,D:\Skripsi\Experiment_TA\data\raw\RGB1\S45\AC9\RGB1_SUB45ACT9F211.jpg,1,0,0.42158082127571106
776,45,9,31,D:\Skripsi\Experiment_TA\data\raw\RGB1\S45\AC9\RGB1_SUB45ACT9F31.jpg,1,1,0.7846564054489136
777,45,9,61,D:\Skripsi\Experiment_TA\data\raw\RGB1\S45\AC9\RGB1_SUB45ACT9F61.jpg,1,0,0.4806196689605713
778,45,9,91,D:\Skripsi\Experiment_TA\data\raw\RGB1\S45\AC9\RGB1_SUB45ACT9F91.jpg,1,1,0.8805791139602661
779,46,1,1,D:\Skripsi\Experiment_TA\data\raw\RGB1\S46\AC1\RGB1_SUB46ACT1F1.jpg,0,0,0.33941859006881714
780,46,1,121,D:\Skripsi\Experiment_TA\data\raw\RGB1\S46\AC1\RGB1_SUB46ACT1F121.jpg,0,0,0.2720196843147278
781,46,1,151,D:\Skripsi\Experiment_TA\data\raw\RGB1\S46\AC1\RGB1_SUB46ACT1F151.jpg,0,0,0.25817567110061646
782,46,1,181,D:\Skripsi\Experiment_TA\data\raw\RGB1\S46\AC1\RGB1_SUB46ACT1F181.jpg,0,0,0.26060932874679565
783,46,1,211,D:\Skripsi\Experiment_TA\data\raw\RGB1\S46\AC1\RGB1_SUB46ACT1F211.jpg,0,0,0.3220972418785095
784,46,1,241,D:\Skripsi\Experiment_TA\data\raw\RGB1\S46\AC1\RGB1_SUB46ACT1F241.jpg,0,0,0.399073988199234
785,46,1,31,D:\Skripsi\Experiment_TA\data\raw\RGB1\S46\AC1\RGB1_SUB46ACT1F31.jpg,0,0,0.3923346996307373
786,46,1,61,D:\Skripsi\Experiment_TA\data\raw\RGB1\S46\AC1\RGB1_SUB46ACT1F61.jpg,0,0,0.2654760181903839
787,46,1,91,D:\Skripsi\Experiment_TA\data\raw\RGB1\S46\AC1\RGB1_SUB46ACT1F91.jpg,0,0,0.2113499641418457
788,46,5,1,D:\Skripsi\Experiment_TA\data\raw\RGB1\S46\AC5\RGB1_SUB46ACT5F1.jpg,1,0,0.39941567182540894
789,46,5,121,D:\Skripsi\Experiment_TA\data\raw\RGB1\S46\AC5\RGB1_SUB46ACT5F121.jpg,1,0,0.4968077838420868
790,46,5,31,D:\Skripsi\Experiment_TA\data\raw\RGB1\S46\AC5\RGB1_SUB46ACT5F31.jpg,1,0,0.37837791442871094
791,46,5,61,D:\Skripsi\Experiment_TA\data\raw\RGB1\S46\AC5\RGB1_SUB46ACT5F61.jpg,1,0,0.4025478661060333
792,46,5,91,D:\Skripsi\Experiment_TA\data\raw\RGB1\S46\AC5\RGB1_SUB46ACT5F91.jpg,1,1,0.829790472984314
793,46,6,1,D:\Skripsi\Experiment_TA\data\raw\RGB1\S46\AC6\RGB1_SUB46ACT6F1.jpg,1,1,0.7565248012542725
794,46,6,121,D:\Skripsi\Experiment_TA\data\raw\RGB1\S46\AC6\RGB1_SUB46ACT6F121.jpg,1,0,0.4502880573272705
795,46,6,31,D:\Skripsi\Experiment_TA\data\raw\RGB1\S46\AC6\RGB1_SUB46ACT6F31.jpg,1,1,0.7372123003005981
796,46,6,61,D:\Skripsi\Experiment_TA\data\raw\RGB1\S46\AC6\RGB1_SUB46ACT6F61.jpg,1,1,0.6784159541130066
797,46,6,91,D:\Skripsi\Experiment_TA\data\raw\RGB1\S46\AC6\RGB1_SUB46ACT6F91.jpg,1,1,0.5279000997543335
798,46,7,1,D:\Skripsi\Experiment_TA\data\raw\RGB1\S46\AC7\RGB1_SUB46ACT7F1.jpg,1,1,0.8385806083679199
799,46,7,121,D:\Skripsi\Experiment_TA\data\raw\RGB1\S46\AC7\RGB1_SUB46ACT7F121.jpg,1,1,0.8338226675987244
800,46,7,31,D:\Skripsi\Experiment_TA\data\raw\RGB1\S46\AC7\RGB1_SUB46ACT7F31.jpg,1,1,0.8389824628829956
801,46,7,61,D:\Skripsi\Experiment_TA\data\raw\RGB1\S46\AC7\RGB1_SUB46ACT7F61.jpg,1,1,0.7619051933288574
802,46,7,91,D:\Skripsi\Experiment_TA\data\raw\RGB1\S46\AC7\RGB1_SUB46ACT7F91.jpg,1,1,0.7891698479652405
803,46,8,1,D:\Skripsi\Experiment_TA\data\raw\RGB1\S46\AC8\RGB1_SUB46ACT8F1.jpg,1,1,0.7618511915206909
804,46,8,121,D:\Skripsi\Experiment_TA\data\raw\RGB1\S46\AC8\RGB1_SUB46ACT8F121.jpg,1,1,0.5528179407119751
805,46,8,151,D:\Skripsi\Experiment_TA\data\raw\RGB1\S46\AC8\RGB1_SUB46ACT8F151.jpg,1,1,0.5314348936080933
806,46,8,31,D:\Skripsi\Experiment_TA\data\raw\RGB1\S46\AC8\RGB1_SUB46ACT8F31.jpg,1,1,0.6768759489059448
807,46,8,61,D:\Skripsi\Experiment_TA\data\raw\RGB1\S46\AC8\RGB1_SUB46ACT8F61.jpg,1,1,0.7580061554908752
808,46,8,91,D:\Skripsi\Experiment_TA\data\raw\RGB1\S46\AC8\RGB1_SUB46ACT8F91.jpg,1,0,0.499391108751297
809,46,9,1,D:\Skripsi\Experiment_TA\data\raw\RGB1\S46\AC9\RGB1_SUB46ACT9F1.jpg,1,1,0.630896806716919
810,46,9,31,D:\Skripsi\Experiment_TA\data\raw\RGB1\S46\AC9\RGB1_SUB46ACT9F31.jpg,1,0,0.4334281384944916
811,46,9,61,D:\Skripsi\Experiment_TA\data\raw\RGB1\S46\AC9\RGB1_SUB46ACT9F61.jpg,1,1,0.5814405679702759
812,47,1,1,D:\Skripsi\Experiment_TA\data\raw\RGB1\S47\AC1\RGB1_SUB47ACT1F1.jpg,0,0,0.16254115104675293
813,47,1,121,D:\Skripsi\Experiment_TA\data\raw\RGB1\S47\AC1\RGB1_SUB47ACT1F121.jpg,0,0,0.2680204212665558
814,47,1,151,D:\Skripsi\Experiment_TA\data\raw\RGB1\S47\AC1\RGB1_SUB47ACT1F151.jpg,0,0,0.21530206501483917
815,47,1,181,D:\Skripsi\Experiment_TA\data\raw\RGB1\S47\AC1\RGB1_SUB47ACT1F181.jpg,0,0,0.426472544670105
816,47,1,31,D:\Skripsi\Experiment_TA\data\raw\RGB1\S47\AC1\RGB1_SUB47ACT1F31.jpg,0,0,0.1513979136943817
817,47,1,61,D:\Skripsi\Experiment_TA\data\raw\RGB1\S47\AC1\RGB1_SUB47ACT1F61.jpg,0,0,0.16236385703086853
818,47,1,91,D:\Skripsi\Experiment_TA\data\raw\RGB1\S47\AC1\RGB1_SUB47ACT1F91.jpg,0,0,0.2063893973827362
819,47,5,1,D:\Skripsi\Experiment_TA\data\raw\RGB1\S47\AC5\RGB1_SUB47ACT5F1.jpg,1,1,0.7923606634140015
820,47,5,31,D:\Skripsi\Experiment_TA\data\raw\RGB1\S47\AC5\RGB1_SUB47ACT5F31.jpg,1,1,0.7979019284248352
821,47,5,61,D:\Skripsi\Experiment_TA\data\raw\RGB1\S47\AC5\RGB1_SUB47ACT5F61.jpg,1,1,0.7499101758003235
822,47,5,91,D:\Skripsi\Experiment_TA\data\raw\RGB1\S47\AC5\RGB1_SUB47ACT5F91.jpg,1,1,0.8778294920921326
823,47,6,1,D:\Skripsi\Experiment_TA\data\raw\RGB1\S47\AC6\RGB1_SUB47ACT6F1.jpg,1,1,0.7065779566764832
824,47,6,31,D:\Skripsi\Experiment_TA\data\raw\RGB1\S47\AC6\RGB1_SUB47ACT6F31.jpg,1,1,0.8506625294685364
825,47,6,61,D:\Skripsi\Experiment_TA\data\raw\RGB1\S47\AC6\RGB1_SUB47ACT6F61.jpg,1,1,0.7419021129608154
826,47,6,91,D:\Skripsi\Experiment_TA\data\raw\RGB1\S47\AC6\RGB1_SUB47ACT6F91.jpg,1,1,0.8070126175880432
827,47,7,1,D:\Skripsi\Experiment_TA\data\raw\RGB1\S47\AC7\RGB1_SUB47ACT7F1.jpg,1,1,0.9804593324661255
828,47,7,121,D:\Skripsi\Experiment_TA\data\raw\RGB1\S47\AC7\RGB1_SUB47ACT7F121.jpg,1,1,0.8739703893661499
829,47,7,151,D:\Skripsi\Experiment_TA\data\raw\RGB1\S47\AC7\RGB1_SUB47ACT7F151.jpg,1,1,0.9304859638214111
830,47,7,31,D:\Skripsi\Experiment_TA\data\raw\RGB1\S47\AC7\RGB1_SUB47ACT7F31.jpg,1,1,0.9496209025382996
831,47,7,61,D:\Skripsi\Experiment_TA\data\raw\RGB1\S47\AC7\RGB1_SUB47ACT7F61.jpg,1,1,0.8194127678871155
832,47,7,91,D:\Skripsi\Experiment_TA\data\raw\RGB1\S47\AC7\RGB1_SUB47ACT7F91.jpg,1,1,0.8542993664741516
833,47,8,1,D:\Skripsi\Experiment_TA\data\raw\RGB1\S47\AC8\RGB1_SUB47ACT8F1.jpg,1,1,0.5917499661445618
834,47,8,121,D:\Skripsi\Experiment_TA\data\raw\RGB1\S47\AC8\RGB1_SUB47ACT8F121.jpg,1,1,0.6333867311477661
835,47,8,151,D:\Skripsi\Experiment_TA\data\raw\RGB1\S47\AC8\RGB1_SUB47ACT8F151.jpg,1,1,0.7632312774658203
836,47,8,31,D:\Skripsi\Experiment_TA\data\raw\RGB1\S47\AC8\RGB1_SUB47ACT8F31.jpg,1,1,0.704274594783783
837,47,8,61,D:\Skripsi\Experiment_TA\data\raw\RGB1\S47\AC8\RGB1_SUB47ACT8F61.jpg,1,1,0.6947159767150879
838,47,8,91,D:\Skripsi\Experiment_TA\data\raw\RGB1\S47\AC8\RGB1_SUB47ACT8F91.jpg,1,1,0.6952657699584961
839,47,9,1,D:\Skripsi\Experiment_TA\data\raw\RGB1\S47\AC9\RGB1_SUB47ACT9F1.jpg,1,1,0.9517402648925781
840,47,9,121,D:\Skripsi\Experiment_TA\data\raw\RGB1\S47\AC9\RGB1_SUB47ACT9F121.jpg,1,1,0.7287049889564514
841,47,9,151,D:\Skripsi\Experiment_TA\data\raw\RGB1\S47\AC9\RGB1_SUB47ACT9F151.jpg,1,1,0.8086876273155212
842,47,9,31,D:\Skripsi\Experiment_TA\data\raw\RGB1\S47\AC9\RGB1_SUB47ACT9F31.jpg,1,1,0.875859260559082
843,47,9,61,D:\Skripsi\Experiment_TA\data\raw\RGB1\S47\AC9\RGB1_SUB47ACT9F61.jpg,1,1,0.8045327663421631
844,47,9,91,D:\Skripsi\Experiment_TA\data\raw\RGB1\S47\AC9\RGB1_SUB47ACT9F91.jpg,1,1,0.683941125869751
845,48,1,1,D:\Skripsi\Experiment_TA\data\raw\RGB1\S48\AC1\RGB1_SUB48ACT1F1.jpg,0,1,0.7570415735244751
846,48,1,121,D:\Skripsi\Experiment_TA\data\raw\RGB1\S48\AC1\RGB1_SUB48ACT1F121.jpg,0,1,0.5407904982566833
847,48,1,31,D:\Skripsi\Experiment_TA\data\raw\RGB1\S48\AC1\RGB1_SUB48ACT1F31.jpg,0,1,0.848253607749939
848,48,1,61,D:\Skripsi\Experiment_TA\data\raw\RGB1\S48\AC1\RGB1_SUB48ACT1F61.jpg,0,1,0.943182110786438
849,48,1,91,D:\Skripsi\Experiment_TA\data\raw\RGB1\S48\AC1\RGB1_SUB48ACT1F91.jpg,0,1,0.708281934261322
850,48,5,1,D:\Skripsi\Experiment_TA\data\raw\RGB1\S48\AC5\RGB1_SUB48ACT5F1.jpg,1,1,0.904791533946991
851,48,5,121,D:\Skripsi\Experiment_TA\data\raw\RGB1\S48\AC5\RGB1_SUB48ACT5F121.jpg,1,1,0.9384692907333374
852,48,5,31,D:\Skripsi\Experiment_TA\data\raw\RGB1\S48\AC5\RGB1_SUB48ACT5F31.jpg,1,1,0.9541304707527161
853,48,5,61,D:\Skripsi\Experiment_TA\data\raw\RGB1\S48\AC5\RGB1_SUB48ACT5F61.jpg,1,1,0.9385883212089539
854,48,5,91,D:\Skripsi\Experiment_TA\data\raw\RGB1\S48\AC5\RGB1_SUB48ACT5F91.jpg,1,1,0.9454053044319153
855,48,6,1,D:\Skripsi\Experiment_TA\data\raw\RGB1\S48\AC6\RGB1_SUB48ACT6F1.jpg,1,1,0.9297395944595337
856,48,6,31,D:\Skripsi\Experiment_TA\data\raw\RGB1\S48\AC6\RGB1_SUB48ACT6F31.jpg,1,1,0.9198669791221619
857,48,6,61,D:\Skripsi\Experiment_TA\data\raw\RGB1\S48\AC6\RGB1_SUB48ACT6F61.jpg,1,1,0.8741797804832458
858,48,6,91,D:\Skripsi\Experiment_TA\data\raw\RGB1\S48\AC6\RGB1_SUB48ACT6F91.jpg,1,1,0.7397561073303223
859,48,7,1,D:\Skripsi\Experiment_TA\data\raw\RGB1\S48\AC7\RGB1_SUB48ACT7F1.jpg,1,1,0.9435604214668274
860,48,7,121,D:\Skripsi\Experiment_TA\data\raw\RGB1\S48\AC7\RGB1_SUB48ACT7F121.jpg,1,1,0.8611048460006714
861,48,7,151,D:\Skripsi\Experiment_TA\data\raw\RGB1\S48\AC7\RGB1_SUB48ACT7F151.jpg,1,1,0.9473982453346252
862,48,7,181,D:\Skripsi\Experiment_TA\data\raw\RGB1\S48\AC7\RGB1_SUB48ACT7F181.jpg,1,1,0.9679444432258606
863,48,7,31,D:\Skripsi\Experiment_TA\data\raw\RGB1\S48\AC7\RGB1_SUB48ACT7F31.jpg,1,1,0.9662753343582153
864,48,7,61,D:\Skripsi\Experiment_TA\data\raw\RGB1\S48\AC7\RGB1_SUB48ACT7F61.jpg,1,1,0.9429329633712769
865,48,7,91,D:\Skripsi\Experiment_TA\data\raw\RGB1\S48\AC7\RGB1_SUB48ACT7F91.jpg,1,1,0.9851039052009583
866,48,8,1,D:\Skripsi\Experiment_TA\data\raw\RGB1\S48\AC8\RGB1_SUB48ACT8F1.jpg,1,1,0.8721179962158203
867,48,8,121,D:\Skripsi\Experiment_TA\data\raw\RGB1\S48\AC8\RGB1_SUB48ACT8F121.jpg,1,1,0.873393714427948
868,48,8,151,D:\Skripsi\Experiment_TA\data\raw\RGB1\S48\AC8\RGB1_SUB48ACT8F151.jpg,1,1,0.7247089743614197
869,48,8,181,D:\Skripsi\Experiment_TA\data\raw\RGB1\S48\AC8\RGB1_SUB48ACT8F181.jpg,1,1,0.7420751452445984
870,48,8,31,D:\Skripsi\Experiment_TA\data\raw\RGB1\S48\AC8\RGB1_SUB48ACT8F31.jpg,1,1,0.7513194680213928
871,48,8,61,D:\Skripsi\Experiment_TA\data\raw\RGB1\S48\AC8\RGB1_SUB48ACT8F61.jpg,1,1,0.9156392812728882
872,48,8,91,D:\Skripsi\Experiment_TA\data\raw\RGB1\S48\AC8\RGB1_SUB48ACT8F91.jpg,1,1,0.8482984304428101
873,48,9,1,D:\Skripsi\Experiment_TA\data\raw\RGB1\S48\AC9\RGB1_SUB48ACT9F1.jpg,1,1,0.9192053079605103
874,48,9,121,D:\Skripsi\Experiment_TA\data\raw\RGB1\S48\AC9\RGB1_SUB48ACT9F121.jpg,1,1,0.8421139121055603
875,48,9,151,D:\Skripsi\Experiment_TA\data\raw\RGB1\S48\AC9\RGB1_SUB48ACT9F151.jpg,1,1,0.9237411618232727
876,48,9,31,D:\Skripsi\Experiment_TA\data\raw\RGB1\S48\AC9\RGB1_SUB48ACT9F31.jpg,1,1,0.9046173691749573
877,48,9,61,D:\Skripsi\Experiment_TA\data\raw\RGB1\S48\AC9\RGB1_SUB48ACT9F61.jpg,1,1,0.9620752334594727
878,48,9,91,D:\Skripsi\Experiment_TA\data\raw\RGB1\S48\AC9\RGB1_SUB48ACT9F91.jpg,1,1,0.7874749302864075
879,49,1,1,D:\Skripsi\Experiment_TA\data\raw\RGB1\S49\AC1\RGB1_SUB49ACT1F1.jpg,0,1,0.6151311993598938
880,49,1,121,D:\Skripsi\Experiment_TA\data\raw\RGB1\S49\AC1\RGB1_SUB49ACT1F121.jpg,0,1,0.5036741495132446
881,49,1,151,D:\Skripsi\Experiment_TA\data\raw\RGB1\S49\AC1\RGB1_SUB49ACT1F151.jpg,0,1,0.5185105800628662
882,49,1,31,D:\Skripsi\Experiment_TA\data\raw\RGB1\S49\AC1\RGB1_SUB49ACT1F31.jpg,0,0,0.33075228333473206
883,49,1,61,D:\Skripsi\Experiment_TA\data\raw\RGB1\S49\AC1\RGB1_SUB49ACT1F61.jpg,0,0,0.43855559825897217
884,49,1,91,D:\Skripsi\Experiment_TA\data\raw\RGB1\S49\AC1\RGB1_SUB49ACT1F91.jpg,0,1,0.5124974846839905
885,49,5,1,D:\Skripsi\Experiment_TA\data\raw\RGB1\S49\AC5\RGB1_SUB49ACT5F1.jpg,1,1,0.7341558933258057
886,49,5,121,D:\Skripsi\Experiment_TA\data\raw\RGB1\S49\AC5\RGB1_SUB49ACT5F121.jpg,1,1,0.9388670325279236
887,49,5,151,D:\Skripsi\Experiment_TA\data\raw\RGB1\S49\AC5\RGB1_SUB49ACT5F151.jpg,1,1,0.6409189701080322
888,49,5,31,D:\Skripsi\Experiment_TA\data\raw\RGB1\S49\AC5\RGB1_SUB49ACT5F31.jpg,1,1,0.8646326661109924
889,49,5,61,D:\Skripsi\Experiment_TA\data\raw\RGB1\S49\AC5\RGB1_SUB49ACT5F61.jpg,1,1,0.9338550567626953
890,49,5,91,D:\Skripsi\Experiment_TA\data\raw\RGB1\S49\AC5\RGB1_SUB49ACT5F91.jpg,1,1,0.7075655460357666
891,49,6,1,D:\Skripsi\Experiment_TA\data\raw\RGB1\S49\AC6\RGB1_SUB49ACT6F1.jpg,1,1,0.7010916471481323
892,49,6,121,D:\Skripsi\Experiment_TA\data\raw\RGB1\S49\AC6\RGB1_SUB49ACT6F121.jpg,1,1,0.8534191846847534
893,49,6,151,D:\Skripsi\Experiment_TA\data\raw\RGB1\S49\AC6\RGB1_SUB49ACT6F151.jpg,1,1,0.9023049473762512
894,49,6,181,D:\Skripsi\Experiment_TA\data\raw\RGB1\S49\AC6\RGB1_SUB49ACT6F181.jpg,1,1,0.8330318331718445
895,49,6,31,D:\Skripsi\Experiment_TA\data\raw\RGB1\S49\AC6\RGB1_SUB49ACT6F31.jpg,1,1,0.8432067036628723
896,49,6,61,D:\Skripsi\Experiment_TA\data\raw\RGB1\S49\AC6\RGB1_SUB49ACT6F61.jpg,1,1,0.831179141998291
897,49,6,91,D:\Skripsi\Experiment_TA\data\raw\RGB1\S49\AC6\RGB1_SUB49ACT6F91.jpg,1,1,0.8579196333885193
898,49,7,1,D:\Skripsi\Experiment_TA\data\raw\RGB1\S49\AC7\RGB1_SUB49ACT7F1.jpg,1,1,0.7609103918075562
899,49,7,121,D:\Skripsi\Experiment_TA\data\raw\RGB1\S49\AC7\RGB1_SUB49ACT7F121.jpg,1,1,0.6848919987678528
900,49,7,31,D:\Skripsi\Experiment_TA\data\raw\RGB1\S49\AC7\RGB1_SUB49ACT7F31.jpg,1,1,0.7357105016708374
901,49,7,61,D:\Skripsi\Experiment_TA\data\raw\RGB1\S49\AC7\RGB1_SUB49ACT7F61.jpg,1,1,0.7296299338340759
902,49,7,91,D:\Skripsi\Experiment_TA\data\raw\RGB1\S49\AC7\RGB1_SUB49ACT7F91.jpg,1,1,0.6604601740837097
903,49,8,1,D:\Skripsi\Experiment_TA\data\raw\RGB1\S49\AC8\RGB1_SUB49ACT8F1.jpg,1,1,0.8576160073280334
904,49,8,121,D:\Skripsi\Experiment_TA\data\raw\RGB1\S49\AC8\RGB1_SUB49ACT8F121.jpg,1,1,0.7684440612792969
905,49,8,151,D:\Skripsi\Experiment_TA\data\raw\RGB1\S49\AC8\RGB1_SUB49ACT8F151.jpg,1,1,0.8298482894897461
906,49,8,181,D:\Skripsi\Experiment_TA\data\raw\RGB1\S49\AC8\RGB1_SUB49ACT8F181.jpg,1,1,0.5852537155151367
907,49,8,211,D:\Skripsi\Experiment_TA\data\raw\RGB1\S49\AC8\RGB1_SUB49ACT8F211.jpg,1,1,0.8082410097122192
908,49,8,31,D:\Skripsi\Experiment_TA\data\raw\RGB1\S49\AC8\RGB1_SUB49ACT8F31.jpg,1,1,0.6168975830078125
909,49,8,61,D:\Skripsi\Experiment_TA\data\raw\RGB1\S49\AC8\RGB1_SUB49ACT8F61.jpg,1,1,0.9121033549308777
910,49,8,91,D:\Skripsi\Experiment_TA\data\raw\RGB1\S49\AC8\RGB1_SUB49ACT8F91.jpg,1,1,0.7183904647827148
911,49,9,1,D:\Skripsi\Experiment_TA\data\raw\RGB1\S49\AC9\RGB1_SUB49ACT9F1.jpg,1,1,0.8546236753463745
912,49,9,121,D:\Skripsi\Experiment_TA\data\raw\RGB1\S49\AC9\RGB1_SUB49ACT9F121.jpg,1,0,0.38732439279556274
913,49,9,151,D:\Skripsi\Experiment_TA\data\raw\RGB1\S49\AC9\RGB1_SUB49ACT9F151.jpg,1,1,0.7635108828544617
914,49,9,181,D:\Skripsi\Experiment_TA\data\raw\RGB1\S49\AC9\RGB1_SUB49ACT9F181.jpg,1,1,0.7780466079711914
915,49,9,31,D:\Skripsi\Experiment_TA\data\raw\RGB1\S49\AC9\RGB1_SUB49ACT9F31.jpg,1,1,0.5525944232940674
916,49,9,61,D:\Skripsi\Experiment_TA\data\raw\RGB1\S49\AC9\RGB1_SUB49ACT9F61.jpg,1,1,0.893475353717804
917,49,9,91,D:\Skripsi\Experiment_TA\data\raw\RGB1\S49\AC9\RGB1_SUB49ACT9F91.jpg,1,0,0.3509523868560791
918,5,1,1,D:\Skripsi\Experiment_TA\data\raw\RGB1\S5\AC1\RGB1_SUB5ACT1F1.jpg,0,1,0.7614932656288147
919,5,1,121,D:\Skripsi\Experiment_TA\data\raw\RGB1\S5\AC1\RGB1_SUB5ACT1F121.jpg,0,0,0.45168420672416687
920,5,1,31,D:\Skripsi\Experiment_TA\data\raw\RGB1\S5\AC1\RGB1_SUB5ACT1F31.jpg,0,1,0.5762752890586853
921,5,1,61,D:\Skripsi\Experiment_TA\data\raw\RGB1\S5\AC1\RGB1_SUB5ACT1F61.jpg,0,1,0.7852924466133118
922,5,1,91,D:\Skripsi\Experiment_TA\data\raw\RGB1\S5\AC1\RGB1_SUB5ACT1F91.jpg,0,1,0.6385635137557983
923,5,5,1,D:\Skripsi\Experiment_TA\data\raw\RGB1\S5\AC5\RGB1_SUB5ACT5F1.jpg,1,1,0.755398690700531
924,5,5,121,D:\Skripsi\Experiment_TA\data\raw\RGB1\S5\AC5\RGB1_SUB5ACT5F121.jpg,1,1,0.7030890583992004
925,5,5,31,D:\Skripsi\Experiment_TA\data\raw\RGB1\S5\AC5\RGB1_SUB5ACT5F31.jpg,1,1,0.5474362969398499
926,5,5,61,D:\Skripsi\Experiment_TA\data\raw\RGB1\S5\AC5\RGB1_SUB5ACT5F61.jpg,1,1,0.857552707195282
927,5,5,91,D:\Skripsi\Experiment_TA\data\raw\RGB1\S5\AC5\RGB1_SUB5ACT5F91.jpg,1,1,0.937007486820221
928,5,6,1,D:\Skripsi\Experiment_TA\data\raw\RGB1\S5\AC6\RGB1_SUB5ACT6F1.jpg,1,1,0.7902803421020508
929,5,6,121,D:\Skripsi\Experiment_TA\data\raw\RGB1\S5\AC6\RGB1_SUB5ACT6F121.jpg,1,1,0.6108806133270264
930,5,6,31,D:\Skripsi\Experiment_TA\data\raw\RGB1\S5\AC6\RGB1_SUB5ACT6F31.jpg,1,1,0.6486525535583496
931,5,6,61,D:\Skripsi\Experiment_TA\data\raw\RGB1\S5\AC6\RGB1_SUB5ACT6F61.jpg,1,1,0.779228925704956
932,5,6,91,D:\Skripsi\Experiment_TA\data\raw\RGB1\S5\AC6\RGB1_SUB5ACT6F91.jpg,1,1,0.7129819989204407
933,5,7,1,D:\Skripsi\Experiment_TA\data\raw\RGB1\S5\AC7\RGB1_SUB5ACT7F1.jpg,1,1,0.8763728737831116
934,5,7,121,D:\Skripsi\Experiment_TA\data\raw\RGB1\S5\AC7\RGB1_SUB5ACT7F121.jpg,1,1,0.9858521223068237
935,5,7,151,D:\Skripsi\Experiment_TA\data\raw\RGB1\S5\AC7\RGB1_SUB5ACT7F151.jpg,1,1,0.9454007744789124
936,5,7,31,D:\Skripsi\Experiment_TA\data\raw\RGB1\S5\AC7\RGB1_SUB5ACT7F31.jpg,1,1,0.9768115878105164
937,5,7,61,D:\Skripsi\Experiment_TA\data\raw\RGB1\S5\AC7\RGB1_SUB5ACT7F61.jpg,1,1,0.9522103071212769
938,5,7,91,D:\Skripsi\Experiment_TA\data\raw\RGB1\S5\AC7\RGB1_SUB5ACT7F91.jpg,1,1,0.9517951011657715
939,5,8,1,D:\Skripsi\Experiment_TA\data\raw\RGB1\S5\AC8\RGB1_SUB5ACT8F1.jpg,1,1,0.8901064395904541
940,5,8,121,D:\Skripsi\Experiment_TA\data\raw\RGB1\S5\AC8\RGB1_SUB5ACT8F121.jpg,1,1,0.8034413456916809
941,5,8,151,D:\Skripsi\Experiment_TA\data\raw\RGB1\S5\AC8\RGB1_SUB5ACT8F151.jpg,1,1,0.7311668395996094
942,5,8,31,D:\Skripsi\Experiment_TA\data\raw\RGB1\S5\AC8\RGB1_SUB5ACT8F31.jpg,1,1,0.7905628085136414
943,5,8,61,D:\Skripsi\Experiment_TA\data\raw\RGB1\S5\AC8\RGB1_SUB5ACT8F61.jpg,1,1,0.6503087282180786
944,5,8,91,D:\Skripsi\Experiment_TA\data\raw\RGB1\S5\AC8\RGB1_SUB5ACT8F91.jpg,1,1,0.8873794078826904
945,5,9,1,D:\Skripsi\Experiment_TA\data\raw\RGB1\S5\AC9\RGB1_SUB5ACT9F1.jpg,1,1,0.5720120072364807
946,5,9,121,D:\Skripsi\Experiment_TA\data\raw\RGB1\S5\AC9\RGB1_SUB5ACT9F121.jpg,1,1,0.8407627940177917
947,5,9,151,D:\Skripsi\Experiment_TA\data\raw\RGB1\S5\AC9\RGB1_SUB5ACT9F151.jpg,1,1,0.7854344248771667
948,5,9,31,D:\Skripsi\Experiment_TA\data\raw\RGB1\S5\AC9\RGB1_SUB5ACT9F31.jpg,1,1,0.7712220549583435
949,5,9,61,D:\Skripsi\Experiment_TA\data\raw\RGB1\S5\AC9\RGB1_SUB5ACT9F61.jpg,1,1,0.7705739140510559
950,5,9,91,D:\Skripsi\Experiment_TA\data\raw\RGB1\S5\AC9\RGB1_SUB5ACT9F91.jpg,1,1,0.5948216319084167
951,50,1,1,D:\Skripsi\Experiment_TA\data\raw\RGB1\S50\AC1\RGB1_SUB50ACT1F1.jpg,0,0,0.3207305371761322
952,50,1,31,D:\Skripsi\Experiment_TA\data\raw\RGB1\S50\AC1\RGB1_SUB50ACT1F31.jpg,0,0,0.36137697100639343
953,50,1,61,D:\Skripsi\Experiment_TA\data\raw\RGB1\S50\AC1\RGB1_SUB50ACT1F61.jpg,0,0,0.33950796723365784
954,50,1,91,D:\Skripsi\Experiment_TA\data\raw\RGB1\S50\AC1\RGB1_SUB50ACT1F91.jpg,0,1,0.5351229906082153
955,50,5,1,D:\Skripsi\Experiment_TA\data\raw\RGB1\S50\AC5\RGB1_SUB50ACT5F1.jpg,1,1,0.8464620113372803
956,50,5,121,D:\Skripsi\Experiment_TA\data\raw\RGB1\S50\AC5\RGB1_SUB50ACT5F121.jpg,1,1,0.9218063950538635
957,50,5,31,D:\Skripsi\Experiment_TA\data\raw\RGB1\S50\AC5\RGB1_SUB50ACT5F31.jpg,1,1,0.7181236147880554
958,50,5,61,D:\Skripsi\Experiment_TA\data\raw\RGB1\S50\AC5\RGB1_SUB50ACT5F61.jpg,1,1,0.7601735591888428
959,50,5,91,D:\Skripsi\Experiment_TA\data\raw\RGB1\S50\AC5\RGB1_SUB50ACT5F91.jpg,1,1,0.803115963935852
960,50,6,1,D:\Skripsi\Experiment_TA\data\raw\RGB1\S50\AC6\RGB1_SUB50ACT6F1.jpg,1,0,0.4433988332748413
961,50,6,121,D:\Skripsi\Experiment_TA\data\raw\RGB1\S50\AC6\RGB1_SUB50ACT6F121.jpg,1,1,0.555627167224884
962,50,6,31,D:\Skripsi\Experiment_TA\data\raw\RGB1\S50\AC6\RGB1_SUB50ACT6F31.jpg,1,1,0.649918258190155
963,50,6,61,D:\Skripsi\Experiment_TA\data\raw\RGB1\S50\AC6\RGB1_SUB50ACT6F61.jpg,1,1,0.5919051170349121
964,50,6,91,D:\Skripsi\Experiment_TA\data\raw\RGB1\S50\AC6\RGB1_SUB50ACT6F91.jpg,1,1,0.5293810367584229
965,50,7,1,D:\Skripsi\Experiment_TA\data\raw\RGB1\S50\AC7\RGB1_SUB50ACT7F1.jpg,1,1,0.8764171004295349
966,50,7,121,D:\Skripsi\Experiment_TA\data\raw\RGB1\S50\AC7\RGB1_SUB50ACT7F121.jpg,1,1,0.944293737411499
967,50,7,31,D:\Skripsi\Experiment_TA\data\raw\RGB1\S50\AC7\RGB1_SUB50ACT7F31.jpg,1,1,0.9235417246818542
968,50,7,61,D:\Skripsi\Experiment_TA\data\raw\RGB1\S50\AC7\RGB1_SUB50ACT7F61.jpg,1,1,0.927872359752655
969,50,7,91,D:\Skripsi\Experiment_TA\data\raw\RGB1\S50\AC7\RGB1_SUB50ACT7F91.jpg,1,1,0.9163949489593506
970,50,8,1,D:\Skripsi\Experiment_TA\data\raw\RGB1\S50\AC8\RGB1_SUB50ACT8F1.jpg,1,1,0.6275506019592285
971,50,8,121,D:\Skripsi\Experiment_TA\data\raw\RGB1\S50\AC8\RGB1_SUB50ACT8F121.jpg,1,1,0.7665013074874878
972,50,8,151,D:\Skripsi\Experiment_TA\data\raw\RGB1\S50\AC8\RGB1_SUB50ACT8F151.jpg,1,1,0.6853993535041809
973,50,8,181,D:\Skripsi\Experiment_TA\data\raw\RGB1\S50\AC8\RGB1_SUB50ACT8F181.jpg,1,1,0.7285510897636414
974,50,8,211,D:\Skripsi\Experiment_TA\data\raw\RGB1\S50\AC8\RGB1_SUB50ACT8F211.jpg,1,0,0.4979650378227234
975,50,8,31,D:\Skripsi\Experiment_TA\data\raw\RGB1\S50\AC8\RGB1_SUB50ACT8F31.jpg,1,1,0.6780276298522949
976,50,8,61,D:\Skripsi\Experiment_TA\data\raw\RGB1\S50\AC8\RGB1_SUB50ACT8F61.jpg,1,1,0.7092074751853943
977,50,8,91,D:\Skripsi\Experiment_TA\data\raw\RGB1\S50\AC8\RGB1_SUB50ACT8F91.jpg,1,1,0.7886481881141663
978,50,9,1,D:\Skripsi\Experiment_TA\data\raw\RGB1\S50\AC9\RGB1_SUB50ACT9F1.jpg,1,1,0.8342052698135376
979,50,9,121,D:\Skripsi\Experiment_TA\data\raw\RGB1\S50\AC9\RGB1_SUB50ACT9F121.jpg,1,1,0.5476058125495911
980,50,9,151,D:\Skripsi\Experiment_TA\data\raw\RGB1\S50\AC9\RGB1_SUB50ACT9F151.jpg,1,1,0.8472947478294373
981,50,9,181,D:\Skripsi\Experiment_TA\data\raw\RGB1\S50\AC9\RGB1_SUB50ACT9F181.jpg,1,1,0.7841869592666626
982,50,9,31,D:\Skripsi\Experiment_TA\data\raw\RGB1\S50\AC9\RGB1_SUB50ACT9F31.jpg,1,1,0.9058172702789307
983,50,9,61,D:\Skripsi\Experiment_TA\data\raw\RGB1\S50\AC9\RGB1_SUB50ACT9F61.jpg,1,1,0.571621298789978
984,50,9,91,D:\Skripsi\Experiment_TA\data\raw\RGB1\S50\AC9\RGB1_SUB50ACT9F91.jpg,1,1,0.6698877811431885
985,6,1,1,D:\Skripsi\Experiment_TA\data\raw\RGB1\S6\AC1\RGB1_SUB6ACT1F1.jpg,0,0,0.27550825476646423
986,6,1,121,D:\Skripsi\Experiment_TA\data\raw\RGB1\S6\AC1\RGB1_SUB6ACT1F121.jpg,0,0,0.32524922490119934
987,6,1,31,D:\Skripsi\Experiment_TA\data\raw\RGB1\S6\AC1\RGB1_SUB6ACT1F31.jpg,0,0,0.32567816972732544
988,6,1,61,D:\Skripsi\Experiment_TA\data\raw\RGB1\S6\AC1\RGB1_SUB6ACT1F61.jpg,0,0,0.284302681684494
989,6,1,91,D:\Skripsi\Experiment_TA\data\raw\RGB1\S6\AC1\RGB1_SUB6ACT1F91.jpg,0,0,0.15225239098072052
990,6,5,1,D:\Skripsi\Experiment_TA\data\raw\RGB1\S6\AC5\RGB1_SUB6ACT5F1.jpg,1,0,0.46928179264068604
991,6,5,121,D:\Skripsi\Experiment_TA\data\raw\RGB1\S6\AC5\RGB1_SUB6ACT5F121.jpg,1,1,0.8557131886482239
992,6,5,31,D:\Skripsi\Experiment_TA\data\raw\RGB1\S6\AC5\RGB1_SUB6ACT5F31.jpg,1,1,0.9260607361793518
993,6,5,61,D:\Skripsi\Experiment_TA\data\raw\RGB1\S6\AC5\RGB1_SUB6ACT5F61.jpg,1,1,0.9458471536636353
994,6,5,91,D:\Skripsi\Experiment_TA\data\raw\RGB1\S6\AC5\RGB1_SUB6ACT5F91.jpg,1,1,0.9847995042800903
995,6,6,1,D:\Skripsi\Experiment_TA\data\raw\RGB1\S6\AC6\RGB1_SUB6ACT6F1.jpg,1,1,0.9294203519821167
996,6,6,121,D:\Skripsi\Experiment_TA\data\raw\RGB1\S6\AC6\RGB1_SUB6ACT6F121.jpg,1,1,0.8595626950263977
997,6,6,151,D:\Skripsi\Experiment_TA\data\raw\RGB1\S6\AC6\RGB1_SUB6ACT6F151.jpg,1,1,0.9091595411300659
998,6,6,31,D:\Skripsi\Experiment_TA\data\raw\RGB1\S6\AC6\RGB1_SUB6ACT6F31.jpg,1,1,0.9201564192771912
999,6,6,61,D:\Skripsi\Experiment_TA\data\raw\RGB1\S6\AC6\RGB1_SUB6ACT6F61.jpg,1,1,0.9688211679458618
1000,6,6,91,D:\Skripsi\Experiment_TA\data\raw\RGB1\S6\AC6\RGB1_SUB6ACT6F91.jpg,1,1,0.8420796394348145
1001,6,7,1,D:\Skripsi\Experiment_TA\data\raw\RGB1\S6\AC7\RGB1_SUB6ACT7F1.jpg,1,0,0.3832889497280121
1002,6,7,121,D:\Skripsi\Experiment_TA\data\raw\RGB1\S6\AC7\RGB1_SUB6ACT7F121.jpg,1,1,0.8995361328125
1003,6,7,31,D:\Skripsi\Experiment_TA\data\raw\RGB1\S6\AC7\RGB1_SUB6ACT7F31.jpg,1,1,0.8481260538101196
1004,6,7,61,D:\Skripsi\Experiment_TA\data\raw\RGB1\S6\AC7\RGB1_SUB6ACT7F61.jpg,1,1,0.9401524662971497
1005,6,7,91,D:\Skripsi\Experiment_TA\data\raw\RGB1\S6\AC7\RGB1_SUB6ACT7F91.jpg,1,1,0.9812187552452087
1006,6,8,1,D:\Skripsi\Experiment_TA\data\raw\RGB1\S6\AC8\RGB1_SUB6ACT8F1.jpg,1,1,0.7069337964057922
1007,6,8,121,D:\Skripsi\Experiment_TA\data\raw\RGB1\S6\AC8\RGB1_SUB6ACT8F121.jpg,1,1,0.9064030647277832
1008,6,8,151,D:\Skripsi\Experiment_TA\data\raw\RGB1\S6\AC8\RGB1_SUB6ACT8F151.jpg,1,1,0.9681271910667419
1009,6,8,31,D:\Skripsi\Experiment_TA\data\raw\RGB1\S6\AC8\RGB1_SUB6ACT8F31.jpg,1,0,0.28775840997695923
1010,6,8,61,D:\Skripsi\Experiment_TA\data\raw\RGB1\S6\AC8\RGB1_SUB6ACT8F61.jpg,1,1,0.529102623462677
1011,6,8,91,D:\Skripsi\Experiment_TA\data\raw\RGB1\S6\AC8\RGB1_SUB6ACT8F91.jpg,1,0,0.4057252109050751
1012,6,9,1,D:\Skripsi\Experiment_TA\data\raw\RGB1\S6\AC9\RGB1_SUB6ACT9F1.jpg,1,1,0.8859272003173828
1013,6,9,121,D:\Skripsi\Experiment_TA\data\raw\RGB1\S6\AC9\RGB1_SUB6ACT9F121.jpg,1,1,0.8250687718391418
1014,6,9,151,D:\Skripsi\Experiment_TA\data\raw\RGB1\S6\AC9\RGB1_SUB6ACT9F151.jpg,1,1,0.9837650656700134
1015,6,9,31,D:\Skripsi\Experiment_TA\data\raw\RGB1\S6\AC9\RGB1_SUB6ACT9F31.jpg,1,1,0.9676186442375183
1016,6,9,61,D:\Skripsi\Experiment_TA\data\raw\RGB1\S6\AC9\RGB1_SUB6ACT9F61.jpg,1,1,0.8560850024223328
1017,6,9,91,D:\Skripsi\Experiment_TA\data\raw\RGB1\S6\AC9\RGB1_SUB6ACT9F91.jpg,1,1,0.7334253191947937
1018,7,1,1,D:\Skripsi\Experiment_TA\data\raw\RGB1\S7\AC1\RGB1_SUB7ACT1F1.jpg,0,0,0.2957967221736908
1019,7,1,121,D:\Skripsi\Experiment_TA\data\raw\RGB1\S7\AC1\RGB1_SUB7ACT1F121.jpg,0,0,0.14683270454406738
1020,7,1,31,D:\Skripsi\Experiment_TA\data\raw\RGB1\S7\AC1\RGB1_SUB7ACT1F31.jpg,0,0,0.14640146493911743
1021,7,1,61,D:\Skripsi\Experiment_TA\data\raw\RGB1\S7\AC1\RGB1_SUB7ACT1F61.jpg,0,0,0.16567693650722504
1022,7,1,91,D:\Skripsi\Experiment_TA\data\raw\RGB1\S7\AC1\RGB1_SUB7ACT1F91.jpg,0,0,0.4668189585208893
1023,7,5,1,D:\Skripsi\Experiment_TA\data\raw\RGB1\S7\AC5\RGB1_SUB7ACT5F1.jpg,1,0,0.2079860121011734
1024,7,5,121,D:\Skripsi\Experiment_TA\data\raw\RGB1\S7\AC5\RGB1_SUB7ACT5F121.jpg,1,1,0.6041548848152161
1025,7,5,31,D:\Skripsi\Experiment_TA\data\raw\RGB1\S7\AC5\RGB1_SUB7ACT5F31.jpg,1,1,0.6828200221061707
1026,7,5,61,D:\Skripsi\Experiment_TA\data\raw\RGB1\S7\AC5\RGB1_SUB7ACT5F61.jpg,1,1,0.5157504677772522
1027,7,5,91,D:\Skripsi\Experiment_TA\data\raw\RGB1\S7\AC5\RGB1_SUB7ACT5F91.jpg,1,0,0.4832146465778351
1028,7,6,1,D:\Skripsi\Experiment_TA\data\raw\RGB1\S7\AC6\RGB1_SUB7ACT6F1.jpg,1,1,0.6742529273033142
1029,7,6,121,D:\Skripsi\Experiment_TA\data\raw\RGB1\S7\AC6\RGB1_SUB7ACT6F121.jpg,1,1,0.6385585069656372
1030,7,6,31,D:\Skripsi\Experiment_TA\data\raw\RGB1\S7\AC6\RGB1_SUB7ACT6F31.jpg,1,1,0.5936185717582703
1031,7,6,61,D:\Skripsi\Experiment_TA\data\raw\RGB1\S7\AC6\RGB1_SUB7ACT6F61.jpg,1,1,0.5466440916061401
1032,7,6,91,D:\Skripsi\Experiment_TA\data\raw\RGB1\S7\AC6\RGB1_SUB7ACT6F91.jpg,1,1,0.8133946061134338
1033,7,7,1,D:\Skripsi\Experiment_TA\data\raw\RGB1\S7\AC7\RGB1_SUB7ACT7F1.jpg,1,0,0.3234871029853821
1034,7,7,121,D:\Skripsi\Experiment_TA\data\raw\RGB1\S7\AC7\RGB1_SUB7ACT7F121.jpg,1,1,0.9445529580116272
1035,7,7,151,D:\Skripsi\Experiment_TA\data\raw\RGB1\S7\AC7\RGB1_SUB7ACT7F151.jpg,1,1,0.9712162017822266
1036,7,7,31,D:\Skripsi\Experiment_TA\data\raw\RGB1\S7\AC7\RGB1_SUB7ACT7F31.jpg,1,1,0.9917823076248169
1037,7,7,61,D:\Skripsi\Experiment_TA\data\raw\RGB1\S7\AC7\RGB1_SUB7ACT7F61.jpg,1,1,0.9433936476707458
1038,7,7,91,D:\Skripsi\Experiment_TA\data\raw\RGB1\S7\AC7\RGB1_SUB7ACT7F91.jpg,1,1,0.979353129863739
1039,7,8,1,D:\Skripsi\Experiment_TA\data\raw\RGB1\S7\AC8\RGB1_SUB7ACT8F1.jpg,1,0,0.47695982456207275
1040,7,8,121,D:\Skripsi\Experiment_TA\data\raw\RGB1\S7\AC8\RGB1_SUB7ACT8F121.jpg,1,1,0.6620162725448608
1041,7,8,31,D:\Skripsi\Experiment_TA\data\raw\RGB1\S7\AC8\RGB1_SUB7ACT8F31.jpg,1,1,0.7214624285697937
1042,7,8,61,D:\Skripsi\Experiment_TA\data\raw\RGB1\S7\AC8\RGB1_SUB7ACT8F61.jpg,1,1,0.85245281457901
1043,7,8,91,D:\Skripsi\Experiment_TA\data\raw\RGB1\S7\AC8\RGB1_SUB7ACT8F91.jpg,1,1,0.7085058093070984
1044,7,9,1,D:\Skripsi\Experiment_TA\data\raw\RGB1\S7\AC9\RGB1_SUB7ACT9F1.jpg,1,0,0.43094417452812195
1045,7,9,121,D:\Skripsi\Experiment_TA\data\raw\RGB1\S7\AC9\RGB1_SUB7ACT9F121.jpg,1,1,0.8972571492195129
1046,7,9,31,D:\Skripsi\Experiment_TA\data\raw\RGB1\S7\AC9\RGB1_SUB7ACT9F31.jpg,1,1,0.914711594581604
1047,7,9,61,D:\Skripsi\Experiment_TA\data\raw\RGB1\S7\AC9\RGB1_SUB7ACT9F61.jpg,1,1,0.9604790806770325
1048,7,9,91,D:\Skripsi\Experiment_TA\data\raw\RGB1\S7\AC9\RGB1_SUB7ACT9F91.jpg,1,1,0.9852222800254822
1049,9,1,1,D:\Skripsi\Experiment_TA\data\raw\RGB1\S9\AC1\RGB1_SUB9ACT1F1.jpg,0,0,0.24933388829231262
1050,9,1,121,D:\Skripsi\Experiment_TA\data\raw\RGB1\S9\AC1\RGB1_SUB9ACT1F121.jpg,0,1,0.8064914345741272
1051,9,1,151,D:\Skripsi\Experiment_TA\data\raw\RGB1\S9\AC1\RGB1_SUB9ACT1F151.jpg,0,0,0.30298319458961487
1052,9,1,31,D:\Skripsi\Experiment_TA\data\raw\RGB1\S9\AC1\RGB1_SUB9ACT1F31.jpg,0,0,0.3438952565193176
1053,9,1,61,D:\Skripsi\Experiment_TA\data\raw\RGB1\S9\AC1\RGB1_SUB9ACT1F61.jpg,0,0,0.29954367876052856
1054,9,1,91,D:\Skripsi\Experiment_TA\data\raw\RGB1\S9\AC1\RGB1_SUB9ACT1F91.jpg,0,0,0.365043580532074
1055,9,5,1,D:\Skripsi\Experiment_TA\data\raw\RGB1\S9\AC5\RGB1_SUB9ACT5F1.jpg,1,1,0.6009923815727234
1056,9,5,121,D:\Skripsi\Experiment_TA\data\raw\RGB1\S9\AC5\RGB1_SUB9ACT5F121.jpg,1,1,0.8617989420890808
1057,9,5,151,D:\Skripsi\Experiment_TA\data\raw\RGB1\S9\AC5\RGB1_SUB9ACT5F151.jpg,1,1,0.5963796973228455
1058,9,5,31,D:\Skripsi\Experiment_TA\data\raw\RGB1\S9\AC5\RGB1_SUB9ACT5F31.jpg,1,1,0.837772011756897
1059,9,5,61,D:\Skripsi\Experiment_TA\data\raw\RGB1\S9\AC5\RGB1_SUB9ACT5F61.jpg,1,1,0.8564385175704956
1060,9,5,91,D:\Skripsi\Experiment_TA\data\raw\RGB1\S9\AC5\RGB1_SUB9ACT5F91.jpg,1,1,0.8909227848052979
1061,9,6,1,D:\Skripsi\Experiment_TA\data\raw\RGB1\S9\AC6\RGB1_SUB9ACT6F1.jpg,1,1,0.7162762880325317
1062,9,6,121,D:\Skripsi\Experiment_TA\data\raw\RGB1\S9\AC6\RGB1_SUB9ACT6F121.jpg,1,1,0.7329486608505249
1063,9,6,31,D:\Skripsi\Experiment_TA\data\raw\RGB1\S9\AC6\RGB1_SUB9ACT6F31.jpg,1,1,0.75223308801651
1064,9,6,61,D:\Skripsi\Experiment_TA\data\raw\RGB1\S9\AC6\RGB1_SUB9ACT6F61.jpg,1,1,0.7014954090118408
1065,9,6,91,D:\Skripsi\Experiment_TA\data\raw\RGB1\S9\AC6\RGB1_SUB9ACT6F91.jpg,1,1,0.6048440933227539
1066,9,7,1,D:\Skripsi\Experiment_TA\data\raw\RGB1\S9\AC7\RGB1_SUB9ACT7F1.jpg,1,0,0.38771533966064453
1067,9,7,121,D:\Skripsi\Experiment_TA\data\raw\RGB1\S9\AC7\RGB1_SUB9ACT7F121.jpg,1,1,0.898583173751831
1068,9,7,151,D:\Skripsi\Experiment_TA\data\raw\RGB1\S9\AC7\RGB1_SUB9ACT7F151.jpg,1,1,0.9659280776977539
1069,9,7,181,D:\Skripsi\Experiment_TA\data\raw\RGB1\S9\AC7\RGB1_SUB9ACT7F181.jpg,1,1,0.9713007807731628
1070,9,7,31,D:\Skripsi\Experiment_TA\data\raw\RGB1\S9\AC7\RGB1_SUB9ACT7F31.jpg,1,1,0.91211998462677
1071,9,7,61,D:\Skripsi\Experiment_TA\data\raw\RGB1\S9\AC7\RGB1_SUB9ACT7F61.jpg,1,1,0.910297691822052
1072,9,7,91,D:\Skripsi\Experiment_TA\data\raw\RGB1\S9\AC7\RGB1_SUB9ACT7F91.jpg,1,1,0.9692036509513855
1073,9,8,1,D:\Skripsi\Experiment_TA\data\raw\RGB1\S9\AC8\RGB1_SUB9ACT8F1.jpg,1,1,0.5288352966308594
1074,9,8,121,D:\Skripsi\Experiment_TA\data\raw\RGB1\S9\AC8\RGB1_SUB9ACT8F121.jpg,1,0,0.4604416489601135
1075,9,8,31,D:\Skripsi\Experiment_TA\data\raw\RGB1\S9\AC8\RGB1_SUB9ACT8F31.jpg,1,1,0.5100604295730591
1076,9,8,61,D:\Skripsi\Experiment_TA\data\raw\RGB1\S9\AC8\RGB1_SUB9ACT8F61.jpg,1,1,0.5330626368522644
1077,9,8,91,D:\Skripsi\Experiment_TA\data\raw\RGB1\S9\AC8\RGB1_SUB9ACT8F91.jpg,1,1,0.6609088182449341
1078,9,9,1,D:\Skripsi\Experiment_TA\data\raw\RGB1\S9\AC9\RGB1_SUB9ACT9F1.jpg,1,1,0.6224607229232788
1079,9,9,121,D:\Skripsi\Experiment_TA\data\raw\RGB1\S9\AC9\RGB1_SUB9ACT9F121.jpg,1,1,0.773759126663208
1080,9,9,151,D:\Skripsi\Experiment_TA\data\raw\RGB1\S9\AC9\RGB1_SUB9ACT9F151.jpg,1,1,0.9130852222442627
1081,9,9,31,D:\Skripsi\Experiment_TA\data\raw\RGB1\S9\AC9\RGB1_SUB9ACT9F31.jpg,1,1,0.8691917657852173
1082,9,9,61,D:\Skripsi\Experiment_TA\data\raw\RGB1\S9\AC9\RGB1_SUB9ACT9F61.jpg,1,1,0.705646812915802
1083,9,9,91,D:\Skripsi\Experiment_TA\data\raw\RGB1\S9\AC9\RGB1_SUB9ACT9F91.jpg,1,1,0.6104108691215515
