row_index,subject_id,activity_id,frame,filepath,label,prediction,prob_phone
0,12,1,1,D:\Skripsi\Experiment_TA\data\raw\RGB1\S12\AC1\RGB1_SUB12ACT1F1.jpg,0,0,0.12512092292308807
1,12,1,121,D:\Skripsi\Experiment_TA\data\raw\RGB1\S12\AC1\RGB1_SUB12ACT1F121.jpg,0,0,0.4157326817512512
2,12,1,151,D:\Skripsi\Experiment_TA\data\raw\RGB1\S12\AC1\RGB1_SUB12ACT1F151.jpg,0,0,0.08356557041406631
3,12,1,31,D:\Skripsi\Experiment_TA\data\raw\RGB1\S12\AC1\RGB1_SUB12ACT1F31.jpg,0,0,0.08694823831319809
4,12,1,61,D:\Skripsi\Experiment_TA\data\raw\RGB1\S12\AC1\RGB1_SUB12ACT1F61.jpg,0,0,0.15532426536083221
5,12,1,91,D:\Skripsi\Experiment_TA\data\raw\RGB1\S12\AC1\RGB1_SUB12ACT1F91.jpg,0,1,0.9180582165718079
6,12,5,1,D:\Skripsi\Experiment_TA\data\raw\RGB1\S12\AC5\RGB1_SUB12ACT5F1.jpg,1,0,0.36278489232063293
7,12,5,121,D:\Skripsi\Experiment_TA\data\raw\RGB1\S12\AC5\RGB1_SUB12ACT5F121.jpg,1,1,0.7570011615753174
8,12,5,31,D:\Skripsi\Experiment_TA\data\raw\RGB1\S12\AC5\RGB1_SUB12ACT5F31.jpg,1,1,0.9133207201957703
9,12,5,61,D:\Skripsi\Experiment_TA\data\raw\RGB1\S12\AC5\RGB1_SUB12ACT5F61.jpg,1,1,0.87530118227005
10,12,5,91,D:\Skripsi\Experiment_TA\data\raw\RGB1\S12\AC5\RGB1_SUB12ACT5F91.jpg,1,1,0.8473000526428223
11,12,6,1,D:\Skripsi\Experiment_TA\data\raw\RGB1\S12\AC6\RGB1_SUB12ACT6F1.jpg,1,1,0.6601635813713074
12,12,6,121,D:\Skripsi\Experiment_TA\data\raw\RGB1\S12\AC6\RGB1_SUB12ACT6F121.jpg,1,1,0.7373514175415039
13,12,6,151,D:\Skripsi\Experiment_TA\data\raw\RGB1\S12\AC6\RGB1_SUB12ACT6F151.jpg,1,1,0.7793222665786743
14,12,6,181,D:\Skripsi\Experiment_TA\data\raw\RGB1\S12\AC6\RGB1_SUB12ACT6F181.jpg,1,1,0.9366218447685242
15,12,6,31,D:\Skripsi\Experiment_TA\data\raw\RGB1\S12\AC6\RGB1_SUB12ACT6F31.jpg,1,1,0.7895491719245911
16,12,6,61,D:\Skripsi\Experiment_TA\data\raw\RGB1\S12\AC6\RGB1_SUB12ACT6F61.jpg,1,1,0.9305108189582825
17,12,6,91,D:\Skripsi\Experiment_TA\data\raw\RGB1\S12\AC6\RGB1_SUB12ACT6F91.jpg,1,1,0.6911758780479431
18,12,7,1,D:\Skripsi\Experiment_TA\data\raw\RGB1\S12\AC7\RGB1_SUB12ACT7F1.jpg,1,1,0.7354537844657898
19,12,7,121,D:\Skripsi\Experiment_TA\data\raw\RGB1\S12\AC7\RGB1_SUB12ACT7F121.jpg,1,1,0.9935651421546936
20,12,7,151,D:\Skripsi\Experiment_TA\data\raw\RGB1\S12\AC7\RGB1_SUB12ACT7F151.jpg,1,1,0.9959374666213989
21,12,7,181,D:\Skripsi\Experiment_TA\data\raw\RGB1\S12\AC7\RGB1_SUB12ACT7F181.jpg,1,1,0.976251482963562
22,12,7,211,D:\Skripsi\Experiment_TA\data\raw\RGB1\S12\AC7\RGB1_SUB12ACT7F211.jpg,1,1,0.9713417291641235
23,12,7,31,D:\Skripsi\Experiment_TA\data\raw\RGB1\S12\AC7\RGB1_SUB12ACT7F31.jpg,1,1,0.9848434329032898
24,12,7,61,D:\Skripsi\Experiment_TA\data\raw\RGB1\S12\AC7\RGB1_SUB12ACT7F61.jpg,1,1,0.9638208746910095
25,12,7,91,D:\Skripsi\Experiment_TA\data\raw\RGB1\S12\AC7\RGB1_SUB12ACT7F91.jpg,1,1,0.9865546226501465
26,12,8,1,D:\Skripsi\Experiment_TA\data\raw\RGB1\S12\AC8\RGB1_SUB12ACT8F1.jpg,1,1,0.7646257281303406
27,12,8,121,D:\Skripsi\Experiment_TA\data\raw\RGB1\S12\AC8\RGB1_SUB12ACT8F121.jpg,1,1,0.693469762802124
28,12,8,151,D:\Skripsi\Experiment_TA\data\raw\RGB1\S12\AC8\RGB1_SUB12ACT8F151.jpg,1,1,0.5746539235115051
29,12,8,31,D:\Skripsi\Experiment_TA\data\raw\RGB1\S12\AC8\RGB1_SUB12ACT8F31.jpg,1,1,0.8733375668525696
30,12,8,61,D:\Skripsi\Experiment_TA\data\raw\RGB1\S12\AC8\RGB1_SUB12ACT8F61.jpg,1,1,0.5575233697891235
31,12,8,91,D:\Skripsi\Experiment_TA\data\raw\RGB1\S12\AC8\RGB1_SUB12ACT8F91.jpg,1,1,0.966331958770752
32,12,9,1,D:\Skripsi\Experiment_TA\data\raw\RGB1\S12\AC9\RGB1_SUB12ACT9F1.jpg,1,1,0.9065430164337158
33,12,9,121,D:\Skripsi\Experiment_TA\data\raw\RGB1\S12\AC9\RGB1_SUB12ACT9F121.jpg,1,1,0.9200394749641418
34,12,9,151,D:\Skripsi\Experiment_TA\data\raw\RGB1\S12\AC9\RGB1_SUB12ACT9F151.jpg,1,1,0.9421391487121582
35,12,9,31,D:\Skripsi\Experiment_TA\data\raw\RGB1\S12\AC9\RGB1_SUB12ACT9F31.jpg,1,1,0.7075397372245789
36,12,9,61,D:\Skripsi\Experiment_TA\data\raw\RGB1\S12\AC9\RGB1_SUB12ACT9F61.jpg,1,1,0.8005393147468567
37,12,9,91,D:\Skripsi\Experiment_TA\data\raw\RGB1\S12\AC9\RGB1_SUB12ACT9F91.jpg,1,1,0.7282339930534363
38,13,1,1,D:\Skripsi\Experiment_TA\data\raw\RGB1\S13\AC1\RGB1_SUB13ACT1F1.jpg,0,0,0.33968600630760193
39,13,1,121,D:\Skripsi\Experiment_TA\data\raw\RGB1\S13\AC1\RGB1_SUB13ACT1F121.jpg,0,0,0.24657683074474335
40,13,1,31,D:\Skripsi\Experiment_TA\data\raw\RGB1\S13\AC1\RGB1_SUB13ACT1F31.jpg,0,0,0.24153341352939606
41,13,1,61,D:\Skripsi\Experiment_TA\data\raw\RGB1\S13\AC1\RGB1_SUB13ACT1F61.jpg,0,0,0.29445719718933105
42,13,1,91,D:\Skripsi\Experiment_TA\data\raw\RGB1\S13\AC1\RGB1_SUB13ACT1F91.jpg,0,0,0.2667735815048218
43,13,5,1,D:\Skripsi\Experiment_TA\data\raw\RGB1\S13\AC5\RGB1_SUB13ACT5F1.jpg,1,1,0.9376075863838196
44,13,5,121,D:\Skripsi\Experiment_TA\data\raw\RGB1\S13\AC5\RGB1_SUB13ACT5F121.jpg,1,1,0.8169623017311096
45,13,5,31,D:\Skripsi\Experiment_TA\data\raw\RGB1\S13\AC5\RGB1_SUB13ACT5F31.jpg,1,1,0.8628491163253784
46,13,5,61,D:\Skripsi\Experiment_TA\data\raw\RGB1\S13\AC5\RGB1_SUB13ACT5F61.jpg,1,1,0.9229862689971924
47,13,5,91,D:\Skripsi\Experiment_TA\data\raw\RGB1\S13\AC5\RGB1_SUB13ACT5F91.jpg,1,1,0.9709445834159851
48,13,6,1,D:\Skripsi\Experiment_TA\data\raw\RGB1\S13\AC6\RGB1_SUB13ACT6F1.jpg,1,1,0.8879902958869934
49,13,6,31,D:\Skripsi\Experiment_TA\data\raw\RGB1\S13\AC6\RGB1_SUB13ACT6F31.jpg,1,1,0.8903993368148804
50,13,6,61,D:\Skripsi\Experiment_TA\data\raw\RGB1\S13\AC6\RGB1_SUB13ACT6F61.jpg,1,1,0.8721734881401062
51,13,6,91,D:\Skripsi\Experiment_TA\data\raw\RGB1\S13\AC6\RGB1_SUB13ACT6F91.jpg,1,1,0.7590612173080444
52,13,7,1,D:\Skripsi\Experiment_TA\data\raw\RGB1\S13\AC7\RGB1_SUB13ACT7F1.jpg,1,1,0.8647421598434448
53,13,7,121,D:\Skripsi\Experiment_TA\data\raw\RGB1\S13\AC7\RGB1_SUB13ACT7F121.jpg,1,1,0.9773724675178528
54,13,7,31,D:\Skripsi\Experiment_TA\data\raw\RGB1\S13\AC7\RGB1_SUB13ACT7F31.jpg,1,1,0.9254981875419617
55,13,7,61,D:\Skripsi\Experiment_TA\data\raw\RGB1\S13\AC7\RGB1_SUB13ACT7F61.jpg,1,1,0.9680541157722473
56,13,7,91,D:\Skripsi\Experiment_TA\data\raw\RGB1\S13\AC7\RGB1_SUB13ACT7F91.jpg,1,1,0.964478075504303
57,13,8,1,D:\Skripsi\Experiment_TA\data\raw\RGB1\S13\AC8\RGB1_SUB13ACT8F1.jpg,1,1,0.9503708481788635
58,13,8,121,D:\Skripsi\Experiment_TA\data\raw\RGB1\S13\AC8\RGB1_SUB13ACT8F121.jpg,1,1,0.7083935737609863
59,13,8,31,D:\Skripsi\Experiment_TA\data\raw\RGB1\S13\AC8\RGB1_SUB13ACT8F31.jpg,1,1,0.9144221544265747
60,13,8,61,D:\Skripsi\Experiment_TA\data\raw\RGB1\S13\AC8\RGB1_SUB13ACT8F61.jpg,1,1,0.69342041015625
61,13,8,91,D:\Skripsi\Experiment_TA\data\raw\RGB1\S13\AC8\RGB1_SUB13ACT8F91.jpg,1,1,0.5828686952590942
62,13,9,1,D:\Skripsi\Experiment_TA\data\raw\RGB1\S13\AC9\RGB1_SUB13ACT9F1.jpg,1,0,0.4313925802707672
63,13,9,121,D:\Skripsi\Experiment_TA\data\raw\RGB1\S13\AC9\RGB1_SUB13ACT9F121.jpg,1,1,0.7224241495132446
64,13,9,151,D:\Skripsi\Experiment_TA\data\raw\RGB1\S13\AC9\RGB1_SUB13ACT9F151.jpg,1,1,0.9380221962928772
65,13,9,181,D:\Skripsi\Experiment_TA\data\raw\RGB1\S13\AC9\RGB1_SUB13ACT9F181.jpg,1,1,0.9456409811973572
66,13,9,31,D:\Skripsi\Experiment_TA\data\raw\RGB1\S13\AC9\RGB1_SUB13ACT9F31.jpg,1,1,0.9164211750030518
67,13,9,61,D:\Skripsi\Experiment_TA\data\raw\RGB1\S13\AC9\RGB1_SUB13ACT9F61.jpg,1,1,0.871910572052002
68,13,9,91,D:\Skripsi\Experiment_TA\data\raw\RGB1\S13\AC9\RGB1_SUB13ACT9F91.jpg,1,1,0.799675703048706
69,14,1,1,D:\Skripsi\Experiment_TA\data\raw\RGB1\S14\AC1\RGB1_SUB14ACT1F1.jpg,0,0,0.345453679561615
70,14,1,31,D:\Skripsi\Experiment_TA\data\raw\RGB1\S14\AC1\RGB1_SUB14ACT1F31.jpg,0,0,0.41996368765830994
71,14,1,61,D:\Skripsi\Experiment_TA\data\raw\RGB1\S14\AC1\RGB1_SUB14ACT1F61.jpg,0,1,0.6314170360565186
72,14,1,91,D:\Skripsi\Experiment_TA\data\raw\RGB1\S14\AC1\RGB1_SUB14ACT1F91.jpg,0,0,0.4944095015525818
73,14,5,1,D:\Skripsi\Experiment_TA\data\raw\RGB1\S14\AC5\RGB1_SUB14ACT5F1.jpg,1,1,0.5025268197059631
74,14,5,121,D:\Skripsi\Experiment_TA\data\raw\RGB1\S14\AC5\RGB1_SUB14ACT5F121.jpg,1,1,0.9291952848434448
75,14,5,31,D:\Skripsi\Experiment_TA\data\raw\RGB1\S14\AC5\RGB1_SUB14ACT5F31.jpg,1,1,0.8082354664802551
76,14,5,61,D:\Skripsi\Experiment_TA\data\raw\RGB1\S14\AC5\RGB1_SUB14ACT5F61.jpg,1,1,0.8113104104995728
77,14,5,91,D:\Skripsi\Experiment_TA\data\raw\RGB1\S14\AC5\RGB1_SUB14ACT5F91.jpg,1,1,0.8136386275291443
78,14,6,1,D:\Skripsi\Experiment_TA\data\raw\RGB1\S14\AC6\RGB1_SUB14ACT6F1.jpg,1,1,0.654654324054718
79,14,6,31,D:\Skripsi\Experiment_TA\data\raw\RGB1\S14\AC6\RGB1_SUB14ACT6F31.jpg,1,0,0.4861132800579071
80,14,6,61,D:\Skripsi\Experiment_TA\data\raw\RGB1\S14\AC6\RGB1_SUB14ACT6F61.jpg,1,1,0.6979058980941772
81,14,6,91,D:\Skripsi\Experiment_TA\data\raw\RGB1\S14\AC6\RGB1_SUB14ACT6F91.jpg,1,1,0.8270003199577332
82,14,7,1,D:\Skripsi\Experiment_TA\data\raw\RGB1\S14\AC7\RGB1_SUB14ACT7F1.jpg,1,0,0.40191853046417236
83,14,7,31,D:\Skripsi\Experiment_TA\data\raw\RGB1\S14\AC7\RGB1_SUB14ACT7F31.jpg,1,1,0.9362971186637878
84,14,7,61,D:\Skripsi\Experiment_TA\data\raw\RGB1\S14\AC7\RGB1_SUB14ACT7F61.jpg,1,1,0.8230120539665222
85,14,7,91,D:\Skripsi\Experiment_TA\data\raw\RGB1\S14\AC7\RGB1_SUB14ACT7F91.jpg,1,1,0.9916254878044128
86,14,8,1,D:\Skripsi\Experiment_TA\data\raw\RGB1\S14\AC8\RGB1_SUB14ACT8F1.jpg,1,0,0.43780702352523804
87,14,8,121,D:\Skripsi\Experiment_TA\data\raw\RGB1\S14\AC8\RGB1_SUB14ACT8F121.jpg,1,1,0.6625764966011047
88,14,8,31,D:\Skripsi\Experiment_TA\data\raw\RGB1\S14\AC8\RGB1_SUB14ACT8F31.jpg,1,1,0.5374716520309448
89,14,8,61,D:\Skripsi\Experiment_TA\data\raw\RGB1\S14\AC8\RGB1_SUB14ACT8F61.jpg,1,1,0.596047580242157
90,14,8,91,D:\Skripsi\Experiment_TA\data\raw\RGB1\S14\AC8\RGB1_SUB14ACT8F91.jpg,1,1,0.5841830968856812
91,14,9,1,D:\Skripsi\Experiment_TA\data\raw\RGB1\S14\AC9\RGB1_SUB14ACT9F1.jpg,1,1,0.5608201622962952
92,14,9,121,D:\Skripsi\Experiment_TA\data\raw\RGB1\S14\AC9\RGB1_SUB14ACT9F121.jpg,1,1,0.9430481195449829
93,14,9,31,D:\Skripsi\Experiment_TA\data\raw\RGB1\S14\AC9\RGB1_SUB14ACT9F31.jpg,1,1,0.9159296154975891
94,14,9,61,D:\Skripsi\Experiment_TA\data\raw\RGB1\S14\AC9\RGB1_SUB14ACT9F61.jpg,1,1,0.9352393746376038
95,14,9,91,D:\Skripsi\Experiment_TA\data\raw\RGB1\S14\AC9\RGB1_SUB14ACT9F91.jpg,1,1,0.8866572976112366
96,16,1,1,D:\Skripsi\Experiment_TA\data\raw\RGB1\S16\AC1\RGB1_SUB16ACT1F1.jpg,0,1,0.5189934968948364
97,16,1,121,D:\Skripsi\Experiment_TA\data\raw\RGB1\S16\AC1\RGB1_SUB16ACT1F121.jpg,0,1,0.5005242228507996
98,16,1,31,D:\Skripsi\Experiment_TA\data\raw\RGB1\S16\AC1\RGB1_SUB16ACT1F31.jpg,0,0,0.3589352071285248
99,16,1,61,D:\Skripsi\Experiment_TA\data\raw\RGB1\S16\AC1\RGB1_SUB16ACT1F61.jpg,0,0,0.4691777527332306
100,16,1,91,D:\Skripsi\Experiment_TA\data\raw\RGB1\S16\AC1\RGB1_SUB16ACT1F91.jpg,0,0,0.3650699555873871
101,16,5,1,D:\Skripsi\Experiment_TA\data\raw\RGB1\S16\AC5\RGB1_SUB16ACT5F1.jpg,1,1,0.85478675365448
102,16,5,31,D:\Skripsi\Experiment_TA\data\raw\RGB1\S16\AC5\RGB1_SUB16ACT5F31.jpg,1,1,0.8129981160163879
103,16,5,61,D:\Skripsi\Experiment_TA\data\raw\RGB1\S16\AC5\RGB1_SUB16ACT5F61.jpg,1,1,0.8478840589523315
104,16,5,91,D:\Skripsi\Experiment_TA\data\raw\RGB1\S16\AC5\RGB1_SUB16ACT5F91.jpg,1,1,0.6888970732688904
105,16,6,1,D:\Skripsi\Experiment_TA\data\raw\RGB1\S16\AC6\RGB1_SUB16ACT6F1.jpg,1,1,0.749007523059845
106,16,6,31,D:\Skripsi\Experiment_TA\data\raw\RGB1\S16\AC6\RGB1_SUB16ACT6F31.jpg,1,1,0.9040626883506775
107,16,6,61,D:\Skripsi\Experiment_TA\data\raw\RGB1\S16\AC6\RGB1_SUB16ACT6F61.jpg,1,1,0.6922979950904846
108,16,6,91,D:\Skripsi\Experiment_TA\data\raw\RGB1\S16\AC6\RGB1_SUB16ACT6F91.jpg,1,0,0.4179288148880005
109,16,7,1,D:\Skripsi\Experiment_TA\data\raw\RGB1\S16\AC7\RGB1_SUB16ACT7F1.jpg,1,1,0.9516311883926392
110,16,7,121,D:\Skripsi\Experiment_TA\data\raw\RGB1\S16\AC7\RGB1_SUB16ACT7F121.jpg,1,1,0.7393442392349243
111,16,7,31,D:\Skripsi\Experiment_TA\data\raw\RGB1\S16\AC7\RGB1_SUB16ACT7F31.jpg,1,1,0.7887009978294373
112,16,7,61,D:\Skripsi\Experiment_TA\data\raw\RGB1\S16\AC7\RGB1_SUB16ACT7F61.jpg,1,1,0.8468226194381714
113,16,7,91,D:\Skripsi\Experiment_TA\data\raw\RGB1\S16\AC7\RGB1_SUB16ACT7F91.jpg,1,1,0.9762086868286133
114,16,8,1,D:\Skripsi\Experiment_TA\data\raw\RGB1\S16\AC8\RGB1_SUB16ACT8F1.jpg,1,1,0.5098987817764282
115,16,8,121,D:\Skripsi\Experiment_TA\data\raw\RGB1\S16\AC8\RGB1_SUB16ACT8F121.jpg,1,1,0.7961935997009277
116,16,8,31,D:\Skripsi\Experiment_TA\data\raw\RGB1\S16\AC8\RGB1_SUB16ACT8F31.jpg,1,1,0.6032524108886719
117,16,8,61,D:\Skripsi\Experiment_TA\data\raw\RGB1\S16\AC8\RGB1_SUB16ACT8F61.jpg,1,1,0.640759289264679
118,16,8,91,D:\Skripsi\Experiment_TA\data\raw\RGB1\S16\AC8\RGB1_SUB16ACT8F91.jpg,1,1,0.778393566608429
119,16,9,1,D:\Skripsi\Experiment_TA\data\raw\RGB1\S16\AC9\RGB1_SUB16ACT9F1.jpg,1,1,0.6494610905647278
120,16,9,121,D:\Skripsi\Experiment_TA\data\raw\RGB1\S16\AC9\RGB1_SUB16ACT9F121.jpg,1,1,0.8637939691543579
121,16,9,31,D:\Skripsi\Experiment_TA\data\raw\RGB1\S16\AC9\RGB1_SUB16ACT9F31.jpg,1,1,0.69588303565979
122,16,9,61,D:\Skripsi\Experiment_TA\data\raw\RGB1\S16\AC9\RGB1_SUB16ACT9F61.jpg,1,1,0.7568534016609192
123,16,9,91,D:\Skripsi\Experiment_TA\data\raw\RGB1\S16\AC9\RGB1_SUB16ACT9F91.jpg,1,1,0.660614013671875
124,18,1,1,D:\Skripsi\Experiment_TA\data\raw\RGB1\S18\AC1\RGB1_SUB18ACT1F1.jpg,0,0,0.21645806729793549
125,18,1,121,D:\Skripsi\Experiment_TA\data\raw\RGB1\S18\AC1\RGB1_SUB18ACT1F121.jpg,0,0,0.22331079840660095
126,18,1,31,D:\Skripsi\Experiment_TA\data\raw\RGB1\S18\AC1\RGB1_SUB18ACT1F31.jpg,0,0,0.15969523787498474
127,18,1,61,D:\Skripsi\Experiment_TA\data\raw\RGB1\S18\AC1\RGB1_SUB18ACT1F61.jpg,0,0,0.15891136229038239
128,18,1,91,D:\Skripsi\Experiment_TA\data\raw\RGB1\S18\AC1\RGB1_SUB18ACT1F91.jpg,0,0,0.12122564762830734
129,18,5,1,D:\Skripsi\Experiment_TA\data\raw\RGB1\S18\AC5\RGB1_SUB18ACT5F1.jpg,1,0,0.4620513617992401
130,18,5,121,D:\Skripsi\Experiment_TA\data\raw\RGB1\S18\AC5\RGB1_SUB18ACT5F121.jpg,1,1,0.9204331040382385
131,18,5,151,D:\Skripsi\Experiment_TA\data\raw\RGB1\S18\AC5\RGB1_SUB18ACT5F151.jpg,1,1,0.8672447800636292
132,18,5,31,D:\Skripsi\Experiment_TA\data\raw\RGB1\S18\AC5\RGB1_SUB18ACT5F31.jpg,1,1,0.9409206509590149
133,18,5,61,D:\Skripsi\Experiment_TA\data\raw\RGB1\S18\AC5\RGB1_SUB18ACT5F61.jpg,1,1,0.8978122472763062
134,18,5,91,D:\Skripsi\Experiment_TA\data\raw\RGB1\S18\AC5\RGB1_SUB18ACT5F91.jpg,1,1,0.776726245880127
135,18,6,1,D:\Skripsi\Experiment_TA\data\raw\RGB1\S18\AC6\RGB1_SUB18ACT6F1.jpg,1,1,0.7712886333465576
136,18,6,121,D:\Skripsi\Experiment_TA\data\raw\RGB1\S18\AC6\RGB1_SUB18ACT6F121.jpg,1,1,0.6854121088981628
137,18,6,151,D:\Skripsi\Experiment_TA\data\raw\RGB1\S18\AC6\RGB1_SUB18ACT6F151.jpg,1,0,0.49975961446762085
138,18,6,31,D:\Skripsi\Experiment_TA\data\raw\RGB1\S18\AC6\RGB1_SUB18ACT6F31.jpg,1,1,0.6763791441917419
139,18,6,61,D:\Skripsi\Experiment_TA\data\raw\RGB1\S18\AC6\RGB1_SUB18ACT6F61.jpg,1,1,0.7636129260063171
140,18,6,91,D:\Skripsi\Experiment_TA\data\raw\RGB1\S18\AC6\RGB1_SUB18ACT6F91.jpg,1,1,0.7140775918960571
141,18,7,1,D:\Skripsi\Experiment_TA\data\raw\RGB1\S18\AC7\RGB1_SUB18ACT7F1.jpg,1,1,0.7823805809020996
142,18,7,121,D:\Skripsi\Experiment_TA\data\raw\RGB1\S18\AC7\RGB1_SUB18ACT7F121.jpg,1,1,0.946507453918457
143,18,7,151,D:\Skripsi\Experiment_TA\data\raw\RGB1\S18\AC7\RGB1_SUB18ACT7F151.jpg,1,1,0.9320387840270996
144,18,7,181,D:\Skripsi\Experiment_TA\data\raw\RGB1\S18\AC7\RGB1_SUB18ACT7F181.jpg,1,1,0.9505064487457275
145,18,7,31,D:\Skripsi\Experiment_TA\data\raw\RGB1\S18\AC7\RGB1_SUB18ACT7F31.jpg,1,1,0.8677253127098083
146,18,7,61,D:\Skripsi\Experiment_TA\data\raw\RGB1\S18\AC7\RGB1_SUB18ACT7F61.jpg,1,1,0.9815974235534668
147,18,7,91,D:\Skripsi\Experiment_TA\data\raw\RGB1\S18\AC7\RGB1_SUB18ACT7F91.jpg,1,1,0.9676726460456848
148,18,8,1,D:\Skripsi\Experiment_TA\data\raw\RGB1\S18\AC8\RGB1_SUB18ACT8F1.jpg,1,1,0.7118442058563232
149,18,8,121,D:\Skripsi\Experiment_TA\data\raw\RGB1\S18\AC8\RGB1_SUB18ACT8F121.jpg,1,1,0.851856529712677
150,18,8,151,D:\Skripsi\Experiment_TA\data\raw\RGB1\S18\AC8\RGB1_SUB18ACT8F151.jpg,1,1,0.900804340839386
151,18,8,181,D:\Skripsi\Experiment_TA\data\raw\RGB1\S18\AC8\RGB1_SUB18ACT8F181.jpg,1,1,0.5914551019668579
152,18,8,211,D:\Skripsi\Experiment_TA\data\raw\RGB1\S18\AC8\RGB1_SUB18ACT8F211.jpg,1,1,0.9134270548820496
153,18,8,31,D:\Skripsi\Experiment_TA\data\raw\RGB1\S18\AC8\RGB1_SUB18ACT8F31.jpg,1,1,0.8696544170379639
154,18,8,61,D:\Skripsi\Experiment_TA\data\raw\RGB1\S18\AC8\RGB1_SUB18ACT8F61.jpg,1,1,0.7825736999511719
155,18,8,91,D:\Skripsi\Experiment_TA\data\raw\RGB1\S18\AC8\RGB1_SUB18ACT8F91.jpg,1,1,0.917518675327301
156,18,9,1,D:\Skripsi\Experiment_TA\data\raw\RGB1\S18\AC9\RGB1_SUB18ACT9F1.jpg,1,1,0.5341195464134216
157,18,9,121,D:\Skripsi\Experiment_TA\data\raw\RGB1\S18\AC9\RGB1_SUB18ACT9F121.jpg,1,1,0.7490819692611694
158,18,9,151,D:\Skripsi\Experiment_TA\data\raw\RGB1\S18\AC9\RGB1_SUB18ACT9F151.jpg,1,1,0.8314438462257385
159,18,9,31,D:\Skripsi\Experiment_TA\data\raw\RGB1\S18\AC9\RGB1_SUB18ACT9F31.jpg,1,1,0.8765292763710022
160,18,9,61,D:\Skripsi\Experiment_TA\data\raw\RGB1\S18\AC9\RGB1_SUB18ACT9F61.jpg,1,1,0.9071460366249084
161,18,9,91,D:\Skripsi\Experiment_TA\data\raw\RGB1\S18\AC9\RGB1_SUB18ACT9F91.jpg,1,1,0.7141450047492981
162,19,1,1,D:\Skripsi\Experiment_TA\data\raw\RGB1\S19\AC1\RGB1_SUB19ACT1F1.jpg,0,0,0.36671212315559387
163,19,1,121,D:\Skripsi\Experiment_TA\data\raw\RGB1\S19\AC1\RGB1_SUB19ACT1F121.jpg,0,0,0.4324190020561218
164,19,1,31,D:\Skripsi\Experiment_TA\data\raw\RGB1\S19\AC1\RGB1_SUB19ACT1F31.jpg,0,0,0.38883116841316223
165,19,1,61,D:\Skripsi\Experiment_TA\data\raw\RGB1\S19\AC1\RGB1_SUB19ACT1F61.jpg,0,0,0.37446823716163635
166,19,1,91,D:\Skripsi\Experiment_TA\data\raw\RGB1\S19\AC1\RGB1_SUB19ACT1F91.jpg,0,0,0.36165347695350647
167,19,5,1,D:\Skripsi\Experiment_TA\data\raw\RGB1\S19\AC5\RGB1_SUB19ACT5F1.jpg,1,1,0.9754466414451599
168,19,5,31,D:\Skripsi\Experiment_TA\data\raw\RGB1\S19\AC5\RGB1_SUB19ACT5F31.jpg,1,1,0.8624332547187805
169,19,5,61,D:\Skripsi\Experiment_TA\data\raw\RGB1\S19\AC5\RGB1_SUB19ACT5F61.jpg,1,1,0.8950928449630737
170,19,5,91,D:\Skripsi\Experiment_TA\data\raw\RGB1\S19\AC5\RGB1_SUB19ACT5F91.jpg,1,1,0.7890903353691101
171,19,6,1,D:\Skripsi\Experiment_TA\data\raw\RGB1\S19\AC6\RGB1_SUB19ACT6F1.jpg,1,1,0.8146567940711975
172,19,6,121,D:\Skripsi\Experiment_TA\data\raw\RGB1\S19\AC6\RGB1_SUB19ACT6F121.jpg,1,1,0.8143661618232727
173,19,6,31,D:\Skripsi\Experiment_TA\data\raw\RGB1\S19\AC6\RGB1_SUB19ACT6F31.jpg,1,1,0.8996760249137878
174,19,6,61,D:\Skripsi\Experiment_TA\data\raw\RGB1\S19\AC6\RGB1_SUB19ACT6F61.jpg,1,1,0.8236122131347656
175,19,6,91,D:\Skripsi\Experiment_TA\data\raw\RGB1\S19\AC6\RGB1_SUB19ACT6F91.jpg,1,1,0.6794692873954773
176,19,7,1,D:\Skripsi\Experiment_TA\data\raw\RGB1\S19\AC7\RGB1_SUB19ACT7F1.jpg,1,1,0.8237461447715759
177,19,7,121,D:\Skripsi\Experiment_TA\data\raw\RGB1\S19\AC7\RGB1_SUB19ACT7F121.jpg,1,1,0.8941643238067627
178,19,7,31,D:\Skripsi\Experiment_TA\data\raw\RGB1\S19\AC7\RGB1_SUB19ACT7F31.jpg,1,1,0.8686544299125671
179,19,7,61,D:\Skripsi\Experiment_TA\data\raw\RGB1\S19\AC7\RGB1_SUB19ACT7F61.jpg,1,1,0.8590210676193237
180,19,7,91,D:\Skripsi\Experiment_TA\data\raw\RGB1\S19\AC7\RGB1_SUB19ACT7F91.jpg,1,1,0.8307761549949646
181,19,8,1,D:\Skripsi\Experiment_TA\data\raw\RGB1\S19\AC8\RGB1_SUB19ACT8F1.jpg,1,1,0.9648227691650391
182,19,8,121,D:\Skripsi\Experiment_TA\data\raw\RGB1\S19\AC8\RGB1_SUB19ACT8F121.jpg,1,1,0.719902753829956
183,19,8,151,D:\Skripsi\Experiment_TA\data\raw\RGB1\S19\AC8\RGB1_SUB19ACT8F151.jpg,1,1,0.800089418888092
184,19,8,31,D:\Skripsi\Experiment_TA\data\raw\RGB1\S19\AC8\RGB1_SUB19ACT8F31.jpg,1,1,0.9180019497871399
185,19,8,61,D:\Skripsi\Experiment_TA\data\raw\RGB1\S19\AC8\RGB1_SUB19ACT8F61.jpg,1,1,0.6303924322128296
186,19,8,91,D:\Skripsi\Experiment_TA\data\raw\RGB1\S19\AC8\RGB1_SUB19ACT8F91.jpg,1,1,0.8564915060997009
187,19,9,1,D:\Skripsi\Experiment_TA\data\raw\RGB1\S19\AC9\RGB1_SUB19ACT9F1.jpg,1,1,0.5844563841819763
188,19,9,31,D:\Skripsi\Experiment_TA\data\raw\RGB1\S19\AC9\RGB1_SUB19ACT9F31.jpg,1,1,0.8835346102714539
189,19,9,61,D:\Skripsi\Experiment_TA\data\raw\RGB1\S19\AC9\RGB1_SUB19ACT9F61.jpg,1,1,0.8672013878822327
190,19,9,91,D:\Skripsi\Experiment_TA\data\raw\RGB1\S19\AC9\RGB1_SUB19ACT9F91.jpg,1,1,0.8492941856384277
191,23,1,1,D:\Skripsi\Experiment_TA\data\raw\RGB1\S23\AC1\RGB1_SUB23ACT1F1.jpg,0,0,0.10428555309772491
192,23,1,121,D:\Skripsi\Experiment_TA\data\raw\RGB1\S23\AC1\RGB1_SUB23ACT1F121.jpg,0,0,0.11398200690746307
193,23,1,31,D:\Skripsi\Experiment_TA\data\raw\RGB1\S23\AC1\RGB1_SUB23ACT1F31.jpg,0,0,0.09513017535209656
194,23,1,61,D:\Skripsi\Experiment_TA\data\raw\RGB1\S23\AC1\RGB1_SUB23ACT1F61.jpg,0,0,0.09451593458652496
195,23,1,91,D:\Skripsi\Experiment_TA\data\raw\RGB1\S23\AC1\RGB1_SUB23ACT1F91.jpg,0,0,0.09101209789514542
196,23,5,1,D:\Skripsi\Experiment_TA\data\raw\RGB1\S23\AC5\RGB1_SUB23ACT5F1.jpg,1,1,0.8934284448623657
197,23,5,121,D:\Skripsi\Experiment_TA\data\raw\RGB1\S23\AC5\RGB1_SUB23ACT5F121.jpg,1,1,0.8414853811264038
198,23,5,31,D:\Skripsi\Experiment_TA\data\raw\RGB1\S23\AC5\RGB1_SUB23ACT5F31.jpg,1,1,0.7718060612678528
199,23,5,61,D:\Skripsi\Experiment_TA\data\raw\RGB1\S23\AC5\RGB1_SUB23ACT5F61.jpg,1,1,0.8419749140739441
200,23,5,91,D:\Skripsi\Experiment_TA\data\raw\RGB1\S23\AC5\RGB1_SUB23ACT5F91.jpg,1,1,0.8868746757507324
201,23,6,1,D:\Skripsi\Experiment_TA\data\raw\RGB1\S23\AC6\RGB1_SUB23ACT6F1.jpg,1,1,0.9886957406997681
202,23,6,121,D:\Skripsi\Experiment_TA\data\raw\RGB1\S23\AC6\RGB1_SUB23ACT6F121.jpg,1,1,0.8407604694366455
203,23,6,31,D:\Skripsi\Experiment_TA\data\raw\RGB1\S23\AC6\RGB1_SUB23ACT6F31.jpg,1,1,0.9207788109779358
204,23,6,61,D:\Skripsi\Experiment_TA\data\raw\RGB1\S23\AC6\RGB1_SUB23ACT6F61.jpg,1,1,0.9807354807853699
205,23,6,91,D:\Skripsi\Experiment_TA\data\raw\RGB1\S23\AC6\RGB1_SUB23ACT6F91.jpg,1,1,0.9570673108100891
206,23,7,1,D:\Skripsi\Experiment_TA\data\raw\RGB1\S23\AC7\RGB1_SUB23ACT7F1.jpg,1,1,0.9498588442802429
207,23,7,121,D:\Skripsi\Experiment_TA\data\raw\RGB1\S23\AC7\RGB1_SUB23ACT7F121.jpg,1,1,0.8762686848640442
208,23,7,31,D:\Skripsi\Experiment_TA\data\raw\RGB1\S23\AC7\RGB1_SUB23ACT7F31.jpg,1,1,0.9949809908866882
209,23,7,61,D:\Skripsi\Experiment_TA\data\raw\RGB1\S23\AC7\RGB1_SUB23ACT7F61.jpg,1,1,0.9954339861869812
210,23,7,91,D:\Skripsi\Experiment_TA\data\raw\RGB1\S23\AC7\RGB1_SUB23ACT7F91.jpg,1,1,0.9853826761245728
211,23,8,1,D:\Skripsi\Experiment_TA\data\raw\RGB1\S23\AC8\RGB1_SUB23ACT8F1.jpg,1,1,0.9773017764091492
212,23,8,121,D:\Skripsi\Experiment_TA\data\raw\RGB1\S23\AC8\RGB1_SUB23ACT8F121.jpg,1,1,0.7075534462928772
213,23,8,31,D:\Skripsi\Experiment_TA\data\raw\RGB1\S23\AC8\RGB1_SUB23ACT8F31.jpg,1,1,0.9324154257774353
214,23,8,61,D:\Skripsi\Experiment_TA\data\raw\RGB1\S23\AC8\RGB1_SUB23ACT8F61.jpg,1,1,0.9199814796447754
215,23,8,91,D:\Skripsi\Experiment_TA\data\raw\RGB1\S23\AC8\RGB1_SUB23ACT8F91.jpg,1,1,0.9304451942443848
216,23,9,1,D:\Skripsi\Experiment_TA\data\raw\RGB1\S23\AC9\RGB1_SUB23ACT9F1.jpg,1,1,0.9213454723358154
217,23,9,121,D:\Skripsi\Experiment_TA\data\raw\RGB1\S23\AC9\RGB1_SUB23ACT9F121.jpg,1,1,0.9458240270614624
218,23,9,31,D:\Skripsi\Experiment_TA\data\raw\RGB1\S23\AC9\RGB1_SUB23ACT9F31.jpg,1,1,0.8975979089736938
219,23,9,61,D:\Skripsi\Experiment_TA\data\raw\RGB1\S23\AC9\RGB1_SUB23ACT9F61.jpg,1,1,0.8553767800331116
220,23,9,91,D:\Skripsi\Experiment_TA\data\raw\RGB1\S23\AC9\RGB1_SUB23ACT9F91.jpg,1,1,0.9190083742141724
221,24,1,1,D:\Skripsi\Experiment_TA\data\raw\RGB1\S24\AC1\RGB1_SUB24ACT1F1.jpg,0,0,0.1883915811777115
222,24,1,31,D:\Skripsi\Experiment_TA\data\raw\RGB1\S24\AC1\RGB1_SUB24ACT1F31.jpg,0,0,0.24544908106327057
223,24,1,61,D:\Skripsi\Experiment_TA\data\raw\RGB1\S24\AC1\RGB1_SUB24ACT1F61.jpg,0,0,0.2852535843849182
224,24,1,91,D:\Skripsi\Experiment_TA\data\raw\RGB1\S24\AC1\RGB1_SUB24ACT1F91.jpg,0,0,0.18830765783786774
225,24,5,1,D:\Skripsi\Experiment_TA\data\raw\RGB1\S24\AC5\RGB1_SUB24ACT5F1.jpg,1,1,0.8718130588531494
226,24,5,31,D:\Skripsi\Experiment_TA\data\raw\RGB1\S24\AC5\RGB1_SUB24ACT5F31.jpg,1,1,0.6710055470466614
227,24,5,61,D:\Skripsi\Experiment_TA\data\raw\RGB1\S24\AC5\RGB1_SUB24ACT5F61.jpg,1,1,0.5757660865783691
228,24,5,91,D:\Skripsi\Experiment_TA\data\raw\RGB1\S24\AC5\RGB1_SUB24ACT5F91.jpg,1,1,0.8768715858459473
229,24,6,1,D:\Skripsi\Experiment_TA\data\raw\RGB1\S24\AC6\RGB1_SUB24ACT6F1.jpg,1,1,0.9607653021812439
230,24,6,31,D:\Skripsi\Experiment_TA\data\raw\RGB1\S24\AC6\RGB1_SUB24ACT6F31.jpg,1,1,0.9634803533554077
231,24,6,61,D:\Skripsi\Experiment_TA\data\raw\RGB1\S24\AC6\RGB1_SUB24ACT6F61.jpg,1,1,0.9519819617271423
232,24,6,91,D:\Skripsi\Experiment_TA\data\raw\RGB1\S24\AC6\RGB1_SUB24ACT6F91.jpg,1,1,0.9259716868400574
233,24,7,1,D:\Skripsi\Experiment_TA\data\raw\RGB1\S24\AC7\RGB1_SUB24ACT7F1.jpg,1,1,0.9534767270088196
234,24,7,121,D:\Skripsi\Experiment_TA\data\raw\RGB1\S24\AC7\RGB1_SUB24ACT7F121.jpg,1,1,0.9707923531532288
235,24,7,151,D:\Skripsi\Experiment_TA\data\raw\RGB1\S24\AC7\RGB1_SUB24ACT7F151.jpg,1,1,0.9850873947143555
236,24,7,31,D:\Skripsi\Experiment_TA\data\raw\RGB1\S24\AC7\RGB1_SUB24ACT7F31.jpg,1,1,0.9873989820480347
237,24,7,61,D:\Skripsi\Experiment_TA\data\raw\RGB1\S24\AC7\RGB1_SUB24ACT7F61.jpg,1,1,0.9942198991775513
238,24,7,91,D:\Skripsi\Experiment_TA\data\raw\RGB1\S24\AC7\RGB1_SUB24ACT7F91.jpg,1,1,0.9901581406593323
239,24,8,1,D:\Skripsi\Experiment_TA\data\raw\RGB1\S24\AC8\RGB1_SUB24ACT8F1.jpg,1,1,0.5530087947845459
240,24,8,121,D:\Skripsi\Experiment_TA\data\raw\RGB1\S24\AC8\RGB1_SUB24ACT8F121.jpg,1,1,0.775018572807312
241,24,8,151,D:\Skripsi\Experiment_TA\data\raw\RGB1\S24\AC8\RGB1_SUB24ACT8F151.jpg,1,1,0.9439020752906799
242,24,8,31,D:\Skripsi\Experiment_TA\data\raw\RGB1\S24\AC8\RGB1_SUB24ACT8F31.jpg,1,0,0.34703943133354187
243,24,8,61,D:\Skripsi\Experiment_TA\data\raw\RGB1\S24\AC8\RGB1_SUB24ACT8F61.jpg,1,1,0.8361165523529053
244,24,8,91,D:\Skripsi\Experiment_TA\data\raw\RGB1\S24\AC8\RGB1_SUB24ACT8F91.jpg,1,1,0.7069057822227478
245,24,9,1,D:\Skripsi\Experiment_TA\data\raw\RGB1\S24\AC9\RGB1_SUB24ACT9F1.jpg,1,1,0.8056967854499817
246,24,9,121,D:\Skripsi\Experiment_TA\data\raw\RGB1\S24\AC9\RGB1_SUB24ACT9F121.jpg,1,1,0.5628156661987305
247,24,9,31,D:\Skripsi\Experiment_TA\data\raw\RGB1\S24\AC9\RGB1_SUB24ACT9F31.jpg,1,1,0.5025585293769836
248,24,9,61,D:\Skripsi\Experiment_TA\data\raw\RGB1\S24\AC9\RGB1_SUB24ACT9F61.jpg,1,1,0.8060560822486877
249,24,9,91,D:\Skripsi\Experiment_TA\data\raw\RGB1\S24\AC9\RGB1_SUB24ACT9F91.jpg,1,1,0.7398470640182495
250,25,1,1,D:\Skripsi\Experiment_TA\data\raw\RGB1\S25\AC1\RGB1_SUB25ACT1F1.jpg,0,0,0.1497875303030014
251,25,1,121,D:\Skripsi\Experiment_TA\data\raw\RGB1\S25\AC1\RGB1_SUB25ACT1F121.jpg,0,1,0.6314834356307983
252,25,1,31,D:\Skripsi\Experiment_TA\data\raw\RGB1\S25\AC1\RGB1_SUB25ACT1F31.jpg,0,0,0.2387140989303589
253,25,1,61,D:\Skripsi\Experiment_TA\data\raw\RGB1\S25\AC1\RGB1_SUB25ACT1F61.jpg,0,0,0.48858004808425903
254,25,1,91,D:\Skripsi\Experiment_TA\data\raw\RGB1\S25\AC1\RGB1_SUB25ACT1F91.jpg,0,0,0.4404721260070801
255,25,5,1,D:\Skripsi\Experiment_TA\data\raw\RGB1\S25\AC5\RGB1_SUB25ACT5F1.jpg,1,1,0.9773432016372681
256,25,5,121,D:\Skripsi\Experiment_TA\data\raw\RGB1\S25\AC5\RGB1_SUB25ACT5F121.jpg,1,1,0.9398943781852722
257,25,5,31,D:\Skripsi\Experiment_TA\data\raw\RGB1\S25\AC5\RGB1_SUB25ACT5F31.jpg,1,1,0.8967514038085938
258,25,5,61,D:\Skripsi\Experiment_TA\data\raw\RGB1\S25\AC5\RGB1_SUB25ACT5F61.jpg,1,1,0.9414164423942566
259,25,5,91,D:\Skripsi\Experiment_TA\data\raw\RGB1\S25\AC5\RGB1_SUB25ACT5F91.jpg,1,1,0.8569802641868591
260,25,6,1,D:\Skripsi\Experiment_TA\data\raw\RGB1\S25\AC6\RGB1_SUB25ACT6F1.jpg,1,1,0.8047003149986267
261,25,6,31,D:\Skripsi\Experiment_TA\data\raw\RGB1\S25\AC6\RGB1_SUB25ACT6F31.jpg,1,1,0.7623075246810913
262,25,6,61,D:\Skripsi\Experiment_TA\data\raw\RGB1\S25\AC6\RGB1_SUB25ACT6F61.jpg,1,1,0.7168562412261963
263,25,6,91,D:\Skripsi\Experiment_TA\data\raw\RGB1\S25\AC6\RGB1_SUB25ACT6F91.jpg,1,1,0.7915500998497009
264,25,7,1,D:\Skripsi\Experiment_TA\data\raw\RGB1\S25\AC7\RGB1_SUB25ACT7F1.jpg,1,1,0.765604555606842
265,25,7,31,D:\Skripsi\Experiment_TA\data\raw\RGB1\S25\AC7\RGB1_SUB25ACT7F31.jpg,1,1,0.9234176874160767
266,25,7,61,D:\Skripsi\Experiment_TA\data\raw\RGB1\S25\AC7\RGB1_SUB25ACT7F61.jpg,1,1,0.7597213387489319
267,25,8,1,D:\Skripsi\Experiment_TA\data\raw\RGB1\S25\AC8\RGB1_SUB25ACT8F1.jpg,1,1,0.8601630926132202
268,25,8,31,D:\Skripsi\Experiment_TA\data\raw\RGB1\S25\AC8\RGB1_SUB25ACT8F31.jpg,1,1,0.8013729453086853
269,25,8,61,D:\Skripsi\Experiment_TA\data\raw\RGB1\S25\AC8\RGB1_SUB25ACT8F61.jpg,1,1,0.9443657994270325
270,25,8,91,D:\Skripsi\Experiment_TA\data\raw\RGB1\S25\AC8\RGB1_SUB25ACT8F91.jpg,1,1,0.9250560402870178
271,25,9,1,D:\Skripsi\Experiment_TA\data\raw\RGB1\S25\AC9\RGB1_SUB25ACT9F1.jpg,1,1,0.8476665019989014
272,25,9,31,D:\Skripsi\Experiment_TA\data\raw\RGB1\S25\AC9\RGB1_SUB25ACT9F31.jpg,1,1,0.8128117322921753
273,25,9,61,D:\Skripsi\Experiment_TA\data\raw\RGB1\S25\AC9\RGB1_SUB25ACT9F61.jpg,1,1,0.6005268096923828
274,26,1,1,D:\Skripsi\Experiment_TA\data\raw\RGB1\S26\AC1\RGB1_SUB26ACT1F1.jpg,0,0,0.1681227833032608
275,26,1,31,D:\Skripsi\Experiment_TA\data\raw\RGB1\S26\AC1\RGB1_SUB26ACT1F31.jpg,0,0,0.22489123046398163
276,26,1,61,D:\Skripsi\Experiment_TA\data\raw\RGB1\S26\AC1\RGB1_SUB26ACT1F61.jpg,0,0,0.2222634106874466
277,26,1,91,D:\Skripsi\Experiment_TA\data\raw\RGB1\S26\AC1\RGB1_SUB26ACT1F91.jpg,0,0,0.1929921954870224
278,26,5,1,D:\Skripsi\Experiment_TA\data\raw\RGB1\S26\AC5\RGB1_SUB26ACT5F1.jpg,1,1,0.8301504254341125
279,26,5,31,D:\Skripsi\Experiment_TA\data\raw\RGB1\S26\AC5\RGB1_SUB26ACT5F31.jpg,1,1,0.8671000003814697
280,26,5,61,D:\Skripsi\Experiment_TA\data\raw\RGB1\S26\AC5\RGB1_SUB26ACT5F61.jpg,1,1,0.7025570273399353
281,26,6,1,D:\Skripsi\Experiment_TA\data\raw\RGB1\S26\AC6\RGB1_SUB26ACT6F1.jpg,1,1,0.8961803317070007
282,26,6,31,D:\Skripsi\Experiment_TA\data\raw\RGB1\S26\AC6\RGB1_SUB26ACT6F31.jpg,1,1,0.850490152835846
283,26,6,61,D:\Skripsi\Experiment_TA\data\raw\RGB1\S26\AC6\RGB1_SUB26ACT6F61.jpg,1,1,0.9284418821334839
284,26,6,91,D:\Skripsi\Experiment_TA\data\raw\RGB1\S26\AC6\RGB1_SUB26ACT6F91.jpg,1,1,0.7931309938430786
285,26,7,1,D:\Skripsi\Experiment_TA\data\raw\RGB1\S26\AC7\RGB1_SUB26ACT7F1.jpg,1,1,0.8968886733055115
286,26,7,121,D:\Skripsi\Experiment_TA\data\raw\RGB1\S26\AC7\RGB1_SUB26ACT7F121.jpg,1,1,0.9000991582870483
287,26,7,151,D:\Skripsi\Experiment_TA\data\raw\RGB1\S26\AC7\RGB1_SUB26ACT7F151.jpg,1,1,0.9677795767784119
288,26,7,31,D:\Skripsi\Experiment_TA\data\raw\RGB1\S26\AC7\RGB1_SUB26ACT7F31.jpg,1,1,0.9636837840080261
289,26,7,61,D:\Skripsi\Experiment_TA\data\raw\RGB1\S26\AC7\RGB1_SUB26ACT7F61.jpg,1,1,0.9441559910774231
290,26,7,91,D:\Skripsi\Experiment_TA\data\raw\RGB1\S26\AC7\RGB1_SUB26ACT7F91.jpg,1,1,0.9469913840293884
291,26,8,1,D:\Skripsi\Experiment_TA\data\raw\RGB1\S26\AC8\RGB1_SUB26ACT8F1.jpg,1,1,0.574514627456665
292,26,8,31,D:\Skripsi\Experiment_TA\data\raw\RGB1\S26\AC8\RGB1_SUB26ACT8F31.jpg,1,1,0.7979030013084412
293,26,8,61,D:\Skripsi\Experiment_TA\data\raw\RGB1\S26\AC8\RGB1_SUB26ACT8F61.jpg,1,1,0.7143293619155884
294,26,8,91,D:\Skripsi\Experiment_TA\data\raw\RGB1\S26\AC8\RGB1_SUB26ACT8F91.jpg,1,1,0.6268967986106873
295,26,9,1,D:\Skripsi\Experiment_TA\data\raw\RGB1\S26\AC9\RGB1_SUB26ACT9F1.jpg,1,1,0.8876612186431885
296,26,9,121,D:\Skripsi\Experiment_TA\data\raw\RGB1\S26\AC9\RGB1_SUB26ACT9F121.jpg,1,1,0.9089293479919434
297,26,9,31,D:\Skripsi\Experiment_TA\data\raw\RGB1\S26\AC9\RGB1_SUB26ACT9F31.jpg,1,0,0.3924106955528259
298,26,9,61,D:\Skripsi\Experiment_TA\data\raw\RGB1\S26\AC9\RGB1_SUB26ACT9F61.jpg,1,1,0.868297278881073
299,26,9,91,D:\Skripsi\Experiment_TA\data\raw\RGB1\S26\AC9\RGB1_SUB26ACT9F91.jpg,1,1,0.8969985842704773
300,28,1,1,D:\Skripsi\Experiment_TA\data\raw\RGB1\S28\AC1\RGB1_SUB28ACT1F1.jpg,0,0,0.2601882815361023
301,28,1,121,D:\Skripsi\Experiment_TA\data\raw\RGB1\S28\AC1\RGB1_SUB28ACT1F121.jpg,0,0,0.32317179441452026
302,28,1,31,D:\Skripsi\Experiment_TA\data\raw\RGB1\S28\AC1\RGB1_SUB28ACT1F31.jpg,0,0,0.27544930577278137
303,28,1,61,D:\Skripsi\Experiment_TA\data\raw\RGB1\S28\AC1\RGB1_SUB28ACT1F61.jpg,0,0,0.27977028489112854
304,28,1,91,D:\Skripsi\Experiment_TA\data\raw\RGB1\S28\AC1\RGB1_SUB28ACT1F91.jpg,0,0,0.31324365735054016
305,28,5,1,D:\Skripsi\Experiment_TA\data\raw\RGB1\S28\AC5\RGB1_SUB28ACT5F1.jpg,1,1,0.5619651675224304
306,28,5,121,D:\Skripsi\Experiment_TA\data\raw\RGB1\S28\AC5\RGB1_SUB28ACT5F121.jpg,1,0,0.3738773465156555
307,28,5,151,D:\Skripsi\Experiment_TA\data\raw\RGB1\S28\AC5\RGB1_SUB28ACT5F151.jpg,1,1,0.6024792790412903
308,28,5,31,D:\Skripsi\Experiment_TA\data\raw\RGB1\S28\AC5\RGB1_SUB28ACT5F31.jpg,1,1,0.5192875862121582
309,28,5,61,D:\Skripsi\Experiment_TA\data\raw\RGB1\S28\AC5\RGB1_SUB28ACT5F61.jpg,1,0,0.4342256784439087
310,28,5,91,D:\Skripsi\Experiment_TA\data\raw\RGB1\S28\AC5\RGB1_SUB28ACT5F91.jpg,1,1,0.6341907382011414
311,28,6,1,D:\Skripsi\Experiment_TA\data\raw\RGB1\S28\AC6\RGB1_SUB28ACT6F1.jpg,1,1,0.7547996044158936
312,28,6,31,D:\Skripsi\Experiment_TA\data\raw\RGB1\S28\AC6\RGB1_SUB28ACT6F31.jpg,1,1,0.651708722114563
313,28,6,61,D:\Skripsi\Experiment_TA\data\raw\RGB1\S28\AC6\RGB1_SUB28ACT6F61.jpg,1,1,0.5616415143013
314,28,6,91,D:\Skripsi\Experiment_TA\data\raw\RGB1\S28\AC6\RGB1_SUB28ACT6F91.jpg,1,1,0.512555718421936
315,28,7,1,D:\Skripsi\Experiment_TA\data\raw\RGB1\S28\AC7\RGB1_SUB28ACT7F1.jpg,1,1,0.7653850317001343
316,28,7,121,D:\Skripsi\Experiment_TA\data\raw\RGB1\S28\AC7\RGB1_SUB28ACT7F121.jpg,1,1,0.9023751020431519
317,28,7,151,D:\Skripsi\Experiment_TA\data\raw\RGB1\S28\AC7\RGB1_SUB28ACT7F151.jpg,1,1,0.8886045217514038
318,28,7,31,D:\Skripsi\Experiment_TA\data\raw\RGB1\S28\AC7\RGB1_SUB28ACT7F31.jpg,1,1,0.827345609664917
319,28,7,61,D:\Skripsi\Experiment_TA\data\raw\RGB1\S28\AC7\RGB1_SUB28ACT7F61.jpg,1,1,0.9406908750534058
320,28,7,91,D:\Skripsi\Experiment_TA\data\raw\RGB1\S28\AC7\RGB1_SUB28ACT7F91.jpg,1,1,0.8370344042778015
321,28,8,1,D:\Skripsi\Experiment_TA\data\raw\RGB1\S28\AC8\RGB1_SUB28ACT8F1.jpg,1,1,0.6900439262390137
322,28,8,31,D:\Skripsi\Experiment_TA\data\raw\RGB1\S28\AC8\RGB1_SUB28ACT8F31.jpg,1,1,0.5568641424179077
323,28,8,61,D:\Skripsi\Experiment_TA\data\raw\RGB1\S28\AC8\RGB1_SUB28ACT8F61.jpg,1,1,0.7679631114006042
324,28,8,91,D:\Skripsi\Experiment_TA\data\raw\RGB1\S28\AC8\RGB1_SUB28ACT8F91.jpg,1,1,0.9040350317955017
325,28,9,1,D:\Skripsi\Experiment_TA\data\raw\RGB1\S28\AC9\RGB1_SUB28ACT9F1.jpg,1,1,0.5699604153633118
326,28,9,121,D:\Skripsi\Experiment_TA\data\raw\RGB1\S28\AC9\RGB1_SUB28ACT9F121.jpg,1,1,0.8134250044822693
327,28,9,151,D:\Skripsi\Experiment_TA\data\raw\RGB1\S28\AC9\RGB1_SUB28ACT9F151.jpg,1,1,0.7579485774040222
328,28,9,31,D:\Skripsi\Experiment_TA\data\raw\RGB1\S28\AC9\RGB1_SUB28ACT9F31.jpg,1,1,0.5265748500823975
329,28,9,61,D:\Skripsi\Experiment_TA\data\raw\RGB1\S28\AC9\RGB1_SUB28ACT9F61.jpg,1,1,0.8598240613937378
330,28,9,91,D:\Skripsi\Experiment_TA\data\raw\RGB1\S28\AC9\RGB1_SUB28ACT9F91.jpg,1,1,0.6861492991447449
331,29,1,1,D:\Skripsi\Experiment_TA\data\raw\RGB1\S29\AC1\RGB1_SUB29ACT1F1.jpg,0,0,0.48332518339157104
332,29,1,121,D:\Skripsi\Experiment_TA\data\raw\RGB1\S29\AC1\RGB1_SUB29ACT1F121.jpg,0,0,0.4908960163593292
333,29,1,31,D:\Skripsi\Experiment_TA\data\raw\RGB1\S29\AC1\RGB1_SUB29ACT1F31.jpg,0,0,0.2876819670200348
334,29,1,61,D:\Skripsi\Experiment_TA\data\raw\RGB1\S29\AC1\RGB1_SUB29ACT1F61.jpg,0,0,0.45295196771621704
335,29,1,91,D:\Skripsi\Experiment_TA\data\raw\RGB1\S29\AC1\RGB1_SUB29ACT1F91.jpg,0,1,0.6270080804824829
336,29,5,1,D:\Skripsi\Experiment_TA\data\raw\RGB1\S29\AC5\RGB1_SUB29ACT5F1.jpg,1,1,0.7930792570114136
337,29,5,121,D:\Skripsi\Experiment_TA\data\raw\RGB1\S29\AC5\RGB1_SUB29ACT5F121.jpg,1,1,0.7876626253128052
338,29,5,31,D:\Skripsi\Experiment_TA\data\raw\RGB1\S29\AC5\RGB1_SUB29ACT5F31.jpg,1,1,0.9408392906188965
339,29,5,61,D:\Skripsi\Experiment_TA\data\raw\RGB1\S29\AC5\RGB1_SUB29ACT5F61.jpg,1,1,0.9496439695358276
340,29,5,91,D:\Skripsi\Experiment_TA\data\raw\RGB1\S29\AC5\RGB1_SUB29ACT5F91.jpg,1,1,0.693250834941864
341,29,6,1,D:\Skripsi\Experiment_TA\data\raw\RGB1\S29\AC6\RGB1_SUB29ACT6F1.jpg,1,1,0.9096420407295227
342,29,6,31,D:\Skripsi\Experiment_TA\data\raw\RGB1\S29\AC6\RGB1_SUB29ACT6F31.jpg,1,1,0.8542858958244324
343,29,6,61,D:\Skripsi\Experiment_TA\data\raw\RGB1\S29\AC6\RGB1_SUB29ACT6F61.jpg,1,1,0.9664625525474548
344,29,6,91,D:\Skripsi\Experiment_TA\data\raw\RGB1\S29\AC6\RGB1_SUB29ACT6F91.jpg,1,1,0.8785980343818665
345,29,7,1,D:\Skripsi\Experiment_TA\data\raw\RGB1\S29\AC7\RGB1_SUB29ACT7F1.jpg,1,1,0.9831029176712036
346,29,7,121,D:\Skripsi\Experiment_TA\data\raw\RGB1\S29\AC7\RGB1_SUB29ACT7F121.jpg,1,1,0.9746150374412537
347,29,7,31,D:\Skripsi\Experiment_TA\data\raw\RGB1\S29\AC7\RGB1_SUB29ACT7F31.jpg,1,1,0.9708201885223389
348,29,7,61,D:\Skripsi\Experiment_TA\data\raw\RGB1\S29\AC7\RGB1_SUB29ACT7F61.jpg,1,1,0.9466708898544312
349,29,7,91,D:\Skripsi\Experiment_TA\data\raw\RGB1\S29\AC7\RGB1_SUB29ACT7F91.jpg,1,1,0.9861533641815186
350,29,8,1,D:\Skripsi\Experiment_TA\data\raw\RGB1\S29\AC8\RGB1_SUB29ACT8F1.jpg,1,1,0.9187987446784973
351,29,8,121,D:\Skripsi\Experiment_TA\data\raw\RGB1\S29\AC8\RGB1_SUB29ACT8F121.jpg,1,1,0.9482916593551636
352,29,8,151,D:\Skripsi\Experiment_TA\data\raw\RGB1\S29\AC8\RGB1_SUB29ACT8F151.jpg,1,1,0.9708924889564514
353,29,8,31,D:\Skripsi\Experiment_TA\data\raw\RGB1\S29\AC8\RGB1_SUB29ACT8F31.jpg,1,1,0.8381620049476624
354,29,8,61,D:\Skripsi\Experiment_TA\data\raw\RGB1\S29\AC8\RGB1_SUB29ACT8F61.jpg,1,1,0.779491662979126
355,29,8,91,D:\Skripsi\Experiment_TA\data\raw\RGB1\S29\AC8\RGB1_SUB29ACT8F91.jpg,1,1,0.9672543406486511
356,29,9,1,D:\Skripsi\Experiment_TA\data\raw\RGB1\S29\AC9\RGB1_SUB29ACT9F1.jpg,1,1,0.9452768564224243
357,29,9,121,D:\Skripsi\Experiment_TA\data\raw\RGB1\S29\AC9\RGB1_SUB29ACT9F121.jpg,1,1,0.9655488133430481
358,29,9,151,D:\Skripsi\Experiment_TA\data\raw\RGB1\S29\AC9\RGB1_SUB29ACT9F151.jpg,1,1,0.6998624801635742
359,29,9,31,D:\Skripsi\Experiment_TA\data\raw\RGB1\S29\AC9\RGB1_SUB29ACT9F31.jpg,1,1,0.7294658422470093
360,29,9,61,D:\Skripsi\Experiment_TA\data\raw\RGB1\S29\AC9\RGB1_SUB29ACT9F61.jpg,1,1,0.7603036165237427
361,29,9,91,D:\Skripsi\Experiment_TA\data\raw\RGB1\S29\AC9\RGB1_SUB29ACT9F91.jpg,1,1,0.9165478348731995
362,30,1,1,D:\Skripsi\Experiment_TA\data\raw\RGB1\S30\AC1\RGB1_SUB30ACT1F1.jpg,0,0,0.3965066969394684
363,30,1,31,D:\Skripsi\Experiment_TA\data\raw\RGB1\S30\AC1\RGB1_SUB30ACT1F31.jpg,0,0,0.47858598828315735
364,30,1,61,D:\Skripsi\Experiment_TA\data\raw\RGB1\S30\AC1\RGB1_SUB30ACT1F61.jpg,0,0,0.3865138292312622
365,30,1,91,D:\Skripsi\Experiment_TA\data\raw\RGB1\S30\AC1\RGB1_SUB30ACT1F91.jpg,0,1,0.581596851348877
366,30,5,1,D:\Skripsi\Experiment_TA\data\raw\RGB1\S30\AC5\RGB1_SUB30ACT5F1.jpg,1,1,0.5261284708976746
367,30,5,31,D:\Skripsi\Experiment_TA\data\raw\RGB1\S30\AC5\RGB1_SUB30ACT5F31.jpg,1,0,0.4312313497066498
368,30,5,61,D:\Skripsi\Experiment_TA\data\raw\RGB1\S30\AC5\RGB1_SUB30ACT5F61.jpg,1,1,0.6111584305763245
369,30,5,91,D:\Skripsi\Experiment_TA\data\raw\RGB1\S30\AC5\RGB1_SUB30ACT5F91.jpg,1,1,0.6477475762367249
370,30,6,1,D:\Skripsi\Experiment_TA\data\raw\RGB1\S30\AC6\RGB1_SUB30ACT6F1.jpg,1,0,0.4847322702407837
371,30,6,121,D:\Skripsi\Experiment_TA\data\raw\RGB1\S30\AC6\RGB1_SUB30ACT6F121.jpg,1,0,0.3622785210609436
372,30,6,31,D:\Skripsi\Experiment_TA\data\raw\RGB1\S30\AC6\RGB1_SUB30ACT6F31.jpg,1,0,0.4436846375465393
373,30,6,61,D:\Skripsi\Experiment_TA\data\raw\RGB1\S30\AC6\RGB1_SUB30ACT6F61.jpg,1,0,0.3876321017742157
374,30,6,91,D:\Skripsi\Experiment_TA\data\raw\RGB1\S30\AC6\RGB1_SUB30ACT6F91.jpg,1,1,0.5029073357582092
375,30,7,1,D:\Skripsi\Experiment_TA\data\raw\RGB1\S30\AC7\RGB1_SUB30ACT7F1.jpg,1,1,0.7656528353691101
376,30,7,121,D:\Skripsi\Experiment_TA\data\raw\RGB1\S30\AC7\RGB1_SUB30ACT7F121.jpg,1,1,0.9381052851676941
377,30,7,151,D:\Skripsi\Experiment_TA\data\raw\RGB1\S30\AC7\RGB1_SUB30ACT7F151.jpg,1,1,0.9585877656936646
378,30,7,31,D:\Skripsi\Experiment_TA\data\raw\RGB1\S30\AC7\RGB1_SUB30ACT7F31.jpg,1,1,0.9045640826225281
379,30,7,61,D:\Skripsi\Experiment_TA\data\raw\RGB1\S30\AC7\RGB1_SUB30ACT7F61.jpg,1,1,0.9652214050292969
380,30,7,91,D:\Skripsi\Experiment_TA\data\raw\RGB1\S30\AC7\RGB1_SUB30ACT7F91.jpg,1,1,0.9225961565971375
381,30,8,1,D:\Skripsi\Experiment_TA\data\raw\RGB1\S30\AC8\RGB1_SUB30ACT8F1.jpg,1,1,0.5877171754837036
382,30,8,121,D:\Skripsi\Experiment_TA\data\raw\RGB1\S30\AC8\RGB1_SUB30ACT8F121.jpg,1,1,0.9591378569602966
383,30,8,31,D:\Skripsi\Experiment_TA\data\raw\RGB1\S30\AC8\RGB1_SUB30ACT8F31.jpg,1,1,0.6315478086471558
384,30,8,61,D:\Skripsi\Experiment_TA\data\raw\RGB1\S30\AC8\RGB1_SUB30ACT8F61.jpg,1,1,0.6529701352119446
385,30,8,91,D:\Skripsi\Experiment_TA\data\raw\RGB1\S30\AC8\RGB1_SUB30ACT8F91.jpg,1,1,0.7512692213058472
386,30,9,1,D:\Skripsi\Experiment_TA\data\raw\RGB1\S30\AC9\RGB1_SUB30ACT9F1.jpg,1,1,0.5803770422935486
387,30,9,121,D:\Skripsi\Experiment_TA\data\raw\RGB1\S30\AC9\RGB1_SUB30ACT9F121.jpg,1,1,0.9210374355316162
388,30,9,31,D:\Skripsi\Experiment_TA\data\raw\RGB1\S30\AC9\RGB1_SUB30ACT9F31.jpg,1,1,0.9597734212875366
389,30,9,61,D:\Skripsi\Experiment_TA\data\raw\RGB1\S30\AC9\RGB1_SUB30ACT9F61.jpg,1,1,0.607612133026123
390,30,9,91,D:\Skripsi\Experiment_TA\data\raw\RGB1\S30\AC9\RGB1_SUB30ACT9F91.jpg,1,1,0.5057119131088257
391,31,1,1,D:\Skripsi\Experiment_TA\data\raw\RGB1\S31\AC1\RGB1_SUB31ACT1F1.jpg,0,0,0.2225307673215866
392,31,1,31,D:\Skripsi\Experiment_TA\data\raw\RGB1\S31\AC1\RGB1_SUB31ACT1F31.jpg,0,0,0.42798420786857605
393,31,1,61,D:\Skripsi\Experiment_TA\data\raw\RGB1\S31\AC1\RGB1_SUB31ACT1F61.jpg,0,0,0.3747106194496155
394,31,1,91,D:\Skripsi\Experiment_TA\data\raw\RGB1\S31\AC1\RGB1_SUB31ACT1F91.jpg,0,0,0.3134446144104004
395,31,9,1,D:\Skripsi\Experiment_TA\data\raw\RGB1\S31\AC10\RGB1_SUB31ACT10F1.jpg,1,1,0.5523308515548706
396,31,9,121,D:\Skripsi\Experiment_TA\data\raw\RGB1\S31\AC10\RGB1_SUB31ACT10F121.jpg,1,0,0.4305991232395172
397,31,9,31,D:\Skripsi\Experiment_TA\data\raw\RGB1\S31\AC10\RGB1_SUB31ACT10F31.jpg,1,1,0.5790284276008606
398,31,9,61,D:\Skripsi\Experiment_TA\data\raw\RGB1\S31\AC10\RGB1_SUB31ACT10F61.jpg,1,1,0.6006751656532288
399,31,9,91,D:\Skripsi\Experiment_TA\data\raw\RGB1\S31\AC10\RGB1_SUB31ACT10F91.jpg,1,0,0.22872039675712585
400,31,5,1,D:\Skripsi\Experiment_TA\data\raw\RGB1\S31\AC5\RGB1_SUB31ACT5F1.jpg,1,1,0.8776212930679321
401,31,5,31,D:\Skripsi\Experiment_TA\data\raw\RGB1\S31\AC5\RGB1_SUB31ACT5F31.jpg,1,1,0.8494279384613037
402,31,5,61,D:\Skripsi\Experiment_TA\data\raw\RGB1\S31\AC5\RGB1_SUB31ACT5F61.jpg,1,1,0.8393288254737854
403,31,5,91,D:\Skripsi\Experiment_TA\data\raw\RGB1\S31\AC5\RGB1_SUB31ACT5F91.jpg,1,1,0.9658102989196777
404,31,6,1,D:\Skripsi\Experiment_TA\data\raw\RGB1\S31\AC6\RGB1_SUB31ACT6F1.jpg,1,0,0.45905157923698425
405,31,6,31,D:\Skripsi\Experiment_TA\data\raw\RGB1\S31\AC6\RGB1_SUB31ACT6F31.jpg,1,1,0.541024386882782
406,31,6,61,D:\Skripsi\Experiment_TA\data\raw\RGB1\S31\AC6\RGB1_SUB31ACT6F61.jpg,1,1,0.8539762496948242
407,31,7,1,D:\Skripsi\Experiment_TA\data\raw\RGB1\S31\AC7\RGB1_SUB31ACT7F1.jpg,1,0,0.41956406831741333
408,31,7,31,D:\Skripsi\Experiment_TA\data\raw\RGB1\S31\AC7\RGB1_SUB31ACT7F31.jpg,1,1,0.9811031818389893
409,31,7,61,D:\Skripsi\Experiment_TA\data\raw\RGB1\S31\AC7\RGB1_SUB31ACT7F61.jpg,1,1,0.783804178237915
410,31,7,91,D:\Skripsi\Experiment_TA\data\raw\RGB1\S31\AC7\RGB1_SUB31ACT7F91.jpg,1,1,0.9529585242271423
411,31,8,1,D:\Skripsi\Experiment_TA\data\raw\RGB1\S31\AC8\RGB1_SUB31ACT8F1.jpg,1,1,0.9553257822990417
412,31,8,121,D:\Skripsi\Experiment_TA\data\raw\RGB1\S31\AC8\RGB1_SUB31ACT8F121.jpg,1,1,0.9074733257293701
413,31,8,31,D:\Skripsi\Experiment_TA\data\raw\RGB1\S31\AC8\RGB1_SUB31ACT8F31.jpg,1,1,0.8231369853019714
414,31,8,61,D:\Skripsi\Experiment_TA\data\raw\RGB1\S31\AC8\RGB1_SUB31ACT8F61.jpg,1,1,0.806225597858429
415,31,8,91,D:\Skripsi\Experiment_TA\data\raw\RGB1\S31\AC8\RGB1_SUB31ACT8F91.jpg,1,1,0.7833608388900757
416,32,1,1,D:\Skripsi\Experiment_TA\data\raw\RGB1\S32\AC1\RGB1_SUB32ACT1F1.jpg,0,1,0.5643706917762756
417,32,1,31,D:\Skripsi\Experiment_TA\data\raw\RGB1\S32\AC1\RGB1_SUB32ACT1F31.jpg,0,0,0.48111823201179504
418,32,1,61,D:\Skripsi\Experiment_TA\data\raw\RGB1\S32\AC1\RGB1_SUB32ACT1F61.jpg,0,0,0.45800626277923584
419,32,1,91,D:\Skripsi\Experiment_TA\data\raw\RGB1\S32\AC1\RGB1_SUB32ACT1F91.jpg,0,0,0.4530874788761139
420,32,5,1,D:\Skripsi\Experiment_TA\data\raw\RGB1\S32\AC5\RGB1_SUB32ACT5F1.jpg,1,1,0.7418880462646484
421,32,5,31,D:\Skripsi\Experiment_TA\data\raw\RGB1\S32\AC5\RGB1_SUB32ACT5F31.jpg,1,1,0.6674739122390747
422,32,5,61,D:\Skripsi\Experiment_TA\data\raw\RGB1\S32\AC5\RGB1_SUB32ACT5F61.jpg,1,1,0.8025303483009338
423,32,5,91,D:\Skripsi\Experiment_TA\data\raw\RGB1\S32\AC5\RGB1_SUB32ACT5F91.jpg,1,1,0.6222162842750549
424,32,6,1,D:\Skripsi\Experiment_TA\data\raw\RGB1\S32\AC6\RGB1_SUB32ACT6F1.jpg,1,1,0.6116360425949097
425,32,6,31,D:\Skripsi\Experiment_TA\data\raw\RGB1\S32\AC6\RGB1_SUB32ACT6F31.jpg,1,1,0.691133975982666
426,32,6,61,D:\Skripsi\Experiment_TA\data\raw\RGB1\S32\AC6\RGB1_SUB32ACT6F61.jpg,1,1,0.5690875053405762
427,32,6,91,D:\Skripsi\Experiment_TA\data\raw\RGB1\S32\AC6\RGB1_SUB32ACT6F91.jpg,1,1,0.6897289752960205
428,32,7,1,D:\Skripsi\Experiment_TA\data\raw\RGB1\S32\AC7\RGB1_SUB32ACT7F1.jpg,1,1,0.8232715129852295
429,32,7,31,D:\Skripsi\Experiment_TA\data\raw\RGB1\S32\AC7\RGB1_SUB32ACT7F31.jpg,1,1,0.8497723937034607
430,32,7,61,D:\Skripsi\Experiment_TA\data\raw\RGB1\S32\AC7\RGB1_SUB32ACT7F61.jpg,1,1,0.9236422777175903
431,32,7,91,D:\Skripsi\Experiment_TA\data\raw\RGB1\S32\AC7\RGB1_SUB32ACT7F91.jpg,1,1,0.822592556476593
432,32,8,1,D:\Skripsi\Experiment_TA\data\raw\RGB1\S32\AC8\RGB1_SUB32ACT8F1.jpg,1,1,0.7294376492500305
433,32,8,31,D:\Skripsi\Experiment_TA\data\raw\RGB1\S32\AC8\RGB1_SUB32ACT8F31.jpg,1,1,0.7477046251296997
434,32,8,61,D:\Skripsi\Experiment_TA\data\raw\RGB1\S32\AC8\RGB1_SUB32ACT8F61.jpg,1,1,0.7801578044891357
435,32,9,1,D:\Skripsi\Experiment_TA\data\raw\RGB1\S32\AC9\RGB1_SUB32ACT9F1.jpg,1,1,0.9244861602783203
436,32,9,31,D:\Skripsi\Experiment_TA\data\raw\RGB1\S32\AC9\RGB1_SUB32ACT9F31.jpg,1,1,0.8810125589370728
437,32,9,61,D:\Skripsi\Experiment_TA\data\raw\RGB1\S32\AC9\RGB1_SUB32ACT9F61.jpg,1,1,0.9103003740310669
438,33,1,1,D:\Skripsi\Experiment_TA\data\raw\RGB1\S33\AC1\RGB1_SUB33ACT1F1.jpg,0,0,0.27215316891670227
439,33,1,31,D:\Skripsi\Experiment_TA\data\raw\RGB1\S33\AC1\RGB1_SUB33ACT1F31.jpg,0,0,0.36832955479621887
440,33,1,61,D:\Skripsi\Experiment_TA\data\raw\RGB1\S33\AC1\RGB1_SUB33ACT1F61.jpg,0,0,0.376061350107193
441,33,5,1,D:\Skripsi\Experiment_TA\data\raw\RGB1\S33\AC5\RGB1_SUB33ACT5F1.jpg,1,1,0.9184519052505493
442,33,5,31,D:\Skripsi\Experiment_TA\data\raw\RGB1\S33\AC5\RGB1_SUB33ACT5F31.jpg,1,1,0.8856307864189148
443,33,5,61,D:\Skripsi\Experiment_TA\data\raw\RGB1\S33\AC5\RGB1_SUB33ACT5F61.jpg,1,1,0.9363230466842651
444,33,6,1,D:\Skripsi\Experiment_TA\data\raw\RGB1\S33\AC6\RGB1_SUB33ACT6F1.jpg,1,1,0.8255654573440552
445,33,6,31,D:\Skripsi\Experiment_TA\data\raw\RGB1\S33\AC6\RGB1_SUB33ACT6F31.jpg,1,1,0.8183860778808594
446,33,6,61,D:\Skripsi\Experiment_TA\data\raw\RGB1\S33\AC6\RGB1_SUB33ACT6F61.jpg,1,1,0.8593063354492188
447,33,7,1,D:\Skripsi\Experiment_TA\data\raw\RGB1\S33\AC7\RGB1_SUB33ACT7F1.jpg,1,1,0.941604733467102
448,33,7,31,D:\Skripsi\Experiment_TA\data\raw\RGB1\S33\AC7\RGB1_SUB33ACT7F31.jpg,1,1,0.9762252569198608
449,33,7,61,D:\Skripsi\Experiment_TA\data\raw\RGB1\S33\AC7\RGB1_SUB33ACT7F61.jpg,1,1,0.9268999099731445
450,33,7,91,D:\Skripsi\Experiment_TA\data\raw\RGB1\S33\AC7\RGB1_SUB33ACT7F91.jpg,1,1,0.9521994590759277
451,33,8,1,D:\Skripsi\Experiment_TA\data\raw\RGB1\S33\AC8\RGB1_SUB33ACT8F1.jpg,1,0,0.2724243998527527
452,33,8,31,D:\Skripsi\Experiment_TA\data\raw\RGB1\S33\AC8\RGB1_SUB33ACT8F31.jpg,1,0,0.44081029295921326
453,33,8,61,D:\Skripsi\Experiment_TA\data\raw\RGB1\S33\AC8\RGB1_SUB33ACT8F61.jpg,1,1,0.5756111741065979
454,33,8,91,D:\Skripsi\Experiment_TA\data\raw\RGB1\S33\AC8\RGB1_SUB33ACT8F91.jpg,1,1,0.6603410840034485
455,33,9,1,D:\Skripsi\Experiment_TA\data\raw\RGB1\S33\AC9\RGB1_SUB33ACT9F1.jpg,1,0,0.22662903368473053
456,33,9,31,D:\Skripsi\Experiment_TA\data\raw\RGB1\S33\AC9\RGB1_SUB33ACT9F31.jpg,1,0,0.2710873484611511
457,33,9,61,D:\Skripsi\Experiment_TA\data\raw\RGB1\S33\AC9\RGB1_SUB33ACT9F61.jpg,1,1,0.6127656698226929
458,33,9,91,D:\Skripsi\Experiment_TA\data\raw\RGB1\S33\AC9\RGB1_SUB33ACT9F91.jpg,1,1,0.6821048259735107
459,34,1,1,D:\Skripsi\Experiment_TA\data\raw\RGB1\S34\AC1\RGB1_SUB34ACT1F1.jpg,0,0,0.15226124227046967
460,34,1,31,D:\Skripsi\Experiment_TA\data\raw\RGB1\S34\AC1\RGB1_SUB34ACT1F31.jpg,0,0,0.1792236715555191
461,34,1,61,D:\Skripsi\Experiment_TA\data\raw\RGB1\S34\AC1\RGB1_SUB34ACT1F61.jpg,0,0,0.15757709741592407
462,34,5,1,D:\Skripsi\Experiment_TA\data\raw\RGB1\S34\AC5\RGB1_SUB34ACT5F1.jpg,1,1,0.9578049182891846
463,34,5,31,D:\Skripsi\Experiment_TA\data\raw\RGB1\S34\AC5\RGB1_SUB34ACT5F31.jpg,1,1,0.9848093390464783
464,34,5,61,D:\Skripsi\Experiment_TA\data\raw\RGB1\S34\AC5\RGB1_SUB34ACT5F61.jpg,1,1,0.9839563965797424
465,34,6,1,D:\Skripsi\Experiment_TA\data\raw\RGB1\S34\AC6\RGB1_SUB34ACT6F1.jpg,1,1,0.7154460549354553
466,34,6,31,D:\Skripsi\Experiment_TA\data\raw\RGB1\S34\AC6\RGB1_SUB34ACT6F31.jpg,1,1,0.9024887681007385
467,34,6,61,D:\Skripsi\Experiment_TA\data\raw\RGB1\S34\AC6\RGB1_SUB34ACT6F61.jpg,1,1,0.9430970549583435
468,34,7,1,D:\Skripsi\Experiment_TA\data\raw\RGB1\S34\AC7\RGB1_SUB34ACT7F1.jpg,1,1,0.991586446762085
469,34,7,31,D:\Skripsi\Experiment_TA\data\raw\RGB1\S34\AC7\RGB1_SUB34ACT7F31.jpg,1,1,0.9861336350440979
470,34,7,61,D:\Skripsi\Experiment_TA\data\raw\RGB1\S34\AC7\RGB1_SUB34ACT7F61.jpg,1,1,0.9764962792396545
471,34,8,1,D:\Skripsi\Experiment_TA\data\raw\RGB1\S34\AC8\RGB1_SUB34ACT8F1.jpg,1,0,0.4409467875957489
472,34,8,31,D:\Skripsi\Experiment_TA\data\raw\RGB1\S34\AC8\RGB1_SUB34ACT8F31.jpg,1,1,0.8281652927398682
473,34,8,61,D:\Skripsi\Experiment_TA\data\raw\RGB1\S34\AC8\RGB1_SUB34ACT8F61.jpg,1,1,0.5050551295280457
474,34,8,91,D:\Skripsi\Experiment_TA\data\raw\RGB1\S34\AC8\RGB1_SUB34ACT8F91.jpg,1,1,0.690879225730896
475,34,9,1,D:\Skripsi\Experiment_TA\data\raw\RGB1\S34\AC9\RGB1_SUB34ACT9F1.jpg,1,1,0.8931663036346436
476,34,9,31,D:\Skripsi\Experiment_TA\data\raw\RGB1\S34\AC9\RGB1_SUB34ACT9F31.jpg,1,1,0.9440914988517761
477,34,9,61,D:\Skripsi\Experiment_TA\data\raw\RGB1\S34\AC9\RGB1_SUB34ACT9F61.jpg,1,1,0.9735127091407776
478,35,1,1,D:\Skripsi\Experiment_TA\data\raw\RGB1\S35\AC1\RGB1_SUB35ACT1F1.jpg,0,0,0.4980904757976532
479,35,1,121,D:\Skripsi\Experiment_TA\data\raw\RGB1\S35\AC1\RGB1_SUB35ACT1F121.jpg,0,0,0.14446286857128143
480,35,1,31,D:\Skripsi\Experiment_TA\data\raw\RGB1\S35\AC1\RGB1_SUB35ACT1F31.jpg,0,0,0.17399030923843384
481,35,1,61,D:\Skripsi\Experiment_TA\data\raw\RGB1\S35\AC1\RGB1_SUB35ACT1F61.jpg,0,0,0.17445456981658936
482,35,1,91,D:\Skripsi\Experiment_TA\data\raw\RGB1\S35\AC1\RGB1_SUB35ACT1F91.jpg,0,0,0.14389559626579285
483,35,5,1,D:\Skripsi\Experiment_TA\data\raw\RGB1\S35\AC5\RGB1_SUB35ACT5F1.jpg,1,1,0.6590126752853394
484,35,5,31,D:\Skripsi\Experiment_TA\data\raw\RGB1\S35\AC5\RGB1_SUB35ACT5F31.jpg,1,1,0.9175704717636108
485,35,5,61,D:\Skripsi\Experiment_TA\data\raw\RGB1\S35\AC5\RGB1_SUB35ACT5F61.jpg,1,0,0.43769562244415283
486,35,5,91,D:\Skripsi\Experiment_TA\data\raw\RGB1\S35\AC5\RGB1_SUB35ACT5F91.jpg,1,0,0.4953991770744324
487,35,6,1,D:\Skripsi\Experiment_TA\data\raw\RGB1\S35\AC6\RGB1_SUB35ACT6F1.jpg,1,0,0.48930537700653076
488,35,6,121,D:\Skripsi\Experiment_TA\data\raw\RGB1\S35\AC6\RGB1_SUB35ACT6F121.jpg,1,1,0.6999316215515137
489,35,6,151,D:\Skripsi\Experiment_TA\data\raw\RGB1\S35\AC6\RGB1_SUB35ACT6F151.jpg,1,1,0.6527692675590515
490,35,6,31,D:\Skripsi\Experiment_TA\data\raw\RGB1\S35\AC6\RGB1_SUB35ACT6F31.jpg,1,0,0.4918909966945648
491,35,6,61,D:\Skripsi\Experiment_TA\data\raw\RGB1\S35\AC6\RGB1_SUB35ACT6F61.jpg,1,1,0.535202145576477
492,35,6,91,D:\Skripsi\Experiment_TA\data\raw\RGB1\S35\AC6\RGB1_SUB35ACT6F91.jpg,1,1,0.6024928689002991
493,35,7,1,D:\Skripsi\Experiment_TA\data\raw\RGB1\S35\AC7\RGB1_SUB35ACT7F1.jpg,1,1,0.9826434254646301
494,35,7,121,D:\Skripsi\Experiment_TA\data\raw\RGB1\S35\AC7\RGB1_SUB35ACT7F121.jpg,1,1,0.8106225728988647
495,35,7,151,D:\Skripsi\Experiment_TA\data\raw\RGB1\S35\AC7\RGB1_SUB35ACT7F151.jpg,1,1,0.9429046511650085
496,35,7,181,D:\Skripsi\Experiment_TA\data\raw\RGB1\S35\AC7\RGB1_SUB35ACT7F181.jpg,1,1,0.644981861114502
497,35,7,31,D:\Skripsi\Experiment_TA\data\raw\RGB1\S35\AC7\RGB1_SUB35ACT7F31.jpg,1,1,0.5956867337226868
498,35,7,61,D:\Skripsi\Experiment_TA\data\raw\RGB1\S35\AC7\RGB1_SUB35ACT7F61.jpg,1,1,0.7775049209594727
499,35,7,91,D:\Skripsi\Experiment_TA\data\raw\RGB1\S35\AC7\RGB1_SUB35ACT7F91.jpg,1,1,0.9056044816970825
500,35,8,1,D:\Skripsi\Experiment_TA\data\raw\RGB1\S35\AC8\RGB1_SUB35ACT8F1.jpg,1,0,0.447457492351532
501,35,8,31,D:\Skripsi\Experiment_TA\data\raw\RGB1\S35\AC8\RGB1_SUB35ACT8F31.jpg,1,1,0.5316900014877319
502,35,8,61,D:\Skripsi\Experiment_TA\data\raw\RGB1\S35\AC8\RGB1_SUB35ACT8F61.jpg,1,0,0.390298068523407
503,35,8,91,D:\Skripsi\Experiment_TA\data\raw\RGB1\S35\AC8\RGB1_SUB35ACT8F91.jpg,1,0,0.48175713419914246
504,35,9,1,D:\Skripsi\Experiment_TA\data\raw\RGB1\S35\AC9\RGB1_SUB35ACT9F1.jpg,1,1,0.52967369556427
505,35,9,121,D:\Skripsi\Experiment_TA\data\raw\RGB1\S35\AC9\RGB1_SUB35ACT9F121.jpg,1,1,0.8843235969543457
506,35,9,31,D:\Skripsi\Experiment_TA\data\raw\RGB1\S35\AC9\RGB1_SUB35ACT9F31.jpg,1,1,0.6835519075393677
507,35,9,61,D:\Skripsi\Experiment_TA\data\raw\RGB1\S35\AC9\RGB1_SUB35ACT9F61.jpg,1,1,0.5526878237724304
508,35,9,91,D:\Skripsi\Experiment_TA\data\raw\RGB1\S35\AC9\RGB1_SUB35ACT9F91.jpg,1,1,0.8151224851608276
509,36,1,1,D:\Skripsi\Experiment_TA\data\raw\RGB1\S36\AC1\RGB1_SUB36ACT1F1.jpg,0,0,0.41188615560531616
510,36,1,121,D:\Skripsi\Experiment_TA\data\raw\RGB1\S36\AC1\RGB1_SUB36ACT1F121.jpg,0,0,0.3564714193344116
511,36,1,31,D:\Skripsi\Experiment_TA\data\raw\RGB1\S36\AC1\RGB1_SUB36ACT1F31.jpg,0,0,0.44678834080696106
512,36,1,61,D:\Skripsi\Experiment_TA\data\raw\RGB1\S36\AC1\RGB1_SUB36ACT1F61.jpg,0,0,0.18659548461437225
513,36,1,91,D:\Skripsi\Experiment_TA\data\raw\RGB1\S36\AC1\RGB1_SUB36ACT1F91.jpg,0,1,0.5147542953491211
514,36,5,1,D:\Skripsi\Experiment_TA\data\raw\RGB1\S36\AC5\RGB1_SUB36ACT5F1.jpg,1,1,0.7345369458198547
515,36,5,121,D:\Skripsi\Experiment_TA\data\raw\RGB1\S36\AC5\RGB1_SUB36ACT5F121.jpg,1,1,0.7018946409225464
516,36,5,31,D:\Skripsi\Experiment_TA\data\raw\RGB1\S36\AC5\RGB1_SUB36ACT5F31.jpg,1,1,0.5956873893737793
517,36,5,61,D:\Skripsi\Experiment_TA\data\raw\RGB1\S36\AC5\RGB1_SUB36ACT5F61.jpg,1,1,0.7217698693275452
518,36,5,91,D:\Skripsi\Experiment_TA\data\raw\RGB1\S36\AC5\RGB1_SUB36ACT5F91.jpg,1,1,0.7339540719985962
519,36,6,1,D:\Skripsi\Experiment_TA\data\raw\RGB1\S36\AC6\RGB1_SUB36ACT6F1.jpg,1,1,0.7094822525978088
520,36,6,31,D:\Skripsi\Experiment_TA\data\raw\RGB1\S36\AC6\RGB1_SUB36ACT6F31.jpg,1,1,0.9680795669555664
521,36,6,61,D:\Skripsi\Experiment_TA\data\raw\RGB1\S36\AC6\RGB1_SUB36ACT6F61.jpg,1,1,0.9758492708206177
522,36,6,91,D:\Skripsi\Experiment_TA\data\raw\RGB1\S36\AC6\RGB1_SUB36ACT6F91.jpg,1,1,0.9373540282249451
523,36,7,1,D:\Skripsi\Experiment_TA\data\raw\RGB1\S36\AC7\RGB1_SUB36ACT7F1.jpg,1,1,0.9047930836677551
524,36,7,121,D:\Skripsi\Experiment_TA\data\raw\RGB1\S36\AC7\RGB1_SUB36ACT7F121.jpg,1,1,0.994320273399353
525,36,7,31,D:\Skripsi\Experiment_TA\data\raw\RGB1\S36\AC7\RGB1_SUB36ACT7F31.jpg,1,1,0.9719318747520447
526,36,7,61,D:\Skripsi\Experiment_TA\data\raw\RGB1\S36\AC7\RGB1_SUB36ACT7F61.jpg,1,1,0.9010105133056641
527,36,7,91,D:\Skripsi\Experiment_TA\data\raw\RGB1\S36\AC7\RGB1_SUB36ACT7F91.jpg,1,1,0.9928939938545227
528,36,8,1,D:\Skripsi\Experiment_TA\data\raw\RGB1\S36\AC8\RGB1_SUB36ACT8F1.jpg,1,1,0.9390694499015808
529,36,8,121,D:\Skripsi\Experiment_TA\data\raw\RGB1\S36\AC8\RGB1_SUB36ACT8F121.jpg,1,1,0.9850091934204102
530,36,8,31,D:\Skripsi\Experiment_TA\data\raw\RGB1\S36\AC8\RGB1_SUB36ACT8F31.jpg,1,1,0.9493417739868164
531,36,8,61,D:\Skripsi\Experiment_TA\data\raw\RGB1\S36\AC8\RGB1_SUB36ACT8F61.jpg,1,1,0.896257221698761
532,36,8,91,D:\Skripsi\Experiment_TA\data\raw\RGB1\S36\AC8\RGB1_SUB36ACT8F91.jpg,1,1,0.9375444054603577
533,36,9,1,D:\Skripsi\Experiment_TA\data\raw\RGB1\S36\AC9\RGB1_SUB36ACT9F1.jpg,1,1,0.8723955154418945
534,36,9,121,D:\Skripsi\Experiment_TA\data\raw\RGB1\S36\AC9\RGB1_SUB36ACT9F121.jpg,1,1,0.5120469927787781
535,36,9,151,D:\Skripsi\Experiment_TA\data\raw\RGB1\S36\AC9\RGB1_SUB36ACT9F151.jpg,1,1,0.7096939086914062
536,36,9,31,D:\Skripsi\Experiment_TA\data\raw\RGB1\S36\AC9\RGB1_SUB36ACT9F31.jpg,1,1,0.7121806144714355
537,36,9,61,D:\Skripsi\Experiment_TA\data\raw\RGB1\S36\AC9\RGB1_SUB36ACT9F61.jpg,1,1,0.560846745967865
538,36,9,91,D:\Skripsi\Experiment_TA\data\raw\RGB1\S36\AC9\RGB1_SUB36ACT9F91.jpg,1,1,0.6479048728942871
539,37,1,1,D:\Skripsi\Experiment_TA\data\raw\RGB1\S37\AC1\RGB1_SUB37ACT1F1.jpg,0,0,0.15308652818202972
540,37,1,121,D:\Skripsi\Experiment_TA\data\raw\RGB1\S37\AC1\RGB1_SUB37ACT1F121.jpg,0,0,0.16620570421218872
541,37,1,31,D:\Skripsi\Experiment_TA\data\raw\RGB1\S37\AC1\RGB1_SUB37ACT1F31.jpg,0,0,0.1990077942609787
542,37,1,61,D:\Skripsi\Experiment_TA\data\raw\RGB1\S37\AC1\RGB1_SUB37ACT1F61.jpg,0,0,0.18044482171535492
543,37,1,91,D:\Skripsi\Experiment_TA\data\raw\RGB1\S37\AC1\RGB1_SUB37ACT1F91.jpg,0,0,0.20570823550224304
544,37,5,1,D:\Skripsi\Experiment_TA\data\raw\RGB1\S37\AC5\RGB1_SUB37ACT5F1.jpg,1,1,0.9699317216873169
545,37,5,121,D:\Skripsi\Experiment_TA\data\raw\RGB1\S37\AC5\RGB1_SUB37ACT5F121.jpg,1,1,0.8473602533340454
546,37,5,31,D:\Skripsi\Experiment_TA\data\raw\RGB1\S37\AC5\RGB1_SUB37ACT5F31.jpg,1,1,0.7453926205635071
547,37,5,61,D:\Skripsi\Experiment_TA\data\raw\RGB1\S37\AC5\RGB1_SUB37ACT5F61.jpg,1,1,0.8298543095588684
548,37,5,91,D:\Skripsi\Experiment_TA\data\raw\RGB1\S37\AC5\RGB1_SUB37ACT5F91.jpg,1,1,0.6636096239089966
549,37,6,1,D:\Skripsi\Experiment_TA\data\raw\RGB1\S37\AC6\RGB1_SUB37ACT6F1.jpg,1,1,0.8696644902229309
550,37,6,121,D:\Skripsi\Experiment_TA\data\raw\RGB1\S37\AC6\RGB1_SUB37ACT6F121.jpg,1,1,0.7537580728530884
551,37,6,31,D:\Skripsi\Experiment_TA\data\raw\RGB1\S37\AC6\RGB1_SUB37ACT6F31.jpg,1,1,0.8659460544586182
552,37,6,61,D:\Skripsi\Experiment_TA\data\raw\RGB1\S37\AC6\RGB1_SUB37ACT6F61.jpg,1,1,0.7887281179428101
553,37,6,91,D:\Skripsi\Experiment_TA\data\raw\RGB1\S37\AC6\RGB1_SUB37ACT6F91.jpg,1,1,0.7114695906639099
554,37,7,1,D:\Skripsi\Experiment_TA\data\raw\RGB1\S37\AC7\RGB1_SUB37ACT7F1.jpg,1,1,0.7099224328994751
555,37,7,121,D:\Skripsi\Experiment_TA\data\raw\RGB1\S37\AC7\RGB1_SUB37ACT7F121.jpg,1,1,0.7882421016693115
556,37,7,151,D:\Skripsi\Experiment_TA\data\raw\RGB1\S37\AC7\RGB1_SUB37ACT7F151.jpg,1,1,0.8792151808738708
557,37,7,31,D:\Skripsi\Experiment_TA\data\raw\RGB1\S37\AC7\RGB1_SUB37ACT7F31.jpg,1,1,0.8371367454528809
558,37,7,61,D:\Skripsi\Experiment_TA\data\raw\RGB1\S37\AC7\RGB1_SUB37ACT7F61.jpg,1,1,0.8708251118659973
559,37,7,91,D:\Skripsi\Experiment_TA\data\raw\RGB1\S37\AC7\RGB1_SUB37ACT7F91.jpg,1,1,0.8759533762931824
560,37,8,1,D:\Skripsi\Experiment_TA\data\raw\RGB1\S37\AC8\RGB1_SUB37ACT8F1.jpg,1,1,0.7498773336410522
561,37,8,121,D:\Skripsi\Experiment_TA\data\raw\RGB1\S37\AC8\RGB1_SUB37ACT8F121.jpg,1,1,0.8905404806137085
562,37,8,151,D:\Skripsi\Experiment_TA\data\raw\RGB1\S37\AC8\RGB1_SUB37ACT8F151.jpg,1,1,0.9534534215927124
563,37,8,31,D:\Skripsi\Experiment_TA\data\raw\RGB1\S37\AC8\RGB1_SUB37ACT8F31.jpg,1,1,0.8861975073814392
564,37,8,61,D:\Skripsi\Experiment_TA\data\raw\RGB1\S37\AC8\RGB1_SUB37ACT8F61.jpg,1,1,0.8765984773635864
565,37,8,91,D:\Skripsi\Experiment_TA\data\raw\RGB1\S37\AC8\RGB1_SUB37ACT8F91.jpg,1,1,0.933623194694519
566,37,9,1,D:\Skripsi\Experiment_TA\data\raw\RGB1\S37\AC9\RGB1_SUB37ACT9F1.jpg,1,1,0.9243133664131165
567,37,9,121,D:\Skripsi\Experiment_TA\data\raw\RGB1\S37\AC9\RGB1_SUB37ACT9F121.jpg,1,1,0.7113497853279114
568,37,9,151,D:\Skripsi\Experiment_TA\data\raw\RGB1\S37\AC9\RGB1_SUB37ACT9F151.jpg,1,1,0.6726308465003967
569,37,9,31,D:\Skripsi\Experiment_TA\data\raw\RGB1\S37\AC9\RGB1_SUB37ACT9F31.jpg,1,1,0.9641439914703369
570,37,9,61,D:\Skripsi\Experiment_TA\data\raw\RGB1\S37\AC9\RGB1_SUB37ACT9F61.jpg,1,1,0.844599187374115
571,37,9,91,D:\Skripsi\Experiment_TA\data\raw\RGB1\S37\AC9\RGB1_SUB37ACT9F91.jpg,1,1,0.8626134395599365
572,38,1,1,D:\Skripsi\Experiment_TA\data\raw\RGB1\S38\AC1\RGB1_SUB38ACT1F1.jpg,0,0,0.35282739996910095
573,38,1,121,D:\Skripsi\Experiment_TA\data\raw\RGB1\S38\AC1\RGB1_SUB38ACT1F121.jpg,0,0,0.1598871350288391
574,38,1,31,D:\Skripsi\Experiment_TA\data\raw\RGB1\S38\AC1\RGB1_SUB38ACT1F31.jpg,0,0,0.1938226819038391
575,38,1,61,D:\Skripsi\Experiment_TA\data\raw\RGB1\S38\AC1\RGB1_SUB38ACT1F61.jpg,0,0,0.2905026376247406
576,38,1,91,D:\Skripsi\Experiment_TA\data\raw\RGB1\S38\AC1\RGB1_SUB38ACT1F91.jpg,0,1,0.8269597887992859
577,38,5,1,D:\Skripsi\Experiment_TA\data\raw\RGB1\S38\AC5\RGB1_SUB38ACT5F1.jpg,1,1,0.8868617415428162
578,38,5,31,D:\Skripsi\Experiment_TA\data\raw\RGB1\S38\AC5\RGB1_SUB38ACT5F31.jpg,1,1,0.5272482633590698
579,38,5,61,D:\Skripsi\Experiment_TA\data\raw\RGB1\S38\AC5\RGB1_SUB38ACT5F61.jpg,1,1,0.7257596850395203
580,38,5,91,D:\Skripsi\Experiment_TA\data\raw\RGB1\S38\AC5\RGB1_SUB38ACT5F91.jpg,1,1,0.5774829387664795
581,38,6,1,D:\Skripsi\Experiment_TA\data\raw\RGB1\S38\AC6\RGB1_SUB38ACT6F1.jpg,1,1,0.8553781509399414
582,38,6,31,D:\Skripsi\Experiment_TA\data\raw\RGB1\S38\AC6\RGB1_SUB38ACT6F31.jpg,1,1,0.5816732048988342
583,38,6,61,D:\Skripsi\Experiment_TA\data\raw\RGB1\S38\AC6\RGB1_SUB38ACT6F61.jpg,1,1,0.8035857081413269
584,38,6,91,D:\Skripsi\Experiment_TA\data\raw\RGB1\S38\AC6\RGB1_SUB38ACT6F91.jpg,1,1,0.7198683619499207
585,38,7,1,D:\Skripsi\Experiment_TA\data\raw\RGB1\S38\AC7\RGB1_SUB38ACT7F1.jpg,1,1,0.964512050151825
586,38,7,121,D:\Skripsi\Experiment_TA\data\raw\RGB1\S38\AC7\RGB1_SUB38ACT7F121.jpg,1,1,0.9628705382347107
587,38,7,31,D:\Skripsi\Experiment_TA\data\raw\RGB1\S38\AC7\RGB1_SUB38ACT7F31.jpg,1,1,0.951705276966095
588,38,7,61,D:\Skripsi\Experiment_TA\data\raw\RGB1\S38\AC7\RGB1_SUB38ACT7F61.jpg,1,1,0.8863803744316101
589,38,7,91,D:\Skripsi\Experiment_TA\data\raw\RGB1\S38\AC7\RGB1_SUB38ACT7F91.jpg,1,1,0.8831674456596375
590,38,8,1,D:\Skripsi\Experiment_TA\data\raw\RGB1\S38\AC8\RGB1_SUB38ACT8F1.jpg,1,1,0.983096718788147
591,38,8,121,D:\Skripsi\Experiment_TA\data\raw\RGB1\S38\AC8\RGB1_SUB38ACT8F121.jpg,1,1,0.8433160185813904
592,38,8,31,D:\Skripsi\Experiment_TA\data\raw\RGB1\S38\AC8\RGB1_SUB38ACT8F31.jpg,1,1,0.9499313235282898
593,38,8,61,D:\Skripsi\Experiment_TA\data\raw\RGB1\S38\AC8\RGB1_SUB38ACT8F61.jpg,1,1,0.9757149815559387
594,38,8,91,D:\Skripsi\Experiment_TA\data\raw\RGB1\S38\AC8\RGB1_SUB38ACT8F91.jpg,1,1,0.9524624347686768
595,38,9,1,D:\Skripsi\Experiment_TA\data\raw\RGB1\S38\AC9\RGB1_SUB38ACT9F1.jpg,1,1,0.6200661063194275
596,38,9,121,D:\Skripsi\Experiment_TA\data\raw\RGB1\S38\AC9\RGB1_SUB38ACT9F121.jpg,1,0,0.48417675495147705
597,38,9,31,D:\Skripsi\Experiment_TA\data\raw\RGB1\S38\AC9\RGB1_SUB38ACT9F31.jpg,1,0,0.3527121841907501
598,38,9,61,D:\Skripsi\Experiment_TA\data\raw\RGB1\S38\AC9\RGB1_SUB38ACT9F61.jpg,1,0,0.4409252107143402
599,38,9,91,D:\Skripsi\Experiment_TA\data\raw\RGB1\S38\AC9\RGB1_SUB38ACT9F91.jpg,1,0,0.4666266143321991
600,39,1,1,D:\Skripsi\Experiment_TA\data\raw\RGB1\S39\AC1\RGB1_SUB39ACT1F1.jpg,0,0,0.4983888566493988
601,39,1,31,D:\Skripsi\Experiment_TA\data\raw\RGB1\S39\AC1\RGB1_SUB39ACT1F31.jpg,0,0,0.3751094937324524
602,39,1,61,D:\Skripsi\Experiment_TA\data\raw\RGB1\S39\AC1\RGB1_SUB39ACT1F61.jpg,0,0,0.4437086880207062
603,39,1,91,D:\Skripsi\Experiment_TA\data\raw\RGB1\S39\AC1\RGB1_SUB39ACT1F91.jpg,0,0,0.4318919777870178
604,39,5,1,D:\Skripsi\Experiment_TA\data\raw\RGB1\S39\AC5\RGB1_SUB39ACT5F1.jpg,1,1,0.9363162517547607
605,39,5,31,D:\Skripsi\Experiment_TA\data\raw\RGB1\S39\AC5\RGB1_SUB39ACT5F31.jpg,1,1,0.7954346537590027
606,39,5,61,D:\Skripsi\Experiment_TA\data\raw\RGB1\S39\AC5\RGB1_SUB39ACT5F61.jpg,1,1,0.7719289064407349
607,39,5,91,D:\Skripsi\Experiment_TA\data\raw\RGB1\S39\AC5\RGB1_SUB39ACT5F91.jpg,1,1,0.5737861394882202
608,39,6,1,D:\Skripsi\Experiment_TA\data\raw\RGB1\S39\AC6\RGB1_SUB39ACT6F1.jpg,1,1,0.9394822716712952
609,39,6,31,D:\Skripsi\Experiment_TA\data\raw\RGB1\S39\AC6\RGB1_SUB39ACT6F31.jpg,1,1,0.7462363243103027
610,39,6,61,D:\Skripsi\Experiment_TA\data\raw\RGB1\S39\AC6\RGB1_SUB39ACT6F61.jpg,1,1,0.934937596321106
611,39,6,91,D:\Skripsi\Experiment_TA\data\raw\RGB1\S39\AC6\RGB1_SUB39ACT6F91.jpg,1,1,0.9181001782417297
612,39,7,1,D:\Skripsi\Experiment_TA\data\raw\RGB1\S39\AC7\RGB1_SUB39ACT7F1.jpg,1,1,0.951262354850769
613,39,7,31,D:\Skripsi\Experiment_TA\data\raw\RGB1\S39\AC7\RGB1_SUB39ACT7F31.jpg,1,1,0.9934499859809875
614,39,7,61,D:\Skripsi\Experiment_TA\data\raw\RGB1\S39\AC7\RGB1_SUB39ACT7F61.jpg,1,1,0.8648031949996948
615,39,7,91,D:\Skripsi\Experiment_TA\data\raw\RGB1\S39\AC7\RGB1_SUB39ACT7F91.jpg,1,1,0.917594850063324
616,39,8,1,D:\Skripsi\Experiment_TA\data\raw\RGB1\S39\AC8\RGB1_SUB39ACT8F1.jpg,1,1,0.993497371673584
617,39,8,121,D:\Skripsi\Experiment_TA\data\raw\RGB1\S39\AC8\RGB1_SUB39ACT8F121.jpg,1,1,0.9105514287948608
618,39,8,31,D:\Skripsi\Experiment_TA\data\raw\RGB1\S39\AC8\RGB1_SUB39ACT8F31.jpg,1,1,0.9870666861534119
619,39,8,61,D:\Skripsi\Experiment_TA\data\raw\RGB1\S39\AC8\RGB1_SUB39ACT8F61.jpg,1,1,0.9503545165061951
620,39,8,91,D:\Skripsi\Experiment_TA\data\raw\RGB1\S39\AC8\RGB1_SUB39ACT8F91.jpg,1,1,0.8226049542427063
621,39,9,1,D:\Skripsi\Experiment_TA\data\raw\RGB1\S39\AC9\RGB1_SUB39ACT9F1.jpg,1,1,0.8660619258880615
622,39,9,121,D:\Skripsi\Experiment_TA\data\raw\RGB1\S39\AC9\RGB1_SUB39ACT9F121.jpg,1,1,0.9501259922981262
623,39,9,31,D:\Skripsi\Experiment_TA\data\raw\RGB1\S39\AC9\RGB1_SUB39ACT9F31.jpg,1,1,0.961775541305542
624,39,9,61,D:\Skripsi\Experiment_TA\data\raw\RGB1\S39\AC9\RGB1_SUB39ACT9F61.jpg,1,1,0.7445067167282104
625,39,9,91,D:\Skripsi\Experiment_TA\data\raw\RGB1\S39\AC9\RGB1_SUB39ACT9F91.jpg,1,1,0.9403301477432251
626,40,1,1,D:\Skripsi\Experiment_TA\data\raw\RGB1\S40\AC1\RGB1_SUB40ACT1F1.jpg,0,0,0.4577102065086365
627,40,1,121,D:\Skripsi\Experiment_TA\data\raw\RGB1\S40\AC1\RGB1_SUB40ACT1F121.jpg,0,0,0.2965875267982483
628,40,1,31,D:\Skripsi\Experiment_TA\data\raw\RGB1\S40\AC1\RGB1_SUB40ACT1F31.jpg,0,0,0.27142271399497986
629,40,1,61,D:\Skripsi\Experiment_TA\data\raw\RGB1\S40\AC1\RGB1_SUB40ACT1F61.jpg,0,1,0.7696699500083923
630,40,1,91,D:\Skripsi\Experiment_TA\data\raw\RGB1\S40\AC1\RGB1_SUB40ACT1F91.jpg,0,0,0.31642812490463257
631,40,5,1,D:\Skripsi\Experiment_TA\data\raw\RGB1\S40\AC5\RGB1_SUB40ACT5F1.jpg,1,1,0.715416431427002
632,40,5,31,D:\Skripsi\Experiment_TA\data\raw\RGB1\S40\AC5\RGB1_SUB40ACT5F31.jpg,1,1,0.9001235961914062
633,40,5,61,D:\Skripsi\Experiment_TA\data\raw\RGB1\S40\AC5\RGB1_SUB40ACT5F61.jpg,1,1,0.6722716093063354
634,40,5,91,D:\Skripsi\Experiment_TA\data\raw\RGB1\S40\AC5\RGB1_SUB40ACT5F91.jpg,1,1,0.7619829773902893
635,40,6,1,D:\Skripsi\Experiment_TA\data\raw\RGB1\S40\AC6\RGB1_SUB40ACT6F1.jpg,1,1,0.7122268676757812
636,40,6,121,D:\Skripsi\Experiment_TA\data\raw\RGB1\S40\AC6\RGB1_SUB40ACT6F121.jpg,1,1,0.5980004668235779
637,40,6,31,D:\Skripsi\Experiment_TA\data\raw\RGB1\S40\AC6\RGB1_SUB40ACT6F31.jpg,1,1,0.6106576919555664
638,40,6,61,D:\Skripsi\Experiment_TA\data\raw\RGB1\S40\AC6\RGB1_SUB40ACT6F61.jpg,1,1,0.7547929286956787
639,40,6,91,D:\Skripsi\Experiment_TA\data\raw\RGB1\S40\AC6\RGB1_SUB40ACT6F91.jpg,1,1,0.8931431174278259
640,40,7,1,D:\Skripsi\Experiment_TA\data\raw\RGB1\S40\AC7\RGB1_SUB40ACT7F1.jpg,1,0,0.4334154427051544
641,40,7,121,D:\Skripsi\Experiment_TA\data\raw\RGB1\S40\AC7\RGB1_SUB40ACT7F121.jpg,1,1,0.6520507335662842
642,40,7,151,D:\Skripsi\Experiment_TA\data\raw\RGB1\S40\AC7\RGB1_SUB40ACT7F151.jpg,1,1,0.8638879060745239
643,40,7,181,D:\Skripsi\Experiment_TA\data\raw\RGB1\S40\AC7\RGB1_SUB40ACT7F181.jpg,1,1,0.8267197608947754
644,40,7,211,D:\Skripsi\Experiment_TA\data\raw\RGB1\S40\AC7\RGB1_SUB40ACT7F211.jpg,1,1,0.9360170364379883
645,40,7,31,D:\Skripsi\Experiment_TA\data\raw\RGB1\S40\AC7\RGB1_SUB40ACT7F31.jpg,1,1,0.7997288107872009
646,40,7,61,D:\Skripsi\Experiment_TA\data\raw\RGB1\S40\AC7\RGB1_SUB40ACT7F61.jpg,1,1,0.7658588886260986
647,40,7,91,D:\Skripsi\Experiment_TA\data\raw\RGB1\S40\AC7\RGB1_SUB40ACT7F91.jpg,1,1,0.6743136644363403
648,40,8,1,D:\Skripsi\Experiment_TA\data\raw\RGB1\S40\AC8\RGB1_SUB40ACT8F1.jpg,1,1,0.6822092533111572
649,40,8,121,D:\Skripsi\Experiment_TA\data\raw\RGB1\S40\AC8\RGB1_SUB40ACT8F121.jpg,1,1,0.856209933757782
650,40,8,151,D:\Skripsi\Experiment_TA\data\raw\RGB1\S40\AC8\RGB1_SUB40ACT8F151.jpg,1,1,0.5469390749931335
651,40,8,181,D:\Skripsi\Experiment_TA\data\raw\RGB1\S40\AC8\RGB1_SUB40ACT8F181.jpg,1,1,0.689683198928833
652,40,8,31,D:\Skripsi\Experiment_TA\data\raw\RGB1\S40\AC8\RGB1_SUB40ACT8F31.jpg,1,1,0.9304763078689575
653,40,8,61,D:\Skripsi\Experiment_TA\data\raw\RGB1\S40\AC8\RGB1_SUB40ACT8F61.jpg,1,1,0.7597646117210388
654,40,8,91,D:\Skripsi\Experiment_TA\data\raw\RGB1\S40\AC8\RGB1_SUB40ACT8F91.jpg,1,1,0.7142779231071472
655,40,9,1,D:\Skripsi\Experiment_TA\data\raw\RGB1\S40\AC9\RGB1_SUB40ACT9F1.jpg,1,1,0.7305960655212402
656,40,9,121,D:\Skripsi\Experiment_TA\data\raw\RGB1\S40\AC9\RGB1_SUB40ACT9F121.jpg,1,1,0.8586715459823608
657,40,9,31,D:\Skripsi\Experiment_TA\data\raw\RGB1\S40\AC9\RGB1_SUB40ACT9F31.jpg,1,1,0.623748242855072
658,40,9,61,D:\Skripsi\Experiment_TA\data\raw\RGB1\S40\AC9\RGB1_SUB40ACT9F61.jpg,1,1,0.8826308250427246
659,40,9,91,D:\Skripsi\Experiment_TA\data\raw\RGB1\S40\AC9\RGB1_SUB40ACT9F91.jpg,1,1,0.927151620388031
660,43,1,1,D:\Skripsi\Experiment_TA\data\raw\RGB1\S43\AC1\RGB1_SUB43ACT1F1.jpg,0,1,0.5217894315719604
661,43,1,121,D:\Skripsi\Experiment_TA\data\raw\RGB1\S43\AC1\RGB1_SUB43ACT1F121.jpg,0,1,0.6483408808708191
662,43,1,151,D:\Skripsi\Experiment_TA\data\raw\RGB1\S43\AC1\RGB1_SUB43ACT1F151.jpg,0,1,0.6288952231407166
663,43,1,181,D:\Skripsi\Experiment_TA\data\raw\RGB1\S43\AC1\RGB1_SUB43ACT1F181.jpg,0,0,0.45435217022895813
664,43,1,31,D:\Skripsi\Experiment_TA\data\raw\RGB1\S43\AC1\RGB1_SUB43ACT1F31.jpg,0,0,0.4548792243003845
665,43,1,61,D:\Skripsi\Experiment_TA\data\raw\RGB1\S43\AC1\RGB1_SUB43ACT1F61.jpg,0,0,0.4198998510837555
666,43,1,91,D:\Skripsi\Experiment_TA\data\raw\RGB1\S43\AC1\RGB1_SUB43ACT1F91.jpg,0,1,0.5931513905525208
667,43,5,1,D:\Skripsi\Experiment_TA\data\raw\RGB1\S43\AC5\RGB1_SUB43ACT5F1.jpg,1,1,0.7391530871391296
668,43,5,121,D:\Skripsi\Experiment_TA\data\raw\RGB1\S43\AC5\RGB1_SUB43ACT5F121.jpg,1,1,0.9367008805274963
669,43,5,151,D:\Skripsi\Experiment_TA\data\raw\RGB1\S43\AC5\RGB1_SUB43ACT5F151.jpg,1,1,0.8367174863815308
670,43,5,181,D:\Skripsi\Experiment_TA\data\raw\RGB1\S43\AC5\RGB1_SUB43ACT5F181.jpg,1,1,0.7755781412124634
671,43,5,31,D:\Skripsi\Experiment_TA\data\raw\RGB1\S43\AC5\RGB1_SUB43ACT5F31.jpg,1,1,0.8952765464782715
672,43,5,61,D:\Skripsi\Experiment_TA\data\raw\RGB1\S43\AC5\RGB1_SUB43ACT5F61.jpg,1,1,0.8626173734664917
673,43,5,91,D:\Skripsi\Experiment_TA\data\raw\RGB1\S43\AC5\RGB1_SUB43ACT5F91.jpg,1,1,0.8963088989257812
674,43,6,1,D:\Skripsi\Experiment_TA\data\raw\RGB1\S43\AC6\RGB1_SUB43ACT6F1.jpg,1,1,0.6258025765419006
675,43,6,121,D:\Skripsi\Experiment_TA\data\raw\RGB1\S43\AC6\RGB1_SUB43ACT6F121.jpg,1,1,0.813061535358429
676,43,6,151,D:\Skripsi\Experiment_TA\data\raw\RGB1\S43\AC6\RGB1_SUB43ACT6F151.jpg,1,1,0.774246335029602
677,43,6,181,D:\Skripsi\Experiment_TA\data\raw\RGB1\S43\AC6\RGB1_SUB43ACT6F181.jpg,1,1,0.7765074372291565
678,43,6,31,D:\Skripsi\Experiment_TA\data\raw\RGB1\S43\AC6\RGB1_SUB43ACT6F31.jpg,1,1,0.9168118238449097
679,43,6,61,D:\Skripsi\Experiment_TA\data\raw\RGB1\S43\AC6\RGB1_SUB43ACT6F61.jpg,1,1,0.79960697889328
680,43,6,91,D:\Skripsi\Experiment_TA\data\raw\RGB1\S43\AC6\RGB1_SUB43ACT6F91.jpg,1,1,0.7981714010238647
681,43,7,1,D:\Skripsi\Experiment_TA\data\raw\RGB1\S43\AC7\RGB1_SUB43ACT7F1.jpg,1,1,0.9078125357627869
682,43,7,121,D:\Skripsi\Experiment_TA\data\raw\RGB1\S43\AC7\RGB1_SUB43ACT7F121.jpg,1,1,0.9980413913726807
683,43,7,151,D:\Skripsi\Experiment_TA\data\raw\RGB1\S43\AC7\RGB1_SUB43ACT7F151.jpg,1,1,0.9632375836372375
684,43,7,181,D:\Skripsi\Experiment_TA\data\raw\RGB1\S43\AC7\RGB1_SUB43ACT7F181.jpg,1,1,0.9802976846694946
685,43,7,211,D:\Skripsi\Experiment_TA\data\raw\RGB1\S43\AC7\RGB1_SUB43ACT7F211.jpg,1,1,0.9618156552314758
686,43,7,31,D:\Skripsi\Experiment_TA\data\raw\RGB1\S43\AC7\RGB1_SUB43ACT7F31.jpg,1,1,0.9491325616836548
687,43,7,61,D:\Skripsi\Experiment_TA\data\raw\RGB1\S43\AC7\RGB1_SUB43ACT7F61.jpg,1,1,0.8946349620819092
688,43,7,91,D:\Skripsi\Experiment_TA\data\raw\RGB1\S43\AC7\RGB1_SUB43ACT7F91.jpg,1,1,0.9957095384597778
689,43,8,1,D:\Skripsi\Experiment_TA\data\raw\RGB1\S43\AC8\RGB1_SUB43ACT8F1.jpg,1,1,0.9011296629905701
690,43,8,121,D:\Skripsi\Experiment_TA\data\raw\RGB1\S43\AC8\RGB1_SUB43ACT8F121.jpg,1,1,0.7084920406341553
691,43,8,151,D:\Skripsi\Experiment_TA\data\raw\RGB1\S43\AC8\RGB1_SUB43ACT8F151.jpg,1,1,0.6705133318901062
692,43,8,181,D:\Skripsi\Experiment_TA\data\raw\RGB1\S43\AC8\RGB1_SUB43ACT8F181.jpg,1,1,0.5842939019203186
693,43,8,211,D:\Skripsi\Experiment_TA\data\raw\RGB1\S43\AC8\RGB1_SUB43ACT8F211.jpg,1,1,0.8234454989433289
694,43,8,241,D:\Skripsi\Experiment_TA\data\raw\RGB1\S43\AC8\RGB1_SUB43ACT8F241.jpg,1,1,0.799514889717102
695,43,8,31,D:\Skripsi\Experiment_TA\data\raw\RGB1\S43\AC8\RGB1_SUB43ACT8F31.jpg,1,1,0.7939404249191284
696,43,8,61,D:\Skripsi\Experiment_TA\data\raw\RGB1\S43\AC8\RGB1_SUB43ACT8F61.jpg,1,1,0.90565425157547
697,43,8,91,D:\Skripsi\Experiment_TA\data\raw\RGB1\S43\AC8\RGB1_SUB43ACT8F91.jpg,1,1,0.6739278435707092
698,43,9,1,D:\Skripsi\Experiment_TA\data\raw\RGB1\S43\AC9\RGB1_SUB43ACT9F1.jpg,1,1,0.8640776872634888
699,43,9,121,D:\Skripsi\Experiment_TA\data\raw\RGB1\S43\AC9\RGB1_SUB43ACT9F121.jpg,1,1,0.6543470621109009
700,43,9,151,D:\Skripsi\Experiment_TA\data\raw\RGB1\S43\AC9\RGB1_SUB43ACT9F151.jpg,1,1,0.7885717153549194
701,43,9,31,D:\Skripsi\Experiment_TA\data\raw\RGB1\S43\AC9\RGB1_SUB43ACT9F31.jpg,1,1,0.8042203187942505
702,43,9,61,D:\Skripsi\Experiment_TA\data\raw\RGB1\S43\AC9\RGB1_SUB43ACT9F61.jpg,1,1,0.5768537521362305
703,43,9,91,D:\Skripsi\Experiment_TA\data\raw\RGB1\S43\AC9\RGB1_SUB43ACT9F91.jpg,1,1,0.5408568978309631
704,44,1,1,D:\Skripsi\Experiment_TA\data\raw\RGB1\S44\AC1\RGB1_SUB44ACT1F1.jpg,0,0,0.1680772453546524
705,44,1,121,D:\Skripsi\Experiment_TA\data\raw\RGB1\S44\AC1\RGB1_SUB44ACT1F121.jpg,0,0,0.28032639622688293
706,44,1,151,D:\Skripsi\Experiment_TA\data\raw\RGB1\S44\AC1\RGB1_SUB44ACT1F151.jpg,0,0,0.26911115646362305
707,44,1,31,D:\Skripsi\Experiment_TA\data\raw\RGB1\S44\AC1\RGB1_SUB44ACT1F31.jpg,0,0,0.23554842174053192
708,44,1,61,D:\Skripsi\Experiment_TA\data\raw\RGB1\S44\AC1\RGB1_SUB44ACT1F61.jpg,0,0,0.13753922283649445
709,44,1,91,D:\Skripsi\Experiment_TA\data\raw\RGB1\S44\AC1\RGB1_SUB44ACT1F91.jpg,0,0,0.29849010705947876
710,44,5,1,D:\Skripsi\Experiment_TA\data\raw\RGB1\S44\AC5\RGB1_SUB44ACT5F1.jpg,1,1,0.8762106895446777
711,44,5,121,D:\Skripsi\Experiment_TA\data\raw\RGB1\S44\AC5\RGB1_SUB44ACT5F121.jpg,1,1,0.7980054616928101
712,44,5,31,D:\Skripsi\Experiment_TA\data\raw\RGB1\S44\AC5\RGB1_SUB44ACT5F31.jpg,1,1,0.8435329794883728
713,44,5,61,D:\Skripsi\Experiment_TA\data\raw\RGB1\S44\AC5\RGB1_SUB44ACT5F61.jpg,1,1,0.8939020037651062
714,44,5,91,D:\Skripsi\Experiment_TA\data\raw\RGB1\S44\AC5\RGB1_SUB44ACT5F91.jpg,1,1,0.8516088128089905
715,44,6,1,D:\Skripsi\Experiment_TA\data\raw\RGB1\S44\AC6\RGB1_SUB44ACT6F1.jpg,1,1,0.6989067196846008
716,44,6,121,D:\Skripsi\Experiment_TA\data\raw\RGB1\S44\AC6\RGB1_SUB44ACT6F121.jpg,1,1,0.9151391386985779
717,44,6,31,D:\Skripsi\Experiment_TA\data\raw\RGB1\S44\AC6\RGB1_SUB44ACT6F31.jpg,1,1,0.6209429502487183
718,44,6,61,D:\Skripsi\Experiment_TA\data\raw\RGB1\S44\AC6\RGB1_SUB44ACT6F61.jpg,1,1,0.650141716003418
719,44,6,91,D:\Skripsi\Experiment_TA\data\raw\RGB1\S44\AC6\RGB1_SUB44ACT6F91.jpg,1,1,0.7924265265464783
720,44,7,1,D:\Skripsi\Experiment_TA\data\raw\RGB1\S44\AC7\RGB1_SUB44ACT7F1.jpg,1,1,0.9073463082313538
721,44,7,121,D:\Skripsi\Experiment_TA\data\raw\RGB1\S44\AC7\RGB1_SUB44ACT7F121.jpg,1,1,0.8808796405792236
722,44,7,151,D:\Skripsi\Experiment_TA\data\raw\RGB1\S44\AC7\RGB1_SUB44ACT7F151.jpg,1,1,0.939528226852417
723,44,7,31,D:\Skripsi\Experiment_TA\data\raw\RGB1\S44\AC7\RGB1_SUB44ACT7F31.jpg,1,1,0.911644697189331
724,44,7,61,D:\Skripsi\Experiment_TA\data\raw\RGB1\S44\AC7\RGB1_SUB44ACT7F61.jpg,1,1,0.8194112777709961
725,44,7,91,D:\Skripsi\Experiment_TA\data\raw\RGB1\S44\AC7\RGB1_SUB44ACT7F91.jpg,1,1,0.9336630702018738
726,44,8,1,D:\Skripsi\Experiment_TA\data\raw\RGB1\S44\AC8\RGB1_SUB44ACT8F1.jpg,1,1,0.8329241871833801
727,44,8,121,D:\Skripsi\Experiment_TA\data\raw\RGB1\S44\AC8\RGB1_SUB44ACT8F121.jpg,1,1,0.6785603165626526
728,44,8,151,D:\Skripsi\Experiment_TA\data\raw\RGB1\S44\AC8\RGB1_SUB44ACT8F151.jpg,1,1,0.9665660262107849
729,44,8,181,D:\Skripsi\Experiment_TA\data\raw\RGB1\S44\AC8\RGB1_SUB44ACT8F181.jpg,1,1,0.9206310510635376
730,44,8,31,D:\Skripsi\Experiment_TA\data\raw\RGB1\S44\AC8\RGB1_SUB44ACT8F31.jpg,1,1,0.8830581903457642
731,44,8,61,D:\Skripsi\Experiment_TA\data\raw\RGB1\S44\AC8\RGB1_SUB44ACT8F61.jpg,1,1,0.85455721616745
732,44,8,91,D:\Skripsi\Experiment_TA\data\raw\RGB1\S44\AC8\RGB1_SUB44ACT8F91.jpg,1,1,0.7568544149398804
733,44,9,1,D:\Skripsi\Experiment_TA\data\raw\RGB1\S44\AC9\RGB1_SUB44ACT9F1.jpg,1,1,0.9009265303611755
734,44,9,121,D:\Skripsi\Experiment_TA\data\raw\RGB1\S44\AC9\RGB1_SUB44ACT9F121.jpg,1,1,0.8298865556716919
735,44,9,151,D:\Skripsi\Experiment_TA\data\raw\RGB1\S44\AC9\RGB1_SUB44ACT9F151.jpg,1,1,0.8377980589866638
736,44,9,181,D:\Skripsi\Experiment_TA\data\raw\RGB1\S44\AC9\RGB1_SUB44ACT9F181.jpg,1,1,0.6891319751739502
737,44,9,31,D:\Skripsi\Experiment_TA\data\raw\RGB1\S44\AC9\RGB1_SUB44ACT9F31.jpg,1,1,0.779242992401123
738,44,9,61,D:\Skripsi\Experiment_TA\data\raw\RGB1\S44\AC9\RGB1_SUB44ACT9F61.jpg,1,1,0.7618591785430908
739,44,9,91,D:\Skripsi\Experiment_TA\data\raw\RGB1\S44\AC9\RGB1_SUB44ACT9F91.jpg,1,1,0.8708783984184265
740,45,1,1,D:\Skripsi\Experiment_TA\data\raw\RGB1\S45\AC1\RGB1_SUB45ACT1F1.jpg,0,0,0.3197052776813507
741,45,1,121,D:\Skripsi\Experiment_TA\data\raw\RGB1\S45\AC1\RGB1_SUB45ACT1F121.jpg,0,0,0.15351666510105133
742,45,1,151,D:\Skripsi\Experiment_TA\data\raw\RGB1\S45\AC1\RGB1_SUB45ACT1F151.jpg,0,0,0.1871490180492401
743,45,1,31,D:\Skripsi\Experiment_TA\data\raw\RGB1\S45\AC1\RGB1_SUB45ACT1F31.jpg,0,0,0.275125652551651
744,45,1,61,D:\Skripsi\Experiment_TA\data\raw\RGB1\S45\AC1\RGB1_SUB45ACT1F61.jpg,0,0,0.3171360194683075
745,45,1,91,D:\Skripsi\Experiment_TA\data\raw\RGB1\S45\AC1\RGB1_SUB45ACT1F91.jpg,0,0,0.3177315890789032
746,45,5,1,D:\Skripsi\Experiment_TA\data\raw\RGB1\S45\AC5\RGB1_SUB45ACT5F1.jpg,1,1,0.6866746544837952
747,45,5,31,D:\Skripsi\Experiment_TA\data\raw\RGB1\S45\AC5\RGB1_SUB45ACT5F31.jpg,1,1,0.7271900773048401
748,45,5,61,D:\Skripsi\Experiment_TA\data\raw\RGB1\S45\AC5\RGB1_SUB45ACT5F61.jpg,1,1,0.685783863067627
749,45,5,91,D:\Skripsi\Experiment_TA\data\raw\RGB1\S45\AC5\RGB1_SUB45ACT5F91.jpg,1,1,0.9050439596176147
750,45,6,1,D:\Skripsi\Experiment_TA\data\raw\RGB1\S45\AC6\RGB1_SUB45ACT6F1.jpg,1,1,0.6500785946846008
751,45,6,121,D:\Skripsi\Experiment_TA\data\raw\RGB1\S45\AC6\RGB1_SUB45ACT6F121.jpg,1,1,0.8760860562324524
752,45,6,151,D:\Skripsi\Experiment_TA\data\raw\RGB1\S45\AC6\RGB1_SUB45ACT6F151.jpg,1,1,0.5752489566802979
753,45,6,31,D:\Skripsi\Experiment_TA\data\raw\RGB1\S45\AC6\RGB1_SUB45ACT6F31.jpg,1,1,0.5505689382553101
754,45,6,61,D:\Skripsi\Experiment_TA\data\raw\RGB1\S45\AC6\RGB1_SUB45ACT6F61.jpg,1,0,0.46880900859832764
755,45,6,91,D:\Skripsi\Experiment_TA\data\raw\RGB1\S45\AC6\RGB1_SUB45ACT6F91.jpg,1,0,0.46782493591308594
756,45,7,1,D:\Skripsi\Experiment_TA\data\raw\RGB1\S45\AC7\RGB1_SUB45ACT7F1.jpg,1,1,0.6477944850921631
757,45,7,121,D:\Skripsi\Experiment_TA\data\raw\RGB1\S45\AC7\RGB1_SUB45ACT7F121.jpg,1,1,0.9618169665336609
758,45,7,151,D:\Skripsi\Experiment_TA\data\raw\RGB1\S45\AC7\RGB1_SUB45ACT7F151.jpg,1,1,0.9915120005607605
759,45,7,181,D:\Skripsi\Experiment_TA\data\raw\RGB1\S45\AC7\RGB1_SUB45ACT7F181.jpg,1,1,0.9263442754745483
760,45,7,31,D:\Skripsi\Experiment_TA\data\raw\RGB1\S45\AC7\RGB1_SUB45ACT7F31.jpg,1,1,0.978339672088623
761,45,7,61,D:\Skripsi\Experiment_TA\data\raw\RGB1\S45\AC7\RGB1_SUB45ACT7F61.jpg,1,1,0.9743404984474182
762,45,7,91,D:\Skripsi\Experiment_TA\data\raw\RGB1\S45\AC7\RGB1_SUB45ACT7F91.jpg,1,1,0.9657436609268188
763,45,8,1,D:\Skripsi\Experiment_TA\data\raw\RGB1\S45\AC8\RGB1_SUB45ACT8F1.jpg,1,1,0.7387390732765198
764,45,8,121,D:\Skripsi\Experiment_TA\data\raw\RGB1\S45\AC8\RGB1_SUB45ACT8F121.jpg,1,1,0.9303276538848877
765,45,8,151,D:\Skripsi\Experiment_TA\data\raw\RGB1\S45\AC8\RGB1_SUB45ACT8F151.jpg,1,1,0.9129253625869751
766,45,8,181,D:\Skripsi\Experiment_TA\data\raw\RGB1\S45\AC8\RGB1_SUB45ACT8F181.jpg,1,1,0.7217760682106018
767,45,8,211,D:\Skripsi\Experiment_TA\data\raw\RGB1\S45\AC8\RGB1_SUB45ACT8F211.jpg,1,1,0.9393132328987122
768,45,8,31,D:\Skripsi\Experiment_TA\data\raw\RGB1\S45\AC8\RGB1_SUB45ACT8F31.jpg,1,1,0.9272902607917786
769,45,8,61,D:\Skripsi\Experiment_TA\data\raw\RGB1\S45\AC8\RGB1_SUB45ACT8F61.jpg,1,1,0.984186589717865
770,45,8,91,D:\Skripsi\Experiment_TA\data\raw\RGB1\S45\AC8\RGB1_SUB45ACT8F91.jpg,1,1,0.8046779036521912
771,45,9,1,D:\Skripsi\Experiment_TA\data\raw\RGB1\S45\AC9\RGB1_SUB45ACT9F1.jpg,1,1,0.6586151719093323
772,45,9,121,D:\Skripsi\Experiment_TA\data\raw\RGB1\S45\AC9\RGB1_SUB45ACT9F121.jpg,1,1,0.5172303915023804
773,45,9,151,D:\Skripsi\Experiment_TA\data\raw\RGB1\S45\AC9\RGB1_SUB45ACT9F151.jpg,1,1,0.6502020955085754
774,45,9,181,D:\Skripsi\Experiment_TA\data\raw\RGB1\S45\AC9\RGB1_SUB45ACT9F181.jpg,1,1,0.9096177816390991
775,45,9,211,D:\Skripsi\Experiment_TA\data\raw\RGB1\S45\AC9\RGB1_SUB45ACT9F211.jpg,1,1,0.5380879640579224
776,45,9,31,D:\Skripsi\Experiment_TA\data\raw\RGB1\S45\AC9\RGB1_SUB45ACT9F31.jpg,1,1,0.9417006373405457
777,45,9,61,D:\Skripsi\Experiment_TA\data\raw\RGB1\S45\AC9\RGB1_SUB45ACT9F61.jpg,1,0,0.49379780888557434
778,45,9,91,D:\Skripsi\Experiment_TA\data\raw\RGB1\S45\AC9\RGB1_SUB45ACT9F91.jpg,1,1,0.9664443135261536
779,46,1,1,D:\Skripsi\Experiment_TA\data\raw\RGB1\S46\AC1\RGB1_SUB46ACT1F1.jpg,0,0,0.2923118472099304
780,46,1,121,D:\Skripsi\Experiment_TA\data\raw\RGB1\S46\AC1\RGB1_SUB46ACT1F121.jpg,0,0,0.2493675798177719
781,46,1,151,D:\Skripsi\Experiment_TA\data\raw\RGB1\S46\AC1\RGB1_SUB46ACT1F151.jpg,0,0,0.3933923840522766
782,46,1,181,D:\Skripsi\Experiment_TA\data\raw\RGB1\S46\AC1\RGB1_SUB46ACT1F181.jpg,0,0,0.2934150695800781
783,46,1,211,D:\Skripsi\Experiment_TA\data\raw\RGB1\S46\AC1\RGB1_SUB46ACT1F211.jpg,0,0,0.29848724603652954
784,46,1,241,D:\Skripsi\Experiment_TA\data\raw\RGB1\S46\AC1\RGB1_SUB46ACT1F241.jpg,0,0,0.4324364960193634
785,46,1,31,D:\Skripsi\Experiment_TA\data\raw\RGB1\S46\AC1\RGB1_SUB46ACT1F31.jpg,0,0,0.24757812917232513
786,46,1,61,D:\Skripsi\Experiment_TA\data\raw\RGB1\S46\AC1\RGB1_SUB46ACT1F61.jpg,0,0,0.3286218047142029
787,46,1,91,D:\Skripsi\Experiment_TA\data\raw\RGB1\S46\AC1\RGB1_SUB46ACT1F91.jpg,0,0,0.3437088429927826
788,46,5,1,D:\Skripsi\Experiment_TA\data\raw\RGB1\S46\AC5\RGB1_SUB46ACT5F1.jpg,1,1,0.5013642311096191
789,46,5,121,D:\Skripsi\Experiment_TA\data\raw\RGB1\S46\AC5\RGB1_SUB46ACT5F121.jpg,1,0,0.4581255614757538
790,46,5,31,D:\Skripsi\Experiment_TA\data\raw\RGB1\S46\AC5\RGB1_SUB46ACT5F31.jpg,1,0,0.37543660402297974
791,46,5,61,D:\Skripsi\Experiment_TA\data\raw\RGB1\S46\AC5\RGB1_SUB46ACT5F61.jpg,1,1,0.6153557896614075
792,46,5,91,D:\Skripsi\Experiment_TA\data\raw\RGB1\S46\AC5\RGB1_SUB46ACT5F91.jpg,1,0,0.4283740818500519
793,46,6,1,D:\Skripsi\Experiment_TA\data\raw\RGB1\S46\AC6\RGB1_SUB46ACT6F1.jpg,1,1,0.9028490781784058
794,46,6,121,D:\Skripsi\Experiment_TA\data\raw\RGB1\S46\AC6\RGB1_SUB46ACT6F121.jpg,1,1,0.6090987324714661
795,46,6,31,D:\Skripsi\Experiment_TA\data\raw\RGB1\S46\AC6\RGB1_SUB46ACT6F31.jpg,1,1,0.8770080804824829
796,46,6,61,D:\Skripsi\Experiment_TA\data\raw\RGB1\S46\AC6\RGB1_SUB46ACT6F61.jpg,1,1,0.8694053292274475
797,46,6,91,D:\Skripsi\Experiment_TA\data\raw\RGB1\S46\AC6\RGB1_SUB46ACT6F91.jpg,1,1,0.5173079371452332
798,46,7,1,D:\Skripsi\Experiment_TA\data\raw\RGB1\S46\AC7\RGB1_SUB46ACT7F1.jpg,1,1,0.9116851091384888
799,46,7,121,D:\Skripsi\Experiment_TA\data\raw\RGB1\S46\AC7\RGB1_SUB46ACT7F121.jpg,1,1,0.9374493360519409
800,46,7,31,D:\Skripsi\Experiment_TA\data\raw\RGB1\S46\AC7\RGB1_SUB46ACT7F31.jpg,1,1,0.9225211143493652
801,46,7,61,D:\Skripsi\Experiment_TA\data\raw\RGB1\S46\AC7\RGB1_SUB46ACT7F61.jpg,1,1,0.8691977858543396
802,46,7,91,D:\Skripsi\Experiment_TA\data\raw\RGB1\S46\AC7\RGB1_SUB46ACT7F91.jpg,1,1,0.9686846733093262
803,46,8,1,D:\Skripsi\Experiment_TA\data\raw\RGB1\S46\AC8\RGB1_SUB46ACT8F1.jpg,1,1,0.9246200323104858
804,46,8,121,D:\Skripsi\Experiment_TA\data\raw\RGB1\S46\AC8\RGB1_SUB46ACT8F121.jpg,1,1,0.7394155859947205
805,46,8,151,D:\Skripsi\Experiment_TA\data\raw\RGB1\S46\AC8\RGB1_SUB46ACT8F151.jpg,1,1,0.8365684151649475
806,46,8,31,D:\Skripsi\Experiment_TA\data\raw\RGB1\S46\AC8\RGB1_SUB46ACT8F31.jpg,1,1,0.8668347001075745
807,46,8,61,D:\Skripsi\Experiment_TA\data\raw\RGB1\S46\AC8\RGB1_SUB46ACT8F61.jpg,1,1,0.8755608201026917
808,46,8,91,D:\Skripsi\Experiment_TA\data\raw\RGB1\S46\AC8\RGB1_SUB46ACT8F91.jpg,1,1,0.588701069355011
809,46,9,1,D:\Skripsi\Experiment_TA\data\raw\RGB1\S46\AC9\RGB1_SUB46ACT9F1.jpg,1,1,0.9056484699249268
810,46,9,31,D:\Skripsi\Experiment_TA\data\raw\RGB1\S46\AC9\RGB1_SUB46ACT9F31.jpg,1,1,0.5633686184883118
811,46,9,61,D:\Skripsi\Experiment_TA\data\raw\RGB1\S46\AC9\RGB1_SUB46ACT9F61.jpg,1,1,0.6003862619400024
812,47,1,1,D:\Skripsi\Experiment_TA\data\raw\RGB1\S47\AC1\RGB1_SUB47ACT1F1.jpg,0,0,0.18843767046928406
813,47,1,121,D:\Skripsi\Experiment_TA\data\raw\RGB1\S47\AC1\RGB1_SUB47ACT1F121.jpg,0,0,0.4515256881713867
814,47,1,151,D:\Skripsi\Experiment_TA\data\raw\RGB1\S47\AC1\RGB1_SUB47ACT1F151.jpg,0,0,0.40074509382247925
815,47,1,181,D:\Skripsi\Experiment_TA\data\raw\RGB1\S47\AC1\RGB1_SUB47ACT1F181.jpg,0,1,0.5434934496879578
816,47,1,31,D:\Skripsi\Experiment_TA\data\raw\RGB1\S47\AC1\RGB1_SUB47ACT1F31.jpg,0,0,0.3559070825576782
817,47,1,61,D:\Skripsi\Experiment_TA\data\raw\RGB1\S47\AC1\RGB1_SUB47ACT1F61.jpg,0,0,0.2737390697002411
818,47,1,91,D:\Skripsi\Experiment_TA\data\raw\RGB1\S47\AC1\RGB1_SUB47ACT1F91.jpg,0,0,0.2555112838745117
819,47,5,1,D:\Skripsi\Experiment_TA\data\raw\RGB1\S47\AC5\RGB1_SUB47ACT5F1.jpg,1,1,0.8363710045814514
820,47,5,31,D:\Skripsi\Experiment_TA\data\raw\RGB1\S47\AC5\RGB1_SUB47ACT5F31.jpg,1,1,0.9216465950012207
821,47,5,61,D:\Skripsi\Experiment_TA\data\raw\RGB1\S47\AC5\RGB1_SUB47ACT5F61.jpg,1,1,0.5860437750816345
822,47,5,91,D:\Skripsi\Experiment_TA\data\raw\RGB1\S47\AC5\RGB1_SUB47ACT5F91.jpg,1,1,0.7893866300582886
823,47,6,1,D:\Skripsi\Experiment_TA\data\raw\RGB1\S47\AC6\RGB1_SUB47ACT6F1.jpg,1,1,0.733370840549469
824,47,6,31,D:\Skripsi\Experiment_TA\data\raw\RGB1\S47\AC6\RGB1_SUB47ACT6F31.jpg,1,1,0.6582266092300415
825,47,6,61,D:\Skripsi\Experiment_TA\data\raw\RGB1\S47\AC6\RGB1_SUB47ACT6F61.jpg,1,1,0.6894293427467346
826,47,6,91,D:\Skripsi\Experiment_TA\data\raw\RGB1\S47\AC6\RGB1_SUB47ACT6F91.jpg,1,1,0.7240455746650696
827,47,7,1,D:\Skripsi\Experiment_TA\data\raw\RGB1\S47\AC7\RGB1_SUB47ACT7F1.jpg,1,1,0.9684646129608154
828,47,7,121,D:\Skripsi\Experiment_TA\data\raw\RGB1\S47\AC7\RGB1_SUB47ACT7F121.jpg,1,1,0.9547821283340454
829,47,7,151,D:\Skripsi\Experiment_TA\data\raw\RGB1\S47\AC7\RGB1_SUB47ACT7F151.jpg,1,1,0.9918349981307983
830,47,7,31,D:\Skripsi\Experiment_TA\data\raw\RGB1\S47\AC7\RGB1_SUB47ACT7F31.jpg,1,1,0.9517916440963745
831,47,7,61,D:\Skripsi\Experiment_TA\data\raw\RGB1\S47\AC7\RGB1_SUB47ACT7F61.jpg,1,1,0.9004489779472351
832,47,7,91,D:\Skripsi\Experiment_TA\data\raw\RGB1\S47\AC7\RGB1_SUB47ACT7F91.jpg,1,1,0.9015089869499207
833,47,8,1,D:\Skripsi\Experiment_TA\data\raw\RGB1\S47\AC8\RGB1_SUB47ACT8F1.jpg,1,1,0.7288293242454529
834,47,8,121,D:\Skripsi\Experiment_TA\data\raw\RGB1\S47\AC8\RGB1_SUB47ACT8F121.jpg,1,1,0.6607739329338074
835,47,8,151,D:\Skripsi\Experiment_TA\data\raw\RGB1\S47\AC8\RGB1_SUB47ACT8F151.jpg,1,1,0.8030101656913757
836,47,8,31,D:\Skripsi\Experiment_TA\data\raw\RGB1\S47\AC8\RGB1_SUB47ACT8F31.jpg,1,1,0.6305487155914307
837,47,8,61,D:\Skripsi\Experiment_TA\data\raw\RGB1\S47\AC8\RGB1_SUB47ACT8F61.jpg,1,1,0.8970596194267273
838,47,8,91,D:\Skripsi\Experiment_TA\data\raw\RGB1\S47\AC8\RGB1_SUB47ACT8F91.jpg,1,1,0.7950119376182556
839,47,9,1,D:\Skripsi\Experiment_TA\data\raw\RGB1\S47\AC9\RGB1_SUB47ACT9F1.jpg,1,1,0.9738693833351135
840,47,9,121,D:\Skripsi\Experiment_TA\data\raw\RGB1\S47\AC9\RGB1_SUB47ACT9F121.jpg,1,1,0.7064440846443176
841,47,9,151,D:\Skripsi\Experiment_TA\data\raw\RGB1\S47\AC9\RGB1_SUB47ACT9F151.jpg,1,1,0.8742552995681763
842,47,9,31,D:\Skripsi\Experiment_TA\data\raw\RGB1\S47\AC9\RGB1_SUB47ACT9F31.jpg,1,1,0.8563956618309021
843,47,9,61,D:\Skripsi\Experiment_TA\data\raw\RGB1\S47\AC9\RGB1_SUB47ACT9F61.jpg,1,1,0.8916054964065552
844,47,9,91,D:\Skripsi\Experiment_TA\data\raw\RGB1\S47\AC9\RGB1_SUB47ACT9F91.jpg,1,1,0.8253889679908752
845,48,1,1,D:\Skripsi\Experiment_TA\data\raw\RGB1\S48\AC1\RGB1_SUB48ACT1F1.jpg,0,1,0.5134834051132202
846,48,1,121,D:\Skripsi\Experiment_TA\data\raw\RGB1\S48\AC1\RGB1_SUB48ACT1F121.jpg,0,1,0.6537331938743591
847,48,1,31,D:\Skripsi\Experiment_TA\data\raw\RGB1\S48\AC1\RGB1_SUB48ACT1F31.jpg,0,1,0.6203102469444275
848,48,1,61,D:\Skripsi\Experiment_TA\data\raw\RGB1\S48\AC1\RGB1_SUB48ACT1F61.jpg,0,1,0.7499756217002869
849,48,1,91,D:\Skripsi\Experiment_TA\data\raw\RGB1\S48\AC1\RGB1_SUB48ACT1F91.jpg,0,0,0.48221540451049805
850,48,5,1,D:\Skripsi\Experiment_TA\data\raw\RGB1\S48\AC5\RGB1_SUB48ACT5F1.jpg,1,1,0.9138582944869995
851,48,5,121,D:\Skripsi\Experiment_TA\data\raw\RGB1\S48\AC5\RGB1_SUB48ACT5F121.jpg,1,1,0.8854773640632629
852,48,5,31,D:\Skripsi\Experiment_TA\data\raw\RGB1\S48\AC5\RGB1_SUB48ACT5F31.jpg,1,1,0.8179951310157776
853,48,5,61,D:\Skripsi\Experiment_TA\data\raw\RGB1\S48\AC5\RGB1_SUB48ACT5F61.jpg,1,1,0.8976675271987915
854,48,5,91,D:\Skripsi\Experiment_TA\data\raw\RGB1\S48\AC5\RGB1_SUB48ACT5F91.jpg,1,1,0.9508745670318604
855,48,6,1,D:\Skripsi\Experiment_TA\data\raw\RGB1\S48\AC6\RGB1_SUB48ACT6F1.jpg,1,1,0.9158920645713806
856,48,6,31,D:\Skripsi\Experiment_TA\data\raw\RGB1\S48\AC6\RGB1_SUB48ACT6F31.jpg,1,1,0.942612886428833
857,48,6,61,D:\Skripsi\Experiment_TA\data\raw\RGB1\S48\AC6\RGB1_SUB48ACT6F61.jpg,1,1,0.8443355560302734
858,48,6,91,D:\Skripsi\Experiment_TA\data\raw\RGB1\S48\AC6\RGB1_SUB48ACT6F91.jpg,1,1,0.846045732498169
859,48,7,1,D:\Skripsi\Experiment_TA\data\raw\RGB1\S48\AC7\RGB1_SUB48ACT7F1.jpg,1,1,0.9672195315361023
860,48,7,121,D:\Skripsi\Experiment_TA\data\raw\RGB1\S48\AC7\RGB1_SUB48ACT7F121.jpg,1,1,0.8299211263656616
861,48,7,151,D:\Skripsi\Experiment_TA\data\raw\RGB1\S48\AC7\RGB1_SUB48ACT7F151.jpg,1,1,0.8703084588050842
862,48,7,181,D:\Skripsi\Experiment_TA\data\raw\RGB1\S48\AC7\RGB1_SUB48ACT7F181.jpg,1,1,0.891186535358429
863,48,7,31,D:\Skripsi\Experiment_TA\data\raw\RGB1\S48\AC7\RGB1_SUB48ACT7F31.jpg,1,1,0.9664573073387146
864,48,7,61,D:\Skripsi\Experiment_TA\data\raw\RGB1\S48\AC7\RGB1_SUB48ACT7F61.jpg,1,1,0.9943239688873291
865,48,7,91,D:\Skripsi\Experiment_TA\data\raw\RGB1\S48\AC7\RGB1_SUB48ACT7F91.jpg,1,1,0.9857083559036255
866,48,8,1,D:\Skripsi\Experiment_TA\data\raw\RGB1\S48\AC8\RGB1_SUB48ACT8F1.jpg,1,1,0.9531633853912354
867,48,8,121,D:\Skripsi\Experiment_TA\data\raw\RGB1\S48\AC8\RGB1_SUB48ACT8F121.jpg,1,1,0.81931072473526
868,48,8,151,D:\Skripsi\Experiment_TA\data\raw\RGB1\S48\AC8\RGB1_SUB48ACT8F151.jpg,1,1,0.7774578332901001
869,48,8,181,D:\Skripsi\Experiment_TA\data\raw\RGB1\S48\AC8\RGB1_SUB48ACT8F181.jpg,1,1,0.8110743761062622
870,48,8,31,D:\Skripsi\Experiment_TA\data\raw\RGB1\S48\AC8\RGB1_SUB48ACT8F31.jpg,1,1,0.8954269886016846
871,48,8,61,D:\Skripsi\Experiment_TA\data\raw\RGB1\S48\AC8\RGB1_SUB48ACT8F61.jpg,1,1,0.9064026474952698
872,48,8,91,D:\Skripsi\Experiment_TA\data\raw\RGB1\S48\AC8\RGB1_SUB48ACT8F91.jpg,1,1,0.9241799712181091
873,48,9,1,D:\Skripsi\Experiment_TA\data\raw\RGB1\S48\AC9\RGB1_SUB48ACT9F1.jpg,1,1,0.8841554522514343
874,48,9,121,D:\Skripsi\Experiment_TA\data\raw\RGB1\S48\AC9\RGB1_SUB48ACT9F121.jpg,1,1,0.8321022987365723
875,48,9,151,D:\Skripsi\Experiment_TA\data\raw\RGB1\S48\AC9\RGB1_SUB48ACT9F151.jpg,1,1,0.9235743880271912
876,48,9,31,D:\Skripsi\Experiment_TA\data\raw\RGB1\S48\AC9\RGB1_SUB48ACT9F31.jpg,1,1,0.9609506130218506
877,48,9,61,D:\Skripsi\Experiment_TA\data\raw\RGB1\S48\AC9\RGB1_SUB48ACT9F61.jpg,1,1,0.9156530499458313
878,48,9,91,D:\Skripsi\Experiment_TA\data\raw\RGB1\S48\AC9\RGB1_SUB48ACT9F91.jpg,1,1,0.8763967752456665
879,49,1,1,D:\Skripsi\Experiment_TA\data\raw\RGB1\S49\AC1\RGB1_SUB49ACT1F1.jpg,0,1,0.6177733540534973
880,49,1,121,D:\Skripsi\Experiment_TA\data\raw\RGB1\S49\AC1\RGB1_SUB49ACT1F121.jpg,0,0,0.3380669951438904
881,49,1,151,D:\Skripsi\Experiment_TA\data\raw\RGB1\S49\AC1\RGB1_SUB49ACT1F151.jpg,0,0,0.31970465183258057
882,49,1,31,D:\Skripsi\Experiment_TA\data\raw\RGB1\S49\AC1\RGB1_SUB49ACT1F31.jpg,0,0,0.17265240848064423
883,49,1,61,D:\Skripsi\Experiment_TA\data\raw\RGB1\S49\AC1\RGB1_SUB49ACT1F61.jpg,0,0,0.2548644542694092
884,49,1,91,D:\Skripsi\Experiment_TA\data\raw\RGB1\S49\AC1\RGB1_SUB49ACT1F91.jpg,0,0,0.29604265093803406
885,49,5,1,D:\Skripsi\Experiment_TA\data\raw\RGB1\S49\AC5\RGB1_SUB49ACT5F1.jpg,1,1,0.8075768947601318
886,49,5,121,D:\Skripsi\Experiment_TA\data\raw\RGB1\S49\AC5\RGB1_SUB49ACT5F121.jpg,1,1,0.9848344326019287
887,49,5,151,D:\Skripsi\Experiment_TA\data\raw\RGB1\S49\AC5\RGB1_SUB49ACT5F151.jpg,1,1,0.6592016220092773
888,49,5,31,D:\Skripsi\Experiment_TA\data\raw\RGB1\S49\AC5\RGB1_SUB49ACT5F31.jpg,1,1,0.9803158640861511
889,49,5,61,D:\Skripsi\Experiment_TA\data\raw\RGB1\S49\AC5\RGB1_SUB49ACT5F61.jpg,1,1,0.9758147597312927
890,49,5,91,D:\Skripsi\Experiment_TA\data\raw\RGB1\S49\AC5\RGB1_SUB49ACT5F91.jpg,1,1,0.9308997988700867
891,49,6,1,D:\Skripsi\Experiment_TA\data\raw\RGB1\S49\AC6\RGB1_SUB49ACT6F1.jpg,1,1,0.8708610534667969
892,49,6,121,D:\Skripsi\Experiment_TA\data\raw\RGB1\S49\AC6\RGB1_SUB49ACT6F121.jpg,1,1,0.95876544713974
893,49,6,151,D:\Skripsi\Experiment_TA\data\raw\RGB1\S49\AC6\RGB1_SUB49ACT6F151.jpg,1,1,0.9501746296882629
894,49,6,181,D:\Skripsi\Experiment_TA\data\raw\RGB1\S49\AC6\RGB1_SUB49ACT6F181.jpg,1,1,0.895500898361206
895,49,6,31,D:\Skripsi\Experiment_TA\data\raw\RGB1\S49\AC6\RGB1_SUB49ACT6F31.jpg,1,1,0.953026294708252
896,49,6,61,D:\Skripsi\Experiment_TA\data\raw\RGB1\S49\AC6\RGB1_SUB49ACT6F61.jpg,1,1,0.9588645100593567
897,49,6,91,D:\Skripsi\Experiment_TA\data\raw\RGB1\S49\AC6\RGB1_SUB49ACT6F91.jpg,1,1,0.9702494740486145
898,49,7,1,D:\Skripsi\Experiment_TA\data\raw\RGB1\S49\AC7\RGB1_SUB49ACT7F1.jpg,1,1,0.8070008754730225
899,49,7,121,D:\Skripsi\Experiment_TA\data\raw\RGB1\S49\AC7\RGB1_SUB49ACT7F121.jpg,1,1,0.8209068179130554
900,49,7,31,D:\Skripsi\Experiment_TA\data\raw\RGB1\S49\AC7\RGB1_SUB49ACT7F31.jpg,1,1,0.8980040550231934
901,49,7,61,D:\Skripsi\Experiment_TA\data\raw\RGB1\S49\AC7\RGB1_SUB49ACT7F61.jpg,1,1,0.8669551014900208
902,49,7,91,D:\Skripsi\Experiment_TA\data\raw\RGB1\S49\AC7\RGB1_SUB49ACT7F91.jpg,1,1,0.8199147582054138
903,49,8,1,D:\Skripsi\Experiment_TA\data\raw\RGB1\S49\AC8\RGB1_SUB49ACT8F1.jpg,1,1,0.9341872334480286
904,49,8,121,D:\Skripsi\Experiment_TA\data\raw\RGB1\S49\AC8\RGB1_SUB49ACT8F121.jpg,1,1,0.7364523410797119
905,49,8,151,D:\Skripsi\Experiment_TA\data\raw\RGB1\S49\AC8\RGB1_SUB49ACT8F151.jpg,1,1,0.8940455913543701
906,49,8,181,D:\Skripsi\Experiment_TA\data\raw\RGB1\S49\AC8\RGB1_SUB49ACT8F181.jpg,1,1,0.6708013415336609
907,49,8,211,D:\Skripsi\Experiment_TA\data\raw\RGB1\S49\AC8\RGB1_SUB49ACT8F211.jpg,1,1,0.8407911062240601
908,49,8,31,D:\Skripsi\Experiment_TA\data\raw\RGB1\S49\AC8\RGB1_SUB49ACT8F31.jpg,1,1,0.7178056836128235
909,49,8,61,D:\Skripsi\Experiment_TA\data\raw\RGB1\S49\AC8\RGB1_SUB49ACT8F61.jpg,1,1,0.8877805471420288
910,49,8,91,D:\Skripsi\Experiment_TA\data\raw\RGB1\S49\AC8\RGB1_SUB49ACT8F91.jpg,1,1,0.763774037361145
911,49,9,1,D:\Skripsi\Experiment_TA\data\raw\RGB1\S49\AC9\RGB1_SUB49ACT9F1.jpg,1,1,0.8714539408683777
912,49,9,121,D:\Skripsi\Experiment_TA\data\raw\RGB1\S49\AC9\RGB1_SUB49ACT9F121.jpg,1,1,0.5037723779678345
913,49,9,151,D:\Skripsi\Experiment_TA\data\raw\RGB1\S49\AC9\RGB1_SUB49ACT9F151.jpg,1,1,0.8623705506324768
914,49,9,181,D:\Skripsi\Experiment_TA\data\raw\RGB1\S49\AC9\RGB1_SUB49ACT9F181.jpg,1,1,0.8810513615608215
915,49,9,31,D:\Skripsi\Experiment_TA\data\raw\RGB1\S49\AC9\RGB1_SUB49ACT9F31.jpg,1,0,0.49928057193756104
916,49,9,61,D:\Skripsi\Experiment_TA\data\raw\RGB1\S49\AC9\RGB1_SUB49ACT9F61.jpg,1,1,0.986445963382721
917,49,9,91,D:\Skripsi\Experiment_TA\data\raw\RGB1\S49\AC9\RGB1_SUB49ACT9F91.jpg,1,0,0.42003700137138367
918,5,1,1,D:\Skripsi\Experiment_TA\data\raw\RGB1\S5\AC1\RGB1_SUB5ACT1F1.jpg,0,0,0.49869436025619507
919,5,1,121,D:\Skripsi\Experiment_TA\data\raw\RGB1\S5\AC1\RGB1_SUB5ACT1F121.jpg,0,0,0.39490678906440735
920,5,1,31,D:\Skripsi\Experiment_TA\data\raw\RGB1\S5\AC1\RGB1_SUB5ACT1F31.jpg,0,1,0.6495907306671143
921,5,1,61,D:\Skripsi\Experiment_TA\data\raw\RGB1\S5\AC1\RGB1_SUB5ACT1F61.jpg,0,1,0.6217983365058899
922,5,1,91,D:\Skripsi\Experiment_TA\data\raw\RGB1\S5\AC1\RGB1_SUB5ACT1F91.jpg,0,0,0.47477689385414124
923,5,5,1,D:\Skripsi\Experiment_TA\data\raw\RGB1\S5\AC5\RGB1_SUB5ACT5F1.jpg,1,1,0.6109276413917542
924,5,5,121,D:\Skripsi\Experiment_TA\data\raw\RGB1\S5\AC5\RGB1_SUB5ACT5F121.jpg,1,1,0.5283195376396179
925,5,5,31,D:\Skripsi\Experiment_TA\data\raw\RGB1\S5\AC5\RGB1_SUB5ACT5F31.jpg,1,0,0.45716631412506104
926,5,5,61,D:\Skripsi\Experiment_TA\data\raw\RGB1\S5\AC5\RGB1_SUB5ACT5F61.jpg,1,1,0.8977532386779785
927,5,5,91,D:\Skripsi\Experiment_TA\data\raw\RGB1\S5\AC5\RGB1_SUB5ACT5F91.jpg,1,1,0.9120749831199646
928,5,6,1,D:\Skripsi\Experiment_TA\data\raw\RGB1\S5\AC6\RGB1_SUB5ACT6F1.jpg,1,1,0.9303979277610779
929,5,6,121,D:\Skripsi\Experiment_TA\data\raw\RGB1\S5\AC6\RGB1_SUB5ACT6F121.jpg,1,1,0.7147605419158936
930,5,6,31,D:\Skripsi\Experiment_TA\data\raw\RGB1\S5\AC6\RGB1_SUB5ACT6F31.jpg,1,1,0.8211647272109985
931,5,6,61,D:\Skripsi\Experiment_TA\data\raw\RGB1\S5\AC6\RGB1_SUB5ACT6F61.jpg,1,1,0.8827424645423889
932,5,6,91,D:\Skripsi\Experiment_TA\data\raw\RGB1\S5\AC6\RGB1_SUB5ACT6F91.jpg,1,1,0.8254373073577881
933,5,7,1,D:\Skripsi\Experiment_TA\data\raw\RGB1\S5\AC7\RGB1_SUB5ACT7F1.jpg,1,1,0.9148736000061035
934,5,7,121,D:\Skripsi\Experiment_TA\data\raw\RGB1\S5\AC7\RGB1_SUB5ACT7F121.jpg,1,1,0.9799994230270386
935,5,7,151,D:\Skripsi\Experiment_TA\data\raw\RGB1\S5\AC7\RGB1_SUB5ACT7F151.jpg,1,1,0.968204140663147
936,5,7,31,D:\Skripsi\Experiment_TA\data\raw\RGB1\S5\AC7\RGB1_SUB5ACT7F31.jpg,1,1,0.9839328527450562
937,5,7,61,D:\Skripsi\Experiment_TA\data\raw\RGB1\S5\AC7\RGB1_SUB5ACT7F61.jpg,1,1,0.9925172328948975
938,5,7,91,D:\Skripsi\Experiment_TA\data\raw\RGB1\S5\AC7\RGB1_SUB5ACT7F91.jpg,1,1,0.9901230931282043
939,5,8,1,D:\Skripsi\Experiment_TA\data\raw\RGB1\S5\AC8\RGB1_SUB5ACT8F1.jpg,1,1,0.9490081071853638
940,5,8,121,D:\Skripsi\Experiment_TA\data\raw\RGB1\S5\AC8\RGB1_SUB5ACT8F121.jpg,1,1,0.6820583343505859
941,5,8,151,D:\Skripsi\Experiment_TA\data\raw\RGB1\S5\AC8\RGB1_SUB5ACT8F151.jpg,1,1,0.6811376214027405
942,5,8,31,D:\Skripsi\Experiment_TA\data\raw\RGB1\S5\AC8\RGB1_SUB5ACT8F31.jpg,1,1,0.7066845297813416
943,5,8,61,D:\Skripsi\Experiment_TA\data\raw\RGB1\S5\AC8\RGB1_SUB5ACT8F61.jpg,1,1,0.8208751678466797
944,5,8,91,D:\Skripsi\Experiment_TA\data\raw\RGB1\S5\AC8\RGB1_SUB5ACT8F91.jpg,1,1,0.8824167251586914
945,5,9,1,D:\Skripsi\Experiment_TA\data\raw\RGB1\S5\AC9\RGB1_SUB5ACT9F1.jpg,1,1,0.6105914115905762
946,5,9,121,D:\Skripsi\Experiment_TA\data\raw\RGB1\S5\AC9\RGB1_SUB5ACT9F121.jpg,1,1,0.8842718601226807
947,5,9,151,D:\Skripsi\Experiment_TA\data\raw\RGB1\S5\AC9\RGB1_SUB5ACT9F151.jpg,1,1,0.943162202835083
948,5,9,31,D:\Skripsi\Experiment_TA\data\raw\RGB1\S5\AC9\RGB1_SUB5ACT9F31.jpg,1,1,0.639979362487793
949,5,9,61,D:\Skripsi\Experiment_TA\data\raw\RGB1\S5\AC9\RGB1_SUB5ACT9F61.jpg,1,1,0.7467394471168518
950,5,9,91,D:\Skripsi\Experiment_TA\data\raw\RGB1\S5\AC9\RGB1_SUB5ACT9F91.jpg,1,1,0.9122206568717957
951,50,1,1,D:\Skripsi\Experiment_TA\data\raw\RGB1\S50\AC1\RGB1_SUB50ACT1F1.jpg,0,0,0.32766300439834595
952,50,1,31,D:\Skripsi\Experiment_TA\data\raw\RGB1\S50\AC1\RGB1_SUB50ACT1F31.jpg,0,0,0.2661684453487396
953,50,1,61,D:\Skripsi\Experiment_TA\data\raw\RGB1\S50\AC1\RGB1_SUB50ACT1F61.jpg,0,0,0.3071388304233551
954,50,1,91,D:\Skripsi\Experiment_TA\data\raw\RGB1\S50\AC1\RGB1_SUB50ACT1F91.jpg,0,1,0.5303930044174194
955,50,5,1,D:\Skripsi\Experiment_TA\data\raw\RGB1\S50\AC5\RGB1_SUB50ACT5F1.jpg,1,1,0.838997483253479
956,50,5,121,D:\Skripsi\Experiment_TA\data\raw\RGB1\S50\AC5\RGB1_SUB50ACT5F121.jpg,1,1,0.953660786151886
957,50,5,31,D:\Skripsi\Experiment_TA\data\raw\RGB1\S50\AC5\RGB1_SUB50ACT5F31.jpg,1,1,0.7757453918457031
958,50,5,61,D:\Skripsi\Experiment_TA\data\raw\RGB1\S50\AC5\RGB1_SUB50ACT5F61.jpg,1,1,0.765941321849823
959,50,5,91,D:\Skripsi\Experiment_TA\data\raw\RGB1\S50\AC5\RGB1_SUB50ACT5F91.jpg,1,1,0.9091652631759644
960,50,6,1,D:\Skripsi\Experiment_TA\data\raw\RGB1\S50\AC6\RGB1_SUB50ACT6F1.jpg,1,1,0.5549178123474121
961,50,6,121,D:\Skripsi\Experiment_TA\data\raw\RGB1\S50\AC6\RGB1_SUB50ACT6F121.jpg,1,1,0.6067190170288086
962,50,6,31,D:\Skripsi\Experiment_TA\data\raw\RGB1\S50\AC6\RGB1_SUB50ACT6F31.jpg,1,1,0.7633903622627258
963,50,6,61,D:\Skripsi\Experiment_TA\data\raw\RGB1\S50\AC6\RGB1_SUB50ACT6F61.jpg,1,1,0.5110242962837219
964,50,6,91,D:\Skripsi\Experiment_TA\data\raw\RGB1\S50\AC6\RGB1_SUB50ACT6F91.jpg,1,1,0.7702151536941528
965,50,7,1,D:\Skripsi\Experiment_TA\data\raw\RGB1\S50\AC7\RGB1_SUB50ACT7F1.jpg,1,1,0.827592134475708
966,50,7,121,D:\Skripsi\Experiment_TA\data\raw\RGB1\S50\AC7\RGB1_SUB50ACT7F121.jpg,1,1,0.9436154961585999
967,50,7,31,D:\Skripsi\Experiment_TA\data\raw\RGB1\S50\AC7\RGB1_SUB50ACT7F31.jpg,1,1,0.9412983655929565
968,50,7,61,D:\Skripsi\Experiment_TA\data\raw\RGB1\S50\AC7\RGB1_SUB50ACT7F61.jpg,1,1,0.9711266756057739
969,50,7,91,D:\Skripsi\Experiment_TA\data\raw\RGB1\S50\AC7\RGB1_SUB50ACT7F91.jpg,1,1,0.9767513275146484
970,50,8,1,D:\Skripsi\Experiment_TA\data\raw\RGB1\S50\AC8\RGB1_SUB50ACT8F1.jpg,1,1,0.5946670770645142
971,50,8,121,D:\Skripsi\Experiment_TA\data\raw\RGB1\S50\AC8\RGB1_SUB50ACT8F121.jpg,1,1,0.7090204954147339
972,50,8,151,D:\Skripsi\Experiment_TA\data\raw\RGB1\S50\AC8\RGB1_SUB50ACT8F151.jpg,1,1,0.6604334712028503
973,50,8,181,D:\Skripsi\Experiment_TA\data\raw\RGB1\S50\AC8\RGB1_SUB50ACT8F181.jpg,1,1,0.5269047617912292
974,50,8,211,D:\Skripsi\Experiment_TA\data\raw\RGB1\S50\AC8\RGB1_SUB50ACT8F211.jpg,1,1,0.8356279134750366
975,50,8,31,D:\Skripsi\Experiment_TA\data\raw\RGB1\S50\AC8\RGB1_SUB50ACT8F31.jpg,1,1,0.8730467557907104
976,50,8,61,D:\Skripsi\Experiment_TA\data\raw\RGB1\S50\AC8\RGB1_SUB50ACT8F61.jpg,1,1,0.9014609456062317
977,50,8,91,D:\Skripsi\Experiment_TA\data\raw\RGB1\S50\AC8\RGB1_SUB50ACT8F91.jpg,1,1,0.8487163782119751
978,50,9,1,D:\Skripsi\Experiment_TA\data\raw\RGB1\S50\AC9\RGB1_SUB50ACT9F1.jpg,1,1,0.9311798214912415
979,50,9,121,D:\Skripsi\Experiment_TA\data\raw\RGB1\S50\AC9\RGB1_SUB50ACT9F121.jpg,1,1,0.6090485453605652
980,50,9,151,D:\Skripsi\Experiment_TA\data\raw\RGB1\S50\AC9\RGB1_SUB50ACT9F151.jpg,1,1,0.967705249786377
981,50,9,181,D:\Skripsi\Experiment_TA\data\raw\RGB1\S50\AC9\RGB1_SUB50ACT9F181.jpg,1,1,0.988620400428772
982,50,9,31,D:\Skripsi\Experiment_TA\data\raw\RGB1\S50\AC9\RGB1_SUB50ACT9F31.jpg,1,1,0.9480851292610168
983,50,9,61,D:\Skripsi\Experiment_TA\data\raw\RGB1\S50\AC9\RGB1_SUB50ACT9F61.jpg,1,1,0.9045668840408325
984,50,9,91,D:\Skripsi\Experiment_TA\data\raw\RGB1\S50\AC9\RGB1_SUB50ACT9F91.jpg,1,1,0.858371913433075
985,6,1,1,D:\Skripsi\Experiment_TA\data\raw\RGB1\S6\AC1\RGB1_SUB6ACT1F1.jpg,0,0,0.40983468294143677
986,6,1,121,D:\Skripsi\Experiment_TA\data\raw\RGB1\S6\AC1\RGB1_SUB6ACT1F121.jpg,0,0,0.3871539533138275
987,6,1,31,D:\Skripsi\Experiment_TA\data\raw\RGB1\S6\AC1\RGB1_SUB6ACT1F31.jpg,0,0,0.3172265887260437
988,6,1,61,D:\Skripsi\Experiment_TA\data\raw\RGB1\S6\AC1\RGB1_SUB6ACT1F61.jpg,0,0,0.31464633345603943
989,6,1,91,D:\Skripsi\Experiment_TA\data\raw\RGB1\S6\AC1\RGB1_SUB6ACT1F91.jpg,0,0,0.17787694931030273
990,6,5,1,D:\Skripsi\Experiment_TA\data\raw\RGB1\S6\AC5\RGB1_SUB6ACT5F1.jpg,1,1,0.6956605911254883
991,6,5,121,D:\Skripsi\Experiment_TA\data\raw\RGB1\S6\AC5\RGB1_SUB6ACT5F121.jpg,1,1,0.7870904803276062
992,6,5,31,D:\Skripsi\Experiment_TA\data\raw\RGB1\S6\AC5\RGB1_SUB6ACT5F31.jpg,1,1,0.9279794692993164
993,6,5,61,D:\Skripsi\Experiment_TA\data\raw\RGB1\S6\AC5\RGB1_SUB6ACT5F61.jpg,1,1,0.9698700904846191
994,6,5,91,D:\Skripsi\Experiment_TA\data\raw\RGB1\S6\AC5\RGB1_SUB6ACT5F91.jpg,1,1,0.992465615272522
995,6,6,1,D:\Skripsi\Experiment_TA\data\raw\RGB1\S6\AC6\RGB1_SUB6ACT6F1.jpg,1,1,0.9115224480628967
996,6,6,121,D:\Skripsi\Experiment_TA\data\raw\RGB1\S6\AC6\RGB1_SUB6ACT6F121.jpg,1,1,0.8898112177848816
997,6,6,151,D:\Skripsi\Experiment_TA\data\raw\RGB1\S6\AC6\RGB1_SUB6ACT6F151.jpg,1,1,0.8882915377616882
998,6,6,31,D:\Skripsi\Experiment_TA\data\raw\RGB1\S6\AC6\RGB1_SUB6ACT6F31.jpg,1,1,0.9719921350479126
999,6,6,61,D:\Skripsi\Experiment_TA\data\raw\RGB1\S6\AC6\RGB1_SUB6ACT6F61.jpg,1,1,0.9148585796356201
1000,6,6,91,D:\Skripsi\Experiment_TA\data\raw\RGB1\S6\AC6\RGB1_SUB6ACT6F91.jpg,1,1,0.6811476349830627
1001,6,7,1,D:\Skripsi\Experiment_TA\data\raw\RGB1\S6\AC7\RGB1_SUB6ACT7F1.jpg,1,0,0.300489217042923
1002,6,7,121,D:\Skripsi\Experiment_TA\data\raw\RGB1\S6\AC7\RGB1_SUB6ACT7F121.jpg,1,1,0.8868401646614075
1003,6,7,31,D:\Skripsi\Experiment_TA\data\raw\RGB1\S6\AC7\RGB1_SUB6ACT7F31.jpg,1,1,0.889721155166626
1004,6,7,61,D:\Skripsi\Experiment_TA\data\raw\RGB1\S6\AC7\RGB1_SUB6ACT7F61.jpg,1,1,0.8646829128265381
1005,6,7,91,D:\Skripsi\Experiment_TA\data\raw\RGB1\S6\AC7\RGB1_SUB6ACT7F91.jpg,1,1,0.971622884273529
1006,6,8,1,D:\Skripsi\Experiment_TA\data\raw\RGB1\S6\AC8\RGB1_SUB6ACT8F1.jpg,1,0,0.40292900800704956
1007,6,8,121,D:\Skripsi\Experiment_TA\data\raw\RGB1\S6\AC8\RGB1_SUB6ACT8F121.jpg,1,1,0.9021142721176147
1008,6,8,151,D:\Skripsi\Experiment_TA\data\raw\RGB1\S6\AC8\RGB1_SUB6ACT8F151.jpg,1,1,0.9195616245269775
1009,6,8,31,D:\Skripsi\Experiment_TA\data\raw\RGB1\S6\AC8\RGB1_SUB6ACT8F31.jpg,1,0,0.45268747210502625
1010,6,8,61,D:\Skripsi\Experiment_TA\data\raw\RGB1\S6\AC8\RGB1_SUB6ACT8F61.jpg,1,1,0.5341813564300537
1011,6,8,91,D:\Skripsi\Experiment_TA\data\raw\RGB1\S6\AC8\RGB1_SUB6ACT8F91.jpg,1,0,0.4921727180480957
1012,6,9,1,D:\Skripsi\Experiment_TA\data\raw\RGB1\S6\AC9\RGB1_SUB6ACT9F1.jpg,1,1,0.9305737018585205
1013,6,9,121,D:\Skripsi\Experiment_TA\data\raw\RGB1\S6\AC9\RGB1_SUB6ACT9F121.jpg,1,1,0.7712002992630005
1014,6,9,151,D:\Skripsi\Experiment_TA\data\raw\RGB1\S6\AC9\RGB1_SUB6ACT9F151.jpg,1,1,0.9756685495376587
1015,6,9,31,D:\Skripsi\Experiment_TA\data\raw\RGB1\S6\AC9\RGB1_SUB6ACT9F31.jpg,1,1,0.9479411244392395
1016,6,9,61,D:\Skripsi\Experiment_TA\data\raw\RGB1\S6\AC9\RGB1_SUB6ACT9F61.jpg,1,1,0.9155357480049133
1017,6,9,91,D:\Skripsi\Experiment_TA\data\raw\RGB1\S6\AC9\RGB1_SUB6ACT9F91.jpg,1,1,0.7922676801681519
1018,7,1,1,D:\Skripsi\Experiment_TA\data\raw\RGB1\S7\AC1\RGB1_SUB7ACT1F1.jpg,0,0,0.24269314110279083
1019,7,1,121,D:\Skripsi\Experiment_TA\data\raw\RGB1\S7\AC1\RGB1_SUB7ACT1F121.jpg,0,0,0.17621904611587524
1020,7,1,31,D:\Skripsi\Experiment_TA\data\raw\RGB1\S7\AC1\RGB1_SUB7ACT1F31.jpg,0,0,0.308366984128952
1021,7,1,61,D:\Skripsi\Experiment_TA\data\raw\RGB1\S7\AC1\RGB1_SUB7ACT1F61.jpg,0,0,0.21605145931243896
1022,7,1,91,D:\Skripsi\Experiment_TA\data\raw\RGB1\S7\AC1\RGB1_SUB7ACT1F91.jpg,0,0,0.3577922582626343
1023,7,5,1,D:\Skripsi\Experiment_TA\data\raw\RGB1\S7\AC5\RGB1_SUB7ACT5F1.jpg,1,0,0.24360406398773193
1024,7,5,121,D:\Skripsi\Experiment_TA\data\raw\RGB1\S7\AC5\RGB1_SUB7ACT5F121.jpg,1,1,0.9232813119888306
1025,7,5,31,D:\Skripsi\Experiment_TA\data\raw\RGB1\S7\AC5\RGB1_SUB7ACT5F31.jpg,1,1,0.7712029218673706
1026,7,5,61,D:\Skripsi\Experiment_TA\data\raw\RGB1\S7\AC5\RGB1_SUB7ACT5F61.jpg,1,1,0.7770971059799194
1027,7,5,91,D:\Skripsi\Experiment_TA\data\raw\RGB1\S7\AC5\RGB1_SUB7ACT5F91.jpg,1,1,0.7557996511459351
1028,7,6,1,D:\Skripsi\Experiment_TA\data\raw\RGB1\S7\AC6\RGB1_SUB7ACT6F1.jpg,1,0,0.40089231729507446
1029,7,6,121,D:\Skripsi\Experiment_TA\data\raw\RGB1\S7\AC6\RGB1_SUB7ACT6F121.jpg,1,1,0.6071840524673462
1030,7,6,31,D:\Skripsi\Experiment_TA\data\raw\RGB1\S7\AC6\RGB1_SUB7ACT6F31.jpg,1,1,0.5060473084449768
1031,7,6,61,D:\Skripsi\Experiment_TA\data\raw\RGB1\S7\AC6\RGB1_SUB7ACT6F61.jpg,1,0,0.32167646288871765
1032,7,6,91,D:\Skripsi\Experiment_TA\data\raw\RGB1\S7\AC6\RGB1_SUB7ACT6F91.jpg,1,1,0.7775864005088806
1033,7,7,1,D:\Skripsi\Experiment_TA\data\raw\RGB1\S7\AC7\RGB1_SUB7ACT7F1.jpg,1,0,0.13245297968387604
1034,7,7,121,D:\Skripsi\Experiment_TA\data\raw\RGB1\S7\AC7\RGB1_SUB7ACT7F121.jpg,1,1,0.9695144891738892
1035,7,7,151,D:\Skripsi\Experiment_TA\data\raw\RGB1\S7\AC7\RGB1_SUB7ACT7F151.jpg,1,1,0.990157425403595
1036,7,7,31,D:\Skripsi\Experiment_TA\data\raw\RGB1\S7\AC7\RGB1_SUB7ACT7F31.jpg,1,1,0.9905340671539307
1037,7,7,61,D:\Skripsi\Experiment_TA\data\raw\RGB1\S7\AC7\RGB1_SUB7ACT7F61.jpg,1,1,0.9827013611793518
1038,7,7,91,D:\Skripsi\Experiment_TA\data\raw\RGB1\S7\AC7\RGB1_SUB7ACT7F91.jpg,1,1,0.9828064441680908
1039,7,8,1,D:\Skripsi\Experiment_TA\data\raw\RGB1\S7\AC8\RGB1_SUB7ACT8F1.jpg,1,1,0.6296234130859375
1040,7,8,121,D:\Skripsi\Experiment_TA\data\raw\RGB1\S7\AC8\RGB1_SUB7ACT8F121.jpg,1,1,0.7844136357307434
1041,7,8,31,D:\Skripsi\Experiment_TA\data\raw\RGB1\S7\AC8\RGB1_SUB7ACT8F31.jpg,1,1,0.9164653420448303
1042,7,8,61,D:\Skripsi\Experiment_TA\data\raw\RGB1\S7\AC8\RGB1_SUB7ACT8F61.jpg,1,1,0.935005247592926
1043,7,8,91,D:\Skripsi\Experiment_TA\data\raw\RGB1\S7\AC8\RGB1_SUB7ACT8F91.jpg,1,1,0.8229770064353943
1044,7,9,1,D:\Skripsi\Experiment_TA\data\raw\RGB1\S7\AC9\RGB1_SUB7ACT9F1.jpg,1,0,0.4768024981021881
1045,7,9,121,D:\Skripsi\Experiment_TA\data\raw\RGB1\S7\AC9\RGB1_SUB7ACT9F121.jpg,1,1,0.775292694568634
1046,7,9,31,D:\Skripsi\Experiment_TA\data\raw\RGB1\S7\AC9\RGB1_SUB7ACT9F31.jpg,1,1,0.8892172574996948
1047,7,9,61,D:\Skripsi\Experiment_TA\data\raw\RGB1\S7\AC9\RGB1_SUB7ACT9F61.jpg,1,1,0.8674135208129883
1048,7,9,91,D:\Skripsi\Experiment_TA\data\raw\RGB1\S7\AC9\RGB1_SUB7ACT9F91.jpg,1,1,0.9840770959854126
1049,9,1,1,D:\Skripsi\Experiment_TA\data\raw\RGB1\S9\AC1\RGB1_SUB9ACT1F1.jpg,0,0,0.28137728571891785
1050,9,1,121,D:\Skripsi\Experiment_TA\data\raw\RGB1\S9\AC1\RGB1_SUB9ACT1F121.jpg,0,1,0.5488356947898865
1051,9,1,151,D:\Skripsi\Experiment_TA\data\raw\RGB1\S9\AC1\RGB1_SUB9ACT1F151.jpg,0,0,0.3067895472049713
1052,9,1,31,D:\Skripsi\Experiment_TA\data\raw\RGB1\S9\AC1\RGB1_SUB9ACT1F31.jpg,0,0,0.2712368965148926
1053,9,1,61,D:\Skripsi\Experiment_TA\data\raw\RGB1\S9\AC1\RGB1_SUB9ACT1F61.jpg,0,0,0.24052627384662628
1054,9,1,91,D:\Skripsi\Experiment_TA\data\raw\RGB1\S9\AC1\RGB1_SUB9ACT1F91.jpg,0,0,0.2463497817516327
1055,9,5,1,D:\Skripsi\Experiment_TA\data\raw\RGB1\S9\AC5\RGB1_SUB9ACT5F1.jpg,1,1,0.6843630075454712
1056,9,5,121,D:\Skripsi\Experiment_TA\data\raw\RGB1\S9\AC5\RGB1_SUB9ACT5F121.jpg,1,1,0.924721360206604
1057,9,5,151,D:\Skripsi\Experiment_TA\data\raw\RGB1\S9\AC5\RGB1_SUB9ACT5F151.jpg,1,1,0.7114065885543823
1058,9,5,31,D:\Skripsi\Experiment_TA\data\raw\RGB1\S9\AC5\RGB1_SUB9ACT5F31.jpg,1,1,0.751476526260376
1059,9,5,61,D:\Skripsi\Experiment_TA\data\raw\RGB1\S9\AC5\RGB1_SUB9ACT5F61.jpg,1,1,0.9037692546844482
1060,9,5,91,D:\Skripsi\Experiment_TA\data\raw\RGB1\S9\AC5\RGB1_SUB9ACT5F91.jpg,1,1,0.9266016483306885
1061,9,6,1,D:\Skripsi\Experiment_TA\data\raw\RGB1\S9\AC6\RGB1_SUB9ACT6F1.jpg,1,1,0.8194882869720459
1062,9,6,121,D:\Skripsi\Experiment_TA\data\raw\RGB1\S9\AC6\RGB1_SUB9ACT6F121.jpg,1,1,0.7374746799468994
1063,9,6,31,D:\Skripsi\Experiment_TA\data\raw\RGB1\S9\AC6\RGB1_SUB9ACT6F31.jpg,1,1,0.7426921129226685
1064,9,6,61,D:\Skripsi\Experiment_TA\data\raw\RGB1\S9\AC6\RGB1_SUB9ACT6F61.jpg,1,1,0.8837077021598816
1065,9,6,91,D:\Skripsi\Experiment_TA\data\raw\RGB1\S9\AC6\RGB1_SUB9ACT6F91.jpg,1,1,0.5988102555274963
1066,9,7,1,D:\Skripsi\Experiment_TA\data\raw\RGB1\S9\AC7\RGB1_SUB9ACT7F1.jpg,1,0,0.47895002365112305
1067,9,7,121,D:\Skripsi\Experiment_TA\data\raw\RGB1\S9\AC7\RGB1_SUB9ACT7F121.jpg,1,1,0.7994443774223328
1068,9,7,151,D:\Skripsi\Experiment_TA\data\raw\RGB1\S9\AC7\RGB1_SUB9ACT7F151.jpg,1,1,0.9597830176353455
1069,9,7,181,D:\Skripsi\Experiment_TA\data\raw\RGB1\S9\AC7\RGB1_SUB9ACT7F181.jpg,1,1,0.900509774684906
1070,9,7,31,D:\Skripsi\Experiment_TA\data\raw\RGB1\S9\AC7\RGB1_SUB9ACT7F31.jpg,1,1,0.8477089405059814
1071,9,7,61,D:\Skripsi\Experiment_TA\data\raw\RGB1\S9\AC7\RGB1_SUB9ACT7F61.jpg,1,1,0.9145621061325073
1072,9,7,91,D:\Skripsi\Experiment_TA\data\raw\RGB1\S9\AC7\RGB1_SUB9ACT7F91.jpg,1,1,0.9716582298278809
1073,9,8,1,D:\Skripsi\Experiment_TA\data\raw\RGB1\S9\AC8\RGB1_SUB9ACT8F1.jpg,1,0,0.4456324577331543
1074,9,8,121,D:\Skripsi\Experiment_TA\data\raw\RGB1\S9\AC8\RGB1_SUB9ACT8F121.jpg,1,1,0.5925607681274414
1075,9,8,31,D:\Skripsi\Experiment_TA\data\raw\RGB1\S9\AC8\RGB1_SUB9ACT8F31.jpg,1,1,0.5764756202697754
1076,9,8,61,D:\Skripsi\Experiment_TA\data\raw\RGB1\S9\AC8\RGB1_SUB9ACT8F61.jpg,1,1,0.7757850289344788
1077,9,8,91,D:\Skripsi\Experiment_TA\data\raw\RGB1\S9\AC8\RGB1_SUB9ACT8F91.jpg,1,1,0.7640823125839233
1078,9,9,1,D:\Skripsi\Experiment_TA\data\raw\RGB1\S9\AC9\RGB1_SUB9ACT9F1.jpg,1,1,0.7388325929641724
1079,9,9,121,D:\Skripsi\Experiment_TA\data\raw\RGB1\S9\AC9\RGB1_SUB9ACT9F121.jpg,1,1,0.6537182927131653
1080,9,9,151,D:\Skripsi\Experiment_TA\data\raw\RGB1\S9\AC9\RGB1_SUB9ACT9F151.jpg,1,1,0.8099508881568909
1081,9,9,31,D:\Skripsi\Experiment_TA\data\raw\RGB1\S9\AC9\RGB1_SUB9ACT9F31.jpg,1,1,0.914119303226471
1082,9,9,61,D:\Skripsi\Experiment_TA\data\raw\RGB1\S9\AC9\RGB1_SUB9ACT9F61.jpg,1,1,0.8317372798919678
1083,9,9,91,D:\Skripsi\Experiment_TA\data\raw\RGB1\S9\AC9\RGB1_SUB9ACT9F91.jpg,1,1,0.6134278774261475
