row_index,subject_id,activity_id,frame,filepath,label,prediction,prob_phone
0,12,1,1,D:\Skripsi\Experiment_TA\data\raw\RGB1\S12\AC1\RGB1_SUB12ACT1F1.jpg,0,0,0.27360349893569946
1,12,1,121,D:\Skripsi\Experiment_TA\data\raw\RGB1\S12\AC1\RGB1_SUB12ACT1F121.jpg,0,0,0.45301106572151184
2,12,1,151,D:\Skripsi\Experiment_TA\data\raw\RGB1\S12\AC1\RGB1_SUB12ACT1F151.jpg,0,0,0.3189641535282135
3,12,1,31,D:\Skripsi\Experiment_TA\data\raw\RGB1\S12\AC1\RGB1_SUB12ACT1F31.jpg,0,0,0.25649890303611755
4,12,1,61,D:\Skripsi\Experiment_TA\data\raw\RGB1\S12\AC1\RGB1_SUB12ACT1F61.jpg,0,0,0.3382766544818878
5,12,1,91,D:\Skripsi\Experiment_TA\data\raw\RGB1\S12\AC1\RGB1_SUB12ACT1F91.jpg,0,1,0.797641932964325
6,12,5,1,D:\Skripsi\Experiment_TA\data\raw\RGB1\S12\AC5\RGB1_SUB12ACT5F1.jpg,1,0,0.4112586975097656
7,12,5,121,D:\Skripsi\Experiment_TA\data\raw\RGB1\S12\AC5\RGB1_SUB12ACT5F121.jpg,1,1,0.5247675776481628
8,12,5,31,D:\Skripsi\Experiment_TA\data\raw\RGB1\S12\AC5\RGB1_SUB12ACT5F31.jpg,1,0,0.4958675503730774
9,12,5,61,D:\Skripsi\Experiment_TA\data\raw\RGB1\S12\AC5\RGB1_SUB12ACT5F61.jpg,1,1,0.5584126710891724
10,12,5,91,D:\Skripsi\Experiment_TA\data\raw\RGB1\S12\AC5\RGB1_SUB12ACT5F91.jpg,1,0,0.49730634689331055
11,12,6,1,D:\Skripsi\Experiment_TA\data\raw\RGB1\S12\AC6\RGB1_SUB12ACT6F1.jpg,1,1,0.5721096396446228
12,12,6,121,D:\Skripsi\Experiment_TA\data\raw\RGB1\S12\AC6\RGB1_SUB12ACT6F121.jpg,1,1,0.6289313435554504
13,12,6,151,D:\Skripsi\Experiment_TA\data\raw\RGB1\S12\AC6\RGB1_SUB12ACT6F151.jpg,1,1,0.6507938504219055
14,12,6,181,D:\Skripsi\Experiment_TA\data\raw\RGB1\S12\AC6\RGB1_SUB12ACT6F181.jpg,1,1,0.7403020262718201
15,12,6,31,D:\Skripsi\Experiment_TA\data\raw\RGB1\S12\AC6\RGB1_SUB12ACT6F31.jpg,1,1,0.6851863861083984
16,12,6,61,D:\Skripsi\Experiment_TA\data\raw\RGB1\S12\AC6\RGB1_SUB12ACT6F61.jpg,1,1,0.7055249810218811
17,12,6,91,D:\Skripsi\Experiment_TA\data\raw\RGB1\S12\AC6\RGB1_SUB12ACT6F91.jpg,1,1,0.5587782859802246
18,12,7,1,D:\Skripsi\Experiment_TA\data\raw\RGB1\S12\AC7\RGB1_SUB12ACT7F1.jpg,1,1,0.597003698348999
19,12,7,121,D:\Skripsi\Experiment_TA\data\raw\RGB1\S12\AC7\RGB1_SUB12ACT7F121.jpg,1,1,0.7487503290176392
20,12,7,151,D:\Skripsi\Experiment_TA\data\raw\RGB1\S12\AC7\RGB1_SUB12ACT7F151.jpg,1,1,0.7609168887138367
21,12,7,181,D:\Skripsi\Experiment_TA\data\raw\RGB1\S12\AC7\RGB1_SUB12ACT7F181.jpg,1,1,0.6139543652534485
22,12,7,211,D:\Skripsi\Experiment_TA\data\raw\RGB1\S12\AC7\RGB1_SUB12ACT7F211.jpg,1,1,0.7519598007202148
23,12,7,31,D:\Skripsi\Experiment_TA\data\raw\RGB1\S12\AC7\RGB1_SUB12ACT7F31.jpg,1,1,0.7220373153686523
24,12,7,61,D:\Skripsi\Experiment_TA\data\raw\RGB1\S12\AC7\RGB1_SUB12ACT7F61.jpg,1,1,0.6506742238998413
25,12,7,91,D:\Skripsi\Experiment_TA\data\raw\RGB1\S12\AC7\RGB1_SUB12ACT7F91.jpg,1,1,0.6452356576919556
26,12,8,1,D:\Skripsi\Experiment_TA\data\raw\RGB1\S12\AC8\RGB1_SUB12ACT8F1.jpg,1,1,0.7481783032417297
27,12,8,121,D:\Skripsi\Experiment_TA\data\raw\RGB1\S12\AC8\RGB1_SUB12ACT8F121.jpg,1,0,0.48354554176330566
28,12,8,151,D:\Skripsi\Experiment_TA\data\raw\RGB1\S12\AC8\RGB1_SUB12ACT8F151.jpg,1,0,0.43257462978363037
29,12,8,31,D:\Skripsi\Experiment_TA\data\raw\RGB1\S12\AC8\RGB1_SUB12ACT8F31.jpg,1,1,0.6246389150619507
30,12,8,61,D:\Skripsi\Experiment_TA\data\raw\RGB1\S12\AC8\RGB1_SUB12ACT8F61.jpg,1,0,0.4525783956050873
31,12,8,91,D:\Skripsi\Experiment_TA\data\raw\RGB1\S12\AC8\RGB1_SUB12ACT8F91.jpg,1,1,0.7413079738616943
32,12,9,1,D:\Skripsi\Experiment_TA\data\raw\RGB1\S12\AC9\RGB1_SUB12ACT9F1.jpg,1,1,0.6825684905052185
33,12,9,121,D:\Skripsi\Experiment_TA\data\raw\RGB1\S12\AC9\RGB1_SUB12ACT9F121.jpg,1,1,0.6322854161262512
34,12,9,151,D:\Skripsi\Experiment_TA\data\raw\RGB1\S12\AC9\RGB1_SUB12ACT9F151.jpg,1,1,0.7676199078559875
35,12,9,31,D:\Skripsi\Experiment_TA\data\raw\RGB1\S12\AC9\RGB1_SUB12ACT9F31.jpg,1,0,0.4862154722213745
36,12,9,61,D:\Skripsi\Experiment_TA\data\raw\RGB1\S12\AC9\RGB1_SUB12ACT9F61.jpg,1,1,0.5227764844894409
37,12,9,91,D:\Skripsi\Experiment_TA\data\raw\RGB1\S12\AC9\RGB1_SUB12ACT9F91.jpg,1,1,0.5996691584587097
38,13,1,1,D:\Skripsi\Experiment_TA\data\raw\RGB1\S13\AC1\RGB1_SUB13ACT1F1.jpg,0,1,0.5248875617980957
39,13,1,121,D:\Skripsi\Experiment_TA\data\raw\RGB1\S13\AC1\RGB1_SUB13ACT1F121.jpg,0,0,0.34764811396598816
40,13,1,31,D:\Skripsi\Experiment_TA\data\raw\RGB1\S13\AC1\RGB1_SUB13ACT1F31.jpg,0,0,0.36576613783836365
41,13,1,61,D:\Skripsi\Experiment_TA\data\raw\RGB1\S13\AC1\RGB1_SUB13ACT1F61.jpg,0,0,0.41644755005836487
42,13,1,91,D:\Skripsi\Experiment_TA\data\raw\RGB1\S13\AC1\RGB1_SUB13ACT1F91.jpg,0,0,0.4307312071323395
43,13,5,1,D:\Skripsi\Experiment_TA\data\raw\RGB1\S13\AC5\RGB1_SUB13ACT5F1.jpg,1,1,0.7183857560157776
44,13,5,121,D:\Skripsi\Experiment_TA\data\raw\RGB1\S13\AC5\RGB1_SUB13ACT5F121.jpg,1,1,0.6724200248718262
45,13,5,31,D:\Skripsi\Experiment_TA\data\raw\RGB1\S13\AC5\RGB1_SUB13ACT5F31.jpg,1,1,0.6346750259399414
46,13,5,61,D:\Skripsi\Experiment_TA\data\raw\RGB1\S13\AC5\RGB1_SUB13ACT5F61.jpg,1,1,0.7540726065635681
47,13,5,91,D:\Skripsi\Experiment_TA\data\raw\RGB1\S13\AC5\RGB1_SUB13ACT5F91.jpg,1,1,0.7251296639442444
48,13,6,1,D:\Skripsi\Experiment_TA\data\raw\RGB1\S13\AC6\RGB1_SUB13ACT6F1.jpg,1,1,0.7278728485107422
49,13,6,31,D:\Skripsi\Experiment_TA\data\raw\RGB1\S13\AC6\RGB1_SUB13ACT6F31.jpg,1,1,0.6699716448783875
50,13,6,61,D:\Skripsi\Experiment_TA\data\raw\RGB1\S13\AC6\RGB1_SUB13ACT6F61.jpg,1,1,0.7158522605895996
51,13,6,91,D:\Skripsi\Experiment_TA\data\raw\RGB1\S13\AC6\RGB1_SUB13ACT6F91.jpg,1,1,0.6282097101211548
52,13,7,1,D:\Skripsi\Experiment_TA\data\raw\RGB1\S13\AC7\RGB1_SUB13ACT7F1.jpg,1,0,0.4939280152320862
53,13,7,121,D:\Skripsi\Experiment_TA\data\raw\RGB1\S13\AC7\RGB1_SUB13ACT7F121.jpg,1,1,0.6724305152893066
54,13,7,31,D:\Skripsi\Experiment_TA\data\raw\RGB1\S13\AC7\RGB1_SUB13ACT7F31.jpg,1,1,0.7083559632301331
55,13,7,61,D:\Skripsi\Experiment_TA\data\raw\RGB1\S13\AC7\RGB1_SUB13ACT7F61.jpg,1,1,0.7563799023628235
56,13,7,91,D:\Skripsi\Experiment_TA\data\raw\RGB1\S13\AC7\RGB1_SUB13ACT7F91.jpg,1,1,0.6297895312309265
57,13,8,1,D:\Skripsi\Experiment_TA\data\raw\RGB1\S13\AC8\RGB1_SUB13ACT8F1.jpg,1,1,0.6728822588920593
58,13,8,121,D:\Skripsi\Experiment_TA\data\raw\RGB1\S13\AC8\RGB1_SUB13ACT8F121.jpg,1,0,0.4522383511066437
59,13,8,31,D:\Skripsi\Experiment_TA\data\raw\RGB1\S13\AC8\RGB1_SUB13ACT8F31.jpg,1,1,0.6241981983184814
60,13,8,61,D:\Skripsi\Experiment_TA\data\raw\RGB1\S13\AC8\RGB1_SUB13ACT8F61.jpg,1,1,0.5900025367736816
61,13,8,91,D:\Skripsi\Experiment_TA\data\raw\RGB1\S13\AC8\RGB1_SUB13ACT8F91.jpg,1,0,0.46605223417282104
62,13,9,1,D:\Skripsi\Experiment_TA\data\raw\RGB1\S13\AC9\RGB1_SUB13ACT9F1.jpg,1,0,0.3946799337863922
63,13,9,121,D:\Skripsi\Experiment_TA\data\raw\RGB1\S13\AC9\RGB1_SUB13ACT9F121.jpg,1,0,0.4821840226650238
64,13,9,151,D:\Skripsi\Experiment_TA\data\raw\RGB1\S13\AC9\RGB1_SUB13ACT9F151.jpg,1,1,0.6817561388015747
65,13,9,181,D:\Skripsi\Experiment_TA\data\raw\RGB1\S13\AC9\RGB1_SUB13ACT9F181.jpg,1,1,0.7065144181251526
66,13,9,31,D:\Skripsi\Experiment_TA\data\raw\RGB1\S13\AC9\RGB1_SUB13ACT9F31.jpg,1,1,0.6098156571388245
67,13,9,61,D:\Skripsi\Experiment_TA\data\raw\RGB1\S13\AC9\RGB1_SUB13ACT9F61.jpg,1,1,0.6264662742614746
68,13,9,91,D:\Skripsi\Experiment_TA\data\raw\RGB1\S13\AC9\RGB1_SUB13ACT9F91.jpg,1,1,0.5441584587097168
69,14,1,1,D:\Skripsi\Experiment_TA\data\raw\RGB1\S14\AC1\RGB1_SUB14ACT1F1.jpg,0,0,0.490485817193985
70,14,1,31,D:\Skripsi\Experiment_TA\data\raw\RGB1\S14\AC1\RGB1_SUB14ACT1F31.jpg,0,1,0.6704853177070618
71,14,1,61,D:\Skripsi\Experiment_TA\data\raw\RGB1\S14\AC1\RGB1_SUB14ACT1F61.jpg,0,1,0.727567195892334
72,14,1,91,D:\Skripsi\Experiment_TA\data\raw\RGB1\S14\AC1\RGB1_SUB14ACT1F91.jpg,0,1,0.6980189085006714
73,14,5,1,D:\Skripsi\Experiment_TA\data\raw\RGB1\S14\AC5\RGB1_SUB14ACT5F1.jpg,1,1,0.5480136871337891
74,14,5,121,D:\Skripsi\Experiment_TA\data\raw\RGB1\S14\AC5\RGB1_SUB14ACT5F121.jpg,1,1,0.5398145914077759
75,14,5,31,D:\Skripsi\Experiment_TA\data\raw\RGB1\S14\AC5\RGB1_SUB14ACT5F31.jpg,1,1,0.6418864727020264
76,14,5,61,D:\Skripsi\Experiment_TA\data\raw\RGB1\S14\AC5\RGB1_SUB14ACT5F61.jpg,1,1,0.7029280066490173
77,14,5,91,D:\Skripsi\Experiment_TA\data\raw\RGB1\S14\AC5\RGB1_SUB14ACT5F91.jpg,1,1,0.6597914695739746
78,14,6,1,D:\Skripsi\Experiment_TA\data\raw\RGB1\S14\AC6\RGB1_SUB14ACT6F1.jpg,1,1,0.5019936561584473
79,14,6,31,D:\Skripsi\Experiment_TA\data\raw\RGB1\S14\AC6\RGB1_SUB14ACT6F31.jpg,1,1,0.640121579170227
80,14,6,61,D:\Skripsi\Experiment_TA\data\raw\RGB1\S14\AC6\RGB1_SUB14ACT6F61.jpg,1,1,0.5306069254875183
81,14,6,91,D:\Skripsi\Experiment_TA\data\raw\RGB1\S14\AC6\RGB1_SUB14ACT6F91.jpg,1,1,0.6700270771980286
82,14,7,1,D:\Skripsi\Experiment_TA\data\raw\RGB1\S14\AC7\RGB1_SUB14ACT7F1.jpg,1,0,0.38813433051109314
83,14,7,31,D:\Skripsi\Experiment_TA\data\raw\RGB1\S14\AC7\RGB1_SUB14ACT7F31.jpg,1,1,0.807498037815094
84,14,7,61,D:\Skripsi\Experiment_TA\data\raw\RGB1\S14\AC7\RGB1_SUB14ACT7F61.jpg,1,1,0.6787088513374329
85,14,7,91,D:\Skripsi\Experiment_TA\data\raw\RGB1\S14\AC7\RGB1_SUB14ACT7F91.jpg,1,1,0.797709047794342
86,14,8,1,D:\Skripsi\Experiment_TA\data\raw\RGB1\S14\AC8\RGB1_SUB14ACT8F1.jpg,1,1,0.5420969724655151
87,14,8,121,D:\Skripsi\Experiment_TA\data\raw\RGB1\S14\AC8\RGB1_SUB14ACT8F121.jpg,1,1,0.648472011089325
88,14,8,31,D:\Skripsi\Experiment_TA\data\raw\RGB1\S14\AC8\RGB1_SUB14ACT8F31.jpg,1,0,0.48631545901298523
89,14,8,61,D:\Skripsi\Experiment_TA\data\raw\RGB1\S14\AC8\RGB1_SUB14ACT8F61.jpg,1,0,0.4959002733230591
90,14,8,91,D:\Skripsi\Experiment_TA\data\raw\RGB1\S14\AC8\RGB1_SUB14ACT8F91.jpg,1,1,0.5598016977310181
91,14,9,1,D:\Skripsi\Experiment_TA\data\raw\RGB1\S14\AC9\RGB1_SUB14ACT9F1.jpg,1,1,0.5817766785621643
92,14,9,121,D:\Skripsi\Experiment_TA\data\raw\RGB1\S14\AC9\RGB1_SUB14ACT9F121.jpg,1,1,0.7746394276618958
93,14,9,31,D:\Skripsi\Experiment_TA\data\raw\RGB1\S14\AC9\RGB1_SUB14ACT9F31.jpg,1,1,0.779340386390686
94,14,9,61,D:\Skripsi\Experiment_TA\data\raw\RGB1\S14\AC9\RGB1_SUB14ACT9F61.jpg,1,1,0.6823731660842896
95,14,9,91,D:\Skripsi\Experiment_TA\data\raw\RGB1\S14\AC9\RGB1_SUB14ACT9F91.jpg,1,1,0.726991593837738
96,16,1,1,D:\Skripsi\Experiment_TA\data\raw\RGB1\S16\AC1\RGB1_SUB16ACT1F1.jpg,0,1,0.5209228992462158
97,16,1,121,D:\Skripsi\Experiment_TA\data\raw\RGB1\S16\AC1\RGB1_SUB16ACT1F121.jpg,0,1,0.5742369294166565
98,16,1,31,D:\Skripsi\Experiment_TA\data\raw\RGB1\S16\AC1\RGB1_SUB16ACT1F31.jpg,0,0,0.48377183079719543
99,16,1,61,D:\Skripsi\Experiment_TA\data\raw\RGB1\S16\AC1\RGB1_SUB16ACT1F61.jpg,0,1,0.5606594681739807
100,16,1,91,D:\Skripsi\Experiment_TA\data\raw\RGB1\S16\AC1\RGB1_SUB16ACT1F91.jpg,0,0,0.48679232597351074
101,16,5,1,D:\Skripsi\Experiment_TA\data\raw\RGB1\S16\AC5\RGB1_SUB16ACT5F1.jpg,1,1,0.6149324178695679
102,16,5,31,D:\Skripsi\Experiment_TA\data\raw\RGB1\S16\AC5\RGB1_SUB16ACT5F31.jpg,1,1,0.6999903321266174
103,16,5,61,D:\Skripsi\Experiment_TA\data\raw\RGB1\S16\AC5\RGB1_SUB16ACT5F61.jpg,1,1,0.6663916707038879
104,16,5,91,D:\Skripsi\Experiment_TA\data\raw\RGB1\S16\AC5\RGB1_SUB16ACT5F91.jpg,1,1,0.521013081073761
105,16,6,1,D:\Skripsi\Experiment_TA\data\raw\RGB1\S16\AC6\RGB1_SUB16ACT6F1.jpg,1,1,0.511078953742981
106,16,6,31,D:\Skripsi\Experiment_TA\data\raw\RGB1\S16\AC6\RGB1_SUB16ACT6F31.jpg,1,1,0.5160942673683167
107,16,6,61,D:\Skripsi\Experiment_TA\data\raw\RGB1\S16\AC6\RGB1_SUB16ACT6F61.jpg,1,1,0.5749344229698181
108,16,6,91,D:\Skripsi\Experiment_TA\data\raw\RGB1\S16\AC6\RGB1_SUB16ACT6F91.jpg,1,0,0.4063224792480469
109,16,7,1,D:\Skripsi\Experiment_TA\data\raw\RGB1\S16\AC7\RGB1_SUB16ACT7F1.jpg,1,1,0.6634950637817383
110,16,7,121,D:\Skripsi\Experiment_TA\data\raw\RGB1\S16\AC7\RGB1_SUB16ACT7F121.jpg,1,1,0.5773042440414429
111,16,7,31,D:\Skripsi\Experiment_TA\data\raw\RGB1\S16\AC7\RGB1_SUB16ACT7F31.jpg,1,1,0.5050972700119019
112,16,7,61,D:\Skripsi\Experiment_TA\data\raw\RGB1\S16\AC7\RGB1_SUB16ACT7F61.jpg,1,0,0.47127729654312134
113,16,7,91,D:\Skripsi\Experiment_TA\data\raw\RGB1\S16\AC7\RGB1_SUB16ACT7F91.jpg,1,1,0.7026298642158508
114,16,8,1,D:\Skripsi\Experiment_TA\data\raw\RGB1\S16\AC8\RGB1_SUB16ACT8F1.jpg,1,1,0.5600292086601257
115,16,8,121,D:\Skripsi\Experiment_TA\data\raw\RGB1\S16\AC8\RGB1_SUB16ACT8F121.jpg,1,1,0.6559260487556458
116,16,8,31,D:\Skripsi\Experiment_TA\data\raw\RGB1\S16\AC8\RGB1_SUB16ACT8F31.jpg,1,0,0.4850577116012573
117,16,8,61,D:\Skripsi\Experiment_TA\data\raw\RGB1\S16\AC8\RGB1_SUB16ACT8F61.jpg,1,1,0.570156455039978
118,16,8,91,D:\Skripsi\Experiment_TA\data\raw\RGB1\S16\AC8\RGB1_SUB16ACT8F91.jpg,1,1,0.7014252543449402
119,16,9,1,D:\Skripsi\Experiment_TA\data\raw\RGB1\S16\AC9\RGB1_SUB16ACT9F1.jpg,1,1,0.5692139267921448
120,16,9,121,D:\Skripsi\Experiment_TA\data\raw\RGB1\S16\AC9\RGB1_SUB16ACT9F121.jpg,1,1,0.5341763496398926
121,16,9,31,D:\Skripsi\Experiment_TA\data\raw\RGB1\S16\AC9\RGB1_SUB16ACT9F31.jpg,1,1,0.635972797870636
122,16,9,61,D:\Skripsi\Experiment_TA\data\raw\RGB1\S16\AC9\RGB1_SUB16ACT9F61.jpg,1,1,0.691288948059082
123,16,9,91,D:\Skripsi\Experiment_TA\data\raw\RGB1\S16\AC9\RGB1_SUB16ACT9F91.jpg,1,1,0.5984992980957031
124,18,1,1,D:\Skripsi\Experiment_TA\data\raw\RGB1\S18\AC1\RGB1_SUB18ACT1F1.jpg,0,0,0.3383377194404602
125,18,1,121,D:\Skripsi\Experiment_TA\data\raw\RGB1\S18\AC1\RGB1_SUB18ACT1F121.jpg,0,0,0.3665720820426941
126,18,1,31,D:\Skripsi\Experiment_TA\data\raw\RGB1\S18\AC1\RGB1_SUB18ACT1F31.jpg,0,0,0.38895949721336365
127,18,1,61,D:\Skripsi\Experiment_TA\data\raw\RGB1\S18\AC1\RGB1_SUB18ACT1F61.jpg,0,0,0.29519057273864746
128,18,1,91,D:\Skripsi\Experiment_TA\data\raw\RGB1\S18\AC1\RGB1_SUB18ACT1F91.jpg,0,0,0.3154369592666626
129,18,5,1,D:\Skripsi\Experiment_TA\data\raw\RGB1\S18\AC5\RGB1_SUB18ACT5F1.jpg,1,0,0.4758494794368744
130,18,5,121,D:\Skripsi\Experiment_TA\data\raw\RGB1\S18\AC5\RGB1_SUB18ACT5F121.jpg,1,1,0.7140135169029236
131,18,5,151,D:\Skripsi\Experiment_TA\data\raw\RGB1\S18\AC5\RGB1_SUB18ACT5F151.jpg,1,1,0.7144288420677185
132,18,5,31,D:\Skripsi\Experiment_TA\data\raw\RGB1\S18\AC5\RGB1_SUB18ACT5F31.jpg,1,1,0.7048512697219849
133,18,5,61,D:\Skripsi\Experiment_TA\data\raw\RGB1\S18\AC5\RGB1_SUB18ACT5F61.jpg,1,1,0.6474794149398804
134,18,5,91,D:\Skripsi\Experiment_TA\data\raw\RGB1\S18\AC5\RGB1_SUB18ACT5F91.jpg,1,1,0.6493361592292786
135,18,6,1,D:\Skripsi\Experiment_TA\data\raw\RGB1\S18\AC6\RGB1_SUB18ACT6F1.jpg,1,1,0.5882114768028259
136,18,6,121,D:\Skripsi\Experiment_TA\data\raw\RGB1\S18\AC6\RGB1_SUB18ACT6F121.jpg,1,1,0.5900896191596985
137,18,6,151,D:\Skripsi\Experiment_TA\data\raw\RGB1\S18\AC6\RGB1_SUB18ACT6F151.jpg,1,0,0.49793940782546997
138,18,6,31,D:\Skripsi\Experiment_TA\data\raw\RGB1\S18\AC6\RGB1_SUB18ACT6F31.jpg,1,1,0.5660966634750366
139,18,6,61,D:\Skripsi\Experiment_TA\data\raw\RGB1\S18\AC6\RGB1_SUB18ACT6F61.jpg,1,1,0.5247161388397217
140,18,6,91,D:\Skripsi\Experiment_TA\data\raw\RGB1\S18\AC6\RGB1_SUB18ACT6F91.jpg,1,0,0.4731970727443695
141,18,7,1,D:\Skripsi\Experiment_TA\data\raw\RGB1\S18\AC7\RGB1_SUB18ACT7F1.jpg,1,1,0.619772732257843
142,18,7,121,D:\Skripsi\Experiment_TA\data\raw\RGB1\S18\AC7\RGB1_SUB18ACT7F121.jpg,1,1,0.6812127828598022
143,18,7,151,D:\Skripsi\Experiment_TA\data\raw\RGB1\S18\AC7\RGB1_SUB18ACT7F151.jpg,1,1,0.6959742307662964
144,18,7,181,D:\Skripsi\Experiment_TA\data\raw\RGB1\S18\AC7\RGB1_SUB18ACT7F181.jpg,1,1,0.7960421442985535
145,18,7,31,D:\Skripsi\Experiment_TA\data\raw\RGB1\S18\AC7\RGB1_SUB18ACT7F31.jpg,1,1,0.6784199476242065
146,18,7,61,D:\Skripsi\Experiment_TA\data\raw\RGB1\S18\AC7\RGB1_SUB18ACT7F61.jpg,1,1,0.6867188215255737
147,18,7,91,D:\Skripsi\Experiment_TA\data\raw\RGB1\S18\AC7\RGB1_SUB18ACT7F91.jpg,1,1,0.7726683616638184
148,18,8,1,D:\Skripsi\Experiment_TA\data\raw\RGB1\S18\AC8\RGB1_SUB18ACT8F1.jpg,1,1,0.574024498462677
149,18,8,121,D:\Skripsi\Experiment_TA\data\raw\RGB1\S18\AC8\RGB1_SUB18ACT8F121.jpg,1,1,0.6658821702003479
150,18,8,151,D:\Skripsi\Experiment_TA\data\raw\RGB1\S18\AC8\RGB1_SUB18ACT8F151.jpg,1,1,0.6358424425125122
151,18,8,181,D:\Skripsi\Experiment_TA\data\raw\RGB1\S18\AC8\RGB1_SUB18ACT8F181.jpg,1,1,0.5135904550552368
152,18,8,211,D:\Skripsi\Experiment_TA\data\raw\RGB1\S18\AC8\RGB1_SUB18ACT8F211.jpg,1,1,0.683634877204895
153,18,8,31,D:\Skripsi\Experiment_TA\data\raw\RGB1\S18\AC8\RGB1_SUB18ACT8F31.jpg,1,1,0.701433539390564
154,18,8,61,D:\Skripsi\Experiment_TA\data\raw\RGB1\S18\AC8\RGB1_SUB18ACT8F61.jpg,1,1,0.6546897888183594
155,18,8,91,D:\Skripsi\Experiment_TA\data\raw\RGB1\S18\AC8\RGB1_SUB18ACT8F91.jpg,1,1,0.6554857492446899
156,18,9,1,D:\Skripsi\Experiment_TA\data\raw\RGB1\S18\AC9\RGB1_SUB18ACT9F1.jpg,1,1,0.5484731197357178
157,18,9,121,D:\Skripsi\Experiment_TA\data\raw\RGB1\S18\AC9\RGB1_SUB18ACT9F121.jpg,1,1,0.6502789855003357
158,18,9,151,D:\Skripsi\Experiment_TA\data\raw\RGB1\S18\AC9\RGB1_SUB18ACT9F151.jpg,1,1,0.6231783032417297
159,18,9,31,D:\Skripsi\Experiment_TA\data\raw\RGB1\S18\AC9\RGB1_SUB18ACT9F31.jpg,1,1,0.676987886428833
160,18,9,61,D:\Skripsi\Experiment_TA\data\raw\RGB1\S18\AC9\RGB1_SUB18ACT9F61.jpg,1,1,0.6878947615623474
161,18,9,91,D:\Skripsi\Experiment_TA\data\raw\RGB1\S18\AC9\RGB1_SUB18ACT9F91.jpg,1,1,0.6487656235694885
162,19,1,1,D:\Skripsi\Experiment_TA\data\raw\RGB1\S19\AC1\RGB1_SUB19ACT1F1.jpg,0,1,0.5379965305328369
163,19,1,121,D:\Skripsi\Experiment_TA\data\raw\RGB1\S19\AC1\RGB1_SUB19ACT1F121.jpg,0,1,0.6133910417556763
164,19,1,31,D:\Skripsi\Experiment_TA\data\raw\RGB1\S19\AC1\RGB1_SUB19ACT1F31.jpg,0,1,0.5898331999778748
165,19,1,61,D:\Skripsi\Experiment_TA\data\raw\RGB1\S19\AC1\RGB1_SUB19ACT1F61.jpg,0,1,0.675747811794281
166,19,1,91,D:\Skripsi\Experiment_TA\data\raw\RGB1\S19\AC1\RGB1_SUB19ACT1F91.jpg,0,0,0.4736151695251465
167,19,5,1,D:\Skripsi\Experiment_TA\data\raw\RGB1\S19\AC5\RGB1_SUB19ACT5F1.jpg,1,1,0.728127658367157
168,19,5,31,D:\Skripsi\Experiment_TA\data\raw\RGB1\S19\AC5\RGB1_SUB19ACT5F31.jpg,1,1,0.6237360835075378
169,19,5,61,D:\Skripsi\Experiment_TA\data\raw\RGB1\S19\AC5\RGB1_SUB19ACT5F61.jpg,1,1,0.6718131303787231
170,19,5,91,D:\Skripsi\Experiment_TA\data\raw\RGB1\S19\AC5\RGB1_SUB19ACT5F91.jpg,1,1,0.6776387095451355
171,19,6,1,D:\Skripsi\Experiment_TA\data\raw\RGB1\S19\AC6\RGB1_SUB19ACT6F1.jpg,1,1,0.5964971780776978
172,19,6,121,D:\Skripsi\Experiment_TA\data\raw\RGB1\S19\AC6\RGB1_SUB19ACT6F121.jpg,1,1,0.6625628471374512
173,19,6,31,D:\Skripsi\Experiment_TA\data\raw\RGB1\S19\AC6\RGB1_SUB19ACT6F31.jpg,1,1,0.767520546913147
174,19,6,61,D:\Skripsi\Experiment_TA\data\raw\RGB1\S19\AC6\RGB1_SUB19ACT6F61.jpg,1,1,0.7103685736656189
175,19,6,91,D:\Skripsi\Experiment_TA\data\raw\RGB1\S19\AC6\RGB1_SUB19ACT6F91.jpg,1,1,0.5950009822845459
176,19,7,1,D:\Skripsi\Experiment_TA\data\raw\RGB1\S19\AC7\RGB1_SUB19ACT7F1.jpg,1,1,0.6697720885276794
177,19,7,121,D:\Skripsi\Experiment_TA\data\raw\RGB1\S19\AC7\RGB1_SUB19ACT7F121.jpg,1,1,0.6138680577278137
178,19,7,31,D:\Skripsi\Experiment_TA\data\raw\RGB1\S19\AC7\RGB1_SUB19ACT7F31.jpg,1,1,0.6787787079811096
179,19,7,61,D:\Skripsi\Experiment_TA\data\raw\RGB1\S19\AC7\RGB1_SUB19ACT7F61.jpg,1,1,0.6448625326156616
180,19,7,91,D:\Skripsi\Experiment_TA\data\raw\RGB1\S19\AC7\RGB1_SUB19ACT7F91.jpg,1,1,0.6032899022102356
181,19,8,1,D:\Skripsi\Experiment_TA\data\raw\RGB1\S19\AC8\RGB1_SUB19ACT8F1.jpg,1,1,0.6658667325973511
182,19,8,121,D:\Skripsi\Experiment_TA\data\raw\RGB1\S19\AC8\RGB1_SUB19ACT8F121.jpg,1,1,0.637829601764679
183,19,8,151,D:\Skripsi\Experiment_TA\data\raw\RGB1\S19\AC8\RGB1_SUB19ACT8F151.jpg,1,1,0.5955430269241333
184,19,8,31,D:\Skripsi\Experiment_TA\data\raw\RGB1\S19\AC8\RGB1_SUB19ACT8F31.jpg,1,1,0.6686106324195862
185,19,8,61,D:\Skripsi\Experiment_TA\data\raw\RGB1\S19\AC8\RGB1_SUB19ACT8F61.jpg,1,1,0.601539671421051
186,19,8,91,D:\Skripsi\Experiment_TA\data\raw\RGB1\S19\AC8\RGB1_SUB19ACT8F91.jpg,1,1,0.6519292593002319
187,19,9,1,D:\Skripsi\Experiment_TA\data\raw\RGB1\S19\AC9\RGB1_SUB19ACT9F1.jpg,1,1,0.5765858888626099
188,19,9,31,D:\Skripsi\Experiment_TA\data\raw\RGB1\S19\AC9\RGB1_SUB19ACT9F31.jpg,1,1,0.6287667155265808
189,19,9,61,D:\Skripsi\Experiment_TA\data\raw\RGB1\S19\AC9\RGB1_SUB19ACT9F61.jpg,1,1,0.63612300157547
190,19,9,91,D:\Skripsi\Experiment_TA\data\raw\RGB1\S19\AC9\RGB1_SUB19ACT9F91.jpg,1,1,0.6386304497718811
191,23,1,1,D:\Skripsi\Experiment_TA\data\raw\RGB1\S23\AC1\RGB1_SUB23ACT1F1.jpg,0,0,0.26680073142051697
192,23,1,121,D:\Skripsi\Experiment_TA\data\raw\RGB1\S23\AC1\RGB1_SUB23ACT1F121.jpg,0,0,0.2826351225376129
193,23,1,31,D:\Skripsi\Experiment_TA\data\raw\RGB1\S23\AC1\RGB1_SUB23ACT1F31.jpg,0,0,0.25076988339424133
194,23,1,61,D:\Skripsi\Experiment_TA\data\raw\RGB1\S23\AC1\RGB1_SUB23ACT1F61.jpg,0,0,0.23249492049217224
195,23,1,91,D:\Skripsi\Experiment_TA\data\raw\RGB1\S23\AC1\RGB1_SUB23ACT1F91.jpg,0,0,0.20427505671977997
196,23,5,1,D:\Skripsi\Experiment_TA\data\raw\RGB1\S23\AC5\RGB1_SUB23ACT5F1.jpg,1,1,0.7344861626625061
197,23,5,121,D:\Skripsi\Experiment_TA\data\raw\RGB1\S23\AC5\RGB1_SUB23ACT5F121.jpg,1,1,0.6407012939453125
198,23,5,31,D:\Skripsi\Experiment_TA\data\raw\RGB1\S23\AC5\RGB1_SUB23ACT5F31.jpg,1,1,0.7053702473640442
199,23,5,61,D:\Skripsi\Experiment_TA\data\raw\RGB1\S23\AC5\RGB1_SUB23ACT5F61.jpg,1,1,0.7072508931159973
200,23,5,91,D:\Skripsi\Experiment_TA\data\raw\RGB1\S23\AC5\RGB1_SUB23ACT5F91.jpg,1,1,0.6441205739974976
201,23,6,1,D:\Skripsi\Experiment_TA\data\raw\RGB1\S23\AC6\RGB1_SUB23ACT6F1.jpg,1,1,0.73820960521698
202,23,6,121,D:\Skripsi\Experiment_TA\data\raw\RGB1\S23\AC6\RGB1_SUB23ACT6F121.jpg,1,1,0.5341286063194275
203,23,6,31,D:\Skripsi\Experiment_TA\data\raw\RGB1\S23\AC6\RGB1_SUB23ACT6F31.jpg,1,1,0.62690669298172
204,23,6,61,D:\Skripsi\Experiment_TA\data\raw\RGB1\S23\AC6\RGB1_SUB23ACT6F61.jpg,1,1,0.5837027430534363
205,23,6,91,D:\Skripsi\Experiment_TA\data\raw\RGB1\S23\AC6\RGB1_SUB23ACT6F91.jpg,1,1,0.6583300232887268
206,23,7,1,D:\Skripsi\Experiment_TA\data\raw\RGB1\S23\AC7\RGB1_SUB23ACT7F1.jpg,1,1,0.6712340712547302
207,23,7,121,D:\Skripsi\Experiment_TA\data\raw\RGB1\S23\AC7\RGB1_SUB23ACT7F121.jpg,1,1,0.6085357666015625
208,23,7,31,D:\Skripsi\Experiment_TA\data\raw\RGB1\S23\AC7\RGB1_SUB23ACT7F31.jpg,1,1,0.7754189372062683
209,23,7,61,D:\Skripsi\Experiment_TA\data\raw\RGB1\S23\AC7\RGB1_SUB23ACT7F61.jpg,1,1,0.7490293383598328
210,23,7,91,D:\Skripsi\Experiment_TA\data\raw\RGB1\S23\AC7\RGB1_SUB23ACT7F91.jpg,1,1,0.7486394643783569
211,23,8,1,D:\Skripsi\Experiment_TA\data\raw\RGB1\S23\AC8\RGB1_SUB23ACT8F1.jpg,1,1,0.6910922527313232
212,23,8,121,D:\Skripsi\Experiment_TA\data\raw\RGB1\S23\AC8\RGB1_SUB23ACT8F121.jpg,1,0,0.40267202258110046
213,23,8,31,D:\Skripsi\Experiment_TA\data\raw\RGB1\S23\AC8\RGB1_SUB23ACT8F31.jpg,1,1,0.625234842300415
214,23,8,61,D:\Skripsi\Experiment_TA\data\raw\RGB1\S23\AC8\RGB1_SUB23ACT8F61.jpg,1,1,0.546673595905304
215,23,8,91,D:\Skripsi\Experiment_TA\data\raw\RGB1\S23\AC8\RGB1_SUB23ACT8F91.jpg,1,1,0.5967577695846558
216,23,9,1,D:\Skripsi\Experiment_TA\data\raw\RGB1\S23\AC9\RGB1_SUB23ACT9F1.jpg,1,1,0.5531699061393738
217,23,9,121,D:\Skripsi\Experiment_TA\data\raw\RGB1\S23\AC9\RGB1_SUB23ACT9F121.jpg,1,1,0.6532385349273682
218,23,9,31,D:\Skripsi\Experiment_TA\data\raw\RGB1\S23\AC9\RGB1_SUB23ACT9F31.jpg,1,1,0.6248011589050293
219,23,9,61,D:\Skripsi\Experiment_TA\data\raw\RGB1\S23\AC9\RGB1_SUB23ACT9F61.jpg,1,1,0.5331167578697205
220,23,9,91,D:\Skripsi\Experiment_TA\data\raw\RGB1\S23\AC9\RGB1_SUB23ACT9F91.jpg,1,1,0.6577906608581543
221,24,1,1,D:\Skripsi\Experiment_TA\data\raw\RGB1\S24\AC1\RGB1_SUB24ACT1F1.jpg,0,0,0.4034581482410431
222,24,1,31,D:\Skripsi\Experiment_TA\data\raw\RGB1\S24\AC1\RGB1_SUB24ACT1F31.jpg,0,0,0.42776253819465637
223,24,1,61,D:\Skripsi\Experiment_TA\data\raw\RGB1\S24\AC1\RGB1_SUB24ACT1F61.jpg,0,0,0.4639745056629181
224,24,1,91,D:\Skripsi\Experiment_TA\data\raw\RGB1\S24\AC1\RGB1_SUB24ACT1F91.jpg,0,0,0.35774317383766174
225,24,5,1,D:\Skripsi\Experiment_TA\data\raw\RGB1\S24\AC5\RGB1_SUB24ACT5F1.jpg,1,1,0.5882856249809265
226,24,5,31,D:\Skripsi\Experiment_TA\data\raw\RGB1\S24\AC5\RGB1_SUB24ACT5F31.jpg,1,1,0.5116865634918213
227,24,5,61,D:\Skripsi\Experiment_TA\data\raw\RGB1\S24\AC5\RGB1_SUB24ACT5F61.jpg,1,0,0.4674779176712036
228,24,5,91,D:\Skripsi\Experiment_TA\data\raw\RGB1\S24\AC5\RGB1_SUB24ACT5F91.jpg,1,1,0.6658485531806946
229,24,6,1,D:\Skripsi\Experiment_TA\data\raw\RGB1\S24\AC6\RGB1_SUB24ACT6F1.jpg,1,1,0.7388676404953003
230,24,6,31,D:\Skripsi\Experiment_TA\data\raw\RGB1\S24\AC6\RGB1_SUB24ACT6F31.jpg,1,1,0.7129679918289185
231,24,6,61,D:\Skripsi\Experiment_TA\data\raw\RGB1\S24\AC6\RGB1_SUB24ACT6F61.jpg,1,1,0.7332571744918823
232,24,6,91,D:\Skripsi\Experiment_TA\data\raw\RGB1\S24\AC6\RGB1_SUB24ACT6F91.jpg,1,1,0.7295179963111877
233,24,7,1,D:\Skripsi\Experiment_TA\data\raw\RGB1\S24\AC7\RGB1_SUB24ACT7F1.jpg,1,1,0.6915450096130371
234,24,7,121,D:\Skripsi\Experiment_TA\data\raw\RGB1\S24\AC7\RGB1_SUB24ACT7F121.jpg,1,1,0.7948600649833679
235,24,7,151,D:\Skripsi\Experiment_TA\data\raw\RGB1\S24\AC7\RGB1_SUB24ACT7F151.jpg,1,1,0.7903355360031128
236,24,7,31,D:\Skripsi\Experiment_TA\data\raw\RGB1\S24\AC7\RGB1_SUB24ACT7F31.jpg,1,1,0.7863180041313171
237,24,7,61,D:\Skripsi\Experiment_TA\data\raw\RGB1\S24\AC7\RGB1_SUB24ACT7F61.jpg,1,1,0.8007534742355347
238,24,7,91,D:\Skripsi\Experiment_TA\data\raw\RGB1\S24\AC7\RGB1_SUB24ACT7F91.jpg,1,1,0.8347979784011841
239,24,8,1,D:\Skripsi\Experiment_TA\data\raw\RGB1\S24\AC8\RGB1_SUB24ACT8F1.jpg,1,0,0.3668334186077118
240,24,8,121,D:\Skripsi\Experiment_TA\data\raw\RGB1\S24\AC8\RGB1_SUB24ACT8F121.jpg,1,1,0.5673256516456604
241,24,8,151,D:\Skripsi\Experiment_TA\data\raw\RGB1\S24\AC8\RGB1_SUB24ACT8F151.jpg,1,1,0.5971590876579285
242,24,8,31,D:\Skripsi\Experiment_TA\data\raw\RGB1\S24\AC8\RGB1_SUB24ACT8F31.jpg,1,0,0.41427358984947205
243,24,8,61,D:\Skripsi\Experiment_TA\data\raw\RGB1\S24\AC8\RGB1_SUB24ACT8F61.jpg,1,1,0.5957077145576477
244,24,8,91,D:\Skripsi\Experiment_TA\data\raw\RGB1\S24\AC8\RGB1_SUB24ACT8F91.jpg,1,0,0.380163311958313
245,24,9,1,D:\Skripsi\Experiment_TA\data\raw\RGB1\S24\AC9\RGB1_SUB24ACT9F1.jpg,1,1,0.6384129524230957
246,24,9,121,D:\Skripsi\Experiment_TA\data\raw\RGB1\S24\AC9\RGB1_SUB24ACT9F121.jpg,1,1,0.5030269026756287
247,24,9,31,D:\Skripsi\Experiment_TA\data\raw\RGB1\S24\AC9\RGB1_SUB24ACT9F31.jpg,1,0,0.4875219464302063
248,24,9,61,D:\Skripsi\Experiment_TA\data\raw\RGB1\S24\AC9\RGB1_SUB24ACT9F61.jpg,1,1,0.5971671938896179
249,24,9,91,D:\Skripsi\Experiment_TA\data\raw\RGB1\S24\AC9\RGB1_SUB24ACT9F91.jpg,1,1,0.5556122660636902
250,25,1,1,D:\Skripsi\Experiment_TA\data\raw\RGB1\S25\AC1\RGB1_SUB25ACT1F1.jpg,0,0,0.33731865882873535
251,25,1,121,D:\Skripsi\Experiment_TA\data\raw\RGB1\S25\AC1\RGB1_SUB25ACT1F121.jpg,0,1,0.6160069108009338
252,25,1,31,D:\Skripsi\Experiment_TA\data\raw\RGB1\S25\AC1\RGB1_SUB25ACT1F31.jpg,0,0,0.33735358715057373
253,25,1,61,D:\Skripsi\Experiment_TA\data\raw\RGB1\S25\AC1\RGB1_SUB25ACT1F61.jpg,0,1,0.5837193727493286
254,25,1,91,D:\Skripsi\Experiment_TA\data\raw\RGB1\S25\AC1\RGB1_SUB25ACT1F91.jpg,0,1,0.5261713862419128
255,25,5,1,D:\Skripsi\Experiment_TA\data\raw\RGB1\S25\AC5\RGB1_SUB25ACT5F1.jpg,1,1,0.772022008895874
256,25,5,121,D:\Skripsi\Experiment_TA\data\raw\RGB1\S25\AC5\RGB1_SUB25ACT5F121.jpg,1,1,0.6953274607658386
257,25,5,31,D:\Skripsi\Experiment_TA\data\raw\RGB1\S25\AC5\RGB1_SUB25ACT5F31.jpg,1,1,0.6408315300941467
258,25,5,61,D:\Skripsi\Experiment_TA\data\raw\RGB1\S25\AC5\RGB1_SUB25ACT5F61.jpg,1,1,0.6802926063537598
259,25,5,91,D:\Skripsi\Experiment_TA\data\raw\RGB1\S25\AC5\RGB1_SUB25ACT5F91.jpg,1,1,0.5670989155769348
260,25,6,1,D:\Skripsi\Experiment_TA\data\raw\RGB1\S25\AC6\RGB1_SUB25ACT6F1.jpg,1,1,0.6149332523345947
261,25,6,31,D:\Skripsi\Experiment_TA\data\raw\RGB1\S25\AC6\RGB1_SUB25ACT6F31.jpg,1,1,0.5687326788902283
262,25,6,61,D:\Skripsi\Experiment_TA\data\raw\RGB1\S25\AC6\RGB1_SUB25ACT6F61.jpg,1,1,0.5801072716712952
263,25,6,91,D:\Skripsi\Experiment_TA\data\raw\RGB1\S25\AC6\RGB1_SUB25ACT6F91.jpg,1,1,0.6860470175743103
264,25,7,1,D:\Skripsi\Experiment_TA\data\raw\RGB1\S25\AC7\RGB1_SUB25ACT7F1.jpg,1,1,0.5965638756752014
265,25,7,31,D:\Skripsi\Experiment_TA\data\raw\RGB1\S25\AC7\RGB1_SUB25ACT7F31.jpg,1,1,0.8015859127044678
266,25,7,61,D:\Skripsi\Experiment_TA\data\raw\RGB1\S25\AC7\RGB1_SUB25ACT7F61.jpg,1,1,0.7263200283050537
267,25,8,1,D:\Skripsi\Experiment_TA\data\raw\RGB1\S25\AC8\RGB1_SUB25ACT8F1.jpg,1,1,0.7135735750198364
268,25,8,31,D:\Skripsi\Experiment_TA\data\raw\RGB1\S25\AC8\RGB1_SUB25ACT8F31.jpg,1,1,0.6533793210983276
269,25,8,61,D:\Skripsi\Experiment_TA\data\raw\RGB1\S25\AC8\RGB1_SUB25ACT8F61.jpg,1,1,0.6343398094177246
270,25,8,91,D:\Skripsi\Experiment_TA\data\raw\RGB1\S25\AC8\RGB1_SUB25ACT8F91.jpg,1,1,0.8084377646446228
271,25,9,1,D:\Skripsi\Experiment_TA\data\raw\RGB1\S25\AC9\RGB1_SUB25ACT9F1.jpg,1,1,0.6123467683792114
272,25,9,31,D:\Skripsi\Experiment_TA\data\raw\RGB1\S25\AC9\RGB1_SUB25ACT9F31.jpg,1,1,0.559010922908783
273,25,9,61,D:\Skripsi\Experiment_TA\data\raw\RGB1\S25\AC9\RGB1_SUB25ACT9F61.jpg,1,0,0.4942222535610199
274,26,1,1,D:\Skripsi\Experiment_TA\data\raw\RGB1\S26\AC1\RGB1_SUB26ACT1F1.jpg,0,0,0.45538339018821716
275,26,1,31,D:\Skripsi\Experiment_TA\data\raw\RGB1\S26\AC1\RGB1_SUB26ACT1F31.jpg,0,1,0.5013511180877686
276,26,1,61,D:\Skripsi\Experiment_TA\data\raw\RGB1\S26\AC1\RGB1_SUB26ACT1F61.jpg,0,1,0.5204566121101379
277,26,1,91,D:\Skripsi\Experiment_TA\data\raw\RGB1\S26\AC1\RGB1_SUB26ACT1F91.jpg,0,0,0.4574460983276367
278,26,5,1,D:\Skripsi\Experiment_TA\data\raw\RGB1\S26\AC5\RGB1_SUB26ACT5F1.jpg,1,1,0.6189936995506287
279,26,5,31,D:\Skripsi\Experiment_TA\data\raw\RGB1\S26\AC5\RGB1_SUB26ACT5F31.jpg,1,1,0.6759244799613953
280,26,5,61,D:\Skripsi\Experiment_TA\data\raw\RGB1\S26\AC5\RGB1_SUB26ACT5F61.jpg,1,1,0.6778045892715454
281,26,6,1,D:\Skripsi\Experiment_TA\data\raw\RGB1\S26\AC6\RGB1_SUB26ACT6F1.jpg,1,1,0.7275524139404297
282,26,6,31,D:\Skripsi\Experiment_TA\data\raw\RGB1\S26\AC6\RGB1_SUB26ACT6F31.jpg,1,1,0.7066430449485779
283,26,6,61,D:\Skripsi\Experiment_TA\data\raw\RGB1\S26\AC6\RGB1_SUB26ACT6F61.jpg,1,1,0.7420707941055298
284,26,6,91,D:\Skripsi\Experiment_TA\data\raw\RGB1\S26\AC6\RGB1_SUB26ACT6F91.jpg,1,1,0.6610920429229736
285,26,7,1,D:\Skripsi\Experiment_TA\data\raw\RGB1\S26\AC7\RGB1_SUB26ACT7F1.jpg,1,1,0.7354573607444763
286,26,7,121,D:\Skripsi\Experiment_TA\data\raw\RGB1\S26\AC7\RGB1_SUB26ACT7F121.jpg,1,1,0.7488595843315125
287,26,7,151,D:\Skripsi\Experiment_TA\data\raw\RGB1\S26\AC7\RGB1_SUB26ACT7F151.jpg,1,1,0.8204270601272583
288,26,7,31,D:\Skripsi\Experiment_TA\data\raw\RGB1\S26\AC7\RGB1_SUB26ACT7F31.jpg,1,1,0.7621562480926514
289,26,7,61,D:\Skripsi\Experiment_TA\data\raw\RGB1\S26\AC7\RGB1_SUB26ACT7F61.jpg,1,1,0.7374094724655151
290,26,7,91,D:\Skripsi\Experiment_TA\data\raw\RGB1\S26\AC7\RGB1_SUB26ACT7F91.jpg,1,1,0.787642240524292
291,26,8,1,D:\Skripsi\Experiment_TA\data\raw\RGB1\S26\AC8\RGB1_SUB26ACT8F1.jpg,1,1,0.606030285358429
292,26,8,31,D:\Skripsi\Experiment_TA\data\raw\RGB1\S26\AC8\RGB1_SUB26ACT8F31.jpg,1,1,0.775881290435791
293,26,8,61,D:\Skripsi\Experiment_TA\data\raw\RGB1\S26\AC8\RGB1_SUB26ACT8F61.jpg,1,1,0.7091182470321655
294,26,8,91,D:\Skripsi\Experiment_TA\data\raw\RGB1\S26\AC8\RGB1_SUB26ACT8F91.jpg,1,1,0.664458692073822
295,26,9,1,D:\Skripsi\Experiment_TA\data\raw\RGB1\S26\AC9\RGB1_SUB26ACT9F1.jpg,1,1,0.7234211564064026
296,26,9,121,D:\Skripsi\Experiment_TA\data\raw\RGB1\S26\AC9\RGB1_SUB26ACT9F121.jpg,1,1,0.7131480574607849
297,26,9,31,D:\Skripsi\Experiment_TA\data\raw\RGB1\S26\AC9\RGB1_SUB26ACT9F31.jpg,1,1,0.5479387044906616
298,26,9,61,D:\Skripsi\Experiment_TA\data\raw\RGB1\S26\AC9\RGB1_SUB26ACT9F61.jpg,1,1,0.6732166409492493
299,26,9,91,D:\Skripsi\Experiment_TA\data\raw\RGB1\S26\AC9\RGB1_SUB26ACT9F91.jpg,1,1,0.8250723481178284
300,28,1,1,D:\Skripsi\Experiment_TA\data\raw\RGB1\S28\AC1\RGB1_SUB28ACT1F1.jpg,0,0,0.3805807828903198
301,28,1,121,D:\Skripsi\Experiment_TA\data\raw\RGB1\S28\AC1\RGB1_SUB28ACT1F121.jpg,0,0,0.4510613977909088
302,28,1,31,D:\Skripsi\Experiment_TA\data\raw\RGB1\S28\AC1\RGB1_SUB28ACT1F31.jpg,0,0,0.49332499504089355
303,28,1,61,D:\Skripsi\Experiment_TA\data\raw\RGB1\S28\AC1\RGB1_SUB28ACT1F61.jpg,0,0,0.3898966610431671
304,28,1,91,D:\Skripsi\Experiment_TA\data\raw\RGB1\S28\AC1\RGB1_SUB28ACT1F91.jpg,0,0,0.45837438106536865
305,28,5,1,D:\Skripsi\Experiment_TA\data\raw\RGB1\S28\AC5\RGB1_SUB28ACT5F1.jpg,1,1,0.5690996646881104
306,28,5,121,D:\Skripsi\Experiment_TA\data\raw\RGB1\S28\AC5\RGB1_SUB28ACT5F121.jpg,1,0,0.46913596987724304
307,28,5,151,D:\Skripsi\Experiment_TA\data\raw\RGB1\S28\AC5\RGB1_SUB28ACT5F151.jpg,1,1,0.588374674320221
308,28,5,31,D:\Skripsi\Experiment_TA\data\raw\RGB1\S28\AC5\RGB1_SUB28ACT5F31.jpg,1,1,0.5372979044914246
309,28,5,61,D:\Skripsi\Experiment_TA\data\raw\RGB1\S28\AC5\RGB1_SUB28ACT5F61.jpg,1,1,0.5142720341682434
310,28,5,91,D:\Skripsi\Experiment_TA\data\raw\RGB1\S28\AC5\RGB1_SUB28ACT5F91.jpg,1,1,0.5405329465866089
311,28,6,1,D:\Skripsi\Experiment_TA\data\raw\RGB1\S28\AC6\RGB1_SUB28ACT6F1.jpg,1,1,0.6289811134338379
312,28,6,31,D:\Skripsi\Experiment_TA\data\raw\RGB1\S28\AC6\RGB1_SUB28ACT6F31.jpg,1,1,0.5809810161590576
313,28,6,61,D:\Skripsi\Experiment_TA\data\raw\RGB1\S28\AC6\RGB1_SUB28ACT6F61.jpg,1,1,0.595445454120636
314,28,6,91,D:\Skripsi\Experiment_TA\data\raw\RGB1\S28\AC6\RGB1_SUB28ACT6F91.jpg,1,1,0.5137017369270325
315,28,7,1,D:\Skripsi\Experiment_TA\data\raw\RGB1\S28\AC7\RGB1_SUB28ACT7F1.jpg,1,1,0.6168692708015442
316,28,7,121,D:\Skripsi\Experiment_TA\data\raw\RGB1\S28\AC7\RGB1_SUB28ACT7F121.jpg,1,1,0.7018837928771973
317,28,7,151,D:\Skripsi\Experiment_TA\data\raw\RGB1\S28\AC7\RGB1_SUB28ACT7F151.jpg,1,1,0.6926372051239014
318,28,7,31,D:\Skripsi\Experiment_TA\data\raw\RGB1\S28\AC7\RGB1_SUB28ACT7F31.jpg,1,1,0.7256390452384949
319,28,7,61,D:\Skripsi\Experiment_TA\data\raw\RGB1\S28\AC7\RGB1_SUB28ACT7F61.jpg,1,1,0.7190971374511719
320,28,7,91,D:\Skripsi\Experiment_TA\data\raw\RGB1\S28\AC7\RGB1_SUB28ACT7F91.jpg,1,1,0.6777105927467346
321,28,8,1,D:\Skripsi\Experiment_TA\data\raw\RGB1\S28\AC8\RGB1_SUB28ACT8F1.jpg,1,1,0.5538431406021118
322,28,8,31,D:\Skripsi\Experiment_TA\data\raw\RGB1\S28\AC8\RGB1_SUB28ACT8F31.jpg,1,0,0.44362276792526245
323,28,8,61,D:\Skripsi\Experiment_TA\data\raw\RGB1\S28\AC8\RGB1_SUB28ACT8F61.jpg,1,1,0.6171406507492065
324,28,8,91,D:\Skripsi\Experiment_TA\data\raw\RGB1\S28\AC8\RGB1_SUB28ACT8F91.jpg,1,1,0.6623886227607727
325,28,9,1,D:\Skripsi\Experiment_TA\data\raw\RGB1\S28\AC9\RGB1_SUB28ACT9F1.jpg,1,1,0.5765357613563538
326,28,9,121,D:\Skripsi\Experiment_TA\data\raw\RGB1\S28\AC9\RGB1_SUB28ACT9F121.jpg,1,1,0.5861096978187561
327,28,9,151,D:\Skripsi\Experiment_TA\data\raw\RGB1\S28\AC9\RGB1_SUB28ACT9F151.jpg,1,1,0.5896444320678711
328,28,9,31,D:\Skripsi\Experiment_TA\data\raw\RGB1\S28\AC9\RGB1_SUB28ACT9F31.jpg,1,1,0.5197122693061829
329,28,9,61,D:\Skripsi\Experiment_TA\data\raw\RGB1\S28\AC9\RGB1_SUB28ACT9F61.jpg,1,1,0.6341236233711243
330,28,9,91,D:\Skripsi\Experiment_TA\data\raw\RGB1\S28\AC9\RGB1_SUB28ACT9F91.jpg,1,1,0.6082754135131836
331,29,1,1,D:\Skripsi\Experiment_TA\data\raw\RGB1\S29\AC1\RGB1_SUB29ACT1F1.jpg,0,0,0.47043704986572266
332,29,1,121,D:\Skripsi\Experiment_TA\data\raw\RGB1\S29\AC1\RGB1_SUB29ACT1F121.jpg,0,1,0.530937671661377
333,29,1,31,D:\Skripsi\Experiment_TA\data\raw\RGB1\S29\AC1\RGB1_SUB29ACT1F31.jpg,0,0,0.32910722494125366
334,29,1,61,D:\Skripsi\Experiment_TA\data\raw\RGB1\S29\AC1\RGB1_SUB29ACT1F61.jpg,0,1,0.5021803379058838
335,29,1,91,D:\Skripsi\Experiment_TA\data\raw\RGB1\S29\AC1\RGB1_SUB29ACT1F91.jpg,0,1,0.5147386193275452
336,29,5,1,D:\Skripsi\Experiment_TA\data\raw\RGB1\S29\AC5\RGB1_SUB29ACT5F1.jpg,1,1,0.6299659609794617
337,29,5,121,D:\Skripsi\Experiment_TA\data\raw\RGB1\S29\AC5\RGB1_SUB29ACT5F121.jpg,1,1,0.6122076511383057
338,29,5,31,D:\Skripsi\Experiment_TA\data\raw\RGB1\S29\AC5\RGB1_SUB29ACT5F31.jpg,1,1,0.7387570738792419
339,29,5,61,D:\Skripsi\Experiment_TA\data\raw\RGB1\S29\AC5\RGB1_SUB29ACT5F61.jpg,1,1,0.651007890701294
340,29,5,91,D:\Skripsi\Experiment_TA\data\raw\RGB1\S29\AC5\RGB1_SUB29ACT5F91.jpg,1,1,0.6356945633888245
341,29,6,1,D:\Skripsi\Experiment_TA\data\raw\RGB1\S29\AC6\RGB1_SUB29ACT6F1.jpg,1,1,0.726495087146759
342,29,6,31,D:\Skripsi\Experiment_TA\data\raw\RGB1\S29\AC6\RGB1_SUB29ACT6F31.jpg,1,1,0.6928366422653198
343,29,6,61,D:\Skripsi\Experiment_TA\data\raw\RGB1\S29\AC6\RGB1_SUB29ACT6F61.jpg,1,1,0.6640827059745789
344,29,6,91,D:\Skripsi\Experiment_TA\data\raw\RGB1\S29\AC6\RGB1_SUB29ACT6F91.jpg,1,1,0.695292592048645
345,29,7,1,D:\Skripsi\Experiment_TA\data\raw\RGB1\S29\AC7\RGB1_SUB29ACT7F1.jpg,1,1,0.7935881614685059
346,29,7,121,D:\Skripsi\Experiment_TA\data\raw\RGB1\S29\AC7\RGB1_SUB29ACT7F121.jpg,1,1,0.7452355027198792
347,29,7,31,D:\Skripsi\Experiment_TA\data\raw\RGB1\S29\AC7\RGB1_SUB29ACT7F31.jpg,1,1,0.7157589793205261
348,29,7,61,D:\Skripsi\Experiment_TA\data\raw\RGB1\S29\AC7\RGB1_SUB29ACT7F61.jpg,1,1,0.7155387997627258
349,29,7,91,D:\Skripsi\Experiment_TA\data\raw\RGB1\S29\AC7\RGB1_SUB29ACT7F91.jpg,1,1,0.7478291988372803
350,29,8,1,D:\Skripsi\Experiment_TA\data\raw\RGB1\S29\AC8\RGB1_SUB29ACT8F1.jpg,1,1,0.6775659918785095
351,29,8,121,D:\Skripsi\Experiment_TA\data\raw\RGB1\S29\AC8\RGB1_SUB29ACT8F121.jpg,1,1,0.7125324010848999
352,29,8,151,D:\Skripsi\Experiment_TA\data\raw\RGB1\S29\AC8\RGB1_SUB29ACT8F151.jpg,1,1,0.8126282095909119
353,29,8,31,D:\Skripsi\Experiment_TA\data\raw\RGB1\S29\AC8\RGB1_SUB29ACT8F31.jpg,1,1,0.7369624972343445
354,29,8,61,D:\Skripsi\Experiment_TA\data\raw\RGB1\S29\AC8\RGB1_SUB29ACT8F61.jpg,1,1,0.6080390810966492
355,29,8,91,D:\Skripsi\Experiment_TA\data\raw\RGB1\S29\AC8\RGB1_SUB29ACT8F91.jpg,1,1,0.6523703336715698
356,29,9,1,D:\Skripsi\Experiment_TA\data\raw\RGB1\S29\AC9\RGB1_SUB29ACT9F1.jpg,1,1,0.7999513745307922
357,29,9,121,D:\Skripsi\Experiment_TA\data\raw\RGB1\S29\AC9\RGB1_SUB29ACT9F121.jpg,1,1,0.8092052340507507
358,29,9,151,D:\Skripsi\Experiment_TA\data\raw\RGB1\S29\AC9\RGB1_SUB29ACT9F151.jpg,1,1,0.6151486039161682
359,29,9,31,D:\Skripsi\Experiment_TA\data\raw\RGB1\S29\AC9\RGB1_SUB29ACT9F31.jpg,1,1,0.6945841312408447
360,29,9,61,D:\Skripsi\Experiment_TA\data\raw\RGB1\S29\AC9\RGB1_SUB29ACT9F61.jpg,1,1,0.7165491580963135
361,29,9,91,D:\Skripsi\Experiment_TA\data\raw\RGB1\S29\AC9\RGB1_SUB29ACT9F91.jpg,1,1,0.7361993193626404
362,30,1,1,D:\Skripsi\Experiment_TA\data\raw\RGB1\S30\AC1\RGB1_SUB30ACT1F1.jpg,0,1,0.6570605635643005
363,30,1,31,D:\Skripsi\Experiment_TA\data\raw\RGB1\S30\AC1\RGB1_SUB30ACT1F31.jpg,0,1,0.6286798715591431
364,30,1,61,D:\Skripsi\Experiment_TA\data\raw\RGB1\S30\AC1\RGB1_SUB30ACT1F61.jpg,0,1,0.6108519434928894
365,30,1,91,D:\Skripsi\Experiment_TA\data\raw\RGB1\S30\AC1\RGB1_SUB30ACT1F91.jpg,0,1,0.6089455485343933
366,30,5,1,D:\Skripsi\Experiment_TA\data\raw\RGB1\S30\AC5\RGB1_SUB30ACT5F1.jpg,1,1,0.5318763256072998
367,30,5,31,D:\Skripsi\Experiment_TA\data\raw\RGB1\S30\AC5\RGB1_SUB30ACT5F31.jpg,1,1,0.5581681132316589
368,30,5,61,D:\Skripsi\Experiment_TA\data\raw\RGB1\S30\AC5\RGB1_SUB30ACT5F61.jpg,1,1,0.5761871337890625
369,30,5,91,D:\Skripsi\Experiment_TA\data\raw\RGB1\S30\AC5\RGB1_SUB30ACT5F91.jpg,1,1,0.6026772856712341
370,30,6,1,D:\Skripsi\Experiment_TA\data\raw\RGB1\S30\AC6\RGB1_SUB30ACT6F1.jpg,1,0,0.44790175557136536
371,30,6,121,D:\Skripsi\Experiment_TA\data\raw\RGB1\S30\AC6\RGB1_SUB30ACT6F121.jpg,1,0,0.45156747102737427
372,30,6,31,D:\Skripsi\Experiment_TA\data\raw\RGB1\S30\AC6\RGB1_SUB30ACT6F31.jpg,1,0,0.44504982233047485
373,30,6,61,D:\Skripsi\Experiment_TA\data\raw\RGB1\S30\AC6\RGB1_SUB30ACT6F61.jpg,1,0,0.4805757999420166
374,30,6,91,D:\Skripsi\Experiment_TA\data\raw\RGB1\S30\AC6\RGB1_SUB30ACT6F91.jpg,1,1,0.6360588669776917
375,30,7,1,D:\Skripsi\Experiment_TA\data\raw\RGB1\S30\AC7\RGB1_SUB30ACT7F1.jpg,1,1,0.6322211623191833
376,30,7,121,D:\Skripsi\Experiment_TA\data\raw\RGB1\S30\AC7\RGB1_SUB30ACT7F121.jpg,1,1,0.7531855702400208
377,30,7,151,D:\Skripsi\Experiment_TA\data\raw\RGB1\S30\AC7\RGB1_SUB30ACT7F151.jpg,1,1,0.7557157278060913
378,30,7,31,D:\Skripsi\Experiment_TA\data\raw\RGB1\S30\AC7\RGB1_SUB30ACT7F31.jpg,1,1,0.6910808086395264
379,30,7,61,D:\Skripsi\Experiment_TA\data\raw\RGB1\S30\AC7\RGB1_SUB30ACT7F61.jpg,1,1,0.7202543616294861
380,30,7,91,D:\Skripsi\Experiment_TA\data\raw\RGB1\S30\AC7\RGB1_SUB30ACT7F91.jpg,1,1,0.7262254953384399
381,30,8,1,D:\Skripsi\Experiment_TA\data\raw\RGB1\S30\AC8\RGB1_SUB30ACT8F1.jpg,1,0,0.4751119613647461
382,30,8,121,D:\Skripsi\Experiment_TA\data\raw\RGB1\S30\AC8\RGB1_SUB30ACT8F121.jpg,1,1,0.7589198350906372
383,30,8,31,D:\Skripsi\Experiment_TA\data\raw\RGB1\S30\AC8\RGB1_SUB30ACT8F31.jpg,1,1,0.5697407722473145
384,30,8,61,D:\Skripsi\Experiment_TA\data\raw\RGB1\S30\AC8\RGB1_SUB30ACT8F61.jpg,1,1,0.5419273376464844
385,30,8,91,D:\Skripsi\Experiment_TA\data\raw\RGB1\S30\AC8\RGB1_SUB30ACT8F91.jpg,1,1,0.5507283210754395
386,30,9,1,D:\Skripsi\Experiment_TA\data\raw\RGB1\S30\AC9\RGB1_SUB30ACT9F1.jpg,1,1,0.5984009504318237
387,30,9,121,D:\Skripsi\Experiment_TA\data\raw\RGB1\S30\AC9\RGB1_SUB30ACT9F121.jpg,1,1,0.7613022327423096
388,30,9,31,D:\Skripsi\Experiment_TA\data\raw\RGB1\S30\AC9\RGB1_SUB30ACT9F31.jpg,1,1,0.7999923229217529
389,30,9,61,D:\Skripsi\Experiment_TA\data\raw\RGB1\S30\AC9\RGB1_SUB30ACT9F61.jpg,1,1,0.5573880076408386
390,30,9,91,D:\Skripsi\Experiment_TA\data\raw\RGB1\S30\AC9\RGB1_SUB30ACT9F91.jpg,1,1,0.5440102815628052
391,31,1,1,D:\Skripsi\Experiment_TA\data\raw\RGB1\S31\AC1\RGB1_SUB31ACT1F1.jpg,0,0,0.4679611027240753
392,31,1,31,D:\Skripsi\Experiment_TA\data\raw\RGB1\S31\AC1\RGB1_SUB31ACT1F31.jpg,0,1,0.6324811577796936
393,31,1,61,D:\Skripsi\Experiment_TA\data\raw\RGB1\S31\AC1\RGB1_SUB31ACT1F61.jpg,0,1,0.6324596405029297
394,31,1,91,D:\Skripsi\Experiment_TA\data\raw\RGB1\S31\AC1\RGB1_SUB31ACT1F91.jpg,0,1,0.530940055847168
395,31,9,1,D:\Skripsi\Experiment_TA\data\raw\RGB1\S31\AC10\RGB1_SUB31ACT10F1.jpg,1,1,0.5356009006500244
396,31,9,121,D:\Skripsi\Experiment_TA\data\raw\RGB1\S31\AC10\RGB1_SUB31ACT10F121.jpg,1,1,0.522884726524353
397,31,9,31,D:\Skripsi\Experiment_TA\data\raw\RGB1\S31\AC10\RGB1_SUB31ACT10F31.jpg,1,1,0.5469339489936829
398,31,9,61,D:\Skripsi\Experiment_TA\data\raw\RGB1\S31\AC10\RGB1_SUB31ACT10F61.jpg,1,1,0.6183796525001526
399,31,9,91,D:\Skripsi\Experiment_TA\data\raw\RGB1\S31\AC10\RGB1_SUB31ACT10F91.jpg,1,0,0.39635831117630005
400,31,5,1,D:\Skripsi\Experiment_TA\data\raw\RGB1\S31\AC5\RGB1_SUB31ACT5F1.jpg,1,1,0.7518530488014221
401,31,5,31,D:\Skripsi\Experiment_TA\data\raw\RGB1\S31\AC5\RGB1_SUB31ACT5F31.jpg,1,1,0.6863325238227844
402,31,5,61,D:\Skripsi\Experiment_TA\data\raw\RGB1\S31\AC5\RGB1_SUB31ACT5F61.jpg,1,1,0.6532042026519775
403,31,5,91,D:\Skripsi\Experiment_TA\data\raw\RGB1\S31\AC5\RGB1_SUB31ACT5F91.jpg,1,1,0.7694777846336365
404,31,6,1,D:\Skripsi\Experiment_TA\data\raw\RGB1\S31\AC6\RGB1_SUB31ACT6F1.jpg,1,1,0.5384443402290344
405,31,6,31,D:\Skripsi\Experiment_TA\data\raw\RGB1\S31\AC6\RGB1_SUB31ACT6F31.jpg,1,1,0.5665296316146851
406,31,6,61,D:\Skripsi\Experiment_TA\data\raw\RGB1\S31\AC6\RGB1_SUB31ACT6F61.jpg,1,1,0.6592856049537659
407,31,7,1,D:\Skripsi\Experiment_TA\data\raw\RGB1\S31\AC7\RGB1_SUB31ACT7F1.jpg,1,1,0.518575131893158
408,31,7,31,D:\Skripsi\Experiment_TA\data\raw\RGB1\S31\AC7\RGB1_SUB31ACT7F31.jpg,1,1,0.8013084530830383
409,31,7,61,D:\Skripsi\Experiment_TA\data\raw\RGB1\S31\AC7\RGB1_SUB31ACT7F61.jpg,1,1,0.6302528977394104
410,31,7,91,D:\Skripsi\Experiment_TA\data\raw\RGB1\S31\AC7\RGB1_SUB31ACT7F91.jpg,1,1,0.7848109006881714
411,31,8,1,D:\Skripsi\Experiment_TA\data\raw\RGB1\S31\AC8\RGB1_SUB31ACT8F1.jpg,1,1,0.7575110793113708
412,31,8,121,D:\Skripsi\Experiment_TA\data\raw\RGB1\S31\AC8\RGB1_SUB31ACT8F121.jpg,1,1,0.787475049495697
413,31,8,31,D:\Skripsi\Experiment_TA\data\raw\RGB1\S31\AC8\RGB1_SUB31ACT8F31.jpg,1,1,0.7220401763916016
414,31,8,61,D:\Skripsi\Experiment_TA\data\raw\RGB1\S31\AC8\RGB1_SUB31ACT8F61.jpg,1,1,0.6773214340209961
415,31,8,91,D:\Skripsi\Experiment_TA\data\raw\RGB1\S31\AC8\RGB1_SUB31ACT8F91.jpg,1,1,0.7056891322135925
416,32,1,1,D:\Skripsi\Experiment_TA\data\raw\RGB1\S32\AC1\RGB1_SUB32ACT1F1.jpg,0,1,0.6830654740333557
417,32,1,31,D:\Skripsi\Experiment_TA\data\raw\RGB1\S32\AC1\RGB1_SUB32ACT1F31.jpg,0,1,0.5432807803153992
418,32,1,61,D:\Skripsi\Experiment_TA\data\raw\RGB1\S32\AC1\RGB1_SUB32ACT1F61.jpg,0,1,0.5693241953849792
419,32,1,91,D:\Skripsi\Experiment_TA\data\raw\RGB1\S32\AC1\RGB1_SUB32ACT1F91.jpg,0,1,0.5520440936088562
420,32,5,1,D:\Skripsi\Experiment_TA\data\raw\RGB1\S32\AC5\RGB1_SUB32ACT5F1.jpg,1,1,0.6606391072273254
421,32,5,31,D:\Skripsi\Experiment_TA\data\raw\RGB1\S32\AC5\RGB1_SUB32ACT5F31.jpg,1,1,0.6504597067832947
422,32,5,61,D:\Skripsi\Experiment_TA\data\raw\RGB1\S32\AC5\RGB1_SUB32ACT5F61.jpg,1,1,0.6685392260551453
423,32,5,91,D:\Skripsi\Experiment_TA\data\raw\RGB1\S32\AC5\RGB1_SUB32ACT5F91.jpg,1,1,0.581510603427887
424,32,6,1,D:\Skripsi\Experiment_TA\data\raw\RGB1\S32\AC6\RGB1_SUB32ACT6F1.jpg,1,1,0.5281021595001221
425,32,6,31,D:\Skripsi\Experiment_TA\data\raw\RGB1\S32\AC6\RGB1_SUB32ACT6F31.jpg,1,1,0.5931639075279236
426,32,6,61,D:\Skripsi\Experiment_TA\data\raw\RGB1\S32\AC6\RGB1_SUB32ACT6F61.jpg,1,1,0.5853512287139893
427,32,6,91,D:\Skripsi\Experiment_TA\data\raw\RGB1\S32\AC6\RGB1_SUB32ACT6F91.jpg,1,1,0.6084526777267456
428,32,7,1,D:\Skripsi\Experiment_TA\data\raw\RGB1\S32\AC7\RGB1_SUB32ACT7F1.jpg,1,1,0.6514542102813721
429,32,7,31,D:\Skripsi\Experiment_TA\data\raw\RGB1\S32\AC7\RGB1_SUB32ACT7F31.jpg,1,1,0.6201012134552002
430,32,7,61,D:\Skripsi\Experiment_TA\data\raw\RGB1\S32\AC7\RGB1_SUB32ACT7F61.jpg,1,1,0.7405509352684021
431,32,7,91,D:\Skripsi\Experiment_TA\data\raw\RGB1\S32\AC7\RGB1_SUB32ACT7F91.jpg,1,1,0.6728425621986389
432,32,8,1,D:\Skripsi\Experiment_TA\data\raw\RGB1\S32\AC8\RGB1_SUB32ACT8F1.jpg,1,1,0.6404809951782227
433,32,8,31,D:\Skripsi\Experiment_TA\data\raw\RGB1\S32\AC8\RGB1_SUB32ACT8F31.jpg,1,1,0.6938565969467163
434,32,8,61,D:\Skripsi\Experiment_TA\data\raw\RGB1\S32\AC8\RGB1_SUB32ACT8F61.jpg,1,1,0.6909440159797668
435,32,9,1,D:\Skripsi\Experiment_TA\data\raw\RGB1\S32\AC9\RGB1_SUB32ACT9F1.jpg,1,1,0.6981223821640015
436,32,9,31,D:\Skripsi\Experiment_TA\data\raw\RGB1\S32\AC9\RGB1_SUB32ACT9F31.jpg,1,1,0.7338996529579163
437,32,9,61,D:\Skripsi\Experiment_TA\data\raw\RGB1\S32\AC9\RGB1_SUB32ACT9F61.jpg,1,1,0.6720896363258362
438,33,1,1,D:\Skripsi\Experiment_TA\data\raw\RGB1\S33\AC1\RGB1_SUB33ACT1F1.jpg,0,0,0.4363377094268799
439,33,1,31,D:\Skripsi\Experiment_TA\data\raw\RGB1\S33\AC1\RGB1_SUB33ACT1F31.jpg,0,1,0.5654151439666748
440,33,1,61,D:\Skripsi\Experiment_TA\data\raw\RGB1\S33\AC1\RGB1_SUB33ACT1F61.jpg,0,1,0.5550115704536438
441,33,5,1,D:\Skripsi\Experiment_TA\data\raw\RGB1\S33\AC5\RGB1_SUB33ACT5F1.jpg,1,1,0.7525454759597778
442,33,5,31,D:\Skripsi\Experiment_TA\data\raw\RGB1\S33\AC5\RGB1_SUB33ACT5F31.jpg,1,1,0.6740900278091431
443,33,5,61,D:\Skripsi\Experiment_TA\data\raw\RGB1\S33\AC5\RGB1_SUB33ACT5F61.jpg,1,1,0.7123092412948608
444,33,6,1,D:\Skripsi\Experiment_TA\data\raw\RGB1\S33\AC6\RGB1_SUB33ACT6F1.jpg,1,1,0.7387920618057251
445,33,6,31,D:\Skripsi\Experiment_TA\data\raw\RGB1\S33\AC6\RGB1_SUB33ACT6F31.jpg,1,1,0.7164146304130554
446,33,6,61,D:\Skripsi\Experiment_TA\data\raw\RGB1\S33\AC6\RGB1_SUB33ACT6F61.jpg,1,1,0.6781039237976074
447,33,7,1,D:\Skripsi\Experiment_TA\data\raw\RGB1\S33\AC7\RGB1_SUB33ACT7F1.jpg,1,1,0.6883957386016846
448,33,7,31,D:\Skripsi\Experiment_TA\data\raw\RGB1\S33\AC7\RGB1_SUB33ACT7F31.jpg,1,1,0.7146758437156677
449,33,7,61,D:\Skripsi\Experiment_TA\data\raw\RGB1\S33\AC7\RGB1_SUB33ACT7F61.jpg,1,1,0.7061708569526672
450,33,7,91,D:\Skripsi\Experiment_TA\data\raw\RGB1\S33\AC7\RGB1_SUB33ACT7F91.jpg,1,1,0.7484733462333679
451,33,8,1,D:\Skripsi\Experiment_TA\data\raw\RGB1\S33\AC8\RGB1_SUB33ACT8F1.jpg,1,0,0.469828724861145
452,33,8,31,D:\Skripsi\Experiment_TA\data\raw\RGB1\S33\AC8\RGB1_SUB33ACT8F31.jpg,1,1,0.5523819923400879
453,33,8,61,D:\Skripsi\Experiment_TA\data\raw\RGB1\S33\AC8\RGB1_SUB33ACT8F61.jpg,1,1,0.6229421496391296
454,33,8,91,D:\Skripsi\Experiment_TA\data\raw\RGB1\S33\AC8\RGB1_SUB33ACT8F91.jpg,1,1,0.5407082438468933
455,33,9,1,D:\Skripsi\Experiment_TA\data\raw\RGB1\S33\AC9\RGB1_SUB33ACT9F1.jpg,1,0,0.4407406449317932
456,33,9,31,D:\Skripsi\Experiment_TA\data\raw\RGB1\S33\AC9\RGB1_SUB33ACT9F31.jpg,1,0,0.49753791093826294
457,33,9,61,D:\Skripsi\Experiment_TA\data\raw\RGB1\S33\AC9\RGB1_SUB33ACT9F61.jpg,1,1,0.6717107892036438
458,33,9,91,D:\Skripsi\Experiment_TA\data\raw\RGB1\S33\AC9\RGB1_SUB33ACT9F91.jpg,1,1,0.6268290877342224
459,34,1,1,D:\Skripsi\Experiment_TA\data\raw\RGB1\S34\AC1\RGB1_SUB34ACT1F1.jpg,0,0,0.35225996375083923
460,34,1,31,D:\Skripsi\Experiment_TA\data\raw\RGB1\S34\AC1\RGB1_SUB34ACT1F31.jpg,0,0,0.34200355410575867
461,34,1,61,D:\Skripsi\Experiment_TA\data\raw\RGB1\S34\AC1\RGB1_SUB34ACT1F61.jpg,0,0,0.36472973227500916
462,34,5,1,D:\Skripsi\Experiment_TA\data\raw\RGB1\S34\AC5\RGB1_SUB34ACT5F1.jpg,1,1,0.7562657594680786
463,34,5,31,D:\Skripsi\Experiment_TA\data\raw\RGB1\S34\AC5\RGB1_SUB34ACT5F31.jpg,1,1,0.780860960483551
464,34,5,61,D:\Skripsi\Experiment_TA\data\raw\RGB1\S34\AC5\RGB1_SUB34ACT5F61.jpg,1,1,0.7738440632820129
465,34,6,1,D:\Skripsi\Experiment_TA\data\raw\RGB1\S34\AC6\RGB1_SUB34ACT6F1.jpg,1,1,0.5396512746810913
466,34,6,31,D:\Skripsi\Experiment_TA\data\raw\RGB1\S34\AC6\RGB1_SUB34ACT6F31.jpg,1,1,0.6009938716888428
467,34,6,61,D:\Skripsi\Experiment_TA\data\raw\RGB1\S34\AC6\RGB1_SUB34ACT6F61.jpg,1,1,0.7015867829322815
468,34,7,1,D:\Skripsi\Experiment_TA\data\raw\RGB1\S34\AC7\RGB1_SUB34ACT7F1.jpg,1,1,0.6838889122009277
469,34,7,31,D:\Skripsi\Experiment_TA\data\raw\RGB1\S34\AC7\RGB1_SUB34ACT7F31.jpg,1,1,0.6536921858787537
470,34,7,61,D:\Skripsi\Experiment_TA\data\raw\RGB1\S34\AC7\RGB1_SUB34ACT7F61.jpg,1,1,0.6267899870872498
471,34,8,1,D:\Skripsi\Experiment_TA\data\raw\RGB1\S34\AC8\RGB1_SUB34ACT8F1.jpg,1,0,0.41906675696372986
472,34,8,31,D:\Skripsi\Experiment_TA\data\raw\RGB1\S34\AC8\RGB1_SUB34ACT8F31.jpg,1,1,0.565112829208374
473,34,8,61,D:\Skripsi\Experiment_TA\data\raw\RGB1\S34\AC8\RGB1_SUB34ACT8F61.jpg,1,0,0.4841664731502533
474,34,8,91,D:\Skripsi\Experiment_TA\data\raw\RGB1\S34\AC8\RGB1_SUB34ACT8F91.jpg,1,1,0.6080744862556458
475,34,9,1,D:\Skripsi\Experiment_TA\data\raw\RGB1\S34\AC9\RGB1_SUB34ACT9F1.jpg,1,1,0.6870927214622498
476,34,9,31,D:\Skripsi\Experiment_TA\data\raw\RGB1\S34\AC9\RGB1_SUB34ACT9F31.jpg,1,1,0.7017810344696045
477,34,9,61,D:\Skripsi\Experiment_TA\data\raw\RGB1\S34\AC9\RGB1_SUB34ACT9F61.jpg,1,1,0.7458714842796326
478,35,1,1,D:\Skripsi\Experiment_TA\data\raw\RGB1\S35\AC1\RGB1_SUB35ACT1F1.jpg,0,1,0.5416910648345947
479,35,1,121,D:\Skripsi\Experiment_TA\data\raw\RGB1\S35\AC1\RGB1_SUB35ACT1F121.jpg,0,0,0.29695409536361694
480,35,1,31,D:\Skripsi\Experiment_TA\data\raw\RGB1\S35\AC1\RGB1_SUB35ACT1F31.jpg,0,0,0.22673961520195007
481,35,1,61,D:\Skripsi\Experiment_TA\data\raw\RGB1\S35\AC1\RGB1_SUB35ACT1F61.jpg,0,0,0.35881534218788147
482,35,1,91,D:\Skripsi\Experiment_TA\data\raw\RGB1\S35\AC1\RGB1_SUB35ACT1F91.jpg,0,0,0.3035843074321747
483,35,5,1,D:\Skripsi\Experiment_TA\data\raw\RGB1\S35\AC5\RGB1_SUB35ACT5F1.jpg,1,0,0.46929407119750977
484,35,5,31,D:\Skripsi\Experiment_TA\data\raw\RGB1\S35\AC5\RGB1_SUB35ACT5F31.jpg,1,1,0.6183314323425293
485,35,5,61,D:\Skripsi\Experiment_TA\data\raw\RGB1\S35\AC5\RGB1_SUB35ACT5F61.jpg,1,0,0.4810871183872223
486,35,5,91,D:\Skripsi\Experiment_TA\data\raw\RGB1\S35\AC5\RGB1_SUB35ACT5F91.jpg,1,0,0.4437422454357147
487,35,6,1,D:\Skripsi\Experiment_TA\data\raw\RGB1\S35\AC6\RGB1_SUB35ACT6F1.jpg,1,0,0.486471563577652
488,35,6,121,D:\Skripsi\Experiment_TA\data\raw\RGB1\S35\AC6\RGB1_SUB35ACT6F121.jpg,1,1,0.580934464931488
489,35,6,151,D:\Skripsi\Experiment_TA\data\raw\RGB1\S35\AC6\RGB1_SUB35ACT6F151.jpg,1,1,0.6053426861763
490,35,6,31,D:\Skripsi\Experiment_TA\data\raw\RGB1\S35\AC6\RGB1_SUB35ACT6F31.jpg,1,1,0.5242429971694946
491,35,6,61,D:\Skripsi\Experiment_TA\data\raw\RGB1\S35\AC6\RGB1_SUB35ACT6F61.jpg,1,1,0.5326998829841614
492,35,6,91,D:\Skripsi\Experiment_TA\data\raw\RGB1\S35\AC6\RGB1_SUB35ACT6F91.jpg,1,1,0.6504563689231873
493,35,7,1,D:\Skripsi\Experiment_TA\data\raw\RGB1\S35\AC7\RGB1_SUB35ACT7F1.jpg,1,1,0.6207289695739746
494,35,7,121,D:\Skripsi\Experiment_TA\data\raw\RGB1\S35\AC7\RGB1_SUB35ACT7F121.jpg,1,1,0.603783130645752
495,35,7,151,D:\Skripsi\Experiment_TA\data\raw\RGB1\S35\AC7\RGB1_SUB35ACT7F151.jpg,1,1,0.6889474987983704
496,35,7,181,D:\Skripsi\Experiment_TA\data\raw\RGB1\S35\AC7\RGB1_SUB35ACT7F181.jpg,1,1,0.5200825333595276
497,35,7,31,D:\Skripsi\Experiment_TA\data\raw\RGB1\S35\AC7\RGB1_SUB35ACT7F31.jpg,1,1,0.5844883322715759
498,35,7,61,D:\Skripsi\Experiment_TA\data\raw\RGB1\S35\AC7\RGB1_SUB35ACT7F61.jpg,1,1,0.5524351000785828
499,35,7,91,D:\Skripsi\Experiment_TA\data\raw\RGB1\S35\AC7\RGB1_SUB35ACT7F91.jpg,1,1,0.5807512402534485
500,35,8,1,D:\Skripsi\Experiment_TA\data\raw\RGB1\S35\AC8\RGB1_SUB35ACT8F1.jpg,1,0,0.4218137264251709
501,35,8,31,D:\Skripsi\Experiment_TA\data\raw\RGB1\S35\AC8\RGB1_SUB35ACT8F31.jpg,1,0,0.37679189443588257
502,35,8,61,D:\Skripsi\Experiment_TA\data\raw\RGB1\S35\AC8\RGB1_SUB35ACT8F61.jpg,1,0,0.39088788628578186
503,35,8,91,D:\Skripsi\Experiment_TA\data\raw\RGB1\S35\AC8\RGB1_SUB35ACT8F91.jpg,1,0,0.36647942662239075
504,35,9,1,D:\Skripsi\Experiment_TA\data\raw\RGB1\S35\AC9\RGB1_SUB35ACT9F1.jpg,1,1,0.5035479068756104
505,35,9,121,D:\Skripsi\Experiment_TA\data\raw\RGB1\S35\AC9\RGB1_SUB35ACT9F121.jpg,1,1,0.6919065117835999
506,35,9,31,D:\Skripsi\Experiment_TA\data\raw\RGB1\S35\AC9\RGB1_SUB35ACT9F31.jpg,1,1,0.5553531646728516
507,35,9,61,D:\Skripsi\Experiment_TA\data\raw\RGB1\S35\AC9\RGB1_SUB35ACT9F61.jpg,1,1,0.5251795649528503
508,35,9,91,D:\Skripsi\Experiment_TA\data\raw\RGB1\S35\AC9\RGB1_SUB35ACT9F91.jpg,1,1,0.7124576568603516
509,36,1,1,D:\Skripsi\Experiment_TA\data\raw\RGB1\S36\AC1\RGB1_SUB36ACT1F1.jpg,0,1,0.6516807675361633
510,36,1,121,D:\Skripsi\Experiment_TA\data\raw\RGB1\S36\AC1\RGB1_SUB36ACT1F121.jpg,0,1,0.5682023763656616
511,36,1,31,D:\Skripsi\Experiment_TA\data\raw\RGB1\S36\AC1\RGB1_SUB36ACT1F31.jpg,0,1,0.6696003079414368
512,36,1,61,D:\Skripsi\Experiment_TA\data\raw\RGB1\S36\AC1\RGB1_SUB36ACT1F61.jpg,0,0,0.4447605609893799
513,36,1,91,D:\Skripsi\Experiment_TA\data\raw\RGB1\S36\AC1\RGB1_SUB36ACT1F91.jpg,0,1,0.6954883933067322
514,36,5,1,D:\Skripsi\Experiment_TA\data\raw\RGB1\S36\AC5\RGB1_SUB36ACT5F1.jpg,1,1,0.6734616756439209
515,36,5,121,D:\Skripsi\Experiment_TA\data\raw\RGB1\S36\AC5\RGB1_SUB36ACT5F121.jpg,1,1,0.696677565574646
516,36,5,31,D:\Skripsi\Experiment_TA\data\raw\RGB1\S36\AC5\RGB1_SUB36ACT5F31.jpg,1,1,0.6654008030891418
517,36,5,61,D:\Skripsi\Experiment_TA\data\raw\RGB1\S36\AC5\RGB1_SUB36ACT5F61.jpg,1,1,0.6573236584663391
518,36,5,91,D:\Skripsi\Experiment_TA\data\raw\RGB1\S36\AC5\RGB1_SUB36ACT5F91.jpg,1,1,0.6884444952011108
519,36,6,1,D:\Skripsi\Experiment_TA\data\raw\RGB1\S36\AC6\RGB1_SUB36ACT6F1.jpg,1,1,0.6712429523468018
520,36,6,31,D:\Skripsi\Experiment_TA\data\raw\RGB1\S36\AC6\RGB1_SUB36ACT6F31.jpg,1,1,0.8414827585220337
521,36,6,61,D:\Skripsi\Experiment_TA\data\raw\RGB1\S36\AC6\RGB1_SUB36ACT6F61.jpg,1,1,0.8157036304473877
522,36,6,91,D:\Skripsi\Experiment_TA\data\raw\RGB1\S36\AC6\RGB1_SUB36ACT6F91.jpg,1,1,0.7934980988502502
523,36,7,1,D:\Skripsi\Experiment_TA\data\raw\RGB1\S36\AC7\RGB1_SUB36ACT7F1.jpg,1,1,0.7473576068878174
524,36,7,121,D:\Skripsi\Experiment_TA\data\raw\RGB1\S36\AC7\RGB1_SUB36ACT7F121.jpg,1,1,0.7826740145683289
525,36,7,31,D:\Skripsi\Experiment_TA\data\raw\RGB1\S36\AC7\RGB1_SUB36ACT7F31.jpg,1,1,0.7982544898986816
526,36,7,61,D:\Skripsi\Experiment_TA\data\raw\RGB1\S36\AC7\RGB1_SUB36ACT7F61.jpg,1,1,0.708116352558136
527,36,7,91,D:\Skripsi\Experiment_TA\data\raw\RGB1\S36\AC7\RGB1_SUB36ACT7F91.jpg,1,1,0.8171491622924805
528,36,8,1,D:\Skripsi\Experiment_TA\data\raw\RGB1\S36\AC8\RGB1_SUB36ACT8F1.jpg,1,1,0.6963762044906616
529,36,8,121,D:\Skripsi\Experiment_TA\data\raw\RGB1\S36\AC8\RGB1_SUB36ACT8F121.jpg,1,1,0.7566525340080261
530,36,8,31,D:\Skripsi\Experiment_TA\data\raw\RGB1\S36\AC8\RGB1_SUB36ACT8F31.jpg,1,1,0.679650068283081
531,36,8,61,D:\Skripsi\Experiment_TA\data\raw\RGB1\S36\AC8\RGB1_SUB36ACT8F61.jpg,1,1,0.6410168409347534
532,36,8,91,D:\Skripsi\Experiment_TA\data\raw\RGB1\S36\AC8\RGB1_SUB36ACT8F91.jpg,1,1,0.7083356380462646
533,36,9,1,D:\Skripsi\Experiment_TA\data\raw\RGB1\S36\AC9\RGB1_SUB36ACT9F1.jpg,1,1,0.7677644491195679
534,36,9,121,D:\Skripsi\Experiment_TA\data\raw\RGB1\S36\AC9\RGB1_SUB36ACT9F121.jpg,1,1,0.6176160573959351
535,36,9,151,D:\Skripsi\Experiment_TA\data\raw\RGB1\S36\AC9\RGB1_SUB36ACT9F151.jpg,1,1,0.6353735327720642
536,36,9,31,D:\Skripsi\Experiment_TA\data\raw\RGB1\S36\AC9\RGB1_SUB36ACT9F31.jpg,1,1,0.683994472026825
537,36,9,61,D:\Skripsi\Experiment_TA\data\raw\RGB1\S36\AC9\RGB1_SUB36ACT9F61.jpg,1,1,0.5370844006538391
538,36,9,91,D:\Skripsi\Experiment_TA\data\raw\RGB1\S36\AC9\RGB1_SUB36ACT9F91.jpg,1,1,0.6595041751861572
539,37,1,1,D:\Skripsi\Experiment_TA\data\raw\RGB1\S37\AC1\RGB1_SUB37ACT1F1.jpg,0,0,0.47525104880332947
540,37,1,121,D:\Skripsi\Experiment_TA\data\raw\RGB1\S37\AC1\RGB1_SUB37ACT1F121.jpg,0,0,0.4203733801841736
541,37,1,31,D:\Skripsi\Experiment_TA\data\raw\RGB1\S37\AC1\RGB1_SUB37ACT1F31.jpg,0,0,0.4193657338619232
542,37,1,61,D:\Skripsi\Experiment_TA\data\raw\RGB1\S37\AC1\RGB1_SUB37ACT1F61.jpg,0,0,0.3855976462364197
543,37,1,91,D:\Skripsi\Experiment_TA\data\raw\RGB1\S37\AC1\RGB1_SUB37ACT1F91.jpg,0,0,0.4244821071624756
544,37,5,1,D:\Skripsi\Experiment_TA\data\raw\RGB1\S37\AC5\RGB1_SUB37ACT5F1.jpg,1,1,0.7607874274253845
545,37,5,121,D:\Skripsi\Experiment_TA\data\raw\RGB1\S37\AC5\RGB1_SUB37ACT5F121.jpg,1,1,0.6135088205337524
546,37,5,31,D:\Skripsi\Experiment_TA\data\raw\RGB1\S37\AC5\RGB1_SUB37ACT5F31.jpg,1,1,0.6644589304924011
547,37,5,61,D:\Skripsi\Experiment_TA\data\raw\RGB1\S37\AC5\RGB1_SUB37ACT5F61.jpg,1,1,0.6087894439697266
548,37,5,91,D:\Skripsi\Experiment_TA\data\raw\RGB1\S37\AC5\RGB1_SUB37ACT5F91.jpg,1,1,0.5798163414001465
549,37,6,1,D:\Skripsi\Experiment_TA\data\raw\RGB1\S37\AC6\RGB1_SUB37ACT6F1.jpg,1,1,0.6604641675949097
550,37,6,121,D:\Skripsi\Experiment_TA\data\raw\RGB1\S37\AC6\RGB1_SUB37ACT6F121.jpg,1,1,0.5423359870910645
551,37,6,31,D:\Skripsi\Experiment_TA\data\raw\RGB1\S37\AC6\RGB1_SUB37ACT6F31.jpg,1,1,0.6448562145233154
552,37,6,61,D:\Skripsi\Experiment_TA\data\raw\RGB1\S37\AC6\RGB1_SUB37ACT6F61.jpg,1,1,0.5850586891174316
553,37,6,91,D:\Skripsi\Experiment_TA\data\raw\RGB1\S37\AC6\RGB1_SUB37ACT6F91.jpg,1,1,0.6255632042884827
554,37,7,1,D:\Skripsi\Experiment_TA\data\raw\RGB1\S37\AC7\RGB1_SUB37ACT7F1.jpg,1,1,0.5197348594665527
555,37,7,121,D:\Skripsi\Experiment_TA\data\raw\RGB1\S37\AC7\RGB1_SUB37ACT7F121.jpg,1,1,0.6491480469703674
556,37,7,151,D:\Skripsi\Experiment_TA\data\raw\RGB1\S37\AC7\RGB1_SUB37ACT7F151.jpg,1,1,0.6349771022796631
557,37,7,31,D:\Skripsi\Experiment_TA\data\raw\RGB1\S37\AC7\RGB1_SUB37ACT7F31.jpg,1,1,0.5882399678230286
558,37,7,61,D:\Skripsi\Experiment_TA\data\raw\RGB1\S37\AC7\RGB1_SUB37ACT7F61.jpg,1,1,0.6985630989074707
559,37,7,91,D:\Skripsi\Experiment_TA\data\raw\RGB1\S37\AC7\RGB1_SUB37ACT7F91.jpg,1,1,0.6927548050880432
560,37,8,1,D:\Skripsi\Experiment_TA\data\raw\RGB1\S37\AC8\RGB1_SUB37ACT8F1.jpg,1,1,0.6071755886077881
561,37,8,121,D:\Skripsi\Experiment_TA\data\raw\RGB1\S37\AC8\RGB1_SUB37ACT8F121.jpg,1,1,0.7143574357032776
562,37,8,151,D:\Skripsi\Experiment_TA\data\raw\RGB1\S37\AC8\RGB1_SUB37ACT8F151.jpg,1,1,0.73879075050354
563,37,8,31,D:\Skripsi\Experiment_TA\data\raw\RGB1\S37\AC8\RGB1_SUB37ACT8F31.jpg,1,1,0.664425253868103
564,37,8,61,D:\Skripsi\Experiment_TA\data\raw\RGB1\S37\AC8\RGB1_SUB37ACT8F61.jpg,1,1,0.6684178709983826
565,37,8,91,D:\Skripsi\Experiment_TA\data\raw\RGB1\S37\AC8\RGB1_SUB37ACT8F91.jpg,1,1,0.624920129776001
566,37,9,1,D:\Skripsi\Experiment_TA\data\raw\RGB1\S37\AC9\RGB1_SUB37ACT9F1.jpg,1,1,0.701545774936676
567,37,9,121,D:\Skripsi\Experiment_TA\data\raw\RGB1\S37\AC9\RGB1_SUB37ACT9F121.jpg,1,1,0.5771179795265198
568,37,9,151,D:\Skripsi\Experiment_TA\data\raw\RGB1\S37\AC9\RGB1_SUB37ACT9F151.jpg,1,1,0.5870212912559509
569,37,9,31,D:\Skripsi\Experiment_TA\data\raw\RGB1\S37\AC9\RGB1_SUB37ACT9F31.jpg,1,1,0.6971696019172668
570,37,9,61,D:\Skripsi\Experiment_TA\data\raw\RGB1\S37\AC9\RGB1_SUB37ACT9F61.jpg,1,1,0.6577131748199463
571,37,9,91,D:\Skripsi\Experiment_TA\data\raw\RGB1\S37\AC9\RGB1_SUB37ACT9F91.jpg,1,1,0.6304735541343689
572,38,1,1,D:\Skripsi\Experiment_TA\data\raw\RGB1\S38\AC1\RGB1_SUB38ACT1F1.jpg,0,0,0.43538379669189453
573,38,1,121,D:\Skripsi\Experiment_TA\data\raw\RGB1\S38\AC1\RGB1_SUB38ACT1F121.jpg,0,0,0.35119983553886414
574,38,1,31,D:\Skripsi\Experiment_TA\data\raw\RGB1\S38\AC1\RGB1_SUB38ACT1F31.jpg,0,0,0.36094677448272705
575,38,1,61,D:\Skripsi\Experiment_TA\data\raw\RGB1\S38\AC1\RGB1_SUB38ACT1F61.jpg,0,0,0.43270719051361084
576,38,1,91,D:\Skripsi\Experiment_TA\data\raw\RGB1\S38\AC1\RGB1_SUB38ACT1F91.jpg,0,1,0.6476120352745056
577,38,5,1,D:\Skripsi\Experiment_TA\data\raw\RGB1\S38\AC5\RGB1_SUB38ACT5F1.jpg,1,1,0.585388720035553
578,38,5,31,D:\Skripsi\Experiment_TA\data\raw\RGB1\S38\AC5\RGB1_SUB38ACT5F31.jpg,1,1,0.5008976459503174
579,38,5,61,D:\Skripsi\Experiment_TA\data\raw\RGB1\S38\AC5\RGB1_SUB38ACT5F61.jpg,1,1,0.5256830453872681
580,38,5,91,D:\Skripsi\Experiment_TA\data\raw\RGB1\S38\AC5\RGB1_SUB38ACT5F91.jpg,1,0,0.41158702969551086
581,38,6,1,D:\Skripsi\Experiment_TA\data\raw\RGB1\S38\AC6\RGB1_SUB38ACT6F1.jpg,1,1,0.6428546905517578
582,38,6,31,D:\Skripsi\Experiment_TA\data\raw\RGB1\S38\AC6\RGB1_SUB38ACT6F31.jpg,1,1,0.5373516082763672
583,38,6,61,D:\Skripsi\Experiment_TA\data\raw\RGB1\S38\AC6\RGB1_SUB38ACT6F61.jpg,1,1,0.5610702037811279
584,38,6,91,D:\Skripsi\Experiment_TA\data\raw\RGB1\S38\AC6\RGB1_SUB38ACT6F91.jpg,1,1,0.5500585436820984
585,38,7,1,D:\Skripsi\Experiment_TA\data\raw\RGB1\S38\AC7\RGB1_SUB38ACT7F1.jpg,1,1,0.759819746017456
586,38,7,121,D:\Skripsi\Experiment_TA\data\raw\RGB1\S38\AC7\RGB1_SUB38ACT7F121.jpg,1,1,0.763576328754425
587,38,7,31,D:\Skripsi\Experiment_TA\data\raw\RGB1\S38\AC7\RGB1_SUB38ACT7F31.jpg,1,1,0.8017011284828186
588,38,7,61,D:\Skripsi\Experiment_TA\data\raw\RGB1\S38\AC7\RGB1_SUB38ACT7F61.jpg,1,1,0.6781367063522339
589,38,7,91,D:\Skripsi\Experiment_TA\data\raw\RGB1\S38\AC7\RGB1_SUB38ACT7F91.jpg,1,1,0.6138158440589905
590,38,8,1,D:\Skripsi\Experiment_TA\data\raw\RGB1\S38\AC8\RGB1_SUB38ACT8F1.jpg,1,1,0.7991718649864197
591,38,8,121,D:\Skripsi\Experiment_TA\data\raw\RGB1\S38\AC8\RGB1_SUB38ACT8F121.jpg,1,1,0.6387960314750671
592,38,8,31,D:\Skripsi\Experiment_TA\data\raw\RGB1\S38\AC8\RGB1_SUB38ACT8F31.jpg,1,1,0.7629930377006531
593,38,8,61,D:\Skripsi\Experiment_TA\data\raw\RGB1\S38\AC8\RGB1_SUB38ACT8F61.jpg,1,1,0.7544021606445312
594,38,8,91,D:\Skripsi\Experiment_TA\data\raw\RGB1\S38\AC8\RGB1_SUB38ACT8F91.jpg,1,1,0.7339553833007812
595,38,9,1,D:\Skripsi\Experiment_TA\data\raw\RGB1\S38\AC9\RGB1_SUB38ACT9F1.jpg,1,1,0.5208331346511841
596,38,9,121,D:\Skripsi\Experiment_TA\data\raw\RGB1\S38\AC9\RGB1_SUB38ACT9F121.jpg,1,1,0.5220484733581543
597,38,9,31,D:\Skripsi\Experiment_TA\data\raw\RGB1\S38\AC9\RGB1_SUB38ACT9F31.jpg,1,0,0.44525134563446045
598,38,9,61,D:\Skripsi\Experiment_TA\data\raw\RGB1\S38\AC9\RGB1_SUB38ACT9F61.jpg,1,0,0.4813951551914215
599,38,9,91,D:\Skripsi\Experiment_TA\data\raw\RGB1\S38\AC9\RGB1_SUB38ACT9F91.jpg,1,1,0.5002963542938232
600,39,1,1,D:\Skripsi\Experiment_TA\data\raw\RGB1\S39\AC1\RGB1_SUB39ACT1F1.jpg,0,1,0.5874384641647339
601,39,1,31,D:\Skripsi\Experiment_TA\data\raw\RGB1\S39\AC1\RGB1_SUB39ACT1F31.jpg,0,1,0.5088989734649658
602,39,1,61,D:\Skripsi\Experiment_TA\data\raw\RGB1\S39\AC1\RGB1_SUB39ACT1F61.jpg,0,1,0.5231974124908447
603,39,1,91,D:\Skripsi\Experiment_TA\data\raw\RGB1\S39\AC1\RGB1_SUB39ACT1F91.jpg,0,1,0.5314590930938721
604,39,5,1,D:\Skripsi\Experiment_TA\data\raw\RGB1\S39\AC5\RGB1_SUB39ACT5F1.jpg,1,1,0.6925283670425415
605,39,5,31,D:\Skripsi\Experiment_TA\data\raw\RGB1\S39\AC5\RGB1_SUB39ACT5F31.jpg,1,1,0.7093186378479004
606,39,5,61,D:\Skripsi\Experiment_TA\data\raw\RGB1\S39\AC5\RGB1_SUB39ACT5F61.jpg,1,1,0.6071674823760986
607,39,5,91,D:\Skripsi\Experiment_TA\data\raw\RGB1\S39\AC5\RGB1_SUB39ACT5F91.jpg,1,1,0.5365627408027649
608,39,6,1,D:\Skripsi\Experiment_TA\data\raw\RGB1\S39\AC6\RGB1_SUB39ACT6F1.jpg,1,1,0.7209954261779785
609,39,6,31,D:\Skripsi\Experiment_TA\data\raw\RGB1\S39\AC6\RGB1_SUB39ACT6F31.jpg,1,1,0.6180136203765869
610,39,6,61,D:\Skripsi\Experiment_TA\data\raw\RGB1\S39\AC6\RGB1_SUB39ACT6F61.jpg,1,1,0.6658074259757996
611,39,6,91,D:\Skripsi\Experiment_TA\data\raw\RGB1\S39\AC6\RGB1_SUB39ACT6F91.jpg,1,1,0.6947165131568909
612,39,7,1,D:\Skripsi\Experiment_TA\data\raw\RGB1\S39\AC7\RGB1_SUB39ACT7F1.jpg,1,1,0.7159284353256226
613,39,7,31,D:\Skripsi\Experiment_TA\data\raw\RGB1\S39\AC7\RGB1_SUB39ACT7F31.jpg,1,1,0.7783008813858032
614,39,7,61,D:\Skripsi\Experiment_TA\data\raw\RGB1\S39\AC7\RGB1_SUB39ACT7F61.jpg,1,1,0.6656402945518494
615,39,7,91,D:\Skripsi\Experiment_TA\data\raw\RGB1\S39\AC7\RGB1_SUB39ACT7F91.jpg,1,1,0.7274709939956665
616,39,8,1,D:\Skripsi\Experiment_TA\data\raw\RGB1\S39\AC8\RGB1_SUB39ACT8F1.jpg,1,1,0.806735634803772
617,39,8,121,D:\Skripsi\Experiment_TA\data\raw\RGB1\S39\AC8\RGB1_SUB39ACT8F121.jpg,1,1,0.7338911294937134
618,39,8,31,D:\Skripsi\Experiment_TA\data\raw\RGB1\S39\AC8\RGB1_SUB39ACT8F31.jpg,1,1,0.7658649682998657
619,39,8,61,D:\Skripsi\Experiment_TA\data\raw\RGB1\S39\AC8\RGB1_SUB39ACT8F61.jpg,1,1,0.6960080862045288
620,39,8,91,D:\Skripsi\Experiment_TA\data\raw\RGB1\S39\AC8\RGB1_SUB39ACT8F91.jpg,1,1,0.6271753311157227
621,39,9,1,D:\Skripsi\Experiment_TA\data\raw\RGB1\S39\AC9\RGB1_SUB39ACT9F1.jpg,1,1,0.6685212850570679
622,39,9,121,D:\Skripsi\Experiment_TA\data\raw\RGB1\S39\AC9\RGB1_SUB39ACT9F121.jpg,1,1,0.7228410243988037
623,39,9,31,D:\Skripsi\Experiment_TA\data\raw\RGB1\S39\AC9\RGB1_SUB39ACT9F31.jpg,1,1,0.6538560390472412
624,39,9,61,D:\Skripsi\Experiment_TA\data\raw\RGB1\S39\AC9\RGB1_SUB39ACT9F61.jpg,1,1,0.5066108107566833
625,39,9,91,D:\Skripsi\Experiment_TA\data\raw\RGB1\S39\AC9\RGB1_SUB39ACT9F91.jpg,1,1,0.6442006230354309
626,40,1,1,D:\Skripsi\Experiment_TA\data\raw\RGB1\S40\AC1\RGB1_SUB40ACT1F1.jpg,0,1,0.5533967018127441
627,40,1,121,D:\Skripsi\Experiment_TA\data\raw\RGB1\S40\AC1\RGB1_SUB40ACT1F121.jpg,0,0,0.4972870945930481
628,40,1,31,D:\Skripsi\Experiment_TA\data\raw\RGB1\S40\AC1\RGB1_SUB40ACT1F31.jpg,0,0,0.40397879481315613
629,40,1,61,D:\Skripsi\Experiment_TA\data\raw\RGB1\S40\AC1\RGB1_SUB40ACT1F61.jpg,0,1,0.7218455076217651
630,40,1,91,D:\Skripsi\Experiment_TA\data\raw\RGB1\S40\AC1\RGB1_SUB40ACT1F91.jpg,0,1,0.6317614912986755
631,40,5,1,D:\Skripsi\Experiment_TA\data\raw\RGB1\S40\AC5\RGB1_SUB40ACT5F1.jpg,1,1,0.6954162120819092
632,40,5,31,D:\Skripsi\Experiment_TA\data\raw\RGB1\S40\AC5\RGB1_SUB40ACT5F31.jpg,1,1,0.7730769515037537
633,40,5,61,D:\Skripsi\Experiment_TA\data\raw\RGB1\S40\AC5\RGB1_SUB40ACT5F61.jpg,1,1,0.6523054838180542
634,40,5,91,D:\Skripsi\Experiment_TA\data\raw\RGB1\S40\AC5\RGB1_SUB40ACT5F91.jpg,1,1,0.6392715573310852
635,40,6,1,D:\Skripsi\Experiment_TA\data\raw\RGB1\S40\AC6\RGB1_SUB40ACT6F1.jpg,1,1,0.6827335953712463
636,40,6,121,D:\Skripsi\Experiment_TA\data\raw\RGB1\S40\AC6\RGB1_SUB40ACT6F121.jpg,1,0,0.4775349497795105
637,40,6,31,D:\Skripsi\Experiment_TA\data\raw\RGB1\S40\AC6\RGB1_SUB40ACT6F31.jpg,1,0,0.48716405034065247
638,40,6,61,D:\Skripsi\Experiment_TA\data\raw\RGB1\S40\AC6\RGB1_SUB40ACT6F61.jpg,1,0,0.42144641280174255
639,40,6,91,D:\Skripsi\Experiment_TA\data\raw\RGB1\S40\AC6\RGB1_SUB40ACT6F91.jpg,1,1,0.5388048887252808
640,40,7,1,D:\Skripsi\Experiment_TA\data\raw\RGB1\S40\AC7\RGB1_SUB40ACT7F1.jpg,1,0,0.48084551095962524
641,40,7,121,D:\Skripsi\Experiment_TA\data\raw\RGB1\S40\AC7\RGB1_SUB40ACT7F121.jpg,1,1,0.5611934661865234
642,40,7,151,D:\Skripsi\Experiment_TA\data\raw\RGB1\S40\AC7\RGB1_SUB40ACT7F151.jpg,1,1,0.6409950256347656
643,40,7,181,D:\Skripsi\Experiment_TA\data\raw\RGB1\S40\AC7\RGB1_SUB40ACT7F181.jpg,1,1,0.537790834903717
644,40,7,211,D:\Skripsi\Experiment_TA\data\raw\RGB1\S40\AC7\RGB1_SUB40ACT7F211.jpg,1,1,0.7352807521820068
645,40,7,31,D:\Skripsi\Experiment_TA\data\raw\RGB1\S40\AC7\RGB1_SUB40ACT7F31.jpg,1,1,0.5172954797744751
646,40,7,61,D:\Skripsi\Experiment_TA\data\raw\RGB1\S40\AC7\RGB1_SUB40ACT7F61.jpg,1,1,0.5512394309043884
647,40,7,91,D:\Skripsi\Experiment_TA\data\raw\RGB1\S40\AC7\RGB1_SUB40ACT7F91.jpg,1,1,0.5875809788703918
648,40,8,1,D:\Skripsi\Experiment_TA\data\raw\RGB1\S40\AC8\RGB1_SUB40ACT8F1.jpg,1,1,0.5798336863517761
649,40,8,121,D:\Skripsi\Experiment_TA\data\raw\RGB1\S40\AC8\RGB1_SUB40ACT8F121.jpg,1,1,0.6320877075195312
650,40,8,151,D:\Skripsi\Experiment_TA\data\raw\RGB1\S40\AC8\RGB1_SUB40ACT8F151.jpg,1,0,0.39488086104393005
651,40,8,181,D:\Skripsi\Experiment_TA\data\raw\RGB1\S40\AC8\RGB1_SUB40ACT8F181.jpg,1,0,0.45658764243125916
652,40,8,31,D:\Skripsi\Experiment_TA\data\raw\RGB1\S40\AC8\RGB1_SUB40ACT8F31.jpg,1,1,0.779040515422821
653,40,8,61,D:\Skripsi\Experiment_TA\data\raw\RGB1\S40\AC8\RGB1_SUB40ACT8F61.jpg,1,1,0.5913822650909424
654,40,8,91,D:\Skripsi\Experiment_TA\data\raw\RGB1\S40\AC8\RGB1_SUB40ACT8F91.jpg,1,1,0.5605498552322388
655,40,9,1,D:\Skripsi\Experiment_TA\data\raw\RGB1\S40\AC9\RGB1_SUB40ACT9F1.jpg,1,1,0.6302566528320312
656,40,9,121,D:\Skripsi\Experiment_TA\data\raw\RGB1\S40\AC9\RGB1_SUB40ACT9F121.jpg,1,1,0.7430751323699951
657,40,9,31,D:\Skripsi\Experiment_TA\data\raw\RGB1\S40\AC9\RGB1_SUB40ACT9F31.jpg,1,1,0.5935556292533875
658,40,9,61,D:\Skripsi\Experiment_TA\data\raw\RGB1\S40\AC9\RGB1_SUB40ACT9F61.jpg,1,1,0.6804287433624268
659,40,9,91,D:\Skripsi\Experiment_TA\data\raw\RGB1\S40\AC9\RGB1_SUB40ACT9F91.jpg,1,1,0.7340277433395386
660,43,1,1,D:\Skripsi\Experiment_TA\data\raw\RGB1\S43\AC1\RGB1_SUB43ACT1F1.jpg,0,1,0.6037536859512329
661,43,1,121,D:\Skripsi\Experiment_TA\data\raw\RGB1\S43\AC1\RGB1_SUB43ACT1F121.jpg,0,1,0.5903142690658569
662,43,1,151,D:\Skripsi\Experiment_TA\data\raw\RGB1\S43\AC1\RGB1_SUB43ACT1F151.jpg,0,1,0.5626348257064819
663,43,1,181,D:\Skripsi\Experiment_TA\data\raw\RGB1\S43\AC1\RGB1_SUB43ACT1F181.jpg,0,0,0.499802827835083
664,43,1,31,D:\Skripsi\Experiment_TA\data\raw\RGB1\S43\AC1\RGB1_SUB43ACT1F31.jpg,0,1,0.6096538305282593
665,43,1,61,D:\Skripsi\Experiment_TA\data\raw\RGB1\S43\AC1\RGB1_SUB43ACT1F61.jpg,0,1,0.5879383683204651
666,43,1,91,D:\Skripsi\Experiment_TA\data\raw\RGB1\S43\AC1\RGB1_SUB43ACT1F91.jpg,0,1,0.6422945261001587
667,43,5,1,D:\Skripsi\Experiment_TA\data\raw\RGB1\S43\AC5\RGB1_SUB43ACT5F1.jpg,1,1,0.6050061583518982
668,43,5,121,D:\Skripsi\Experiment_TA\data\raw\RGB1\S43\AC5\RGB1_SUB43ACT5F121.jpg,1,1,0.666015088558197
669,43,5,151,D:\Skripsi\Experiment_TA\data\raw\RGB1\S43\AC5\RGB1_SUB43ACT5F151.jpg,1,1,0.5822523832321167
670,43,5,181,D:\Skripsi\Experiment_TA\data\raw\RGB1\S43\AC5\RGB1_SUB43ACT5F181.jpg,1,1,0.6066591739654541
671,43,5,31,D:\Skripsi\Experiment_TA\data\raw\RGB1\S43\AC5\RGB1_SUB43ACT5F31.jpg,1,1,0.6802210211753845
672,43,5,61,D:\Skripsi\Experiment_TA\data\raw\RGB1\S43\AC5\RGB1_SUB43ACT5F61.jpg,1,1,0.6946160197257996
673,43,5,91,D:\Skripsi\Experiment_TA\data\raw\RGB1\S43\AC5\RGB1_SUB43ACT5F91.jpg,1,1,0.6959084272384644
674,43,6,1,D:\Skripsi\Experiment_TA\data\raw\RGB1\S43\AC6\RGB1_SUB43ACT6F1.jpg,1,1,0.5242713093757629
675,43,6,121,D:\Skripsi\Experiment_TA\data\raw\RGB1\S43\AC6\RGB1_SUB43ACT6F121.jpg,1,1,0.706352949142456
676,43,6,151,D:\Skripsi\Experiment_TA\data\raw\RGB1\S43\AC6\RGB1_SUB43ACT6F151.jpg,1,1,0.6029539108276367
677,43,6,181,D:\Skripsi\Experiment_TA\data\raw\RGB1\S43\AC6\RGB1_SUB43ACT6F181.jpg,1,1,0.6344363689422607
678,43,6,31,D:\Skripsi\Experiment_TA\data\raw\RGB1\S43\AC6\RGB1_SUB43ACT6F31.jpg,1,1,0.6692900657653809
679,43,6,61,D:\Skripsi\Experiment_TA\data\raw\RGB1\S43\AC6\RGB1_SUB43ACT6F61.jpg,1,1,0.6369631290435791
680,43,6,91,D:\Skripsi\Experiment_TA\data\raw\RGB1\S43\AC6\RGB1_SUB43ACT6F91.jpg,1,1,0.6788063049316406
681,43,7,1,D:\Skripsi\Experiment_TA\data\raw\RGB1\S43\AC7\RGB1_SUB43ACT7F1.jpg,1,1,0.6947756409645081
682,43,7,121,D:\Skripsi\Experiment_TA\data\raw\RGB1\S43\AC7\RGB1_SUB43ACT7F121.jpg,1,1,0.7419523000717163
683,43,7,151,D:\Skripsi\Experiment_TA\data\raw\RGB1\S43\AC7\RGB1_SUB43ACT7F151.jpg,1,1,0.6656109094619751
684,43,7,181,D:\Skripsi\Experiment_TA\data\raw\RGB1\S43\AC7\RGB1_SUB43ACT7F181.jpg,1,1,0.8539999723434448
685,43,7,211,D:\Skripsi\Experiment_TA\data\raw\RGB1\S43\AC7\RGB1_SUB43ACT7F211.jpg,1,1,0.799659252166748
686,43,7,31,D:\Skripsi\Experiment_TA\data\raw\RGB1\S43\AC7\RGB1_SUB43ACT7F31.jpg,1,1,0.6739142537117004
687,43,7,61,D:\Skripsi\Experiment_TA\data\raw\RGB1\S43\AC7\RGB1_SUB43ACT7F61.jpg,1,1,0.6530278921127319
688,43,7,91,D:\Skripsi\Experiment_TA\data\raw\RGB1\S43\AC7\RGB1_SUB43ACT7F91.jpg,1,1,0.771936297416687
689,43,8,1,D:\Skripsi\Experiment_TA\data\raw\RGB1\S43\AC8\RGB1_SUB43ACT8F1.jpg,1,1,0.7370152473449707
690,43,8,121,D:\Skripsi\Experiment_TA\data\raw\RGB1\S43\AC8\RGB1_SUB43ACT8F121.jpg,1,1,0.5891621708869934
691,43,8,151,D:\Skripsi\Experiment_TA\data\raw\RGB1\S43\AC8\RGB1_SUB43ACT8F151.jpg,1,1,0.5783107280731201
692,43,8,181,D:\Skripsi\Experiment_TA\data\raw\RGB1\S43\AC8\RGB1_SUB43ACT8F181.jpg,1,1,0.5701059699058533
693,43,8,211,D:\Skripsi\Experiment_TA\data\raw\RGB1\S43\AC8\RGB1_SUB43ACT8F211.jpg,1,1,0.6178287267684937
694,43,8,241,D:\Skripsi\Experiment_TA\data\raw\RGB1\S43\AC8\RGB1_SUB43ACT8F241.jpg,1,1,0.6260553002357483
695,43,8,31,D:\Skripsi\Experiment_TA\data\raw\RGB1\S43\AC8\RGB1_SUB43ACT8F31.jpg,1,1,0.6906211376190186
696,43,8,61,D:\Skripsi\Experiment_TA\data\raw\RGB1\S43\AC8\RGB1_SUB43ACT8F61.jpg,1,1,0.6930168271064758
697,43,8,91,D:\Skripsi\Experiment_TA\data\raw\RGB1\S43\AC8\RGB1_SUB43ACT8F91.jpg,1,1,0.5783306956291199
698,43,9,1,D:\Skripsi\Experiment_TA\data\raw\RGB1\S43\AC9\RGB1_SUB43ACT9F1.jpg,1,1,0.6078637838363647
699,43,9,121,D:\Skripsi\Experiment_TA\data\raw\RGB1\S43\AC9\RGB1_SUB43ACT9F121.jpg,1,1,0.572956919670105
700,43,9,151,D:\Skripsi\Experiment_TA\data\raw\RGB1\S43\AC9\RGB1_SUB43ACT9F151.jpg,1,1,0.5740182995796204
701,43,9,31,D:\Skripsi\Experiment_TA\data\raw\RGB1\S43\AC9\RGB1_SUB43ACT9F31.jpg,1,1,0.57370924949646
702,43,9,61,D:\Skripsi\Experiment_TA\data\raw\RGB1\S43\AC9\RGB1_SUB43ACT9F61.jpg,1,0,0.48288506269454956
703,43,9,91,D:\Skripsi\Experiment_TA\data\raw\RGB1\S43\AC9\RGB1_SUB43ACT9F91.jpg,1,0,0.48253005743026733
704,44,1,1,D:\Skripsi\Experiment_TA\data\raw\RGB1\S44\AC1\RGB1_SUB44ACT1F1.jpg,0,0,0.3516082465648651
705,44,1,121,D:\Skripsi\Experiment_TA\data\raw\RGB1\S44\AC1\RGB1_SUB44ACT1F121.jpg,0,0,0.45535609126091003
706,44,1,151,D:\Skripsi\Experiment_TA\data\raw\RGB1\S44\AC1\RGB1_SUB44ACT1F151.jpg,0,0,0.43457743525505066
707,44,1,31,D:\Skripsi\Experiment_TA\data\raw\RGB1\S44\AC1\RGB1_SUB44ACT1F31.jpg,0,0,0.3948831856250763
708,44,1,61,D:\Skripsi\Experiment_TA\data\raw\RGB1\S44\AC1\RGB1_SUB44ACT1F61.jpg,0,0,0.3030034601688385
709,44,1,91,D:\Skripsi\Experiment_TA\data\raw\RGB1\S44\AC1\RGB1_SUB44ACT1F91.jpg,0,0,0.35528990626335144
710,44,5,1,D:\Skripsi\Experiment_TA\data\raw\RGB1\S44\AC5\RGB1_SUB44ACT5F1.jpg,1,1,0.7240833044052124
711,44,5,121,D:\Skripsi\Experiment_TA\data\raw\RGB1\S44\AC5\RGB1_SUB44ACT5F121.jpg,1,1,0.7061201333999634
712,44,5,31,D:\Skripsi\Experiment_TA\data\raw\RGB1\S44\AC5\RGB1_SUB44ACT5F31.jpg,1,1,0.6899474263191223
713,44,5,61,D:\Skripsi\Experiment_TA\data\raw\RGB1\S44\AC5\RGB1_SUB44ACT5F61.jpg,1,1,0.6420303583145142
714,44,5,91,D:\Skripsi\Experiment_TA\data\raw\RGB1\S44\AC5\RGB1_SUB44ACT5F91.jpg,1,1,0.6896935701370239
715,44,6,1,D:\Skripsi\Experiment_TA\data\raw\RGB1\S44\AC6\RGB1_SUB44ACT6F1.jpg,1,1,0.5907866358757019
716,44,6,121,D:\Skripsi\Experiment_TA\data\raw\RGB1\S44\AC6\RGB1_SUB44ACT6F121.jpg,1,1,0.7123189568519592
717,44,6,31,D:\Skripsi\Experiment_TA\data\raw\RGB1\S44\AC6\RGB1_SUB44ACT6F31.jpg,1,1,0.5394622683525085
718,44,6,61,D:\Skripsi\Experiment_TA\data\raw\RGB1\S44\AC6\RGB1_SUB44ACT6F61.jpg,1,1,0.5826863050460815
719,44,6,91,D:\Skripsi\Experiment_TA\data\raw\RGB1\S44\AC6\RGB1_SUB44ACT6F91.jpg,1,1,0.6267363429069519
720,44,7,1,D:\Skripsi\Experiment_TA\data\raw\RGB1\S44\AC7\RGB1_SUB44ACT7F1.jpg,1,1,0.6076875925064087
721,44,7,121,D:\Skripsi\Experiment_TA\data\raw\RGB1\S44\AC7\RGB1_SUB44ACT7F121.jpg,1,1,0.6070157289505005
722,44,7,151,D:\Skripsi\Experiment_TA\data\raw\RGB1\S44\AC7\RGB1_SUB44ACT7F151.jpg,1,1,0.7082850933074951
723,44,7,31,D:\Skripsi\Experiment_TA\data\raw\RGB1\S44\AC7\RGB1_SUB44ACT7F31.jpg,1,1,0.6204758882522583
724,44,7,61,D:\Skripsi\Experiment_TA\data\raw\RGB1\S44\AC7\RGB1_SUB44ACT7F61.jpg,1,1,0.6002992391586304
725,44,7,91,D:\Skripsi\Experiment_TA\data\raw\RGB1\S44\AC7\RGB1_SUB44ACT7F91.jpg,1,1,0.6955763101577759
726,44,8,1,D:\Skripsi\Experiment_TA\data\raw\RGB1\S44\AC8\RGB1_SUB44ACT8F1.jpg,1,1,0.5728800296783447
727,44,8,121,D:\Skripsi\Experiment_TA\data\raw\RGB1\S44\AC8\RGB1_SUB44ACT8F121.jpg,1,0,0.4940290153026581
728,44,8,151,D:\Skripsi\Experiment_TA\data\raw\RGB1\S44\AC8\RGB1_SUB44ACT8F151.jpg,1,1,0.7716065049171448
729,44,8,181,D:\Skripsi\Experiment_TA\data\raw\RGB1\S44\AC8\RGB1_SUB44ACT8F181.jpg,1,1,0.6127597689628601
730,44,8,31,D:\Skripsi\Experiment_TA\data\raw\RGB1\S44\AC8\RGB1_SUB44ACT8F31.jpg,1,1,0.6429955959320068
731,44,8,61,D:\Skripsi\Experiment_TA\data\raw\RGB1\S44\AC8\RGB1_SUB44ACT8F61.jpg,1,1,0.5857109427452087
732,44,8,91,D:\Skripsi\Experiment_TA\data\raw\RGB1\S44\AC8\RGB1_SUB44ACT8F91.jpg,1,1,0.5234129428863525
733,44,9,1,D:\Skripsi\Experiment_TA\data\raw\RGB1\S44\AC9\RGB1_SUB44ACT9F1.jpg,1,1,0.7387664914131165
734,44,9,121,D:\Skripsi\Experiment_TA\data\raw\RGB1\S44\AC9\RGB1_SUB44ACT9F121.jpg,1,1,0.7091079950332642
735,44,9,151,D:\Skripsi\Experiment_TA\data\raw\RGB1\S44\AC9\RGB1_SUB44ACT9F151.jpg,1,1,0.7178271412849426
736,44,9,181,D:\Skripsi\Experiment_TA\data\raw\RGB1\S44\AC9\RGB1_SUB44ACT9F181.jpg,1,1,0.5881279706954956
737,44,9,31,D:\Skripsi\Experiment_TA\data\raw\RGB1\S44\AC9\RGB1_SUB44ACT9F31.jpg,1,1,0.6273079514503479
738,44,9,61,D:\Skripsi\Experiment_TA\data\raw\RGB1\S44\AC9\RGB1_SUB44ACT9F61.jpg,1,1,0.7340359091758728
739,44,9,91,D:\Skripsi\Experiment_TA\data\raw\RGB1\S44\AC9\RGB1_SUB44ACT9F91.jpg,1,1,0.7453905940055847
740,45,1,1,D:\Skripsi\Experiment_TA\data\raw\RGB1\S45\AC1\RGB1_SUB45ACT1F1.jpg,0,0,0.47298553586006165
741,45,1,121,D:\Skripsi\Experiment_TA\data\raw\RGB1\S45\AC1\RGB1_SUB45ACT1F121.jpg,0,0,0.3307863473892212
742,45,1,151,D:\Skripsi\Experiment_TA\data\raw\RGB1\S45\AC1\RGB1_SUB45ACT1F151.jpg,0,0,0.37394657731056213
743,45,1,31,D:\Skripsi\Experiment_TA\data\raw\RGB1\S45\AC1\RGB1_SUB45ACT1F31.jpg,0,0,0.4630051851272583
744,45,1,61,D:\Skripsi\Experiment_TA\data\raw\RGB1\S45\AC1\RGB1_SUB45ACT1F61.jpg,0,0,0.4879815876483917
745,45,1,91,D:\Skripsi\Experiment_TA\data\raw\RGB1\S45\AC1\RGB1_SUB45ACT1F91.jpg,0,0,0.4323533773422241
746,45,5,1,D:\Skripsi\Experiment_TA\data\raw\RGB1\S45\AC5\RGB1_SUB45ACT5F1.jpg,1,1,0.539994478225708
747,45,5,31,D:\Skripsi\Experiment_TA\data\raw\RGB1\S45\AC5\RGB1_SUB45ACT5F31.jpg,1,1,0.5080649256706238
748,45,5,61,D:\Skripsi\Experiment_TA\data\raw\RGB1\S45\AC5\RGB1_SUB45ACT5F61.jpg,1,1,0.5394248366355896
749,45,5,91,D:\Skripsi\Experiment_TA\data\raw\RGB1\S45\AC5\RGB1_SUB45ACT5F91.jpg,1,1,0.7289036512374878
750,45,6,1,D:\Skripsi\Experiment_TA\data\raw\RGB1\S45\AC6\RGB1_SUB45ACT6F1.jpg,1,0,0.43136951327323914
751,45,6,121,D:\Skripsi\Experiment_TA\data\raw\RGB1\S45\AC6\RGB1_SUB45ACT6F121.jpg,1,1,0.5504148602485657
752,45,6,151,D:\Skripsi\Experiment_TA\data\raw\RGB1\S45\AC6\RGB1_SUB45ACT6F151.jpg,1,0,0.3831060230731964
753,45,6,31,D:\Skripsi\Experiment_TA\data\raw\RGB1\S45\AC6\RGB1_SUB45ACT6F31.jpg,1,0,0.34407687187194824
754,45,6,61,D:\Skripsi\Experiment_TA\data\raw\RGB1\S45\AC6\RGB1_SUB45ACT6F61.jpg,1,0,0.31672367453575134
755,45,6,91,D:\Skripsi\Experiment_TA\data\raw\RGB1\S45\AC6\RGB1_SUB45ACT6F91.jpg,1,0,0.34344810247421265
756,45,7,1,D:\Skripsi\Experiment_TA\data\raw\RGB1\S45\AC7\RGB1_SUB45ACT7F1.jpg,1,0,0.3766936659812927
757,45,7,121,D:\Skripsi\Experiment_TA\data\raw\RGB1\S45\AC7\RGB1_SUB45ACT7F121.jpg,1,1,0.6795914173126221
758,45,7,151,D:\Skripsi\Experiment_TA\data\raw\RGB1\S45\AC7\RGB1_SUB45ACT7F151.jpg,1,1,0.7227576375007629
759,45,7,181,D:\Skripsi\Experiment_TA\data\raw\RGB1\S45\AC7\RGB1_SUB45ACT7F181.jpg,1,1,0.7104948163032532
760,45,7,31,D:\Skripsi\Experiment_TA\data\raw\RGB1\S45\AC7\RGB1_SUB45ACT7F31.jpg,1,1,0.6533636450767517
761,45,7,61,D:\Skripsi\Experiment_TA\data\raw\RGB1\S45\AC7\RGB1_SUB45ACT7F61.jpg,1,1,0.6823807954788208
762,45,7,91,D:\Skripsi\Experiment_TA\data\raw\RGB1\S45\AC7\RGB1_SUB45ACT7F91.jpg,1,1,0.7562070488929749
763,45,8,1,D:\Skripsi\Experiment_TA\data\raw\RGB1\S45\AC8\RGB1_SUB45ACT8F1.jpg,1,1,0.6137256026268005
764,45,8,121,D:\Skripsi\Experiment_TA\data\raw\RGB1\S45\AC8\RGB1_SUB45ACT8F121.jpg,1,1,0.6083572506904602
765,45,8,151,D:\Skripsi\Experiment_TA\data\raw\RGB1\S45\AC8\RGB1_SUB45ACT8F151.jpg,1,1,0.6783671975135803
766,45,8,181,D:\Skripsi\Experiment_TA\data\raw\RGB1\S45\AC8\RGB1_SUB45ACT8F181.jpg,1,1,0.6362396478652954
767,45,8,211,D:\Skripsi\Experiment_TA\data\raw\RGB1\S45\AC8\RGB1_SUB45ACT8F211.jpg,1,1,0.5343192219734192
768,45,8,31,D:\Skripsi\Experiment_TA\data\raw\RGB1\S45\AC8\RGB1_SUB45ACT8F31.jpg,1,1,0.6949563026428223
769,45,8,61,D:\Skripsi\Experiment_TA\data\raw\RGB1\S45\AC8\RGB1_SUB45ACT8F61.jpg,1,1,0.7500452399253845
770,45,8,91,D:\Skripsi\Experiment_TA\data\raw\RGB1\S45\AC8\RGB1_SUB45ACT8F91.jpg,1,1,0.5951793193817139
771,45,9,1,D:\Skripsi\Experiment_TA\data\raw\RGB1\S45\AC9\RGB1_SUB45ACT9F1.jpg,1,0,0.4900810420513153
772,45,9,121,D:\Skripsi\Experiment_TA\data\raw\RGB1\S45\AC9\RGB1_SUB45ACT9F121.jpg,1,0,0.48722609877586365
773,45,9,151,D:\Skripsi\Experiment_TA\data\raw\RGB1\S45\AC9\RGB1_SUB45ACT9F151.jpg,1,0,0.3904942572116852
774,45,9,181,D:\Skripsi\Experiment_TA\data\raw\RGB1\S45\AC9\RGB1_SUB45ACT9F181.jpg,1,1,0.5647085905075073
775,45,9,211,D:\Skripsi\Experiment_TA\data\raw\RGB1\S45\AC9\RGB1_SUB45ACT9F211.jpg,1,0,0.4416649043560028
776,45,9,31,D:\Skripsi\Experiment_TA\data\raw\RGB1\S45\AC9\RGB1_SUB45ACT9F31.jpg,1,1,0.7450435161590576
777,45,9,61,D:\Skripsi\Experiment_TA\data\raw\RGB1\S45\AC9\RGB1_SUB45ACT9F61.jpg,1,1,0.5223876237869263
778,45,9,91,D:\Skripsi\Experiment_TA\data\raw\RGB1\S45\AC9\RGB1_SUB45ACT9F91.jpg,1,1,0.6874659657478333
779,46,1,1,D:\Skripsi\Experiment_TA\data\raw\RGB1\S46\AC1\RGB1_SUB46ACT1F1.jpg,0,0,0.4401860535144806
780,46,1,121,D:\Skripsi\Experiment_TA\data\raw\RGB1\S46\AC1\RGB1_SUB46ACT1F121.jpg,0,1,0.5498623251914978
781,46,1,151,D:\Skripsi\Experiment_TA\data\raw\RGB1\S46\AC1\RGB1_SUB46ACT1F151.jpg,0,1,0.5574013590812683
782,46,1,181,D:\Skripsi\Experiment_TA\data\raw\RGB1\S46\AC1\RGB1_SUB46ACT1F181.jpg,0,0,0.471786230802536
783,46,1,211,D:\Skripsi\Experiment_TA\data\raw\RGB1\S46\AC1\RGB1_SUB46ACT1F211.jpg,0,0,0.49828261137008667
784,46,1,241,D:\Skripsi\Experiment_TA\data\raw\RGB1\S46\AC1\RGB1_SUB46ACT1F241.jpg,0,1,0.6403812170028687
785,46,1,31,D:\Skripsi\Experiment_TA\data\raw\RGB1\S46\AC1\RGB1_SUB46ACT1F31.jpg,0,0,0.46714845299720764
786,46,1,61,D:\Skripsi\Experiment_TA\data\raw\RGB1\S46\AC1\RGB1_SUB46ACT1F61.jpg,0,1,0.6161106824874878
787,46,1,91,D:\Skripsi\Experiment_TA\data\raw\RGB1\S46\AC1\RGB1_SUB46ACT1F91.jpg,0,1,0.5713455080986023
788,46,5,1,D:\Skripsi\Experiment_TA\data\raw\RGB1\S46\AC5\RGB1_SUB46ACT5F1.jpg,1,1,0.6649017333984375
789,46,5,121,D:\Skripsi\Experiment_TA\data\raw\RGB1\S46\AC5\RGB1_SUB46ACT5F121.jpg,1,1,0.5054007768630981
790,46,5,31,D:\Skripsi\Experiment_TA\data\raw\RGB1\S46\AC5\RGB1_SUB46ACT5F31.jpg,1,1,0.5854373574256897
791,46,5,61,D:\Skripsi\Experiment_TA\data\raw\RGB1\S46\AC5\RGB1_SUB46ACT5F61.jpg,1,1,0.6468687057495117
792,46,5,91,D:\Skripsi\Experiment_TA\data\raw\RGB1\S46\AC5\RGB1_SUB46ACT5F91.jpg,1,0,0.4846305549144745
793,46,6,1,D:\Skripsi\Experiment_TA\data\raw\RGB1\S46\AC6\RGB1_SUB46ACT6F1.jpg,1,1,0.6338647603988647
794,46,6,121,D:\Skripsi\Experiment_TA\data\raw\RGB1\S46\AC6\RGB1_SUB46ACT6F121.jpg,1,1,0.5592432618141174
795,46,6,31,D:\Skripsi\Experiment_TA\data\raw\RGB1\S46\AC6\RGB1_SUB46ACT6F31.jpg,1,1,0.6678057312965393
796,46,6,61,D:\Skripsi\Experiment_TA\data\raw\RGB1\S46\AC6\RGB1_SUB46ACT6F61.jpg,1,1,0.7260643839836121
797,46,6,91,D:\Skripsi\Experiment_TA\data\raw\RGB1\S46\AC6\RGB1_SUB46ACT6F91.jpg,1,1,0.6076821088790894
798,46,7,1,D:\Skripsi\Experiment_TA\data\raw\RGB1\S46\AC7\RGB1_SUB46ACT7F1.jpg,1,1,0.7297074794769287
799,46,7,121,D:\Skripsi\Experiment_TA\data\raw\RGB1\S46\AC7\RGB1_SUB46ACT7F121.jpg,1,1,0.7101675271987915
800,46,7,31,D:\Skripsi\Experiment_TA\data\raw\RGB1\S46\AC7\RGB1_SUB46ACT7F31.jpg,1,1,0.7130954265594482
801,46,7,61,D:\Skripsi\Experiment_TA\data\raw\RGB1\S46\AC7\RGB1_SUB46ACT7F61.jpg,1,1,0.6853491067886353
802,46,7,91,D:\Skripsi\Experiment_TA\data\raw\RGB1\S46\AC7\RGB1_SUB46ACT7F91.jpg,1,1,0.7855986952781677
803,46,8,1,D:\Skripsi\Experiment_TA\data\raw\RGB1\S46\AC8\RGB1_SUB46ACT8F1.jpg,1,1,0.7189131379127502
804,46,8,121,D:\Skripsi\Experiment_TA\data\raw\RGB1\S46\AC8\RGB1_SUB46ACT8F121.jpg,1,1,0.603773832321167
805,46,8,151,D:\Skripsi\Experiment_TA\data\raw\RGB1\S46\AC8\RGB1_SUB46ACT8F151.jpg,1,1,0.5750160813331604
806,46,8,31,D:\Skripsi\Experiment_TA\data\raw\RGB1\S46\AC8\RGB1_SUB46ACT8F31.jpg,1,1,0.6314940452575684
807,46,8,61,D:\Skripsi\Experiment_TA\data\raw\RGB1\S46\AC8\RGB1_SUB46ACT8F61.jpg,1,1,0.612063467502594
808,46,8,91,D:\Skripsi\Experiment_TA\data\raw\RGB1\S46\AC8\RGB1_SUB46ACT8F91.jpg,1,1,0.5342078804969788
809,46,9,1,D:\Skripsi\Experiment_TA\data\raw\RGB1\S46\AC9\RGB1_SUB46ACT9F1.jpg,1,1,0.7402606010437012
810,46,9,31,D:\Skripsi\Experiment_TA\data\raw\RGB1\S46\AC9\RGB1_SUB46ACT9F31.jpg,1,1,0.5169403553009033
811,46,9,61,D:\Skripsi\Experiment_TA\data\raw\RGB1\S46\AC9\RGB1_SUB46ACT9F61.jpg,1,1,0.5389389395713806
812,47,1,1,D:\Skripsi\Experiment_TA\data\raw\RGB1\S47\AC1\RGB1_SUB47ACT1F1.jpg,0,0,0.34592217206954956
813,47,1,121,D:\Skripsi\Experiment_TA\data\raw\RGB1\S47\AC1\RGB1_SUB47ACT1F121.jpg,0,1,0.6240813136100769
814,47,1,151,D:\Skripsi\Experiment_TA\data\raw\RGB1\S47\AC1\RGB1_SUB47ACT1F151.jpg,0,1,0.5706381797790527
815,47,1,181,D:\Skripsi\Experiment_TA\data\raw\RGB1\S47\AC1\RGB1_SUB47ACT1F181.jpg,0,1,0.5275039672851562
816,47,1,31,D:\Skripsi\Experiment_TA\data\raw\RGB1\S47\AC1\RGB1_SUB47ACT1F31.jpg,0,1,0.5793803930282593
817,47,1,61,D:\Skripsi\Experiment_TA\data\raw\RGB1\S47\AC1\RGB1_SUB47ACT1F61.jpg,0,1,0.5530271530151367
818,47,1,91,D:\Skripsi\Experiment_TA\data\raw\RGB1\S47\AC1\RGB1_SUB47ACT1F91.jpg,0,1,0.5611357092857361
819,47,5,1,D:\Skripsi\Experiment_TA\data\raw\RGB1\S47\AC5\RGB1_SUB47ACT5F1.jpg,1,1,0.5939325094223022
820,47,5,31,D:\Skripsi\Experiment_TA\data\raw\RGB1\S47\AC5\RGB1_SUB47ACT5F31.jpg,1,1,0.6756348013877869
821,47,5,61,D:\Skripsi\Experiment_TA\data\raw\RGB1\S47\AC5\RGB1_SUB47ACT5F61.jpg,1,1,0.5781700015068054
822,47,5,91,D:\Skripsi\Experiment_TA\data\raw\RGB1\S47\AC5\RGB1_SUB47ACT5F91.jpg,1,1,0.6644800901412964
823,47,6,1,D:\Skripsi\Experiment_TA\data\raw\RGB1\S47\AC6\RGB1_SUB47ACT6F1.jpg,1,1,0.5309987664222717
824,47,6,31,D:\Skripsi\Experiment_TA\data\raw\RGB1\S47\AC6\RGB1_SUB47ACT6F31.jpg,1,1,0.567398190498352
825,47,6,61,D:\Skripsi\Experiment_TA\data\raw\RGB1\S47\AC6\RGB1_SUB47ACT6F61.jpg,1,1,0.6149415969848633
826,47,6,91,D:\Skripsi\Experiment_TA\data\raw\RGB1\S47\AC6\RGB1_SUB47ACT6F91.jpg,1,1,0.6207147240638733
827,47,7,1,D:\Skripsi\Experiment_TA\data\raw\RGB1\S47\AC7\RGB1_SUB47ACT7F1.jpg,1,1,0.7417392730712891
828,47,7,121,D:\Skripsi\Experiment_TA\data\raw\RGB1\S47\AC7\RGB1_SUB47ACT7F121.jpg,1,1,0.6859663128852844
829,47,7,151,D:\Skripsi\Experiment_TA\data\raw\RGB1\S47\AC7\RGB1_SUB47ACT7F151.jpg,1,1,0.8313016295433044
830,47,7,31,D:\Skripsi\Experiment_TA\data\raw\RGB1\S47\AC7\RGB1_SUB47ACT7F31.jpg,1,1,0.645507276058197
831,47,7,61,D:\Skripsi\Experiment_TA\data\raw\RGB1\S47\AC7\RGB1_SUB47ACT7F61.jpg,1,1,0.6881014704704285
832,47,7,91,D:\Skripsi\Experiment_TA\data\raw\RGB1\S47\AC7\RGB1_SUB47ACT7F91.jpg,1,1,0.6572644710540771
833,47,8,1,D:\Skripsi\Experiment_TA\data\raw\RGB1\S47\AC8\RGB1_SUB47ACT8F1.jpg,1,1,0.5878728628158569
834,47,8,121,D:\Skripsi\Experiment_TA\data\raw\RGB1\S47\AC8\RGB1_SUB47ACT8F121.jpg,1,1,0.6834248304367065
835,47,8,151,D:\Skripsi\Experiment_TA\data\raw\RGB1\S47\AC8\RGB1_SUB47ACT8F151.jpg,1,1,0.6731489896774292
836,47,8,31,D:\Skripsi\Experiment_TA\data\raw\RGB1\S47\AC8\RGB1_SUB47ACT8F31.jpg,1,1,0.5849729180335999
837,47,8,61,D:\Skripsi\Experiment_TA\data\raw\RGB1\S47\AC8\RGB1_SUB47ACT8F61.jpg,1,1,0.6737940311431885
838,47,8,91,D:\Skripsi\Experiment_TA\data\raw\RGB1\S47\AC8\RGB1_SUB47ACT8F91.jpg,1,1,0.5927513837814331
839,47,9,1,D:\Skripsi\Experiment_TA\data\raw\RGB1\S47\AC9\RGB1_SUB47ACT9F1.jpg,1,1,0.8037068843841553
840,47,9,121,D:\Skripsi\Experiment_TA\data\raw\RGB1\S47\AC9\RGB1_SUB47ACT9F121.jpg,1,1,0.5729562640190125
841,47,9,151,D:\Skripsi\Experiment_TA\data\raw\RGB1\S47\AC9\RGB1_SUB47ACT9F151.jpg,1,1,0.6691345572471619
842,47,9,31,D:\Skripsi\Experiment_TA\data\raw\RGB1\S47\AC9\RGB1_SUB47ACT9F31.jpg,1,1,0.7143397331237793
843,47,9,61,D:\Skripsi\Experiment_TA\data\raw\RGB1\S47\AC9\RGB1_SUB47ACT9F61.jpg,1,1,0.7100175023078918
844,47,9,91,D:\Skripsi\Experiment_TA\data\raw\RGB1\S47\AC9\RGB1_SUB47ACT9F91.jpg,1,1,0.6665366888046265
845,48,1,1,D:\Skripsi\Experiment_TA\data\raw\RGB1\S48\AC1\RGB1_SUB48ACT1F1.jpg,0,1,0.7378065586090088
846,48,1,121,D:\Skripsi\Experiment_TA\data\raw\RGB1\S48\AC1\RGB1_SUB48ACT1F121.jpg,0,1,0.7379013299942017
847,48,1,31,D:\Skripsi\Experiment_TA\data\raw\RGB1\S48\AC1\RGB1_SUB48ACT1F31.jpg,0,1,0.7562192678451538
848,48,1,61,D:\Skripsi\Experiment_TA\data\raw\RGB1\S48\AC1\RGB1_SUB48ACT1F61.jpg,0,1,0.8250200748443604
849,48,1,91,D:\Skripsi\Experiment_TA\data\raw\RGB1\S48\AC1\RGB1_SUB48ACT1F91.jpg,0,1,0.5248095393180847
850,48,5,1,D:\Skripsi\Experiment_TA\data\raw\RGB1\S48\AC5\RGB1_SUB48ACT5F1.jpg,1,1,0.7387585639953613
851,48,5,121,D:\Skripsi\Experiment_TA\data\raw\RGB1\S48\AC5\RGB1_SUB48ACT5F121.jpg,1,1,0.7305586934089661
852,48,5,31,D:\Skripsi\Experiment_TA\data\raw\RGB1\S48\AC5\RGB1_SUB48ACT5F31.jpg,1,1,0.7244419455528259
853,48,5,61,D:\Skripsi\Experiment_TA\data\raw\RGB1\S48\AC5\RGB1_SUB48ACT5F61.jpg,1,1,0.7398437857627869
854,48,5,91,D:\Skripsi\Experiment_TA\data\raw\RGB1\S48\AC5\RGB1_SUB48ACT5F91.jpg,1,1,0.7781487703323364
855,48,6,1,D:\Skripsi\Experiment_TA\data\raw\RGB1\S48\AC6\RGB1_SUB48ACT6F1.jpg,1,1,0.6832624077796936
856,48,6,31,D:\Skripsi\Experiment_TA\data\raw\RGB1\S48\AC6\RGB1_SUB48ACT6F31.jpg,1,1,0.7936730980873108
857,48,6,61,D:\Skripsi\Experiment_TA\data\raw\RGB1\S48\AC6\RGB1_SUB48ACT6F61.jpg,1,1,0.6935089230537415
858,48,6,91,D:\Skripsi\Experiment_TA\data\raw\RGB1\S48\AC6\RGB1_SUB48ACT6F91.jpg,1,1,0.6902875900268555
859,48,7,1,D:\Skripsi\Experiment_TA\data\raw\RGB1\S48\AC7\RGB1_SUB48ACT7F1.jpg,1,1,0.7312815189361572
860,48,7,121,D:\Skripsi\Experiment_TA\data\raw\RGB1\S48\AC7\RGB1_SUB48ACT7F121.jpg,1,1,0.5996695160865784
861,48,7,151,D:\Skripsi\Experiment_TA\data\raw\RGB1\S48\AC7\RGB1_SUB48ACT7F151.jpg,1,1,0.6446331739425659
862,48,7,181,D:\Skripsi\Experiment_TA\data\raw\RGB1\S48\AC7\RGB1_SUB48ACT7F181.jpg,1,1,0.5989505648612976
863,48,7,31,D:\Skripsi\Experiment_TA\data\raw\RGB1\S48\AC7\RGB1_SUB48ACT7F31.jpg,1,1,0.7314504981040955
864,48,7,61,D:\Skripsi\Experiment_TA\data\raw\RGB1\S48\AC7\RGB1_SUB48ACT7F61.jpg,1,1,0.7627149820327759
865,48,7,91,D:\Skripsi\Experiment_TA\data\raw\RGB1\S48\AC7\RGB1_SUB48ACT7F91.jpg,1,1,0.7941219806671143
866,48,8,1,D:\Skripsi\Experiment_TA\data\raw\RGB1\S48\AC8\RGB1_SUB48ACT8F1.jpg,1,1,0.6724606156349182
867,48,8,121,D:\Skripsi\Experiment_TA\data\raw\RGB1\S48\AC8\RGB1_SUB48ACT8F121.jpg,1,1,0.6222102642059326
868,48,8,151,D:\Skripsi\Experiment_TA\data\raw\RGB1\S48\AC8\RGB1_SUB48ACT8F151.jpg,1,1,0.7248552441596985
869,48,8,181,D:\Skripsi\Experiment_TA\data\raw\RGB1\S48\AC8\RGB1_SUB48ACT8F181.jpg,1,1,0.7042908668518066
870,48,8,31,D:\Skripsi\Experiment_TA\data\raw\RGB1\S48\AC8\RGB1_SUB48ACT8F31.jpg,1,1,0.6711211800575256
871,48,8,61,D:\Skripsi\Experiment_TA\data\raw\RGB1\S48\AC8\RGB1_SUB48ACT8F61.jpg,1,1,0.6768726706504822
872,48,8,91,D:\Skripsi\Experiment_TA\data\raw\RGB1\S48\AC8\RGB1_SUB48ACT8F91.jpg,1,1,0.7239859104156494
873,48,9,1,D:\Skripsi\Experiment_TA\data\raw\RGB1\S48\AC9\RGB1_SUB48ACT9F1.jpg,1,1,0.7791122198104858
874,48,9,121,D:\Skripsi\Experiment_TA\data\raw\RGB1\S48\AC9\RGB1_SUB48ACT9F121.jpg,1,1,0.6715707182884216
875,48,9,151,D:\Skripsi\Experiment_TA\data\raw\RGB1\S48\AC9\RGB1_SUB48ACT9F151.jpg,1,1,0.6542203426361084
876,48,9,31,D:\Skripsi\Experiment_TA\data\raw\RGB1\S48\AC9\RGB1_SUB48ACT9F31.jpg,1,1,0.686619222164154
877,48,9,61,D:\Skripsi\Experiment_TA\data\raw\RGB1\S48\AC9\RGB1_SUB48ACT9F61.jpg,1,1,0.6764513850212097
878,48,9,91,D:\Skripsi\Experiment_TA\data\raw\RGB1\S48\AC9\RGB1_SUB48ACT9F91.jpg,1,1,0.6828415989875793
879,49,1,1,D:\Skripsi\Experiment_TA\data\raw\RGB1\S49\AC1\RGB1_SUB49ACT1F1.jpg,0,1,0.6741978526115417
880,49,1,121,D:\Skripsi\Experiment_TA\data\raw\RGB1\S49\AC1\RGB1_SUB49ACT1F121.jpg,0,0,0.46587732434272766
881,49,1,151,D:\Skripsi\Experiment_TA\data\raw\RGB1\S49\AC1\RGB1_SUB49ACT1F151.jpg,0,1,0.5306915640830994
882,49,1,31,D:\Skripsi\Experiment_TA\data\raw\RGB1\S49\AC1\RGB1_SUB49ACT1F31.jpg,0,0,0.40184852480888367
883,49,1,61,D:\Skripsi\Experiment_TA\data\raw\RGB1\S49\AC1\RGB1_SUB49ACT1F61.jpg,0,0,0.46113473176956177
884,49,1,91,D:\Skripsi\Experiment_TA\data\raw\RGB1\S49\AC1\RGB1_SUB49ACT1F91.jpg,0,0,0.47429895401000977
885,49,5,1,D:\Skripsi\Experiment_TA\data\raw\RGB1\S49\AC5\RGB1_SUB49ACT5F1.jpg,1,1,0.6292017698287964
886,49,5,121,D:\Skripsi\Experiment_TA\data\raw\RGB1\S49\AC5\RGB1_SUB49ACT5F121.jpg,1,1,0.7536342144012451
887,49,5,151,D:\Skripsi\Experiment_TA\data\raw\RGB1\S49\AC5\RGB1_SUB49ACT5F151.jpg,1,1,0.6048699617385864
888,49,5,31,D:\Skripsi\Experiment_TA\data\raw\RGB1\S49\AC5\RGB1_SUB49ACT5F31.jpg,1,1,0.7184751033782959
889,49,5,61,D:\Skripsi\Experiment_TA\data\raw\RGB1\S49\AC5\RGB1_SUB49ACT5F61.jpg,1,1,0.7965991497039795
890,49,5,91,D:\Skripsi\Experiment_TA\data\raw\RGB1\S49\AC5\RGB1_SUB49ACT5F91.jpg,1,1,0.6303271651268005
891,49,6,1,D:\Skripsi\Experiment_TA\data\raw\RGB1\S49\AC6\RGB1_SUB49ACT6F1.jpg,1,1,0.5888770818710327
892,49,6,121,D:\Skripsi\Experiment_TA\data\raw\RGB1\S49\AC6\RGB1_SUB49ACT6F121.jpg,1,1,0.6693549156188965
893,49,6,151,D:\Skripsi\Experiment_TA\data\raw\RGB1\S49\AC6\RGB1_SUB49ACT6F151.jpg,1,1,0.6869909763336182
894,49,6,181,D:\Skripsi\Experiment_TA\data\raw\RGB1\S49\AC6\RGB1_SUB49ACT6F181.jpg,1,1,0.704793393611908
895,49,6,31,D:\Skripsi\Experiment_TA\data\raw\RGB1\S49\AC6\RGB1_SUB49ACT6F31.jpg,1,1,0.6386306881904602
896,49,6,61,D:\Skripsi\Experiment_TA\data\raw\RGB1\S49\AC6\RGB1_SUB49ACT6F61.jpg,1,1,0.6809417009353638
897,49,6,91,D:\Skripsi\Experiment_TA\data\raw\RGB1\S49\AC6\RGB1_SUB49ACT6F91.jpg,1,1,0.6116153597831726
898,49,7,1,D:\Skripsi\Experiment_TA\data\raw\RGB1\S49\AC7\RGB1_SUB49ACT7F1.jpg,1,1,0.598138153553009
899,49,7,121,D:\Skripsi\Experiment_TA\data\raw\RGB1\S49\AC7\RGB1_SUB49ACT7F121.jpg,1,1,0.6646476984024048
900,49,7,31,D:\Skripsi\Experiment_TA\data\raw\RGB1\S49\AC7\RGB1_SUB49ACT7F31.jpg,1,1,0.7011620402336121
901,49,7,61,D:\Skripsi\Experiment_TA\data\raw\RGB1\S49\AC7\RGB1_SUB49ACT7F61.jpg,1,1,0.6536543965339661
902,49,7,91,D:\Skripsi\Experiment_TA\data\raw\RGB1\S49\AC7\RGB1_SUB49ACT7F91.jpg,1,1,0.6619440913200378
903,49,8,1,D:\Skripsi\Experiment_TA\data\raw\RGB1\S49\AC8\RGB1_SUB49ACT8F1.jpg,1,1,0.6687856912612915
904,49,8,121,D:\Skripsi\Experiment_TA\data\raw\RGB1\S49\AC8\RGB1_SUB49ACT8F121.jpg,1,1,0.5727053880691528
905,49,8,151,D:\Skripsi\Experiment_TA\data\raw\RGB1\S49\AC8\RGB1_SUB49ACT8F151.jpg,1,1,0.5974853038787842
906,49,8,181,D:\Skripsi\Experiment_TA\data\raw\RGB1\S49\AC8\RGB1_SUB49ACT8F181.jpg,1,1,0.5398963093757629
907,49,8,211,D:\Skripsi\Experiment_TA\data\raw\RGB1\S49\AC8\RGB1_SUB49ACT8F211.jpg,1,1,0.5780621767044067
908,49,8,31,D:\Skripsi\Experiment_TA\data\raw\RGB1\S49\AC8\RGB1_SUB49ACT8F31.jpg,1,1,0.6088706254959106
909,49,8,61,D:\Skripsi\Experiment_TA\data\raw\RGB1\S49\AC8\RGB1_SUB49ACT8F61.jpg,1,1,0.577991247177124
910,49,8,91,D:\Skripsi\Experiment_TA\data\raw\RGB1\S49\AC8\RGB1_SUB49ACT8F91.jpg,1,1,0.6147809028625488
911,49,9,1,D:\Skripsi\Experiment_TA\data\raw\RGB1\S49\AC9\RGB1_SUB49ACT9F1.jpg,1,1,0.5530526041984558
912,49,9,121,D:\Skripsi\Experiment_TA\data\raw\RGB1\S49\AC9\RGB1_SUB49ACT9F121.jpg,1,0,0.4096294939517975
913,49,9,151,D:\Skripsi\Experiment_TA\data\raw\RGB1\S49\AC9\RGB1_SUB49ACT9F151.jpg,1,0,0.43300750851631165
914,49,9,181,D:\Skripsi\Experiment_TA\data\raw\RGB1\S49\AC9\RGB1_SUB49ACT9F181.jpg,1,1,0.5681564807891846
915,49,9,31,D:\Skripsi\Experiment_TA\data\raw\RGB1\S49\AC9\RGB1_SUB49ACT9F31.jpg,1,0,0.45723938941955566
916,49,9,61,D:\Skripsi\Experiment_TA\data\raw\RGB1\S49\AC9\RGB1_SUB49ACT9F61.jpg,1,1,0.5923996567726135
917,49,9,91,D:\Skripsi\Experiment_TA\data\raw\RGB1\S49\AC9\RGB1_SUB49ACT9F91.jpg,1,0,0.40566641092300415
918,5,1,1,D:\Skripsi\Experiment_TA\data\raw\RGB1\S5\AC1\RGB1_SUB5ACT1F1.jpg,0,1,0.5478577017784119
919,5,1,121,D:\Skripsi\Experiment_TA\data\raw\RGB1\S5\AC1\RGB1_SUB5ACT1F121.jpg,0,1,0.5515808463096619
920,5,1,31,D:\Skripsi\Experiment_TA\data\raw\RGB1\S5\AC1\RGB1_SUB5ACT1F31.jpg,0,1,0.6580643653869629
921,5,1,61,D:\Skripsi\Experiment_TA\data\raw\RGB1\S5\AC1\RGB1_SUB5ACT1F61.jpg,0,1,0.5882856845855713
922,5,1,91,D:\Skripsi\Experiment_TA\data\raw\RGB1\S5\AC1\RGB1_SUB5ACT1F91.jpg,0,1,0.6089922785758972
923,5,5,1,D:\Skripsi\Experiment_TA\data\raw\RGB1\S5\AC5\RGB1_SUB5ACT5F1.jpg,1,1,0.5683041214942932
924,5,5,121,D:\Skripsi\Experiment_TA\data\raw\RGB1\S5\AC5\RGB1_SUB5ACT5F121.jpg,1,1,0.5477766394615173
925,5,5,31,D:\Skripsi\Experiment_TA\data\raw\RGB1\S5\AC5\RGB1_SUB5ACT5F31.jpg,1,1,0.5162670612335205
926,5,5,61,D:\Skripsi\Experiment_TA\data\raw\RGB1\S5\AC5\RGB1_SUB5ACT5F61.jpg,1,1,0.6404489278793335
927,5,5,91,D:\Skripsi\Experiment_TA\data\raw\RGB1\S5\AC5\RGB1_SUB5ACT5F91.jpg,1,1,0.7232947945594788
928,5,6,1,D:\Skripsi\Experiment_TA\data\raw\RGB1\S5\AC6\RGB1_SUB5ACT6F1.jpg,1,1,0.7015723586082458
929,5,6,121,D:\Skripsi\Experiment_TA\data\raw\RGB1\S5\AC6\RGB1_SUB5ACT6F121.jpg,1,1,0.556692361831665
930,5,6,31,D:\Skripsi\Experiment_TA\data\raw\RGB1\S5\AC6\RGB1_SUB5ACT6F31.jpg,1,1,0.6527224779129028
931,5,6,61,D:\Skripsi\Experiment_TA\data\raw\RGB1\S5\AC6\RGB1_SUB5ACT6F61.jpg,1,1,0.7060584425926208
932,5,6,91,D:\Skripsi\Experiment_TA\data\raw\RGB1\S5\AC6\RGB1_SUB5ACT6F91.jpg,1,1,0.6507564783096313
933,5,7,1,D:\Skripsi\Experiment_TA\data\raw\RGB1\S5\AC7\RGB1_SUB5ACT7F1.jpg,1,1,0.6535453796386719
934,5,7,121,D:\Skripsi\Experiment_TA\data\raw\RGB1\S5\AC7\RGB1_SUB5ACT7F121.jpg,1,1,0.7455514073371887
935,5,7,151,D:\Skripsi\Experiment_TA\data\raw\RGB1\S5\AC7\RGB1_SUB5ACT7F151.jpg,1,1,0.7854745984077454
936,5,7,31,D:\Skripsi\Experiment_TA\data\raw\RGB1\S5\AC7\RGB1_SUB5ACT7F31.jpg,1,1,0.7948601841926575
937,5,7,61,D:\Skripsi\Experiment_TA\data\raw\RGB1\S5\AC7\RGB1_SUB5ACT7F61.jpg,1,1,0.8635290861129761
938,5,7,91,D:\Skripsi\Experiment_TA\data\raw\RGB1\S5\AC7\RGB1_SUB5ACT7F91.jpg,1,1,0.8479800820350647
939,5,8,1,D:\Skripsi\Experiment_TA\data\raw\RGB1\S5\AC8\RGB1_SUB5ACT8F1.jpg,1,1,0.7382937669754028
940,5,8,121,D:\Skripsi\Experiment_TA\data\raw\RGB1\S5\AC8\RGB1_SUB5ACT8F121.jpg,1,1,0.5881342887878418
941,5,8,151,D:\Skripsi\Experiment_TA\data\raw\RGB1\S5\AC8\RGB1_SUB5ACT8F151.jpg,1,1,0.6549520492553711
942,5,8,31,D:\Skripsi\Experiment_TA\data\raw\RGB1\S5\AC8\RGB1_SUB5ACT8F31.jpg,1,1,0.6378806829452515
943,5,8,61,D:\Skripsi\Experiment_TA\data\raw\RGB1\S5\AC8\RGB1_SUB5ACT8F61.jpg,1,1,0.7011398673057556
944,5,8,91,D:\Skripsi\Experiment_TA\data\raw\RGB1\S5\AC8\RGB1_SUB5ACT8F91.jpg,1,1,0.702446460723877
945,5,9,1,D:\Skripsi\Experiment_TA\data\raw\RGB1\S5\AC9\RGB1_SUB5ACT9F1.jpg,1,1,0.6491181254386902
946,5,9,121,D:\Skripsi\Experiment_TA\data\raw\RGB1\S5\AC9\RGB1_SUB5ACT9F121.jpg,1,1,0.6137180924415588
947,5,9,151,D:\Skripsi\Experiment_TA\data\raw\RGB1\S5\AC9\RGB1_SUB5ACT9F151.jpg,1,1,0.6650657653808594
948,5,9,31,D:\Skripsi\Experiment_TA\data\raw\RGB1\S5\AC9\RGB1_SUB5ACT9F31.jpg,1,1,0.598687469959259
949,5,9,61,D:\Skripsi\Experiment_TA\data\raw\RGB1\S5\AC9\RGB1_SUB5ACT9F61.jpg,1,1,0.5393670797348022
950,5,9,91,D:\Skripsi\Experiment_TA\data\raw\RGB1\S5\AC9\RGB1_SUB5ACT9F91.jpg,1,1,0.6789595484733582
951,50,1,1,D:\Skripsi\Experiment_TA\data\raw\RGB1\S50\AC1\RGB1_SUB50ACT1F1.jpg,0,0,0.4823237359523773
952,50,1,31,D:\Skripsi\Experiment_TA\data\raw\RGB1\S50\AC1\RGB1_SUB50ACT1F31.jpg,0,0,0.47125253081321716
953,50,1,61,D:\Skripsi\Experiment_TA\data\raw\RGB1\S50\AC1\RGB1_SUB50ACT1F61.jpg,0,0,0.46923133730888367
954,50,1,91,D:\Skripsi\Experiment_TA\data\raw\RGB1\S50\AC1\RGB1_SUB50ACT1F91.jpg,0,1,0.5119109749794006
955,50,5,1,D:\Skripsi\Experiment_TA\data\raw\RGB1\S50\AC5\RGB1_SUB50ACT5F1.jpg,1,1,0.617189884185791
956,50,5,121,D:\Skripsi\Experiment_TA\data\raw\RGB1\S50\AC5\RGB1_SUB50ACT5F121.jpg,1,1,0.6981899738311768
957,50,5,31,D:\Skripsi\Experiment_TA\data\raw\RGB1\S50\AC5\RGB1_SUB50ACT5F31.jpg,1,1,0.5443162322044373
958,50,5,61,D:\Skripsi\Experiment_TA\data\raw\RGB1\S50\AC5\RGB1_SUB50ACT5F61.jpg,1,1,0.6464918255805969
959,50,5,91,D:\Skripsi\Experiment_TA\data\raw\RGB1\S50\AC5\RGB1_SUB50ACT5F91.jpg,1,1,0.6474802494049072
960,50,6,1,D:\Skripsi\Experiment_TA\data\raw\RGB1\S50\AC6\RGB1_SUB50ACT6F1.jpg,1,1,0.5338183641433716
961,50,6,121,D:\Skripsi\Experiment_TA\data\raw\RGB1\S50\AC6\RGB1_SUB50ACT6F121.jpg,1,0,0.47445037961006165
962,50,6,31,D:\Skripsi\Experiment_TA\data\raw\RGB1\S50\AC6\RGB1_SUB50ACT6F31.jpg,1,1,0.5850991606712341
963,50,6,61,D:\Skripsi\Experiment_TA\data\raw\RGB1\S50\AC6\RGB1_SUB50ACT6F61.jpg,1,1,0.5574787855148315
964,50,6,91,D:\Skripsi\Experiment_TA\data\raw\RGB1\S50\AC6\RGB1_SUB50ACT6F91.jpg,1,1,0.6448377370834351
965,50,7,1,D:\Skripsi\Experiment_TA\data\raw\RGB1\S50\AC7\RGB1_SUB50ACT7F1.jpg,1,1,0.5283200740814209
966,50,7,121,D:\Skripsi\Experiment_TA\data\raw\RGB1\S50\AC7\RGB1_SUB50ACT7F121.jpg,1,1,0.5393030643463135
967,50,7,31,D:\Skripsi\Experiment_TA\data\raw\RGB1\S50\AC7\RGB1_SUB50ACT7F31.jpg,1,1,0.5846825838088989
968,50,7,61,D:\Skripsi\Experiment_TA\data\raw\RGB1\S50\AC7\RGB1_SUB50ACT7F61.jpg,1,1,0.6456050276756287
969,50,7,91,D:\Skripsi\Experiment_TA\data\raw\RGB1\S50\AC7\RGB1_SUB50ACT7F91.jpg,1,1,0.7189139127731323
970,50,8,1,D:\Skripsi\Experiment_TA\data\raw\RGB1\S50\AC8\RGB1_SUB50ACT8F1.jpg,1,0,0.4171246886253357
971,50,8,121,D:\Skripsi\Experiment_TA\data\raw\RGB1\S50\AC8\RGB1_SUB50ACT8F121.jpg,1,1,0.5832094550132751
972,50,8,151,D:\Skripsi\Experiment_TA\data\raw\RGB1\S50\AC8\RGB1_SUB50ACT8F151.jpg,1,1,0.5836507081985474
973,50,8,181,D:\Skripsi\Experiment_TA\data\raw\RGB1\S50\AC8\RGB1_SUB50ACT8F181.jpg,1,1,0.535336971282959
974,50,8,211,D:\Skripsi\Experiment_TA\data\raw\RGB1\S50\AC8\RGB1_SUB50ACT8F211.jpg,1,1,0.5996368527412415
975,50,8,31,D:\Skripsi\Experiment_TA\data\raw\RGB1\S50\AC8\RGB1_SUB50ACT8F31.jpg,1,1,0.5555642247200012
976,50,8,61,D:\Skripsi\Experiment_TA\data\raw\RGB1\S50\AC8\RGB1_SUB50ACT8F61.jpg,1,1,0.7176653742790222
977,50,8,91,D:\Skripsi\Experiment_TA\data\raw\RGB1\S50\AC8\RGB1_SUB50ACT8F91.jpg,1,1,0.6590875387191772
978,50,9,1,D:\Skripsi\Experiment_TA\data\raw\RGB1\S50\AC9\RGB1_SUB50ACT9F1.jpg,1,1,0.6657911539077759
979,50,9,121,D:\Skripsi\Experiment_TA\data\raw\RGB1\S50\AC9\RGB1_SUB50ACT9F121.jpg,1,1,0.548808753490448
980,50,9,151,D:\Skripsi\Experiment_TA\data\raw\RGB1\S50\AC9\RGB1_SUB50ACT9F151.jpg,1,1,0.6969543695449829
981,50,9,181,D:\Skripsi\Experiment_TA\data\raw\RGB1\S50\AC9\RGB1_SUB50ACT9F181.jpg,1,1,0.803378164768219
982,50,9,31,D:\Skripsi\Experiment_TA\data\raw\RGB1\S50\AC9\RGB1_SUB50ACT9F31.jpg,1,1,0.7004737854003906
983,50,9,61,D:\Skripsi\Experiment_TA\data\raw\RGB1\S50\AC9\RGB1_SUB50ACT9F61.jpg,1,1,0.55489182472229
984,50,9,91,D:\Skripsi\Experiment_TA\data\raw\RGB1\S50\AC9\RGB1_SUB50ACT9F91.jpg,1,1,0.6424050331115723
985,6,1,1,D:\Skripsi\Experiment_TA\data\raw\RGB1\S6\AC1\RGB1_SUB6ACT1F1.jpg,0,1,0.547670304775238
986,6,1,121,D:\Skripsi\Experiment_TA\data\raw\RGB1\S6\AC1\RGB1_SUB6ACT1F121.jpg,0,1,0.5195920467376709
987,6,1,31,D:\Skripsi\Experiment_TA\data\raw\RGB1\S6\AC1\RGB1_SUB6ACT1F31.jpg,0,0,0.48314905166625977
988,6,1,61,D:\Skripsi\Experiment_TA\data\raw\RGB1\S6\AC1\RGB1_SUB6ACT1F61.jpg,0,0,0.4811611473560333
989,6,1,91,D:\Skripsi\Experiment_TA\data\raw\RGB1\S6\AC1\RGB1_SUB6ACT1F91.jpg,0,0,0.4661829173564911
990,6,5,1,D:\Skripsi\Experiment_TA\data\raw\RGB1\S6\AC5\RGB1_SUB6ACT5F1.jpg,1,1,0.540224015712738
991,6,5,121,D:\Skripsi\Experiment_TA\data\raw\RGB1\S6\AC5\RGB1_SUB6ACT5F121.jpg,1,1,0.6973022818565369
992,6,5,31,D:\Skripsi\Experiment_TA\data\raw\RGB1\S6\AC5\RGB1_SUB6ACT5F31.jpg,1,1,0.6984999179840088
993,6,5,61,D:\Skripsi\Experiment_TA\data\raw\RGB1\S6\AC5\RGB1_SUB6ACT5F61.jpg,1,1,0.8012852668762207
994,6,5,91,D:\Skripsi\Experiment_TA\data\raw\RGB1\S6\AC5\RGB1_SUB6ACT5F91.jpg,1,1,0.8396846055984497
995,6,6,1,D:\Skripsi\Experiment_TA\data\raw\RGB1\S6\AC6\RGB1_SUB6ACT6F1.jpg,1,1,0.8053790330886841
996,6,6,121,D:\Skripsi\Experiment_TA\data\raw\RGB1\S6\AC6\RGB1_SUB6ACT6F121.jpg,1,1,0.7497266530990601
997,6,6,151,D:\Skripsi\Experiment_TA\data\raw\RGB1\S6\AC6\RGB1_SUB6ACT6F151.jpg,1,1,0.6906054615974426
998,6,6,31,D:\Skripsi\Experiment_TA\data\raw\RGB1\S6\AC6\RGB1_SUB6ACT6F31.jpg,1,1,0.7787726521492004
999,6,6,61,D:\Skripsi\Experiment_TA\data\raw\RGB1\S6\AC6\RGB1_SUB6ACT6F61.jpg,1,1,0.8036443591117859
1000,6,6,91,D:\Skripsi\Experiment_TA\data\raw\RGB1\S6\AC6\RGB1_SUB6ACT6F91.jpg,1,1,0.5756800174713135
1001,6,7,1,D:\Skripsi\Experiment_TA\data\raw\RGB1\S6\AC7\RGB1_SUB6ACT7F1.jpg,1,1,0.5020188689231873
1002,6,7,121,D:\Skripsi\Experiment_TA\data\raw\RGB1\S6\AC7\RGB1_SUB6ACT7F121.jpg,1,1,0.7250795960426331
1003,6,7,31,D:\Skripsi\Experiment_TA\data\raw\RGB1\S6\AC7\RGB1_SUB6ACT7F31.jpg,1,1,0.7696288228034973
1004,6,7,61,D:\Skripsi\Experiment_TA\data\raw\RGB1\S6\AC7\RGB1_SUB6ACT7F61.jpg,1,1,0.7508007287979126
1005,6,7,91,D:\Skripsi\Experiment_TA\data\raw\RGB1\S6\AC7\RGB1_SUB6ACT7F91.jpg,1,1,0.8357636332511902
1006,6,8,1,D:\Skripsi\Experiment_TA\data\raw\RGB1\S6\AC8\RGB1_SUB6ACT8F1.jpg,1,1,0.5007742047309875
1007,6,8,121,D:\Skripsi\Experiment_TA\data\raw\RGB1\S6\AC8\RGB1_SUB6ACT8F121.jpg,1,1,0.7522445917129517
1008,6,8,151,D:\Skripsi\Experiment_TA\data\raw\RGB1\S6\AC8\RGB1_SUB6ACT8F151.jpg,1,1,0.7297167778015137
1009,6,8,31,D:\Skripsi\Experiment_TA\data\raw\RGB1\S6\AC8\RGB1_SUB6ACT8F31.jpg,1,0,0.4723380506038666
1010,6,8,61,D:\Skripsi\Experiment_TA\data\raw\RGB1\S6\AC8\RGB1_SUB6ACT8F61.jpg,1,1,0.5330939292907715
1011,6,8,91,D:\Skripsi\Experiment_TA\data\raw\RGB1\S6\AC8\RGB1_SUB6ACT8F91.jpg,1,1,0.5249097943305969
1012,6,9,1,D:\Skripsi\Experiment_TA\data\raw\RGB1\S6\AC9\RGB1_SUB6ACT9F1.jpg,1,1,0.588925302028656
1013,6,9,121,D:\Skripsi\Experiment_TA\data\raw\RGB1\S6\AC9\RGB1_SUB6ACT9F121.jpg,1,1,0.5638253092765808
1014,6,9,151,D:\Skripsi\Experiment_TA\data\raw\RGB1\S6\AC9\RGB1_SUB6ACT9F151.jpg,1,1,0.8190343379974365
1015,6,9,31,D:\Skripsi\Experiment_TA\data\raw\RGB1\S6\AC9\RGB1_SUB6ACT9F31.jpg,1,1,0.7225769758224487
1016,6,9,61,D:\Skripsi\Experiment_TA\data\raw\RGB1\S6\AC9\RGB1_SUB6ACT9F61.jpg,1,1,0.6609123349189758
1017,6,9,91,D:\Skripsi\Experiment_TA\data\raw\RGB1\S6\AC9\RGB1_SUB6ACT9F91.jpg,1,1,0.6108842492103577
1018,7,1,1,D:\Skripsi\Experiment_TA\data\raw\RGB1\S7\AC1\RGB1_SUB7ACT1F1.jpg,0,0,0.4101082682609558
1019,7,1,121,D:\Skripsi\Experiment_TA\data\raw\RGB1\S7\AC1\RGB1_SUB7ACT1F121.jpg,0,0,0.4680022597312927
1020,7,1,31,D:\Skripsi\Experiment_TA\data\raw\RGB1\S7\AC1\RGB1_SUB7ACT1F31.jpg,0,1,0.5719930529594421
1021,7,1,61,D:\Skripsi\Experiment_TA\data\raw\RGB1\S7\AC1\RGB1_SUB7ACT1F61.jpg,0,1,0.513115406036377
1022,7,1,91,D:\Skripsi\Experiment_TA\data\raw\RGB1\S7\AC1\RGB1_SUB7ACT1F91.jpg,0,0,0.4171743392944336
1023,7,5,1,D:\Skripsi\Experiment_TA\data\raw\RGB1\S7\AC5\RGB1_SUB7ACT5F1.jpg,1,1,0.5201151371002197
1024,7,5,121,D:\Skripsi\Experiment_TA\data\raw\RGB1\S7\AC5\RGB1_SUB7ACT5F121.jpg,1,1,0.714275062084198
1025,7,5,31,D:\Skripsi\Experiment_TA\data\raw\RGB1\S7\AC5\RGB1_SUB7ACT5F31.jpg,1,1,0.6919476985931396
1026,7,5,61,D:\Skripsi\Experiment_TA\data\raw\RGB1\S7\AC5\RGB1_SUB7ACT5F61.jpg,1,1,0.651219367980957
1027,7,5,91,D:\Skripsi\Experiment_TA\data\raw\RGB1\S7\AC5\RGB1_SUB7ACT5F91.jpg,1,1,0.6863550543785095
1028,7,6,1,D:\Skripsi\Experiment_TA\data\raw\RGB1\S7\AC6\RGB1_SUB7ACT6F1.jpg,1,0,0.320649653673172
1029,7,6,121,D:\Skripsi\Experiment_TA\data\raw\RGB1\S7\AC6\RGB1_SUB7ACT6F121.jpg,1,0,0.4881870150566101
1030,7,6,31,D:\Skripsi\Experiment_TA\data\raw\RGB1\S7\AC6\RGB1_SUB7ACT6F31.jpg,1,0,0.4902552366256714
1031,7,6,61,D:\Skripsi\Experiment_TA\data\raw\RGB1\S7\AC6\RGB1_SUB7ACT6F61.jpg,1,0,0.3409510850906372
1032,7,6,91,D:\Skripsi\Experiment_TA\data\raw\RGB1\S7\AC6\RGB1_SUB7ACT6F91.jpg,1,1,0.582144021987915
1033,7,7,1,D:\Skripsi\Experiment_TA\data\raw\RGB1\S7\AC7\RGB1_SUB7ACT7F1.jpg,1,0,0.4590620994567871
1034,7,7,121,D:\Skripsi\Experiment_TA\data\raw\RGB1\S7\AC7\RGB1_SUB7ACT7F121.jpg,1,1,0.8330691456794739
1035,7,7,151,D:\Skripsi\Experiment_TA\data\raw\RGB1\S7\AC7\RGB1_SUB7ACT7F151.jpg,1,1,0.8604917526245117
1036,7,7,31,D:\Skripsi\Experiment_TA\data\raw\RGB1\S7\AC7\RGB1_SUB7ACT7F31.jpg,1,1,0.8451768755912781
1037,7,7,61,D:\Skripsi\Experiment_TA\data\raw\RGB1\S7\AC7\RGB1_SUB7ACT7F61.jpg,1,1,0.7759930491447449
1038,7,7,91,D:\Skripsi\Experiment_TA\data\raw\RGB1\S7\AC7\RGB1_SUB7ACT7F91.jpg,1,1,0.8479577898979187
1039,7,8,1,D:\Skripsi\Experiment_TA\data\raw\RGB1\S7\AC8\RGB1_SUB7ACT8F1.jpg,1,1,0.6572317481040955
1040,7,8,121,D:\Skripsi\Experiment_TA\data\raw\RGB1\S7\AC8\RGB1_SUB7ACT8F121.jpg,1,1,0.6314169764518738
1041,7,8,31,D:\Skripsi\Experiment_TA\data\raw\RGB1\S7\AC8\RGB1_SUB7ACT8F31.jpg,1,1,0.6973614692687988
1042,7,8,61,D:\Skripsi\Experiment_TA\data\raw\RGB1\S7\AC8\RGB1_SUB7ACT8F61.jpg,1,1,0.640767514705658
1043,7,8,91,D:\Skripsi\Experiment_TA\data\raw\RGB1\S7\AC8\RGB1_SUB7ACT8F91.jpg,1,1,0.661136269569397
1044,7,9,1,D:\Skripsi\Experiment_TA\data\raw\RGB1\S7\AC9\RGB1_SUB7ACT9F1.jpg,1,1,0.5998198390007019
1045,7,9,121,D:\Skripsi\Experiment_TA\data\raw\RGB1\S7\AC9\RGB1_SUB7ACT9F121.jpg,1,1,0.6621307134628296
1046,7,9,31,D:\Skripsi\Experiment_TA\data\raw\RGB1\S7\AC9\RGB1_SUB7ACT9F31.jpg,1,1,0.5971531271934509
1047,7,9,61,D:\Skripsi\Experiment_TA\data\raw\RGB1\S7\AC9\RGB1_SUB7ACT9F61.jpg,1,1,0.6976562738418579
1048,7,9,91,D:\Skripsi\Experiment_TA\data\raw\RGB1\S7\AC9\RGB1_SUB7ACT9F91.jpg,1,1,0.7688794732093811
1049,9,1,1,D:\Skripsi\Experiment_TA\data\raw\RGB1\S9\AC1\RGB1_SUB9ACT1F1.jpg,0,1,0.5290214419364929
1050,9,1,121,D:\Skripsi\Experiment_TA\data\raw\RGB1\S9\AC1\RGB1_SUB9ACT1F121.jpg,0,1,0.5770746469497681
1051,9,1,151,D:\Skripsi\Experiment_TA\data\raw\RGB1\S9\AC1\RGB1_SUB9ACT1F151.jpg,0,1,0.5754110217094421
1052,9,1,31,D:\Skripsi\Experiment_TA\data\raw\RGB1\S9\AC1\RGB1_SUB9ACT1F31.jpg,0,0,0.4915543794631958
1053,9,1,61,D:\Skripsi\Experiment_TA\data\raw\RGB1\S9\AC1\RGB1_SUB9ACT1F61.jpg,0,1,0.5300496220588684
1054,9,1,91,D:\Skripsi\Experiment_TA\data\raw\RGB1\S9\AC1\RGB1_SUB9ACT1F91.jpg,0,0,0.45988205075263977
1055,9,5,1,D:\Skripsi\Experiment_TA\data\raw\RGB1\S9\AC5\RGB1_SUB9ACT5F1.jpg,1,1,0.6942371726036072
1056,9,5,121,D:\Skripsi\Experiment_TA\data\raw\RGB1\S9\AC5\RGB1_SUB9ACT5F121.jpg,1,1,0.7652285695075989
1057,9,5,151,D:\Skripsi\Experiment_TA\data\raw\RGB1\S9\AC5\RGB1_SUB9ACT5F151.jpg,1,1,0.6463018655776978
1058,9,5,31,D:\Skripsi\Experiment_TA\data\raw\RGB1\S9\AC5\RGB1_SUB9ACT5F31.jpg,1,1,0.7159548997879028
1059,9,5,61,D:\Skripsi\Experiment_TA\data\raw\RGB1\S9\AC5\RGB1_SUB9ACT5F61.jpg,1,1,0.7175947427749634
1060,9,5,91,D:\Skripsi\Experiment_TA\data\raw\RGB1\S9\AC5\RGB1_SUB9ACT5F91.jpg,1,1,0.7526853680610657
1061,9,6,1,D:\Skripsi\Experiment_TA\data\raw\RGB1\S9\AC6\RGB1_SUB9ACT6F1.jpg,1,1,0.7160364985466003
1062,9,6,121,D:\Skripsi\Experiment_TA\data\raw\RGB1\S9\AC6\RGB1_SUB9ACT6F121.jpg,1,1,0.7573484182357788
1063,9,6,31,D:\Skripsi\Experiment_TA\data\raw\RGB1\S9\AC6\RGB1_SUB9ACT6F31.jpg,1,1,0.7380101680755615
1064,9,6,61,D:\Skripsi\Experiment_TA\data\raw\RGB1\S9\AC6\RGB1_SUB9ACT6F61.jpg,1,1,0.7658143639564514
1065,9,6,91,D:\Skripsi\Experiment_TA\data\raw\RGB1\S9\AC6\RGB1_SUB9ACT6F91.jpg,1,1,0.6884899139404297
1066,9,7,1,D:\Skripsi\Experiment_TA\data\raw\RGB1\S9\AC7\RGB1_SUB9ACT7F1.jpg,1,1,0.6072699427604675
1067,9,7,121,D:\Skripsi\Experiment_TA\data\raw\RGB1\S9\AC7\RGB1_SUB9ACT7F121.jpg,1,1,0.6759281158447266
1068,9,7,151,D:\Skripsi\Experiment_TA\data\raw\RGB1\S9\AC7\RGB1_SUB9ACT7F151.jpg,1,1,0.8143761157989502
1069,9,7,181,D:\Skripsi\Experiment_TA\data\raw\RGB1\S9\AC7\RGB1_SUB9ACT7F181.jpg,1,1,0.7446451187133789
1070,9,7,31,D:\Skripsi\Experiment_TA\data\raw\RGB1\S9\AC7\RGB1_SUB9ACT7F31.jpg,1,1,0.6833818554878235
1071,9,7,61,D:\Skripsi\Experiment_TA\data\raw\RGB1\S9\AC7\RGB1_SUB9ACT7F61.jpg,1,1,0.6923473477363586
1072,9,7,91,D:\Skripsi\Experiment_TA\data\raw\RGB1\S9\AC7\RGB1_SUB9ACT7F91.jpg,1,1,0.8066892027854919
1073,9,8,1,D:\Skripsi\Experiment_TA\data\raw\RGB1\S9\AC8\RGB1_SUB9ACT8F1.jpg,1,1,0.5798877477645874
1074,9,8,121,D:\Skripsi\Experiment_TA\data\raw\RGB1\S9\AC8\RGB1_SUB9ACT8F121.jpg,1,1,0.6682303547859192
1075,9,8,31,D:\Skripsi\Experiment_TA\data\raw\RGB1\S9\AC8\RGB1_SUB9ACT8F31.jpg,1,1,0.6977856159210205
1076,9,8,61,D:\Skripsi\Experiment_TA\data\raw\RGB1\S9\AC8\RGB1_SUB9ACT8F61.jpg,1,1,0.7135373950004578
1077,9,8,91,D:\Skripsi\Experiment_TA\data\raw\RGB1\S9\AC8\RGB1_SUB9ACT8F91.jpg,1,1,0.7081405520439148
1078,9,9,1,D:\Skripsi\Experiment_TA\data\raw\RGB1\S9\AC9\RGB1_SUB9ACT9F1.jpg,1,1,0.6795019507408142
1079,9,9,121,D:\Skripsi\Experiment_TA\data\raw\RGB1\S9\AC9\RGB1_SUB9ACT9F121.jpg,1,1,0.6827192306518555
1080,9,9,151,D:\Skripsi\Experiment_TA\data\raw\RGB1\S9\AC9\RGB1_SUB9ACT9F151.jpg,1,1,0.6902432441711426
1081,9,9,31,D:\Skripsi\Experiment_TA\data\raw\RGB1\S9\AC9\RGB1_SUB9ACT9F31.jpg,1,1,0.8251693248748779
1082,9,9,61,D:\Skripsi\Experiment_TA\data\raw\RGB1\S9\AC9\RGB1_SUB9ACT9F61.jpg,1,1,0.7463331818580627
1083,9,9,91,D:\Skripsi\Experiment_TA\data\raw\RGB1\S9\AC9\RGB1_SUB9ACT9F91.jpg,1,1,0.6335824131965637
