row_index,subject_id,activity_id,frame,filepath,label,prediction,prob_phone
0,12,1,1,D:\Skripsi\Experiment\data\raw\RGB2\S12\AC1\RGB2_SUB12ACT1F1.jpg,0,0,1.180144590762211e-05
1,12,1,106,D:\Skripsi\Experiment\data\raw\RGB2\S12\AC1\RGB2_SUB12ACT1F106.jpg,0,0,0.0011148570338264108
2,12,1,121,D:\Skripsi\Experiment\data\raw\RGB2\S12\AC1\RGB2_SUB12ACT1F121.jpg,0,0,1.2735367818095256e-06
3,12,1,136,D:\Skripsi\Experiment\data\raw\RGB2\S12\AC1\RGB2_SUB12ACT1F136.jpg,0,0,0.0006504482007585466
4,12,1,151,D:\Skripsi\Experiment\data\raw\RGB2\S12\AC1\RGB2_SUB12ACT1F151.jpg,0,0,8.943942702899221e-06
5,12,1,16,D:\Skripsi\Experiment\data\raw\RGB2\S12\AC1\RGB2_SUB12ACT1F16.jpg,0,0,4.740960775961867e-06
6,12,1,31,D:\Skripsi\Experiment\data\raw\RGB2\S12\AC1\RGB2_SUB12ACT1F31.jpg,0,0,9.306791980634443e-06
7,12,1,46,D:\Skripsi\Experiment\data\raw\RGB2\S12\AC1\RGB2_SUB12ACT1F46.jpg,0,0,1.2522757060651202e-05
8,12,1,61,D:\Skripsi\Experiment\data\raw\RGB2\S12\AC1\RGB2_SUB12ACT1F61.jpg,0,0,1.1863407053169794e-05
9,12,1,76,D:\Skripsi\Experiment\data\raw\RGB2\S12\AC1\RGB2_SUB12ACT1F76.jpg,0,0,1.7083624697988853e-05
10,12,1,91,D:\Skripsi\Experiment\data\raw\RGB2\S12\AC1\RGB2_SUB12ACT1F91.jpg,0,0,3.942002513213083e-05
11,12,5,1,D:\Skripsi\Experiment\data\raw\RGB2\S12\AC5\RGB2_SUB12ACT5F1.jpg,1,1,0.9982707500457764
12,12,5,106,D:\Skripsi\Experiment\data\raw\RGB2\S12\AC5\RGB2_SUB12ACT5F106.jpg,1,1,0.9992341995239258
13,12,5,121,D:\Skripsi\Experiment\data\raw\RGB2\S12\AC5\RGB2_SUB12ACT5F121.jpg,1,1,0.9966110587120056
14,12,5,136,D:\Skripsi\Experiment\data\raw\RGB2\S12\AC5\RGB2_SUB12ACT5F136.jpg,1,1,0.9939534068107605
15,12,5,16,D:\Skripsi\Experiment\data\raw\RGB2\S12\AC5\RGB2_SUB12ACT5F16.jpg,1,1,0.9997679591178894
16,12,5,31,D:\Skripsi\Experiment\data\raw\RGB2\S12\AC5\RGB2_SUB12ACT5F31.jpg,1,1,0.9992613196372986
17,12,5,46,D:\Skripsi\Experiment\data\raw\RGB2\S12\AC5\RGB2_SUB12ACT5F46.jpg,1,1,0.9998840093612671
18,12,5,61,D:\Skripsi\Experiment\data\raw\RGB2\S12\AC5\RGB2_SUB12ACT5F61.jpg,1,1,0.9945047497749329
19,12,5,76,D:\Skripsi\Experiment\data\raw\RGB2\S12\AC5\RGB2_SUB12ACT5F76.jpg,1,1,0.9976656436920166
20,12,5,91,D:\Skripsi\Experiment\data\raw\RGB2\S12\AC5\RGB2_SUB12ACT5F91.jpg,1,1,0.9938279986381531
21,12,6,1,D:\Skripsi\Experiment\data\raw\RGB2\S12\AC6\RGB2_SUB12ACT6F1.jpg,1,1,0.9998207688331604
22,12,6,106,D:\Skripsi\Experiment\data\raw\RGB2\S12\AC6\RGB2_SUB12ACT6F106.jpg,1,1,0.99993896484375
23,12,6,121,D:\Skripsi\Experiment\data\raw\RGB2\S12\AC6\RGB2_SUB12ACT6F121.jpg,1,1,0.9999927282333374
24,12,6,136,D:\Skripsi\Experiment\data\raw\RGB2\S12\AC6\RGB2_SUB12ACT6F136.jpg,1,1,0.9999843835830688
25,12,6,151,D:\Skripsi\Experiment\data\raw\RGB2\S12\AC6\RGB2_SUB12ACT6F151.jpg,1,1,0.9999839067459106
26,12,6,16,D:\Skripsi\Experiment\data\raw\RGB2\S12\AC6\RGB2_SUB12ACT6F16.jpg,1,1,0.964713990688324
27,12,6,166,D:\Skripsi\Experiment\data\raw\RGB2\S12\AC6\RGB2_SUB12ACT6F166.jpg,1,1,0.9999768733978271
28,12,6,181,D:\Skripsi\Experiment\data\raw\RGB2\S12\AC6\RGB2_SUB12ACT6F181.jpg,1,1,0.9998469352722168
29,12,6,196,D:\Skripsi\Experiment\data\raw\RGB2\S12\AC6\RGB2_SUB12ACT6F196.jpg,1,1,0.9997485280036926
30,12,6,31,D:\Skripsi\Experiment\data\raw\RGB2\S12\AC6\RGB2_SUB12ACT6F31.jpg,1,1,0.9999440908432007
31,12,6,46,D:\Skripsi\Experiment\data\raw\RGB2\S12\AC6\RGB2_SUB12ACT6F46.jpg,1,1,0.9999430179595947
32,12,6,61,D:\Skripsi\Experiment\data\raw\RGB2\S12\AC6\RGB2_SUB12ACT6F61.jpg,1,1,0.9997004270553589
33,12,6,76,D:\Skripsi\Experiment\data\raw\RGB2\S12\AC6\RGB2_SUB12ACT6F76.jpg,1,1,0.9999897480010986
34,12,6,91,D:\Skripsi\Experiment\data\raw\RGB2\S12\AC6\RGB2_SUB12ACT6F91.jpg,1,1,0.999966025352478
35,12,7,1,D:\Skripsi\Experiment\data\raw\RGB2\S12\AC7\RGB2_SUB12ACT7F1.jpg,1,1,0.987787663936615
36,12,7,106,D:\Skripsi\Experiment\data\raw\RGB2\S12\AC7\RGB2_SUB12ACT7F106.jpg,1,1,0.9991497993469238
37,12,7,121,D:\Skripsi\Experiment\data\raw\RGB2\S12\AC7\RGB2_SUB12ACT7F121.jpg,1,1,0.9973819851875305
38,12,7,136,D:\Skripsi\Experiment\data\raw\RGB2\S12\AC7\RGB2_SUB12ACT7F136.jpg,1,1,0.9994326233863831
39,12,7,151,D:\Skripsi\Experiment\data\raw\RGB2\S12\AC7\RGB2_SUB12ACT7F151.jpg,1,1,0.9846920371055603
40,12,7,16,D:\Skripsi\Experiment\data\raw\RGB2\S12\AC7\RGB2_SUB12ACT7F16.jpg,1,1,0.9988780617713928
41,12,7,166,D:\Skripsi\Experiment\data\raw\RGB2\S12\AC7\RGB2_SUB12ACT7F166.jpg,1,1,0.9994521737098694
42,12,7,181,D:\Skripsi\Experiment\data\raw\RGB2\S12\AC7\RGB2_SUB12ACT7F181.jpg,1,1,0.9999105930328369
43,12,7,196,D:\Skripsi\Experiment\data\raw\RGB2\S12\AC7\RGB2_SUB12ACT7F196.jpg,1,1,0.9994831085205078
44,12,7,211,D:\Skripsi\Experiment\data\raw\RGB2\S12\AC7\RGB2_SUB12ACT7F211.jpg,1,1,0.999882698059082
45,12,7,226,D:\Skripsi\Experiment\data\raw\RGB2\S12\AC7\RGB2_SUB12ACT7F226.jpg,1,1,0.9996819496154785
46,12,7,31,D:\Skripsi\Experiment\data\raw\RGB2\S12\AC7\RGB2_SUB12ACT7F31.jpg,1,1,0.9965426325798035
47,12,7,46,D:\Skripsi\Experiment\data\raw\RGB2\S12\AC7\RGB2_SUB12ACT7F46.jpg,1,1,0.9999932050704956
48,12,7,61,D:\Skripsi\Experiment\data\raw\RGB2\S12\AC7\RGB2_SUB12ACT7F61.jpg,1,1,0.9991525411605835
49,12,7,76,D:\Skripsi\Experiment\data\raw\RGB2\S12\AC7\RGB2_SUB12ACT7F76.jpg,1,1,0.9988585710525513
50,12,7,91,D:\Skripsi\Experiment\data\raw\RGB2\S12\AC7\RGB2_SUB12ACT7F91.jpg,1,1,0.9997010231018066
51,12,8,1,D:\Skripsi\Experiment\data\raw\RGB2\S12\AC8\RGB2_SUB12ACT8F1.jpg,1,1,0.9999970197677612
52,12,8,106,D:\Skripsi\Experiment\data\raw\RGB2\S12\AC8\RGB2_SUB12ACT8F106.jpg,1,1,0.9967374205589294
53,12,8,121,D:\Skripsi\Experiment\data\raw\RGB2\S12\AC8\RGB2_SUB12ACT8F121.jpg,1,1,0.9999746084213257
54,12,8,136,D:\Skripsi\Experiment\data\raw\RGB2\S12\AC8\RGB2_SUB12ACT8F136.jpg,1,1,0.9999483823776245
55,12,8,151,D:\Skripsi\Experiment\data\raw\RGB2\S12\AC8\RGB2_SUB12ACT8F151.jpg,1,1,0.9999852180480957
56,12,8,16,D:\Skripsi\Experiment\data\raw\RGB2\S12\AC8\RGB2_SUB12ACT8F16.jpg,1,1,0.9995926022529602
57,12,8,31,D:\Skripsi\Experiment\data\raw\RGB2\S12\AC8\RGB2_SUB12ACT8F31.jpg,1,1,0.9999195337295532
58,12,8,46,D:\Skripsi\Experiment\data\raw\RGB2\S12\AC8\RGB2_SUB12ACT8F46.jpg,1,1,0.9992786049842834
59,12,8,61,D:\Skripsi\Experiment\data\raw\RGB2\S12\AC8\RGB2_SUB12ACT8F61.jpg,1,1,0.9999948740005493
60,12,8,76,D:\Skripsi\Experiment\data\raw\RGB2\S12\AC8\RGB2_SUB12ACT8F76.jpg,1,1,0.9999198913574219
61,12,8,91,D:\Skripsi\Experiment\data\raw\RGB2\S12\AC8\RGB2_SUB12ACT8F91.jpg,1,1,0.9999845027923584
62,12,9,1,D:\Skripsi\Experiment\data\raw\RGB2\S12\AC9\RGB2_SUB12ACT9F1.jpg,1,1,0.999863862991333
63,12,9,106,D:\Skripsi\Experiment\data\raw\RGB2\S12\AC9\RGB2_SUB12ACT9F106.jpg,1,1,0.9985899329185486
64,12,9,121,D:\Skripsi\Experiment\data\raw\RGB2\S12\AC9\RGB2_SUB12ACT9F121.jpg,1,1,0.9996033310890198
65,12,9,136,D:\Skripsi\Experiment\data\raw\RGB2\S12\AC9\RGB2_SUB12ACT9F136.jpg,1,1,0.9997863173484802
66,12,9,151,D:\Skripsi\Experiment\data\raw\RGB2\S12\AC9\RGB2_SUB12ACT9F151.jpg,1,1,0.9999023675918579
67,12,9,16,D:\Skripsi\Experiment\data\raw\RGB2\S12\AC9\RGB2_SUB12ACT9F16.jpg,1,1,0.9998607635498047
68,12,9,166,D:\Skripsi\Experiment\data\raw\RGB2\S12\AC9\RGB2_SUB12ACT9F166.jpg,1,1,0.9997208714485168
69,12,9,31,D:\Skripsi\Experiment\data\raw\RGB2\S12\AC9\RGB2_SUB12ACT9F31.jpg,1,1,0.9997509121894836
70,12,9,46,D:\Skripsi\Experiment\data\raw\RGB2\S12\AC9\RGB2_SUB12ACT9F46.jpg,1,1,0.9993378520011902
71,12,9,61,D:\Skripsi\Experiment\data\raw\RGB2\S12\AC9\RGB2_SUB12ACT9F61.jpg,1,1,0.9999383687973022
72,12,9,76,D:\Skripsi\Experiment\data\raw\RGB2\S12\AC9\RGB2_SUB12ACT9F76.jpg,1,1,0.9998036026954651
73,12,9,91,D:\Skripsi\Experiment\data\raw\RGB2\S12\AC9\RGB2_SUB12ACT9F91.jpg,1,1,0.996895432472229
74,13,1,1,D:\Skripsi\Experiment\data\raw\RGB2\S13\AC1\RGB2_SUB13ACT1F1.jpg,0,0,1.165578964901215e-06
75,13,1,106,D:\Skripsi\Experiment\data\raw\RGB2\S13\AC1\RGB2_SUB13ACT1F106.jpg,0,0,1.020172248900053e-06
76,13,1,121,D:\Skripsi\Experiment\data\raw\RGB2\S13\AC1\RGB2_SUB13ACT1F121.jpg,0,0,1.725075975400614e-07
77,13,1,16,D:\Skripsi\Experiment\data\raw\RGB2\S13\AC1\RGB2_SUB13ACT1F16.jpg,0,0,1.0664577843044754e-07
78,13,1,31,D:\Skripsi\Experiment\data\raw\RGB2\S13\AC1\RGB2_SUB13ACT1F31.jpg,0,0,1.1919432552076614e-07
79,13,1,46,D:\Skripsi\Experiment\data\raw\RGB2\S13\AC1\RGB2_SUB13ACT1F46.jpg,0,0,1.322765342592902e-06
80,13,1,61,D:\Skripsi\Experiment\data\raw\RGB2\S13\AC1\RGB2_SUB13ACT1F61.jpg,0,0,1.355718040940701e-06
81,13,1,76,D:\Skripsi\Experiment\data\raw\RGB2\S13\AC1\RGB2_SUB13ACT1F76.jpg,0,0,1.0302603641321184e-06
82,13,1,91,D:\Skripsi\Experiment\data\raw\RGB2\S13\AC1\RGB2_SUB13ACT1F91.jpg,0,0,6.117205657574232e-07
83,13,5,1,D:\Skripsi\Experiment\data\raw\RGB2\S13\AC5\RGB2_SUB13ACT5F1.jpg,1,1,0.9999685287475586
84,13,5,106,D:\Skripsi\Experiment\data\raw\RGB2\S13\AC5\RGB2_SUB13ACT5F106.jpg,1,1,0.9998899698257446
85,13,5,121,D:\Skripsi\Experiment\data\raw\RGB2\S13\AC5\RGB2_SUB13ACT5F121.jpg,1,1,0.9999328851699829
86,13,5,16,D:\Skripsi\Experiment\data\raw\RGB2\S13\AC5\RGB2_SUB13ACT5F16.jpg,1,1,0.9989149570465088
87,13,5,31,D:\Skripsi\Experiment\data\raw\RGB2\S13\AC5\RGB2_SUB13ACT5F31.jpg,1,1,0.9988406300544739
88,13,5,46,D:\Skripsi\Experiment\data\raw\RGB2\S13\AC5\RGB2_SUB13ACT5F46.jpg,1,1,0.9985376596450806
89,13,5,61,D:\Skripsi\Experiment\data\raw\RGB2\S13\AC5\RGB2_SUB13ACT5F61.jpg,1,1,0.9995191097259521
90,13,5,76,D:\Skripsi\Experiment\data\raw\RGB2\S13\AC5\RGB2_SUB13ACT5F76.jpg,1,1,0.9993582367897034
91,13,5,91,D:\Skripsi\Experiment\data\raw\RGB2\S13\AC5\RGB2_SUB13ACT5F91.jpg,1,1,0.9990027546882629
92,13,6,1,D:\Skripsi\Experiment\data\raw\RGB2\S13\AC6\RGB2_SUB13ACT6F1.jpg,1,1,0.9993565678596497
93,13,6,106,D:\Skripsi\Experiment\data\raw\RGB2\S13\AC6\RGB2_SUB13ACT6F106.jpg,1,1,0.9996651411056519
94,13,6,16,D:\Skripsi\Experiment\data\raw\RGB2\S13\AC6\RGB2_SUB13ACT6F16.jpg,1,1,0.9997063279151917
95,13,6,31,D:\Skripsi\Experiment\data\raw\RGB2\S13\AC6\RGB2_SUB13ACT6F31.jpg,1,1,0.9999189376831055
96,13,6,46,D:\Skripsi\Experiment\data\raw\RGB2\S13\AC6\RGB2_SUB13ACT6F46.jpg,1,1,0.9999614953994751
97,13,6,61,D:\Skripsi\Experiment\data\raw\RGB2\S13\AC6\RGB2_SUB13ACT6F61.jpg,1,1,0.9998630285263062
98,13,6,76,D:\Skripsi\Experiment\data\raw\RGB2\S13\AC6\RGB2_SUB13ACT6F76.jpg,1,1,0.9999796152114868
99,13,6,91,D:\Skripsi\Experiment\data\raw\RGB2\S13\AC6\RGB2_SUB13ACT6F91.jpg,1,1,0.9997760653495789
100,13,7,1,D:\Skripsi\Experiment\data\raw\RGB2\S13\AC7\RGB2_SUB13ACT7F1.jpg,1,1,0.9995256662368774
101,13,7,106,D:\Skripsi\Experiment\data\raw\RGB2\S13\AC7\RGB2_SUB13ACT7F106.jpg,1,1,0.9979515671730042
102,13,7,121,D:\Skripsi\Experiment\data\raw\RGB2\S13\AC7\RGB2_SUB13ACT7F121.jpg,1,1,0.9973325729370117
103,13,7,136,D:\Skripsi\Experiment\data\raw\RGB2\S13\AC7\RGB2_SUB13ACT7F136.jpg,1,1,0.9996410608291626
104,13,7,16,D:\Skripsi\Experiment\data\raw\RGB2\S13\AC7\RGB2_SUB13ACT7F16.jpg,1,1,0.9998730421066284
105,13,7,31,D:\Skripsi\Experiment\data\raw\RGB2\S13\AC7\RGB2_SUB13ACT7F31.jpg,1,1,0.9997100234031677
106,13,7,46,D:\Skripsi\Experiment\data\raw\RGB2\S13\AC7\RGB2_SUB13ACT7F46.jpg,1,1,0.9993680119514465
107,13,7,61,D:\Skripsi\Experiment\data\raw\RGB2\S13\AC7\RGB2_SUB13ACT7F61.jpg,1,1,0.9984616041183472
108,13,7,76,D:\Skripsi\Experiment\data\raw\RGB2\S13\AC7\RGB2_SUB13ACT7F76.jpg,1,1,0.9995837807655334
109,13,7,91,D:\Skripsi\Experiment\data\raw\RGB2\S13\AC7\RGB2_SUB13ACT7F91.jpg,1,1,0.9999487400054932
110,13,8,1,D:\Skripsi\Experiment\data\raw\RGB2\S13\AC8\RGB2_SUB13ACT8F1.jpg,1,1,0.9999053478240967
111,13,8,106,D:\Skripsi\Experiment\data\raw\RGB2\S13\AC8\RGB2_SUB13ACT8F106.jpg,1,1,0.9996742010116577
112,13,8,121,D:\Skripsi\Experiment\data\raw\RGB2\S13\AC8\RGB2_SUB13ACT8F121.jpg,1,1,0.9997642636299133
113,13,8,136,D:\Skripsi\Experiment\data\raw\RGB2\S13\AC8\RGB2_SUB13ACT8F136.jpg,1,1,0.9995225667953491
114,13,8,16,D:\Skripsi\Experiment\data\raw\RGB2\S13\AC8\RGB2_SUB13ACT8F16.jpg,1,1,0.9991102814674377
115,13,8,31,D:\Skripsi\Experiment\data\raw\RGB2\S13\AC8\RGB2_SUB13ACT8F31.jpg,1,1,0.996565043926239
116,13,8,46,D:\Skripsi\Experiment\data\raw\RGB2\S13\AC8\RGB2_SUB13ACT8F46.jpg,1,1,0.9999823570251465
117,13,8,61,D:\Skripsi\Experiment\data\raw\RGB2\S13\AC8\RGB2_SUB13ACT8F61.jpg,1,1,0.9999228715896606
118,13,8,76,D:\Skripsi\Experiment\data\raw\RGB2\S13\AC8\RGB2_SUB13ACT8F76.jpg,1,1,0.999632716178894
119,13,8,91,D:\Skripsi\Experiment\data\raw\RGB2\S13\AC8\RGB2_SUB13ACT8F91.jpg,1,1,0.9997788071632385
120,13,9,1,D:\Skripsi\Experiment\data\raw\RGB2\S13\AC9\RGB2_SUB13ACT9F1.jpg,1,1,0.9971193075180054
121,13,9,106,D:\Skripsi\Experiment\data\raw\RGB2\S13\AC9\RGB2_SUB13ACT9F106.jpg,1,1,0.9992018342018127
122,13,9,121,D:\Skripsi\Experiment\data\raw\RGB2\S13\AC9\RGB2_SUB13ACT9F121.jpg,1,1,0.9999788999557495
123,13,9,136,D:\Skripsi\Experiment\data\raw\RGB2\S13\AC9\RGB2_SUB13ACT9F136.jpg,1,1,0.9905891418457031
124,13,9,151,D:\Skripsi\Experiment\data\raw\RGB2\S13\AC9\RGB2_SUB13ACT9F151.jpg,1,1,0.9996656179428101
125,13,9,16,D:\Skripsi\Experiment\data\raw\RGB2\S13\AC9\RGB2_SUB13ACT9F16.jpg,1,1,0.9981831908226013
126,13,9,166,D:\Skripsi\Experiment\data\raw\RGB2\S13\AC9\RGB2_SUB13ACT9F166.jpg,1,1,0.9998972415924072
127,13,9,181,D:\Skripsi\Experiment\data\raw\RGB2\S13\AC9\RGB2_SUB13ACT9F181.jpg,1,1,0.9998778104782104
128,13,9,31,D:\Skripsi\Experiment\data\raw\RGB2\S13\AC9\RGB2_SUB13ACT9F31.jpg,1,1,0.9998853206634521
129,13,9,46,D:\Skripsi\Experiment\data\raw\RGB2\S13\AC9\RGB2_SUB13ACT9F46.jpg,1,1,0.9999572038650513
130,13,9,61,D:\Skripsi\Experiment\data\raw\RGB2\S13\AC9\RGB2_SUB13ACT9F61.jpg,1,1,0.9999518394470215
131,13,9,76,D:\Skripsi\Experiment\data\raw\RGB2\S13\AC9\RGB2_SUB13ACT9F76.jpg,1,1,0.9995775818824768
132,13,9,91,D:\Skripsi\Experiment\data\raw\RGB2\S13\AC9\RGB2_SUB13ACT9F91.jpg,1,1,0.9998296499252319
133,14,1,1,D:\Skripsi\Experiment\data\raw\RGB2\S14\AC1\RGB2_SUB14ACT1F1.jpg,0,0,3.359429319971241e-05
134,14,1,106,D:\Skripsi\Experiment\data\raw\RGB2\S14\AC1\RGB2_SUB14ACT1F106.jpg,0,0,0.0008848525467328727
135,14,1,16,D:\Skripsi\Experiment\data\raw\RGB2\S14\AC1\RGB2_SUB14ACT1F16.jpg,0,0,0.0016173950862139463
136,14,1,31,D:\Skripsi\Experiment\data\raw\RGB2\S14\AC1\RGB2_SUB14ACT1F31.jpg,0,0,0.0003468731010798365
137,14,1,46,D:\Skripsi\Experiment\data\raw\RGB2\S14\AC1\RGB2_SUB14ACT1F46.jpg,0,0,2.6029465516330674e-05
138,14,1,61,D:\Skripsi\Experiment\data\raw\RGB2\S14\AC1\RGB2_SUB14ACT1F61.jpg,0,0,0.0005437738145701587
139,14,1,76,D:\Skripsi\Experiment\data\raw\RGB2\S14\AC1\RGB2_SUB14ACT1F76.jpg,0,0,0.00011268095840932801
140,14,1,91,D:\Skripsi\Experiment\data\raw\RGB2\S14\AC1\RGB2_SUB14ACT1F91.jpg,0,0,0.0012968062656000257
141,14,5,1,D:\Skripsi\Experiment\data\raw\RGB2\S14\AC5\RGB2_SUB14ACT5F1.jpg,1,1,0.9993840456008911
142,14,5,106,D:\Skripsi\Experiment\data\raw\RGB2\S14\AC5\RGB2_SUB14ACT5F106.jpg,1,1,0.9990025162696838
143,14,5,121,D:\Skripsi\Experiment\data\raw\RGB2\S14\AC5\RGB2_SUB14ACT5F121.jpg,1,1,0.9931358098983765
144,14,5,16,D:\Skripsi\Experiment\data\raw\RGB2\S14\AC5\RGB2_SUB14ACT5F16.jpg,1,1,0.9998624324798584
145,14,5,31,D:\Skripsi\Experiment\data\raw\RGB2\S14\AC5\RGB2_SUB14ACT5F31.jpg,1,1,0.9994912147521973
146,14,5,46,D:\Skripsi\Experiment\data\raw\RGB2\S14\AC5\RGB2_SUB14ACT5F46.jpg,1,1,0.9956315755844116
147,14,5,61,D:\Skripsi\Experiment\data\raw\RGB2\S14\AC5\RGB2_SUB14ACT5F61.jpg,1,1,0.9997904896736145
148,14,5,76,D:\Skripsi\Experiment\data\raw\RGB2\S14\AC5\RGB2_SUB14ACT5F76.jpg,1,1,0.9995666146278381
149,14,5,91,D:\Skripsi\Experiment\data\raw\RGB2\S14\AC5\RGB2_SUB14ACT5F91.jpg,1,1,0.9992666840553284
150,14,6,1,D:\Skripsi\Experiment\data\raw\RGB2\S14\AC6\RGB2_SUB14ACT6F1.jpg,1,1,0.9999287128448486
151,14,6,106,D:\Skripsi\Experiment\data\raw\RGB2\S14\AC6\RGB2_SUB14ACT6F106.jpg,1,1,0.9999377727508545
152,14,6,16,D:\Skripsi\Experiment\data\raw\RGB2\S14\AC6\RGB2_SUB14ACT6F16.jpg,1,1,0.9999971389770508
153,14,6,31,D:\Skripsi\Experiment\data\raw\RGB2\S14\AC6\RGB2_SUB14ACT6F31.jpg,1,1,0.998887836933136
154,14,6,46,D:\Skripsi\Experiment\data\raw\RGB2\S14\AC6\RGB2_SUB14ACT6F46.jpg,1,1,0.9997841715812683
155,14,6,61,D:\Skripsi\Experiment\data\raw\RGB2\S14\AC6\RGB2_SUB14ACT6F61.jpg,1,1,0.998079776763916
156,14,6,76,D:\Skripsi\Experiment\data\raw\RGB2\S14\AC6\RGB2_SUB14ACT6F76.jpg,1,1,0.9999434947967529
157,14,6,91,D:\Skripsi\Experiment\data\raw\RGB2\S14\AC6\RGB2_SUB14ACT6F91.jpg,1,1,0.9999563694000244
158,14,7,1,D:\Skripsi\Experiment\data\raw\RGB2\S14\AC7\RGB2_SUB14ACT7F1.jpg,1,1,0.9999635219573975
159,14,7,106,D:\Skripsi\Experiment\data\raw\RGB2\S14\AC7\RGB2_SUB14ACT7F106.jpg,1,1,0.9999579191207886
160,14,7,16,D:\Skripsi\Experiment\data\raw\RGB2\S14\AC7\RGB2_SUB14ACT7F16.jpg,1,1,0.999868631362915
161,14,7,31,D:\Skripsi\Experiment\data\raw\RGB2\S14\AC7\RGB2_SUB14ACT7F31.jpg,1,1,0.999921441078186
162,14,7,46,D:\Skripsi\Experiment\data\raw\RGB2\S14\AC7\RGB2_SUB14ACT7F46.jpg,1,1,0.9998784065246582
163,14,7,61,D:\Skripsi\Experiment\data\raw\RGB2\S14\AC7\RGB2_SUB14ACT7F61.jpg,1,1,0.9991710186004639
164,14,7,76,D:\Skripsi\Experiment\data\raw\RGB2\S14\AC7\RGB2_SUB14ACT7F76.jpg,1,1,0.9998438358306885
165,14,7,91,D:\Skripsi\Experiment\data\raw\RGB2\S14\AC7\RGB2_SUB14ACT7F91.jpg,1,1,0.9999731779098511
166,14,8,1,D:\Skripsi\Experiment\data\raw\RGB2\S14\AC8\RGB2_SUB14ACT8F1.jpg,1,1,0.9976121187210083
167,14,8,106,D:\Skripsi\Experiment\data\raw\RGB2\S14\AC8\RGB2_SUB14ACT8F106.jpg,1,1,0.9995835423469543
168,14,8,121,D:\Skripsi\Experiment\data\raw\RGB2\S14\AC8\RGB2_SUB14ACT8F121.jpg,1,1,0.99895179271698
169,14,8,136,D:\Skripsi\Experiment\data\raw\RGB2\S14\AC8\RGB2_SUB14ACT8F136.jpg,1,1,0.999748170375824
170,14,8,16,D:\Skripsi\Experiment\data\raw\RGB2\S14\AC8\RGB2_SUB14ACT8F16.jpg,1,1,0.9956543445587158
171,14,8,31,D:\Skripsi\Experiment\data\raw\RGB2\S14\AC8\RGB2_SUB14ACT8F31.jpg,1,1,0.9999035596847534
172,14,8,46,D:\Skripsi\Experiment\data\raw\RGB2\S14\AC8\RGB2_SUB14ACT8F46.jpg,1,1,0.9998905658721924
173,14,8,61,D:\Skripsi\Experiment\data\raw\RGB2\S14\AC8\RGB2_SUB14ACT8F61.jpg,1,1,0.9998067021369934
174,14,8,76,D:\Skripsi\Experiment\data\raw\RGB2\S14\AC8\RGB2_SUB14ACT8F76.jpg,1,1,0.9997397065162659
175,14,8,91,D:\Skripsi\Experiment\data\raw\RGB2\S14\AC8\RGB2_SUB14ACT8F91.jpg,1,1,0.9989275336265564
176,14,9,1,D:\Skripsi\Experiment\data\raw\RGB2\S14\AC9\RGB2_SUB14ACT9F1.jpg,1,1,0.9996435642242432
177,14,9,106,D:\Skripsi\Experiment\data\raw\RGB2\S14\AC9\RGB2_SUB14ACT9F106.jpg,1,1,0.9998288154602051
178,14,9,121,D:\Skripsi\Experiment\data\raw\RGB2\S14\AC9\RGB2_SUB14ACT9F121.jpg,1,1,0.9997802376747131
179,14,9,136,D:\Skripsi\Experiment\data\raw\RGB2\S14\AC9\RGB2_SUB14ACT9F136.jpg,1,1,0.999975323677063
180,14,9,16,D:\Skripsi\Experiment\data\raw\RGB2\S14\AC9\RGB2_SUB14ACT9F16.jpg,1,1,0.9996455907821655
181,14,9,31,D:\Skripsi\Experiment\data\raw\RGB2\S14\AC9\RGB2_SUB14ACT9F31.jpg,1,1,0.9993211030960083
182,14,9,46,D:\Skripsi\Experiment\data\raw\RGB2\S14\AC9\RGB2_SUB14ACT9F46.jpg,1,1,0.9984330534934998
183,14,9,61,D:\Skripsi\Experiment\data\raw\RGB2\S14\AC9\RGB2_SUB14ACT9F61.jpg,1,1,0.999945878982544
184,14,9,76,D:\Skripsi\Experiment\data\raw\RGB2\S14\AC9\RGB2_SUB14ACT9F76.jpg,1,1,0.9999845027923584
185,14,9,91,D:\Skripsi\Experiment\data\raw\RGB2\S14\AC9\RGB2_SUB14ACT9F91.jpg,1,1,0.9997627139091492
186,16,1,1,D:\Skripsi\Experiment\data\raw\RGB2\S16\AC1\RGB2_SUB16ACT1F1.jpg,0,0,0.0003473123942967504
187,16,1,106,D:\Skripsi\Experiment\data\raw\RGB2\S16\AC1\RGB2_SUB16ACT1F106.jpg,0,0,0.0001803778432076797
188,16,1,121,D:\Skripsi\Experiment\data\raw\RGB2\S16\AC1\RGB2_SUB16ACT1F121.jpg,0,0,1.3457514569381601e-06
189,16,1,16,D:\Skripsi\Experiment\data\raw\RGB2\S16\AC1\RGB2_SUB16ACT1F16.jpg,0,0,4.673992225434631e-05
190,16,1,31,D:\Skripsi\Experiment\data\raw\RGB2\S16\AC1\RGB2_SUB16ACT1F31.jpg,0,0,1.2908418284496292e-05
191,16,1,46,D:\Skripsi\Experiment\data\raw\RGB2\S16\AC1\RGB2_SUB16ACT1F46.jpg,0,0,0.00011688868107739836
192,16,1,61,D:\Skripsi\Experiment\data\raw\RGB2\S16\AC1\RGB2_SUB16ACT1F61.jpg,0,0,0.0005785715766251087
193,16,1,76,D:\Skripsi\Experiment\data\raw\RGB2\S16\AC1\RGB2_SUB16ACT1F76.jpg,0,0,3.704058599396376e-06
194,16,1,91,D:\Skripsi\Experiment\data\raw\RGB2\S16\AC1\RGB2_SUB16ACT1F91.jpg,0,0,4.053824886796065e-05
195,16,5,1,D:\Skripsi\Experiment\data\raw\RGB2\S16\AC5\RGB2_SUB16ACT5F1.jpg,1,1,0.9999839067459106
196,16,5,106,D:\Skripsi\Experiment\data\raw\RGB2\S16\AC5\RGB2_SUB16ACT5F106.jpg,1,1,0.9995515942573547
197,16,5,16,D:\Skripsi\Experiment\data\raw\RGB2\S16\AC5\RGB2_SUB16ACT5F16.jpg,1,1,0.9945847392082214
198,16,5,31,D:\Skripsi\Experiment\data\raw\RGB2\S16\AC5\RGB2_SUB16ACT5F31.jpg,1,1,0.999942421913147
199,16,5,46,D:\Skripsi\Experiment\data\raw\RGB2\S16\AC5\RGB2_SUB16ACT5F46.jpg,1,1,0.9988455772399902
200,16,5,61,D:\Skripsi\Experiment\data\raw\RGB2\S16\AC5\RGB2_SUB16ACT5F61.jpg,1,1,0.9997628331184387
201,16,5,76,D:\Skripsi\Experiment\data\raw\RGB2\S16\AC5\RGB2_SUB16ACT5F76.jpg,1,1,0.9999392032623291
202,16,5,91,D:\Skripsi\Experiment\data\raw\RGB2\S16\AC5\RGB2_SUB16ACT5F91.jpg,1,1,0.999902606010437
203,16,6,1,D:\Skripsi\Experiment\data\raw\RGB2\S16\AC6\RGB2_SUB16ACT6F1.jpg,1,1,0.999993085861206
204,16,6,106,D:\Skripsi\Experiment\data\raw\RGB2\S16\AC6\RGB2_SUB16ACT6F106.jpg,1,1,0.999942421913147
205,16,6,16,D:\Skripsi\Experiment\data\raw\RGB2\S16\AC6\RGB2_SUB16ACT6F16.jpg,1,1,0.9988963603973389
206,16,6,31,D:\Skripsi\Experiment\data\raw\RGB2\S16\AC6\RGB2_SUB16ACT6F31.jpg,1,1,0.9997250437736511
207,16,6,46,D:\Skripsi\Experiment\data\raw\RGB2\S16\AC6\RGB2_SUB16ACT6F46.jpg,1,1,0.999947190284729
208,16,6,61,D:\Skripsi\Experiment\data\raw\RGB2\S16\AC6\RGB2_SUB16ACT6F61.jpg,1,1,0.9999337196350098
209,16,6,76,D:\Skripsi\Experiment\data\raw\RGB2\S16\AC6\RGB2_SUB16ACT6F76.jpg,1,1,0.9999243021011353
210,16,6,91,D:\Skripsi\Experiment\data\raw\RGB2\S16\AC6\RGB2_SUB16ACT6F91.jpg,1,1,0.9999914169311523
211,16,7,1,D:\Skripsi\Experiment\data\raw\RGB2\S16\AC7\RGB2_SUB16ACT7F1.jpg,1,1,0.999993085861206
212,16,7,106,D:\Skripsi\Experiment\data\raw\RGB2\S16\AC7\RGB2_SUB16ACT7F106.jpg,1,1,0.9999251365661621
213,16,7,121,D:\Skripsi\Experiment\data\raw\RGB2\S16\AC7\RGB2_SUB16ACT7F121.jpg,1,1,0.9943299293518066
214,16,7,16,D:\Skripsi\Experiment\data\raw\RGB2\S16\AC7\RGB2_SUB16ACT7F16.jpg,1,1,0.999562680721283
215,16,7,31,D:\Skripsi\Experiment\data\raw\RGB2\S16\AC7\RGB2_SUB16ACT7F31.jpg,1,1,0.9999960660934448
216,16,7,46,D:\Skripsi\Experiment\data\raw\RGB2\S16\AC7\RGB2_SUB16ACT7F46.jpg,1,1,0.9999568462371826
217,16,7,61,D:\Skripsi\Experiment\data\raw\RGB2\S16\AC7\RGB2_SUB16ACT7F61.jpg,1,1,0.9995731711387634
218,16,7,76,D:\Skripsi\Experiment\data\raw\RGB2\S16\AC7\RGB2_SUB16ACT7F76.jpg,1,1,0.9998719692230225
219,16,7,91,D:\Skripsi\Experiment\data\raw\RGB2\S16\AC7\RGB2_SUB16ACT7F91.jpg,1,1,0.9998860359191895
220,16,8,1,D:\Skripsi\Experiment\data\raw\RGB2\S16\AC8\RGB2_SUB16ACT8F1.jpg,1,1,0.9992152452468872
221,16,8,106,D:\Skripsi\Experiment\data\raw\RGB2\S16\AC8\RGB2_SUB16ACT8F106.jpg,1,1,0.9995951056480408
222,16,8,121,D:\Skripsi\Experiment\data\raw\RGB2\S16\AC8\RGB2_SUB16ACT8F121.jpg,1,1,0.9946624636650085
223,16,8,16,D:\Skripsi\Experiment\data\raw\RGB2\S16\AC8\RGB2_SUB16ACT8F16.jpg,1,1,0.9903771281242371
224,16,8,31,D:\Skripsi\Experiment\data\raw\RGB2\S16\AC8\RGB2_SUB16ACT8F31.jpg,1,1,0.9999595880508423
225,16,8,46,D:\Skripsi\Experiment\data\raw\RGB2\S16\AC8\RGB2_SUB16ACT8F46.jpg,1,1,0.9992262125015259
226,16,8,61,D:\Skripsi\Experiment\data\raw\RGB2\S16\AC8\RGB2_SUB16ACT8F61.jpg,1,1,0.9962781071662903
227,16,8,76,D:\Skripsi\Experiment\data\raw\RGB2\S16\AC8\RGB2_SUB16ACT8F76.jpg,1,1,0.9986520409584045
228,16,8,91,D:\Skripsi\Experiment\data\raw\RGB2\S16\AC8\RGB2_SUB16ACT8F91.jpg,1,1,0.998200535774231
229,16,9,1,D:\Skripsi\Experiment\data\raw\RGB2\S16\AC9\RGB2_SUB16ACT9F1.jpg,1,1,0.9999474287033081
230,16,9,106,D:\Skripsi\Experiment\data\raw\RGB2\S16\AC9\RGB2_SUB16ACT9F106.jpg,1,1,0.9994065761566162
231,16,9,121,D:\Skripsi\Experiment\data\raw\RGB2\S16\AC9\RGB2_SUB16ACT9F121.jpg,1,1,0.9995823502540588
232,16,9,16,D:\Skripsi\Experiment\data\raw\RGB2\S16\AC9\RGB2_SUB16ACT9F16.jpg,1,1,0.9995278120040894
233,16,9,31,D:\Skripsi\Experiment\data\raw\RGB2\S16\AC9\RGB2_SUB16ACT9F31.jpg,1,1,0.9999165534973145
234,16,9,46,D:\Skripsi\Experiment\data\raw\RGB2\S16\AC9\RGB2_SUB16ACT9F46.jpg,1,1,0.9984225034713745
235,16,9,61,D:\Skripsi\Experiment\data\raw\RGB2\S16\AC9\RGB2_SUB16ACT9F61.jpg,1,1,0.9997431635856628
236,16,9,76,D:\Skripsi\Experiment\data\raw\RGB2\S16\AC9\RGB2_SUB16ACT9F76.jpg,1,1,0.9918436408042908
237,16,9,91,D:\Skripsi\Experiment\data\raw\RGB2\S16\AC9\RGB2_SUB16ACT9F91.jpg,1,1,0.99955815076828
238,18,1,1,D:\Skripsi\Experiment\data\raw\RGB2\S18\AC1\RGB2_SUB18ACT1F1.jpg,0,0,0.0005726818926632404
239,18,1,106,D:\Skripsi\Experiment\data\raw\RGB2\S18\AC1\RGB2_SUB18ACT1F106.jpg,0,0,9.765272261574864e-05
240,18,1,121,D:\Skripsi\Experiment\data\raw\RGB2\S18\AC1\RGB2_SUB18ACT1F121.jpg,0,0,3.5376859159441665e-05
241,18,1,136,D:\Skripsi\Experiment\data\raw\RGB2\S18\AC1\RGB2_SUB18ACT1F136.jpg,0,0,0.0007886126404628158
242,18,1,16,D:\Skripsi\Experiment\data\raw\RGB2\S18\AC1\RGB2_SUB18ACT1F16.jpg,0,0,3.649558493634686e-05
243,18,1,31,D:\Skripsi\Experiment\data\raw\RGB2\S18\AC1\RGB2_SUB18ACT1F31.jpg,0,0,2.9289839176271926e-07
244,18,1,46,D:\Skripsi\Experiment\data\raw\RGB2\S18\AC1\RGB2_SUB18ACT1F46.jpg,0,0,1.153911512119521e-06
245,18,1,61,D:\Skripsi\Experiment\data\raw\RGB2\S18\AC1\RGB2_SUB18ACT1F61.jpg,0,0,5.733385478379205e-06
246,18,1,76,D:\Skripsi\Experiment\data\raw\RGB2\S18\AC1\RGB2_SUB18ACT1F76.jpg,0,0,9.494187906966545e-06
247,18,1,91,D:\Skripsi\Experiment\data\raw\RGB2\S18\AC1\RGB2_SUB18ACT1F91.jpg,0,0,2.8453293907659827e-06
248,18,5,1,D:\Skripsi\Experiment\data\raw\RGB2\S18\AC5\RGB2_SUB18ACT5F1.jpg,1,1,0.9995504021644592
249,18,5,106,D:\Skripsi\Experiment\data\raw\RGB2\S18\AC5\RGB2_SUB18ACT5F106.jpg,1,1,0.9997027516365051
250,18,5,121,D:\Skripsi\Experiment\data\raw\RGB2\S18\AC5\RGB2_SUB18ACT5F121.jpg,1,1,0.9998965263366699
251,18,5,136,D:\Skripsi\Experiment\data\raw\RGB2\S18\AC5\RGB2_SUB18ACT5F136.jpg,1,1,0.9999682903289795
252,18,5,151,D:\Skripsi\Experiment\data\raw\RGB2\S18\AC5\RGB2_SUB18ACT5F151.jpg,1,1,0.9999884366989136
253,18,5,16,D:\Skripsi\Experiment\data\raw\RGB2\S18\AC5\RGB2_SUB18ACT5F16.jpg,1,1,0.9998469352722168
254,18,5,31,D:\Skripsi\Experiment\data\raw\RGB2\S18\AC5\RGB2_SUB18ACT5F31.jpg,1,1,0.999951958656311
255,18,5,46,D:\Skripsi\Experiment\data\raw\RGB2\S18\AC5\RGB2_SUB18ACT5F46.jpg,1,1,0.9999105930328369
256,18,5,61,D:\Skripsi\Experiment\data\raw\RGB2\S18\AC5\RGB2_SUB18ACT5F61.jpg,1,1,0.9998821020126343
257,18,5,76,D:\Skripsi\Experiment\data\raw\RGB2\S18\AC5\RGB2_SUB18ACT5F76.jpg,1,1,0.999924898147583
258,18,5,91,D:\Skripsi\Experiment\data\raw\RGB2\S18\AC5\RGB2_SUB18ACT5F91.jpg,1,1,0.9999179840087891
259,18,6,1,D:\Skripsi\Experiment\data\raw\RGB2\S18\AC6\RGB2_SUB18ACT6F1.jpg,1,1,0.9999054670333862
260,18,6,106,D:\Skripsi\Experiment\data\raw\RGB2\S18\AC6\RGB2_SUB18ACT6F106.jpg,1,1,0.9994400143623352
261,18,6,121,D:\Skripsi\Experiment\data\raw\RGB2\S18\AC6\RGB2_SUB18ACT6F121.jpg,1,1,0.9979374408721924
262,18,6,136,D:\Skripsi\Experiment\data\raw\RGB2\S18\AC6\RGB2_SUB18ACT6F136.jpg,1,1,0.9959132075309753
263,18,6,151,D:\Skripsi\Experiment\data\raw\RGB2\S18\AC6\RGB2_SUB18ACT6F151.jpg,1,1,0.9983699917793274
264,18,6,16,D:\Skripsi\Experiment\data\raw\RGB2\S18\AC6\RGB2_SUB18ACT6F16.jpg,1,1,0.9998481273651123
265,18,6,31,D:\Skripsi\Experiment\data\raw\RGB2\S18\AC6\RGB2_SUB18ACT6F31.jpg,1,1,0.9998887777328491
266,18,6,46,D:\Skripsi\Experiment\data\raw\RGB2\S18\AC6\RGB2_SUB18ACT6F46.jpg,1,1,0.9998379945755005
267,18,6,61,D:\Skripsi\Experiment\data\raw\RGB2\S18\AC6\RGB2_SUB18ACT6F61.jpg,1,1,0.9999812841415405
268,18,6,76,D:\Skripsi\Experiment\data\raw\RGB2\S18\AC6\RGB2_SUB18ACT6F76.jpg,1,1,0.9999102354049683
269,18,6,91,D:\Skripsi\Experiment\data\raw\RGB2\S18\AC6\RGB2_SUB18ACT6F91.jpg,1,1,0.9997918009757996
270,18,7,1,D:\Skripsi\Experiment\data\raw\RGB2\S18\AC7\RGB2_SUB18ACT7F1.jpg,1,1,0.9989522695541382
271,18,7,106,D:\Skripsi\Experiment\data\raw\RGB2\S18\AC7\RGB2_SUB18ACT7F106.jpg,1,1,0.999854326248169
272,18,7,121,D:\Skripsi\Experiment\data\raw\RGB2\S18\AC7\RGB2_SUB18ACT7F121.jpg,1,1,0.9999392032623291
273,18,7,136,D:\Skripsi\Experiment\data\raw\RGB2\S18\AC7\RGB2_SUB18ACT7F136.jpg,1,1,0.9996190071105957
274,18,7,151,D:\Skripsi\Experiment\data\raw\RGB2\S18\AC7\RGB2_SUB18ACT7F151.jpg,1,1,0.9998378753662109
275,18,7,16,D:\Skripsi\Experiment\data\raw\RGB2\S18\AC7\RGB2_SUB18ACT7F16.jpg,1,1,0.9997698664665222
276,18,7,166,D:\Skripsi\Experiment\data\raw\RGB2\S18\AC7\RGB2_SUB18ACT7F166.jpg,1,1,0.9999690055847168
277,18,7,181,D:\Skripsi\Experiment\data\raw\RGB2\S18\AC7\RGB2_SUB18ACT7F181.jpg,1,1,0.9999198913574219
278,18,7,31,D:\Skripsi\Experiment\data\raw\RGB2\S18\AC7\RGB2_SUB18ACT7F31.jpg,1,1,0.9999598264694214
279,18,7,46,D:\Skripsi\Experiment\data\raw\RGB2\S18\AC7\RGB2_SUB18ACT7F46.jpg,1,1,0.9997482895851135
280,18,7,61,D:\Skripsi\Experiment\data\raw\RGB2\S18\AC7\RGB2_SUB18ACT7F61.jpg,1,1,0.9997454285621643
281,18,7,76,D:\Skripsi\Experiment\data\raw\RGB2\S18\AC7\RGB2_SUB18ACT7F76.jpg,1,1,0.9984207153320312
282,18,7,91,D:\Skripsi\Experiment\data\raw\RGB2\S18\AC7\RGB2_SUB18ACT7F91.jpg,1,1,0.9999808073043823
283,18,8,1,D:\Skripsi\Experiment\data\raw\RGB2\S18\AC8\RGB2_SUB18ACT8F1.jpg,1,1,0.9999314546585083
284,18,8,106,D:\Skripsi\Experiment\data\raw\RGB2\S18\AC8\RGB2_SUB18ACT8F106.jpg,1,1,0.9997751116752625
285,18,8,121,D:\Skripsi\Experiment\data\raw\RGB2\S18\AC8\RGB2_SUB18ACT8F121.jpg,1,1,0.9997621178627014
286,18,8,136,D:\Skripsi\Experiment\data\raw\RGB2\S18\AC8\RGB2_SUB18ACT8F136.jpg,1,1,0.9997188448905945
287,18,8,151,D:\Skripsi\Experiment\data\raw\RGB2\S18\AC8\RGB2_SUB18ACT8F151.jpg,1,1,0.9975584745407104
288,18,8,16,D:\Skripsi\Experiment\data\raw\RGB2\S18\AC8\RGB2_SUB18ACT8F16.jpg,1,1,0.9998694658279419
289,18,8,166,D:\Skripsi\Experiment\data\raw\RGB2\S18\AC8\RGB2_SUB18ACT8F166.jpg,1,1,0.9995162487030029
290,18,8,181,D:\Skripsi\Experiment\data\raw\RGB2\S18\AC8\RGB2_SUB18ACT8F181.jpg,1,1,0.9963591694831848
291,18,8,196,D:\Skripsi\Experiment\data\raw\RGB2\S18\AC8\RGB2_SUB18ACT8F196.jpg,1,1,0.9998538494110107
292,18,8,211,D:\Skripsi\Experiment\data\raw\RGB2\S18\AC8\RGB2_SUB18ACT8F211.jpg,1,1,0.9999107122421265
293,18,8,31,D:\Skripsi\Experiment\data\raw\RGB2\S18\AC8\RGB2_SUB18ACT8F31.jpg,1,1,0.9990321397781372
294,18,8,46,D:\Skripsi\Experiment\data\raw\RGB2\S18\AC8\RGB2_SUB18ACT8F46.jpg,1,1,0.9991365075111389
295,18,8,61,D:\Skripsi\Experiment\data\raw\RGB2\S18\AC8\RGB2_SUB18ACT8F61.jpg,1,1,0.9997847676277161
296,18,8,76,D:\Skripsi\Experiment\data\raw\RGB2\S18\AC8\RGB2_SUB18ACT8F76.jpg,1,1,0.9999771118164062
297,18,8,91,D:\Skripsi\Experiment\data\raw\RGB2\S18\AC8\RGB2_SUB18ACT8F91.jpg,1,1,0.9999356269836426
298,18,9,1,D:\Skripsi\Experiment\data\raw\RGB2\S18\AC9\RGB2_SUB18ACT9F1.jpg,1,1,0.9994493126869202
299,18,9,106,D:\Skripsi\Experiment\data\raw\RGB2\S18\AC9\RGB2_SUB18ACT9F106.jpg,1,1,0.9989142417907715
300,18,9,121,D:\Skripsi\Experiment\data\raw\RGB2\S18\AC9\RGB2_SUB18ACT9F121.jpg,1,1,0.9981993436813354
301,18,9,136,D:\Skripsi\Experiment\data\raw\RGB2\S18\AC9\RGB2_SUB18ACT9F136.jpg,1,1,0.9999316930770874
302,18,9,151,D:\Skripsi\Experiment\data\raw\RGB2\S18\AC9\RGB2_SUB18ACT9F151.jpg,1,1,0.9999854564666748
303,18,9,16,D:\Skripsi\Experiment\data\raw\RGB2\S18\AC9\RGB2_SUB18ACT9F16.jpg,1,1,0.9992214441299438
304,18,9,31,D:\Skripsi\Experiment\data\raw\RGB2\S18\AC9\RGB2_SUB18ACT9F31.jpg,1,1,0.9998506307601929
305,18,9,46,D:\Skripsi\Experiment\data\raw\RGB2\S18\AC9\RGB2_SUB18ACT9F46.jpg,1,1,0.9999685287475586
306,18,9,61,D:\Skripsi\Experiment\data\raw\RGB2\S18\AC9\RGB2_SUB18ACT9F61.jpg,1,1,0.9985194802284241
307,18,9,76,D:\Skripsi\Experiment\data\raw\RGB2\S18\AC9\RGB2_SUB18ACT9F76.jpg,1,1,0.9987332224845886
308,18,9,91,D:\Skripsi\Experiment\data\raw\RGB2\S18\AC9\RGB2_SUB18ACT9F91.jpg,1,1,0.9999839067459106
309,19,1,1,D:\Skripsi\Experiment\data\raw\RGB2\S19\AC1\RGB2_SUB19ACT1F1.jpg,0,0,9.293265975429676e-06
310,19,1,106,D:\Skripsi\Experiment\data\raw\RGB2\S19\AC1\RGB2_SUB19ACT1F106.jpg,0,0,2.268775278935209e-05
311,19,1,121,D:\Skripsi\Experiment\data\raw\RGB2\S19\AC1\RGB2_SUB19ACT1F121.jpg,0,0,0.0006092959665693343
312,19,1,16,D:\Skripsi\Experiment\data\raw\RGB2\S19\AC1\RGB2_SUB19ACT1F16.jpg,0,0,0.0007825818611308932
313,19,1,31,D:\Skripsi\Experiment\data\raw\RGB2\S19\AC1\RGB2_SUB19ACT1F31.jpg,0,0,0.0007078784401528537
314,19,1,46,D:\Skripsi\Experiment\data\raw\RGB2\S19\AC1\RGB2_SUB19ACT1F46.jpg,0,0,5.496192170539871e-05
315,19,1,61,D:\Skripsi\Experiment\data\raw\RGB2\S19\AC1\RGB2_SUB19ACT1F61.jpg,0,0,0.0004178364179097116
316,19,1,76,D:\Skripsi\Experiment\data\raw\RGB2\S19\AC1\RGB2_SUB19ACT1F76.jpg,0,0,0.000679082702845335
317,19,1,91,D:\Skripsi\Experiment\data\raw\RGB2\S19\AC1\RGB2_SUB19ACT1F91.jpg,0,0,0.00010579716035863385
318,19,5,1,D:\Skripsi\Experiment\data\raw\RGB2\S19\AC5\RGB2_SUB19ACT5F1.jpg,1,1,0.9999592304229736
319,19,5,106,D:\Skripsi\Experiment\data\raw\RGB2\S19\AC5\RGB2_SUB19ACT5F106.jpg,1,1,0.9996843338012695
320,19,5,16,D:\Skripsi\Experiment\data\raw\RGB2\S19\AC5\RGB2_SUB19ACT5F16.jpg,1,1,0.9997749924659729
321,19,5,31,D:\Skripsi\Experiment\data\raw\RGB2\S19\AC5\RGB2_SUB19ACT5F31.jpg,1,1,0.9999468326568604
322,19,5,46,D:\Skripsi\Experiment\data\raw\RGB2\S19\AC5\RGB2_SUB19ACT5F46.jpg,1,1,0.9998923540115356
323,19,5,61,D:\Skripsi\Experiment\data\raw\RGB2\S19\AC5\RGB2_SUB19ACT5F61.jpg,1,1,0.9999709129333496
324,19,5,76,D:\Skripsi\Experiment\data\raw\RGB2\S19\AC5\RGB2_SUB19ACT5F76.jpg,1,1,0.9999812841415405
325,19,5,91,D:\Skripsi\Experiment\data\raw\RGB2\S19\AC5\RGB2_SUB19ACT5F91.jpg,1,1,0.9999479055404663
326,19,6,1,D:\Skripsi\Experiment\data\raw\RGB2\S19\AC6\RGB2_SUB19ACT6F1.jpg,1,1,0.9991625547409058
327,19,6,106,D:\Skripsi\Experiment\data\raw\RGB2\S19\AC6\RGB2_SUB19ACT6F106.jpg,1,1,0.9981060028076172
328,19,6,121,D:\Skripsi\Experiment\data\raw\RGB2\S19\AC6\RGB2_SUB19ACT6F121.jpg,1,1,0.9933888912200928
329,19,6,16,D:\Skripsi\Experiment\data\raw\RGB2\S19\AC6\RGB2_SUB19ACT6F16.jpg,1,1,0.9997490048408508
330,19,6,31,D:\Skripsi\Experiment\data\raw\RGB2\S19\AC6\RGB2_SUB19ACT6F31.jpg,1,1,0.9916701316833496
331,19,6,46,D:\Skripsi\Experiment\data\raw\RGB2\S19\AC6\RGB2_SUB19ACT6F46.jpg,1,1,0.9976546764373779
332,19,6,61,D:\Skripsi\Experiment\data\raw\RGB2\S19\AC6\RGB2_SUB19ACT6F61.jpg,1,1,0.9990224838256836
333,19,6,76,D:\Skripsi\Experiment\data\raw\RGB2\S19\AC6\RGB2_SUB19ACT6F76.jpg,1,1,0.9968109726905823
334,19,6,91,D:\Skripsi\Experiment\data\raw\RGB2\S19\AC6\RGB2_SUB19ACT6F91.jpg,1,1,0.9994829893112183
335,19,7,1,D:\Skripsi\Experiment\data\raw\RGB2\S19\AC7\RGB2_SUB19ACT7F1.jpg,1,1,0.9969448447227478
336,19,7,106,D:\Skripsi\Experiment\data\raw\RGB2\S19\AC7\RGB2_SUB19ACT7F106.jpg,1,1,0.9997091889381409
337,19,7,121,D:\Skripsi\Experiment\data\raw\RGB2\S19\AC7\RGB2_SUB19ACT7F121.jpg,1,1,0.9999855756759644
338,19,7,136,D:\Skripsi\Experiment\data\raw\RGB2\S19\AC7\RGB2_SUB19ACT7F136.jpg,1,1,0.9999631643295288
339,19,7,16,D:\Skripsi\Experiment\data\raw\RGB2\S19\AC7\RGB2_SUB19ACT7F16.jpg,1,1,0.9999449253082275
340,19,7,31,D:\Skripsi\Experiment\data\raw\RGB2\S19\AC7\RGB2_SUB19ACT7F31.jpg,1,1,0.9999663829803467
341,19,7,46,D:\Skripsi\Experiment\data\raw\RGB2\S19\AC7\RGB2_SUB19ACT7F46.jpg,1,1,0.9999371767044067
342,19,7,61,D:\Skripsi\Experiment\data\raw\RGB2\S19\AC7\RGB2_SUB19ACT7F61.jpg,1,1,0.9993728995323181
343,19,7,76,D:\Skripsi\Experiment\data\raw\RGB2\S19\AC7\RGB2_SUB19ACT7F76.jpg,1,1,0.9999297857284546
344,19,7,91,D:\Skripsi\Experiment\data\raw\RGB2\S19\AC7\RGB2_SUB19ACT7F91.jpg,1,1,0.9997653365135193
345,19,8,1,D:\Skripsi\Experiment\data\raw\RGB2\S19\AC8\RGB2_SUB19ACT8F1.jpg,1,1,0.992572009563446
346,19,8,106,D:\Skripsi\Experiment\data\raw\RGB2\S19\AC8\RGB2_SUB19ACT8F106.jpg,1,1,0.9978273510932922
347,19,8,121,D:\Skripsi\Experiment\data\raw\RGB2\S19\AC8\RGB2_SUB19ACT8F121.jpg,1,1,0.9995521903038025
348,19,8,136,D:\Skripsi\Experiment\data\raw\RGB2\S19\AC8\RGB2_SUB19ACT8F136.jpg,1,1,0.9998142123222351
349,19,8,151,D:\Skripsi\Experiment\data\raw\RGB2\S19\AC8\RGB2_SUB19ACT8F151.jpg,1,1,0.9995167255401611
350,19,8,16,D:\Skripsi\Experiment\data\raw\RGB2\S19\AC8\RGB2_SUB19ACT8F16.jpg,1,1,0.9547257423400879
351,19,8,31,D:\Skripsi\Experiment\data\raw\RGB2\S19\AC8\RGB2_SUB19ACT8F31.jpg,1,1,0.9991872906684875
352,19,8,46,D:\Skripsi\Experiment\data\raw\RGB2\S19\AC8\RGB2_SUB19ACT8F46.jpg,1,1,0.9993051290512085
353,19,8,61,D:\Skripsi\Experiment\data\raw\RGB2\S19\AC8\RGB2_SUB19ACT8F61.jpg,1,1,0.9990158081054688
354,19,8,76,D:\Skripsi\Experiment\data\raw\RGB2\S19\AC8\RGB2_SUB19ACT8F76.jpg,1,1,0.995303750038147
355,19,8,91,D:\Skripsi\Experiment\data\raw\RGB2\S19\AC8\RGB2_SUB19ACT8F91.jpg,1,1,0.9972037076950073
356,19,9,1,D:\Skripsi\Experiment\data\raw\RGB2\S19\AC9\RGB2_SUB19ACT9F1.jpg,1,1,0.9933111667633057
357,19,9,16,D:\Skripsi\Experiment\data\raw\RGB2\S19\AC9\RGB2_SUB19ACT9F16.jpg,1,1,0.9993070363998413
358,19,9,31,D:\Skripsi\Experiment\data\raw\RGB2\S19\AC9\RGB2_SUB19ACT9F31.jpg,1,1,0.9981377124786377
359,19,9,46,D:\Skripsi\Experiment\data\raw\RGB2\S19\AC9\RGB2_SUB19ACT9F46.jpg,1,1,0.9997896552085876
360,19,9,61,D:\Skripsi\Experiment\data\raw\RGB2\S19\AC9\RGB2_SUB19ACT9F61.jpg,1,1,0.9992958307266235
361,19,9,76,D:\Skripsi\Experiment\data\raw\RGB2\S19\AC9\RGB2_SUB19ACT9F76.jpg,1,1,0.9996309280395508
362,19,9,91,D:\Skripsi\Experiment\data\raw\RGB2\S19\AC9\RGB2_SUB19ACT9F91.jpg,1,1,0.9999054670333862
363,23,1,1,D:\Skripsi\Experiment\data\raw\RGB2\S23\AC1\RGB2_SUB23ACT1F1.jpg,0,0,1.0397138794360217e-05
364,23,1,106,D:\Skripsi\Experiment\data\raw\RGB2\S23\AC1\RGB2_SUB23ACT1F106.jpg,0,0,1.8402675777906552e-05
365,23,1,121,D:\Skripsi\Experiment\data\raw\RGB2\S23\AC1\RGB2_SUB23ACT1F121.jpg,0,0,4.023312612844165e-06
366,23,1,136,D:\Skripsi\Experiment\data\raw\RGB2\S23\AC1\RGB2_SUB23ACT1F136.jpg,0,0,2.9551372790592723e-05
367,23,1,16,D:\Skripsi\Experiment\data\raw\RGB2\S23\AC1\RGB2_SUB23ACT1F16.jpg,0,0,2.197510730184149e-05
368,23,1,31,D:\Skripsi\Experiment\data\raw\RGB2\S23\AC1\RGB2_SUB23ACT1F31.jpg,0,0,8.214586159738246e-06
369,23,1,46,D:\Skripsi\Experiment\data\raw\RGB2\S23\AC1\RGB2_SUB23ACT1F46.jpg,0,0,2.2103531591710635e-06
370,23,1,61,D:\Skripsi\Experiment\data\raw\RGB2\S23\AC1\RGB2_SUB23ACT1F61.jpg,0,0,2.109750857925974e-05
371,23,1,76,D:\Skripsi\Experiment\data\raw\RGB2\S23\AC1\RGB2_SUB23ACT1F76.jpg,0,0,2.366141870879801e-06
372,23,1,91,D:\Skripsi\Experiment\data\raw\RGB2\S23\AC1\RGB2_SUB23ACT1F91.jpg,0,0,2.2180054202181054e-06
373,23,5,1,D:\Skripsi\Experiment\data\raw\RGB2\S23\AC5\RGB2_SUB23ACT5F1.jpg,1,1,0.9945607781410217
374,23,5,106,D:\Skripsi\Experiment\data\raw\RGB2\S23\AC5\RGB2_SUB23ACT5F106.jpg,1,1,0.9999151229858398
375,23,5,121,D:\Skripsi\Experiment\data\raw\RGB2\S23\AC5\RGB2_SUB23ACT5F121.jpg,1,1,0.9990608096122742
376,23,5,136,D:\Skripsi\Experiment\data\raw\RGB2\S23\AC5\RGB2_SUB23ACT5F136.jpg,1,1,0.9979224801063538
377,23,5,16,D:\Skripsi\Experiment\data\raw\RGB2\S23\AC5\RGB2_SUB23ACT5F16.jpg,1,1,0.9993010759353638
378,23,5,31,D:\Skripsi\Experiment\data\raw\RGB2\S23\AC5\RGB2_SUB23ACT5F31.jpg,1,1,0.9999310970306396
379,23,5,46,D:\Skripsi\Experiment\data\raw\RGB2\S23\AC5\RGB2_SUB23ACT5F46.jpg,1,1,0.999915599822998
380,23,5,61,D:\Skripsi\Experiment\data\raw\RGB2\S23\AC5\RGB2_SUB23ACT5F61.jpg,1,1,0.9999393224716187
381,23,5,76,D:\Skripsi\Experiment\data\raw\RGB2\S23\AC5\RGB2_SUB23ACT5F76.jpg,1,1,0.9998629093170166
382,23,5,91,D:\Skripsi\Experiment\data\raw\RGB2\S23\AC5\RGB2_SUB23ACT5F91.jpg,1,1,0.9999377727508545
383,23,6,1,D:\Skripsi\Experiment\data\raw\RGB2\S23\AC6\RGB2_SUB23ACT6F1.jpg,1,1,0.9991303086280823
384,23,6,106,D:\Skripsi\Experiment\data\raw\RGB2\S23\AC6\RGB2_SUB23ACT6F106.jpg,1,1,0.9999572038650513
385,23,6,121,D:\Skripsi\Experiment\data\raw\RGB2\S23\AC6\RGB2_SUB23ACT6F121.jpg,1,1,0.9955138564109802
386,23,6,16,D:\Skripsi\Experiment\data\raw\RGB2\S23\AC6\RGB2_SUB23ACT6F16.jpg,1,1,0.9989773035049438
387,23,6,31,D:\Skripsi\Experiment\data\raw\RGB2\S23\AC6\RGB2_SUB23ACT6F31.jpg,1,1,0.9998282194137573
388,23,6,46,D:\Skripsi\Experiment\data\raw\RGB2\S23\AC6\RGB2_SUB23ACT6F46.jpg,1,1,0.9974440336227417
389,23,6,61,D:\Skripsi\Experiment\data\raw\RGB2\S23\AC6\RGB2_SUB23ACT6F61.jpg,1,1,0.9999333620071411
390,23,6,76,D:\Skripsi\Experiment\data\raw\RGB2\S23\AC6\RGB2_SUB23ACT6F76.jpg,1,1,0.9956374764442444
391,23,6,91,D:\Skripsi\Experiment\data\raw\RGB2\S23\AC6\RGB2_SUB23ACT6F91.jpg,1,1,0.9996283054351807
392,23,7,1,D:\Skripsi\Experiment\data\raw\RGB2\S23\AC7\RGB2_SUB23ACT7F1.jpg,1,1,0.9998075366020203
393,23,7,106,D:\Skripsi\Experiment\data\raw\RGB2\S23\AC7\RGB2_SUB23ACT7F106.jpg,1,1,0.9997393488883972
394,23,7,121,D:\Skripsi\Experiment\data\raw\RGB2\S23\AC7\RGB2_SUB23ACT7F121.jpg,1,1,0.9998635053634644
395,23,7,136,D:\Skripsi\Experiment\data\raw\RGB2\S23\AC7\RGB2_SUB23ACT7F136.jpg,1,1,0.9999529123306274
396,23,7,16,D:\Skripsi\Experiment\data\raw\RGB2\S23\AC7\RGB2_SUB23ACT7F16.jpg,1,1,0.9999439716339111
397,23,7,31,D:\Skripsi\Experiment\data\raw\RGB2\S23\AC7\RGB2_SUB23ACT7F31.jpg,1,1,0.9993914365768433
398,23,7,46,D:\Skripsi\Experiment\data\raw\RGB2\S23\AC7\RGB2_SUB23ACT7F46.jpg,1,1,0.9972246885299683
399,23,7,61,D:\Skripsi\Experiment\data\raw\RGB2\S23\AC7\RGB2_SUB23ACT7F61.jpg,1,1,0.9992595314979553
400,23,7,76,D:\Skripsi\Experiment\data\raw\RGB2\S23\AC7\RGB2_SUB23ACT7F76.jpg,1,1,0.9990884065628052
401,23,7,91,D:\Skripsi\Experiment\data\raw\RGB2\S23\AC7\RGB2_SUB23ACT7F91.jpg,1,1,0.9982424974441528
402,23,8,1,D:\Skripsi\Experiment\data\raw\RGB2\S23\AC8\RGB2_SUB23ACT8F1.jpg,1,1,0.9999431371688843
403,23,8,106,D:\Skripsi\Experiment\data\raw\RGB2\S23\AC8\RGB2_SUB23ACT8F106.jpg,1,1,0.9994432330131531
404,23,8,121,D:\Skripsi\Experiment\data\raw\RGB2\S23\AC8\RGB2_SUB23ACT8F121.jpg,1,1,0.9999765157699585
405,23,8,136,D:\Skripsi\Experiment\data\raw\RGB2\S23\AC8\RGB2_SUB23ACT8F136.jpg,1,1,0.999957799911499
406,23,8,16,D:\Skripsi\Experiment\data\raw\RGB2\S23\AC8\RGB2_SUB23ACT8F16.jpg,1,1,0.9986394047737122
407,23,8,31,D:\Skripsi\Experiment\data\raw\RGB2\S23\AC8\RGB2_SUB23ACT8F31.jpg,1,1,0.9957045912742615
408,23,8,46,D:\Skripsi\Experiment\data\raw\RGB2\S23\AC8\RGB2_SUB23ACT8F46.jpg,1,1,0.999922513961792
409,23,8,61,D:\Skripsi\Experiment\data\raw\RGB2\S23\AC8\RGB2_SUB23ACT8F61.jpg,1,1,0.9965864419937134
410,23,8,76,D:\Skripsi\Experiment\data\raw\RGB2\S23\AC8\RGB2_SUB23ACT8F76.jpg,1,1,0.9998247027397156
411,23,8,91,D:\Skripsi\Experiment\data\raw\RGB2\S23\AC8\RGB2_SUB23ACT8F91.jpg,1,1,0.9999828338623047
412,23,9,1,D:\Skripsi\Experiment\data\raw\RGB2\S23\AC9\RGB2_SUB23ACT9F1.jpg,1,1,0.9996380805969238
413,23,9,106,D:\Skripsi\Experiment\data\raw\RGB2\S23\AC9\RGB2_SUB23ACT9F106.jpg,1,1,0.9977697134017944
414,23,9,121,D:\Skripsi\Experiment\data\raw\RGB2\S23\AC9\RGB2_SUB23ACT9F121.jpg,1,1,0.9997115731239319
415,23,9,136,D:\Skripsi\Experiment\data\raw\RGB2\S23\AC9\RGB2_SUB23ACT9F136.jpg,1,1,0.9999632835388184
416,23,9,16,D:\Skripsi\Experiment\data\raw\RGB2\S23\AC9\RGB2_SUB23ACT9F16.jpg,1,1,0.9999451637268066
417,23,9,31,D:\Skripsi\Experiment\data\raw\RGB2\S23\AC9\RGB2_SUB23ACT9F31.jpg,1,1,0.9999384880065918
418,23,9,46,D:\Skripsi\Experiment\data\raw\RGB2\S23\AC9\RGB2_SUB23ACT9F46.jpg,1,1,0.9998528957366943
419,23,9,61,D:\Skripsi\Experiment\data\raw\RGB2\S23\AC9\RGB2_SUB23ACT9F61.jpg,1,1,0.9983338713645935
420,23,9,76,D:\Skripsi\Experiment\data\raw\RGB2\S23\AC9\RGB2_SUB23ACT9F76.jpg,1,1,0.9998125433921814
421,23,9,91,D:\Skripsi\Experiment\data\raw\RGB2\S23\AC9\RGB2_SUB23ACT9F91.jpg,1,1,0.9965226650238037
422,24,1,1,D:\Skripsi\Experiment\data\raw\RGB2\S24\AC1\RGB2_SUB24ACT1F1.jpg,0,0,5.583022357313894e-06
423,24,1,106,D:\Skripsi\Experiment\data\raw\RGB2\S24\AC1\RGB2_SUB24ACT1F106.jpg,0,0,4.692096263170242e-05
424,24,1,16,D:\Skripsi\Experiment\data\raw\RGB2\S24\AC1\RGB2_SUB24ACT1F16.jpg,0,0,6.092298463045154e-06
425,24,1,31,D:\Skripsi\Experiment\data\raw\RGB2\S24\AC1\RGB2_SUB24ACT1F31.jpg,0,0,0.00016083450464066118
426,24,1,46,D:\Skripsi\Experiment\data\raw\RGB2\S24\AC1\RGB2_SUB24ACT1F46.jpg,0,0,5.4219468438532203e-05
427,24,1,61,D:\Skripsi\Experiment\data\raw\RGB2\S24\AC1\RGB2_SUB24ACT1F61.jpg,0,0,1.1777272447943687e-05
428,24,1,76,D:\Skripsi\Experiment\data\raw\RGB2\S24\AC1\RGB2_SUB24ACT1F76.jpg,0,0,5.327068720362149e-06
429,24,1,91,D:\Skripsi\Experiment\data\raw\RGB2\S24\AC1\RGB2_SUB24ACT1F91.jpg,0,0,1.3514256352209486e-05
430,24,5,1,D:\Skripsi\Experiment\data\raw\RGB2\S24\AC5\RGB2_SUB24ACT5F1.jpg,1,1,0.9995859265327454
431,24,5,106,D:\Skripsi\Experiment\data\raw\RGB2\S24\AC5\RGB2_SUB24ACT5F106.jpg,1,1,0.9986183643341064
432,24,5,16,D:\Skripsi\Experiment\data\raw\RGB2\S24\AC5\RGB2_SUB24ACT5F16.jpg,1,1,0.9974084496498108
433,24,5,31,D:\Skripsi\Experiment\data\raw\RGB2\S24\AC5\RGB2_SUB24ACT5F31.jpg,1,1,0.9996883869171143
434,24,5,46,D:\Skripsi\Experiment\data\raw\RGB2\S24\AC5\RGB2_SUB24ACT5F46.jpg,1,1,0.9995736479759216
435,24,5,61,D:\Skripsi\Experiment\data\raw\RGB2\S24\AC5\RGB2_SUB24ACT5F61.jpg,1,1,0.998529314994812
436,24,5,76,D:\Skripsi\Experiment\data\raw\RGB2\S24\AC5\RGB2_SUB24ACT5F76.jpg,1,1,0.9893718361854553
437,24,5,91,D:\Skripsi\Experiment\data\raw\RGB2\S24\AC5\RGB2_SUB24ACT5F91.jpg,1,1,0.9997580647468567
438,24,6,1,D:\Skripsi\Experiment\data\raw\RGB2\S24\AC6\RGB2_SUB24ACT6F1.jpg,1,1,0.9999585151672363
439,24,6,16,D:\Skripsi\Experiment\data\raw\RGB2\S24\AC6\RGB2_SUB24ACT6F16.jpg,1,1,0.9998173117637634
440,24,6,31,D:\Skripsi\Experiment\data\raw\RGB2\S24\AC6\RGB2_SUB24ACT6F31.jpg,1,1,0.9998948574066162
441,24,6,46,D:\Skripsi\Experiment\data\raw\RGB2\S24\AC6\RGB2_SUB24ACT6F46.jpg,1,1,0.9997032284736633
442,24,6,61,D:\Skripsi\Experiment\data\raw\RGB2\S24\AC6\RGB2_SUB24ACT6F61.jpg,1,1,0.9997383952140808
443,24,6,76,D:\Skripsi\Experiment\data\raw\RGB2\S24\AC6\RGB2_SUB24ACT6F76.jpg,1,1,0.9998470544815063
444,24,6,91,D:\Skripsi\Experiment\data\raw\RGB2\S24\AC6\RGB2_SUB24ACT6F91.jpg,1,1,0.9997785687446594
445,24,7,1,D:\Skripsi\Experiment\data\raw\RGB2\S24\AC7\RGB2_SUB24ACT7F1.jpg,1,1,0.9999994039535522
446,24,7,106,D:\Skripsi\Experiment\data\raw\RGB2\S24\AC7\RGB2_SUB24ACT7F106.jpg,1,1,0.9997484087944031
447,24,7,121,D:\Skripsi\Experiment\data\raw\RGB2\S24\AC7\RGB2_SUB24ACT7F121.jpg,1,1,0.9995417594909668
448,24,7,136,D:\Skripsi\Experiment\data\raw\RGB2\S24\AC7\RGB2_SUB24ACT7F136.jpg,1,1,0.9999715089797974
449,24,7,151,D:\Skripsi\Experiment\data\raw\RGB2\S24\AC7\RGB2_SUB24ACT7F151.jpg,1,1,0.9999781847000122
450,24,7,16,D:\Skripsi\Experiment\data\raw\RGB2\S24\AC7\RGB2_SUB24ACT7F16.jpg,1,1,0.9999334812164307
451,24,7,31,D:\Skripsi\Experiment\data\raw\RGB2\S24\AC7\RGB2_SUB24ACT7F31.jpg,1,1,0.9986097812652588
452,24,7,46,D:\Skripsi\Experiment\data\raw\RGB2\S24\AC7\RGB2_SUB24ACT7F46.jpg,1,1,0.9896504878997803
453,24,7,61,D:\Skripsi\Experiment\data\raw\RGB2\S24\AC7\RGB2_SUB24ACT7F61.jpg,1,1,0.9999724626541138
454,24,7,76,D:\Skripsi\Experiment\data\raw\RGB2\S24\AC7\RGB2_SUB24ACT7F76.jpg,1,1,0.9997735619544983
455,24,7,91,D:\Skripsi\Experiment\data\raw\RGB2\S24\AC7\RGB2_SUB24ACT7F91.jpg,1,1,0.9998989105224609
456,24,8,1,D:\Skripsi\Experiment\data\raw\RGB2\S24\AC8\RGB2_SUB24ACT8F1.jpg,1,1,0.9999876022338867
457,24,8,106,D:\Skripsi\Experiment\data\raw\RGB2\S24\AC8\RGB2_SUB24ACT8F106.jpg,1,1,0.9999943971633911
458,24,8,121,D:\Skripsi\Experiment\data\raw\RGB2\S24\AC8\RGB2_SUB24ACT8F121.jpg,1,1,0.999994158744812
459,24,8,136,D:\Skripsi\Experiment\data\raw\RGB2\S24\AC8\RGB2_SUB24ACT8F136.jpg,1,1,0.9999916553497314
460,24,8,151,D:\Skripsi\Experiment\data\raw\RGB2\S24\AC8\RGB2_SUB24ACT8F151.jpg,1,1,0.9999982118606567
461,24,8,16,D:\Skripsi\Experiment\data\raw\RGB2\S24\AC8\RGB2_SUB24ACT8F16.jpg,1,1,0.9999867677688599
462,24,8,31,D:\Skripsi\Experiment\data\raw\RGB2\S24\AC8\RGB2_SUB24ACT8F31.jpg,1,1,0.9999861717224121
463,24,8,46,D:\Skripsi\Experiment\data\raw\RGB2\S24\AC8\RGB2_SUB24ACT8F46.jpg,1,1,0.9999637603759766
464,24,8,61,D:\Skripsi\Experiment\data\raw\RGB2\S24\AC8\RGB2_SUB24ACT8F61.jpg,1,1,0.9999516010284424
465,24,8,76,D:\Skripsi\Experiment\data\raw\RGB2\S24\AC8\RGB2_SUB24ACT8F76.jpg,1,1,0.9989997744560242
466,24,8,91,D:\Skripsi\Experiment\data\raw\RGB2\S24\AC8\RGB2_SUB24ACT8F91.jpg,1,1,0.9999619722366333
467,24,9,1,D:\Skripsi\Experiment\data\raw\RGB2\S24\AC9\RGB2_SUB24ACT9F1.jpg,1,1,0.9995705485343933
468,24,9,106,D:\Skripsi\Experiment\data\raw\RGB2\S24\AC9\RGB2_SUB24ACT9F106.jpg,1,1,0.9999104738235474
469,24,9,121,D:\Skripsi\Experiment\data\raw\RGB2\S24\AC9\RGB2_SUB24ACT9F121.jpg,1,1,0.9999890327453613
470,24,9,136,D:\Skripsi\Experiment\data\raw\RGB2\S24\AC9\RGB2_SUB24ACT9F136.jpg,1,1,0.9999707937240601
471,24,9,16,D:\Skripsi\Experiment\data\raw\RGB2\S24\AC9\RGB2_SUB24ACT9F16.jpg,1,1,0.9999434947967529
472,24,9,31,D:\Skripsi\Experiment\data\raw\RGB2\S24\AC9\RGB2_SUB24ACT9F31.jpg,1,1,0.9999936819076538
473,24,9,46,D:\Skripsi\Experiment\data\raw\RGB2\S24\AC9\RGB2_SUB24ACT9F46.jpg,1,1,0.999679684638977
474,24,9,61,D:\Skripsi\Experiment\data\raw\RGB2\S24\AC9\RGB2_SUB24ACT9F61.jpg,1,1,0.9996134638786316
475,24,9,76,D:\Skripsi\Experiment\data\raw\RGB2\S24\AC9\RGB2_SUB24ACT9F76.jpg,1,1,0.9999948740005493
476,24,9,91,D:\Skripsi\Experiment\data\raw\RGB2\S24\AC9\RGB2_SUB24ACT9F91.jpg,1,1,0.9968442916870117
477,25,1,1,D:\Skripsi\Experiment\data\raw\RGB2\S25\AC1\RGB2_SUB25ACT1F1.jpg,0,0,3.778173049795441e-05
478,25,1,106,D:\Skripsi\Experiment\data\raw\RGB2\S25\AC1\RGB2_SUB25ACT1F106.jpg,0,0,3.688221113407053e-06
479,25,1,121,D:\Skripsi\Experiment\data\raw\RGB2\S25\AC1\RGB2_SUB25ACT1F121.jpg,0,0,9.259827038476942e-07
480,25,1,136,D:\Skripsi\Experiment\data\raw\RGB2\S25\AC1\RGB2_SUB25ACT1F136.jpg,0,0,3.796094233621261e-06
481,25,1,16,D:\Skripsi\Experiment\data\raw\RGB2\S25\AC1\RGB2_SUB25ACT1F16.jpg,0,0,2.4818578822305426e-05
482,25,1,31,D:\Skripsi\Experiment\data\raw\RGB2\S25\AC1\RGB2_SUB25ACT1F31.jpg,0,0,9.979528840631247e-05
483,25,1,46,D:\Skripsi\Experiment\data\raw\RGB2\S25\AC1\RGB2_SUB25ACT1F46.jpg,0,0,8.115477976389229e-05
484,25,1,61,D:\Skripsi\Experiment\data\raw\RGB2\S25\AC1\RGB2_SUB25ACT1F61.jpg,0,0,7.516401296925324e-07
485,25,1,76,D:\Skripsi\Experiment\data\raw\RGB2\S25\AC1\RGB2_SUB25ACT1F76.jpg,0,0,4.8090627387864515e-05
486,25,1,91,D:\Skripsi\Experiment\data\raw\RGB2\S25\AC1\RGB2_SUB25ACT1F91.jpg,0,0,2.868723413484986e-06
487,25,5,1,D:\Skripsi\Experiment\data\raw\RGB2\S25\AC5\RGB2_SUB25ACT5F1.jpg,1,1,0.9996495246887207
488,25,5,106,D:\Skripsi\Experiment\data\raw\RGB2\S25\AC5\RGB2_SUB25ACT5F106.jpg,1,1,0.9999299049377441
489,25,5,121,D:\Skripsi\Experiment\data\raw\RGB2\S25\AC5\RGB2_SUB25ACT5F121.jpg,1,1,0.9999381303787231
490,25,5,136,D:\Skripsi\Experiment\data\raw\RGB2\S25\AC5\RGB2_SUB25ACT5F136.jpg,1,1,0.999321460723877
491,25,5,16,D:\Skripsi\Experiment\data\raw\RGB2\S25\AC5\RGB2_SUB25ACT5F16.jpg,1,1,0.9994435906410217
492,25,5,31,D:\Skripsi\Experiment\data\raw\RGB2\S25\AC5\RGB2_SUB25ACT5F31.jpg,1,1,0.9998058676719666
493,25,5,46,D:\Skripsi\Experiment\data\raw\RGB2\S25\AC5\RGB2_SUB25ACT5F46.jpg,1,1,0.9983842372894287
494,25,5,61,D:\Skripsi\Experiment\data\raw\RGB2\S25\AC5\RGB2_SUB25ACT5F61.jpg,1,1,0.9986937642097473
495,25,5,76,D:\Skripsi\Experiment\data\raw\RGB2\S25\AC5\RGB2_SUB25ACT5F76.jpg,1,1,0.9986572265625
496,25,5,91,D:\Skripsi\Experiment\data\raw\RGB2\S25\AC5\RGB2_SUB25ACT5F91.jpg,1,1,0.9972248077392578
497,25,6,1,D:\Skripsi\Experiment\data\raw\RGB2\S25\AC6\RGB2_SUB25ACT6F1.jpg,1,1,0.9997311234474182
498,25,6,16,D:\Skripsi\Experiment\data\raw\RGB2\S25\AC6\RGB2_SUB25ACT6F16.jpg,1,1,0.9997069239616394
499,25,6,31,D:\Skripsi\Experiment\data\raw\RGB2\S25\AC6\RGB2_SUB25ACT6F31.jpg,1,1,0.9998325109481812
500,25,6,46,D:\Skripsi\Experiment\data\raw\RGB2\S25\AC6\RGB2_SUB25ACT6F46.jpg,1,1,0.9998527765274048
501,25,6,61,D:\Skripsi\Experiment\data\raw\RGB2\S25\AC6\RGB2_SUB25ACT6F61.jpg,1,1,0.9997333884239197
502,25,6,76,D:\Skripsi\Experiment\data\raw\RGB2\S25\AC6\RGB2_SUB25ACT6F76.jpg,1,1,0.9997841715812683
503,25,6,91,D:\Skripsi\Experiment\data\raw\RGB2\S25\AC6\RGB2_SUB25ACT6F91.jpg,1,1,0.9992191791534424
504,25,7,1,D:\Skripsi\Experiment\data\raw\RGB2\S25\AC7\RGB2_SUB25ACT7F1.jpg,1,1,0.9952346682548523
505,25,7,16,D:\Skripsi\Experiment\data\raw\RGB2\S25\AC7\RGB2_SUB25ACT7F16.jpg,1,1,0.9986909031867981
506,25,7,31,D:\Skripsi\Experiment\data\raw\RGB2\S25\AC7\RGB2_SUB25ACT7F31.jpg,1,1,0.9977142810821533
507,25,7,46,D:\Skripsi\Experiment\data\raw\RGB2\S25\AC7\RGB2_SUB25ACT7F46.jpg,1,1,0.9999223947525024
508,25,7,61,D:\Skripsi\Experiment\data\raw\RGB2\S25\AC7\RGB2_SUB25ACT7F61.jpg,1,1,0.999506950378418
509,25,7,76,D:\Skripsi\Experiment\data\raw\RGB2\S25\AC7\RGB2_SUB25ACT7F76.jpg,1,1,0.9998575448989868
510,25,8,1,D:\Skripsi\Experiment\data\raw\RGB2\S25\AC8\RGB2_SUB25ACT8F1.jpg,1,1,0.9994353652000427
511,25,8,106,D:\Skripsi\Experiment\data\raw\RGB2\S25\AC8\RGB2_SUB25ACT8F106.jpg,1,1,0.9999356269836426
512,25,8,16,D:\Skripsi\Experiment\data\raw\RGB2\S25\AC8\RGB2_SUB25ACT8F16.jpg,1,1,0.9999099969863892
513,25,8,31,D:\Skripsi\Experiment\data\raw\RGB2\S25\AC8\RGB2_SUB25ACT8F31.jpg,1,1,0.9999551773071289
514,25,8,46,D:\Skripsi\Experiment\data\raw\RGB2\S25\AC8\RGB2_SUB25ACT8F46.jpg,1,1,0.9999417066574097
515,25,8,61,D:\Skripsi\Experiment\data\raw\RGB2\S25\AC8\RGB2_SUB25ACT8F61.jpg,1,1,0.9999934434890747
516,25,8,76,D:\Skripsi\Experiment\data\raw\RGB2\S25\AC8\RGB2_SUB25ACT8F76.jpg,1,1,0.9997852444648743
517,25,8,91,D:\Skripsi\Experiment\data\raw\RGB2\S25\AC8\RGB2_SUB25ACT8F91.jpg,1,1,0.9988409876823425
518,25,9,1,D:\Skripsi\Experiment\data\raw\RGB2\S25\AC9\RGB2_SUB25ACT9F1.jpg,1,1,0.9995495676994324
519,25,9,16,D:\Skripsi\Experiment\data\raw\RGB2\S25\AC9\RGB2_SUB25ACT9F16.jpg,1,1,0.9990874528884888
520,25,9,31,D:\Skripsi\Experiment\data\raw\RGB2\S25\AC9\RGB2_SUB25ACT9F31.jpg,1,1,0.9886974096298218
521,25,9,46,D:\Skripsi\Experiment\data\raw\RGB2\S25\AC9\RGB2_SUB25ACT9F46.jpg,1,1,0.9985059499740601
522,25,9,61,D:\Skripsi\Experiment\data\raw\RGB2\S25\AC9\RGB2_SUB25ACT9F61.jpg,1,1,0.9858352541923523
523,25,9,76,D:\Skripsi\Experiment\data\raw\RGB2\S25\AC9\RGB2_SUB25ACT9F76.jpg,1,1,0.9915989637374878
524,26,1,1,D:\Skripsi\Experiment\data\raw\RGB2\S26\AC1\RGB2_SUB26ACT1F1.jpg,0,0,6.931966345291585e-05
525,26,1,106,D:\Skripsi\Experiment\data\raw\RGB2\S26\AC1\RGB2_SUB26ACT1F106.jpg,0,0,8.572712431487162e-06
526,26,1,16,D:\Skripsi\Experiment\data\raw\RGB2\S26\AC1\RGB2_SUB26ACT1F16.jpg,0,0,0.0006633874727413058
527,26,1,31,D:\Skripsi\Experiment\data\raw\RGB2\S26\AC1\RGB2_SUB26ACT1F31.jpg,0,0,6.646168912993744e-05
528,26,1,46,D:\Skripsi\Experiment\data\raw\RGB2\S26\AC1\RGB2_SUB26ACT1F46.jpg,0,0,0.0002589113137219101
529,26,1,61,D:\Skripsi\Experiment\data\raw\RGB2\S26\AC1\RGB2_SUB26ACT1F61.jpg,0,0,3.358285903232172e-05
530,26,1,76,D:\Skripsi\Experiment\data\raw\RGB2\S26\AC1\RGB2_SUB26ACT1F76.jpg,0,0,2.6190966309513897e-05
531,26,1,91,D:\Skripsi\Experiment\data\raw\RGB2\S26\AC1\RGB2_SUB26ACT1F91.jpg,0,0,2.6548254027147777e-05
532,26,5,1,D:\Skripsi\Experiment\data\raw\RGB2\S26\AC5\RGB2_SUB26ACT5F1.jpg,1,1,0.999966025352478
533,26,5,16,D:\Skripsi\Experiment\data\raw\RGB2\S26\AC5\RGB2_SUB26ACT5F16.jpg,1,1,0.9991682767868042
534,26,5,31,D:\Skripsi\Experiment\data\raw\RGB2\S26\AC5\RGB2_SUB26ACT5F31.jpg,1,1,0.9989644289016724
535,26,5,46,D:\Skripsi\Experiment\data\raw\RGB2\S26\AC5\RGB2_SUB26ACT5F46.jpg,1,1,0.9991064667701721
536,26,5,61,D:\Skripsi\Experiment\data\raw\RGB2\S26\AC5\RGB2_SUB26ACT5F61.jpg,1,1,0.9997314810752869
537,26,5,76,D:\Skripsi\Experiment\data\raw\RGB2\S26\AC5\RGB2_SUB26ACT5F76.jpg,1,1,0.9998558759689331
538,26,6,1,D:\Skripsi\Experiment\data\raw\RGB2\S26\AC6\RGB2_SUB26ACT6F1.jpg,1,1,0.9875090718269348
539,26,6,16,D:\Skripsi\Experiment\data\raw\RGB2\S26\AC6\RGB2_SUB26ACT6F16.jpg,1,1,0.999322772026062
540,26,6,31,D:\Skripsi\Experiment\data\raw\RGB2\S26\AC6\RGB2_SUB26ACT6F31.jpg,1,1,0.9998418092727661
541,26,6,46,D:\Skripsi\Experiment\data\raw\RGB2\S26\AC6\RGB2_SUB26ACT6F46.jpg,1,1,0.9994421601295471
542,26,6,61,D:\Skripsi\Experiment\data\raw\RGB2\S26\AC6\RGB2_SUB26ACT6F61.jpg,1,1,0.999822199344635
543,26,6,76,D:\Skripsi\Experiment\data\raw\RGB2\S26\AC6\RGB2_SUB26ACT6F76.jpg,1,1,0.9993195533752441
544,26,6,91,D:\Skripsi\Experiment\data\raw\RGB2\S26\AC6\RGB2_SUB26ACT6F91.jpg,1,1,0.9999330043792725
545,26,7,1,D:\Skripsi\Experiment\data\raw\RGB2\S26\AC7\RGB2_SUB26ACT7F1.jpg,1,1,0.9999955892562866
546,26,7,106,D:\Skripsi\Experiment\data\raw\RGB2\S26\AC7\RGB2_SUB26ACT7F106.jpg,1,1,0.9998087286949158
547,26,7,121,D:\Skripsi\Experiment\data\raw\RGB2\S26\AC7\RGB2_SUB26ACT7F121.jpg,1,1,0.9999779462814331
548,26,7,136,D:\Skripsi\Experiment\data\raw\RGB2\S26\AC7\RGB2_SUB26ACT7F136.jpg,1,1,0.9991464614868164
549,26,7,151,D:\Skripsi\Experiment\data\raw\RGB2\S26\AC7\RGB2_SUB26ACT7F151.jpg,1,1,0.999594509601593
550,26,7,16,D:\Skripsi\Experiment\data\raw\RGB2\S26\AC7\RGB2_SUB26ACT7F16.jpg,1,1,0.999409556388855
551,26,7,166,D:\Skripsi\Experiment\data\raw\RGB2\S26\AC7\RGB2_SUB26ACT7F166.jpg,1,1,0.9996510744094849
552,26,7,31,D:\Skripsi\Experiment\data\raw\RGB2\S26\AC7\RGB2_SUB26ACT7F31.jpg,1,1,0.9999871253967285
553,26,7,46,D:\Skripsi\Experiment\data\raw\RGB2\S26\AC7\RGB2_SUB26ACT7F46.jpg,1,1,0.9999884366989136
554,26,7,61,D:\Skripsi\Experiment\data\raw\RGB2\S26\AC7\RGB2_SUB26ACT7F61.jpg,1,1,0.9999254941940308
555,26,7,76,D:\Skripsi\Experiment\data\raw\RGB2\S26\AC7\RGB2_SUB26ACT7F76.jpg,1,1,0.9997079968452454
556,26,7,91,D:\Skripsi\Experiment\data\raw\RGB2\S26\AC7\RGB2_SUB26ACT7F91.jpg,1,1,0.999897837638855
557,26,8,1,D:\Skripsi\Experiment\data\raw\RGB2\S26\AC8\RGB2_SUB26ACT8F1.jpg,1,1,0.9998071789741516
558,26,8,106,D:\Skripsi\Experiment\data\raw\RGB2\S26\AC8\RGB2_SUB26ACT8F106.jpg,1,1,0.9999649524688721
559,26,8,16,D:\Skripsi\Experiment\data\raw\RGB2\S26\AC8\RGB2_SUB26ACT8F16.jpg,1,1,0.9991700649261475
560,26,8,31,D:\Skripsi\Experiment\data\raw\RGB2\S26\AC8\RGB2_SUB26ACT8F31.jpg,1,1,0.9994133710861206
561,26,8,46,D:\Skripsi\Experiment\data\raw\RGB2\S26\AC8\RGB2_SUB26ACT8F46.jpg,1,1,0.9993733763694763
562,26,8,61,D:\Skripsi\Experiment\data\raw\RGB2\S26\AC8\RGB2_SUB26ACT8F61.jpg,1,1,0.999549925327301
563,26,8,76,D:\Skripsi\Experiment\data\raw\RGB2\S26\AC8\RGB2_SUB26ACT8F76.jpg,1,1,0.9999257326126099
564,26,8,91,D:\Skripsi\Experiment\data\raw\RGB2\S26\AC8\RGB2_SUB26ACT8F91.jpg,1,1,0.9997703433036804
565,26,9,1,D:\Skripsi\Experiment\data\raw\RGB2\S26\AC9\RGB2_SUB26ACT9F1.jpg,1,1,0.999752938747406
566,26,9,106,D:\Skripsi\Experiment\data\raw\RGB2\S26\AC9\RGB2_SUB26ACT9F106.jpg,1,1,0.9999574422836304
567,26,9,121,D:\Skripsi\Experiment\data\raw\RGB2\S26\AC9\RGB2_SUB26ACT9F121.jpg,1,1,0.9995200634002686
568,26,9,16,D:\Skripsi\Experiment\data\raw\RGB2\S26\AC9\RGB2_SUB26ACT9F16.jpg,1,1,0.9999880790710449
569,26,9,31,D:\Skripsi\Experiment\data\raw\RGB2\S26\AC9\RGB2_SUB26ACT9F31.jpg,1,1,0.9999854564666748
570,26,9,46,D:\Skripsi\Experiment\data\raw\RGB2\S26\AC9\RGB2_SUB26ACT9F46.jpg,1,1,0.9999855756759644
571,26,9,61,D:\Skripsi\Experiment\data\raw\RGB2\S26\AC9\RGB2_SUB26ACT9F61.jpg,1,1,0.9998358488082886
572,26,9,76,D:\Skripsi\Experiment\data\raw\RGB2\S26\AC9\RGB2_SUB26ACT9F76.jpg,1,1,0.9999948740005493
573,26,9,91,D:\Skripsi\Experiment\data\raw\RGB2\S26\AC9\RGB2_SUB26ACT9F91.jpg,1,1,0.999840497970581
574,28,1,1,D:\Skripsi\Experiment\data\raw\RGB2\S28\AC1\RGB2_SUB28ACT1F1.jpg,0,0,0.00015665429236833006
575,28,1,106,D:\Skripsi\Experiment\data\raw\RGB2\S28\AC1\RGB2_SUB28ACT1F106.jpg,0,0,1.6753926956880605e-06
576,28,1,121,D:\Skripsi\Experiment\data\raw\RGB2\S28\AC1\RGB2_SUB28ACT1F121.jpg,0,0,1.958743087016046e-05
577,28,1,16,D:\Skripsi\Experiment\data\raw\RGB2\S28\AC1\RGB2_SUB28ACT1F16.jpg,0,0,0.0013976098271086812
578,28,1,31,D:\Skripsi\Experiment\data\raw\RGB2\S28\AC1\RGB2_SUB28ACT1F31.jpg,0,0,0.00031768440385349095
579,28,1,46,D:\Skripsi\Experiment\data\raw\RGB2\S28\AC1\RGB2_SUB28ACT1F46.jpg,0,0,4.8796511691762134e-05
580,28,1,61,D:\Skripsi\Experiment\data\raw\RGB2\S28\AC1\RGB2_SUB28ACT1F61.jpg,0,0,0.00040571377030573785
581,28,1,76,D:\Skripsi\Experiment\data\raw\RGB2\S28\AC1\RGB2_SUB28ACT1F76.jpg,0,0,1.7837310224422254e-05
582,28,1,91,D:\Skripsi\Experiment\data\raw\RGB2\S28\AC1\RGB2_SUB28ACT1F91.jpg,0,0,3.113604543614201e-05
583,28,5,1,D:\Skripsi\Experiment\data\raw\RGB2\S28\AC5\RGB2_SUB28ACT5F1.jpg,1,1,0.9999575614929199
584,28,5,106,D:\Skripsi\Experiment\data\raw\RGB2\S28\AC5\RGB2_SUB28ACT5F106.jpg,1,1,0.9984139204025269
585,28,5,121,D:\Skripsi\Experiment\data\raw\RGB2\S28\AC5\RGB2_SUB28ACT5F121.jpg,1,1,0.9956932663917542
586,28,5,136,D:\Skripsi\Experiment\data\raw\RGB2\S28\AC5\RGB2_SUB28ACT5F136.jpg,1,1,0.9932346940040588
587,28,5,151,D:\Skripsi\Experiment\data\raw\RGB2\S28\AC5\RGB2_SUB28ACT5F151.jpg,1,1,0.9977561831474304
588,28,5,16,D:\Skripsi\Experiment\data\raw\RGB2\S28\AC5\RGB2_SUB28ACT5F16.jpg,1,1,0.9998838901519775
589,28,5,31,D:\Skripsi\Experiment\data\raw\RGB2\S28\AC5\RGB2_SUB28ACT5F31.jpg,1,1,0.9997268319129944
590,28,5,46,D:\Skripsi\Experiment\data\raw\RGB2\S28\AC5\RGB2_SUB28ACT5F46.jpg,1,1,0.9975019097328186
591,28,5,61,D:\Skripsi\Experiment\data\raw\RGB2\S28\AC5\RGB2_SUB28ACT5F61.jpg,1,1,0.999556839466095
592,28,5,76,D:\Skripsi\Experiment\data\raw\RGB2\S28\AC5\RGB2_SUB28ACT5F76.jpg,1,1,0.9998618364334106
593,28,5,91,D:\Skripsi\Experiment\data\raw\RGB2\S28\AC5\RGB2_SUB28ACT5F91.jpg,1,1,0.9996638298034668
594,28,6,1,D:\Skripsi\Experiment\data\raw\RGB2\S28\AC6\RGB2_SUB28ACT6F1.jpg,1,1,0.954322338104248
595,28,6,106,D:\Skripsi\Experiment\data\raw\RGB2\S28\AC6\RGB2_SUB28ACT6F106.jpg,1,1,0.9992954730987549
596,28,6,16,D:\Skripsi\Experiment\data\raw\RGB2\S28\AC6\RGB2_SUB28ACT6F16.jpg,1,1,0.9976832866668701
597,28,6,31,D:\Skripsi\Experiment\data\raw\RGB2\S28\AC6\RGB2_SUB28ACT6F31.jpg,1,1,0.9993231296539307
598,28,6,46,D:\Skripsi\Experiment\data\raw\RGB2\S28\AC6\RGB2_SUB28ACT6F46.jpg,1,1,0.9993351101875305
599,28,6,61,D:\Skripsi\Experiment\data\raw\RGB2\S28\AC6\RGB2_SUB28ACT6F61.jpg,1,1,0.9993983507156372
600,28,6,76,D:\Skripsi\Experiment\data\raw\RGB2\S28\AC6\RGB2_SUB28ACT6F76.jpg,1,1,0.9994107484817505
601,28,6,91,D:\Skripsi\Experiment\data\raw\RGB2\S28\AC6\RGB2_SUB28ACT6F91.jpg,1,1,0.9998230338096619
602,28,7,1,D:\Skripsi\Experiment\data\raw\RGB2\S28\AC7\RGB2_SUB28ACT7F1.jpg,1,1,0.9976402521133423
603,28,7,106,D:\Skripsi\Experiment\data\raw\RGB2\S28\AC7\RGB2_SUB28ACT7F106.jpg,1,1,0.9999785423278809
604,28,7,121,D:\Skripsi\Experiment\data\raw\RGB2\S28\AC7\RGB2_SUB28ACT7F121.jpg,1,1,0.9996856451034546
605,28,7,136,D:\Skripsi\Experiment\data\raw\RGB2\S28\AC7\RGB2_SUB28ACT7F136.jpg,1,1,0.9999231100082397
606,28,7,151,D:\Skripsi\Experiment\data\raw\RGB2\S28\AC7\RGB2_SUB28ACT7F151.jpg,1,1,0.999968409538269
607,28,7,16,D:\Skripsi\Experiment\data\raw\RGB2\S28\AC7\RGB2_SUB28ACT7F16.jpg,1,1,0.9994995594024658
608,28,7,31,D:\Skripsi\Experiment\data\raw\RGB2\S28\AC7\RGB2_SUB28ACT7F31.jpg,1,1,0.9996980428695679
609,28,7,46,D:\Skripsi\Experiment\data\raw\RGB2\S28\AC7\RGB2_SUB28ACT7F46.jpg,1,1,0.9998612403869629
610,28,7,61,D:\Skripsi\Experiment\data\raw\RGB2\S28\AC7\RGB2_SUB28ACT7F61.jpg,1,1,0.9997273087501526
611,28,7,76,D:\Skripsi\Experiment\data\raw\RGB2\S28\AC7\RGB2_SUB28ACT7F76.jpg,1,1,0.9999610185623169
612,28,7,91,D:\Skripsi\Experiment\data\raw\RGB2\S28\AC7\RGB2_SUB28ACT7F91.jpg,1,1,0.9999504089355469
613,28,8,1,D:\Skripsi\Experiment\data\raw\RGB2\S28\AC8\RGB2_SUB28ACT8F1.jpg,1,1,0.9998531341552734
614,28,8,106,D:\Skripsi\Experiment\data\raw\RGB2\S28\AC8\RGB2_SUB28ACT8F106.jpg,1,1,0.9997676014900208
615,28,8,16,D:\Skripsi\Experiment\data\raw\RGB2\S28\AC8\RGB2_SUB28ACT8F16.jpg,1,1,0.9988628625869751
616,28,8,31,D:\Skripsi\Experiment\data\raw\RGB2\S28\AC8\RGB2_SUB28ACT8F31.jpg,1,1,0.9987599849700928
617,28,8,46,D:\Skripsi\Experiment\data\raw\RGB2\S28\AC8\RGB2_SUB28ACT8F46.jpg,1,1,0.9999679327011108
618,28,8,61,D:\Skripsi\Experiment\data\raw\RGB2\S28\AC8\RGB2_SUB28ACT8F61.jpg,1,1,0.9970681071281433
619,28,8,76,D:\Skripsi\Experiment\data\raw\RGB2\S28\AC8\RGB2_SUB28ACT8F76.jpg,1,1,0.9974905252456665
620,28,8,91,D:\Skripsi\Experiment\data\raw\RGB2\S28\AC8\RGB2_SUB28ACT8F91.jpg,1,1,0.9999691247940063
621,28,9,1,D:\Skripsi\Experiment\data\raw\RGB2\S28\AC9\RGB2_SUB28ACT9F1.jpg,1,1,0.9999184608459473
622,28,9,106,D:\Skripsi\Experiment\data\raw\RGB2\S28\AC9\RGB2_SUB28ACT9F106.jpg,1,1,0.999896764755249
623,28,9,121,D:\Skripsi\Experiment\data\raw\RGB2\S28\AC9\RGB2_SUB28ACT9F121.jpg,1,1,0.9999229907989502
624,28,9,136,D:\Skripsi\Experiment\data\raw\RGB2\S28\AC9\RGB2_SUB28ACT9F136.jpg,1,1,0.9990789890289307
625,28,9,151,D:\Skripsi\Experiment\data\raw\RGB2\S28\AC9\RGB2_SUB28ACT9F151.jpg,1,1,0.998504638671875
626,28,9,16,D:\Skripsi\Experiment\data\raw\RGB2\S28\AC9\RGB2_SUB28ACT9F16.jpg,1,1,0.9996607303619385
627,28,9,31,D:\Skripsi\Experiment\data\raw\RGB2\S28\AC9\RGB2_SUB28ACT9F31.jpg,1,1,0.9996358156204224
628,28,9,46,D:\Skripsi\Experiment\data\raw\RGB2\S28\AC9\RGB2_SUB28ACT9F46.jpg,1,1,0.9992658495903015
629,28,9,61,D:\Skripsi\Experiment\data\raw\RGB2\S28\AC9\RGB2_SUB28ACT9F61.jpg,1,1,0.9978241920471191
630,28,9,76,D:\Skripsi\Experiment\data\raw\RGB2\S28\AC9\RGB2_SUB28ACT9F76.jpg,1,1,0.9987671375274658
631,28,9,91,D:\Skripsi\Experiment\data\raw\RGB2\S28\AC9\RGB2_SUB28ACT9F91.jpg,1,1,0.9998364448547363
632,29,1,1,D:\Skripsi\Experiment\data\raw\RGB2\S29\AC1\RGB2_SUB29ACT1F1.jpg,0,0,3.524857902448275e-06
633,29,1,106,D:\Skripsi\Experiment\data\raw\RGB2\S29\AC1\RGB2_SUB29ACT1F106.jpg,0,0,8.58901421452174e-06
634,29,1,121,D:\Skripsi\Experiment\data\raw\RGB2\S29\AC1\RGB2_SUB29ACT1F121.jpg,0,0,2.424547346890904e-05
635,29,1,16,D:\Skripsi\Experiment\data\raw\RGB2\S29\AC1\RGB2_SUB29ACT1F16.jpg,0,0,7.743728019704577e-06
636,29,1,31,D:\Skripsi\Experiment\data\raw\RGB2\S29\AC1\RGB2_SUB29ACT1F31.jpg,0,0,1.5315031305362936e-06
637,29,1,46,D:\Skripsi\Experiment\data\raw\RGB2\S29\AC1\RGB2_SUB29ACT1F46.jpg,0,0,2.129474296452827e-06
638,29,1,61,D:\Skripsi\Experiment\data\raw\RGB2\S29\AC1\RGB2_SUB29ACT1F61.jpg,0,0,3.494078919175081e-05
639,29,1,76,D:\Skripsi\Experiment\data\raw\RGB2\S29\AC1\RGB2_SUB29ACT1F76.jpg,0,0,2.498109097359702e-06
640,29,1,91,D:\Skripsi\Experiment\data\raw\RGB2\S29\AC1\RGB2_SUB29ACT1F91.jpg,0,0,0.0001228744222316891
641,29,5,1,D:\Skripsi\Experiment\data\raw\RGB2\S29\AC5\RGB2_SUB29ACT5F1.jpg,1,1,0.999702513217926
642,29,5,106,D:\Skripsi\Experiment\data\raw\RGB2\S29\AC5\RGB2_SUB29ACT5F106.jpg,1,1,0.9976588487625122
643,29,5,121,D:\Skripsi\Experiment\data\raw\RGB2\S29\AC5\RGB2_SUB29ACT5F121.jpg,1,1,0.9979382157325745
644,29,5,16,D:\Skripsi\Experiment\data\raw\RGB2\S29\AC5\RGB2_SUB29ACT5F16.jpg,1,1,0.9997979998588562
645,29,5,31,D:\Skripsi\Experiment\data\raw\RGB2\S29\AC5\RGB2_SUB29ACT5F31.jpg,1,1,0.9745442867279053
646,29,5,46,D:\Skripsi\Experiment\data\raw\RGB2\S29\AC5\RGB2_SUB29ACT5F46.jpg,1,1,0.9978172779083252
647,29,5,61,D:\Skripsi\Experiment\data\raw\RGB2\S29\AC5\RGB2_SUB29ACT5F61.jpg,1,1,0.9988144636154175
648,29,5,76,D:\Skripsi\Experiment\data\raw\RGB2\S29\AC5\RGB2_SUB29ACT5F76.jpg,1,1,0.9999306201934814
649,29,5,91,D:\Skripsi\Experiment\data\raw\RGB2\S29\AC5\RGB2_SUB29ACT5F91.jpg,1,1,0.999653697013855
650,29,6,1,D:\Skripsi\Experiment\data\raw\RGB2\S29\AC6\RGB2_SUB29ACT6F1.jpg,1,1,0.9977399110794067
651,29,6,106,D:\Skripsi\Experiment\data\raw\RGB2\S29\AC6\RGB2_SUB29ACT6F106.jpg,1,1,0.9993091821670532
652,29,6,16,D:\Skripsi\Experiment\data\raw\RGB2\S29\AC6\RGB2_SUB29ACT6F16.jpg,1,1,0.9993367791175842
653,29,6,31,D:\Skripsi\Experiment\data\raw\RGB2\S29\AC6\RGB2_SUB29ACT6F31.jpg,1,1,0.997379720211029
654,29,6,46,D:\Skripsi\Experiment\data\raw\RGB2\S29\AC6\RGB2_SUB29ACT6F46.jpg,1,1,0.9999520778656006
655,29,6,61,D:\Skripsi\Experiment\data\raw\RGB2\S29\AC6\RGB2_SUB29ACT6F61.jpg,1,1,0.9998695850372314
656,29,6,76,D:\Skripsi\Experiment\data\raw\RGB2\S29\AC6\RGB2_SUB29ACT6F76.jpg,1,1,0.9987319111824036
657,29,6,91,D:\Skripsi\Experiment\data\raw\RGB2\S29\AC6\RGB2_SUB29ACT6F91.jpg,1,1,0.9993852376937866
658,29,7,1,D:\Skripsi\Experiment\data\raw\RGB2\S29\AC7\RGB2_SUB29ACT7F1.jpg,1,1,0.9996460676193237
659,29,7,106,D:\Skripsi\Experiment\data\raw\RGB2\S29\AC7\RGB2_SUB29ACT7F106.jpg,1,1,0.9999852180480957
660,29,7,121,D:\Skripsi\Experiment\data\raw\RGB2\S29\AC7\RGB2_SUB29ACT7F121.jpg,1,1,0.9999078512191772
661,29,7,16,D:\Skripsi\Experiment\data\raw\RGB2\S29\AC7\RGB2_SUB29ACT7F16.jpg,1,1,0.9999524354934692
662,29,7,31,D:\Skripsi\Experiment\data\raw\RGB2\S29\AC7\RGB2_SUB29ACT7F31.jpg,1,1,0.9998432397842407
663,29,7,46,D:\Skripsi\Experiment\data\raw\RGB2\S29\AC7\RGB2_SUB29ACT7F46.jpg,1,1,0.9999916553497314
664,29,7,61,D:\Skripsi\Experiment\data\raw\RGB2\S29\AC7\RGB2_SUB29ACT7F61.jpg,1,1,0.9999920129776001
665,29,7,76,D:\Skripsi\Experiment\data\raw\RGB2\S29\AC7\RGB2_SUB29ACT7F76.jpg,1,1,0.9999328851699829
666,29,7,91,D:\Skripsi\Experiment\data\raw\RGB2\S29\AC7\RGB2_SUB29ACT7F91.jpg,1,1,0.9999769926071167
667,29,8,1,D:\Skripsi\Experiment\data\raw\RGB2\S29\AC8\RGB2_SUB29ACT8F1.jpg,1,1,0.9999518394470215
668,29,8,106,D:\Skripsi\Experiment\data\raw\RGB2\S29\AC8\RGB2_SUB29ACT8F106.jpg,1,1,0.9998849630355835
669,29,8,121,D:\Skripsi\Experiment\data\raw\RGB2\S29\AC8\RGB2_SUB29ACT8F121.jpg,1,1,0.9993627667427063
670,29,8,136,D:\Skripsi\Experiment\data\raw\RGB2\S29\AC8\RGB2_SUB29ACT8F136.jpg,1,1,0.9997290968894958
671,29,8,151,D:\Skripsi\Experiment\data\raw\RGB2\S29\AC8\RGB2_SUB29ACT8F151.jpg,1,1,0.980005145072937
672,29,8,16,D:\Skripsi\Experiment\data\raw\RGB2\S29\AC8\RGB2_SUB29ACT8F16.jpg,1,1,0.9998538494110107
673,29,8,31,D:\Skripsi\Experiment\data\raw\RGB2\S29\AC8\RGB2_SUB29ACT8F31.jpg,1,1,0.999874472618103
674,29,8,46,D:\Skripsi\Experiment\data\raw\RGB2\S29\AC8\RGB2_SUB29ACT8F46.jpg,1,1,0.9999902248382568
675,29,8,61,D:\Skripsi\Experiment\data\raw\RGB2\S29\AC8\RGB2_SUB29ACT8F61.jpg,1,1,0.999757707118988
676,29,8,76,D:\Skripsi\Experiment\data\raw\RGB2\S29\AC8\RGB2_SUB29ACT8F76.jpg,1,1,0.9999600648880005
677,29,8,91,D:\Skripsi\Experiment\data\raw\RGB2\S29\AC8\RGB2_SUB29ACT8F91.jpg,1,1,0.9996296167373657
678,29,9,1,D:\Skripsi\Experiment\data\raw\RGB2\S29\AC9\RGB2_SUB29ACT9F1.jpg,1,1,0.9969596862792969
679,29,9,106,D:\Skripsi\Experiment\data\raw\RGB2\S29\AC9\RGB2_SUB29ACT9F106.jpg,1,1,0.9978674650192261
680,29,9,121,D:\Skripsi\Experiment\data\raw\RGB2\S29\AC9\RGB2_SUB29ACT9F121.jpg,1,1,0.9995977282524109
681,29,9,136,D:\Skripsi\Experiment\data\raw\RGB2\S29\AC9\RGB2_SUB29ACT9F136.jpg,1,1,0.9997444748878479
682,29,9,151,D:\Skripsi\Experiment\data\raw\RGB2\S29\AC9\RGB2_SUB29ACT9F151.jpg,1,1,0.9577906131744385
683,29,9,16,D:\Skripsi\Experiment\data\raw\RGB2\S29\AC9\RGB2_SUB29ACT9F16.jpg,1,1,0.9990788698196411
684,29,9,31,D:\Skripsi\Experiment\data\raw\RGB2\S29\AC9\RGB2_SUB29ACT9F31.jpg,1,1,0.9956715106964111
685,29,9,46,D:\Skripsi\Experiment\data\raw\RGB2\S29\AC9\RGB2_SUB29ACT9F46.jpg,1,1,0.9992306232452393
686,29,9,61,D:\Skripsi\Experiment\data\raw\RGB2\S29\AC9\RGB2_SUB29ACT9F61.jpg,1,1,0.9999305009841919
687,29,9,76,D:\Skripsi\Experiment\data\raw\RGB2\S29\AC9\RGB2_SUB29ACT9F76.jpg,1,1,0.9999748468399048
688,29,9,91,D:\Skripsi\Experiment\data\raw\RGB2\S29\AC9\RGB2_SUB29ACT9F91.jpg,1,1,0.9994493126869202
689,30,1,1,D:\Skripsi\Experiment\data\raw\RGB2\S30\AC1\RGB2_SUB30ACT1F1.jpg,0,0,1.1308181456115562e-05
690,30,1,106,D:\Skripsi\Experiment\data\raw\RGB2\S30\AC1\RGB2_SUB30ACT1F106.jpg,0,0,5.741781205870211e-05
691,30,1,16,D:\Skripsi\Experiment\data\raw\RGB2\S30\AC1\RGB2_SUB30ACT1F16.jpg,0,0,0.00025496582384221256
692,30,1,31,D:\Skripsi\Experiment\data\raw\RGB2\S30\AC1\RGB2_SUB30ACT1F31.jpg,0,0,3.4168494948971784e-06
693,30,1,46,D:\Skripsi\Experiment\data\raw\RGB2\S30\AC1\RGB2_SUB30ACT1F46.jpg,0,0,0.0074958582408726215
694,30,1,61,D:\Skripsi\Experiment\data\raw\RGB2\S30\AC1\RGB2_SUB30ACT1F61.jpg,0,0,1.5895138858468272e-05
695,30,1,76,D:\Skripsi\Experiment\data\raw\RGB2\S30\AC1\RGB2_SUB30ACT1F76.jpg,0,0,0.00018745374109130353
696,30,1,91,D:\Skripsi\Experiment\data\raw\RGB2\S30\AC1\RGB2_SUB30ACT1F91.jpg,0,0,0.00010773144458653405
697,30,5,1,D:\Skripsi\Experiment\data\raw\RGB2\S30\AC5\RGB2_SUB30ACT5F1.jpg,1,1,0.9999468326568604
698,30,5,106,D:\Skripsi\Experiment\data\raw\RGB2\S30\AC5\RGB2_SUB30ACT5F106.jpg,1,1,0.9999988079071045
699,30,5,16,D:\Skripsi\Experiment\data\raw\RGB2\S30\AC5\RGB2_SUB30ACT5F16.jpg,1,1,0.999968409538269
700,30,5,31,D:\Skripsi\Experiment\data\raw\RGB2\S30\AC5\RGB2_SUB30ACT5F31.jpg,1,1,0.9997376799583435
701,30,5,46,D:\Skripsi\Experiment\data\raw\RGB2\S30\AC5\RGB2_SUB30ACT5F46.jpg,1,1,0.9999852180480957
702,30,5,61,D:\Skripsi\Experiment\data\raw\RGB2\S30\AC5\RGB2_SUB30ACT5F61.jpg,1,1,0.9999725818634033
703,30,5,76,D:\Skripsi\Experiment\data\raw\RGB2\S30\AC5\RGB2_SUB30ACT5F76.jpg,1,1,0.9999995231628418
704,30,5,91,D:\Skripsi\Experiment\data\raw\RGB2\S30\AC5\RGB2_SUB30ACT5F91.jpg,1,1,0.9999184608459473
705,30,6,1,D:\Skripsi\Experiment\data\raw\RGB2\S30\AC6\RGB2_SUB30ACT6F1.jpg,1,1,0.9993242025375366
706,30,6,106,D:\Skripsi\Experiment\data\raw\RGB2\S30\AC6\RGB2_SUB30ACT6F106.jpg,1,1,0.9836114048957825
707,30,6,121,D:\Skripsi\Experiment\data\raw\RGB2\S30\AC6\RGB2_SUB30ACT6F121.jpg,1,1,0.9987701773643494
708,30,6,16,D:\Skripsi\Experiment\data\raw\RGB2\S30\AC6\RGB2_SUB30ACT6F16.jpg,1,1,0.9984250068664551
709,30,6,31,D:\Skripsi\Experiment\data\raw\RGB2\S30\AC6\RGB2_SUB30ACT6F31.jpg,1,1,0.9943870306015015
710,30,6,46,D:\Skripsi\Experiment\data\raw\RGB2\S30\AC6\RGB2_SUB30ACT6F46.jpg,1,1,0.9992961883544922
711,30,6,61,D:\Skripsi\Experiment\data\raw\RGB2\S30\AC6\RGB2_SUB30ACT6F61.jpg,1,1,0.9973402619361877
712,30,6,76,D:\Skripsi\Experiment\data\raw\RGB2\S30\AC6\RGB2_SUB30ACT6F76.jpg,1,1,0.9993265867233276
713,30,6,91,D:\Skripsi\Experiment\data\raw\RGB2\S30\AC6\RGB2_SUB30ACT6F91.jpg,1,1,0.9963740706443787
714,30,7,1,D:\Skripsi\Experiment\data\raw\RGB2\S30\AC7\RGB2_SUB30ACT7F1.jpg,1,1,0.9969762563705444
715,30,7,106,D:\Skripsi\Experiment\data\raw\RGB2\S30\AC7\RGB2_SUB30ACT7F106.jpg,1,1,0.9999285936355591
716,30,7,121,D:\Skripsi\Experiment\data\raw\RGB2\S30\AC7\RGB2_SUB30ACT7F121.jpg,1,1,0.9999856948852539
717,30,7,136,D:\Skripsi\Experiment\data\raw\RGB2\S30\AC7\RGB2_SUB30ACT7F136.jpg,1,1,0.9999817609786987
718,30,7,151,D:\Skripsi\Experiment\data\raw\RGB2\S30\AC7\RGB2_SUB30ACT7F151.jpg,1,1,0.9999781847000122
719,30,7,16,D:\Skripsi\Experiment\data\raw\RGB2\S30\AC7\RGB2_SUB30ACT7F16.jpg,1,1,0.9999803304672241
720,30,7,166,D:\Skripsi\Experiment\data\raw\RGB2\S30\AC7\RGB2_SUB30ACT7F166.jpg,1,1,0.9999628067016602
721,30,7,31,D:\Skripsi\Experiment\data\raw\RGB2\S30\AC7\RGB2_SUB30ACT7F31.jpg,1,1,0.9999462366104126
722,30,7,46,D:\Skripsi\Experiment\data\raw\RGB2\S30\AC7\RGB2_SUB30ACT7F46.jpg,1,1,0.9999842643737793
723,30,7,61,D:\Skripsi\Experiment\data\raw\RGB2\S30\AC7\RGB2_SUB30ACT7F61.jpg,1,1,0.9999265670776367
724,30,7,76,D:\Skripsi\Experiment\data\raw\RGB2\S30\AC7\RGB2_SUB30ACT7F76.jpg,1,1,0.9999017715454102
725,30,7,91,D:\Skripsi\Experiment\data\raw\RGB2\S30\AC7\RGB2_SUB30ACT7F91.jpg,1,1,0.9999691247940063
726,30,8,1,D:\Skripsi\Experiment\data\raw\RGB2\S30\AC8\RGB2_SUB30ACT8F1.jpg,1,1,0.9995822310447693
727,30,8,106,D:\Skripsi\Experiment\data\raw\RGB2\S30\AC8\RGB2_SUB30ACT8F106.jpg,1,1,0.9997268319129944
728,30,8,121,D:\Skripsi\Experiment\data\raw\RGB2\S30\AC8\RGB2_SUB30ACT8F121.jpg,1,1,0.9999157190322876
729,30,8,136,D:\Skripsi\Experiment\data\raw\RGB2\S30\AC8\RGB2_SUB30ACT8F136.jpg,1,1,0.9999979734420776
730,30,8,16,D:\Skripsi\Experiment\data\raw\RGB2\S30\AC8\RGB2_SUB30ACT8F16.jpg,1,1,0.9975863695144653
731,30,8,31,D:\Skripsi\Experiment\data\raw\RGB2\S30\AC8\RGB2_SUB30ACT8F31.jpg,1,1,0.9999165534973145
732,30,8,46,D:\Skripsi\Experiment\data\raw\RGB2\S30\AC8\RGB2_SUB30ACT8F46.jpg,1,1,0.999579131603241
733,30,8,61,D:\Skripsi\Experiment\data\raw\RGB2\S30\AC8\RGB2_SUB30ACT8F61.jpg,1,1,0.9984710812568665
734,30,8,76,D:\Skripsi\Experiment\data\raw\RGB2\S30\AC8\RGB2_SUB30ACT8F76.jpg,1,1,0.9991982579231262
735,30,8,91,D:\Skripsi\Experiment\data\raw\RGB2\S30\AC8\RGB2_SUB30ACT8F91.jpg,1,1,0.999920129776001
736,30,9,1,D:\Skripsi\Experiment\data\raw\RGB2\S30\AC9\RGB2_SUB30ACT9F1.jpg,1,1,0.9993973970413208
737,30,9,106,D:\Skripsi\Experiment\data\raw\RGB2\S30\AC9\RGB2_SUB30ACT9F106.jpg,1,1,0.9944993257522583
738,30,9,121,D:\Skripsi\Experiment\data\raw\RGB2\S30\AC9\RGB2_SUB30ACT9F121.jpg,1,1,0.9999583959579468
739,30,9,16,D:\Skripsi\Experiment\data\raw\RGB2\S30\AC9\RGB2_SUB30ACT9F16.jpg,1,1,0.9966057538986206
740,30,9,31,D:\Skripsi\Experiment\data\raw\RGB2\S30\AC9\RGB2_SUB30ACT9F31.jpg,1,1,0.9999715089797974
741,30,9,46,D:\Skripsi\Experiment\data\raw\RGB2\S30\AC9\RGB2_SUB30ACT9F46.jpg,1,1,0.9809316992759705
742,30,9,61,D:\Skripsi\Experiment\data\raw\RGB2\S30\AC9\RGB2_SUB30ACT9F61.jpg,1,1,0.9964240193367004
743,30,9,76,D:\Skripsi\Experiment\data\raw\RGB2\S30\AC9\RGB2_SUB30ACT9F76.jpg,1,1,0.9999979734420776
744,30,9,91,D:\Skripsi\Experiment\data\raw\RGB2\S30\AC9\RGB2_SUB30ACT9F91.jpg,1,1,0.9999809265136719
745,31,1,1,D:\Skripsi\Experiment\data\raw\RGB2\S31\AC1\RGB2_SUB31ACT1F1.jpg,0,0,2.7425727239460684e-05
746,31,1,16,D:\Skripsi\Experiment\data\raw\RGB2\S31\AC1\RGB2_SUB31ACT1F16.jpg,0,0,6.621498323511332e-05
747,31,1,31,D:\Skripsi\Experiment\data\raw\RGB2\S31\AC1\RGB2_SUB31ACT1F31.jpg,0,0,0.00012702583626378328
748,31,1,46,D:\Skripsi\Experiment\data\raw\RGB2\S31\AC1\RGB2_SUB31ACT1F46.jpg,0,0,0.0002564287860877812
749,31,1,61,D:\Skripsi\Experiment\data\raw\RGB2\S31\AC1\RGB2_SUB31ACT1F61.jpg,0,0,0.00024873545044101775
750,31,1,76,D:\Skripsi\Experiment\data\raw\RGB2\S31\AC1\RGB2_SUB31ACT1F76.jpg,0,0,0.00042411411413922906
751,31,1,91,D:\Skripsi\Experiment\data\raw\RGB2\S31\AC1\RGB2_SUB31ACT1F91.jpg,0,0,0.0004937306512147188
752,31,5,1,D:\Skripsi\Experiment\data\raw\RGB2\S31\AC5\RGB2_SUB31ACT5F1.jpg,1,1,0.9999477863311768
753,31,5,16,D:\Skripsi\Experiment\data\raw\RGB2\S31\AC5\RGB2_SUB31ACT5F16.jpg,1,1,0.9999408721923828
754,31,5,31,D:\Skripsi\Experiment\data\raw\RGB2\S31\AC5\RGB2_SUB31ACT5F31.jpg,1,1,0.9998489618301392
755,31,5,46,D:\Skripsi\Experiment\data\raw\RGB2\S31\AC5\RGB2_SUB31ACT5F46.jpg,1,1,0.9992527365684509
756,31,5,61,D:\Skripsi\Experiment\data\raw\RGB2\S31\AC5\RGB2_SUB31ACT5F61.jpg,1,1,0.9997090697288513
757,31,5,76,D:\Skripsi\Experiment\data\raw\RGB2\S31\AC5\RGB2_SUB31ACT5F76.jpg,1,1,0.9998730421066284
758,31,5,91,D:\Skripsi\Experiment\data\raw\RGB2\S31\AC5\RGB2_SUB31ACT5F91.jpg,1,1,0.9999017715454102
759,31,6,1,D:\Skripsi\Experiment\data\raw\RGB2\S31\AC6\RGB2_SUB31ACT6F1.jpg,1,1,0.9992691874504089
760,31,6,16,D:\Skripsi\Experiment\data\raw\RGB2\S31\AC6\RGB2_SUB31ACT6F16.jpg,1,1,0.9999045133590698
761,31,6,31,D:\Skripsi\Experiment\data\raw\RGB2\S31\AC6\RGB2_SUB31ACT6F31.jpg,1,1,0.9997856020927429
762,31,6,46,D:\Skripsi\Experiment\data\raw\RGB2\S31\AC6\RGB2_SUB31ACT6F46.jpg,1,1,0.9992337226867676
763,31,6,61,D:\Skripsi\Experiment\data\raw\RGB2\S31\AC6\RGB2_SUB31ACT6F61.jpg,1,1,0.990786075592041
764,31,6,76,D:\Skripsi\Experiment\data\raw\RGB2\S31\AC6\RGB2_SUB31ACT6F76.jpg,1,1,0.9993630051612854
765,31,7,1,D:\Skripsi\Experiment\data\raw\RGB2\S31\AC7\RGB2_SUB31ACT7F1.jpg,1,1,0.9999039173126221
766,31,7,106,D:\Skripsi\Experiment\data\raw\RGB2\S31\AC7\RGB2_SUB31ACT7F106.jpg,1,1,0.9999771118164062
767,31,7,16,D:\Skripsi\Experiment\data\raw\RGB2\S31\AC7\RGB2_SUB31ACT7F16.jpg,1,1,0.9999560117721558
768,31,7,31,D:\Skripsi\Experiment\data\raw\RGB2\S31\AC7\RGB2_SUB31ACT7F31.jpg,1,1,0.9999396800994873
769,31,7,46,D:\Skripsi\Experiment\data\raw\RGB2\S31\AC7\RGB2_SUB31ACT7F46.jpg,1,1,0.9999730587005615
770,31,7,61,D:\Skripsi\Experiment\data\raw\RGB2\S31\AC7\RGB2_SUB31ACT7F61.jpg,1,1,0.9983148574829102
771,31,7,76,D:\Skripsi\Experiment\data\raw\RGB2\S31\AC7\RGB2_SUB31ACT7F76.jpg,1,1,0.9996789693832397
772,31,7,91,D:\Skripsi\Experiment\data\raw\RGB2\S31\AC7\RGB2_SUB31ACT7F91.jpg,1,1,0.999333918094635
773,31,8,1,D:\Skripsi\Experiment\data\raw\RGB2\S31\AC8\RGB2_SUB31ACT8F1.jpg,1,1,0.9993027448654175
774,31,8,106,D:\Skripsi\Experiment\data\raw\RGB2\S31\AC8\RGB2_SUB31ACT8F106.jpg,1,1,0.9999517202377319
775,31,8,121,D:\Skripsi\Experiment\data\raw\RGB2\S31\AC8\RGB2_SUB31ACT8F121.jpg,1,1,0.9999799728393555
776,31,8,16,D:\Skripsi\Experiment\data\raw\RGB2\S31\AC8\RGB2_SUB31ACT8F16.jpg,1,1,0.9983285069465637
777,31,8,31,D:\Skripsi\Experiment\data\raw\RGB2\S31\AC8\RGB2_SUB31ACT8F31.jpg,1,1,0.9998574256896973
778,31,8,46,D:\Skripsi\Experiment\data\raw\RGB2\S31\AC8\RGB2_SUB31ACT8F46.jpg,1,1,0.9999257326126099
779,31,8,61,D:\Skripsi\Experiment\data\raw\RGB2\S31\AC8\RGB2_SUB31ACT8F61.jpg,1,1,0.9998959302902222
780,31,8,76,D:\Skripsi\Experiment\data\raw\RGB2\S31\AC8\RGB2_SUB31ACT8F76.jpg,1,1,0.9999709129333496
781,31,8,91,D:\Skripsi\Experiment\data\raw\RGB2\S31\AC8\RGB2_SUB31ACT8F91.jpg,1,1,0.9998531341552734
782,31,9,1,D:\Skripsi\Experiment\data\raw\RGB2\S31\AC9\RGB2_SUB31ACT9F1.jpg,1,1,0.9999717473983765
783,31,9,106,D:\Skripsi\Experiment\data\raw\RGB2\S31\AC9\RGB2_SUB31ACT9F106.jpg,1,1,0.9899369478225708
784,31,9,121,D:\Skripsi\Experiment\data\raw\RGB2\S31\AC9\RGB2_SUB31ACT9F121.jpg,1,1,0.9977189898490906
785,31,9,136,D:\Skripsi\Experiment\data\raw\RGB2\S31\AC9\RGB2_SUB31ACT9F136.jpg,1,1,0.9981217980384827
786,31,9,16,D:\Skripsi\Experiment\data\raw\RGB2\S31\AC9\RGB2_SUB31ACT9F16.jpg,1,1,0.9957484602928162
787,31,9,31,D:\Skripsi\Experiment\data\raw\RGB2\S31\AC9\RGB2_SUB31ACT9F31.jpg,1,1,0.9985684156417847
788,31,9,46,D:\Skripsi\Experiment\data\raw\RGB2\S31\AC9\RGB2_SUB31ACT9F46.jpg,1,1,0.9981831908226013
789,31,9,61,D:\Skripsi\Experiment\data\raw\RGB2\S31\AC9\RGB2_SUB31ACT9F61.jpg,1,1,0.9995253086090088
790,31,9,76,D:\Skripsi\Experiment\data\raw\RGB2\S31\AC9\RGB2_SUB31ACT9F76.jpg,1,1,0.9990378618240356
791,31,9,91,D:\Skripsi\Experiment\data\raw\RGB2\S31\AC9\RGB2_SUB31ACT9F91.jpg,1,1,0.987544059753418
792,32,1,1,D:\Skripsi\Experiment\data\raw\RGB2\S32\AC1\RGB2_SUB32ACT1F1.jpg,0,0,0.00016214103379752487
793,32,1,16,D:\Skripsi\Experiment\data\raw\RGB2\S32\AC1\RGB2_SUB32ACT1F16.jpg,0,0,1.0908301106837826e-07
794,32,1,31,D:\Skripsi\Experiment\data\raw\RGB2\S32\AC1\RGB2_SUB32ACT1F31.jpg,0,0,1.0098229950017412e-06
795,32,1,46,D:\Skripsi\Experiment\data\raw\RGB2\S32\AC1\RGB2_SUB32ACT1F46.jpg,0,0,8.49508467126725e-07
796,32,1,61,D:\Skripsi\Experiment\data\raw\RGB2\S32\AC1\RGB2_SUB32ACT1F61.jpg,0,0,2.075871492479564e-07
797,32,1,76,D:\Skripsi\Experiment\data\raw\RGB2\S32\AC1\RGB2_SUB32ACT1F76.jpg,0,0,1.2955584338669723e-07
798,32,1,91,D:\Skripsi\Experiment\data\raw\RGB2\S32\AC1\RGB2_SUB32ACT1F91.jpg,0,0,4.849474862567149e-06
799,32,5,1,D:\Skripsi\Experiment\data\raw\RGB2\S32\AC5\RGB2_SUB32ACT5F1.jpg,1,1,0.9987924098968506
800,32,5,16,D:\Skripsi\Experiment\data\raw\RGB2\S32\AC5\RGB2_SUB32ACT5F16.jpg,1,1,0.9999850988388062
801,32,5,31,D:\Skripsi\Experiment\data\raw\RGB2\S32\AC5\RGB2_SUB32ACT5F31.jpg,1,1,0.9999604225158691
802,32,5,46,D:\Skripsi\Experiment\data\raw\RGB2\S32\AC5\RGB2_SUB32ACT5F46.jpg,1,1,0.9999969005584717
803,32,5,61,D:\Skripsi\Experiment\data\raw\RGB2\S32\AC5\RGB2_SUB32ACT5F61.jpg,1,1,0.9997822642326355
804,32,5,76,D:\Skripsi\Experiment\data\raw\RGB2\S32\AC5\RGB2_SUB32ACT5F76.jpg,1,1,0.9952664375305176
805,32,5,91,D:\Skripsi\Experiment\data\raw\RGB2\S32\AC5\RGB2_SUB32ACT5F91.jpg,1,1,0.9990001320838928
806,32,6,1,D:\Skripsi\Experiment\data\raw\RGB2\S32\AC6\RGB2_SUB32ACT6F1.jpg,1,1,0.9993205070495605
807,32,6,16,D:\Skripsi\Experiment\data\raw\RGB2\S32\AC6\RGB2_SUB32ACT6F16.jpg,1,1,0.9980852603912354
808,32,6,31,D:\Skripsi\Experiment\data\raw\RGB2\S32\AC6\RGB2_SUB32ACT6F31.jpg,1,1,0.9997900128364563
809,32,6,46,D:\Skripsi\Experiment\data\raw\RGB2\S32\AC6\RGB2_SUB32ACT6F46.jpg,1,1,0.9998992681503296
810,32,6,61,D:\Skripsi\Experiment\data\raw\RGB2\S32\AC6\RGB2_SUB32ACT6F61.jpg,1,1,0.9958723187446594
811,32,6,76,D:\Skripsi\Experiment\data\raw\RGB2\S32\AC6\RGB2_SUB32ACT6F76.jpg,1,1,0.9984177350997925
812,32,6,91,D:\Skripsi\Experiment\data\raw\RGB2\S32\AC6\RGB2_SUB32ACT6F91.jpg,1,1,0.9988986253738403
813,32,7,1,D:\Skripsi\Experiment\data\raw\RGB2\S32\AC7\RGB2_SUB32ACT7F1.jpg,1,1,0.9998764991760254
814,32,7,16,D:\Skripsi\Experiment\data\raw\RGB2\S32\AC7\RGB2_SUB32ACT7F16.jpg,1,1,0.9988256096839905
815,32,7,31,D:\Skripsi\Experiment\data\raw\RGB2\S32\AC7\RGB2_SUB32ACT7F31.jpg,1,1,0.9978821873664856
816,32,7,46,D:\Skripsi\Experiment\data\raw\RGB2\S32\AC7\RGB2_SUB32ACT7F46.jpg,1,1,0.9995841383934021
817,32,7,61,D:\Skripsi\Experiment\data\raw\RGB2\S32\AC7\RGB2_SUB32ACT7F61.jpg,1,1,0.999975323677063
818,32,7,76,D:\Skripsi\Experiment\data\raw\RGB2\S32\AC7\RGB2_SUB32ACT7F76.jpg,1,1,0.9999758005142212
819,32,7,91,D:\Skripsi\Experiment\data\raw\RGB2\S32\AC7\RGB2_SUB32ACT7F91.jpg,1,1,0.9996566772460938
820,32,8,1,D:\Skripsi\Experiment\data\raw\RGB2\S32\AC8\RGB2_SUB32ACT8F1.jpg,1,1,0.9998291730880737
821,32,8,16,D:\Skripsi\Experiment\data\raw\RGB2\S32\AC8\RGB2_SUB32ACT8F16.jpg,1,1,0.999859094619751
822,32,8,31,D:\Skripsi\Experiment\data\raw\RGB2\S32\AC8\RGB2_SUB32ACT8F31.jpg,1,1,0.997041642665863
823,32,8,46,D:\Skripsi\Experiment\data\raw\RGB2\S32\AC8\RGB2_SUB32ACT8F46.jpg,1,1,0.9975287318229675
824,32,8,61,D:\Skripsi\Experiment\data\raw\RGB2\S32\AC8\RGB2_SUB32ACT8F61.jpg,1,1,0.9998332262039185
825,32,8,76,D:\Skripsi\Experiment\data\raw\RGB2\S32\AC8\RGB2_SUB32ACT8F76.jpg,1,1,0.9998993873596191
826,32,9,1,D:\Skripsi\Experiment\data\raw\RGB2\S32\AC9\RGB2_SUB32ACT9F1.jpg,1,1,0.9970875382423401
827,32,9,16,D:\Skripsi\Experiment\data\raw\RGB2\S32\AC9\RGB2_SUB32ACT9F16.jpg,1,1,0.9994885921478271
828,32,9,31,D:\Skripsi\Experiment\data\raw\RGB2\S32\AC9\RGB2_SUB32ACT9F31.jpg,1,1,0.9990422129631042
829,32,9,46,D:\Skripsi\Experiment\data\raw\RGB2\S32\AC9\RGB2_SUB32ACT9F46.jpg,1,1,0.9999600648880005
830,32,9,61,D:\Skripsi\Experiment\data\raw\RGB2\S32\AC9\RGB2_SUB32ACT9F61.jpg,1,1,0.9998421669006348
831,33,1,1,D:\Skripsi\Experiment\data\raw\RGB2\S33\AC1\RGB2_SUB33ACT1F1.jpg,0,0,0.00012550757674034685
832,33,1,16,D:\Skripsi\Experiment\data\raw\RGB2\S33\AC1\RGB2_SUB33ACT1F16.jpg,0,0,0.00022676363005302846
833,33,1,31,D:\Skripsi\Experiment\data\raw\RGB2\S33\AC1\RGB2_SUB33ACT1F31.jpg,0,0,4.7386820369865745e-05
834,33,1,46,D:\Skripsi\Experiment\data\raw\RGB2\S33\AC1\RGB2_SUB33ACT1F46.jpg,0,0,0.00029800276388414204
835,33,1,61,D:\Skripsi\Experiment\data\raw\RGB2\S33\AC1\RGB2_SUB33ACT1F61.jpg,0,0,0.0001727449125610292
836,33,1,76,D:\Skripsi\Experiment\data\raw\RGB2\S33\AC1\RGB2_SUB33ACT1F76.jpg,0,0,0.0016885302029550076
837,33,5,1,D:\Skripsi\Experiment\data\raw\RGB2\S33\AC5\RGB2_SUB33ACT5F1.jpg,1,1,0.9999719858169556
838,33,5,16,D:\Skripsi\Experiment\data\raw\RGB2\S33\AC5\RGB2_SUB33ACT5F16.jpg,1,1,0.9999909400939941
839,33,5,31,D:\Skripsi\Experiment\data\raw\RGB2\S33\AC5\RGB2_SUB33ACT5F31.jpg,1,1,0.9999262094497681
840,33,5,46,D:\Skripsi\Experiment\data\raw\RGB2\S33\AC5\RGB2_SUB33ACT5F46.jpg,1,1,0.9999750852584839
841,33,5,61,D:\Skripsi\Experiment\data\raw\RGB2\S33\AC5\RGB2_SUB33ACT5F61.jpg,1,1,0.9997710585594177
842,33,5,76,D:\Skripsi\Experiment\data\raw\RGB2\S33\AC5\RGB2_SUB33ACT5F76.jpg,1,1,0.9998475313186646
843,33,6,1,D:\Skripsi\Experiment\data\raw\RGB2\S33\AC6\RGB2_SUB33ACT6F1.jpg,1,1,0.9995495676994324
844,33,6,16,D:\Skripsi\Experiment\data\raw\RGB2\S33\AC6\RGB2_SUB33ACT6F16.jpg,1,1,0.9999485015869141
845,33,6,31,D:\Skripsi\Experiment\data\raw\RGB2\S33\AC6\RGB2_SUB33ACT6F31.jpg,1,1,0.9996997117996216
846,33,6,46,D:\Skripsi\Experiment\data\raw\RGB2\S33\AC6\RGB2_SUB33ACT6F46.jpg,1,1,0.9998311996459961
847,33,6,61,D:\Skripsi\Experiment\data\raw\RGB2\S33\AC6\RGB2_SUB33ACT6F61.jpg,1,1,0.9999513626098633
848,33,6,76,D:\Skripsi\Experiment\data\raw\RGB2\S33\AC6\RGB2_SUB33ACT6F76.jpg,1,1,0.9999452829360962
849,33,7,1,D:\Skripsi\Experiment\data\raw\RGB2\S33\AC7\RGB2_SUB33ACT7F1.jpg,1,1,0.9998981952667236
850,33,7,16,D:\Skripsi\Experiment\data\raw\RGB2\S33\AC7\RGB2_SUB33ACT7F16.jpg,1,1,0.9999200105667114
851,33,7,31,D:\Skripsi\Experiment\data\raw\RGB2\S33\AC7\RGB2_SUB33ACT7F31.jpg,1,1,0.9997758269309998
852,33,7,46,D:\Skripsi\Experiment\data\raw\RGB2\S33\AC7\RGB2_SUB33ACT7F46.jpg,1,1,0.9975090026855469
853,33,7,61,D:\Skripsi\Experiment\data\raw\RGB2\S33\AC7\RGB2_SUB33ACT7F61.jpg,1,1,0.99972003698349
854,33,7,76,D:\Skripsi\Experiment\data\raw\RGB2\S33\AC7\RGB2_SUB33ACT7F76.jpg,1,1,0.9999856948852539
855,33,7,91,D:\Skripsi\Experiment\data\raw\RGB2\S33\AC7\RGB2_SUB33ACT7F91.jpg,1,1,0.9999929666519165
856,33,8,1,D:\Skripsi\Experiment\data\raw\RGB2\S33\AC8\RGB2_SUB33ACT8F1.jpg,1,1,0.9989776611328125
857,33,8,106,D:\Skripsi\Experiment\data\raw\RGB2\S33\AC8\RGB2_SUB33ACT8F106.jpg,1,1,0.999970555305481
858,33,8,16,D:\Skripsi\Experiment\data\raw\RGB2\S33\AC8\RGB2_SUB33ACT8F16.jpg,1,1,0.997270405292511
859,33,8,31,D:\Skripsi\Experiment\data\raw\RGB2\S33\AC8\RGB2_SUB33ACT8F31.jpg,1,1,0.9999834299087524
860,33,8,46,D:\Skripsi\Experiment\data\raw\RGB2\S33\AC8\RGB2_SUB33ACT8F46.jpg,1,1,0.9998887777328491
861,33,8,61,D:\Skripsi\Experiment\data\raw\RGB2\S33\AC8\RGB2_SUB33ACT8F61.jpg,1,1,0.999157190322876
862,33,8,76,D:\Skripsi\Experiment\data\raw\RGB2\S33\AC8\RGB2_SUB33ACT8F76.jpg,1,1,0.9996833801269531
863,33,8,91,D:\Skripsi\Experiment\data\raw\RGB2\S33\AC8\RGB2_SUB33ACT8F91.jpg,1,1,0.9998196959495544
864,33,9,1,D:\Skripsi\Experiment\data\raw\RGB2\S33\AC9\RGB2_SUB33ACT9F1.jpg,1,1,0.9991704225540161
865,33,9,16,D:\Skripsi\Experiment\data\raw\RGB2\S33\AC9\RGB2_SUB33ACT9F16.jpg,1,1,0.9997783303260803
866,33,9,31,D:\Skripsi\Experiment\data\raw\RGB2\S33\AC9\RGB2_SUB33ACT9F31.jpg,1,1,0.9999074935913086
867,33,9,46,D:\Skripsi\Experiment\data\raw\RGB2\S33\AC9\RGB2_SUB33ACT9F46.jpg,1,1,0.9995458722114563
868,33,9,61,D:\Skripsi\Experiment\data\raw\RGB2\S33\AC9\RGB2_SUB33ACT9F61.jpg,1,1,0.9998281002044678
869,33,9,76,D:\Skripsi\Experiment\data\raw\RGB2\S33\AC9\RGB2_SUB33ACT9F76.jpg,1,1,0.9993255138397217
870,33,9,91,D:\Skripsi\Experiment\data\raw\RGB2\S33\AC9\RGB2_SUB33ACT9F91.jpg,1,1,0.9998335838317871
871,34,1,1,D:\Skripsi\Experiment\data\raw\RGB2\S34\AC1\RGB2_SUB34ACT1F1.jpg,0,0,2.4396098297074786e-07
872,34,1,16,D:\Skripsi\Experiment\data\raw\RGB2\S34\AC1\RGB2_SUB34ACT1F16.jpg,0,0,5.111446625960525e-06
873,34,1,31,D:\Skripsi\Experiment\data\raw\RGB2\S34\AC1\RGB2_SUB34ACT1F31.jpg,0,0,1.1029284223695868e-06
874,34,1,46,D:\Skripsi\Experiment\data\raw\RGB2\S34\AC1\RGB2_SUB34ACT1F46.jpg,0,0,2.161659949706518e-06
875,34,1,61,D:\Skripsi\Experiment\data\raw\RGB2\S34\AC1\RGB2_SUB34ACT1F61.jpg,0,0,2.0084225127448008e-07
876,34,5,1,D:\Skripsi\Experiment\data\raw\RGB2\S34\AC5\RGB2_SUB34ACT5F1.jpg,1,1,0.9999371767044067
877,34,5,16,D:\Skripsi\Experiment\data\raw\RGB2\S34\AC5\RGB2_SUB34ACT5F16.jpg,1,1,0.9998960494995117
878,34,5,31,D:\Skripsi\Experiment\data\raw\RGB2\S34\AC5\RGB2_SUB34ACT5F31.jpg,1,1,0.9999635219573975
879,34,5,46,D:\Skripsi\Experiment\data\raw\RGB2\S34\AC5\RGB2_SUB34ACT5F46.jpg,1,1,0.9999513626098633
880,34,5,61,D:\Skripsi\Experiment\data\raw\RGB2\S34\AC5\RGB2_SUB34ACT5F61.jpg,1,1,0.9998880624771118
881,34,5,76,D:\Skripsi\Experiment\data\raw\RGB2\S34\AC5\RGB2_SUB34ACT5F76.jpg,1,1,0.9998345375061035
882,34,6,1,D:\Skripsi\Experiment\data\raw\RGB2\S34\AC6\RGB2_SUB34ACT6F1.jpg,1,1,0.999976634979248
883,34,6,16,D:\Skripsi\Experiment\data\raw\RGB2\S34\AC6\RGB2_SUB34ACT6F16.jpg,1,1,0.9998708963394165
884,34,6,31,D:\Skripsi\Experiment\data\raw\RGB2\S34\AC6\RGB2_SUB34ACT6F31.jpg,1,1,0.9999635219573975
885,34,6,46,D:\Skripsi\Experiment\data\raw\RGB2\S34\AC6\RGB2_SUB34ACT6F46.jpg,1,1,0.9996588230133057
886,34,6,61,D:\Skripsi\Experiment\data\raw\RGB2\S34\AC6\RGB2_SUB34ACT6F61.jpg,1,1,0.9999914169311523
887,34,7,1,D:\Skripsi\Experiment\data\raw\RGB2\S34\AC7\RGB2_SUB34ACT7F1.jpg,1,1,0.9998990297317505
888,34,7,16,D:\Skripsi\Experiment\data\raw\RGB2\S34\AC7\RGB2_SUB34ACT7F16.jpg,1,1,0.9999861717224121
889,34,7,31,D:\Skripsi\Experiment\data\raw\RGB2\S34\AC7\RGB2_SUB34ACT7F31.jpg,1,1,0.9999192953109741
890,34,7,46,D:\Skripsi\Experiment\data\raw\RGB2\S34\AC7\RGB2_SUB34ACT7F46.jpg,1,1,0.9998369216918945
891,34,7,61,D:\Skripsi\Experiment\data\raw\RGB2\S34\AC7\RGB2_SUB34ACT7F61.jpg,1,1,0.999825656414032
892,34,7,76,D:\Skripsi\Experiment\data\raw\RGB2\S34\AC7\RGB2_SUB34ACT7F76.jpg,1,1,0.9994895458221436
893,34,8,1,D:\Skripsi\Experiment\data\raw\RGB2\S34\AC8\RGB2_SUB34ACT8F1.jpg,1,1,0.9999575614929199
894,34,8,16,D:\Skripsi\Experiment\data\raw\RGB2\S34\AC8\RGB2_SUB34ACT8F16.jpg,1,1,0.9993401169776917
895,34,8,31,D:\Skripsi\Experiment\data\raw\RGB2\S34\AC8\RGB2_SUB34ACT8F31.jpg,1,1,0.999679684638977
896,34,8,46,D:\Skripsi\Experiment\data\raw\RGB2\S34\AC8\RGB2_SUB34ACT8F46.jpg,1,1,0.9986798167228699
897,34,8,61,D:\Skripsi\Experiment\data\raw\RGB2\S34\AC8\RGB2_SUB34ACT8F61.jpg,1,1,0.999278724193573
898,34,8,76,D:\Skripsi\Experiment\data\raw\RGB2\S34\AC8\RGB2_SUB34ACT8F76.jpg,1,1,0.9999302625656128
899,34,8,91,D:\Skripsi\Experiment\data\raw\RGB2\S34\AC8\RGB2_SUB34ACT8F91.jpg,1,1,0.9998780488967896
900,34,9,1,D:\Skripsi\Experiment\data\raw\RGB2\S34\AC9\RGB2_SUB34ACT9F1.jpg,1,1,0.9999778270721436
901,34,9,16,D:\Skripsi\Experiment\data\raw\RGB2\S34\AC9\RGB2_SUB34ACT9F16.jpg,1,1,0.9999654293060303
902,34,9,31,D:\Skripsi\Experiment\data\raw\RGB2\S34\AC9\RGB2_SUB34ACT9F31.jpg,1,1,0.9999855756759644
903,34,9,46,D:\Skripsi\Experiment\data\raw\RGB2\S34\AC9\RGB2_SUB34ACT9F46.jpg,1,1,0.9998421669006348
904,34,9,61,D:\Skripsi\Experiment\data\raw\RGB2\S34\AC9\RGB2_SUB34ACT9F61.jpg,1,1,0.9999908208847046
905,34,9,76,D:\Skripsi\Experiment\data\raw\RGB2\S34\AC9\RGB2_SUB34ACT9F76.jpg,1,1,0.9999216794967651
906,35,1,1,D:\Skripsi\Experiment\data\raw\RGB2\S35\AC1\RGB2_SUB35ACT1F1.jpg,0,0,4.865919254370965e-05
907,35,1,106,D:\Skripsi\Experiment\data\raw\RGB2\S35\AC1\RGB2_SUB35ACT1F106.jpg,0,0,4.939899554301519e-06
908,35,1,121,D:\Skripsi\Experiment\data\raw\RGB2\S35\AC1\RGB2_SUB35ACT1F121.jpg,0,0,3.1418193202625844e-07
909,35,1,16,D:\Skripsi\Experiment\data\raw\RGB2\S35\AC1\RGB2_SUB35ACT1F16.jpg,0,0,4.794523192686029e-06
910,35,1,31,D:\Skripsi\Experiment\data\raw\RGB2\S35\AC1\RGB2_SUB35ACT1F31.jpg,0,0,1.7971791749005206e-05
911,35,1,46,D:\Skripsi\Experiment\data\raw\RGB2\S35\AC1\RGB2_SUB35ACT1F46.jpg,0,0,7.558055585832335e-07
912,35,1,61,D:\Skripsi\Experiment\data\raw\RGB2\S35\AC1\RGB2_SUB35ACT1F61.jpg,0,0,3.191941004843102e-07
913,35,1,76,D:\Skripsi\Experiment\data\raw\RGB2\S35\AC1\RGB2_SUB35ACT1F76.jpg,0,0,7.957615935083595e-07
914,35,1,91,D:\Skripsi\Experiment\data\raw\RGB2\S35\AC1\RGB2_SUB35ACT1F91.jpg,0,0,8.313963917316869e-07
915,35,5,1,D:\Skripsi\Experiment\data\raw\RGB2\S35\AC5\RGB2_SUB35ACT5F1.jpg,1,1,0.999956488609314
916,35,5,106,D:\Skripsi\Experiment\data\raw\RGB2\S35\AC5\RGB2_SUB35ACT5F106.jpg,1,1,0.9989737272262573
917,35,5,16,D:\Skripsi\Experiment\data\raw\RGB2\S35\AC5\RGB2_SUB35ACT5F16.jpg,1,1,0.999406099319458
918,35,5,31,D:\Skripsi\Experiment\data\raw\RGB2\S35\AC5\RGB2_SUB35ACT5F31.jpg,1,1,0.997498095035553
919,35,5,46,D:\Skripsi\Experiment\data\raw\RGB2\S35\AC5\RGB2_SUB35ACT5F46.jpg,1,1,0.9997647404670715
920,35,5,61,D:\Skripsi\Experiment\data\raw\RGB2\S35\AC5\RGB2_SUB35ACT5F61.jpg,1,1,0.9997418522834778
921,35,5,76,D:\Skripsi\Experiment\data\raw\RGB2\S35\AC5\RGB2_SUB35ACT5F76.jpg,1,1,0.9992306232452393
922,35,5,91,D:\Skripsi\Experiment\data\raw\RGB2\S35\AC5\RGB2_SUB35ACT5F91.jpg,1,1,0.9979727864265442
923,35,6,1,D:\Skripsi\Experiment\data\raw\RGB2\S35\AC6\RGB2_SUB35ACT6F1.jpg,1,1,0.9999793767929077
924,35,6,106,D:\Skripsi\Experiment\data\raw\RGB2\S35\AC6\RGB2_SUB35ACT6F106.jpg,1,1,0.9999055862426758
925,35,6,121,D:\Skripsi\Experiment\data\raw\RGB2\S35\AC6\RGB2_SUB35ACT6F121.jpg,1,1,0.9999880790710449
926,35,6,136,D:\Skripsi\Experiment\data\raw\RGB2\S35\AC6\RGB2_SUB35ACT6F136.jpg,1,1,0.9997937083244324
927,35,6,151,D:\Skripsi\Experiment\data\raw\RGB2\S35\AC6\RGB2_SUB35ACT6F151.jpg,1,1,0.9999537467956543
928,35,6,16,D:\Skripsi\Experiment\data\raw\RGB2\S35\AC6\RGB2_SUB35ACT6F16.jpg,1,1,0.9999346733093262
929,35,6,166,D:\Skripsi\Experiment\data\raw\RGB2\S35\AC6\RGB2_SUB35ACT6F166.jpg,1,1,0.9999983310699463
930,35,6,31,D:\Skripsi\Experiment\data\raw\RGB2\S35\AC6\RGB2_SUB35ACT6F31.jpg,1,1,0.9995810389518738
931,35,6,46,D:\Skripsi\Experiment\data\raw\RGB2\S35\AC6\RGB2_SUB35ACT6F46.jpg,1,1,0.999984860420227
932,35,6,61,D:\Skripsi\Experiment\data\raw\RGB2\S35\AC6\RGB2_SUB35ACT6F61.jpg,1,1,0.9998996257781982
933,35,6,76,D:\Skripsi\Experiment\data\raw\RGB2\S35\AC6\RGB2_SUB35ACT6F76.jpg,1,1,0.9999933242797852
934,35,6,91,D:\Skripsi\Experiment\data\raw\RGB2\S35\AC6\RGB2_SUB35ACT6F91.jpg,1,1,0.9999741315841675
935,35,7,1,D:\Skripsi\Experiment\data\raw\RGB2\S35\AC7\RGB2_SUB35ACT7F1.jpg,1,1,0.9999943971633911
936,35,7,106,D:\Skripsi\Experiment\data\raw\RGB2\S35\AC7\RGB2_SUB35ACT7F106.jpg,1,1,0.999593198299408
937,35,7,121,D:\Skripsi\Experiment\data\raw\RGB2\S35\AC7\RGB2_SUB35ACT7F121.jpg,1,1,0.99982088804245
938,35,7,136,D:\Skripsi\Experiment\data\raw\RGB2\S35\AC7\RGB2_SUB35ACT7F136.jpg,1,1,0.9997897744178772
939,35,7,151,D:\Skripsi\Experiment\data\raw\RGB2\S35\AC7\RGB2_SUB35ACT7F151.jpg,1,1,0.9997383952140808
940,35,7,16,D:\Skripsi\Experiment\data\raw\RGB2\S35\AC7\RGB2_SUB35ACT7F16.jpg,1,1,0.9998250603675842
941,35,7,166,D:\Skripsi\Experiment\data\raw\RGB2\S35\AC7\RGB2_SUB35ACT7F166.jpg,1,1,0.9998854398727417
942,35,7,181,D:\Skripsi\Experiment\data\raw\RGB2\S35\AC7\RGB2_SUB35ACT7F181.jpg,1,1,0.9995627999305725
943,35,7,31,D:\Skripsi\Experiment\data\raw\RGB2\S35\AC7\RGB2_SUB35ACT7F31.jpg,1,1,0.999834418296814
944,35,7,46,D:\Skripsi\Experiment\data\raw\RGB2\S35\AC7\RGB2_SUB35ACT7F46.jpg,1,1,0.9999198913574219
945,35,7,61,D:\Skripsi\Experiment\data\raw\RGB2\S35\AC7\RGB2_SUB35ACT7F61.jpg,1,1,0.999953031539917
946,35,7,76,D:\Skripsi\Experiment\data\raw\RGB2\S35\AC7\RGB2_SUB35ACT7F76.jpg,1,1,0.9998877048492432
947,35,7,91,D:\Skripsi\Experiment\data\raw\RGB2\S35\AC7\RGB2_SUB35ACT7F91.jpg,1,1,0.9995256662368774
948,35,8,1,D:\Skripsi\Experiment\data\raw\RGB2\S35\AC8\RGB2_SUB35ACT8F1.jpg,1,1,0.9999324083328247
949,35,8,106,D:\Skripsi\Experiment\data\raw\RGB2\S35\AC8\RGB2_SUB35ACT8F106.jpg,1,1,0.9669250845909119
950,35,8,16,D:\Skripsi\Experiment\data\raw\RGB2\S35\AC8\RGB2_SUB35ACT8F16.jpg,1,1,0.9998711347579956
951,35,8,31,D:\Skripsi\Experiment\data\raw\RGB2\S35\AC8\RGB2_SUB35ACT8F31.jpg,1,1,0.9999666213989258
952,35,8,46,D:\Skripsi\Experiment\data\raw\RGB2\S35\AC8\RGB2_SUB35ACT8F46.jpg,1,1,0.9997518658638
953,35,8,61,D:\Skripsi\Experiment\data\raw\RGB2\S35\AC8\RGB2_SUB35ACT8F61.jpg,1,1,0.9998061060905457
954,35,8,76,D:\Skripsi\Experiment\data\raw\RGB2\S35\AC8\RGB2_SUB35ACT8F76.jpg,1,1,0.9998216032981873
955,35,8,91,D:\Skripsi\Experiment\data\raw\RGB2\S35\AC8\RGB2_SUB35ACT8F91.jpg,1,1,0.9998410940170288
956,35,9,1,D:\Skripsi\Experiment\data\raw\RGB2\S35\AC9\RGB2_SUB35ACT9F1.jpg,1,1,0.9997957348823547
957,35,9,106,D:\Skripsi\Experiment\data\raw\RGB2\S35\AC9\RGB2_SUB35ACT9F106.jpg,1,1,0.9998892545700073
958,35,9,121,D:\Skripsi\Experiment\data\raw\RGB2\S35\AC9\RGB2_SUB35ACT9F121.jpg,1,1,0.9995904564857483
959,35,9,16,D:\Skripsi\Experiment\data\raw\RGB2\S35\AC9\RGB2_SUB35ACT9F16.jpg,1,1,0.9998038411140442
960,35,9,31,D:\Skripsi\Experiment\data\raw\RGB2\S35\AC9\RGB2_SUB35ACT9F31.jpg,1,1,0.9998185038566589
961,35,9,46,D:\Skripsi\Experiment\data\raw\RGB2\S35\AC9\RGB2_SUB35ACT9F46.jpg,1,1,0.9999781847000122
962,35,9,61,D:\Skripsi\Experiment\data\raw\RGB2\S35\AC9\RGB2_SUB35ACT9F61.jpg,1,1,0.9999837875366211
963,35,9,76,D:\Skripsi\Experiment\data\raw\RGB2\S35\AC9\RGB2_SUB35ACT9F76.jpg,1,1,0.9999240636825562
964,35,9,91,D:\Skripsi\Experiment\data\raw\RGB2\S35\AC9\RGB2_SUB35ACT9F91.jpg,1,1,0.9996894598007202
965,36,1,1,D:\Skripsi\Experiment\data\raw\RGB2\S36\AC1\RGB2_SUB36ACT1F1.jpg,0,0,0.00017096829833462834
966,36,1,106,D:\Skripsi\Experiment\data\raw\RGB2\S36\AC1\RGB2_SUB36ACT1F106.jpg,0,0,0.0006583541398867965
967,36,1,121,D:\Skripsi\Experiment\data\raw\RGB2\S36\AC1\RGB2_SUB36ACT1F121.jpg,0,0,0.00019276567036285996
968,36,1,16,D:\Skripsi\Experiment\data\raw\RGB2\S36\AC1\RGB2_SUB36ACT1F16.jpg,0,0,0.002020270796492696
969,36,1,31,D:\Skripsi\Experiment\data\raw\RGB2\S36\AC1\RGB2_SUB36ACT1F31.jpg,0,0,0.00028906468651257455
970,36,1,46,D:\Skripsi\Experiment\data\raw\RGB2\S36\AC1\RGB2_SUB36ACT1F46.jpg,0,0,0.00016040595073718578
971,36,1,61,D:\Skripsi\Experiment\data\raw\RGB2\S36\AC1\RGB2_SUB36ACT1F61.jpg,0,0,8.173383685061708e-05
972,36,1,76,D:\Skripsi\Experiment\data\raw\RGB2\S36\AC1\RGB2_SUB36ACT1F76.jpg,0,0,0.0008304971270263195
973,36,1,91,D:\Skripsi\Experiment\data\raw\RGB2\S36\AC1\RGB2_SUB36ACT1F91.jpg,0,0,9.643693920224905e-05
974,36,5,1,D:\Skripsi\Experiment\data\raw\RGB2\S36\AC5\RGB2_SUB36ACT5F1.jpg,1,1,0.999996542930603
975,36,5,106,D:\Skripsi\Experiment\data\raw\RGB2\S36\AC5\RGB2_SUB36ACT5F106.jpg,1,1,0.9993984699249268
976,36,5,121,D:\Skripsi\Experiment\data\raw\RGB2\S36\AC5\RGB2_SUB36ACT5F121.jpg,1,1,0.9996629953384399
977,36,5,136,D:\Skripsi\Experiment\data\raw\RGB2\S36\AC5\RGB2_SUB36ACT5F136.jpg,1,1,0.9999611377716064
978,36,5,16,D:\Skripsi\Experiment\data\raw\RGB2\S36\AC5\RGB2_SUB36ACT5F16.jpg,1,1,0.9999780654907227
979,36,5,31,D:\Skripsi\Experiment\data\raw\RGB2\S36\AC5\RGB2_SUB36ACT5F31.jpg,1,1,0.999992847442627
980,36,5,46,D:\Skripsi\Experiment\data\raw\RGB2\S36\AC5\RGB2_SUB36ACT5F46.jpg,1,1,0.9995508790016174
981,36,5,61,D:\Skripsi\Experiment\data\raw\RGB2\S36\AC5\RGB2_SUB36ACT5F61.jpg,1,1,0.9999692440032959
982,36,5,76,D:\Skripsi\Experiment\data\raw\RGB2\S36\AC5\RGB2_SUB36ACT5F76.jpg,1,1,0.9999392032623291
983,36,5,91,D:\Skripsi\Experiment\data\raw\RGB2\S36\AC5\RGB2_SUB36ACT5F91.jpg,1,1,0.9996179342269897
984,36,6,1,D:\Skripsi\Experiment\data\raw\RGB2\S36\AC6\RGB2_SUB36ACT6F1.jpg,1,1,0.9998621940612793
985,36,6,16,D:\Skripsi\Experiment\data\raw\RGB2\S36\AC6\RGB2_SUB36ACT6F16.jpg,1,1,0.9998552799224854
986,36,6,31,D:\Skripsi\Experiment\data\raw\RGB2\S36\AC6\RGB2_SUB36ACT6F31.jpg,1,1,0.9998154044151306
987,36,6,46,D:\Skripsi\Experiment\data\raw\RGB2\S36\AC6\RGB2_SUB36ACT6F46.jpg,1,1,0.9999126195907593
988,36,6,61,D:\Skripsi\Experiment\data\raw\RGB2\S36\AC6\RGB2_SUB36ACT6F61.jpg,1,1,0.9998486042022705
989,36,6,76,D:\Skripsi\Experiment\data\raw\RGB2\S36\AC6\RGB2_SUB36ACT6F76.jpg,1,1,0.9991719722747803
990,36,6,91,D:\Skripsi\Experiment\data\raw\RGB2\S36\AC6\RGB2_SUB36ACT6F91.jpg,1,1,0.9979373216629028
991,36,7,1,D:\Skripsi\Experiment\data\raw\RGB2\S36\AC7\RGB2_SUB36ACT7F1.jpg,1,1,0.9999469518661499
992,36,7,106,D:\Skripsi\Experiment\data\raw\RGB2\S36\AC7\RGB2_SUB36ACT7F106.jpg,1,1,0.9985737800598145
993,36,7,121,D:\Skripsi\Experiment\data\raw\RGB2\S36\AC7\RGB2_SUB36ACT7F121.jpg,1,1,0.9947799444198608
994,36,7,16,D:\Skripsi\Experiment\data\raw\RGB2\S36\AC7\RGB2_SUB36ACT7F16.jpg,1,1,0.9988229870796204
995,36,7,31,D:\Skripsi\Experiment\data\raw\RGB2\S36\AC7\RGB2_SUB36ACT7F31.jpg,1,1,0.9996877908706665
996,36,7,46,D:\Skripsi\Experiment\data\raw\RGB2\S36\AC7\RGB2_SUB36ACT7F46.jpg,1,1,0.9994468092918396
997,36,7,61,D:\Skripsi\Experiment\data\raw\RGB2\S36\AC7\RGB2_SUB36ACT7F61.jpg,1,1,0.999657392501831
998,36,7,76,D:\Skripsi\Experiment\data\raw\RGB2\S36\AC7\RGB2_SUB36ACT7F76.jpg,1,1,0.9999821186065674
999,36,7,91,D:\Skripsi\Experiment\data\raw\RGB2\S36\AC7\RGB2_SUB36ACT7F91.jpg,1,1,0.9984682202339172
1000,36,8,1,D:\Skripsi\Experiment\data\raw\RGB2\S36\AC8\RGB2_SUB36ACT8F1.jpg,1,1,0.9997301697731018
1001,36,8,106,D:\Skripsi\Experiment\data\raw\RGB2\S36\AC8\RGB2_SUB36ACT8F106.jpg,1,1,0.9997923970222473
1002,36,8,121,D:\Skripsi\Experiment\data\raw\RGB2\S36\AC8\RGB2_SUB36ACT8F121.jpg,1,1,0.9997369647026062
1003,36,8,136,D:\Skripsi\Experiment\data\raw\RGB2\S36\AC8\RGB2_SUB36ACT8F136.jpg,1,1,0.9991540908813477
1004,36,8,16,D:\Skripsi\Experiment\data\raw\RGB2\S36\AC8\RGB2_SUB36ACT8F16.jpg,1,1,0.9997765421867371
1005,36,8,31,D:\Skripsi\Experiment\data\raw\RGB2\S36\AC8\RGB2_SUB36ACT8F31.jpg,1,1,0.999638557434082
1006,36,8,46,D:\Skripsi\Experiment\data\raw\RGB2\S36\AC8\RGB2_SUB36ACT8F46.jpg,1,1,0.9998109936714172
1007,36,8,61,D:\Skripsi\Experiment\data\raw\RGB2\S36\AC8\RGB2_SUB36ACT8F61.jpg,1,1,0.9999816417694092
1008,36,8,76,D:\Skripsi\Experiment\data\raw\RGB2\S36\AC8\RGB2_SUB36ACT8F76.jpg,1,1,0.9999537467956543
1009,36,8,91,D:\Skripsi\Experiment\data\raw\RGB2\S36\AC8\RGB2_SUB36ACT8F91.jpg,1,1,0.9967604279518127
1010,36,9,1,D:\Skripsi\Experiment\data\raw\RGB2\S36\AC9\RGB2_SUB36ACT9F1.jpg,1,1,0.9999920129776001
1011,36,9,106,D:\Skripsi\Experiment\data\raw\RGB2\S36\AC9\RGB2_SUB36ACT9F106.jpg,1,1,0.9993082284927368
1012,36,9,121,D:\Skripsi\Experiment\data\raw\RGB2\S36\AC9\RGB2_SUB36ACT9F121.jpg,1,1,0.9996359348297119
1013,36,9,136,D:\Skripsi\Experiment\data\raw\RGB2\S36\AC9\RGB2_SUB36ACT9F136.jpg,1,1,0.999947190284729
1014,36,9,151,D:\Skripsi\Experiment\data\raw\RGB2\S36\AC9\RGB2_SUB36ACT9F151.jpg,1,1,0.9997627139091492
1015,36,9,16,D:\Skripsi\Experiment\data\raw\RGB2\S36\AC9\RGB2_SUB36ACT9F16.jpg,1,1,0.9997289776802063
1016,36,9,31,D:\Skripsi\Experiment\data\raw\RGB2\S36\AC9\RGB2_SUB36ACT9F31.jpg,1,1,0.9990552067756653
1017,36,9,46,D:\Skripsi\Experiment\data\raw\RGB2\S36\AC9\RGB2_SUB36ACT9F46.jpg,1,1,0.9978413581848145
1018,36,9,61,D:\Skripsi\Experiment\data\raw\RGB2\S36\AC9\RGB2_SUB36ACT9F61.jpg,1,1,0.9990334510803223
1019,36,9,76,D:\Skripsi\Experiment\data\raw\RGB2\S36\AC9\RGB2_SUB36ACT9F76.jpg,1,1,0.9983432292938232
1020,36,9,91,D:\Skripsi\Experiment\data\raw\RGB2\S36\AC9\RGB2_SUB36ACT9F91.jpg,1,1,0.9992591738700867
1021,37,1,1,D:\Skripsi\Experiment\data\raw\RGB2\S37\AC1\RGB2_SUB37ACT1F1.jpg,0,0,3.3572616757737705e-06
1022,37,1,106,D:\Skripsi\Experiment\data\raw\RGB2\S37\AC1\RGB2_SUB37ACT1F106.jpg,0,0,3.847146601287932e-08
1023,37,1,121,D:\Skripsi\Experiment\data\raw\RGB2\S37\AC1\RGB2_SUB37ACT1F121.jpg,0,0,2.2577187053229864e-07
1024,37,1,136,D:\Skripsi\Experiment\data\raw\RGB2\S37\AC1\RGB2_SUB37ACT1F136.jpg,0,0,5.934440991950396e-07
1025,37,1,16,D:\Skripsi\Experiment\data\raw\RGB2\S37\AC1\RGB2_SUB37ACT1F16.jpg,0,0,6.714457754242176e-07
1026,37,1,31,D:\Skripsi\Experiment\data\raw\RGB2\S37\AC1\RGB2_SUB37ACT1F31.jpg,0,0,2.1955420379526913e-06
1027,37,1,46,D:\Skripsi\Experiment\data\raw\RGB2\S37\AC1\RGB2_SUB37ACT1F46.jpg,0,0,1.7008676422847202e-06
1028,37,1,61,D:\Skripsi\Experiment\data\raw\RGB2\S37\AC1\RGB2_SUB37ACT1F61.jpg,0,0,7.935857411212055e-07
1029,37,1,76,D:\Skripsi\Experiment\data\raw\RGB2\S37\AC1\RGB2_SUB37ACT1F76.jpg,0,0,8.389790195906244e-07
1030,37,1,91,D:\Skripsi\Experiment\data\raw\RGB2\S37\AC1\RGB2_SUB37ACT1F91.jpg,0,0,2.404915733222879e-07
1031,37,5,1,D:\Skripsi\Experiment\data\raw\RGB2\S37\AC5\RGB2_SUB37ACT5F1.jpg,1,1,0.9999686479568481
1032,37,5,106,D:\Skripsi\Experiment\data\raw\RGB2\S37\AC5\RGB2_SUB37ACT5F106.jpg,1,1,0.9993628859519958
1033,37,5,121,D:\Skripsi\Experiment\data\raw\RGB2\S37\AC5\RGB2_SUB37ACT5F121.jpg,1,1,0.9986523985862732
1034,37,5,16,D:\Skripsi\Experiment\data\raw\RGB2\S37\AC5\RGB2_SUB37ACT5F16.jpg,1,1,0.9998917579650879
1035,37,5,31,D:\Skripsi\Experiment\data\raw\RGB2\S37\AC5\RGB2_SUB37ACT5F31.jpg,1,1,0.999427318572998
1036,37,5,46,D:\Skripsi\Experiment\data\raw\RGB2\S37\AC5\RGB2_SUB37ACT5F46.jpg,1,1,0.9999045133590698
1037,37,5,61,D:\Skripsi\Experiment\data\raw\RGB2\S37\AC5\RGB2_SUB37ACT5F61.jpg,1,1,0.9995501637458801
1038,37,5,76,D:\Skripsi\Experiment\data\raw\RGB2\S37\AC5\RGB2_SUB37ACT5F76.jpg,1,1,0.9987161159515381
1039,37,5,91,D:\Skripsi\Experiment\data\raw\RGB2\S37\AC5\RGB2_SUB37ACT5F91.jpg,1,1,0.9974539875984192
1040,37,6,1,D:\Skripsi\Experiment\data\raw\RGB2\S37\AC6\RGB2_SUB37ACT6F1.jpg,1,1,0.9952036142349243
1041,37,6,106,D:\Skripsi\Experiment\data\raw\RGB2\S37\AC6\RGB2_SUB37ACT6F106.jpg,1,1,0.9997770190238953
1042,37,6,121,D:\Skripsi\Experiment\data\raw\RGB2\S37\AC6\RGB2_SUB37ACT6F121.jpg,1,1,0.9997949004173279
1043,37,6,136,D:\Skripsi\Experiment\data\raw\RGB2\S37\AC6\RGB2_SUB37ACT6F136.jpg,1,1,0.9995112419128418
1044,37,6,16,D:\Skripsi\Experiment\data\raw\RGB2\S37\AC6\RGB2_SUB37ACT6F16.jpg,1,1,0.9984592199325562
1045,37,6,31,D:\Skripsi\Experiment\data\raw\RGB2\S37\AC6\RGB2_SUB37ACT6F31.jpg,1,1,0.9999152421951294
1046,37,6,46,D:\Skripsi\Experiment\data\raw\RGB2\S37\AC6\RGB2_SUB37ACT6F46.jpg,1,1,0.999758780002594
1047,37,6,61,D:\Skripsi\Experiment\data\raw\RGB2\S37\AC6\RGB2_SUB37ACT6F61.jpg,1,1,0.9993267059326172
1048,37,6,76,D:\Skripsi\Experiment\data\raw\RGB2\S37\AC6\RGB2_SUB37ACT6F76.jpg,1,1,0.9987541437149048
1049,37,6,91,D:\Skripsi\Experiment\data\raw\RGB2\S37\AC6\RGB2_SUB37ACT6F91.jpg,1,1,0.999508261680603
1050,37,7,1,D:\Skripsi\Experiment\data\raw\RGB2\S37\AC7\RGB2_SUB37ACT7F1.jpg,1,1,0.9999642372131348
1051,37,7,106,D:\Skripsi\Experiment\data\raw\RGB2\S37\AC7\RGB2_SUB37ACT7F106.jpg,1,1,0.9999818801879883
1052,37,7,121,D:\Skripsi\Experiment\data\raw\RGB2\S37\AC7\RGB2_SUB37ACT7F121.jpg,1,1,0.9999498128890991
1053,37,7,136,D:\Skripsi\Experiment\data\raw\RGB2\S37\AC7\RGB2_SUB37ACT7F136.jpg,1,1,0.9999960660934448
1054,37,7,151,D:\Skripsi\Experiment\data\raw\RGB2\S37\AC7\RGB2_SUB37ACT7F151.jpg,1,1,0.9999855756759644
1055,37,7,16,D:\Skripsi\Experiment\data\raw\RGB2\S37\AC7\RGB2_SUB37ACT7F16.jpg,1,1,0.9999096393585205
1056,37,7,166,D:\Skripsi\Experiment\data\raw\RGB2\S37\AC7\RGB2_SUB37ACT7F166.jpg,1,1,0.9999841451644897
1057,37,7,31,D:\Skripsi\Experiment\data\raw\RGB2\S37\AC7\RGB2_SUB37ACT7F31.jpg,1,1,0.9999850988388062
1058,37,7,46,D:\Skripsi\Experiment\data\raw\RGB2\S37\AC7\RGB2_SUB37ACT7F46.jpg,1,1,0.9998223185539246
1059,37,7,61,D:\Skripsi\Experiment\data\raw\RGB2\S37\AC7\RGB2_SUB37ACT7F61.jpg,1,1,0.9999947547912598
1060,37,7,76,D:\Skripsi\Experiment\data\raw\RGB2\S37\AC7\RGB2_SUB37ACT7F76.jpg,1,1,0.9999967813491821
1061,37,7,91,D:\Skripsi\Experiment\data\raw\RGB2\S37\AC7\RGB2_SUB37ACT7F91.jpg,1,1,0.999991774559021
1062,37,8,1,D:\Skripsi\Experiment\data\raw\RGB2\S37\AC8\RGB2_SUB37ACT8F1.jpg,1,1,0.9997561573982239
1063,37,8,106,D:\Skripsi\Experiment\data\raw\RGB2\S37\AC8\RGB2_SUB37ACT8F106.jpg,1,1,0.9970525503158569
1064,37,8,121,D:\Skripsi\Experiment\data\raw\RGB2\S37\AC8\RGB2_SUB37ACT8F121.jpg,1,1,0.9996711015701294
1065,37,8,136,D:\Skripsi\Experiment\data\raw\RGB2\S37\AC8\RGB2_SUB37ACT8F136.jpg,1,1,0.9999704360961914
1066,37,8,151,D:\Skripsi\Experiment\data\raw\RGB2\S37\AC8\RGB2_SUB37ACT8F151.jpg,1,1,0.9984525442123413
1067,37,8,16,D:\Skripsi\Experiment\data\raw\RGB2\S37\AC8\RGB2_SUB37ACT8F16.jpg,1,1,0.9998834133148193
1068,37,8,166,D:\Skripsi\Experiment\data\raw\RGB2\S37\AC8\RGB2_SUB37ACT8F166.jpg,1,1,0.9993391633033752
1069,37,8,31,D:\Skripsi\Experiment\data\raw\RGB2\S37\AC8\RGB2_SUB37ACT8F31.jpg,1,1,0.999954104423523
1070,37,8,46,D:\Skripsi\Experiment\data\raw\RGB2\S37\AC8\RGB2_SUB37ACT8F46.jpg,1,1,0.9995697140693665
1071,37,8,61,D:\Skripsi\Experiment\data\raw\RGB2\S37\AC8\RGB2_SUB37ACT8F61.jpg,1,1,0.9996694326400757
1072,37,8,76,D:\Skripsi\Experiment\data\raw\RGB2\S37\AC8\RGB2_SUB37ACT8F76.jpg,1,1,0.9996844530105591
1073,37,8,91,D:\Skripsi\Experiment\data\raw\RGB2\S37\AC8\RGB2_SUB37ACT8F91.jpg,1,1,0.9977996945381165
1074,37,9,1,D:\Skripsi\Experiment\data\raw\RGB2\S37\AC9\RGB2_SUB37ACT9F1.jpg,1,1,0.9998401403427124
1075,37,9,106,D:\Skripsi\Experiment\data\raw\RGB2\S37\AC9\RGB2_SUB37ACT9F106.jpg,1,1,0.9998983144760132
1076,37,9,121,D:\Skripsi\Experiment\data\raw\RGB2\S37\AC9\RGB2_SUB37ACT9F121.jpg,1,1,0.9999428987503052
1077,37,9,136,D:\Skripsi\Experiment\data\raw\RGB2\S37\AC9\RGB2_SUB37ACT9F136.jpg,1,1,0.9996774196624756
1078,37,9,151,D:\Skripsi\Experiment\data\raw\RGB2\S37\AC9\RGB2_SUB37ACT9F151.jpg,1,1,0.9999487400054932
1079,37,9,16,D:\Skripsi\Experiment\data\raw\RGB2\S37\AC9\RGB2_SUB37ACT9F16.jpg,1,1,0.9997546076774597
1080,37,9,166,D:\Skripsi\Experiment\data\raw\RGB2\S37\AC9\RGB2_SUB37ACT9F166.jpg,1,1,0.999376118183136
1081,37,9,31,D:\Skripsi\Experiment\data\raw\RGB2\S37\AC9\RGB2_SUB37ACT9F31.jpg,1,1,0.9995296001434326
1082,37,9,46,D:\Skripsi\Experiment\data\raw\RGB2\S37\AC9\RGB2_SUB37ACT9F46.jpg,1,1,0.9989618062973022
1083,37,9,61,D:\Skripsi\Experiment\data\raw\RGB2\S37\AC9\RGB2_SUB37ACT9F61.jpg,1,1,0.9999929666519165
1084,37,9,76,D:\Skripsi\Experiment\data\raw\RGB2\S37\AC9\RGB2_SUB37ACT9F76.jpg,1,1,0.9996080994606018
1085,37,9,91,D:\Skripsi\Experiment\data\raw\RGB2\S37\AC9\RGB2_SUB37ACT9F91.jpg,1,1,0.9997192025184631
1086,38,1,1,D:\Skripsi\Experiment\data\raw\RGB2\S38\AC1\RGB2_SUB38ACT1F1.jpg,0,0,2.2507265384774655e-06
1087,38,1,106,D:\Skripsi\Experiment\data\raw\RGB2\S38\AC1\RGB2_SUB38ACT1F106.jpg,0,0,2.4524246327928267e-05
1088,38,1,121,D:\Skripsi\Experiment\data\raw\RGB2\S38\AC1\RGB2_SUB38ACT1F121.jpg,0,0,6.2931785578257404e-06
1089,38,1,16,D:\Skripsi\Experiment\data\raw\RGB2\S38\AC1\RGB2_SUB38ACT1F16.jpg,0,0,2.4300054064951837e-05
1090,38,1,31,D:\Skripsi\Experiment\data\raw\RGB2\S38\AC1\RGB2_SUB38ACT1F31.jpg,0,0,2.5663637643447146e-05
1091,38,1,46,D:\Skripsi\Experiment\data\raw\RGB2\S38\AC1\RGB2_SUB38ACT1F46.jpg,0,0,0.00012263703683856875
1092,38,1,61,D:\Skripsi\Experiment\data\raw\RGB2\S38\AC1\RGB2_SUB38ACT1F61.jpg,0,0,5.222507024882361e-05
1093,38,1,76,D:\Skripsi\Experiment\data\raw\RGB2\S38\AC1\RGB2_SUB38ACT1F76.jpg,0,0,4.100028672837652e-05
1094,38,1,91,D:\Skripsi\Experiment\data\raw\RGB2\S38\AC1\RGB2_SUB38ACT1F91.jpg,0,0,1.7363870938424952e-05
1095,38,5,1,D:\Skripsi\Experiment\data\raw\RGB2\S38\AC5\RGB2_SUB38ACT5F1.jpg,1,1,0.9997356534004211
1096,38,5,106,D:\Skripsi\Experiment\data\raw\RGB2\S38\AC5\RGB2_SUB38ACT5F106.jpg,1,1,0.9838575720787048
1097,38,5,16,D:\Skripsi\Experiment\data\raw\RGB2\S38\AC5\RGB2_SUB38ACT5F16.jpg,1,1,0.9998071789741516
1098,38,5,31,D:\Skripsi\Experiment\data\raw\RGB2\S38\AC5\RGB2_SUB38ACT5F31.jpg,1,1,0.9998363256454468
1099,38,5,46,D:\Skripsi\Experiment\data\raw\RGB2\S38\AC5\RGB2_SUB38ACT5F46.jpg,1,1,0.9999644756317139
1100,38,5,61,D:\Skripsi\Experiment\data\raw\RGB2\S38\AC5\RGB2_SUB38ACT5F61.jpg,1,1,0.9999855756759644
1101,38,5,76,D:\Skripsi\Experiment\data\raw\RGB2\S38\AC5\RGB2_SUB38ACT5F76.jpg,1,1,0.9997841715812683
1102,38,5,91,D:\Skripsi\Experiment\data\raw\RGB2\S38\AC5\RGB2_SUB38ACT5F91.jpg,1,1,0.9940229058265686
1103,38,6,1,D:\Skripsi\Experiment\data\raw\RGB2\S38\AC6\RGB2_SUB38ACT6F1.jpg,1,1,0.9998995065689087
1104,38,6,106,D:\Skripsi\Experiment\data\raw\RGB2\S38\AC6\RGB2_SUB38ACT6F106.jpg,1,1,0.9997491240501404
1105,38,6,16,D:\Skripsi\Experiment\data\raw\RGB2\S38\AC6\RGB2_SUB38ACT6F16.jpg,1,1,0.9991734623908997
1106,38,6,31,D:\Skripsi\Experiment\data\raw\RGB2\S38\AC6\RGB2_SUB38ACT6F31.jpg,1,1,0.9999250173568726
1107,38,6,46,D:\Skripsi\Experiment\data\raw\RGB2\S38\AC6\RGB2_SUB38ACT6F46.jpg,1,1,0.99659663438797
1108,38,6,61,D:\Skripsi\Experiment\data\raw\RGB2\S38\AC6\RGB2_SUB38ACT6F61.jpg,1,1,0.9998611211776733
1109,38,6,76,D:\Skripsi\Experiment\data\raw\RGB2\S38\AC6\RGB2_SUB38ACT6F76.jpg,1,1,0.9994706511497498
1110,38,6,91,D:\Skripsi\Experiment\data\raw\RGB2\S38\AC6\RGB2_SUB38ACT6F91.jpg,1,1,0.9997977614402771
1111,38,7,1,D:\Skripsi\Experiment\data\raw\RGB2\S38\AC7\RGB2_SUB38ACT7F1.jpg,1,1,0.9999350309371948
1112,38,7,106,D:\Skripsi\Experiment\data\raw\RGB2\S38\AC7\RGB2_SUB38ACT7F106.jpg,1,1,0.9999088048934937
1113,38,7,121,D:\Skripsi\Experiment\data\raw\RGB2\S38\AC7\RGB2_SUB38ACT7F121.jpg,1,1,0.9986151456832886
1114,38,7,16,D:\Skripsi\Experiment\data\raw\RGB2\S38\AC7\RGB2_SUB38ACT7F16.jpg,1,1,0.9999287128448486
1115,38,7,31,D:\Skripsi\Experiment\data\raw\RGB2\S38\AC7\RGB2_SUB38ACT7F31.jpg,1,1,0.9998273849487305
1116,38,7,46,D:\Skripsi\Experiment\data\raw\RGB2\S38\AC7\RGB2_SUB38ACT7F46.jpg,1,1,0.9999858140945435
1117,38,7,61,D:\Skripsi\Experiment\data\raw\RGB2\S38\AC7\RGB2_SUB38ACT7F61.jpg,1,1,0.9991378784179688
1118,38,7,76,D:\Skripsi\Experiment\data\raw\RGB2\S38\AC7\RGB2_SUB38ACT7F76.jpg,1,1,0.9989787340164185
1119,38,7,91,D:\Skripsi\Experiment\data\raw\RGB2\S38\AC7\RGB2_SUB38ACT7F91.jpg,1,1,0.9987348914146423
1120,38,8,1,D:\Skripsi\Experiment\data\raw\RGB2\S38\AC8\RGB2_SUB38ACT8F1.jpg,1,1,0.9986599683761597
1121,38,8,106,D:\Skripsi\Experiment\data\raw\RGB2\S38\AC8\RGB2_SUB38ACT8F106.jpg,1,1,0.999747097492218
1122,38,8,121,D:\Skripsi\Experiment\data\raw\RGB2\S38\AC8\RGB2_SUB38ACT8F121.jpg,1,1,0.9967538714408875
1123,38,8,16,D:\Skripsi\Experiment\data\raw\RGB2\S38\AC8\RGB2_SUB38ACT8F16.jpg,1,1,0.999516487121582
1124,38,8,31,D:\Skripsi\Experiment\data\raw\RGB2\S38\AC8\RGB2_SUB38ACT8F31.jpg,1,1,0.9988456964492798
1125,38,8,46,D:\Skripsi\Experiment\data\raw\RGB2\S38\AC8\RGB2_SUB38ACT8F46.jpg,1,1,0.9994613528251648
1126,38,8,61,D:\Skripsi\Experiment\data\raw\RGB2\S38\AC8\RGB2_SUB38ACT8F61.jpg,1,1,0.9989169836044312
1127,38,8,76,D:\Skripsi\Experiment\data\raw\RGB2\S38\AC8\RGB2_SUB38ACT8F76.jpg,1,1,0.9987993240356445
1128,38,8,91,D:\Skripsi\Experiment\data\raw\RGB2\S38\AC8\RGB2_SUB38ACT8F91.jpg,1,1,0.999744713306427
1129,38,9,1,D:\Skripsi\Experiment\data\raw\RGB2\S38\AC9\RGB2_SUB38ACT9F1.jpg,1,1,0.9997766613960266
1130,38,9,106,D:\Skripsi\Experiment\data\raw\RGB2\S38\AC9\RGB2_SUB38ACT9F106.jpg,1,1,0.9993982315063477
1131,38,9,121,D:\Skripsi\Experiment\data\raw\RGB2\S38\AC9\RGB2_SUB38ACT9F121.jpg,1,1,0.9962627291679382
1132,38,9,16,D:\Skripsi\Experiment\data\raw\RGB2\S38\AC9\RGB2_SUB38ACT9F16.jpg,1,1,0.9995681643486023
1133,38,9,31,D:\Skripsi\Experiment\data\raw\RGB2\S38\AC9\RGB2_SUB38ACT9F31.jpg,1,1,0.9996007084846497
1134,38,9,46,D:\Skripsi\Experiment\data\raw\RGB2\S38\AC9\RGB2_SUB38ACT9F46.jpg,1,1,0.9968459010124207
1135,38,9,61,D:\Skripsi\Experiment\data\raw\RGB2\S38\AC9\RGB2_SUB38ACT9F61.jpg,1,1,0.9999173879623413
1136,38,9,76,D:\Skripsi\Experiment\data\raw\RGB2\S38\AC9\RGB2_SUB38ACT9F76.jpg,1,1,0.9730507135391235
1137,38,9,91,D:\Skripsi\Experiment\data\raw\RGB2\S38\AC9\RGB2_SUB38ACT9F91.jpg,1,1,0.9858794808387756
1138,39,1,1,D:\Skripsi\Experiment\data\raw\RGB2\S39\AC1\RGB2_SUB39ACT1F1.jpg,0,0,3.755405487027019e-05
1139,39,1,16,D:\Skripsi\Experiment\data\raw\RGB2\S39\AC1\RGB2_SUB39ACT1F16.jpg,0,0,0.00013411031977739185
1140,39,1,31,D:\Skripsi\Experiment\data\raw\RGB2\S39\AC1\RGB2_SUB39ACT1F31.jpg,0,0,9.63690981734544e-05
1141,39,1,46,D:\Skripsi\Experiment\data\raw\RGB2\S39\AC1\RGB2_SUB39ACT1F46.jpg,0,0,2.3269028588401852e-06
1142,39,1,61,D:\Skripsi\Experiment\data\raw\RGB2\S39\AC1\RGB2_SUB39ACT1F61.jpg,0,0,1.0864051546377596e-05
1143,39,1,76,D:\Skripsi\Experiment\data\raw\RGB2\S39\AC1\RGB2_SUB39ACT1F76.jpg,0,0,2.580258842499461e-05
1144,39,1,91,D:\Skripsi\Experiment\data\raw\RGB2\S39\AC1\RGB2_SUB39ACT1F91.jpg,0,0,8.180383701983374e-06
1145,39,5,1,D:\Skripsi\Experiment\data\raw\RGB2\S39\AC5\RGB2_SUB39ACT5F1.jpg,1,1,0.9999336004257202
1146,39,5,16,D:\Skripsi\Experiment\data\raw\RGB2\S39\AC5\RGB2_SUB39ACT5F16.jpg,1,1,0.9995133876800537
1147,39,5,31,D:\Skripsi\Experiment\data\raw\RGB2\S39\AC5\RGB2_SUB39ACT5F31.jpg,1,1,0.9996786117553711
1148,39,5,46,D:\Skripsi\Experiment\data\raw\RGB2\S39\AC5\RGB2_SUB39ACT5F46.jpg,1,1,0.9994891881942749
1149,39,5,61,D:\Skripsi\Experiment\data\raw\RGB2\S39\AC5\RGB2_SUB39ACT5F61.jpg,1,1,0.9995993971824646
1150,39,5,76,D:\Skripsi\Experiment\data\raw\RGB2\S39\AC5\RGB2_SUB39ACT5F76.jpg,1,1,0.9998025298118591
1151,39,5,91,D:\Skripsi\Experiment\data\raw\RGB2\S39\AC5\RGB2_SUB39ACT5F91.jpg,1,1,0.999871015548706
1152,39,6,1,D:\Skripsi\Experiment\data\raw\RGB2\S39\AC6\RGB2_SUB39ACT6F1.jpg,1,1,0.9996604919433594
1153,39,6,106,D:\Skripsi\Experiment\data\raw\RGB2\S39\AC6\RGB2_SUB39ACT6F106.jpg,1,1,0.9998893737792969
1154,39,6,16,D:\Skripsi\Experiment\data\raw\RGB2\S39\AC6\RGB2_SUB39ACT6F16.jpg,1,1,0.9998757839202881
1155,39,6,31,D:\Skripsi\Experiment\data\raw\RGB2\S39\AC6\RGB2_SUB39ACT6F31.jpg,1,1,0.9994705319404602
1156,39,6,46,D:\Skripsi\Experiment\data\raw\RGB2\S39\AC6\RGB2_SUB39ACT6F46.jpg,1,1,0.9997252821922302
1157,39,6,61,D:\Skripsi\Experiment\data\raw\RGB2\S39\AC6\RGB2_SUB39ACT6F61.jpg,1,1,0.9995324611663818
1158,39,6,76,D:\Skripsi\Experiment\data\raw\RGB2\S39\AC6\RGB2_SUB39ACT6F76.jpg,1,1,0.98131263256073
1159,39,6,91,D:\Skripsi\Experiment\data\raw\RGB2\S39\AC6\RGB2_SUB39ACT6F91.jpg,1,1,0.9989547729492188
1160,39,7,1,D:\Skripsi\Experiment\data\raw\RGB2\S39\AC7\RGB2_SUB39ACT7F1.jpg,1,1,0.9999030828475952
1161,39,7,16,D:\Skripsi\Experiment\data\raw\RGB2\S39\AC7\RGB2_SUB39ACT7F16.jpg,1,1,0.9997768998146057
1162,39,7,31,D:\Skripsi\Experiment\data\raw\RGB2\S39\AC7\RGB2_SUB39ACT7F31.jpg,1,1,0.9998563528060913
1163,39,7,46,D:\Skripsi\Experiment\data\raw\RGB2\S39\AC7\RGB2_SUB39ACT7F46.jpg,1,1,0.9996973276138306
1164,39,7,61,D:\Skripsi\Experiment\data\raw\RGB2\S39\AC7\RGB2_SUB39ACT7F61.jpg,1,1,0.999964714050293
1165,39,7,76,D:\Skripsi\Experiment\data\raw\RGB2\S39\AC7\RGB2_SUB39ACT7F76.jpg,1,1,0.9991748929023743
1166,39,7,91,D:\Skripsi\Experiment\data\raw\RGB2\S39\AC7\RGB2_SUB39ACT7F91.jpg,1,1,0.9999041557312012
1167,39,8,1,D:\Skripsi\Experiment\data\raw\RGB2\S39\AC8\RGB2_SUB39ACT8F1.jpg,1,1,0.9998430013656616
1168,39,8,106,D:\Skripsi\Experiment\data\raw\RGB2\S39\AC8\RGB2_SUB39ACT8F106.jpg,1,1,0.9993791580200195
1169,39,8,121,D:\Skripsi\Experiment\data\raw\RGB2\S39\AC8\RGB2_SUB39ACT8F121.jpg,1,1,0.9999008178710938
1170,39,8,136,D:\Skripsi\Experiment\data\raw\RGB2\S39\AC8\RGB2_SUB39ACT8F136.jpg,1,1,0.9991068243980408
1171,39,8,16,D:\Skripsi\Experiment\data\raw\RGB2\S39\AC8\RGB2_SUB39ACT8F16.jpg,1,1,0.9998745918273926
1172,39,8,31,D:\Skripsi\Experiment\data\raw\RGB2\S39\AC8\RGB2_SUB39ACT8F31.jpg,1,1,0.999923586845398
1173,39,8,46,D:\Skripsi\Experiment\data\raw\RGB2\S39\AC8\RGB2_SUB39ACT8F46.jpg,1,1,0.9998045563697815
1174,39,8,61,D:\Skripsi\Experiment\data\raw\RGB2\S39\AC8\RGB2_SUB39ACT8F61.jpg,1,1,0.9997603297233582
1175,39,8,76,D:\Skripsi\Experiment\data\raw\RGB2\S39\AC8\RGB2_SUB39ACT8F76.jpg,1,1,0.9974696636199951
1176,39,8,91,D:\Skripsi\Experiment\data\raw\RGB2\S39\AC8\RGB2_SUB39ACT8F91.jpg,1,1,0.999903678894043
1177,39,9,1,D:\Skripsi\Experiment\data\raw\RGB2\S39\AC9\RGB2_SUB39ACT9F1.jpg,1,1,0.9998613595962524
1178,39,9,106,D:\Skripsi\Experiment\data\raw\RGB2\S39\AC9\RGB2_SUB39ACT9F106.jpg,1,1,0.9995477795600891
1179,39,9,121,D:\Skripsi\Experiment\data\raw\RGB2\S39\AC9\RGB2_SUB39ACT9F121.jpg,1,1,0.9961391091346741
1180,39,9,16,D:\Skripsi\Experiment\data\raw\RGB2\S39\AC9\RGB2_SUB39ACT9F16.jpg,1,1,0.9997932314872742
1181,39,9,31,D:\Skripsi\Experiment\data\raw\RGB2\S39\AC9\RGB2_SUB39ACT9F31.jpg,1,1,0.999895453453064
1182,39,9,46,D:\Skripsi\Experiment\data\raw\RGB2\S39\AC9\RGB2_SUB39ACT9F46.jpg,1,1,0.9995763897895813
1183,39,9,61,D:\Skripsi\Experiment\data\raw\RGB2\S39\AC9\RGB2_SUB39ACT9F61.jpg,1,1,0.9998459815979004
1184,39,9,76,D:\Skripsi\Experiment\data\raw\RGB2\S39\AC9\RGB2_SUB39ACT9F76.jpg,1,1,0.9982989430427551
1185,39,9,91,D:\Skripsi\Experiment\data\raw\RGB2\S39\AC9\RGB2_SUB39ACT9F91.jpg,1,1,0.9997926354408264
1186,40,1,1,D:\Skripsi\Experiment\data\raw\RGB2\S40\AC1\RGB2_SUB40ACT1F1.jpg,0,0,7.280064892256632e-05
1187,40,1,106,D:\Skripsi\Experiment\data\raw\RGB2\S40\AC1\RGB2_SUB40ACT1F106.jpg,0,0,1.019621777231805e-06
1188,40,1,121,D:\Skripsi\Experiment\data\raw\RGB2\S40\AC1\RGB2_SUB40ACT1F121.jpg,0,0,6.615236998186447e-06
1189,40,1,16,D:\Skripsi\Experiment\data\raw\RGB2\S40\AC1\RGB2_SUB40ACT1F16.jpg,0,0,7.573572656838223e-05
1190,40,1,31,D:\Skripsi\Experiment\data\raw\RGB2\S40\AC1\RGB2_SUB40ACT1F31.jpg,0,0,0.0010272386716678739
1191,40,1,46,D:\Skripsi\Experiment\data\raw\RGB2\S40\AC1\RGB2_SUB40ACT1F46.jpg,0,0,3.2185146210395033e-06
1192,40,1,61,D:\Skripsi\Experiment\data\raw\RGB2\S40\AC1\RGB2_SUB40ACT1F61.jpg,0,0,3.860742253891658e-06
1193,40,1,76,D:\Skripsi\Experiment\data\raw\RGB2\S40\AC1\RGB2_SUB40ACT1F76.jpg,0,0,1.4607458979298826e-05
1194,40,1,91,D:\Skripsi\Experiment\data\raw\RGB2\S40\AC1\RGB2_SUB40ACT1F91.jpg,0,0,6.639861112489598e-06
1195,40,5,1,D:\Skripsi\Experiment\data\raw\RGB2\S40\AC5\RGB2_SUB40ACT5F1.jpg,1,1,0.999481737613678
1196,40,5,106,D:\Skripsi\Experiment\data\raw\RGB2\S40\AC5\RGB2_SUB40ACT5F106.jpg,1,1,0.9994561076164246
1197,40,5,16,D:\Skripsi\Experiment\data\raw\RGB2\S40\AC5\RGB2_SUB40ACT5F16.jpg,1,1,0.9996434450149536
1198,40,5,31,D:\Skripsi\Experiment\data\raw\RGB2\S40\AC5\RGB2_SUB40ACT5F31.jpg,1,1,0.9987527132034302
1199,40,5,46,D:\Skripsi\Experiment\data\raw\RGB2\S40\AC5\RGB2_SUB40ACT5F46.jpg,1,1,0.9969995021820068
1200,40,5,61,D:\Skripsi\Experiment\data\raw\RGB2\S40\AC5\RGB2_SUB40ACT5F61.jpg,1,1,0.9995198249816895
1201,40,5,76,D:\Skripsi\Experiment\data\raw\RGB2\S40\AC5\RGB2_SUB40ACT5F76.jpg,1,1,0.9998226761817932
1202,40,5,91,D:\Skripsi\Experiment\data\raw\RGB2\S40\AC5\RGB2_SUB40ACT5F91.jpg,1,1,0.9998745918273926
1203,40,6,1,D:\Skripsi\Experiment\data\raw\RGB2\S40\AC6\RGB2_SUB40ACT6F1.jpg,1,1,0.9885523319244385
1204,40,6,106,D:\Skripsi\Experiment\data\raw\RGB2\S40\AC6\RGB2_SUB40ACT6F106.jpg,1,1,0.9999334812164307
1205,40,6,121,D:\Skripsi\Experiment\data\raw\RGB2\S40\AC6\RGB2_SUB40ACT6F121.jpg,1,1,0.9999597072601318
1206,40,6,136,D:\Skripsi\Experiment\data\raw\RGB2\S40\AC6\RGB2_SUB40ACT6F136.jpg,1,1,0.9999456405639648
1207,40,6,16,D:\Skripsi\Experiment\data\raw\RGB2\S40\AC6\RGB2_SUB40ACT6F16.jpg,1,1,0.9969839453697205
1208,40,6,31,D:\Skripsi\Experiment\data\raw\RGB2\S40\AC6\RGB2_SUB40ACT6F31.jpg,1,1,0.9997294545173645
1209,40,6,46,D:\Skripsi\Experiment\data\raw\RGB2\S40\AC6\RGB2_SUB40ACT6F46.jpg,1,1,0.9997485280036926
1210,40,6,61,D:\Skripsi\Experiment\data\raw\RGB2\S40\AC6\RGB2_SUB40ACT6F61.jpg,1,1,0.9999200105667114
1211,40,6,76,D:\Skripsi\Experiment\data\raw\RGB2\S40\AC6\RGB2_SUB40ACT6F76.jpg,1,1,0.9997462630271912
1212,40,6,91,D:\Skripsi\Experiment\data\raw\RGB2\S40\AC6\RGB2_SUB40ACT6F91.jpg,1,1,0.9995720982551575
1213,40,7,1,D:\Skripsi\Experiment\data\raw\RGB2\S40\AC7\RGB2_SUB40ACT7F1.jpg,1,1,0.9994255304336548
1214,40,7,106,D:\Skripsi\Experiment\data\raw\RGB2\S40\AC7\RGB2_SUB40ACT7F106.jpg,1,1,0.9998225569725037
1215,40,7,121,D:\Skripsi\Experiment\data\raw\RGB2\S40\AC7\RGB2_SUB40ACT7F121.jpg,1,1,0.9987793564796448
1216,40,7,136,D:\Skripsi\Experiment\data\raw\RGB2\S40\AC7\RGB2_SUB40ACT7F136.jpg,1,1,0.9996505975723267
1217,40,7,151,D:\Skripsi\Experiment\data\raw\RGB2\S40\AC7\RGB2_SUB40ACT7F151.jpg,1,1,0.9994183778762817
1218,40,7,16,D:\Skripsi\Experiment\data\raw\RGB2\S40\AC7\RGB2_SUB40ACT7F16.jpg,1,1,0.999806821346283
1219,40,7,166,D:\Skripsi\Experiment\data\raw\RGB2\S40\AC7\RGB2_SUB40ACT7F166.jpg,1,1,0.9999088048934937
1220,40,7,181,D:\Skripsi\Experiment\data\raw\RGB2\S40\AC7\RGB2_SUB40ACT7F181.jpg,1,1,0.9996151924133301
1221,40,7,196,D:\Skripsi\Experiment\data\raw\RGB2\S40\AC7\RGB2_SUB40ACT7F196.jpg,1,1,0.9903094172477722
1222,40,7,211,D:\Skripsi\Experiment\data\raw\RGB2\S40\AC7\RGB2_SUB40ACT7F211.jpg,1,1,0.999754011631012
1223,40,7,226,D:\Skripsi\Experiment\data\raw\RGB2\S40\AC7\RGB2_SUB40ACT7F226.jpg,1,1,0.9982890486717224
1224,40,7,31,D:\Skripsi\Experiment\data\raw\RGB2\S40\AC7\RGB2_SUB40ACT7F31.jpg,1,1,0.9999821186065674
1225,40,7,46,D:\Skripsi\Experiment\data\raw\RGB2\S40\AC7\RGB2_SUB40ACT7F46.jpg,1,1,0.9960581064224243
1226,40,7,61,D:\Skripsi\Experiment\data\raw\RGB2\S40\AC7\RGB2_SUB40ACT7F61.jpg,1,1,0.9989622831344604
1227,40,7,76,D:\Skripsi\Experiment\data\raw\RGB2\S40\AC7\RGB2_SUB40ACT7F76.jpg,1,1,0.9998656511306763
1228,40,7,91,D:\Skripsi\Experiment\data\raw\RGB2\S40\AC7\RGB2_SUB40ACT7F91.jpg,1,1,0.9997914433479309
1229,40,8,1,D:\Skripsi\Experiment\data\raw\RGB2\S40\AC8\RGB2_SUB40ACT8F1.jpg,1,1,0.999290943145752
1230,40,8,106,D:\Skripsi\Experiment\data\raw\RGB2\S40\AC8\RGB2_SUB40ACT8F106.jpg,1,1,0.9994974136352539
1231,40,8,121,D:\Skripsi\Experiment\data\raw\RGB2\S40\AC8\RGB2_SUB40ACT8F121.jpg,1,1,0.9999223947525024
1232,40,8,136,D:\Skripsi\Experiment\data\raw\RGB2\S40\AC8\RGB2_SUB40ACT8F136.jpg,1,1,0.9995446801185608
1233,40,8,151,D:\Skripsi\Experiment\data\raw\RGB2\S40\AC8\RGB2_SUB40ACT8F151.jpg,1,1,0.9994325041770935
1234,40,8,16,D:\Skripsi\Experiment\data\raw\RGB2\S40\AC8\RGB2_SUB40ACT8F16.jpg,1,1,0.9997636675834656
1235,40,8,166,D:\Skripsi\Experiment\data\raw\RGB2\S40\AC8\RGB2_SUB40ACT8F166.jpg,1,1,0.9993780851364136
1236,40,8,181,D:\Skripsi\Experiment\data\raw\RGB2\S40\AC8\RGB2_SUB40ACT8F181.jpg,1,1,0.9995961785316467
1237,40,8,31,D:\Skripsi\Experiment\data\raw\RGB2\S40\AC8\RGB2_SUB40ACT8F31.jpg,1,1,0.999853253364563
1238,40,8,46,D:\Skripsi\Experiment\data\raw\RGB2\S40\AC8\RGB2_SUB40ACT8F46.jpg,1,1,0.999951958656311
1239,40,8,61,D:\Skripsi\Experiment\data\raw\RGB2\S40\AC8\RGB2_SUB40ACT8F61.jpg,1,1,0.9989400506019592
1240,40,8,76,D:\Skripsi\Experiment\data\raw\RGB2\S40\AC8\RGB2_SUB40ACT8F76.jpg,1,1,0.9996881484985352
1241,40,8,91,D:\Skripsi\Experiment\data\raw\RGB2\S40\AC8\RGB2_SUB40ACT8F91.jpg,1,1,0.9986170530319214
1242,40,9,1,D:\Skripsi\Experiment\data\raw\RGB2\S40\AC9\RGB2_SUB40ACT9F1.jpg,1,1,0.9977795481681824
1243,40,9,106,D:\Skripsi\Experiment\data\raw\RGB2\S40\AC9\RGB2_SUB40ACT9F106.jpg,1,1,0.9993993043899536
1244,40,9,121,D:\Skripsi\Experiment\data\raw\RGB2\S40\AC9\RGB2_SUB40ACT9F121.jpg,1,1,0.9993391633033752
1245,40,9,136,D:\Skripsi\Experiment\data\raw\RGB2\S40\AC9\RGB2_SUB40ACT9F136.jpg,1,1,0.9998212456703186
1246,40,9,16,D:\Skripsi\Experiment\data\raw\RGB2\S40\AC9\RGB2_SUB40ACT9F16.jpg,1,1,0.9987891316413879
1247,40,9,31,D:\Skripsi\Experiment\data\raw\RGB2\S40\AC9\RGB2_SUB40ACT9F31.jpg,1,1,0.9981197714805603
1248,40,9,46,D:\Skripsi\Experiment\data\raw\RGB2\S40\AC9\RGB2_SUB40ACT9F46.jpg,1,1,0.9982755184173584
1249,40,9,61,D:\Skripsi\Experiment\data\raw\RGB2\S40\AC9\RGB2_SUB40ACT9F61.jpg,1,1,0.9994126558303833
1250,40,9,76,D:\Skripsi\Experiment\data\raw\RGB2\S40\AC9\RGB2_SUB40ACT9F76.jpg,1,1,0.9998631477355957
1251,40,9,91,D:\Skripsi\Experiment\data\raw\RGB2\S40\AC9\RGB2_SUB40ACT9F91.jpg,1,1,0.996487021446228
1252,43,1,1,D:\Skripsi\Experiment\data\raw\RGB2\S43\AC1\RGB2_SUB43ACT1F1.jpg,0,0,7.891053974162787e-05
1253,43,1,106,D:\Skripsi\Experiment\data\raw\RGB2\S43\AC1\RGB2_SUB43ACT1F106.jpg,0,0,0.000354805524693802
1254,43,1,121,D:\Skripsi\Experiment\data\raw\RGB2\S43\AC1\RGB2_SUB43ACT1F121.jpg,0,0,0.0024208412505686283
1255,43,1,136,D:\Skripsi\Experiment\data\raw\RGB2\S43\AC1\RGB2_SUB43ACT1F136.jpg,0,0,0.0006408429471775889
1256,43,1,151,D:\Skripsi\Experiment\data\raw\RGB2\S43\AC1\RGB2_SUB43ACT1F151.jpg,0,0,5.359819988370873e-05
1257,43,1,16,D:\Skripsi\Experiment\data\raw\RGB2\S43\AC1\RGB2_SUB43ACT1F16.jpg,0,0,0.0003234691685065627
1258,43,1,166,D:\Skripsi\Experiment\data\raw\RGB2\S43\AC1\RGB2_SUB43ACT1F166.jpg,0,0,1.7162954463856295e-05
1259,43,1,181,D:\Skripsi\Experiment\data\raw\RGB2\S43\AC1\RGB2_SUB43ACT1F181.jpg,0,0,0.00011930253822356462
1260,43,1,31,D:\Skripsi\Experiment\data\raw\RGB2\S43\AC1\RGB2_SUB43ACT1F31.jpg,0,0,0.00018432106298860162
1261,43,1,46,D:\Skripsi\Experiment\data\raw\RGB2\S43\AC1\RGB2_SUB43ACT1F46.jpg,0,0,0.00016689799667801708
1262,43,1,61,D:\Skripsi\Experiment\data\raw\RGB2\S43\AC1\RGB2_SUB43ACT1F61.jpg,0,0,3.7018253351561725e-05
1263,43,1,76,D:\Skripsi\Experiment\data\raw\RGB2\S43\AC1\RGB2_SUB43ACT1F76.jpg,0,0,6.591837154701352e-05
1264,43,1,91,D:\Skripsi\Experiment\data\raw\RGB2\S43\AC1\RGB2_SUB43ACT1F91.jpg,0,0,0.00017456662317272276
1265,43,5,1,D:\Skripsi\Experiment\data\raw\RGB2\S43\AC5\RGB2_SUB43ACT5F1.jpg,1,1,0.9999784231185913
1266,43,5,106,D:\Skripsi\Experiment\data\raw\RGB2\S43\AC5\RGB2_SUB43ACT5F106.jpg,1,1,0.9997676014900208
1267,43,5,121,D:\Skripsi\Experiment\data\raw\RGB2\S43\AC5\RGB2_SUB43ACT5F121.jpg,1,1,0.9994899034500122
1268,43,5,136,D:\Skripsi\Experiment\data\raw\RGB2\S43\AC5\RGB2_SUB43ACT5F136.jpg,1,1,0.9995088577270508
1269,43,5,151,D:\Skripsi\Experiment\data\raw\RGB2\S43\AC5\RGB2_SUB43ACT5F151.jpg,1,1,0.9992625117301941
1270,43,5,16,D:\Skripsi\Experiment\data\raw\RGB2\S43\AC5\RGB2_SUB43ACT5F16.jpg,1,1,0.999957799911499
1271,43,5,166,D:\Skripsi\Experiment\data\raw\RGB2\S43\AC5\RGB2_SUB43ACT5F166.jpg,1,1,0.9993879795074463
1272,43,5,181,D:\Skripsi\Experiment\data\raw\RGB2\S43\AC5\RGB2_SUB43ACT5F181.jpg,1,1,0.9912661910057068
1273,43,5,31,D:\Skripsi\Experiment\data\raw\RGB2\S43\AC5\RGB2_SUB43ACT5F31.jpg,1,1,0.9999661445617676
1274,43,5,46,D:\Skripsi\Experiment\data\raw\RGB2\S43\AC5\RGB2_SUB43ACT5F46.jpg,1,1,0.9996150732040405
1275,43,5,61,D:\Skripsi\Experiment\data\raw\RGB2\S43\AC5\RGB2_SUB43ACT5F61.jpg,1,1,0.9981527924537659
1276,43,5,76,D:\Skripsi\Experiment\data\raw\RGB2\S43\AC5\RGB2_SUB43ACT5F76.jpg,1,1,0.9999172687530518
1277,43,5,91,D:\Skripsi\Experiment\data\raw\RGB2\S43\AC5\RGB2_SUB43ACT5F91.jpg,1,1,0.9999858140945435
1278,43,6,1,D:\Skripsi\Experiment\data\raw\RGB2\S43\AC6\RGB2_SUB43ACT6F1.jpg,1,1,0.9983237385749817
1279,43,6,106,D:\Skripsi\Experiment\data\raw\RGB2\S43\AC6\RGB2_SUB43ACT6F106.jpg,1,1,0.9997487664222717
1280,43,6,121,D:\Skripsi\Experiment\data\raw\RGB2\S43\AC6\RGB2_SUB43ACT6F121.jpg,1,1,0.9994558691978455
1281,43,6,136,D:\Skripsi\Experiment\data\raw\RGB2\S43\AC6\RGB2_SUB43ACT6F136.jpg,1,1,0.999806821346283
1282,43,6,151,D:\Skripsi\Experiment\data\raw\RGB2\S43\AC6\RGB2_SUB43ACT6F151.jpg,1,1,0.9996533393859863
1283,43,6,16,D:\Skripsi\Experiment\data\raw\RGB2\S43\AC6\RGB2_SUB43ACT6F16.jpg,1,1,0.9893478155136108
1284,43,6,166,D:\Skripsi\Experiment\data\raw\RGB2\S43\AC6\RGB2_SUB43ACT6F166.jpg,1,1,0.9998196959495544
1285,43,6,181,D:\Skripsi\Experiment\data\raw\RGB2\S43\AC6\RGB2_SUB43ACT6F181.jpg,1,1,0.9993900060653687
1286,43,6,196,D:\Skripsi\Experiment\data\raw\RGB2\S43\AC6\RGB2_SUB43ACT6F196.jpg,1,1,0.9998992681503296
1287,43,6,31,D:\Skripsi\Experiment\data\raw\RGB2\S43\AC6\RGB2_SUB43ACT6F31.jpg,1,1,0.9737179279327393
1288,43,6,46,D:\Skripsi\Experiment\data\raw\RGB2\S43\AC6\RGB2_SUB43ACT6F46.jpg,1,1,0.9927535653114319
1289,43,6,61,D:\Skripsi\Experiment\data\raw\RGB2\S43\AC6\RGB2_SUB43ACT6F61.jpg,1,1,0.9996739625930786
1290,43,6,76,D:\Skripsi\Experiment\data\raw\RGB2\S43\AC6\RGB2_SUB43ACT6F76.jpg,1,1,0.9994263648986816
1291,43,6,91,D:\Skripsi\Experiment\data\raw\RGB2\S43\AC6\RGB2_SUB43ACT6F91.jpg,1,1,0.9997718930244446
1292,43,7,1,D:\Skripsi\Experiment\data\raw\RGB2\S43\AC7\RGB2_SUB43ACT7F1.jpg,1,1,0.9647427201271057
1293,43,7,106,D:\Skripsi\Experiment\data\raw\RGB2\S43\AC7\RGB2_SUB43ACT7F106.jpg,1,1,0.9990793466567993
1294,43,7,121,D:\Skripsi\Experiment\data\raw\RGB2\S43\AC7\RGB2_SUB43ACT7F121.jpg,1,1,0.9967207312583923
1295,43,7,136,D:\Skripsi\Experiment\data\raw\RGB2\S43\AC7\RGB2_SUB43ACT7F136.jpg,1,1,0.9995928406715393
1296,43,7,151,D:\Skripsi\Experiment\data\raw\RGB2\S43\AC7\RGB2_SUB43ACT7F151.jpg,1,1,0.9958160519599915
1297,43,7,16,D:\Skripsi\Experiment\data\raw\RGB2\S43\AC7\RGB2_SUB43ACT7F16.jpg,1,1,0.9995642304420471
1298,43,7,166,D:\Skripsi\Experiment\data\raw\RGB2\S43\AC7\RGB2_SUB43ACT7F166.jpg,1,1,0.9995156526565552
1299,43,7,181,D:\Skripsi\Experiment\data\raw\RGB2\S43\AC7\RGB2_SUB43ACT7F181.jpg,1,1,0.9880840182304382
1300,43,7,196,D:\Skripsi\Experiment\data\raw\RGB2\S43\AC7\RGB2_SUB43ACT7F196.jpg,1,1,0.9988928437232971
1301,43,7,211,D:\Skripsi\Experiment\data\raw\RGB2\S43\AC7\RGB2_SUB43ACT7F211.jpg,1,1,0.9918239712715149
1302,43,7,31,D:\Skripsi\Experiment\data\raw\RGB2\S43\AC7\RGB2_SUB43ACT7F31.jpg,1,1,0.9969946146011353
1303,43,7,46,D:\Skripsi\Experiment\data\raw\RGB2\S43\AC7\RGB2_SUB43ACT7F46.jpg,1,1,0.9992510676383972
1304,43,7,61,D:\Skripsi\Experiment\data\raw\RGB2\S43\AC7\RGB2_SUB43ACT7F61.jpg,1,1,0.9991065859794617
1305,43,7,76,D:\Skripsi\Experiment\data\raw\RGB2\S43\AC7\RGB2_SUB43ACT7F76.jpg,1,1,0.9980879426002502
1306,43,7,91,D:\Skripsi\Experiment\data\raw\RGB2\S43\AC7\RGB2_SUB43ACT7F91.jpg,1,1,0.9974755644798279
1307,43,8,1,D:\Skripsi\Experiment\data\raw\RGB2\S43\AC8\RGB2_SUB43ACT8F1.jpg,1,1,0.9984775185585022
1308,43,8,106,D:\Skripsi\Experiment\data\raw\RGB2\S43\AC8\RGB2_SUB43ACT8F106.jpg,1,1,0.9983376264572144
1309,43,8,121,D:\Skripsi\Experiment\data\raw\RGB2\S43\AC8\RGB2_SUB43ACT8F121.jpg,1,1,0.998702883720398
1310,43,8,136,D:\Skripsi\Experiment\data\raw\RGB2\S43\AC8\RGB2_SUB43ACT8F136.jpg,1,1,0.9967387318611145
1311,43,8,151,D:\Skripsi\Experiment\data\raw\RGB2\S43\AC8\RGB2_SUB43ACT8F151.jpg,1,1,0.9758222103118896
1312,43,8,16,D:\Skripsi\Experiment\data\raw\RGB2\S43\AC8\RGB2_SUB43ACT8F16.jpg,1,1,0.9994974136352539
1313,43,8,166,D:\Skripsi\Experiment\data\raw\RGB2\S43\AC8\RGB2_SUB43ACT8F166.jpg,1,1,0.999900221824646
1314,43,8,181,D:\Skripsi\Experiment\data\raw\RGB2\S43\AC8\RGB2_SUB43ACT8F181.jpg,1,1,0.9959271550178528
1315,43,8,196,D:\Skripsi\Experiment\data\raw\RGB2\S43\AC8\RGB2_SUB43ACT8F196.jpg,1,1,0.999882698059082
1316,43,8,211,D:\Skripsi\Experiment\data\raw\RGB2\S43\AC8\RGB2_SUB43ACT8F211.jpg,1,1,0.9999382495880127
1317,43,8,226,D:\Skripsi\Experiment\data\raw\RGB2\S43\AC8\RGB2_SUB43ACT8F226.jpg,1,1,0.9991210103034973
1318,43,8,241,D:\Skripsi\Experiment\data\raw\RGB2\S43\AC8\RGB2_SUB43ACT8F241.jpg,1,1,0.9968501925468445
1319,43,8,256,D:\Skripsi\Experiment\data\raw\RGB2\S43\AC8\RGB2_SUB43ACT8F256.jpg,1,1,0.9932175278663635
1320,43,8,31,D:\Skripsi\Experiment\data\raw\RGB2\S43\AC8\RGB2_SUB43ACT8F31.jpg,1,1,0.9991509914398193
1321,43,8,46,D:\Skripsi\Experiment\data\raw\RGB2\S43\AC8\RGB2_SUB43ACT8F46.jpg,1,1,0.9979802966117859
1322,43,8,61,D:\Skripsi\Experiment\data\raw\RGB2\S43\AC8\RGB2_SUB43ACT8F61.jpg,1,1,0.9996829032897949
1323,43,8,76,D:\Skripsi\Experiment\data\raw\RGB2\S43\AC8\RGB2_SUB43ACT8F76.jpg,1,1,0.999764621257782
1324,43,8,91,D:\Skripsi\Experiment\data\raw\RGB2\S43\AC8\RGB2_SUB43ACT8F91.jpg,1,1,0.9998800754547119
1325,43,9,1,D:\Skripsi\Experiment\data\raw\RGB2\S43\AC9\RGB2_SUB43ACT9F1.jpg,1,1,0.9973026514053345
1326,43,9,106,D:\Skripsi\Experiment\data\raw\RGB2\S43\AC9\RGB2_SUB43ACT9F106.jpg,1,1,0.9998230338096619
1327,43,9,121,D:\Skripsi\Experiment\data\raw\RGB2\S43\AC9\RGB2_SUB43ACT9F121.jpg,1,1,0.9998020529747009
1328,43,9,136,D:\Skripsi\Experiment\data\raw\RGB2\S43\AC9\RGB2_SUB43ACT9F136.jpg,1,1,0.9993706345558167
1329,43,9,151,D:\Skripsi\Experiment\data\raw\RGB2\S43\AC9\RGB2_SUB43ACT9F151.jpg,1,1,0.9996929168701172
1330,43,9,16,D:\Skripsi\Experiment\data\raw\RGB2\S43\AC9\RGB2_SUB43ACT9F16.jpg,1,1,0.9990888833999634
1331,43,9,166,D:\Skripsi\Experiment\data\raw\RGB2\S43\AC9\RGB2_SUB43ACT9F166.jpg,1,1,0.9999570846557617
1332,43,9,31,D:\Skripsi\Experiment\data\raw\RGB2\S43\AC9\RGB2_SUB43ACT9F31.jpg,1,1,0.9977774024009705
1333,43,9,46,D:\Skripsi\Experiment\data\raw\RGB2\S43\AC9\RGB2_SUB43ACT9F46.jpg,1,1,0.9997089505195618
1334,43,9,61,D:\Skripsi\Experiment\data\raw\RGB2\S43\AC9\RGB2_SUB43ACT9F61.jpg,1,1,0.9997462630271912
1335,43,9,76,D:\Skripsi\Experiment\data\raw\RGB2\S43\AC9\RGB2_SUB43ACT9F76.jpg,1,1,0.9988569021224976
1336,43,9,91,D:\Skripsi\Experiment\data\raw\RGB2\S43\AC9\RGB2_SUB43ACT9F91.jpg,1,1,0.9998962879180908
1337,44,1,1,D:\Skripsi\Experiment\data\raw\RGB2\S44\AC1\RGB2_SUB44ACT1F1.jpg,0,0,0.0001368356606690213
1338,44,1,106,D:\Skripsi\Experiment\data\raw\RGB2\S44\AC1\RGB2_SUB44ACT1F106.jpg,0,0,0.0001946818665601313
1339,44,1,121,D:\Skripsi\Experiment\data\raw\RGB2\S44\AC1\RGB2_SUB44ACT1F121.jpg,0,0,1.2408054317347705e-06
1340,44,1,136,D:\Skripsi\Experiment\data\raw\RGB2\S44\AC1\RGB2_SUB44ACT1F136.jpg,0,0,3.086985316258506e-06
1341,44,1,151,D:\Skripsi\Experiment\data\raw\RGB2\S44\AC1\RGB2_SUB44ACT1F151.jpg,0,0,4.475696187000722e-06
1342,44,1,16,D:\Skripsi\Experiment\data\raw\RGB2\S44\AC1\RGB2_SUB44ACT1F16.jpg,0,0,0.00014856852067168802
1343,44,1,31,D:\Skripsi\Experiment\data\raw\RGB2\S44\AC1\RGB2_SUB44ACT1F31.jpg,0,0,3.5390930861467496e-05
1344,44,1,46,D:\Skripsi\Experiment\data\raw\RGB2\S44\AC1\RGB2_SUB44ACT1F46.jpg,0,0,8.078693645074964e-05
1345,44,1,61,D:\Skripsi\Experiment\data\raw\RGB2\S44\AC1\RGB2_SUB44ACT1F61.jpg,0,0,1.8267166524310596e-05
1346,44,1,76,D:\Skripsi\Experiment\data\raw\RGB2\S44\AC1\RGB2_SUB44ACT1F76.jpg,0,0,0.00021514543914236128
1347,44,1,91,D:\Skripsi\Experiment\data\raw\RGB2\S44\AC1\RGB2_SUB44ACT1F91.jpg,0,0,8.069105774666241e-07
1348,44,5,1,D:\Skripsi\Experiment\data\raw\RGB2\S44\AC5\RGB2_SUB44ACT5F1.jpg,1,1,0.9998314380645752
1349,44,5,106,D:\Skripsi\Experiment\data\raw\RGB2\S44\AC5\RGB2_SUB44ACT5F106.jpg,1,1,0.9999411106109619
1350,44,5,121,D:\Skripsi\Experiment\data\raw\RGB2\S44\AC5\RGB2_SUB44ACT5F121.jpg,1,1,0.9999743700027466
1351,44,5,136,D:\Skripsi\Experiment\data\raw\RGB2\S44\AC5\RGB2_SUB44ACT5F136.jpg,1,1,0.999670147895813
1352,44,5,16,D:\Skripsi\Experiment\data\raw\RGB2\S44\AC5\RGB2_SUB44ACT5F16.jpg,1,1,0.9998986721038818
1353,44,5,31,D:\Skripsi\Experiment\data\raw\RGB2\S44\AC5\RGB2_SUB44ACT5F31.jpg,1,1,0.999976634979248
1354,44,5,46,D:\Skripsi\Experiment\data\raw\RGB2\S44\AC5\RGB2_SUB44ACT5F46.jpg,1,1,0.999919056892395
1355,44,5,61,D:\Skripsi\Experiment\data\raw\RGB2\S44\AC5\RGB2_SUB44ACT5F61.jpg,1,1,0.9999433755874634
1356,44,5,76,D:\Skripsi\Experiment\data\raw\RGB2\S44\AC5\RGB2_SUB44ACT5F76.jpg,1,1,0.9998631477355957
1357,44,5,91,D:\Skripsi\Experiment\data\raw\RGB2\S44\AC5\RGB2_SUB44ACT5F91.jpg,1,1,0.9999663829803467
1358,44,6,1,D:\Skripsi\Experiment\data\raw\RGB2\S44\AC6\RGB2_SUB44ACT6F1.jpg,1,1,0.9997950196266174
1359,44,6,106,D:\Skripsi\Experiment\data\raw\RGB2\S44\AC6\RGB2_SUB44ACT6F106.jpg,1,1,0.9992918968200684
1360,44,6,121,D:\Skripsi\Experiment\data\raw\RGB2\S44\AC6\RGB2_SUB44ACT6F121.jpg,1,1,0.999698281288147
1361,44,6,136,D:\Skripsi\Experiment\data\raw\RGB2\S44\AC6\RGB2_SUB44ACT6F136.jpg,1,1,0.9999864101409912
1362,44,6,16,D:\Skripsi\Experiment\data\raw\RGB2\S44\AC6\RGB2_SUB44ACT6F16.jpg,1,1,0.9999890327453613
1363,44,6,31,D:\Skripsi\Experiment\data\raw\RGB2\S44\AC6\RGB2_SUB44ACT6F31.jpg,1,1,0.9998157620429993
1364,44,6,46,D:\Skripsi\Experiment\data\raw\RGB2\S44\AC6\RGB2_SUB44ACT6F46.jpg,1,1,0.9999352693557739
1365,44,6,61,D:\Skripsi\Experiment\data\raw\RGB2\S44\AC6\RGB2_SUB44ACT6F61.jpg,1,1,0.9997592568397522
1366,44,6,76,D:\Skripsi\Experiment\data\raw\RGB2\S44\AC6\RGB2_SUB44ACT6F76.jpg,1,1,0.9996774196624756
1367,44,6,91,D:\Skripsi\Experiment\data\raw\RGB2\S44\AC6\RGB2_SUB44ACT6F91.jpg,1,1,0.9986724853515625
1368,44,7,1,D:\Skripsi\Experiment\data\raw\RGB2\S44\AC7\RGB2_SUB44ACT7F1.jpg,1,1,0.9999333620071411
1369,44,7,106,D:\Skripsi\Experiment\data\raw\RGB2\S44\AC7\RGB2_SUB44ACT7F106.jpg,1,1,0.9996488094329834
1370,44,7,121,D:\Skripsi\Experiment\data\raw\RGB2\S44\AC7\RGB2_SUB44ACT7F121.jpg,1,1,0.9996471405029297
1371,44,7,136,D:\Skripsi\Experiment\data\raw\RGB2\S44\AC7\RGB2_SUB44ACT7F136.jpg,1,1,0.999948263168335
1372,44,7,151,D:\Skripsi\Experiment\data\raw\RGB2\S44\AC7\RGB2_SUB44ACT7F151.jpg,1,1,0.9997491240501404
1373,44,7,16,D:\Skripsi\Experiment\data\raw\RGB2\S44\AC7\RGB2_SUB44ACT7F16.jpg,1,1,0.9951109290122986
1374,44,7,31,D:\Skripsi\Experiment\data\raw\RGB2\S44\AC7\RGB2_SUB44ACT7F31.jpg,1,1,0.9999070167541504
1375,44,7,46,D:\Skripsi\Experiment\data\raw\RGB2\S44\AC7\RGB2_SUB44ACT7F46.jpg,1,1,0.9996777772903442
1376,44,7,61,D:\Skripsi\Experiment\data\raw\RGB2\S44\AC7\RGB2_SUB44ACT7F61.jpg,1,1,0.9992142915725708
1377,44,7,76,D:\Skripsi\Experiment\data\raw\RGB2\S44\AC7\RGB2_SUB44ACT7F76.jpg,1,1,0.999752938747406
1378,44,7,91,D:\Skripsi\Experiment\data\raw\RGB2\S44\AC7\RGB2_SUB44ACT7F91.jpg,1,1,0.9993736147880554
1379,44,8,1,D:\Skripsi\Experiment\data\raw\RGB2\S44\AC8\RGB2_SUB44ACT8F1.jpg,1,1,0.9999065399169922
1380,44,8,106,D:\Skripsi\Experiment\data\raw\RGB2\S44\AC8\RGB2_SUB44ACT8F106.jpg,1,1,0.999901533126831
1381,44,8,121,D:\Skripsi\Experiment\data\raw\RGB2\S44\AC8\RGB2_SUB44ACT8F121.jpg,1,1,0.9999393224716187
1382,44,8,136,D:\Skripsi\Experiment\data\raw\RGB2\S44\AC8\RGB2_SUB44ACT8F136.jpg,1,1,0.9989320635795593
1383,44,8,151,D:\Skripsi\Experiment\data\raw\RGB2\S44\AC8\RGB2_SUB44ACT8F151.jpg,1,1,0.9999740123748779
1384,44,8,16,D:\Skripsi\Experiment\data\raw\RGB2\S44\AC8\RGB2_SUB44ACT8F16.jpg,1,1,0.9999492168426514
1385,44,8,166,D:\Skripsi\Experiment\data\raw\RGB2\S44\AC8\RGB2_SUB44ACT8F166.jpg,1,1,0.9999940395355225
1386,44,8,181,D:\Skripsi\Experiment\data\raw\RGB2\S44\AC8\RGB2_SUB44ACT8F181.jpg,1,1,0.9999793767929077
1387,44,8,31,D:\Skripsi\Experiment\data\raw\RGB2\S44\AC8\RGB2_SUB44ACT8F31.jpg,1,1,0.9951074123382568
1388,44,8,46,D:\Skripsi\Experiment\data\raw\RGB2\S44\AC8\RGB2_SUB44ACT8F46.jpg,1,1,0.9997707009315491
1389,44,8,61,D:\Skripsi\Experiment\data\raw\RGB2\S44\AC8\RGB2_SUB44ACT8F61.jpg,1,1,0.9998005032539368
1390,44,8,76,D:\Skripsi\Experiment\data\raw\RGB2\S44\AC8\RGB2_SUB44ACT8F76.jpg,1,1,0.9997362494468689
1391,44,8,91,D:\Skripsi\Experiment\data\raw\RGB2\S44\AC8\RGB2_SUB44ACT8F91.jpg,1,1,0.9998717308044434
1392,44,9,1,D:\Skripsi\Experiment\data\raw\RGB2\S44\AC9\RGB2_SUB44ACT9F1.jpg,1,1,0.999984622001648
1393,44,9,106,D:\Skripsi\Experiment\data\raw\RGB2\S44\AC9\RGB2_SUB44ACT9F106.jpg,1,1,0.9992964267730713
1394,44,9,121,D:\Skripsi\Experiment\data\raw\RGB2\S44\AC9\RGB2_SUB44ACT9F121.jpg,1,1,0.9999001026153564
1395,44,9,136,D:\Skripsi\Experiment\data\raw\RGB2\S44\AC9\RGB2_SUB44ACT9F136.jpg,1,1,0.9996874332427979
1396,44,9,151,D:\Skripsi\Experiment\data\raw\RGB2\S44\AC9\RGB2_SUB44ACT9F151.jpg,1,1,0.9996389150619507
1397,44,9,16,D:\Skripsi\Experiment\data\raw\RGB2\S44\AC9\RGB2_SUB44ACT9F16.jpg,1,1,0.9999264478683472
1398,44,9,166,D:\Skripsi\Experiment\data\raw\RGB2\S44\AC9\RGB2_SUB44ACT9F166.jpg,1,1,0.9993436932563782
1399,44,9,181,D:\Skripsi\Experiment\data\raw\RGB2\S44\AC9\RGB2_SUB44ACT9F181.jpg,1,1,0.9999483823776245
1400,44,9,196,D:\Skripsi\Experiment\data\raw\RGB2\S44\AC9\RGB2_SUB44ACT9F196.jpg,1,1,0.9998610019683838
1401,44,9,31,D:\Skripsi\Experiment\data\raw\RGB2\S44\AC9\RGB2_SUB44ACT9F31.jpg,1,1,0.9999485015869141
1402,44,9,46,D:\Skripsi\Experiment\data\raw\RGB2\S44\AC9\RGB2_SUB44ACT9F46.jpg,1,1,0.9999181032180786
1403,44,9,61,D:\Skripsi\Experiment\data\raw\RGB2\S44\AC9\RGB2_SUB44ACT9F61.jpg,1,1,0.9999808073043823
1404,44,9,76,D:\Skripsi\Experiment\data\raw\RGB2\S44\AC9\RGB2_SUB44ACT9F76.jpg,1,1,0.9988382458686829
1405,44,9,91,D:\Skripsi\Experiment\data\raw\RGB2\S44\AC9\RGB2_SUB44ACT9F91.jpg,1,1,0.9998399019241333
1406,45,1,1,D:\Skripsi\Experiment\data\raw\RGB2\S45\AC1\RGB2_SUB45ACT1F1.jpg,0,0,3.26418444274168e-07
1407,45,1,106,D:\Skripsi\Experiment\data\raw\RGB2\S45\AC1\RGB2_SUB45ACT1F106.jpg,0,0,2.8105721412430285e-06
1408,45,1,121,D:\Skripsi\Experiment\data\raw\RGB2\S45\AC1\RGB2_SUB45ACT1F121.jpg,0,0,4.4098836582406875e-08
1409,45,1,136,D:\Skripsi\Experiment\data\raw\RGB2\S45\AC1\RGB2_SUB45ACT1F136.jpg,0,0,6.487105110863922e-07
1410,45,1,151,D:\Skripsi\Experiment\data\raw\RGB2\S45\AC1\RGB2_SUB45ACT1F151.jpg,0,0,1.937742354130023e-06
1411,45,1,16,D:\Skripsi\Experiment\data\raw\RGB2\S45\AC1\RGB2_SUB45ACT1F16.jpg,0,0,2.1825840121891815e-06
1412,45,1,166,D:\Skripsi\Experiment\data\raw\RGB2\S45\AC1\RGB2_SUB45ACT1F166.jpg,0,0,3.040529009012971e-06
1413,45,1,31,D:\Skripsi\Experiment\data\raw\RGB2\S45\AC1\RGB2_SUB45ACT1F31.jpg,0,0,1.803095256036613e-05
1414,45,1,46,D:\Skripsi\Experiment\data\raw\RGB2\S45\AC1\RGB2_SUB45ACT1F46.jpg,0,0,2.972543825308094e-06
1415,45,1,61,D:\Skripsi\Experiment\data\raw\RGB2\S45\AC1\RGB2_SUB45ACT1F61.jpg,0,0,4.303337391320383e-06
1416,45,1,76,D:\Skripsi\Experiment\data\raw\RGB2\S45\AC1\RGB2_SUB45ACT1F76.jpg,0,0,0.00012415749370120466
1417,45,1,91,D:\Skripsi\Experiment\data\raw\RGB2\S45\AC1\RGB2_SUB45ACT1F91.jpg,0,0,1.5696618902438786e-06
1418,45,5,1,D:\Skripsi\Experiment\data\raw\RGB2\S45\AC5\RGB2_SUB45ACT5F1.jpg,1,1,0.9996695518493652
1419,45,5,106,D:\Skripsi\Experiment\data\raw\RGB2\S45\AC5\RGB2_SUB45ACT5F106.jpg,1,1,0.9999312162399292
1420,45,5,16,D:\Skripsi\Experiment\data\raw\RGB2\S45\AC5\RGB2_SUB45ACT5F16.jpg,1,1,0.9997237324714661
1421,45,5,31,D:\Skripsi\Experiment\data\raw\RGB2\S45\AC5\RGB2_SUB45ACT5F31.jpg,1,1,0.9999125003814697
1422,45,5,46,D:\Skripsi\Experiment\data\raw\RGB2\S45\AC5\RGB2_SUB45ACT5F46.jpg,1,1,0.999902606010437
1423,45,5,61,D:\Skripsi\Experiment\data\raw\RGB2\S45\AC5\RGB2_SUB45ACT5F61.jpg,1,1,0.9999761581420898
1424,45,5,76,D:\Skripsi\Experiment\data\raw\RGB2\S45\AC5\RGB2_SUB45ACT5F76.jpg,1,1,0.9998793601989746
1425,45,5,91,D:\Skripsi\Experiment\data\raw\RGB2\S45\AC5\RGB2_SUB45ACT5F91.jpg,1,1,0.9999384880065918
1426,45,6,1,D:\Skripsi\Experiment\data\raw\RGB2\S45\AC6\RGB2_SUB45ACT6F1.jpg,1,1,0.9997838139533997
1427,45,6,106,D:\Skripsi\Experiment\data\raw\RGB2\S45\AC6\RGB2_SUB45ACT6F106.jpg,1,1,0.9970929622650146
1428,45,6,121,D:\Skripsi\Experiment\data\raw\RGB2\S45\AC6\RGB2_SUB45ACT6F121.jpg,1,1,0.9996166229248047
1429,45,6,136,D:\Skripsi\Experiment\data\raw\RGB2\S45\AC6\RGB2_SUB45ACT6F136.jpg,1,1,0.9992892742156982
1430,45,6,151,D:\Skripsi\Experiment\data\raw\RGB2\S45\AC6\RGB2_SUB45ACT6F151.jpg,1,1,0.999273955821991
1431,45,6,16,D:\Skripsi\Experiment\data\raw\RGB2\S45\AC6\RGB2_SUB45ACT6F16.jpg,1,1,0.9993108510971069
1432,45,6,31,D:\Skripsi\Experiment\data\raw\RGB2\S45\AC6\RGB2_SUB45ACT6F31.jpg,1,1,0.999509334564209
1433,45,6,46,D:\Skripsi\Experiment\data\raw\RGB2\S45\AC6\RGB2_SUB45ACT6F46.jpg,1,1,0.9859828352928162
1434,45,6,61,D:\Skripsi\Experiment\data\raw\RGB2\S45\AC6\RGB2_SUB45ACT6F61.jpg,1,1,0.9975772500038147
1435,45,6,76,D:\Skripsi\Experiment\data\raw\RGB2\S45\AC6\RGB2_SUB45ACT6F76.jpg,1,1,0.9998181462287903
1436,45,6,91,D:\Skripsi\Experiment\data\raw\RGB2\S45\AC6\RGB2_SUB45ACT6F91.jpg,1,1,0.9997742772102356
1437,45,7,1,D:\Skripsi\Experiment\data\raw\RGB2\S45\AC7\RGB2_SUB45ACT7F1.jpg,1,1,0.9999432563781738
1438,45,7,106,D:\Skripsi\Experiment\data\raw\RGB2\S45\AC7\RGB2_SUB45ACT7F106.jpg,1,1,0.9998444318771362
1439,45,7,121,D:\Skripsi\Experiment\data\raw\RGB2\S45\AC7\RGB2_SUB45ACT7F121.jpg,1,1,0.9999371767044067
1440,45,7,136,D:\Skripsi\Experiment\data\raw\RGB2\S45\AC7\RGB2_SUB45ACT7F136.jpg,1,1,0.9999517202377319
1441,45,7,151,D:\Skripsi\Experiment\data\raw\RGB2\S45\AC7\RGB2_SUB45ACT7F151.jpg,1,1,0.9998650550842285
1442,45,7,16,D:\Skripsi\Experiment\data\raw\RGB2\S45\AC7\RGB2_SUB45ACT7F16.jpg,1,1,0.9998840093612671
1443,45,7,166,D:\Skripsi\Experiment\data\raw\RGB2\S45\AC7\RGB2_SUB45ACT7F166.jpg,1,1,0.9998925924301147
1444,45,7,181,D:\Skripsi\Experiment\data\raw\RGB2\S45\AC7\RGB2_SUB45ACT7F181.jpg,1,1,0.9999645948410034
1445,45,7,196,D:\Skripsi\Experiment\data\raw\RGB2\S45\AC7\RGB2_SUB45ACT7F196.jpg,1,1,0.9992284774780273
1446,45,7,31,D:\Skripsi\Experiment\data\raw\RGB2\S45\AC7\RGB2_SUB45ACT7F31.jpg,1,1,0.9994613528251648
1447,45,7,46,D:\Skripsi\Experiment\data\raw\RGB2\S45\AC7\RGB2_SUB45ACT7F46.jpg,1,1,0.9997020363807678
1448,45,7,61,D:\Skripsi\Experiment\data\raw\RGB2\S45\AC7\RGB2_SUB45ACT7F61.jpg,1,1,0.9995765089988708
1449,45,7,76,D:\Skripsi\Experiment\data\raw\RGB2\S45\AC7\RGB2_SUB45ACT7F76.jpg,1,1,0.9980260729789734
1450,45,7,91,D:\Skripsi\Experiment\data\raw\RGB2\S45\AC7\RGB2_SUB45ACT7F91.jpg,1,1,0.9983868598937988
1451,45,8,1,D:\Skripsi\Experiment\data\raw\RGB2\S45\AC8\RGB2_SUB45ACT8F1.jpg,1,1,0.9998445510864258
1452,45,8,106,D:\Skripsi\Experiment\data\raw\RGB2\S45\AC8\RGB2_SUB45ACT8F106.jpg,1,1,0.9998169541358948
1453,45,8,121,D:\Skripsi\Experiment\data\raw\RGB2\S45\AC8\RGB2_SUB45ACT8F121.jpg,1,1,0.9971828460693359
1454,45,8,136,D:\Skripsi\Experiment\data\raw\RGB2\S45\AC8\RGB2_SUB45ACT8F136.jpg,1,1,0.9997525811195374
1455,45,8,151,D:\Skripsi\Experiment\data\raw\RGB2\S45\AC8\RGB2_SUB45ACT8F151.jpg,1,1,0.9962714910507202
1456,45,8,16,D:\Skripsi\Experiment\data\raw\RGB2\S45\AC8\RGB2_SUB45ACT8F16.jpg,1,1,0.9989567995071411
1457,45,8,166,D:\Skripsi\Experiment\data\raw\RGB2\S45\AC8\RGB2_SUB45ACT8F166.jpg,1,1,0.9978801012039185
1458,45,8,181,D:\Skripsi\Experiment\data\raw\RGB2\S45\AC8\RGB2_SUB45ACT8F181.jpg,1,1,0.9995006322860718
1459,45,8,196,D:\Skripsi\Experiment\data\raw\RGB2\S45\AC8\RGB2_SUB45ACT8F196.jpg,1,1,0.9997764229774475
1460,45,8,211,D:\Skripsi\Experiment\data\raw\RGB2\S45\AC8\RGB2_SUB45ACT8F211.jpg,1,1,0.9998997449874878
1461,45,8,31,D:\Skripsi\Experiment\data\raw\RGB2\S45\AC8\RGB2_SUB45ACT8F31.jpg,1,1,0.999815046787262
1462,45,8,46,D:\Skripsi\Experiment\data\raw\RGB2\S45\AC8\RGB2_SUB45ACT8F46.jpg,1,1,0.9999744892120361
1463,45,8,61,D:\Skripsi\Experiment\data\raw\RGB2\S45\AC8\RGB2_SUB45ACT8F61.jpg,1,1,0.9999455213546753
1464,45,8,76,D:\Skripsi\Experiment\data\raw\RGB2\S45\AC8\RGB2_SUB45ACT8F76.jpg,1,1,0.9996997117996216
1465,45,8,91,D:\Skripsi\Experiment\data\raw\RGB2\S45\AC8\RGB2_SUB45ACT8F91.jpg,1,1,0.9976658821105957
1466,45,9,1,D:\Skripsi\Experiment\data\raw\RGB2\S45\AC9\RGB2_SUB45ACT9F1.jpg,1,1,0.99974125623703
1467,45,9,106,D:\Skripsi\Experiment\data\raw\RGB2\S45\AC9\RGB2_SUB45ACT9F106.jpg,1,1,0.9986237287521362
1468,45,9,121,D:\Skripsi\Experiment\data\raw\RGB2\S45\AC9\RGB2_SUB45ACT9F121.jpg,1,1,0.9998984336853027
1469,45,9,136,D:\Skripsi\Experiment\data\raw\RGB2\S45\AC9\RGB2_SUB45ACT9F136.jpg,1,1,0.9998797178268433
1470,45,9,151,D:\Skripsi\Experiment\data\raw\RGB2\S45\AC9\RGB2_SUB45ACT9F151.jpg,1,1,0.9996438026428223
1471,45,9,16,D:\Skripsi\Experiment\data\raw\RGB2\S45\AC9\RGB2_SUB45ACT9F16.jpg,1,1,0.9999262094497681
1472,45,9,166,D:\Skripsi\Experiment\data\raw\RGB2\S45\AC9\RGB2_SUB45ACT9F166.jpg,1,1,0.9997616410255432
1473,45,9,181,D:\Skripsi\Experiment\data\raw\RGB2\S45\AC9\RGB2_SUB45ACT9F181.jpg,1,1,0.9997681975364685
1474,45,9,196,D:\Skripsi\Experiment\data\raw\RGB2\S45\AC9\RGB2_SUB45ACT9F196.jpg,1,1,0.9998915195465088
1475,45,9,211,D:\Skripsi\Experiment\data\raw\RGB2\S45\AC9\RGB2_SUB45ACT9F211.jpg,1,1,0.9997449517250061
1476,45,9,226,D:\Skripsi\Experiment\data\raw\RGB2\S45\AC9\RGB2_SUB45ACT9F226.jpg,1,1,0.9983440637588501
1477,45,9,31,D:\Skripsi\Experiment\data\raw\RGB2\S45\AC9\RGB2_SUB45ACT9F31.jpg,1,1,0.9993757605552673
1478,45,9,46,D:\Skripsi\Experiment\data\raw\RGB2\S45\AC9\RGB2_SUB45ACT9F46.jpg,1,1,0.9939392805099487
1479,45,9,61,D:\Skripsi\Experiment\data\raw\RGB2\S45\AC9\RGB2_SUB45ACT9F61.jpg,1,1,0.9990610480308533
1480,45,9,76,D:\Skripsi\Experiment\data\raw\RGB2\S45\AC9\RGB2_SUB45ACT9F76.jpg,1,1,0.9999587535858154
1481,45,9,91,D:\Skripsi\Experiment\data\raw\RGB2\S45\AC9\RGB2_SUB45ACT9F91.jpg,1,1,0.9993422627449036
1482,46,1,1,D:\Skripsi\Experiment\data\raw\RGB2\S46\AC1\RGB2_SUB46ACT1F1.jpg,0,0,6.92564353812486e-05
1483,46,1,106,D:\Skripsi\Experiment\data\raw\RGB2\S46\AC1\RGB2_SUB46ACT1F106.jpg,0,0,5.537563538382528e-06
1484,46,1,121,D:\Skripsi\Experiment\data\raw\RGB2\S46\AC1\RGB2_SUB46ACT1F121.jpg,0,0,5.7032830227399245e-06
1485,46,1,136,D:\Skripsi\Experiment\data\raw\RGB2\S46\AC1\RGB2_SUB46ACT1F136.jpg,0,0,6.983639468671754e-05
1486,46,1,151,D:\Skripsi\Experiment\data\raw\RGB2\S46\AC1\RGB2_SUB46ACT1F151.jpg,0,0,0.0004931711591780186
1487,46,1,16,D:\Skripsi\Experiment\data\raw\RGB2\S46\AC1\RGB2_SUB46ACT1F16.jpg,0,0,7.600719072797801e-06
1488,46,1,166,D:\Skripsi\Experiment\data\raw\RGB2\S46\AC1\RGB2_SUB46ACT1F166.jpg,0,0,0.0015515360282734036
1489,46,1,181,D:\Skripsi\Experiment\data\raw\RGB2\S46\AC1\RGB2_SUB46ACT1F181.jpg,0,0,7.994157385837752e-06
1490,46,1,196,D:\Skripsi\Experiment\data\raw\RGB2\S46\AC1\RGB2_SUB46ACT1F196.jpg,0,0,7.189487951109186e-05
1491,46,1,211,D:\Skripsi\Experiment\data\raw\RGB2\S46\AC1\RGB2_SUB46ACT1F211.jpg,0,0,0.0018095113337039948
1492,46,1,226,D:\Skripsi\Experiment\data\raw\RGB2\S46\AC1\RGB2_SUB46ACT1F226.jpg,0,0,5.784853419754654e-05
1493,46,1,241,D:\Skripsi\Experiment\data\raw\RGB2\S46\AC1\RGB2_SUB46ACT1F241.jpg,0,0,1.0030782505054958e-05
1494,46,1,256,D:\Skripsi\Experiment\data\raw\RGB2\S46\AC1\RGB2_SUB46ACT1F256.jpg,0,0,0.00011918849486391991
1495,46,1,31,D:\Skripsi\Experiment\data\raw\RGB2\S46\AC1\RGB2_SUB46ACT1F31.jpg,0,0,7.070883839332964e-06
1496,46,1,46,D:\Skripsi\Experiment\data\raw\RGB2\S46\AC1\RGB2_SUB46ACT1F46.jpg,0,0,2.1809007648698753e-06
1497,46,1,61,D:\Skripsi\Experiment\data\raw\RGB2\S46\AC1\RGB2_SUB46ACT1F61.jpg,0,0,3.404016752028838e-05
1498,46,1,76,D:\Skripsi\Experiment\data\raw\RGB2\S46\AC1\RGB2_SUB46ACT1F76.jpg,0,0,3.518189623719081e-05
1499,46,1,91,D:\Skripsi\Experiment\data\raw\RGB2\S46\AC1\RGB2_SUB46ACT1F91.jpg,0,0,2.4392359136982122e-06
1500,46,5,1,D:\Skripsi\Experiment\data\raw\RGB2\S46\AC5\RGB2_SUB46ACT5F1.jpg,1,1,0.9994930028915405
1501,46,5,106,D:\Skripsi\Experiment\data\raw\RGB2\S46\AC5\RGB2_SUB46ACT5F106.jpg,1,1,0.9985225796699524
1502,46,5,121,D:\Skripsi\Experiment\data\raw\RGB2\S46\AC5\RGB2_SUB46ACT5F121.jpg,1,1,0.9996730089187622
1503,46,5,16,D:\Skripsi\Experiment\data\raw\RGB2\S46\AC5\RGB2_SUB46ACT5F16.jpg,1,1,0.6016462445259094
1504,46,5,31,D:\Skripsi\Experiment\data\raw\RGB2\S46\AC5\RGB2_SUB46ACT5F31.jpg,1,1,0.9997829794883728
1505,46,5,46,D:\Skripsi\Experiment\data\raw\RGB2\S46\AC5\RGB2_SUB46ACT5F46.jpg,1,1,0.9990994930267334
1506,46,5,61,D:\Skripsi\Experiment\data\raw\RGB2\S46\AC5\RGB2_SUB46ACT5F61.jpg,1,1,0.9992380142211914
1507,46,5,76,D:\Skripsi\Experiment\data\raw\RGB2\S46\AC5\RGB2_SUB46ACT5F76.jpg,1,1,0.9918862581253052
1508,46,5,91,D:\Skripsi\Experiment\data\raw\RGB2\S46\AC5\RGB2_SUB46ACT5F91.jpg,1,1,0.9997268319129944
1509,46,6,1,D:\Skripsi\Experiment\data\raw\RGB2\S46\AC6\RGB2_SUB46ACT6F1.jpg,1,1,0.9999903440475464
1510,46,6,106,D:\Skripsi\Experiment\data\raw\RGB2\S46\AC6\RGB2_SUB46ACT6F106.jpg,1,1,0.9991363883018494
1511,46,6,121,D:\Skripsi\Experiment\data\raw\RGB2\S46\AC6\RGB2_SUB46ACT6F121.jpg,1,1,0.9990788698196411
1512,46,6,136,D:\Skripsi\Experiment\data\raw\RGB2\S46\AC6\RGB2_SUB46ACT6F136.jpg,1,1,0.9999622106552124
1513,46,6,16,D:\Skripsi\Experiment\data\raw\RGB2\S46\AC6\RGB2_SUB46ACT6F16.jpg,1,1,0.9945117235183716
1514,46,6,31,D:\Skripsi\Experiment\data\raw\RGB2\S46\AC6\RGB2_SUB46ACT6F31.jpg,1,1,0.9997783303260803
1515,46,6,46,D:\Skripsi\Experiment\data\raw\RGB2\S46\AC6\RGB2_SUB46ACT6F46.jpg,1,1,0.9998418092727661
1516,46,6,61,D:\Skripsi\Experiment\data\raw\RGB2\S46\AC6\RGB2_SUB46ACT6F61.jpg,1,1,0.9997462630271912
1517,46,6,76,D:\Skripsi\Experiment\data\raw\RGB2\S46\AC6\RGB2_SUB46ACT6F76.jpg,1,1,0.9993835687637329
1518,46,6,91,D:\Skripsi\Experiment\data\raw\RGB2\S46\AC6\RGB2_SUB46ACT6F91.jpg,1,1,0.9715054035186768
1519,46,7,1,D:\Skripsi\Experiment\data\raw\RGB2\S46\AC7\RGB2_SUB46ACT7F1.jpg,1,1,0.998145341873169
1520,46,7,106,D:\Skripsi\Experiment\data\raw\RGB2\S46\AC7\RGB2_SUB46ACT7F106.jpg,1,1,0.9992029070854187
1521,46,7,121,D:\Skripsi\Experiment\data\raw\RGB2\S46\AC7\RGB2_SUB46ACT7F121.jpg,1,1,0.9998742341995239
1522,46,7,136,D:\Skripsi\Experiment\data\raw\RGB2\S46\AC7\RGB2_SUB46ACT7F136.jpg,1,1,0.9987046718597412
1523,46,7,16,D:\Skripsi\Experiment\data\raw\RGB2\S46\AC7\RGB2_SUB46ACT7F16.jpg,1,1,0.9961645603179932
1524,46,7,31,D:\Skripsi\Experiment\data\raw\RGB2\S46\AC7\RGB2_SUB46ACT7F31.jpg,1,1,0.9994439482688904
1525,46,7,46,D:\Skripsi\Experiment\data\raw\RGB2\S46\AC7\RGB2_SUB46ACT7F46.jpg,1,1,0.9986857771873474
1526,46,7,61,D:\Skripsi\Experiment\data\raw\RGB2\S46\AC7\RGB2_SUB46ACT7F61.jpg,1,1,0.999795138835907
1527,46,7,76,D:\Skripsi\Experiment\data\raw\RGB2\S46\AC7\RGB2_SUB46ACT7F76.jpg,1,1,0.999101996421814
1528,46,7,91,D:\Skripsi\Experiment\data\raw\RGB2\S46\AC7\RGB2_SUB46ACT7F91.jpg,1,1,0.9993607401847839
1529,46,8,1,D:\Skripsi\Experiment\data\raw\RGB2\S46\AC8\RGB2_SUB46ACT8F1.jpg,1,1,0.9994007349014282
1530,46,8,106,D:\Skripsi\Experiment\data\raw\RGB2\S46\AC8\RGB2_SUB46ACT8F106.jpg,1,1,0.9999599456787109
1531,46,8,121,D:\Skripsi\Experiment\data\raw\RGB2\S46\AC8\RGB2_SUB46ACT8F121.jpg,1,1,0.9998760223388672
1532,46,8,136,D:\Skripsi\Experiment\data\raw\RGB2\S46\AC8\RGB2_SUB46ACT8F136.jpg,1,1,0.9999452829360962
1533,46,8,151,D:\Skripsi\Experiment\data\raw\RGB2\S46\AC8\RGB2_SUB46ACT8F151.jpg,1,1,0.9996657371520996
1534,46,8,16,D:\Skripsi\Experiment\data\raw\RGB2\S46\AC8\RGB2_SUB46ACT8F16.jpg,1,1,0.9995070695877075
1535,46,8,31,D:\Skripsi\Experiment\data\raw\RGB2\S46\AC8\RGB2_SUB46ACT8F31.jpg,1,1,0.9984531402587891
1536,46,8,46,D:\Skripsi\Experiment\data\raw\RGB2\S46\AC8\RGB2_SUB46ACT8F46.jpg,1,1,0.9986163377761841
1537,46,8,61,D:\Skripsi\Experiment\data\raw\RGB2\S46\AC8\RGB2_SUB46ACT8F61.jpg,1,1,0.9998573064804077
1538,46,8,76,D:\Skripsi\Experiment\data\raw\RGB2\S46\AC8\RGB2_SUB46ACT8F76.jpg,1,1,0.999958872795105
1539,46,8,91,D:\Skripsi\Experiment\data\raw\RGB2\S46\AC8\RGB2_SUB46ACT8F91.jpg,1,1,0.999691367149353
1540,46,9,1,D:\Skripsi\Experiment\data\raw\RGB2\S46\AC9\RGB2_SUB46ACT9F1.jpg,1,1,0.9999922513961792
1541,46,9,16,D:\Skripsi\Experiment\data\raw\RGB2\S46\AC9\RGB2_SUB46ACT9F16.jpg,1,1,0.9984647035598755
1542,46,9,31,D:\Skripsi\Experiment\data\raw\RGB2\S46\AC9\RGB2_SUB46ACT9F31.jpg,1,1,0.9993231296539307
1543,46,9,46,D:\Skripsi\Experiment\data\raw\RGB2\S46\AC9\RGB2_SUB46ACT9F46.jpg,1,1,0.9994774460792542
1544,46,9,61,D:\Skripsi\Experiment\data\raw\RGB2\S46\AC9\RGB2_SUB46ACT9F61.jpg,1,1,0.9995636343955994
1545,46,9,76,D:\Skripsi\Experiment\data\raw\RGB2\S46\AC9\RGB2_SUB46ACT9F76.jpg,1,1,0.998508632183075
1546,47,1,1,D:\Skripsi\Experiment\data\raw\RGB2\S47\AC1\RGB2_SUB47ACT1F1.jpg,0,0,3.3695951060508378e-06
1547,47,1,106,D:\Skripsi\Experiment\data\raw\RGB2\S47\AC1\RGB2_SUB47ACT1F106.jpg,0,0,1.5037959144592605e-07
1548,47,1,121,D:\Skripsi\Experiment\data\raw\RGB2\S47\AC1\RGB2_SUB47ACT1F121.jpg,0,0,4.253508086549118e-05
1549,47,1,136,D:\Skripsi\Experiment\data\raw\RGB2\S47\AC1\RGB2_SUB47ACT1F136.jpg,0,0,2.1708574422518723e-05
1550,47,1,151,D:\Skripsi\Experiment\data\raw\RGB2\S47\AC1\RGB2_SUB47ACT1F151.jpg,0,0,2.733525889198063e-06
1551,47,1,16,D:\Skripsi\Experiment\data\raw\RGB2\S47\AC1\RGB2_SUB47ACT1F16.jpg,0,0,1.453707568543905e-06
1552,47,1,166,D:\Skripsi\Experiment\data\raw\RGB2\S47\AC1\RGB2_SUB47ACT1F166.jpg,0,0,9.70657856669277e-05
1553,47,1,181,D:\Skripsi\Experiment\data\raw\RGB2\S47\AC1\RGB2_SUB47ACT1F181.jpg,0,0,0.0005425382405519485
1554,47,1,196,D:\Skripsi\Experiment\data\raw\RGB2\S47\AC1\RGB2_SUB47ACT1F196.jpg,0,0,0.0013115310575813055
1555,47,1,31,D:\Skripsi\Experiment\data\raw\RGB2\S47\AC1\RGB2_SUB47ACT1F31.jpg,0,0,0.003147742711007595
1556,47,1,46,D:\Skripsi\Experiment\data\raw\RGB2\S47\AC1\RGB2_SUB47ACT1F46.jpg,0,0,5.334116576705128e-05
1557,47,1,61,D:\Skripsi\Experiment\data\raw\RGB2\S47\AC1\RGB2_SUB47ACT1F61.jpg,0,0,9.835157470661215e-06
1558,47,1,76,D:\Skripsi\Experiment\data\raw\RGB2\S47\AC1\RGB2_SUB47ACT1F76.jpg,0,0,3.2218529213423608e-06
1559,47,1,91,D:\Skripsi\Experiment\data\raw\RGB2\S47\AC1\RGB2_SUB47ACT1F91.jpg,0,0,3.801864659180865e-05
1560,47,5,1,D:\Skripsi\Experiment\data\raw\RGB2\S47\AC5\RGB2_SUB47ACT5F1.jpg,1,1,0.9991039633750916
1561,47,5,16,D:\Skripsi\Experiment\data\raw\RGB2\S47\AC5\RGB2_SUB47ACT5F16.jpg,1,1,0.9998981952667236
1562,47,5,31,D:\Skripsi\Experiment\data\raw\RGB2\S47\AC5\RGB2_SUB47ACT5F31.jpg,1,1,0.9992263317108154
1563,47,5,46,D:\Skripsi\Experiment\data\raw\RGB2\S47\AC5\RGB2_SUB47ACT5F46.jpg,1,1,0.9986743927001953
1564,47,5,61,D:\Skripsi\Experiment\data\raw\RGB2\S47\AC5\RGB2_SUB47ACT5F61.jpg,1,1,0.999815046787262
1565,47,5,76,D:\Skripsi\Experiment\data\raw\RGB2\S47\AC5\RGB2_SUB47ACT5F76.jpg,1,1,0.9999517202377319
1566,47,5,91,D:\Skripsi\Experiment\data\raw\RGB2\S47\AC5\RGB2_SUB47ACT5F91.jpg,1,1,0.9999208450317383
1567,47,6,1,D:\Skripsi\Experiment\data\raw\RGB2\S47\AC6\RGB2_SUB47ACT6F1.jpg,1,1,0.9973354935646057
1568,47,6,106,D:\Skripsi\Experiment\data\raw\RGB2\S47\AC6\RGB2_SUB47ACT6F106.jpg,1,1,0.9986284971237183
1569,47,6,16,D:\Skripsi\Experiment\data\raw\RGB2\S47\AC6\RGB2_SUB47ACT6F16.jpg,1,1,0.9995489716529846
1570,47,6,31,D:\Skripsi\Experiment\data\raw\RGB2\S47\AC6\RGB2_SUB47ACT6F31.jpg,1,1,0.999725878238678
1571,47,6,46,D:\Skripsi\Experiment\data\raw\RGB2\S47\AC6\RGB2_SUB47ACT6F46.jpg,1,1,0.9979572296142578
1572,47,6,61,D:\Skripsi\Experiment\data\raw\RGB2\S47\AC6\RGB2_SUB47ACT6F61.jpg,1,1,0.9998650550842285
1573,47,6,76,D:\Skripsi\Experiment\data\raw\RGB2\S47\AC6\RGB2_SUB47ACT6F76.jpg,1,1,0.9993098974227905
1574,47,6,91,D:\Skripsi\Experiment\data\raw\RGB2\S47\AC6\RGB2_SUB47ACT6F91.jpg,1,1,0.9992751479148865
1575,47,7,1,D:\Skripsi\Experiment\data\raw\RGB2\S47\AC7\RGB2_SUB47ACT7F1.jpg,1,1,0.9989972710609436
1576,47,7,106,D:\Skripsi\Experiment\data\raw\RGB2\S47\AC7\RGB2_SUB47ACT7F106.jpg,1,1,0.9941303133964539
1577,47,7,121,D:\Skripsi\Experiment\data\raw\RGB2\S47\AC7\RGB2_SUB47ACT7F121.jpg,1,1,0.9992824196815491
1578,47,7,136,D:\Skripsi\Experiment\data\raw\RGB2\S47\AC7\RGB2_SUB47ACT7F136.jpg,1,1,0.9994897842407227
1579,47,7,151,D:\Skripsi\Experiment\data\raw\RGB2\S47\AC7\RGB2_SUB47ACT7F151.jpg,1,1,0.9992423057556152
1580,47,7,16,D:\Skripsi\Experiment\data\raw\RGB2\S47\AC7\RGB2_SUB47ACT7F16.jpg,1,1,0.9997883439064026
1581,47,7,166,D:\Skripsi\Experiment\data\raw\RGB2\S47\AC7\RGB2_SUB47ACT7F166.jpg,1,1,0.9974811673164368
1582,47,7,31,D:\Skripsi\Experiment\data\raw\RGB2\S47\AC7\RGB2_SUB47ACT7F31.jpg,1,1,0.9998273253440857
1583,47,7,46,D:\Skripsi\Experiment\data\raw\RGB2\S47\AC7\RGB2_SUB47ACT7F46.jpg,1,1,0.9997240900993347
1584,47,7,61,D:\Skripsi\Experiment\data\raw\RGB2\S47\AC7\RGB2_SUB47ACT7F61.jpg,1,1,0.9995918869972229
1585,47,7,76,D:\Skripsi\Experiment\data\raw\RGB2\S47\AC7\RGB2_SUB47ACT7F76.jpg,1,1,0.999530553817749
1586,47,7,91,D:\Skripsi\Experiment\data\raw\RGB2\S47\AC7\RGB2_SUB47ACT7F91.jpg,1,1,0.9996242523193359
1587,47,8,1,D:\Skripsi\Experiment\data\raw\RGB2\S47\AC8\RGB2_SUB47ACT8F1.jpg,1,1,0.9992666840553284
1588,47,8,106,D:\Skripsi\Experiment\data\raw\RGB2\S47\AC8\RGB2_SUB47ACT8F106.jpg,1,1,0.9991605281829834
1589,47,8,121,D:\Skripsi\Experiment\data\raw\RGB2\S47\AC8\RGB2_SUB47ACT8F121.jpg,1,1,0.9985952973365784
1590,47,8,136,D:\Skripsi\Experiment\data\raw\RGB2\S47\AC8\RGB2_SUB47ACT8F136.jpg,1,1,0.9996850490570068
1591,47,8,151,D:\Skripsi\Experiment\data\raw\RGB2\S47\AC8\RGB2_SUB47ACT8F151.jpg,1,1,0.9974933862686157
1592,47,8,16,D:\Skripsi\Experiment\data\raw\RGB2\S47\AC8\RGB2_SUB47ACT8F16.jpg,1,1,0.9984301924705505
1593,47,8,31,D:\Skripsi\Experiment\data\raw\RGB2\S47\AC8\RGB2_SUB47ACT8F31.jpg,1,1,0.9991057515144348
1594,47,8,46,D:\Skripsi\Experiment\data\raw\RGB2\S47\AC8\RGB2_SUB47ACT8F46.jpg,1,1,0.9995470643043518
1595,47,8,61,D:\Skripsi\Experiment\data\raw\RGB2\S47\AC8\RGB2_SUB47ACT8F61.jpg,1,1,0.9999552965164185
1596,47,8,76,D:\Skripsi\Experiment\data\raw\RGB2\S47\AC8\RGB2_SUB47ACT8F76.jpg,1,1,0.9998984336853027
1597,47,8,91,D:\Skripsi\Experiment\data\raw\RGB2\S47\AC8\RGB2_SUB47ACT8F91.jpg,1,1,0.9996579885482788
1598,47,9,1,D:\Skripsi\Experiment\data\raw\RGB2\S47\AC9\RGB2_SUB47ACT9F1.jpg,1,1,0.9996373653411865
1599,47,9,106,D:\Skripsi\Experiment\data\raw\RGB2\S47\AC9\RGB2_SUB47ACT9F106.jpg,1,1,0.9967653751373291
1600,47,9,121,D:\Skripsi\Experiment\data\raw\RGB2\S47\AC9\RGB2_SUB47ACT9F121.jpg,1,1,0.9588555097579956
1601,47,9,136,D:\Skripsi\Experiment\data\raw\RGB2\S47\AC9\RGB2_SUB47ACT9F136.jpg,1,1,0.9997863173484802
1602,47,9,151,D:\Skripsi\Experiment\data\raw\RGB2\S47\AC9\RGB2_SUB47ACT9F151.jpg,1,1,0.9994145631790161
1603,47,9,16,D:\Skripsi\Experiment\data\raw\RGB2\S47\AC9\RGB2_SUB47ACT9F16.jpg,1,1,0.9999092817306519
1604,47,9,31,D:\Skripsi\Experiment\data\raw\RGB2\S47\AC9\RGB2_SUB47ACT9F31.jpg,1,1,0.9575177431106567
1605,47,9,46,D:\Skripsi\Experiment\data\raw\RGB2\S47\AC9\RGB2_SUB47ACT9F46.jpg,1,1,0.9998267292976379
1606,47,9,61,D:\Skripsi\Experiment\data\raw\RGB2\S47\AC9\RGB2_SUB47ACT9F61.jpg,1,1,0.9998952150344849
1607,47,9,76,D:\Skripsi\Experiment\data\raw\RGB2\S47\AC9\RGB2_SUB47ACT9F76.jpg,1,1,0.9990894794464111
1608,47,9,91,D:\Skripsi\Experiment\data\raw\RGB2\S47\AC9\RGB2_SUB47ACT9F91.jpg,1,1,0.999963641166687
1609,48,1,1,D:\Skripsi\Experiment\data\raw\RGB2\S48\AC1\RGB2_SUB48ACT1F1.jpg,0,0,5.5334776334348135e-06
1610,48,1,106,D:\Skripsi\Experiment\data\raw\RGB2\S48\AC1\RGB2_SUB48ACT1F106.jpg,0,0,5.241151029622415e-06
1611,48,1,121,D:\Skripsi\Experiment\data\raw\RGB2\S48\AC1\RGB2_SUB48ACT1F121.jpg,0,0,4.3770182855951134e-07
1612,48,1,16,D:\Skripsi\Experiment\data\raw\RGB2\S48\AC1\RGB2_SUB48ACT1F16.jpg,0,0,1.3027087106820545e-06
1613,48,1,31,D:\Skripsi\Experiment\data\raw\RGB2\S48\AC1\RGB2_SUB48ACT1F31.jpg,0,0,4.37444123235764e-06
1614,48,1,46,D:\Skripsi\Experiment\data\raw\RGB2\S48\AC1\RGB2_SUB48ACT1F46.jpg,0,0,2.6728010197984986e-05
1615,48,1,61,D:\Skripsi\Experiment\data\raw\RGB2\S48\AC1\RGB2_SUB48ACT1F61.jpg,0,0,8.447414438705891e-05
1616,48,1,76,D:\Skripsi\Experiment\data\raw\RGB2\S48\AC1\RGB2_SUB48ACT1F76.jpg,0,0,0.007675467059016228
1617,48,1,91,D:\Skripsi\Experiment\data\raw\RGB2\S48\AC1\RGB2_SUB48ACT1F91.jpg,0,0,0.000977063667960465
1618,48,5,1,D:\Skripsi\Experiment\data\raw\RGB2\S48\AC5\RGB2_SUB48ACT5F1.jpg,1,1,0.9993510842323303
1619,48,5,106,D:\Skripsi\Experiment\data\raw\RGB2\S48\AC5\RGB2_SUB48ACT5F106.jpg,1,1,0.99997878074646
1620,48,5,121,D:\Skripsi\Experiment\data\raw\RGB2\S48\AC5\RGB2_SUB48ACT5F121.jpg,1,1,0.9996784925460815
1621,48,5,136,D:\Skripsi\Experiment\data\raw\RGB2\S48\AC5\RGB2_SUB48ACT5F136.jpg,1,1,0.9991466999053955
1622,48,5,16,D:\Skripsi\Experiment\data\raw\RGB2\S48\AC5\RGB2_SUB48ACT5F16.jpg,1,1,0.9993163347244263
1623,48,5,31,D:\Skripsi\Experiment\data\raw\RGB2\S48\AC5\RGB2_SUB48ACT5F31.jpg,1,1,0.999652624130249
1624,48,5,46,D:\Skripsi\Experiment\data\raw\RGB2\S48\AC5\RGB2_SUB48ACT5F46.jpg,1,1,0.9993595480918884
1625,48,5,61,D:\Skripsi\Experiment\data\raw\RGB2\S48\AC5\RGB2_SUB48ACT5F61.jpg,1,1,0.9999774694442749
1626,48,5,76,D:\Skripsi\Experiment\data\raw\RGB2\S48\AC5\RGB2_SUB48ACT5F76.jpg,1,1,0.9999308586120605
1627,48,5,91,D:\Skripsi\Experiment\data\raw\RGB2\S48\AC5\RGB2_SUB48ACT5F91.jpg,1,1,0.9998793601989746
1628,48,6,1,D:\Skripsi\Experiment\data\raw\RGB2\S48\AC6\RGB2_SUB48ACT6F1.jpg,1,1,0.9993810653686523
1629,48,6,16,D:\Skripsi\Experiment\data\raw\RGB2\S48\AC6\RGB2_SUB48ACT6F16.jpg,1,1,0.9940255880355835
1630,48,6,31,D:\Skripsi\Experiment\data\raw\RGB2\S48\AC6\RGB2_SUB48ACT6F31.jpg,1,1,0.9993669390678406
1631,48,6,46,D:\Skripsi\Experiment\data\raw\RGB2\S48\AC6\RGB2_SUB48ACT6F46.jpg,1,1,0.9999271631240845
1632,48,6,61,D:\Skripsi\Experiment\data\raw\RGB2\S48\AC6\RGB2_SUB48ACT6F61.jpg,1,1,0.9993574023246765
1633,48,6,76,D:\Skripsi\Experiment\data\raw\RGB2\S48\AC6\RGB2_SUB48ACT6F76.jpg,1,1,0.999060332775116
1634,48,6,91,D:\Skripsi\Experiment\data\raw\RGB2\S48\AC6\RGB2_SUB48ACT6F91.jpg,1,1,0.9734442234039307
1635,48,7,1,D:\Skripsi\Experiment\data\raw\RGB2\S48\AC7\RGB2_SUB48ACT7F1.jpg,1,1,0.9999828338623047
1636,48,7,106,D:\Skripsi\Experiment\data\raw\RGB2\S48\AC7\RGB2_SUB48ACT7F106.jpg,1,1,0.9999885559082031
1637,48,7,121,D:\Skripsi\Experiment\data\raw\RGB2\S48\AC7\RGB2_SUB48ACT7F121.jpg,1,1,0.9999294281005859
1638,48,7,136,D:\Skripsi\Experiment\data\raw\RGB2\S48\AC7\RGB2_SUB48ACT7F136.jpg,1,1,0.9999651908874512
1639,48,7,151,D:\Skripsi\Experiment\data\raw\RGB2\S48\AC7\RGB2_SUB48ACT7F151.jpg,1,1,0.9999344348907471
1640,48,7,16,D:\Skripsi\Experiment\data\raw\RGB2\S48\AC7\RGB2_SUB48ACT7F16.jpg,1,1,0.9995957016944885
1641,48,7,166,D:\Skripsi\Experiment\data\raw\RGB2\S48\AC7\RGB2_SUB48ACT7F166.jpg,1,1,0.9996778964996338
1642,48,7,181,D:\Skripsi\Experiment\data\raw\RGB2\S48\AC7\RGB2_SUB48ACT7F181.jpg,1,1,0.9999299049377441
1643,48,7,31,D:\Skripsi\Experiment\data\raw\RGB2\S48\AC7\RGB2_SUB48ACT7F31.jpg,1,1,0.9997164607048035
1644,48,7,46,D:\Skripsi\Experiment\data\raw\RGB2\S48\AC7\RGB2_SUB48ACT7F46.jpg,1,1,0.999897837638855
1645,48,7,61,D:\Skripsi\Experiment\data\raw\RGB2\S48\AC7\RGB2_SUB48ACT7F61.jpg,1,1,0.9995868802070618
1646,48,7,76,D:\Skripsi\Experiment\data\raw\RGB2\S48\AC7\RGB2_SUB48ACT7F76.jpg,1,1,0.9997171759605408
1647,48,7,91,D:\Skripsi\Experiment\data\raw\RGB2\S48\AC7\RGB2_SUB48ACT7F91.jpg,1,1,0.9999110698699951
1648,48,8,1,D:\Skripsi\Experiment\data\raw\RGB2\S48\AC8\RGB2_SUB48ACT8F1.jpg,1,1,0.9988000392913818
1649,48,8,106,D:\Skripsi\Experiment\data\raw\RGB2\S48\AC8\RGB2_SUB48ACT8F106.jpg,1,1,0.9995895028114319
1650,48,8,121,D:\Skripsi\Experiment\data\raw\RGB2\S48\AC8\RGB2_SUB48ACT8F121.jpg,1,1,0.9998946189880371
1651,48,8,136,D:\Skripsi\Experiment\data\raw\RGB2\S48\AC8\RGB2_SUB48ACT8F136.jpg,1,1,0.9966663718223572
1652,48,8,151,D:\Skripsi\Experiment\data\raw\RGB2\S48\AC8\RGB2_SUB48ACT8F151.jpg,1,1,0.9999765157699585
1653,48,8,16,D:\Skripsi\Experiment\data\raw\RGB2\S48\AC8\RGB2_SUB48ACT8F16.jpg,1,1,0.9996497631072998
1654,48,8,166,D:\Skripsi\Experiment\data\raw\RGB2\S48\AC8\RGB2_SUB48ACT8F166.jpg,1,1,0.9999576807022095
1655,48,8,181,D:\Skripsi\Experiment\data\raw\RGB2\S48\AC8\RGB2_SUB48ACT8F181.jpg,1,1,0.9999215602874756
1656,48,8,31,D:\Skripsi\Experiment\data\raw\RGB2\S48\AC8\RGB2_SUB48ACT8F31.jpg,1,1,0.9995003938674927
1657,48,8,46,D:\Skripsi\Experiment\data\raw\RGB2\S48\AC8\RGB2_SUB48ACT8F46.jpg,1,1,0.99985671043396
1658,48,8,61,D:\Skripsi\Experiment\data\raw\RGB2\S48\AC8\RGB2_SUB48ACT8F61.jpg,1,1,0.9992169141769409
1659,48,8,76,D:\Skripsi\Experiment\data\raw\RGB2\S48\AC8\RGB2_SUB48ACT8F76.jpg,1,1,0.9996041655540466
1660,48,8,91,D:\Skripsi\Experiment\data\raw\RGB2\S48\AC8\RGB2_SUB48ACT8F91.jpg,1,1,0.9994189739227295
1661,48,9,1,D:\Skripsi\Experiment\data\raw\RGB2\S48\AC9\RGB2_SUB48ACT9F1.jpg,1,1,0.9997674822807312
1662,48,9,106,D:\Skripsi\Experiment\data\raw\RGB2\S48\AC9\RGB2_SUB48ACT9F106.jpg,1,1,0.9999724626541138
1663,48,9,121,D:\Skripsi\Experiment\data\raw\RGB2\S48\AC9\RGB2_SUB48ACT9F121.jpg,1,1,0.9977543950080872
1664,48,9,136,D:\Skripsi\Experiment\data\raw\RGB2\S48\AC9\RGB2_SUB48ACT9F136.jpg,1,1,0.9999696016311646
1665,48,9,151,D:\Skripsi\Experiment\data\raw\RGB2\S48\AC9\RGB2_SUB48ACT9F151.jpg,1,1,0.9997832179069519
1666,48,9,16,D:\Skripsi\Experiment\data\raw\RGB2\S48\AC9\RGB2_SUB48ACT9F16.jpg,1,1,0.9980463981628418
1667,48,9,166,D:\Skripsi\Experiment\data\raw\RGB2\S48\AC9\RGB2_SUB48ACT9F166.jpg,1,1,0.997975766658783
1668,48,9,31,D:\Skripsi\Experiment\data\raw\RGB2\S48\AC9\RGB2_SUB48ACT9F31.jpg,1,1,0.9991357922554016
1669,48,9,46,D:\Skripsi\Experiment\data\raw\RGB2\S48\AC9\RGB2_SUB48ACT9F46.jpg,1,1,0.9996588230133057
1670,48,9,61,D:\Skripsi\Experiment\data\raw\RGB2\S48\AC9\RGB2_SUB48ACT9F61.jpg,1,1,0.9967644214630127
1671,48,9,76,D:\Skripsi\Experiment\data\raw\RGB2\S48\AC9\RGB2_SUB48ACT9F76.jpg,1,1,0.9998859167098999
1672,48,9,91,D:\Skripsi\Experiment\data\raw\RGB2\S48\AC9\RGB2_SUB48ACT9F91.jpg,1,1,0.9996726512908936
1673,49,1,1,D:\Skripsi\Experiment\data\raw\RGB2\S49\AC1\RGB2_SUB49ACT1F1.jpg,0,0,0.00022941525094211102
1674,49,1,106,D:\Skripsi\Experiment\data\raw\RGB2\S49\AC1\RGB2_SUB49ACT1F106.jpg,0,0,9.702386705612298e-06
1675,49,1,121,D:\Skripsi\Experiment\data\raw\RGB2\S49\AC1\RGB2_SUB49ACT1F121.jpg,0,0,2.759109349881328e-07
1676,49,1,136,D:\Skripsi\Experiment\data\raw\RGB2\S49\AC1\RGB2_SUB49ACT1F136.jpg,0,0,2.701545440686459e-07
1677,49,1,151,D:\Skripsi\Experiment\data\raw\RGB2\S49\AC1\RGB2_SUB49ACT1F151.jpg,0,0,2.3135776245908346e-06
1678,49,1,16,D:\Skripsi\Experiment\data\raw\RGB2\S49\AC1\RGB2_SUB49ACT1F16.jpg,0,0,1.630459905754833e-06
1679,49,1,166,D:\Skripsi\Experiment\data\raw\RGB2\S49\AC1\RGB2_SUB49ACT1F166.jpg,0,0,2.5836955046543153e-06
1680,49,1,31,D:\Skripsi\Experiment\data\raw\RGB2\S49\AC1\RGB2_SUB49ACT1F31.jpg,0,0,2.7551519110602385e-07
1681,49,1,46,D:\Skripsi\Experiment\data\raw\RGB2\S49\AC1\RGB2_SUB49ACT1F46.jpg,0,0,2.678319219739933e-07
1682,49,1,61,D:\Skripsi\Experiment\data\raw\RGB2\S49\AC1\RGB2_SUB49ACT1F61.jpg,0,0,3.471447485026147e-07
1683,49,1,76,D:\Skripsi\Experiment\data\raw\RGB2\S49\AC1\RGB2_SUB49ACT1F76.jpg,0,0,5.192779326534946e-07
1684,49,1,91,D:\Skripsi\Experiment\data\raw\RGB2\S49\AC1\RGB2_SUB49ACT1F91.jpg,0,0,4.555399209493771e-05
1685,49,5,1,D:\Skripsi\Experiment\data\raw\RGB2\S49\AC5\RGB2_SUB49ACT5F1.jpg,1,1,0.9993293285369873
1686,49,5,106,D:\Skripsi\Experiment\data\raw\RGB2\S49\AC5\RGB2_SUB49ACT5F106.jpg,1,1,0.9988517761230469
1687,49,5,121,D:\Skripsi\Experiment\data\raw\RGB2\S49\AC5\RGB2_SUB49ACT5F121.jpg,1,1,0.9999295473098755
1688,49,5,136,D:\Skripsi\Experiment\data\raw\RGB2\S49\AC5\RGB2_SUB49ACT5F136.jpg,1,1,0.9999616146087646
1689,49,5,151,D:\Skripsi\Experiment\data\raw\RGB2\S49\AC5\RGB2_SUB49ACT5F151.jpg,1,1,0.9996799230575562
1690,49,5,16,D:\Skripsi\Experiment\data\raw\RGB2\S49\AC5\RGB2_SUB49ACT5F16.jpg,1,1,0.9998944997787476
1691,49,5,166,D:\Skripsi\Experiment\data\raw\RGB2\S49\AC5\RGB2_SUB49ACT5F166.jpg,1,1,0.9998400211334229
1692,49,5,31,D:\Skripsi\Experiment\data\raw\RGB2\S49\AC5\RGB2_SUB49ACT5F31.jpg,1,1,0.9996253252029419
1693,49,5,46,D:\Skripsi\Experiment\data\raw\RGB2\S49\AC5\RGB2_SUB49ACT5F46.jpg,1,1,0.9998286962509155
1694,49,5,61,D:\Skripsi\Experiment\data\raw\RGB2\S49\AC5\RGB2_SUB49ACT5F61.jpg,1,1,0.9991764426231384
1695,49,5,76,D:\Skripsi\Experiment\data\raw\RGB2\S49\AC5\RGB2_SUB49ACT5F76.jpg,1,1,0.9996615648269653
1696,49,5,91,D:\Skripsi\Experiment\data\raw\RGB2\S49\AC5\RGB2_SUB49ACT5F91.jpg,1,1,0.9999737739562988
1697,49,6,1,D:\Skripsi\Experiment\data\raw\RGB2\S49\AC6\RGB2_SUB49ACT6F1.jpg,1,1,0.9976978898048401
1698,49,6,106,D:\Skripsi\Experiment\data\raw\RGB2\S49\AC6\RGB2_SUB49ACT6F106.jpg,1,1,0.9999120235443115
1699,49,6,121,D:\Skripsi\Experiment\data\raw\RGB2\S49\AC6\RGB2_SUB49ACT6F121.jpg,1,1,0.9999113082885742
1700,49,6,136,D:\Skripsi\Experiment\data\raw\RGB2\S49\AC6\RGB2_SUB49ACT6F136.jpg,1,1,0.9993360638618469
1701,49,6,151,D:\Skripsi\Experiment\data\raw\RGB2\S49\AC6\RGB2_SUB49ACT6F151.jpg,1,1,0.9995673298835754
1702,49,6,16,D:\Skripsi\Experiment\data\raw\RGB2\S49\AC6\RGB2_SUB49ACT6F16.jpg,1,1,0.9999871253967285
1703,49,6,166,D:\Skripsi\Experiment\data\raw\RGB2\S49\AC6\RGB2_SUB49ACT6F166.jpg,1,1,0.9998779296875
1704,49,6,181,D:\Skripsi\Experiment\data\raw\RGB2\S49\AC6\RGB2_SUB49ACT6F181.jpg,1,1,0.9923685193061829
1705,49,6,31,D:\Skripsi\Experiment\data\raw\RGB2\S49\AC6\RGB2_SUB49ACT6F31.jpg,1,1,0.9999390840530396
1706,49,6,46,D:\Skripsi\Experiment\data\raw\RGB2\S49\AC6\RGB2_SUB49ACT6F46.jpg,1,1,0.9998917579650879
1707,49,6,61,D:\Skripsi\Experiment\data\raw\RGB2\S49\AC6\RGB2_SUB49ACT6F61.jpg,1,1,0.9985466599464417
1708,49,6,76,D:\Skripsi\Experiment\data\raw\RGB2\S49\AC6\RGB2_SUB49ACT6F76.jpg,1,1,0.9992218017578125
1709,49,6,91,D:\Skripsi\Experiment\data\raw\RGB2\S49\AC6\RGB2_SUB49ACT6F91.jpg,1,1,0.9996005892753601
1710,49,7,1,D:\Skripsi\Experiment\data\raw\RGB2\S49\AC7\RGB2_SUB49ACT7F1.jpg,1,1,0.9999809265136719
1711,49,7,106,D:\Skripsi\Experiment\data\raw\RGB2\S49\AC7\RGB2_SUB49ACT7F106.jpg,1,1,0.9998146891593933
1712,49,7,121,D:\Skripsi\Experiment\data\raw\RGB2\S49\AC7\RGB2_SUB49ACT7F121.jpg,1,1,0.9999465942382812
1713,49,7,136,D:\Skripsi\Experiment\data\raw\RGB2\S49\AC7\RGB2_SUB49ACT7F136.jpg,1,1,0.9997723698616028
1714,49,7,16,D:\Skripsi\Experiment\data\raw\RGB2\S49\AC7\RGB2_SUB49ACT7F16.jpg,1,1,0.9995829463005066
1715,49,7,31,D:\Skripsi\Experiment\data\raw\RGB2\S49\AC7\RGB2_SUB49ACT7F31.jpg,1,1,0.9970186948776245
1716,49,7,46,D:\Skripsi\Experiment\data\raw\RGB2\S49\AC7\RGB2_SUB49ACT7F46.jpg,1,1,0.9999265670776367
1717,49,7,61,D:\Skripsi\Experiment\data\raw\RGB2\S49\AC7\RGB2_SUB49ACT7F61.jpg,1,1,0.9999544620513916
1718,49,7,76,D:\Skripsi\Experiment\data\raw\RGB2\S49\AC7\RGB2_SUB49ACT7F76.jpg,1,1,0.999962329864502
1719,49,7,91,D:\Skripsi\Experiment\data\raw\RGB2\S49\AC7\RGB2_SUB49ACT7F91.jpg,1,1,0.9999784231185913
1720,49,8,1,D:\Skripsi\Experiment\data\raw\RGB2\S49\AC8\RGB2_SUB49ACT8F1.jpg,1,1,0.9998059868812561
1721,49,8,106,D:\Skripsi\Experiment\data\raw\RGB2\S49\AC8\RGB2_SUB49ACT8F106.jpg,1,1,0.9992232322692871
1722,49,8,121,D:\Skripsi\Experiment\data\raw\RGB2\S49\AC8\RGB2_SUB49ACT8F121.jpg,1,1,0.9998785257339478
1723,49,8,136,D:\Skripsi\Experiment\data\raw\RGB2\S49\AC8\RGB2_SUB49ACT8F136.jpg,1,1,0.9991723299026489
1724,49,8,151,D:\Skripsi\Experiment\data\raw\RGB2\S49\AC8\RGB2_SUB49ACT8F151.jpg,1,1,0.9999548196792603
1725,49,8,16,D:\Skripsi\Experiment\data\raw\RGB2\S49\AC8\RGB2_SUB49ACT8F16.jpg,1,1,0.9999359846115112
1726,49,8,166,D:\Skripsi\Experiment\data\raw\RGB2\S49\AC8\RGB2_SUB49ACT8F166.jpg,1,1,0.9980344176292419
1727,49,8,181,D:\Skripsi\Experiment\data\raw\RGB2\S49\AC8\RGB2_SUB49ACT8F181.jpg,1,1,0.9998584985733032
1728,49,8,196,D:\Skripsi\Experiment\data\raw\RGB2\S49\AC8\RGB2_SUB49ACT8F196.jpg,1,1,0.9994957447052002
1729,49,8,211,D:\Skripsi\Experiment\data\raw\RGB2\S49\AC8\RGB2_SUB49ACT8F211.jpg,1,1,0.9998552799224854
1730,49,8,31,D:\Skripsi\Experiment\data\raw\RGB2\S49\AC8\RGB2_SUB49ACT8F31.jpg,1,1,0.9998499155044556
1731,49,8,46,D:\Skripsi\Experiment\data\raw\RGB2\S49\AC8\RGB2_SUB49ACT8F46.jpg,1,1,0.9999641180038452
1732,49,8,61,D:\Skripsi\Experiment\data\raw\RGB2\S49\AC8\RGB2_SUB49ACT8F61.jpg,1,1,0.9999516010284424
1733,49,8,76,D:\Skripsi\Experiment\data\raw\RGB2\S49\AC8\RGB2_SUB49ACT8F76.jpg,1,1,0.9999254941940308
1734,49,8,91,D:\Skripsi\Experiment\data\raw\RGB2\S49\AC8\RGB2_SUB49ACT8F91.jpg,1,1,0.9991955161094666
1735,49,9,1,D:\Skripsi\Experiment\data\raw\RGB2\S49\AC9\RGB2_SUB49ACT9F1.jpg,1,1,0.9998786449432373
1736,49,9,106,D:\Skripsi\Experiment\data\raw\RGB2\S49\AC9\RGB2_SUB49ACT9F106.jpg,1,1,0.9992954730987549
1737,49,9,121,D:\Skripsi\Experiment\data\raw\RGB2\S49\AC9\RGB2_SUB49ACT9F121.jpg,1,1,0.9998600482940674
1738,49,9,136,D:\Skripsi\Experiment\data\raw\RGB2\S49\AC9\RGB2_SUB49ACT9F136.jpg,1,1,0.9998993873596191
1739,49,9,151,D:\Skripsi\Experiment\data\raw\RGB2\S49\AC9\RGB2_SUB49ACT9F151.jpg,1,1,0.999783456325531
1740,49,9,16,D:\Skripsi\Experiment\data\raw\RGB2\S49\AC9\RGB2_SUB49ACT9F16.jpg,1,1,0.9999217987060547
1741,49,9,166,D:\Skripsi\Experiment\data\raw\RGB2\S49\AC9\RGB2_SUB49ACT9F166.jpg,1,1,0.9997346997261047
1742,49,9,181,D:\Skripsi\Experiment\data\raw\RGB2\S49\AC9\RGB2_SUB49ACT9F181.jpg,1,1,0.9994906187057495
1743,49,9,196,D:\Skripsi\Experiment\data\raw\RGB2\S49\AC9\RGB2_SUB49ACT9F196.jpg,1,1,0.9999558925628662
1744,49,9,31,D:\Skripsi\Experiment\data\raw\RGB2\S49\AC9\RGB2_SUB49ACT9F31.jpg,1,1,0.9998841285705566
1745,49,9,46,D:\Skripsi\Experiment\data\raw\RGB2\S49\AC9\RGB2_SUB49ACT9F46.jpg,1,1,0.9994077682495117
1746,49,9,61,D:\Skripsi\Experiment\data\raw\RGB2\S49\AC9\RGB2_SUB49ACT9F61.jpg,1,1,0.9961329698562622
1747,49,9,76,D:\Skripsi\Experiment\data\raw\RGB2\S49\AC9\RGB2_SUB49ACT9F76.jpg,1,1,0.999941349029541
1748,49,9,91,D:\Skripsi\Experiment\data\raw\RGB2\S49\AC9\RGB2_SUB49ACT9F91.jpg,1,1,0.9987745881080627
1749,5,1,1,D:\Skripsi\Experiment\data\raw\RGB2\S5\AC1\RGB2_SUB5ACT1F1.jpg,0,0,2.4958089852589183e-05
1750,5,1,106,D:\Skripsi\Experiment\data\raw\RGB2\S5\AC1\RGB2_SUB5ACT1F106.jpg,0,0,2.1958767320029438e-05
1751,5,1,121,D:\Skripsi\Experiment\data\raw\RGB2\S5\AC1\RGB2_SUB5ACT1F121.jpg,0,0,3.8248075725277886e-05
1752,5,1,136,D:\Skripsi\Experiment\data\raw\RGB2\S5\AC1\RGB2_SUB5ACT1F136.jpg,0,0,1.6215593859669752e-05
1753,5,1,16,D:\Skripsi\Experiment\data\raw\RGB2\S5\AC1\RGB2_SUB5ACT1F16.jpg,0,0,9.351695916848257e-05
1754,5,1,31,D:\Skripsi\Experiment\data\raw\RGB2\S5\AC1\RGB2_SUB5ACT1F31.jpg,0,0,4.923241249343846e-06
1755,5,1,46,D:\Skripsi\Experiment\data\raw\RGB2\S5\AC1\RGB2_SUB5ACT1F46.jpg,0,0,4.711277142632753e-06
1756,5,1,61,D:\Skripsi\Experiment\data\raw\RGB2\S5\AC1\RGB2_SUB5ACT1F61.jpg,0,0,8.400486422033282e-07
1757,5,1,76,D:\Skripsi\Experiment\data\raw\RGB2\S5\AC1\RGB2_SUB5ACT1F76.jpg,0,0,0.000240785870118998
1758,5,1,91,D:\Skripsi\Experiment\data\raw\RGB2\S5\AC1\RGB2_SUB5ACT1F91.jpg,0,0,5.672851330018602e-06
1759,5,5,1,D:\Skripsi\Experiment\data\raw\RGB2\S5\AC5\RGB2_SUB5ACT5F1.jpg,1,1,0.9999146461486816
1760,5,5,106,D:\Skripsi\Experiment\data\raw\RGB2\S5\AC5\RGB2_SUB5ACT5F106.jpg,1,1,0.9998385906219482
1761,5,5,121,D:\Skripsi\Experiment\data\raw\RGB2\S5\AC5\RGB2_SUB5ACT5F121.jpg,1,1,0.999875545501709
1762,5,5,16,D:\Skripsi\Experiment\data\raw\RGB2\S5\AC5\RGB2_SUB5ACT5F16.jpg,1,1,0.9999446868896484
1763,5,5,31,D:\Skripsi\Experiment\data\raw\RGB2\S5\AC5\RGB2_SUB5ACT5F31.jpg,1,1,0.9996780157089233
1764,5,5,46,D:\Skripsi\Experiment\data\raw\RGB2\S5\AC5\RGB2_SUB5ACT5F46.jpg,1,1,0.9999072551727295
1765,5,5,61,D:\Skripsi\Experiment\data\raw\RGB2\S5\AC5\RGB2_SUB5ACT5F61.jpg,1,1,0.9994012117385864
1766,5,5,76,D:\Skripsi\Experiment\data\raw\RGB2\S5\AC5\RGB2_SUB5ACT5F76.jpg,1,1,0.9993307590484619
1767,5,5,91,D:\Skripsi\Experiment\data\raw\RGB2\S5\AC5\RGB2_SUB5ACT5F91.jpg,1,1,0.9998124241828918
1768,5,6,1,D:\Skripsi\Experiment\data\raw\RGB2\S5\AC6\RGB2_SUB5ACT6F1.jpg,1,1,0.999798595905304
1769,5,6,106,D:\Skripsi\Experiment\data\raw\RGB2\S5\AC6\RGB2_SUB5ACT6F106.jpg,1,1,0.9999895095825195
1770,5,6,121,D:\Skripsi\Experiment\data\raw\RGB2\S5\AC6\RGB2_SUB5ACT6F121.jpg,1,1,0.9998829364776611
1771,5,6,136,D:\Skripsi\Experiment\data\raw\RGB2\S5\AC6\RGB2_SUB5ACT6F136.jpg,1,1,0.9983677268028259
1772,5,6,16,D:\Skripsi\Experiment\data\raw\RGB2\S5\AC6\RGB2_SUB5ACT6F16.jpg,1,1,0.9998086094856262
1773,5,6,31,D:\Skripsi\Experiment\data\raw\RGB2\S5\AC6\RGB2_SUB5ACT6F31.jpg,1,1,0.9993749260902405
1774,5,6,46,D:\Skripsi\Experiment\data\raw\RGB2\S5\AC6\RGB2_SUB5ACT6F46.jpg,1,1,0.9996565580368042
1775,5,6,61,D:\Skripsi\Experiment\data\raw\RGB2\S5\AC6\RGB2_SUB5ACT6F61.jpg,1,1,0.9998552799224854
1776,5,6,76,D:\Skripsi\Experiment\data\raw\RGB2\S5\AC6\RGB2_SUB5ACT6F76.jpg,1,1,0.9998487234115601
1777,5,6,91,D:\Skripsi\Experiment\data\raw\RGB2\S5\AC6\RGB2_SUB5ACT6F91.jpg,1,1,0.999710738658905
1778,5,7,1,D:\Skripsi\Experiment\data\raw\RGB2\S5\AC7\RGB2_SUB5ACT7F1.jpg,1,1,0.999767005443573
1779,5,7,106,D:\Skripsi\Experiment\data\raw\RGB2\S5\AC7\RGB2_SUB5ACT7F106.jpg,1,1,0.9998582601547241
1780,5,7,121,D:\Skripsi\Experiment\data\raw\RGB2\S5\AC7\RGB2_SUB5ACT7F121.jpg,1,1,0.9994387030601501
1781,5,7,136,D:\Skripsi\Experiment\data\raw\RGB2\S5\AC7\RGB2_SUB5ACT7F136.jpg,1,1,0.9998794794082642
1782,5,7,151,D:\Skripsi\Experiment\data\raw\RGB2\S5\AC7\RGB2_SUB5ACT7F151.jpg,1,1,0.9999501705169678
1783,5,7,16,D:\Skripsi\Experiment\data\raw\RGB2\S5\AC7\RGB2_SUB5ACT7F16.jpg,1,1,0.9999709129333496
1784,5,7,31,D:\Skripsi\Experiment\data\raw\RGB2\S5\AC7\RGB2_SUB5ACT7F31.jpg,1,1,0.9999171495437622
1785,5,7,46,D:\Skripsi\Experiment\data\raw\RGB2\S5\AC7\RGB2_SUB5ACT7F46.jpg,1,1,0.9998936653137207
1786,5,7,61,D:\Skripsi\Experiment\data\raw\RGB2\S5\AC7\RGB2_SUB5ACT7F61.jpg,1,1,0.999985933303833
1787,5,7,76,D:\Skripsi\Experiment\data\raw\RGB2\S5\AC7\RGB2_SUB5ACT7F76.jpg,1,1,0.9999703168869019
1788,5,7,91,D:\Skripsi\Experiment\data\raw\RGB2\S5\AC7\RGB2_SUB5ACT7F91.jpg,1,1,0.9999637603759766
1789,5,8,1,D:\Skripsi\Experiment\data\raw\RGB2\S5\AC8\RGB2_SUB5ACT8F1.jpg,1,1,0.9999749660491943
1790,5,8,106,D:\Skripsi\Experiment\data\raw\RGB2\S5\AC8\RGB2_SUB5ACT8F106.jpg,1,1,0.9999939203262329
1791,5,8,121,D:\Skripsi\Experiment\data\raw\RGB2\S5\AC8\RGB2_SUB5ACT8F121.jpg,1,1,0.9999985694885254
1792,5,8,136,D:\Skripsi\Experiment\data\raw\RGB2\S5\AC8\RGB2_SUB5ACT8F136.jpg,1,1,0.9999990463256836
1793,5,8,151,D:\Skripsi\Experiment\data\raw\RGB2\S5\AC8\RGB2_SUB5ACT8F151.jpg,1,1,0.9999511241912842
1794,5,8,16,D:\Skripsi\Experiment\data\raw\RGB2\S5\AC8\RGB2_SUB5ACT8F16.jpg,1,1,0.9999650716781616
1795,5,8,31,D:\Skripsi\Experiment\data\raw\RGB2\S5\AC8\RGB2_SUB5ACT8F31.jpg,1,1,0.9999499320983887
1796,5,8,46,D:\Skripsi\Experiment\data\raw\RGB2\S5\AC8\RGB2_SUB5ACT8F46.jpg,1,1,0.999987006187439
1797,5,8,61,D:\Skripsi\Experiment\data\raw\RGB2\S5\AC8\RGB2_SUB5ACT8F61.jpg,1,1,0.9999873638153076
1798,5,8,76,D:\Skripsi\Experiment\data\raw\RGB2\S5\AC8\RGB2_SUB5ACT8F76.jpg,1,1,0.9997897744178772
1799,5,8,91,D:\Skripsi\Experiment\data\raw\RGB2\S5\AC8\RGB2_SUB5ACT8F91.jpg,1,1,0.9998170733451843
1800,5,9,1,D:\Skripsi\Experiment\data\raw\RGB2\S5\AC9\RGB2_SUB5ACT9F1.jpg,1,1,0.9955896139144897
1801,5,9,106,D:\Skripsi\Experiment\data\raw\RGB2\S5\AC9\RGB2_SUB5ACT9F106.jpg,1,1,0.9999864101409912
1802,5,9,121,D:\Skripsi\Experiment\data\raw\RGB2\S5\AC9\RGB2_SUB5ACT9F121.jpg,1,1,0.9999992847442627
1803,5,9,136,D:\Skripsi\Experiment\data\raw\RGB2\S5\AC9\RGB2_SUB5ACT9F136.jpg,1,1,0.9999891519546509
1804,5,9,151,D:\Skripsi\Experiment\data\raw\RGB2\S5\AC9\RGB2_SUB5ACT9F151.jpg,1,1,0.9999758005142212
1805,5,9,16,D:\Skripsi\Experiment\data\raw\RGB2\S5\AC9\RGB2_SUB5ACT9F16.jpg,1,1,0.9998732805252075
1806,5,9,166,D:\Skripsi\Experiment\data\raw\RGB2\S5\AC9\RGB2_SUB5ACT9F166.jpg,1,1,0.9999464750289917
1807,5,9,31,D:\Skripsi\Experiment\data\raw\RGB2\S5\AC9\RGB2_SUB5ACT9F31.jpg,1,1,0.9998753070831299
1808,5,9,46,D:\Skripsi\Experiment\data\raw\RGB2\S5\AC9\RGB2_SUB5ACT9F46.jpg,1,1,0.9999325275421143
1809,5,9,61,D:\Skripsi\Experiment\data\raw\RGB2\S5\AC9\RGB2_SUB5ACT9F61.jpg,1,1,0.9999861717224121
1810,5,9,76,D:\Skripsi\Experiment\data\raw\RGB2\S5\AC9\RGB2_SUB5ACT9F76.jpg,1,1,0.9999724626541138
1811,5,9,91,D:\Skripsi\Experiment\data\raw\RGB2\S5\AC9\RGB2_SUB5ACT9F91.jpg,1,1,0.9999872446060181
1812,50,1,1,D:\Skripsi\Experiment\data\raw\RGB2\S50\AC1\RGB2_SUB50ACT1F1.jpg,0,0,0.00010157412907574326
1813,50,1,106,D:\Skripsi\Experiment\data\raw\RGB2\S50\AC1\RGB2_SUB50ACT1F106.jpg,0,0,1.3029873116465751e-05
1814,50,1,16,D:\Skripsi\Experiment\data\raw\RGB2\S50\AC1\RGB2_SUB50ACT1F16.jpg,0,0,5.184140900382772e-05
1815,50,1,31,D:\Skripsi\Experiment\data\raw\RGB2\S50\AC1\RGB2_SUB50ACT1F31.jpg,0,0,0.00024857823154889047
1816,50,1,46,D:\Skripsi\Experiment\data\raw\RGB2\S50\AC1\RGB2_SUB50ACT1F46.jpg,0,0,0.00014912601909600198
1817,50,1,61,D:\Skripsi\Experiment\data\raw\RGB2\S50\AC1\RGB2_SUB50ACT1F61.jpg,0,0,0.0001489997812313959
1818,50,1,76,D:\Skripsi\Experiment\data\raw\RGB2\S50\AC1\RGB2_SUB50ACT1F76.jpg,0,0,2.334558075745008e-06
1819,50,1,91,D:\Skripsi\Experiment\data\raw\RGB2\S50\AC1\RGB2_SUB50ACT1F91.jpg,0,0,0.0007736336556263268
1820,50,5,1,D:\Skripsi\Experiment\data\raw\RGB2\S50\AC5\RGB2_SUB50ACT5F1.jpg,1,1,0.9999217987060547
1821,50,5,106,D:\Skripsi\Experiment\data\raw\RGB2\S50\AC5\RGB2_SUB50ACT5F106.jpg,1,1,0.9990481734275818
1822,50,5,121,D:\Skripsi\Experiment\data\raw\RGB2\S50\AC5\RGB2_SUB50ACT5F121.jpg,1,1,0.9994345307350159
1823,50,5,16,D:\Skripsi\Experiment\data\raw\RGB2\S50\AC5\RGB2_SUB50ACT5F16.jpg,1,1,0.9999983310699463
1824,50,5,31,D:\Skripsi\Experiment\data\raw\RGB2\S50\AC5\RGB2_SUB50ACT5F31.jpg,1,1,0.9994797110557556
1825,50,5,46,D:\Skripsi\Experiment\data\raw\RGB2\S50\AC5\RGB2_SUB50ACT5F46.jpg,1,1,0.9997403025627136
1826,50,5,61,D:\Skripsi\Experiment\data\raw\RGB2\S50\AC5\RGB2_SUB50ACT5F61.jpg,1,1,0.999019980430603
1827,50,5,76,D:\Skripsi\Experiment\data\raw\RGB2\S50\AC5\RGB2_SUB50ACT5F76.jpg,1,1,0.999658465385437
1828,50,5,91,D:\Skripsi\Experiment\data\raw\RGB2\S50\AC5\RGB2_SUB50ACT5F91.jpg,1,1,0.9971369504928589
1829,50,6,1,D:\Skripsi\Experiment\data\raw\RGB2\S50\AC6\RGB2_SUB50ACT6F1.jpg,1,1,0.9999427795410156
1830,50,6,106,D:\Skripsi\Experiment\data\raw\RGB2\S50\AC6\RGB2_SUB50ACT6F106.jpg,1,1,0.9999411106109619
1831,50,6,121,D:\Skripsi\Experiment\data\raw\RGB2\S50\AC6\RGB2_SUB50ACT6F121.jpg,1,1,0.99943608045578
1832,50,6,136,D:\Skripsi\Experiment\data\raw\RGB2\S50\AC6\RGB2_SUB50ACT6F136.jpg,1,1,0.9993515610694885
1833,50,6,16,D:\Skripsi\Experiment\data\raw\RGB2\S50\AC6\RGB2_SUB50ACT6F16.jpg,1,1,0.9976644515991211
1834,50,6,31,D:\Skripsi\Experiment\data\raw\RGB2\S50\AC6\RGB2_SUB50ACT6F31.jpg,1,1,0.9993695616722107
1835,50,6,46,D:\Skripsi\Experiment\data\raw\RGB2\S50\AC6\RGB2_SUB50ACT6F46.jpg,1,1,0.9994608759880066
1836,50,6,61,D:\Skripsi\Experiment\data\raw\RGB2\S50\AC6\RGB2_SUB50ACT6F61.jpg,1,1,0.9994969367980957
1837,50,6,76,D:\Skripsi\Experiment\data\raw\RGB2\S50\AC6\RGB2_SUB50ACT6F76.jpg,1,1,0.99276202917099
1838,50,6,91,D:\Skripsi\Experiment\data\raw\RGB2\S50\AC6\RGB2_SUB50ACT6F91.jpg,1,1,0.9987727999687195
1839,50,7,1,D:\Skripsi\Experiment\data\raw\RGB2\S50\AC7\RGB2_SUB50ACT7F1.jpg,1,1,0.9996069073677063
1840,50,7,106,D:\Skripsi\Experiment\data\raw\RGB2\S50\AC7\RGB2_SUB50ACT7F106.jpg,1,1,0.9998394250869751
1841,50,7,121,D:\Skripsi\Experiment\data\raw\RGB2\S50\AC7\RGB2_SUB50ACT7F121.jpg,1,1,0.9998667240142822
1842,50,7,136,D:\Skripsi\Experiment\data\raw\RGB2\S50\AC7\RGB2_SUB50ACT7F136.jpg,1,1,0.9999217987060547
1843,50,7,16,D:\Skripsi\Experiment\data\raw\RGB2\S50\AC7\RGB2_SUB50ACT7F16.jpg,1,1,0.9997486472129822
1844,50,7,31,D:\Skripsi\Experiment\data\raw\RGB2\S50\AC7\RGB2_SUB50ACT7F31.jpg,1,1,0.9997453093528748
1845,50,7,46,D:\Skripsi\Experiment\data\raw\RGB2\S50\AC7\RGB2_SUB50ACT7F46.jpg,1,1,0.9997566342353821
1846,50,7,61,D:\Skripsi\Experiment\data\raw\RGB2\S50\AC7\RGB2_SUB50ACT7F61.jpg,1,1,0.9991557598114014
1847,50,7,76,D:\Skripsi\Experiment\data\raw\RGB2\S50\AC7\RGB2_SUB50ACT7F76.jpg,1,1,0.999879002571106
1848,50,7,91,D:\Skripsi\Experiment\data\raw\RGB2\S50\AC7\RGB2_SUB50ACT7F91.jpg,1,1,0.9996007084846497
1849,50,8,1,D:\Skripsi\Experiment\data\raw\RGB2\S50\AC8\RGB2_SUB50ACT8F1.jpg,1,1,0.9999252557754517
1850,50,8,106,D:\Skripsi\Experiment\data\raw\RGB2\S50\AC8\RGB2_SUB50ACT8F106.jpg,1,1,0.9998610019683838
1851,50,8,121,D:\Skripsi\Experiment\data\raw\RGB2\S50\AC8\RGB2_SUB50ACT8F121.jpg,1,1,0.9991633892059326
1852,50,8,136,D:\Skripsi\Experiment\data\raw\RGB2\S50\AC8\RGB2_SUB50ACT8F136.jpg,1,1,0.9988762736320496
1853,50,8,151,D:\Skripsi\Experiment\data\raw\RGB2\S50\AC8\RGB2_SUB50ACT8F151.jpg,1,1,0.9999421834945679
1854,50,8,16,D:\Skripsi\Experiment\data\raw\RGB2\S50\AC8\RGB2_SUB50ACT8F16.jpg,1,1,0.999956488609314
1855,50,8,166,D:\Skripsi\Experiment\data\raw\RGB2\S50\AC8\RGB2_SUB50ACT8F166.jpg,1,1,0.9999433755874634
1856,50,8,181,D:\Skripsi\Experiment\data\raw\RGB2\S50\AC8\RGB2_SUB50ACT8F181.jpg,1,1,0.9999271631240845
1857,50,8,196,D:\Skripsi\Experiment\data\raw\RGB2\S50\AC8\RGB2_SUB50ACT8F196.jpg,1,1,0.9999765157699585
1858,50,8,211,D:\Skripsi\Experiment\data\raw\RGB2\S50\AC8\RGB2_SUB50ACT8F211.jpg,1,1,0.9999372959136963
1859,50,8,31,D:\Skripsi\Experiment\data\raw\RGB2\S50\AC8\RGB2_SUB50ACT8F31.jpg,1,1,0.9991482496261597
1860,50,8,46,D:\Skripsi\Experiment\data\raw\RGB2\S50\AC8\RGB2_SUB50ACT8F46.jpg,1,1,0.999915361404419
1861,50,8,61,D:\Skripsi\Experiment\data\raw\RGB2\S50\AC8\RGB2_SUB50ACT8F61.jpg,1,1,0.9993112087249756
1862,50,8,76,D:\Skripsi\Experiment\data\raw\RGB2\S50\AC8\RGB2_SUB50ACT8F76.jpg,1,1,0.9995749592781067
1863,50,8,91,D:\Skripsi\Experiment\data\raw\RGB2\S50\AC8\RGB2_SUB50ACT8F91.jpg,1,1,0.9998829364776611
1864,50,9,1,D:\Skripsi\Experiment\data\raw\RGB2\S50\AC9\RGB2_SUB50ACT9F1.jpg,1,1,0.9999853372573853
1865,50,9,106,D:\Skripsi\Experiment\data\raw\RGB2\S50\AC9\RGB2_SUB50ACT9F106.jpg,1,1,0.9999673366546631
1866,50,9,121,D:\Skripsi\Experiment\data\raw\RGB2\S50\AC9\RGB2_SUB50ACT9F121.jpg,1,1,0.9997045397758484
1867,50,9,136,D:\Skripsi\Experiment\data\raw\RGB2\S50\AC9\RGB2_SUB50ACT9F136.jpg,1,1,0.9998680353164673
1868,50,9,151,D:\Skripsi\Experiment\data\raw\RGB2\S50\AC9\RGB2_SUB50ACT9F151.jpg,1,1,0.9999237060546875
1869,50,9,16,D:\Skripsi\Experiment\data\raw\RGB2\S50\AC9\RGB2_SUB50ACT9F16.jpg,1,1,0.9999850988388062
1870,50,9,166,D:\Skripsi\Experiment\data\raw\RGB2\S50\AC9\RGB2_SUB50ACT9F166.jpg,1,1,0.9999582767486572
1871,50,9,181,D:\Skripsi\Experiment\data\raw\RGB2\S50\AC9\RGB2_SUB50ACT9F181.jpg,1,1,0.9992592930793762
1872,50,9,31,D:\Skripsi\Experiment\data\raw\RGB2\S50\AC9\RGB2_SUB50ACT9F31.jpg,1,1,0.9997674822807312
1873,50,9,46,D:\Skripsi\Experiment\data\raw\RGB2\S50\AC9\RGB2_SUB50ACT9F46.jpg,1,1,0.9984745383262634
1874,50,9,61,D:\Skripsi\Experiment\data\raw\RGB2\S50\AC9\RGB2_SUB50ACT9F61.jpg,1,1,0.9997367262840271
1875,50,9,76,D:\Skripsi\Experiment\data\raw\RGB2\S50\AC9\RGB2_SUB50ACT9F76.jpg,1,1,0.9998531341552734
1876,50,9,91,D:\Skripsi\Experiment\data\raw\RGB2\S50\AC9\RGB2_SUB50ACT9F91.jpg,1,1,0.9999568462371826
1877,6,1,1,D:\Skripsi\Experiment\data\raw\RGB2\S6\AC1\RGB2_SUB6ACT1F1.jpg,0,0,1.6428748494945467e-05
1878,6,1,106,D:\Skripsi\Experiment\data\raw\RGB2\S6\AC1\RGB2_SUB6ACT1F106.jpg,0,0,0.0012233491288498044
1879,6,1,121,D:\Skripsi\Experiment\data\raw\RGB2\S6\AC1\RGB2_SUB6ACT1F121.jpg,0,0,2.2780894141760655e-05
1880,6,1,136,D:\Skripsi\Experiment\data\raw\RGB2\S6\AC1\RGB2_SUB6ACT1F136.jpg,0,0,0.00023844209499657154
1881,6,1,16,D:\Skripsi\Experiment\data\raw\RGB2\S6\AC1\RGB2_SUB6ACT1F16.jpg,0,0,0.0004697454278357327
1882,6,1,31,D:\Skripsi\Experiment\data\raw\RGB2\S6\AC1\RGB2_SUB6ACT1F31.jpg,0,0,0.00020857361960224807
1883,6,1,46,D:\Skripsi\Experiment\data\raw\RGB2\S6\AC1\RGB2_SUB6ACT1F46.jpg,0,0,0.0007193085039034486
1884,6,1,61,D:\Skripsi\Experiment\data\raw\RGB2\S6\AC1\RGB2_SUB6ACT1F61.jpg,0,0,0.0003455793485045433
1885,6,1,76,D:\Skripsi\Experiment\data\raw\RGB2\S6\AC1\RGB2_SUB6ACT1F76.jpg,0,0,0.0004109691653866321
1886,6,1,91,D:\Skripsi\Experiment\data\raw\RGB2\S6\AC1\RGB2_SUB6ACT1F91.jpg,0,0,7.70181359257549e-05
1887,6,5,1,D:\Skripsi\Experiment\data\raw\RGB2\S6\AC5\RGB2_SUB6ACT5F1.jpg,1,1,0.9999843835830688
1888,6,5,106,D:\Skripsi\Experiment\data\raw\RGB2\S6\AC5\RGB2_SUB6ACT5F106.jpg,1,1,0.9987261891365051
1889,6,5,121,D:\Skripsi\Experiment\data\raw\RGB2\S6\AC5\RGB2_SUB6ACT5F121.jpg,1,1,0.999698281288147
1890,6,5,136,D:\Skripsi\Experiment\data\raw\RGB2\S6\AC5\RGB2_SUB6ACT5F136.jpg,1,1,0.9938644766807556
1891,6,5,16,D:\Skripsi\Experiment\data\raw\RGB2\S6\AC5\RGB2_SUB6ACT5F16.jpg,1,1,0.9999620914459229
1892,6,5,31,D:\Skripsi\Experiment\data\raw\RGB2\S6\AC5\RGB2_SUB6ACT5F31.jpg,1,1,0.9999929666519165
1893,6,5,46,D:\Skripsi\Experiment\data\raw\RGB2\S6\AC5\RGB2_SUB6ACT5F46.jpg,1,1,0.9999377727508545
1894,6,5,61,D:\Skripsi\Experiment\data\raw\RGB2\S6\AC5\RGB2_SUB6ACT5F61.jpg,1,1,0.9999574422836304
1895,6,5,76,D:\Skripsi\Experiment\data\raw\RGB2\S6\AC5\RGB2_SUB6ACT5F76.jpg,1,1,0.9999194145202637
1896,6,5,91,D:\Skripsi\Experiment\data\raw\RGB2\S6\AC5\RGB2_SUB6ACT5F91.jpg,1,1,0.9987560510635376
1897,6,6,1,D:\Skripsi\Experiment\data\raw\RGB2\S6\AC6\RGB2_SUB6ACT6F1.jpg,1,1,0.9999692440032959
1898,6,6,106,D:\Skripsi\Experiment\data\raw\RGB2\S6\AC6\RGB2_SUB6ACT6F106.jpg,1,1,0.9999130964279175
1899,6,6,121,D:\Skripsi\Experiment\data\raw\RGB2\S6\AC6\RGB2_SUB6ACT6F121.jpg,1,1,0.9995688796043396
1900,6,6,136,D:\Skripsi\Experiment\data\raw\RGB2\S6\AC6\RGB2_SUB6ACT6F136.jpg,1,1,0.9992542862892151
1901,6,6,151,D:\Skripsi\Experiment\data\raw\RGB2\S6\AC6\RGB2_SUB6ACT6F151.jpg,1,1,0.9982221722602844
1902,6,6,16,D:\Skripsi\Experiment\data\raw\RGB2\S6\AC6\RGB2_SUB6ACT6F16.jpg,1,1,0.9998668432235718
1903,6,6,31,D:\Skripsi\Experiment\data\raw\RGB2\S6\AC6\RGB2_SUB6ACT6F31.jpg,1,1,0.9997182488441467
1904,6,6,46,D:\Skripsi\Experiment\data\raw\RGB2\S6\AC6\RGB2_SUB6ACT6F46.jpg,1,1,0.9999951124191284
1905,6,6,61,D:\Skripsi\Experiment\data\raw\RGB2\S6\AC6\RGB2_SUB6ACT6F61.jpg,1,1,0.9998695850372314
1906,6,6,76,D:\Skripsi\Experiment\data\raw\RGB2\S6\AC6\RGB2_SUB6ACT6F76.jpg,1,1,0.9992775321006775
1907,6,6,91,D:\Skripsi\Experiment\data\raw\RGB2\S6\AC6\RGB2_SUB6ACT6F91.jpg,1,1,0.999988317489624
1908,6,7,1,D:\Skripsi\Experiment\data\raw\RGB2\S6\AC7\RGB2_SUB6ACT7F1.jpg,1,1,0.9999940395355225
1909,6,7,106,D:\Skripsi\Experiment\data\raw\RGB2\S6\AC7\RGB2_SUB6ACT7F106.jpg,1,1,0.9999659061431885
1910,6,7,121,D:\Skripsi\Experiment\data\raw\RGB2\S6\AC7\RGB2_SUB6ACT7F121.jpg,1,1,0.999997615814209
1911,6,7,136,D:\Skripsi\Experiment\data\raw\RGB2\S6\AC7\RGB2_SUB6ACT7F136.jpg,1,1,0.9998939037322998
1912,6,7,16,D:\Skripsi\Experiment\data\raw\RGB2\S6\AC7\RGB2_SUB6ACT7F16.jpg,1,1,0.9999955892562866
1913,6,7,31,D:\Skripsi\Experiment\data\raw\RGB2\S6\AC7\RGB2_SUB6ACT7F31.jpg,1,1,0.9999949932098389
1914,6,7,46,D:\Skripsi\Experiment\data\raw\RGB2\S6\AC7\RGB2_SUB6ACT7F46.jpg,1,1,0.9999904632568359
1915,6,7,61,D:\Skripsi\Experiment\data\raw\RGB2\S6\AC7\RGB2_SUB6ACT7F61.jpg,1,1,0.9999831914901733
1916,6,7,76,D:\Skripsi\Experiment\data\raw\RGB2\S6\AC7\RGB2_SUB6ACT7F76.jpg,1,1,0.9999383687973022
1917,6,7,91,D:\Skripsi\Experiment\data\raw\RGB2\S6\AC7\RGB2_SUB6ACT7F91.jpg,1,1,0.999869704246521
1918,6,8,1,D:\Skripsi\Experiment\data\raw\RGB2\S6\AC8\RGB2_SUB6ACT8F1.jpg,1,1,0.9997697472572327
1919,6,8,106,D:\Skripsi\Experiment\data\raw\RGB2\S6\AC8\RGB2_SUB6ACT8F106.jpg,1,1,0.9998111128807068
1920,6,8,121,D:\Skripsi\Experiment\data\raw\RGB2\S6\AC8\RGB2_SUB6ACT8F121.jpg,1,1,0.9999548196792603
1921,6,8,136,D:\Skripsi\Experiment\data\raw\RGB2\S6\AC8\RGB2_SUB6ACT8F136.jpg,1,1,0.9999717473983765
1922,6,8,151,D:\Skripsi\Experiment\data\raw\RGB2\S6\AC8\RGB2_SUB6ACT8F151.jpg,1,1,0.9999628067016602
1923,6,8,16,D:\Skripsi\Experiment\data\raw\RGB2\S6\AC8\RGB2_SUB6ACT8F16.jpg,1,1,0.9990407824516296
1924,6,8,31,D:\Skripsi\Experiment\data\raw\RGB2\S6\AC8\RGB2_SUB6ACT8F31.jpg,1,1,0.9996882677078247
1925,6,8,46,D:\Skripsi\Experiment\data\raw\RGB2\S6\AC8\RGB2_SUB6ACT8F46.jpg,1,1,0.9996416568756104
1926,6,8,61,D:\Skripsi\Experiment\data\raw\RGB2\S6\AC8\RGB2_SUB6ACT8F61.jpg,1,1,0.9992566704750061
1927,6,8,76,D:\Skripsi\Experiment\data\raw\RGB2\S6\AC8\RGB2_SUB6ACT8F76.jpg,1,1,0.9999867677688599
1928,6,8,91,D:\Skripsi\Experiment\data\raw\RGB2\S6\AC8\RGB2_SUB6ACT8F91.jpg,1,1,0.9999531507492065
1929,6,9,1,D:\Skripsi\Experiment\data\raw\RGB2\S6\AC9\RGB2_SUB6ACT9F1.jpg,1,1,0.9999774694442749
1930,6,9,106,D:\Skripsi\Experiment\data\raw\RGB2\S6\AC9\RGB2_SUB6ACT9F106.jpg,1,1,0.9999947547912598
1931,6,9,121,D:\Skripsi\Experiment\data\raw\RGB2\S6\AC9\RGB2_SUB6ACT9F121.jpg,1,1,0.9999703168869019
1932,6,9,136,D:\Skripsi\Experiment\data\raw\RGB2\S6\AC9\RGB2_SUB6ACT9F136.jpg,1,1,0.9999978542327881
1933,6,9,151,D:\Skripsi\Experiment\data\raw\RGB2\S6\AC9\RGB2_SUB6ACT9F151.jpg,1,1,0.9999755620956421
1934,6,9,16,D:\Skripsi\Experiment\data\raw\RGB2\S6\AC9\RGB2_SUB6ACT9F16.jpg,1,1,0.9999037981033325
1935,6,9,166,D:\Skripsi\Experiment\data\raw\RGB2\S6\AC9\RGB2_SUB6ACT9F166.jpg,1,1,0.9999537467956543
1936,6,9,31,D:\Skripsi\Experiment\data\raw\RGB2\S6\AC9\RGB2_SUB6ACT9F31.jpg,1,1,0.9999936819076538
1937,6,9,46,D:\Skripsi\Experiment\data\raw\RGB2\S6\AC9\RGB2_SUB6ACT9F46.jpg,1,1,0.999919056892395
1938,6,9,61,D:\Skripsi\Experiment\data\raw\RGB2\S6\AC9\RGB2_SUB6ACT9F61.jpg,1,1,0.9998761415481567
1939,6,9,76,D:\Skripsi\Experiment\data\raw\RGB2\S6\AC9\RGB2_SUB6ACT9F76.jpg,1,1,0.9999970197677612
1940,6,9,91,D:\Skripsi\Experiment\data\raw\RGB2\S6\AC9\RGB2_SUB6ACT9F91.jpg,1,1,0.9993656277656555
1941,7,1,1,D:\Skripsi\Experiment\data\raw\RGB2\S7\AC1\RGB2_SUB7ACT1F1.jpg,0,0,0.0004443996003828943
1942,7,1,106,D:\Skripsi\Experiment\data\raw\RGB2\S7\AC1\RGB2_SUB7ACT1F106.jpg,0,0,0.003733050310984254
1943,7,1,121,D:\Skripsi\Experiment\data\raw\RGB2\S7\AC1\RGB2_SUB7ACT1F121.jpg,0,0,0.0526391975581646
1944,7,1,16,D:\Skripsi\Experiment\data\raw\RGB2\S7\AC1\RGB2_SUB7ACT1F16.jpg,0,0,0.0052178087644279
1945,7,1,31,D:\Skripsi\Experiment\data\raw\RGB2\S7\AC1\RGB2_SUB7ACT1F31.jpg,0,0,0.012157703749835491
1946,7,1,46,D:\Skripsi\Experiment\data\raw\RGB2\S7\AC1\RGB2_SUB7ACT1F46.jpg,0,0,0.005896329879760742
1947,7,1,61,D:\Skripsi\Experiment\data\raw\RGB2\S7\AC1\RGB2_SUB7ACT1F61.jpg,0,0,0.0002613666874822229
1948,7,1,76,D:\Skripsi\Experiment\data\raw\RGB2\S7\AC1\RGB2_SUB7ACT1F76.jpg,0,0,0.006370765157043934
1949,7,1,91,D:\Skripsi\Experiment\data\raw\RGB2\S7\AC1\RGB2_SUB7ACT1F91.jpg,0,0,6.4607206695654895e-06
1950,7,5,1,D:\Skripsi\Experiment\data\raw\RGB2\S7\AC5\RGB2_SUB7ACT5F1.jpg,1,1,0.9966464638710022
1951,7,5,106,D:\Skripsi\Experiment\data\raw\RGB2\S7\AC5\RGB2_SUB7ACT5F106.jpg,1,1,0.9999449253082275
1952,7,5,121,D:\Skripsi\Experiment\data\raw\RGB2\S7\AC5\RGB2_SUB7ACT5F121.jpg,1,1,0.9999347925186157
1953,7,5,16,D:\Skripsi\Experiment\data\raw\RGB2\S7\AC5\RGB2_SUB7ACT5F16.jpg,1,1,0.9999862909317017
1954,7,5,31,D:\Skripsi\Experiment\data\raw\RGB2\S7\AC5\RGB2_SUB7ACT5F31.jpg,1,1,0.9999151229858398
1955,7,5,46,D:\Skripsi\Experiment\data\raw\RGB2\S7\AC5\RGB2_SUB7ACT5F46.jpg,1,1,0.9999654293060303
1956,7,5,61,D:\Skripsi\Experiment\data\raw\RGB2\S7\AC5\RGB2_SUB7ACT5F61.jpg,1,1,0.9999768733978271
1957,7,5,76,D:\Skripsi\Experiment\data\raw\RGB2\S7\AC5\RGB2_SUB7ACT5F76.jpg,1,1,0.9999830722808838
1958,7,5,91,D:\Skripsi\Experiment\data\raw\RGB2\S7\AC5\RGB2_SUB7ACT5F91.jpg,1,1,0.999908447265625
1959,7,6,1,D:\Skripsi\Experiment\data\raw\RGB2\S7\AC6\RGB2_SUB7ACT6F1.jpg,1,1,0.9993908405303955
1960,7,6,106,D:\Skripsi\Experiment\data\raw\RGB2\S7\AC6\RGB2_SUB7ACT6F106.jpg,1,1,0.9998549222946167
1961,7,6,121,D:\Skripsi\Experiment\data\raw\RGB2\S7\AC6\RGB2_SUB7ACT6F121.jpg,1,1,0.9997755885124207
1962,7,6,136,D:\Skripsi\Experiment\data\raw\RGB2\S7\AC6\RGB2_SUB7ACT6F136.jpg,1,1,0.999953031539917
1963,7,6,16,D:\Skripsi\Experiment\data\raw\RGB2\S7\AC6\RGB2_SUB7ACT6F16.jpg,1,1,0.9998127818107605
1964,7,6,31,D:\Skripsi\Experiment\data\raw\RGB2\S7\AC6\RGB2_SUB7ACT6F31.jpg,1,1,0.9992437362670898
1965,7,6,46,D:\Skripsi\Experiment\data\raw\RGB2\S7\AC6\RGB2_SUB7ACT6F46.jpg,1,1,0.9996724128723145
1966,7,6,61,D:\Skripsi\Experiment\data\raw\RGB2\S7\AC6\RGB2_SUB7ACT6F61.jpg,1,1,0.9999372959136963
1967,7,6,76,D:\Skripsi\Experiment\data\raw\RGB2\S7\AC6\RGB2_SUB7ACT6F76.jpg,1,1,0.9997592568397522
1968,7,6,91,D:\Skripsi\Experiment\data\raw\RGB2\S7\AC6\RGB2_SUB7ACT6F91.jpg,1,1,0.9999319314956665
1969,7,7,1,D:\Skripsi\Experiment\data\raw\RGB2\S7\AC7\RGB2_SUB7ACT7F1.jpg,1,1,0.9985095858573914
1970,7,7,106,D:\Skripsi\Experiment\data\raw\RGB2\S7\AC7\RGB2_SUB7ACT7F106.jpg,1,1,0.9998127818107605
1971,7,7,121,D:\Skripsi\Experiment\data\raw\RGB2\S7\AC7\RGB2_SUB7ACT7F121.jpg,1,1,0.9997350573539734
1972,7,7,136,D:\Skripsi\Experiment\data\raw\RGB2\S7\AC7\RGB2_SUB7ACT7F136.jpg,1,1,0.9997112154960632
1973,7,7,151,D:\Skripsi\Experiment\data\raw\RGB2\S7\AC7\RGB2_SUB7ACT7F151.jpg,1,1,0.9999120235443115
1974,7,7,16,D:\Skripsi\Experiment\data\raw\RGB2\S7\AC7\RGB2_SUB7ACT7F16.jpg,1,1,0.9999687671661377
1975,7,7,31,D:\Skripsi\Experiment\data\raw\RGB2\S7\AC7\RGB2_SUB7ACT7F31.jpg,1,1,0.9997666478157043
1976,7,7,46,D:\Skripsi\Experiment\data\raw\RGB2\S7\AC7\RGB2_SUB7ACT7F46.jpg,1,1,0.9999454021453857
1977,7,7,61,D:\Skripsi\Experiment\data\raw\RGB2\S7\AC7\RGB2_SUB7ACT7F61.jpg,1,1,0.9999850988388062
1978,7,7,76,D:\Skripsi\Experiment\data\raw\RGB2\S7\AC7\RGB2_SUB7ACT7F76.jpg,1,1,0.999748170375824
1979,7,7,91,D:\Skripsi\Experiment\data\raw\RGB2\S7\AC7\RGB2_SUB7ACT7F91.jpg,1,1,0.9999371767044067
1980,7,8,1,D:\Skripsi\Experiment\data\raw\RGB2\S7\AC8\RGB2_SUB7ACT8F1.jpg,1,1,0.9940810799598694
1981,7,8,106,D:\Skripsi\Experiment\data\raw\RGB2\S7\AC8\RGB2_SUB7ACT8F106.jpg,1,1,0.999702513217926
1982,7,8,121,D:\Skripsi\Experiment\data\raw\RGB2\S7\AC8\RGB2_SUB7ACT8F121.jpg,1,1,0.9999449253082275
1983,7,8,136,D:\Skripsi\Experiment\data\raw\RGB2\S7\AC8\RGB2_SUB7ACT8F136.jpg,1,1,0.9999704360961914
1984,7,8,16,D:\Skripsi\Experiment\data\raw\RGB2\S7\AC8\RGB2_SUB7ACT8F16.jpg,1,1,0.999921441078186
1985,7,8,31,D:\Skripsi\Experiment\data\raw\RGB2\S7\AC8\RGB2_SUB7ACT8F31.jpg,1,1,0.9996656179428101
1986,7,8,46,D:\Skripsi\Experiment\data\raw\RGB2\S7\AC8\RGB2_SUB7ACT8F46.jpg,1,1,0.9995511174201965
1987,7,8,61,D:\Skripsi\Experiment\data\raw\RGB2\S7\AC8\RGB2_SUB7ACT8F61.jpg,1,1,0.9997425675392151
1988,7,8,76,D:\Skripsi\Experiment\data\raw\RGB2\S7\AC8\RGB2_SUB7ACT8F76.jpg,1,1,0.9999150037765503
1989,7,8,91,D:\Skripsi\Experiment\data\raw\RGB2\S7\AC8\RGB2_SUB7ACT8F91.jpg,1,1,0.9999430179595947
1990,7,9,1,D:\Skripsi\Experiment\data\raw\RGB2\S7\AC9\RGB2_SUB7ACT9F1.jpg,1,1,0.9998605251312256
1991,7,9,106,D:\Skripsi\Experiment\data\raw\RGB2\S7\AC9\RGB2_SUB7ACT9F106.jpg,1,1,0.9989187717437744
1992,7,9,121,D:\Skripsi\Experiment\data\raw\RGB2\S7\AC9\RGB2_SUB7ACT9F121.jpg,1,1,0.9999217987060547
1993,7,9,136,D:\Skripsi\Experiment\data\raw\RGB2\S7\AC9\RGB2_SUB7ACT9F136.jpg,1,1,0.9998353719711304
1994,7,9,16,D:\Skripsi\Experiment\data\raw\RGB2\S7\AC9\RGB2_SUB7ACT9F16.jpg,1,1,0.9998745918273926
1995,7,9,31,D:\Skripsi\Experiment\data\raw\RGB2\S7\AC9\RGB2_SUB7ACT9F31.jpg,1,1,0.9995285272598267
1996,7,9,46,D:\Skripsi\Experiment\data\raw\RGB2\S7\AC9\RGB2_SUB7ACT9F46.jpg,1,1,0.9993315935134888
1997,7,9,61,D:\Skripsi\Experiment\data\raw\RGB2\S7\AC9\RGB2_SUB7ACT9F61.jpg,1,1,0.9987983703613281
1998,7,9,76,D:\Skripsi\Experiment\data\raw\RGB2\S7\AC9\RGB2_SUB7ACT9F76.jpg,1,1,0.999390721321106
1999,7,9,91,D:\Skripsi\Experiment\data\raw\RGB2\S7\AC9\RGB2_SUB7ACT9F91.jpg,1,1,0.9999268054962158
2000,9,1,1,D:\Skripsi\Experiment\data\raw\RGB2\S9\AC1\RGB2_SUB9ACT1F1.jpg,0,0,1.3287977708387189e-05
2001,9,1,106,D:\Skripsi\Experiment\data\raw\RGB2\S9\AC1\RGB2_SUB9ACT1F106.jpg,0,0,3.2736243156250566e-05
2002,9,1,121,D:\Skripsi\Experiment\data\raw\RGB2\S9\AC1\RGB2_SUB9ACT1F121.jpg,0,0,0.0020264198537915945
2003,9,1,136,D:\Skripsi\Experiment\data\raw\RGB2\S9\AC1\RGB2_SUB9ACT1F136.jpg,0,0,6.312997356872074e-06
2004,9,1,151,D:\Skripsi\Experiment\data\raw\RGB2\S9\AC1\RGB2_SUB9ACT1F151.jpg,0,0,0.00023194191453512758
2005,9,1,16,D:\Skripsi\Experiment\data\raw\RGB2\S9\AC1\RGB2_SUB9ACT1F16.jpg,0,0,2.3808603089037206e-08
2006,9,1,31,D:\Skripsi\Experiment\data\raw\RGB2\S9\AC1\RGB2_SUB9ACT1F31.jpg,0,0,1.154947142367746e-07
2007,9,1,46,D:\Skripsi\Experiment\data\raw\RGB2\S9\AC1\RGB2_SUB9ACT1F46.jpg,0,0,5.800044533543769e-08
2008,9,1,61,D:\Skripsi\Experiment\data\raw\RGB2\S9\AC1\RGB2_SUB9ACT1F61.jpg,0,0,1.8281975826539565e-06
2009,9,1,76,D:\Skripsi\Experiment\data\raw\RGB2\S9\AC1\RGB2_SUB9ACT1F76.jpg,0,0,4.70620761916507e-06
2010,9,1,91,D:\Skripsi\Experiment\data\raw\RGB2\S9\AC1\RGB2_SUB9ACT1F91.jpg,0,0,1.974977203644812e-05
2011,9,5,1,D:\Skripsi\Experiment\data\raw\RGB2\S9\AC5\RGB2_SUB9ACT5F1.jpg,1,1,0.9968611001968384
2012,9,5,106,D:\Skripsi\Experiment\data\raw\RGB2\S9\AC5\RGB2_SUB9ACT5F106.jpg,1,1,0.999855637550354
2013,9,5,121,D:\Skripsi\Experiment\data\raw\RGB2\S9\AC5\RGB2_SUB9ACT5F121.jpg,1,1,0.9999960660934448
2014,9,5,136,D:\Skripsi\Experiment\data\raw\RGB2\S9\AC5\RGB2_SUB9ACT5F136.jpg,1,1,0.9999160766601562
2015,9,5,151,D:\Skripsi\Experiment\data\raw\RGB2\S9\AC5\RGB2_SUB9ACT5F151.jpg,1,1,0.9999233484268188
2016,9,5,16,D:\Skripsi\Experiment\data\raw\RGB2\S9\AC5\RGB2_SUB9ACT5F16.jpg,1,1,0.9999731779098511
2017,9,5,31,D:\Skripsi\Experiment\data\raw\RGB2\S9\AC5\RGB2_SUB9ACT5F31.jpg,1,1,0.9999552965164185
2018,9,5,46,D:\Skripsi\Experiment\data\raw\RGB2\S9\AC5\RGB2_SUB9ACT5F46.jpg,1,1,0.9998992681503296
2019,9,5,61,D:\Skripsi\Experiment\data\raw\RGB2\S9\AC5\RGB2_SUB9ACT5F61.jpg,1,1,0.9998595714569092
2020,9,5,76,D:\Skripsi\Experiment\data\raw\RGB2\S9\AC5\RGB2_SUB9ACT5F76.jpg,1,1,0.9998977184295654
2021,9,5,91,D:\Skripsi\Experiment\data\raw\RGB2\S9\AC5\RGB2_SUB9ACT5F91.jpg,1,1,0.9999582767486572
2022,9,6,1,D:\Skripsi\Experiment\data\raw\RGB2\S9\AC6\RGB2_SUB9ACT6F1.jpg,1,1,0.9999382495880127
2023,9,6,106,D:\Skripsi\Experiment\data\raw\RGB2\S9\AC6\RGB2_SUB9ACT6F106.jpg,1,1,0.9996594190597534
2024,9,6,121,D:\Skripsi\Experiment\data\raw\RGB2\S9\AC6\RGB2_SUB9ACT6F121.jpg,1,1,0.9984948635101318
2025,9,6,136,D:\Skripsi\Experiment\data\raw\RGB2\S9\AC6\RGB2_SUB9ACT6F136.jpg,1,1,0.997958779335022
2026,9,6,16,D:\Skripsi\Experiment\data\raw\RGB2\S9\AC6\RGB2_SUB9ACT6F16.jpg,1,1,0.999883770942688
2027,9,6,31,D:\Skripsi\Experiment\data\raw\RGB2\S9\AC6\RGB2_SUB9ACT6F31.jpg,1,1,0.9999097585678101
2028,9,6,46,D:\Skripsi\Experiment\data\raw\RGB2\S9\AC6\RGB2_SUB9ACT6F46.jpg,1,1,0.9999434947967529
2029,9,6,61,D:\Skripsi\Experiment\data\raw\RGB2\S9\AC6\RGB2_SUB9ACT6F61.jpg,1,1,0.9997881054878235
2030,9,6,76,D:\Skripsi\Experiment\data\raw\RGB2\S9\AC6\RGB2_SUB9ACT6F76.jpg,1,1,0.9999134540557861
2031,9,6,91,D:\Skripsi\Experiment\data\raw\RGB2\S9\AC6\RGB2_SUB9ACT6F91.jpg,1,1,0.9994949102401733
2032,9,7,1,D:\Skripsi\Experiment\data\raw\RGB2\S9\AC7\RGB2_SUB9ACT7F1.jpg,1,1,0.9999428987503052
2033,9,7,106,D:\Skripsi\Experiment\data\raw\RGB2\S9\AC7\RGB2_SUB9ACT7F106.jpg,1,1,0.9997311234474182
2034,9,7,121,D:\Skripsi\Experiment\data\raw\RGB2\S9\AC7\RGB2_SUB9ACT7F121.jpg,1,1,0.9998406171798706
2035,9,7,136,D:\Skripsi\Experiment\data\raw\RGB2\S9\AC7\RGB2_SUB9ACT7F136.jpg,1,1,0.9998835325241089
2036,9,7,151,D:\Skripsi\Experiment\data\raw\RGB2\S9\AC7\RGB2_SUB9ACT7F151.jpg,1,1,0.9998272061347961
2037,9,7,16,D:\Skripsi\Experiment\data\raw\RGB2\S9\AC7\RGB2_SUB9ACT7F16.jpg,1,1,0.9999973773956299
2038,9,7,166,D:\Skripsi\Experiment\data\raw\RGB2\S9\AC7\RGB2_SUB9ACT7F166.jpg,1,1,0.9998506307601929
2039,9,7,181,D:\Skripsi\Experiment\data\raw\RGB2\S9\AC7\RGB2_SUB9ACT7F181.jpg,1,1,0.9991968274116516
2040,9,7,196,D:\Skripsi\Experiment\data\raw\RGB2\S9\AC7\RGB2_SUB9ACT7F196.jpg,1,1,0.9999120235443115
2041,9,7,31,D:\Skripsi\Experiment\data\raw\RGB2\S9\AC7\RGB2_SUB9ACT7F31.jpg,1,1,0.999795138835907
2042,9,7,46,D:\Skripsi\Experiment\data\raw\RGB2\S9\AC7\RGB2_SUB9ACT7F46.jpg,1,1,0.9999808073043823
2043,9,7,61,D:\Skripsi\Experiment\data\raw\RGB2\S9\AC7\RGB2_SUB9ACT7F61.jpg,1,1,0.9950746893882751
2044,9,7,76,D:\Skripsi\Experiment\data\raw\RGB2\S9\AC7\RGB2_SUB9ACT7F76.jpg,1,1,0.9997497200965881
2045,9,7,91,D:\Skripsi\Experiment\data\raw\RGB2\S9\AC7\RGB2_SUB9ACT7F91.jpg,1,1,0.9996540546417236
2046,9,8,1,D:\Skripsi\Experiment\data\raw\RGB2\S9\AC8\RGB2_SUB9ACT8F1.jpg,1,1,0.9997767806053162
2047,9,8,106,D:\Skripsi\Experiment\data\raw\RGB2\S9\AC8\RGB2_SUB9ACT8F106.jpg,1,1,0.99957674741745
2048,9,8,121,D:\Skripsi\Experiment\data\raw\RGB2\S9\AC8\RGB2_SUB9ACT8F121.jpg,1,1,0.9972407817840576
2049,9,8,136,D:\Skripsi\Experiment\data\raw\RGB2\S9\AC8\RGB2_SUB9ACT8F136.jpg,1,1,0.9999932050704956
2050,9,8,16,D:\Skripsi\Experiment\data\raw\RGB2\S9\AC8\RGB2_SUB9ACT8F16.jpg,1,1,0.9999778270721436
2051,9,8,31,D:\Skripsi\Experiment\data\raw\RGB2\S9\AC8\RGB2_SUB9ACT8F31.jpg,1,1,0.999963641166687
2052,9,8,46,D:\Skripsi\Experiment\data\raw\RGB2\S9\AC8\RGB2_SUB9ACT8F46.jpg,1,1,0.9999115467071533
2053,9,8,61,D:\Skripsi\Experiment\data\raw\RGB2\S9\AC8\RGB2_SUB9ACT8F61.jpg,1,1,0.9997931122779846
2054,9,8,76,D:\Skripsi\Experiment\data\raw\RGB2\S9\AC8\RGB2_SUB9ACT8F76.jpg,1,1,0.9998325109481812
2055,9,8,91,D:\Skripsi\Experiment\data\raw\RGB2\S9\AC8\RGB2_SUB9ACT8F91.jpg,1,1,0.9999594688415527
2056,9,9,1,D:\Skripsi\Experiment\data\raw\RGB2\S9\AC9\RGB2_SUB9ACT9F1.jpg,1,1,0.9970561265945435
2057,9,9,106,D:\Skripsi\Experiment\data\raw\RGB2\S9\AC9\RGB2_SUB9ACT9F106.jpg,1,1,0.9999444484710693
2058,9,9,121,D:\Skripsi\Experiment\data\raw\RGB2\S9\AC9\RGB2_SUB9ACT9F121.jpg,1,1,0.9998846054077148
2059,9,9,136,D:\Skripsi\Experiment\data\raw\RGB2\S9\AC9\RGB2_SUB9ACT9F136.jpg,1,1,0.9999809265136719
2060,9,9,151,D:\Skripsi\Experiment\data\raw\RGB2\S9\AC9\RGB2_SUB9ACT9F151.jpg,1,1,0.9998675584793091
2061,9,9,16,D:\Skripsi\Experiment\data\raw\RGB2\S9\AC9\RGB2_SUB9ACT9F16.jpg,1,1,0.9999306201934814
2062,9,9,31,D:\Skripsi\Experiment\data\raw\RGB2\S9\AC9\RGB2_SUB9ACT9F31.jpg,1,1,0.9999247789382935
2063,9,9,46,D:\Skripsi\Experiment\data\raw\RGB2\S9\AC9\RGB2_SUB9ACT9F46.jpg,1,1,0.9999344348907471
2064,9,9,61,D:\Skripsi\Experiment\data\raw\RGB2\S9\AC9\RGB2_SUB9ACT9F61.jpg,1,1,0.9998939037322998
2065,9,9,76,D:\Skripsi\Experiment\data\raw\RGB2\S9\AC9\RGB2_SUB9ACT9F76.jpg,1,1,0.9981143474578857
2066,9,9,91,D:\Skripsi\Experiment\data\raw\RGB2\S9\AC9\RGB2_SUB9ACT9F91.jpg,1,1,0.9994882345199585
