row_index,subject_id,activity_id,frame,filepath,label,prediction,prob_phone
0,12,1,1,D:\Skripsi\Experiment\data\raw\RGB1\S12\AC1\RGB1_SUB12ACT1F1.jpg,0,0,0.011472435668110847
1,12,1,106,D:\Skripsi\Experiment\data\raw\RGB1\S12\AC1\RGB1_SUB12ACT1F106.jpg,0,0,0.42076820135116577
2,12,1,121,D:\Skripsi\Experiment\data\raw\RGB1\S12\AC1\RGB1_SUB12ACT1F121.jpg,0,0,0.22694316506385803
3,12,1,136,D:\Skripsi\Experiment\data\raw\RGB1\S12\AC1\RGB1_SUB12ACT1F136.jpg,0,0,0.366340696811676
4,12,1,151,D:\Skripsi\Experiment\data\raw\RGB1\S12\AC1\RGB1_SUB12ACT1F151.jpg,0,0,0.0054289489053189754
5,12,1,16,D:\Skripsi\Experiment\data\raw\RGB1\S12\AC1\RGB1_SUB12ACT1F16.jpg,0,0,0.013029249384999275
6,12,1,31,D:\Skripsi\Experiment\data\raw\RGB1\S12\AC1\RGB1_SUB12ACT1F31.jpg,0,0,0.0034775002859532833
7,12,1,46,D:\Skripsi\Experiment\data\raw\RGB1\S12\AC1\RGB1_SUB12ACT1F46.jpg,0,0,0.007073025684803724
8,12,1,61,D:\Skripsi\Experiment\data\raw\RGB1\S12\AC1\RGB1_SUB12ACT1F61.jpg,0,0,0.0069612376391887665
9,12,1,76,D:\Skripsi\Experiment\data\raw\RGB1\S12\AC1\RGB1_SUB12ACT1F76.jpg,0,0,0.19476892054080963
10,12,1,91,D:\Skripsi\Experiment\data\raw\RGB1\S12\AC1\RGB1_SUB12ACT1F91.jpg,0,1,0.5531151294708252
11,12,5,1,D:\Skripsi\Experiment\data\raw\RGB1\S12\AC5\RGB1_SUB12ACT5F1.jpg,1,1,0.74086993932724
12,12,5,106,D:\Skripsi\Experiment\data\raw\RGB1\S12\AC5\RGB1_SUB12ACT5F106.jpg,1,1,0.8665928840637207
13,12,5,121,D:\Skripsi\Experiment\data\raw\RGB1\S12\AC5\RGB1_SUB12ACT5F121.jpg,1,1,0.8534269332885742
14,12,5,136,D:\Skripsi\Experiment\data\raw\RGB1\S12\AC5\RGB1_SUB12ACT5F136.jpg,1,1,0.8586010932922363
15,12,5,16,D:\Skripsi\Experiment\data\raw\RGB1\S12\AC5\RGB1_SUB12ACT5F16.jpg,1,1,0.8406656384468079
16,12,5,31,D:\Skripsi\Experiment\data\raw\RGB1\S12\AC5\RGB1_SUB12ACT5F31.jpg,1,1,0.9159700870513916
17,12,5,46,D:\Skripsi\Experiment\data\raw\RGB1\S12\AC5\RGB1_SUB12ACT5F46.jpg,1,1,0.8690671324729919
18,12,5,61,D:\Skripsi\Experiment\data\raw\RGB1\S12\AC5\RGB1_SUB12ACT5F61.jpg,1,1,0.873563289642334
19,12,5,76,D:\Skripsi\Experiment\data\raw\RGB1\S12\AC5\RGB1_SUB12ACT5F76.jpg,1,1,0.8600950837135315
20,12,5,91,D:\Skripsi\Experiment\data\raw\RGB1\S12\AC5\RGB1_SUB12ACT5F91.jpg,1,1,0.859165370464325
21,12,6,1,D:\Skripsi\Experiment\data\raw\RGB1\S12\AC6\RGB1_SUB12ACT6F1.jpg,1,1,0.7652247548103333
22,12,6,106,D:\Skripsi\Experiment\data\raw\RGB1\S12\AC6\RGB1_SUB12ACT6F106.jpg,1,1,0.8565194010734558
23,12,6,121,D:\Skripsi\Experiment\data\raw\RGB1\S12\AC6\RGB1_SUB12ACT6F121.jpg,1,1,0.8142118453979492
24,12,6,136,D:\Skripsi\Experiment\data\raw\RGB1\S12\AC6\RGB1_SUB12ACT6F136.jpg,1,1,0.7875134944915771
25,12,6,151,D:\Skripsi\Experiment\data\raw\RGB1\S12\AC6\RGB1_SUB12ACT6F151.jpg,1,1,0.8008137345314026
26,12,6,16,D:\Skripsi\Experiment\data\raw\RGB1\S12\AC6\RGB1_SUB12ACT6F16.jpg,1,1,0.6961604356765747
27,12,6,166,D:\Skripsi\Experiment\data\raw\RGB1\S12\AC6\RGB1_SUB12ACT6F166.jpg,1,1,0.817218542098999
28,12,6,181,D:\Skripsi\Experiment\data\raw\RGB1\S12\AC6\RGB1_SUB12ACT6F181.jpg,1,1,0.8659659624099731
29,12,6,196,D:\Skripsi\Experiment\data\raw\RGB1\S12\AC6\RGB1_SUB12ACT6F196.jpg,1,1,0.8563894629478455
30,12,6,31,D:\Skripsi\Experiment\data\raw\RGB1\S12\AC6\RGB1_SUB12ACT6F31.jpg,1,1,0.8988515138626099
31,12,6,46,D:\Skripsi\Experiment\data\raw\RGB1\S12\AC6\RGB1_SUB12ACT6F46.jpg,1,1,0.8575666546821594
32,12,6,61,D:\Skripsi\Experiment\data\raw\RGB1\S12\AC6\RGB1_SUB12ACT6F61.jpg,1,1,0.9376096725463867
33,12,6,76,D:\Skripsi\Experiment\data\raw\RGB1\S12\AC6\RGB1_SUB12ACT6F76.jpg,1,1,0.7776597738265991
34,12,6,91,D:\Skripsi\Experiment\data\raw\RGB1\S12\AC6\RGB1_SUB12ACT6F91.jpg,1,1,0.6601986885070801
35,12,7,1,D:\Skripsi\Experiment\data\raw\RGB1\S12\AC7\RGB1_SUB12ACT7F1.jpg,1,1,0.5018942952156067
36,12,7,106,D:\Skripsi\Experiment\data\raw\RGB1\S12\AC7\RGB1_SUB12ACT7F106.jpg,1,1,0.8393304944038391
37,12,7,121,D:\Skripsi\Experiment\data\raw\RGB1\S12\AC7\RGB1_SUB12ACT7F121.jpg,1,1,0.8804796934127808
38,12,7,136,D:\Skripsi\Experiment\data\raw\RGB1\S12\AC7\RGB1_SUB12ACT7F136.jpg,1,1,0.82252436876297
39,12,7,151,D:\Skripsi\Experiment\data\raw\RGB1\S12\AC7\RGB1_SUB12ACT7F151.jpg,1,1,0.8301194906234741
40,12,7,16,D:\Skripsi\Experiment\data\raw\RGB1\S12\AC7\RGB1_SUB12ACT7F16.jpg,1,1,0.8009426593780518
41,12,7,166,D:\Skripsi\Experiment\data\raw\RGB1\S12\AC7\RGB1_SUB12ACT7F166.jpg,1,1,0.7956610321998596
42,12,7,181,D:\Skripsi\Experiment\data\raw\RGB1\S12\AC7\RGB1_SUB12ACT7F181.jpg,1,1,0.85126131772995
43,12,7,196,D:\Skripsi\Experiment\data\raw\RGB1\S12\AC7\RGB1_SUB12ACT7F196.jpg,1,1,0.8917652368545532
44,12,7,211,D:\Skripsi\Experiment\data\raw\RGB1\S12\AC7\RGB1_SUB12ACT7F211.jpg,1,1,0.8170751333236694
45,12,7,226,D:\Skripsi\Experiment\data\raw\RGB1\S12\AC7\RGB1_SUB12ACT7F226.jpg,1,1,0.8361472487449646
46,12,7,31,D:\Skripsi\Experiment\data\raw\RGB1\S12\AC7\RGB1_SUB12ACT7F31.jpg,1,1,0.8572778105735779
47,12,7,46,D:\Skripsi\Experiment\data\raw\RGB1\S12\AC7\RGB1_SUB12ACT7F46.jpg,1,1,0.8281003832817078
48,12,7,61,D:\Skripsi\Experiment\data\raw\RGB1\S12\AC7\RGB1_SUB12ACT7F61.jpg,1,1,0.8061730861663818
49,12,7,76,D:\Skripsi\Experiment\data\raw\RGB1\S12\AC7\RGB1_SUB12ACT7F76.jpg,1,1,0.8492727875709534
50,12,7,91,D:\Skripsi\Experiment\data\raw\RGB1\S12\AC7\RGB1_SUB12ACT7F91.jpg,1,1,0.8340036273002625
51,12,8,1,D:\Skripsi\Experiment\data\raw\RGB1\S12\AC8\RGB1_SUB12ACT8F1.jpg,1,1,0.7814612984657288
52,12,8,106,D:\Skripsi\Experiment\data\raw\RGB1\S12\AC8\RGB1_SUB12ACT8F106.jpg,1,1,0.8404150009155273
53,12,8,121,D:\Skripsi\Experiment\data\raw\RGB1\S12\AC8\RGB1_SUB12ACT8F121.jpg,1,1,0.860680878162384
54,12,8,136,D:\Skripsi\Experiment\data\raw\RGB1\S12\AC8\RGB1_SUB12ACT8F136.jpg,1,1,0.8931775093078613
55,12,8,151,D:\Skripsi\Experiment\data\raw\RGB1\S12\AC8\RGB1_SUB12ACT8F151.jpg,1,1,0.7616351842880249
56,12,8,16,D:\Skripsi\Experiment\data\raw\RGB1\S12\AC8\RGB1_SUB12ACT8F16.jpg,1,1,0.8549492955207825
57,12,8,31,D:\Skripsi\Experiment\data\raw\RGB1\S12\AC8\RGB1_SUB12ACT8F31.jpg,1,1,0.8717173337936401
58,12,8,46,D:\Skripsi\Experiment\data\raw\RGB1\S12\AC8\RGB1_SUB12ACT8F46.jpg,1,1,0.9281671643257141
59,12,8,61,D:\Skripsi\Experiment\data\raw\RGB1\S12\AC8\RGB1_SUB12ACT8F61.jpg,1,1,0.8925725817680359
60,12,8,76,D:\Skripsi\Experiment\data\raw\RGB1\S12\AC8\RGB1_SUB12ACT8F76.jpg,1,1,0.9043481945991516
61,12,8,91,D:\Skripsi\Experiment\data\raw\RGB1\S12\AC8\RGB1_SUB12ACT8F91.jpg,1,1,0.9130298495292664
62,12,9,1,D:\Skripsi\Experiment\data\raw\RGB1\S12\AC9\RGB1_SUB12ACT9F1.jpg,1,1,0.9121351838111877
63,12,9,106,D:\Skripsi\Experiment\data\raw\RGB1\S12\AC9\RGB1_SUB12ACT9F106.jpg,1,1,0.927997887134552
64,12,9,121,D:\Skripsi\Experiment\data\raw\RGB1\S12\AC9\RGB1_SUB12ACT9F121.jpg,1,1,0.8973994255065918
65,12,9,136,D:\Skripsi\Experiment\data\raw\RGB1\S12\AC9\RGB1_SUB12ACT9F136.jpg,1,1,0.888664186000824
66,12,9,151,D:\Skripsi\Experiment\data\raw\RGB1\S12\AC9\RGB1_SUB12ACT9F151.jpg,1,1,0.8572437763214111
67,12,9,16,D:\Skripsi\Experiment\data\raw\RGB1\S12\AC9\RGB1_SUB12ACT9F16.jpg,1,1,0.7969009876251221
68,12,9,166,D:\Skripsi\Experiment\data\raw\RGB1\S12\AC9\RGB1_SUB12ACT9F166.jpg,1,1,0.7578069567680359
69,12,9,31,D:\Skripsi\Experiment\data\raw\RGB1\S12\AC9\RGB1_SUB12ACT9F31.jpg,1,1,0.8695096969604492
70,12,9,46,D:\Skripsi\Experiment\data\raw\RGB1\S12\AC9\RGB1_SUB12ACT9F46.jpg,1,1,0.899651825428009
71,12,9,61,D:\Skripsi\Experiment\data\raw\RGB1\S12\AC9\RGB1_SUB12ACT9F61.jpg,1,1,0.838716447353363
72,12,9,76,D:\Skripsi\Experiment\data\raw\RGB1\S12\AC9\RGB1_SUB12ACT9F76.jpg,1,1,0.811432957649231
73,12,9,91,D:\Skripsi\Experiment\data\raw\RGB1\S12\AC9\RGB1_SUB12ACT9F91.jpg,1,1,0.8517596125602722
74,13,1,1,D:\Skripsi\Experiment\data\raw\RGB1\S13\AC1\RGB1_SUB13ACT1F1.jpg,0,0,0.11837753653526306
75,13,1,106,D:\Skripsi\Experiment\data\raw\RGB1\S13\AC1\RGB1_SUB13ACT1F106.jpg,0,0,0.09283848851919174
76,13,1,121,D:\Skripsi\Experiment\data\raw\RGB1\S13\AC1\RGB1_SUB13ACT1F121.jpg,0,0,0.055122360587120056
77,13,1,16,D:\Skripsi\Experiment\data\raw\RGB1\S13\AC1\RGB1_SUB13ACT1F16.jpg,0,0,0.24464425444602966
78,13,1,31,D:\Skripsi\Experiment\data\raw\RGB1\S13\AC1\RGB1_SUB13ACT1F31.jpg,0,0,0.07326236367225647
79,13,1,46,D:\Skripsi\Experiment\data\raw\RGB1\S13\AC1\RGB1_SUB13ACT1F46.jpg,0,0,0.021826403215527534
80,13,1,61,D:\Skripsi\Experiment\data\raw\RGB1\S13\AC1\RGB1_SUB13ACT1F61.jpg,0,0,0.09428402036428452
81,13,1,76,D:\Skripsi\Experiment\data\raw\RGB1\S13\AC1\RGB1_SUB13ACT1F76.jpg,0,0,0.04858208820223808
82,13,1,91,D:\Skripsi\Experiment\data\raw\RGB1\S13\AC1\RGB1_SUB13ACT1F91.jpg,0,0,0.04820750281214714
83,13,5,1,D:\Skripsi\Experiment\data\raw\RGB1\S13\AC5\RGB1_SUB13ACT5F1.jpg,1,1,0.8743174076080322
84,13,5,106,D:\Skripsi\Experiment\data\raw\RGB1\S13\AC5\RGB1_SUB13ACT5F106.jpg,1,1,0.9125033020973206
85,13,5,121,D:\Skripsi\Experiment\data\raw\RGB1\S13\AC5\RGB1_SUB13ACT5F121.jpg,1,1,0.8587300777435303
86,13,5,16,D:\Skripsi\Experiment\data\raw\RGB1\S13\AC5\RGB1_SUB13ACT5F16.jpg,1,1,0.7912872433662415
87,13,5,31,D:\Skripsi\Experiment\data\raw\RGB1\S13\AC5\RGB1_SUB13ACT5F31.jpg,1,1,0.8368661403656006
88,13,5,46,D:\Skripsi\Experiment\data\raw\RGB1\S13\AC5\RGB1_SUB13ACT5F46.jpg,1,1,0.8260920643806458
89,13,5,61,D:\Skripsi\Experiment\data\raw\RGB1\S13\AC5\RGB1_SUB13ACT5F61.jpg,1,1,0.8549317121505737
90,13,5,76,D:\Skripsi\Experiment\data\raw\RGB1\S13\AC5\RGB1_SUB13ACT5F76.jpg,1,1,0.91867995262146
91,13,5,91,D:\Skripsi\Experiment\data\raw\RGB1\S13\AC5\RGB1_SUB13ACT5F91.jpg,1,1,0.9408548474311829
92,13,6,1,D:\Skripsi\Experiment\data\raw\RGB1\S13\AC6\RGB1_SUB13ACT6F1.jpg,1,1,0.801210880279541
93,13,6,106,D:\Skripsi\Experiment\data\raw\RGB1\S13\AC6\RGB1_SUB13ACT6F106.jpg,1,1,0.6051807999610901
94,13,6,16,D:\Skripsi\Experiment\data\raw\RGB1\S13\AC6\RGB1_SUB13ACT6F16.jpg,1,1,0.8171064257621765
95,13,6,31,D:\Skripsi\Experiment\data\raw\RGB1\S13\AC6\RGB1_SUB13ACT6F31.jpg,1,1,0.8206663727760315
96,13,6,46,D:\Skripsi\Experiment\data\raw\RGB1\S13\AC6\RGB1_SUB13ACT6F46.jpg,1,1,0.9388088583946228
97,13,6,61,D:\Skripsi\Experiment\data\raw\RGB1\S13\AC6\RGB1_SUB13ACT6F61.jpg,1,1,0.9016794562339783
98,13,6,76,D:\Skripsi\Experiment\data\raw\RGB1\S13\AC6\RGB1_SUB13ACT6F76.jpg,1,1,0.8399978876113892
99,13,6,91,D:\Skripsi\Experiment\data\raw\RGB1\S13\AC6\RGB1_SUB13ACT6F91.jpg,1,1,0.863778829574585
100,13,7,1,D:\Skripsi\Experiment\data\raw\RGB1\S13\AC7\RGB1_SUB13ACT7F1.jpg,1,1,0.8031712174415588
101,13,7,106,D:\Skripsi\Experiment\data\raw\RGB1\S13\AC7\RGB1_SUB13ACT7F106.jpg,1,1,0.8616072535514832
102,13,7,121,D:\Skripsi\Experiment\data\raw\RGB1\S13\AC7\RGB1_SUB13ACT7F121.jpg,1,1,0.8206527233123779
103,13,7,136,D:\Skripsi\Experiment\data\raw\RGB1\S13\AC7\RGB1_SUB13ACT7F136.jpg,1,1,0.8804043531417847
104,13,7,16,D:\Skripsi\Experiment\data\raw\RGB1\S13\AC7\RGB1_SUB13ACT7F16.jpg,1,1,0.7585657238960266
105,13,7,31,D:\Skripsi\Experiment\data\raw\RGB1\S13\AC7\RGB1_SUB13ACT7F31.jpg,1,1,0.8972681164741516
106,13,7,46,D:\Skripsi\Experiment\data\raw\RGB1\S13\AC7\RGB1_SUB13ACT7F46.jpg,1,1,0.8240281343460083
107,13,7,61,D:\Skripsi\Experiment\data\raw\RGB1\S13\AC7\RGB1_SUB13ACT7F61.jpg,1,1,0.9156369566917419
108,13,7,76,D:\Skripsi\Experiment\data\raw\RGB1\S13\AC7\RGB1_SUB13ACT7F76.jpg,1,1,0.8607925176620483
109,13,7,91,D:\Skripsi\Experiment\data\raw\RGB1\S13\AC7\RGB1_SUB13ACT7F91.jpg,1,1,0.8267219066619873
110,13,8,1,D:\Skripsi\Experiment\data\raw\RGB1\S13\AC8\RGB1_SUB13ACT8F1.jpg,1,1,0.9124947190284729
111,13,8,106,D:\Skripsi\Experiment\data\raw\RGB1\S13\AC8\RGB1_SUB13ACT8F106.jpg,1,1,0.8534442782402039
112,13,8,121,D:\Skripsi\Experiment\data\raw\RGB1\S13\AC8\RGB1_SUB13ACT8F121.jpg,1,1,0.8219261765480042
113,13,8,136,D:\Skripsi\Experiment\data\raw\RGB1\S13\AC8\RGB1_SUB13ACT8F136.jpg,1,1,0.8332116007804871
114,13,8,16,D:\Skripsi\Experiment\data\raw\RGB1\S13\AC8\RGB1_SUB13ACT8F16.jpg,1,1,0.7602691054344177
115,13,8,31,D:\Skripsi\Experiment\data\raw\RGB1\S13\AC8\RGB1_SUB13ACT8F31.jpg,1,1,0.9041953086853027
116,13,8,46,D:\Skripsi\Experiment\data\raw\RGB1\S13\AC8\RGB1_SUB13ACT8F46.jpg,1,1,0.8230481743812561
117,13,8,61,D:\Skripsi\Experiment\data\raw\RGB1\S13\AC8\RGB1_SUB13ACT8F61.jpg,1,1,0.7269498109817505
118,13,8,76,D:\Skripsi\Experiment\data\raw\RGB1\S13\AC8\RGB1_SUB13ACT8F76.jpg,1,1,0.7631152272224426
119,13,8,91,D:\Skripsi\Experiment\data\raw\RGB1\S13\AC8\RGB1_SUB13ACT8F91.jpg,1,1,0.6779158711433411
120,13,9,1,D:\Skripsi\Experiment\data\raw\RGB1\S13\AC9\RGB1_SUB13ACT9F1.jpg,1,1,0.5848254561424255
121,13,9,106,D:\Skripsi\Experiment\data\raw\RGB1\S13\AC9\RGB1_SUB13ACT9F106.jpg,1,1,0.8153632283210754
122,13,9,121,D:\Skripsi\Experiment\data\raw\RGB1\S13\AC9\RGB1_SUB13ACT9F121.jpg,1,1,0.8420765995979309
123,13,9,136,D:\Skripsi\Experiment\data\raw\RGB1\S13\AC9\RGB1_SUB13ACT9F136.jpg,1,1,0.815499484539032
124,13,9,151,D:\Skripsi\Experiment\data\raw\RGB1\S13\AC9\RGB1_SUB13ACT9F151.jpg,1,1,0.8578081727027893
125,13,9,16,D:\Skripsi\Experiment\data\raw\RGB1\S13\AC9\RGB1_SUB13ACT9F16.jpg,1,1,0.6467760801315308
126,13,9,166,D:\Skripsi\Experiment\data\raw\RGB1\S13\AC9\RGB1_SUB13ACT9F166.jpg,1,1,0.7948380708694458
127,13,9,181,D:\Skripsi\Experiment\data\raw\RGB1\S13\AC9\RGB1_SUB13ACT9F181.jpg,1,1,0.8710389137268066
128,13,9,31,D:\Skripsi\Experiment\data\raw\RGB1\S13\AC9\RGB1_SUB13ACT9F31.jpg,1,1,0.8706142902374268
129,13,9,46,D:\Skripsi\Experiment\data\raw\RGB1\S13\AC9\RGB1_SUB13ACT9F46.jpg,1,1,0.8394700884819031
130,13,9,61,D:\Skripsi\Experiment\data\raw\RGB1\S13\AC9\RGB1_SUB13ACT9F61.jpg,1,1,0.8497981429100037
131,13,9,76,D:\Skripsi\Experiment\data\raw\RGB1\S13\AC9\RGB1_SUB13ACT9F76.jpg,1,1,0.9583860039710999
132,13,9,91,D:\Skripsi\Experiment\data\raw\RGB1\S13\AC9\RGB1_SUB13ACT9F91.jpg,1,1,0.8856894373893738
133,14,1,1,D:\Skripsi\Experiment\data\raw\RGB1\S14\AC1\RGB1_SUB14ACT1F1.jpg,0,0,0.030380118638277054
134,14,1,106,D:\Skripsi\Experiment\data\raw\RGB1\S14\AC1\RGB1_SUB14ACT1F106.jpg,0,0,0.02407980151474476
135,14,1,16,D:\Skripsi\Experiment\data\raw\RGB1\S14\AC1\RGB1_SUB14ACT1F16.jpg,0,0,0.04214182123541832
136,14,1,31,D:\Skripsi\Experiment\data\raw\RGB1\S14\AC1\RGB1_SUB14ACT1F31.jpg,0,0,0.004963940940797329
137,14,1,46,D:\Skripsi\Experiment\data\raw\RGB1\S14\AC1\RGB1_SUB14ACT1F46.jpg,0,0,0.015581795945763588
138,14,1,61,D:\Skripsi\Experiment\data\raw\RGB1\S14\AC1\RGB1_SUB14ACT1F61.jpg,0,0,0.048096153885126114
139,14,1,76,D:\Skripsi\Experiment\data\raw\RGB1\S14\AC1\RGB1_SUB14ACT1F76.jpg,0,0,0.02953415736556053
140,14,1,91,D:\Skripsi\Experiment\data\raw\RGB1\S14\AC1\RGB1_SUB14ACT1F91.jpg,0,0,0.05859530344605446
141,14,5,1,D:\Skripsi\Experiment\data\raw\RGB1\S14\AC5\RGB1_SUB14ACT5F1.jpg,1,1,0.6735978126525879
142,14,5,106,D:\Skripsi\Experiment\data\raw\RGB1\S14\AC5\RGB1_SUB14ACT5F106.jpg,1,1,0.8588020205497742
143,14,5,121,D:\Skripsi\Experiment\data\raw\RGB1\S14\AC5\RGB1_SUB14ACT5F121.jpg,1,1,0.8979796767234802
144,14,5,16,D:\Skripsi\Experiment\data\raw\RGB1\S14\AC5\RGB1_SUB14ACT5F16.jpg,1,1,0.8690503239631653
145,14,5,31,D:\Skripsi\Experiment\data\raw\RGB1\S14\AC5\RGB1_SUB14ACT5F31.jpg,1,1,0.8575441837310791
146,14,5,46,D:\Skripsi\Experiment\data\raw\RGB1\S14\AC5\RGB1_SUB14ACT5F46.jpg,1,1,0.8458353281021118
147,14,5,61,D:\Skripsi\Experiment\data\raw\RGB1\S14\AC5\RGB1_SUB14ACT5F61.jpg,1,1,0.8817707896232605
148,14,5,76,D:\Skripsi\Experiment\data\raw\RGB1\S14\AC5\RGB1_SUB14ACT5F76.jpg,1,1,0.8988645076751709
149,14,5,91,D:\Skripsi\Experiment\data\raw\RGB1\S14\AC5\RGB1_SUB14ACT5F91.jpg,1,1,0.9452655911445618
150,14,6,1,D:\Skripsi\Experiment\data\raw\RGB1\S14\AC6\RGB1_SUB14ACT6F1.jpg,1,1,0.755927562713623
151,14,6,106,D:\Skripsi\Experiment\data\raw\RGB1\S14\AC6\RGB1_SUB14ACT6F106.jpg,1,1,0.8321248292922974
152,14,6,16,D:\Skripsi\Experiment\data\raw\RGB1\S14\AC6\RGB1_SUB14ACT6F16.jpg,1,1,0.6253534555435181
153,14,6,31,D:\Skripsi\Experiment\data\raw\RGB1\S14\AC6\RGB1_SUB14ACT6F31.jpg,1,1,0.7807462811470032
154,14,6,46,D:\Skripsi\Experiment\data\raw\RGB1\S14\AC6\RGB1_SUB14ACT6F46.jpg,1,1,0.6277257204055786
155,14,6,61,D:\Skripsi\Experiment\data\raw\RGB1\S14\AC6\RGB1_SUB14ACT6F61.jpg,1,1,0.7640467286109924
156,14,6,76,D:\Skripsi\Experiment\data\raw\RGB1\S14\AC6\RGB1_SUB14ACT6F76.jpg,1,1,0.8541771173477173
157,14,6,91,D:\Skripsi\Experiment\data\raw\RGB1\S14\AC6\RGB1_SUB14ACT6F91.jpg,1,1,0.833284318447113
158,14,7,1,D:\Skripsi\Experiment\data\raw\RGB1\S14\AC7\RGB1_SUB14ACT7F1.jpg,1,1,0.6294506788253784
159,14,7,106,D:\Skripsi\Experiment\data\raw\RGB1\S14\AC7\RGB1_SUB14ACT7F106.jpg,1,1,0.9181590676307678
160,14,7,16,D:\Skripsi\Experiment\data\raw\RGB1\S14\AC7\RGB1_SUB14ACT7F16.jpg,1,1,0.8514022827148438
161,14,7,31,D:\Skripsi\Experiment\data\raw\RGB1\S14\AC7\RGB1_SUB14ACT7F31.jpg,1,1,0.906973123550415
162,14,7,46,D:\Skripsi\Experiment\data\raw\RGB1\S14\AC7\RGB1_SUB14ACT7F46.jpg,1,1,0.8828545808792114
163,14,7,61,D:\Skripsi\Experiment\data\raw\RGB1\S14\AC7\RGB1_SUB14ACT7F61.jpg,1,1,0.8348144292831421
164,14,7,76,D:\Skripsi\Experiment\data\raw\RGB1\S14\AC7\RGB1_SUB14ACT7F76.jpg,1,1,0.9242650866508484
165,14,7,91,D:\Skripsi\Experiment\data\raw\RGB1\S14\AC7\RGB1_SUB14ACT7F91.jpg,1,1,0.8937044143676758
166,14,8,1,D:\Skripsi\Experiment\data\raw\RGB1\S14\AC8\RGB1_SUB14ACT8F1.jpg,1,1,0.5601598024368286
167,14,8,106,D:\Skripsi\Experiment\data\raw\RGB1\S14\AC8\RGB1_SUB14ACT8F106.jpg,1,1,0.7627781629562378
168,14,8,121,D:\Skripsi\Experiment\data\raw\RGB1\S14\AC8\RGB1_SUB14ACT8F121.jpg,1,1,0.8939927220344543
169,14,8,136,D:\Skripsi\Experiment\data\raw\RGB1\S14\AC8\RGB1_SUB14ACT8F136.jpg,1,1,0.8499149680137634
170,14,8,16,D:\Skripsi\Experiment\data\raw\RGB1\S14\AC8\RGB1_SUB14ACT8F16.jpg,1,1,0.8464412689208984
171,14,8,31,D:\Skripsi\Experiment\data\raw\RGB1\S14\AC8\RGB1_SUB14ACT8F31.jpg,1,1,0.9382522106170654
172,14,8,46,D:\Skripsi\Experiment\data\raw\RGB1\S14\AC8\RGB1_SUB14ACT8F46.jpg,1,1,0.8860989809036255
173,14,8,61,D:\Skripsi\Experiment\data\raw\RGB1\S14\AC8\RGB1_SUB14ACT8F61.jpg,1,1,0.9114559888839722
174,14,8,76,D:\Skripsi\Experiment\data\raw\RGB1\S14\AC8\RGB1_SUB14ACT8F76.jpg,1,1,0.8581075668334961
175,14,8,91,D:\Skripsi\Experiment\data\raw\RGB1\S14\AC8\RGB1_SUB14ACT8F91.jpg,1,1,0.8588665723800659
176,14,9,1,D:\Skripsi\Experiment\data\raw\RGB1\S14\AC9\RGB1_SUB14ACT9F1.jpg,1,1,0.6938672065734863
177,14,9,106,D:\Skripsi\Experiment\data\raw\RGB1\S14\AC9\RGB1_SUB14ACT9F106.jpg,1,1,0.9331505298614502
178,14,9,121,D:\Skripsi\Experiment\data\raw\RGB1\S14\AC9\RGB1_SUB14ACT9F121.jpg,1,1,0.8801260590553284
179,14,9,136,D:\Skripsi\Experiment\data\raw\RGB1\S14\AC9\RGB1_SUB14ACT9F136.jpg,1,1,0.9335461854934692
180,14,9,16,D:\Skripsi\Experiment\data\raw\RGB1\S14\AC9\RGB1_SUB14ACT9F16.jpg,1,1,0.8254198431968689
181,14,9,31,D:\Skripsi\Experiment\data\raw\RGB1\S14\AC9\RGB1_SUB14ACT9F31.jpg,1,1,0.9220702648162842
182,14,9,46,D:\Skripsi\Experiment\data\raw\RGB1\S14\AC9\RGB1_SUB14ACT9F46.jpg,1,1,0.9286268949508667
183,14,9,61,D:\Skripsi\Experiment\data\raw\RGB1\S14\AC9\RGB1_SUB14ACT9F61.jpg,1,1,0.8211297392845154
184,14,9,76,D:\Skripsi\Experiment\data\raw\RGB1\S14\AC9\RGB1_SUB14ACT9F76.jpg,1,1,0.888264000415802
185,14,9,91,D:\Skripsi\Experiment\data\raw\RGB1\S14\AC9\RGB1_SUB14ACT9F91.jpg,1,1,0.958230197429657
186,16,1,1,D:\Skripsi\Experiment\data\raw\RGB1\S16\AC1\RGB1_SUB16ACT1F1.jpg,0,0,0.031576815992593765
187,16,1,106,D:\Skripsi\Experiment\data\raw\RGB1\S16\AC1\RGB1_SUB16ACT1F106.jpg,0,0,0.026060011237859726
188,16,1,121,D:\Skripsi\Experiment\data\raw\RGB1\S16\AC1\RGB1_SUB16ACT1F121.jpg,0,0,0.10055503994226456
189,16,1,16,D:\Skripsi\Experiment\data\raw\RGB1\S16\AC1\RGB1_SUB16ACT1F16.jpg,0,0,0.006655749399214983
190,16,1,31,D:\Skripsi\Experiment\data\raw\RGB1\S16\AC1\RGB1_SUB16ACT1F31.jpg,0,0,0.01207913737744093
191,16,1,46,D:\Skripsi\Experiment\data\raw\RGB1\S16\AC1\RGB1_SUB16ACT1F46.jpg,0,0,0.010915865190327168
192,16,1,61,D:\Skripsi\Experiment\data\raw\RGB1\S16\AC1\RGB1_SUB16ACT1F61.jpg,0,0,0.010996916331350803
193,16,1,76,D:\Skripsi\Experiment\data\raw\RGB1\S16\AC1\RGB1_SUB16ACT1F76.jpg,0,0,0.05593232065439224
194,16,1,91,D:\Skripsi\Experiment\data\raw\RGB1\S16\AC1\RGB1_SUB16ACT1F91.jpg,0,0,0.012280995957553387
195,16,5,1,D:\Skripsi\Experiment\data\raw\RGB1\S16\AC5\RGB1_SUB16ACT5F1.jpg,1,1,0.7359329462051392
196,16,5,106,D:\Skripsi\Experiment\data\raw\RGB1\S16\AC5\RGB1_SUB16ACT5F106.jpg,1,1,0.8581809997558594
197,16,5,16,D:\Skripsi\Experiment\data\raw\RGB1\S16\AC5\RGB1_SUB16ACT5F16.jpg,1,1,0.8992187976837158
198,16,5,31,D:\Skripsi\Experiment\data\raw\RGB1\S16\AC5\RGB1_SUB16ACT5F31.jpg,1,1,0.8437557816505432
199,16,5,46,D:\Skripsi\Experiment\data\raw\RGB1\S16\AC5\RGB1_SUB16ACT5F46.jpg,1,1,0.8692747950553894
200,16,5,61,D:\Skripsi\Experiment\data\raw\RGB1\S16\AC5\RGB1_SUB16ACT5F61.jpg,1,1,0.9321846961975098
201,16,5,76,D:\Skripsi\Experiment\data\raw\RGB1\S16\AC5\RGB1_SUB16ACT5F76.jpg,1,1,0.8275871872901917
202,16,5,91,D:\Skripsi\Experiment\data\raw\RGB1\S16\AC5\RGB1_SUB16ACT5F91.jpg,1,1,0.8093985319137573
203,16,6,1,D:\Skripsi\Experiment\data\raw\RGB1\S16\AC6\RGB1_SUB16ACT6F1.jpg,1,1,0.8891326189041138
204,16,6,106,D:\Skripsi\Experiment\data\raw\RGB1\S16\AC6\RGB1_SUB16ACT6F106.jpg,1,1,0.9373533725738525
205,16,6,16,D:\Skripsi\Experiment\data\raw\RGB1\S16\AC6\RGB1_SUB16ACT6F16.jpg,1,1,0.8910146355628967
206,16,6,31,D:\Skripsi\Experiment\data\raw\RGB1\S16\AC6\RGB1_SUB16ACT6F31.jpg,1,1,0.8920130729675293
207,16,6,46,D:\Skripsi\Experiment\data\raw\RGB1\S16\AC6\RGB1_SUB16ACT6F46.jpg,1,1,0.9195623993873596
208,16,6,61,D:\Skripsi\Experiment\data\raw\RGB1\S16\AC6\RGB1_SUB16ACT6F61.jpg,1,1,0.894087016582489
209,16,6,76,D:\Skripsi\Experiment\data\raw\RGB1\S16\AC6\RGB1_SUB16ACT6F76.jpg,1,1,0.8937758207321167
210,16,6,91,D:\Skripsi\Experiment\data\raw\RGB1\S16\AC6\RGB1_SUB16ACT6F91.jpg,1,1,0.8041439056396484
211,16,7,1,D:\Skripsi\Experiment\data\raw\RGB1\S16\AC7\RGB1_SUB16ACT7F1.jpg,1,1,0.8790611624717712
212,16,7,106,D:\Skripsi\Experiment\data\raw\RGB1\S16\AC7\RGB1_SUB16ACT7F106.jpg,1,1,0.871488630771637
213,16,7,121,D:\Skripsi\Experiment\data\raw\RGB1\S16\AC7\RGB1_SUB16ACT7F121.jpg,1,1,0.8780704140663147
214,16,7,16,D:\Skripsi\Experiment\data\raw\RGB1\S16\AC7\RGB1_SUB16ACT7F16.jpg,1,1,0.8031444549560547
215,16,7,31,D:\Skripsi\Experiment\data\raw\RGB1\S16\AC7\RGB1_SUB16ACT7F31.jpg,1,1,0.8389291167259216
216,16,7,46,D:\Skripsi\Experiment\data\raw\RGB1\S16\AC7\RGB1_SUB16ACT7F46.jpg,1,1,0.88045334815979
217,16,7,61,D:\Skripsi\Experiment\data\raw\RGB1\S16\AC7\RGB1_SUB16ACT7F61.jpg,1,1,0.8367869853973389
218,16,7,76,D:\Skripsi\Experiment\data\raw\RGB1\S16\AC7\RGB1_SUB16ACT7F76.jpg,1,1,0.90528404712677
219,16,7,91,D:\Skripsi\Experiment\data\raw\RGB1\S16\AC7\RGB1_SUB16ACT7F91.jpg,1,1,0.8812812566757202
220,16,8,1,D:\Skripsi\Experiment\data\raw\RGB1\S16\AC8\RGB1_SUB16ACT8F1.jpg,1,1,0.6953644156455994
221,16,8,106,D:\Skripsi\Experiment\data\raw\RGB1\S16\AC8\RGB1_SUB16ACT8F106.jpg,1,1,0.8474920988082886
222,16,8,121,D:\Skripsi\Experiment\data\raw\RGB1\S16\AC8\RGB1_SUB16ACT8F121.jpg,1,1,0.8821109533309937
223,16,8,16,D:\Skripsi\Experiment\data\raw\RGB1\S16\AC8\RGB1_SUB16ACT8F16.jpg,1,1,0.7937120795249939
224,16,8,31,D:\Skripsi\Experiment\data\raw\RGB1\S16\AC8\RGB1_SUB16ACT8F31.jpg,1,1,0.8239809274673462
225,16,8,46,D:\Skripsi\Experiment\data\raw\RGB1\S16\AC8\RGB1_SUB16ACT8F46.jpg,1,1,0.8115027546882629
226,16,8,61,D:\Skripsi\Experiment\data\raw\RGB1\S16\AC8\RGB1_SUB16ACT8F61.jpg,1,1,0.8500015139579773
227,16,8,76,D:\Skripsi\Experiment\data\raw\RGB1\S16\AC8\RGB1_SUB16ACT8F76.jpg,1,1,0.8676921129226685
228,16,8,91,D:\Skripsi\Experiment\data\raw\RGB1\S16\AC8\RGB1_SUB16ACT8F91.jpg,1,1,0.7758187651634216
229,16,9,1,D:\Skripsi\Experiment\data\raw\RGB1\S16\AC9\RGB1_SUB16ACT9F1.jpg,1,1,0.6359013319015503
230,16,9,106,D:\Skripsi\Experiment\data\raw\RGB1\S16\AC9\RGB1_SUB16ACT9F106.jpg,1,1,0.8976263403892517
231,16,9,121,D:\Skripsi\Experiment\data\raw\RGB1\S16\AC9\RGB1_SUB16ACT9F121.jpg,1,1,0.8967840671539307
232,16,9,16,D:\Skripsi\Experiment\data\raw\RGB1\S16\AC9\RGB1_SUB16ACT9F16.jpg,1,1,0.552699625492096
233,16,9,31,D:\Skripsi\Experiment\data\raw\RGB1\S16\AC9\RGB1_SUB16ACT9F31.jpg,1,1,0.6814523935317993
234,16,9,46,D:\Skripsi\Experiment\data\raw\RGB1\S16\AC9\RGB1_SUB16ACT9F46.jpg,1,1,0.7238770127296448
235,16,9,61,D:\Skripsi\Experiment\data\raw\RGB1\S16\AC9\RGB1_SUB16ACT9F61.jpg,1,1,0.6486809253692627
236,16,9,76,D:\Skripsi\Experiment\data\raw\RGB1\S16\AC9\RGB1_SUB16ACT9F76.jpg,1,1,0.6304635405540466
237,16,9,91,D:\Skripsi\Experiment\data\raw\RGB1\S16\AC9\RGB1_SUB16ACT9F91.jpg,1,1,0.8056433200836182
238,18,1,1,D:\Skripsi\Experiment\data\raw\RGB1\S18\AC1\RGB1_SUB18ACT1F1.jpg,0,0,0.022371558472514153
239,18,1,106,D:\Skripsi\Experiment\data\raw\RGB1\S18\AC1\RGB1_SUB18ACT1F106.jpg,0,0,0.01735728234052658
240,18,1,121,D:\Skripsi\Experiment\data\raw\RGB1\S18\AC1\RGB1_SUB18ACT1F121.jpg,0,0,0.046781763434410095
241,18,1,136,D:\Skripsi\Experiment\data\raw\RGB1\S18\AC1\RGB1_SUB18ACT1F136.jpg,0,0,0.015257567167282104
242,18,1,16,D:\Skripsi\Experiment\data\raw\RGB1\S18\AC1\RGB1_SUB18ACT1F16.jpg,0,0,0.0026543037965893745
243,18,1,31,D:\Skripsi\Experiment\data\raw\RGB1\S18\AC1\RGB1_SUB18ACT1F31.jpg,0,0,0.0018259186763316393
244,18,1,46,D:\Skripsi\Experiment\data\raw\RGB1\S18\AC1\RGB1_SUB18ACT1F46.jpg,0,0,0.004682773724198341
245,18,1,61,D:\Skripsi\Experiment\data\raw\RGB1\S18\AC1\RGB1_SUB18ACT1F61.jpg,0,0,0.0049431961961090565
246,18,1,76,D:\Skripsi\Experiment\data\raw\RGB1\S18\AC1\RGB1_SUB18ACT1F76.jpg,0,0,0.006478219758719206
247,18,1,91,D:\Skripsi\Experiment\data\raw\RGB1\S18\AC1\RGB1_SUB18ACT1F91.jpg,0,0,0.0031568065751343966
248,18,5,1,D:\Skripsi\Experiment\data\raw\RGB1\S18\AC5\RGB1_SUB18ACT5F1.jpg,1,1,0.7541123032569885
249,18,5,106,D:\Skripsi\Experiment\data\raw\RGB1\S18\AC5\RGB1_SUB18ACT5F106.jpg,1,1,0.938595175743103
250,18,5,121,D:\Skripsi\Experiment\data\raw\RGB1\S18\AC5\RGB1_SUB18ACT5F121.jpg,1,1,0.8667442202568054
251,18,5,136,D:\Skripsi\Experiment\data\raw\RGB1\S18\AC5\RGB1_SUB18ACT5F136.jpg,1,1,0.9152728319168091
252,18,5,151,D:\Skripsi\Experiment\data\raw\RGB1\S18\AC5\RGB1_SUB18ACT5F151.jpg,1,1,0.8451750874519348
253,18,5,16,D:\Skripsi\Experiment\data\raw\RGB1\S18\AC5\RGB1_SUB18ACT5F16.jpg,1,1,0.8642709851264954
254,18,5,31,D:\Skripsi\Experiment\data\raw\RGB1\S18\AC5\RGB1_SUB18ACT5F31.jpg,1,1,0.8891918063163757
255,18,5,46,D:\Skripsi\Experiment\data\raw\RGB1\S18\AC5\RGB1_SUB18ACT5F46.jpg,1,1,0.8423571586608887
256,18,5,61,D:\Skripsi\Experiment\data\raw\RGB1\S18\AC5\RGB1_SUB18ACT5F61.jpg,1,1,0.8596211075782776
257,18,5,76,D:\Skripsi\Experiment\data\raw\RGB1\S18\AC5\RGB1_SUB18ACT5F76.jpg,1,1,0.9388137459754944
258,18,5,91,D:\Skripsi\Experiment\data\raw\RGB1\S18\AC5\RGB1_SUB18ACT5F91.jpg,1,1,0.888264000415802
259,18,6,1,D:\Skripsi\Experiment\data\raw\RGB1\S18\AC6\RGB1_SUB18ACT6F1.jpg,1,1,0.8366901874542236
260,18,6,106,D:\Skripsi\Experiment\data\raw\RGB1\S18\AC6\RGB1_SUB18ACT6F106.jpg,1,1,0.8610904812812805
261,18,6,121,D:\Skripsi\Experiment\data\raw\RGB1\S18\AC6\RGB1_SUB18ACT6F121.jpg,1,1,0.739668607711792
262,18,6,136,D:\Skripsi\Experiment\data\raw\RGB1\S18\AC6\RGB1_SUB18ACT6F136.jpg,1,1,0.8354684710502625
263,18,6,151,D:\Skripsi\Experiment\data\raw\RGB1\S18\AC6\RGB1_SUB18ACT6F151.jpg,1,1,0.8526611328125
264,18,6,16,D:\Skripsi\Experiment\data\raw\RGB1\S18\AC6\RGB1_SUB18ACT6F16.jpg,1,1,0.8566302061080933
265,18,6,31,D:\Skripsi\Experiment\data\raw\RGB1\S18\AC6\RGB1_SUB18ACT6F31.jpg,1,1,0.8146096467971802
266,18,6,46,D:\Skripsi\Experiment\data\raw\RGB1\S18\AC6\RGB1_SUB18ACT6F46.jpg,1,1,0.9031636118888855
267,18,6,61,D:\Skripsi\Experiment\data\raw\RGB1\S18\AC6\RGB1_SUB18ACT6F61.jpg,1,1,0.8430306911468506
268,18,6,76,D:\Skripsi\Experiment\data\raw\RGB1\S18\AC6\RGB1_SUB18ACT6F76.jpg,1,1,0.857092022895813
269,18,6,91,D:\Skripsi\Experiment\data\raw\RGB1\S18\AC6\RGB1_SUB18ACT6F91.jpg,1,1,0.8553791046142578
270,18,7,1,D:\Skripsi\Experiment\data\raw\RGB1\S18\AC7\RGB1_SUB18ACT7F1.jpg,1,1,0.8180338740348816
271,18,7,106,D:\Skripsi\Experiment\data\raw\RGB1\S18\AC7\RGB1_SUB18ACT7F106.jpg,1,1,0.8765712380409241
272,18,7,121,D:\Skripsi\Experiment\data\raw\RGB1\S18\AC7\RGB1_SUB18ACT7F121.jpg,1,1,0.865347146987915
273,18,7,136,D:\Skripsi\Experiment\data\raw\RGB1\S18\AC7\RGB1_SUB18ACT7F136.jpg,1,1,0.8936682343482971
274,18,7,151,D:\Skripsi\Experiment\data\raw\RGB1\S18\AC7\RGB1_SUB18ACT7F151.jpg,1,1,0.8140255212783813
275,18,7,16,D:\Skripsi\Experiment\data\raw\RGB1\S18\AC7\RGB1_SUB18ACT7F16.jpg,1,1,0.8194764256477356
276,18,7,166,D:\Skripsi\Experiment\data\raw\RGB1\S18\AC7\RGB1_SUB18ACT7F166.jpg,1,1,0.9167441725730896
277,18,7,181,D:\Skripsi\Experiment\data\raw\RGB1\S18\AC7\RGB1_SUB18ACT7F181.jpg,1,1,0.8988574743270874
278,18,7,31,D:\Skripsi\Experiment\data\raw\RGB1\S18\AC7\RGB1_SUB18ACT7F31.jpg,1,1,0.8443822264671326
279,18,7,46,D:\Skripsi\Experiment\data\raw\RGB1\S18\AC7\RGB1_SUB18ACT7F46.jpg,1,1,0.8065745830535889
280,18,7,61,D:\Skripsi\Experiment\data\raw\RGB1\S18\AC7\RGB1_SUB18ACT7F61.jpg,1,1,0.8508976697921753
281,18,7,76,D:\Skripsi\Experiment\data\raw\RGB1\S18\AC7\RGB1_SUB18ACT7F76.jpg,1,1,0.8131207823753357
282,18,7,91,D:\Skripsi\Experiment\data\raw\RGB1\S18\AC7\RGB1_SUB18ACT7F91.jpg,1,1,0.8951741456985474
283,18,8,1,D:\Skripsi\Experiment\data\raw\RGB1\S18\AC8\RGB1_SUB18ACT8F1.jpg,1,1,0.777520477771759
284,18,8,106,D:\Skripsi\Experiment\data\raw\RGB1\S18\AC8\RGB1_SUB18ACT8F106.jpg,1,1,0.8259100317955017
285,18,8,121,D:\Skripsi\Experiment\data\raw\RGB1\S18\AC8\RGB1_SUB18ACT8F121.jpg,1,1,0.9179710149765015
286,18,8,136,D:\Skripsi\Experiment\data\raw\RGB1\S18\AC8\RGB1_SUB18ACT8F136.jpg,1,1,0.7948961853981018
287,18,8,151,D:\Skripsi\Experiment\data\raw\RGB1\S18\AC8\RGB1_SUB18ACT8F151.jpg,1,1,0.9317643046379089
288,18,8,16,D:\Skripsi\Experiment\data\raw\RGB1\S18\AC8\RGB1_SUB18ACT8F16.jpg,1,1,0.9007152318954468
289,18,8,166,D:\Skripsi\Experiment\data\raw\RGB1\S18\AC8\RGB1_SUB18ACT8F166.jpg,1,1,0.8244313597679138
290,18,8,181,D:\Skripsi\Experiment\data\raw\RGB1\S18\AC8\RGB1_SUB18ACT8F181.jpg,1,1,0.6826565265655518
291,18,8,196,D:\Skripsi\Experiment\data\raw\RGB1\S18\AC8\RGB1_SUB18ACT8F196.jpg,1,1,0.9099152684211731
292,18,8,211,D:\Skripsi\Experiment\data\raw\RGB1\S18\AC8\RGB1_SUB18ACT8F211.jpg,1,1,0.8206925392150879
293,18,8,31,D:\Skripsi\Experiment\data\raw\RGB1\S18\AC8\RGB1_SUB18ACT8F31.jpg,1,1,0.8924164772033691
294,18,8,46,D:\Skripsi\Experiment\data\raw\RGB1\S18\AC8\RGB1_SUB18ACT8F46.jpg,1,1,0.84357088804245
295,18,8,61,D:\Skripsi\Experiment\data\raw\RGB1\S18\AC8\RGB1_SUB18ACT8F61.jpg,1,1,0.8687614798545837
296,18,8,76,D:\Skripsi\Experiment\data\raw\RGB1\S18\AC8\RGB1_SUB18ACT8F76.jpg,1,1,0.7866318225860596
297,18,8,91,D:\Skripsi\Experiment\data\raw\RGB1\S18\AC8\RGB1_SUB18ACT8F91.jpg,1,1,0.8545922040939331
298,18,9,1,D:\Skripsi\Experiment\data\raw\RGB1\S18\AC9\RGB1_SUB18ACT9F1.jpg,1,1,0.6457142233848572
299,18,9,106,D:\Skripsi\Experiment\data\raw\RGB1\S18\AC9\RGB1_SUB18ACT9F106.jpg,1,1,0.9179511070251465
300,18,9,121,D:\Skripsi\Experiment\data\raw\RGB1\S18\AC9\RGB1_SUB18ACT9F121.jpg,1,1,0.7688215970993042
301,18,9,136,D:\Skripsi\Experiment\data\raw\RGB1\S18\AC9\RGB1_SUB18ACT9F136.jpg,1,1,0.8236066699028015
302,18,9,151,D:\Skripsi\Experiment\data\raw\RGB1\S18\AC9\RGB1_SUB18ACT9F151.jpg,1,1,0.8341216444969177
303,18,9,16,D:\Skripsi\Experiment\data\raw\RGB1\S18\AC9\RGB1_SUB18ACT9F16.jpg,1,1,0.8165414333343506
304,18,9,31,D:\Skripsi\Experiment\data\raw\RGB1\S18\AC9\RGB1_SUB18ACT9F31.jpg,1,1,0.939072847366333
305,18,9,46,D:\Skripsi\Experiment\data\raw\RGB1\S18\AC9\RGB1_SUB18ACT9F46.jpg,1,1,0.82980877161026
306,18,9,61,D:\Skripsi\Experiment\data\raw\RGB1\S18\AC9\RGB1_SUB18ACT9F61.jpg,1,1,0.8943426609039307
307,18,9,76,D:\Skripsi\Experiment\data\raw\RGB1\S18\AC9\RGB1_SUB18ACT9F76.jpg,1,1,0.8610382080078125
308,18,9,91,D:\Skripsi\Experiment\data\raw\RGB1\S18\AC9\RGB1_SUB18ACT9F91.jpg,1,1,0.8697395324707031
309,19,1,1,D:\Skripsi\Experiment\data\raw\RGB1\S19\AC1\RGB1_SUB19ACT1F1.jpg,0,0,0.06385578215122223
310,19,1,106,D:\Skripsi\Experiment\data\raw\RGB1\S19\AC1\RGB1_SUB19ACT1F106.jpg,0,0,0.4779784679412842
311,19,1,121,D:\Skripsi\Experiment\data\raw\RGB1\S19\AC1\RGB1_SUB19ACT1F121.jpg,0,0,0.08750366419553757
312,19,1,16,D:\Skripsi\Experiment\data\raw\RGB1\S19\AC1\RGB1_SUB19ACT1F16.jpg,0,0,0.010018029250204563
313,19,1,31,D:\Skripsi\Experiment\data\raw\RGB1\S19\AC1\RGB1_SUB19ACT1F31.jpg,0,0,0.03949141502380371
314,19,1,46,D:\Skripsi\Experiment\data\raw\RGB1\S19\AC1\RGB1_SUB19ACT1F46.jpg,0,0,0.014794871211051941
315,19,1,61,D:\Skripsi\Experiment\data\raw\RGB1\S19\AC1\RGB1_SUB19ACT1F61.jpg,0,0,0.015364388935267925
316,19,1,76,D:\Skripsi\Experiment\data\raw\RGB1\S19\AC1\RGB1_SUB19ACT1F76.jpg,0,0,0.01844158209860325
317,19,1,91,D:\Skripsi\Experiment\data\raw\RGB1\S19\AC1\RGB1_SUB19ACT1F91.jpg,0,0,0.08323410898447037
318,19,5,1,D:\Skripsi\Experiment\data\raw\RGB1\S19\AC5\RGB1_SUB19ACT5F1.jpg,1,1,0.849722146987915
319,19,5,106,D:\Skripsi\Experiment\data\raw\RGB1\S19\AC5\RGB1_SUB19ACT5F106.jpg,1,1,0.8390867114067078
320,19,5,16,D:\Skripsi\Experiment\data\raw\RGB1\S19\AC5\RGB1_SUB19ACT5F16.jpg,1,1,0.928578794002533
321,19,5,31,D:\Skripsi\Experiment\data\raw\RGB1\S19\AC5\RGB1_SUB19ACT5F31.jpg,1,1,0.8996143937110901
322,19,5,46,D:\Skripsi\Experiment\data\raw\RGB1\S19\AC5\RGB1_SUB19ACT5F46.jpg,1,1,0.8813025951385498
323,19,5,61,D:\Skripsi\Experiment\data\raw\RGB1\S19\AC5\RGB1_SUB19ACT5F61.jpg,1,1,0.8768699765205383
324,19,5,76,D:\Skripsi\Experiment\data\raw\RGB1\S19\AC5\RGB1_SUB19ACT5F76.jpg,1,1,0.7863098382949829
325,19,5,91,D:\Skripsi\Experiment\data\raw\RGB1\S19\AC5\RGB1_SUB19ACT5F91.jpg,1,1,0.8591328263282776
326,19,6,1,D:\Skripsi\Experiment\data\raw\RGB1\S19\AC6\RGB1_SUB19ACT6F1.jpg,1,1,0.8155338168144226
327,19,6,106,D:\Skripsi\Experiment\data\raw\RGB1\S19\AC6\RGB1_SUB19ACT6F106.jpg,1,1,0.9181928634643555
328,19,6,121,D:\Skripsi\Experiment\data\raw\RGB1\S19\AC6\RGB1_SUB19ACT6F121.jpg,1,1,0.9070375561714172
329,19,6,16,D:\Skripsi\Experiment\data\raw\RGB1\S19\AC6\RGB1_SUB19ACT6F16.jpg,1,1,0.9166779518127441
330,19,6,31,D:\Skripsi\Experiment\data\raw\RGB1\S19\AC6\RGB1_SUB19ACT6F31.jpg,1,1,0.8792261481285095
331,19,6,46,D:\Skripsi\Experiment\data\raw\RGB1\S19\AC6\RGB1_SUB19ACT6F46.jpg,1,1,0.9225720167160034
332,19,6,61,D:\Skripsi\Experiment\data\raw\RGB1\S19\AC6\RGB1_SUB19ACT6F61.jpg,1,1,0.901539146900177
333,19,6,76,D:\Skripsi\Experiment\data\raw\RGB1\S19\AC6\RGB1_SUB19ACT6F76.jpg,1,1,0.8667075037956238
334,19,6,91,D:\Skripsi\Experiment\data\raw\RGB1\S19\AC6\RGB1_SUB19ACT6F91.jpg,1,1,0.8656665086746216
335,19,7,1,D:\Skripsi\Experiment\data\raw\RGB1\S19\AC7\RGB1_SUB19ACT7F1.jpg,1,1,0.8698909282684326
336,19,7,106,D:\Skripsi\Experiment\data\raw\RGB1\S19\AC7\RGB1_SUB19ACT7F106.jpg,1,1,0.8350331783294678
337,19,7,121,D:\Skripsi\Experiment\data\raw\RGB1\S19\AC7\RGB1_SUB19ACT7F121.jpg,1,1,0.8812180161476135
338,19,7,136,D:\Skripsi\Experiment\data\raw\RGB1\S19\AC7\RGB1_SUB19ACT7F136.jpg,1,1,0.8441706299781799
339,19,7,16,D:\Skripsi\Experiment\data\raw\RGB1\S19\AC7\RGB1_SUB19ACT7F16.jpg,1,1,0.813953161239624
340,19,7,31,D:\Skripsi\Experiment\data\raw\RGB1\S19\AC7\RGB1_SUB19ACT7F31.jpg,1,1,0.8514754176139832
341,19,7,46,D:\Skripsi\Experiment\data\raw\RGB1\S19\AC7\RGB1_SUB19ACT7F46.jpg,1,1,0.8403578996658325
342,19,7,61,D:\Skripsi\Experiment\data\raw\RGB1\S19\AC7\RGB1_SUB19ACT7F61.jpg,1,1,0.8073602914810181
343,19,7,76,D:\Skripsi\Experiment\data\raw\RGB1\S19\AC7\RGB1_SUB19ACT7F76.jpg,1,1,0.8609050512313843
344,19,7,91,D:\Skripsi\Experiment\data\raw\RGB1\S19\AC7\RGB1_SUB19ACT7F91.jpg,1,1,0.8400952219963074
345,19,8,1,D:\Skripsi\Experiment\data\raw\RGB1\S19\AC8\RGB1_SUB19ACT8F1.jpg,1,1,0.8954328298568726
346,19,8,106,D:\Skripsi\Experiment\data\raw\RGB1\S19\AC8\RGB1_SUB19ACT8F106.jpg,1,1,0.8779095411300659
347,19,8,121,D:\Skripsi\Experiment\data\raw\RGB1\S19\AC8\RGB1_SUB19ACT8F121.jpg,1,1,0.7753620147705078
348,19,8,136,D:\Skripsi\Experiment\data\raw\RGB1\S19\AC8\RGB1_SUB19ACT8F136.jpg,1,1,0.7581173777580261
349,19,8,151,D:\Skripsi\Experiment\data\raw\RGB1\S19\AC8\RGB1_SUB19ACT8F151.jpg,1,1,0.8340414762496948
350,19,8,16,D:\Skripsi\Experiment\data\raw\RGB1\S19\AC8\RGB1_SUB19ACT8F16.jpg,1,1,0.8621315360069275
351,19,8,31,D:\Skripsi\Experiment\data\raw\RGB1\S19\AC8\RGB1_SUB19ACT8F31.jpg,1,1,0.9005372524261475
352,19,8,46,D:\Skripsi\Experiment\data\raw\RGB1\S19\AC8\RGB1_SUB19ACT8F46.jpg,1,1,0.8406383395195007
353,19,8,61,D:\Skripsi\Experiment\data\raw\RGB1\S19\AC8\RGB1_SUB19ACT8F61.jpg,1,1,0.7359097599983215
354,19,8,76,D:\Skripsi\Experiment\data\raw\RGB1\S19\AC8\RGB1_SUB19ACT8F76.jpg,1,1,0.8735491037368774
355,19,8,91,D:\Skripsi\Experiment\data\raw\RGB1\S19\AC8\RGB1_SUB19ACT8F91.jpg,1,1,0.8494446873664856
356,19,9,1,D:\Skripsi\Experiment\data\raw\RGB1\S19\AC9\RGB1_SUB19ACT9F1.jpg,1,0,0.3820006251335144
357,19,9,16,D:\Skripsi\Experiment\data\raw\RGB1\S19\AC9\RGB1_SUB19ACT9F16.jpg,1,1,0.7419623732566833
358,19,9,31,D:\Skripsi\Experiment\data\raw\RGB1\S19\AC9\RGB1_SUB19ACT9F31.jpg,1,1,0.8715041875839233
359,19,9,46,D:\Skripsi\Experiment\data\raw\RGB1\S19\AC9\RGB1_SUB19ACT9F46.jpg,1,1,0.8101222515106201
360,19,9,61,D:\Skripsi\Experiment\data\raw\RGB1\S19\AC9\RGB1_SUB19ACT9F61.jpg,1,1,0.8232138752937317
361,19,9,76,D:\Skripsi\Experiment\data\raw\RGB1\S19\AC9\RGB1_SUB19ACT9F76.jpg,1,1,0.8911880850791931
362,19,9,91,D:\Skripsi\Experiment\data\raw\RGB1\S19\AC9\RGB1_SUB19ACT9F91.jpg,1,1,0.7494508028030396
363,23,1,1,D:\Skripsi\Experiment\data\raw\RGB1\S23\AC1\RGB1_SUB23ACT1F1.jpg,0,0,0.01666886918246746
364,23,1,106,D:\Skripsi\Experiment\data\raw\RGB1\S23\AC1\RGB1_SUB23ACT1F106.jpg,0,0,0.018055563792586327
365,23,1,121,D:\Skripsi\Experiment\data\raw\RGB1\S23\AC1\RGB1_SUB23ACT1F121.jpg,0,0,0.018497901037335396
366,23,1,136,D:\Skripsi\Experiment\data\raw\RGB1\S23\AC1\RGB1_SUB23ACT1F136.jpg,0,0,0.03794340789318085
367,23,1,16,D:\Skripsi\Experiment\data\raw\RGB1\S23\AC1\RGB1_SUB23ACT1F16.jpg,0,0,0.009651401080191135
368,23,1,31,D:\Skripsi\Experiment\data\raw\RGB1\S23\AC1\RGB1_SUB23ACT1F31.jpg,0,0,0.007971729151904583
369,23,1,46,D:\Skripsi\Experiment\data\raw\RGB1\S23\AC1\RGB1_SUB23ACT1F46.jpg,0,0,0.008092119358479977
370,23,1,61,D:\Skripsi\Experiment\data\raw\RGB1\S23\AC1\RGB1_SUB23ACT1F61.jpg,0,0,0.04017321765422821
371,23,1,76,D:\Skripsi\Experiment\data\raw\RGB1\S23\AC1\RGB1_SUB23ACT1F76.jpg,0,0,0.017705431208014488
372,23,1,91,D:\Skripsi\Experiment\data\raw\RGB1\S23\AC1\RGB1_SUB23ACT1F91.jpg,0,0,0.02981591783463955
373,23,5,1,D:\Skripsi\Experiment\data\raw\RGB1\S23\AC5\RGB1_SUB23ACT5F1.jpg,1,1,0.898825466632843
374,23,5,106,D:\Skripsi\Experiment\data\raw\RGB1\S23\AC5\RGB1_SUB23ACT5F106.jpg,1,1,0.8855823278427124
375,23,5,121,D:\Skripsi\Experiment\data\raw\RGB1\S23\AC5\RGB1_SUB23ACT5F121.jpg,1,1,0.8615908622741699
376,23,5,136,D:\Skripsi\Experiment\data\raw\RGB1\S23\AC5\RGB1_SUB23ACT5F136.jpg,1,1,0.7607523798942566
377,23,5,16,D:\Skripsi\Experiment\data\raw\RGB1\S23\AC5\RGB1_SUB23ACT5F16.jpg,1,1,0.940839946269989
378,23,5,31,D:\Skripsi\Experiment\data\raw\RGB1\S23\AC5\RGB1_SUB23ACT5F31.jpg,1,1,0.9204299449920654
379,23,5,46,D:\Skripsi\Experiment\data\raw\RGB1\S23\AC5\RGB1_SUB23ACT5F46.jpg,1,1,0.9181762337684631
380,23,5,61,D:\Skripsi\Experiment\data\raw\RGB1\S23\AC5\RGB1_SUB23ACT5F61.jpg,1,1,0.8694288730621338
381,23,5,76,D:\Skripsi\Experiment\data\raw\RGB1\S23\AC5\RGB1_SUB23ACT5F76.jpg,1,1,0.9104152321815491
382,23,5,91,D:\Skripsi\Experiment\data\raw\RGB1\S23\AC5\RGB1_SUB23ACT5F91.jpg,1,1,0.8769479393959045
383,23,6,1,D:\Skripsi\Experiment\data\raw\RGB1\S23\AC6\RGB1_SUB23ACT6F1.jpg,1,1,0.8790060877799988
384,23,6,106,D:\Skripsi\Experiment\data\raw\RGB1\S23\AC6\RGB1_SUB23ACT6F106.jpg,1,1,0.892742931842804
385,23,6,121,D:\Skripsi\Experiment\data\raw\RGB1\S23\AC6\RGB1_SUB23ACT6F121.jpg,1,1,0.7172628045082092
386,23,6,16,D:\Skripsi\Experiment\data\raw\RGB1\S23\AC6\RGB1_SUB23ACT6F16.jpg,1,1,0.9030748605728149
387,23,6,31,D:\Skripsi\Experiment\data\raw\RGB1\S23\AC6\RGB1_SUB23ACT6F31.jpg,1,1,0.8401980400085449
388,23,6,46,D:\Skripsi\Experiment\data\raw\RGB1\S23\AC6\RGB1_SUB23ACT6F46.jpg,1,1,0.8363330960273743
389,23,6,61,D:\Skripsi\Experiment\data\raw\RGB1\S23\AC6\RGB1_SUB23ACT6F61.jpg,1,1,0.8848873972892761
390,23,6,76,D:\Skripsi\Experiment\data\raw\RGB1\S23\AC6\RGB1_SUB23ACT6F76.jpg,1,1,0.9402568936347961
391,23,6,91,D:\Skripsi\Experiment\data\raw\RGB1\S23\AC6\RGB1_SUB23ACT6F91.jpg,1,1,0.8945798873901367
392,23,7,1,D:\Skripsi\Experiment\data\raw\RGB1\S23\AC7\RGB1_SUB23ACT7F1.jpg,1,1,0.8356357216835022
393,23,7,106,D:\Skripsi\Experiment\data\raw\RGB1\S23\AC7\RGB1_SUB23ACT7F106.jpg,1,1,0.8718215823173523
394,23,7,121,D:\Skripsi\Experiment\data\raw\RGB1\S23\AC7\RGB1_SUB23ACT7F121.jpg,1,1,0.8221696615219116
395,23,7,136,D:\Skripsi\Experiment\data\raw\RGB1\S23\AC7\RGB1_SUB23ACT7F136.jpg,1,1,0.8723491430282593
396,23,7,16,D:\Skripsi\Experiment\data\raw\RGB1\S23\AC7\RGB1_SUB23ACT7F16.jpg,1,1,0.903400182723999
397,23,7,31,D:\Skripsi\Experiment\data\raw\RGB1\S23\AC7\RGB1_SUB23ACT7F31.jpg,1,1,0.8761875033378601
398,23,7,46,D:\Skripsi\Experiment\data\raw\RGB1\S23\AC7\RGB1_SUB23ACT7F46.jpg,1,1,0.8870083093643188
399,23,7,61,D:\Skripsi\Experiment\data\raw\RGB1\S23\AC7\RGB1_SUB23ACT7F61.jpg,1,1,0.892082929611206
400,23,7,76,D:\Skripsi\Experiment\data\raw\RGB1\S23\AC7\RGB1_SUB23ACT7F76.jpg,1,1,0.8687379360198975
401,23,7,91,D:\Skripsi\Experiment\data\raw\RGB1\S23\AC7\RGB1_SUB23ACT7F91.jpg,1,1,0.8418383598327637
402,23,8,1,D:\Skripsi\Experiment\data\raw\RGB1\S23\AC8\RGB1_SUB23ACT8F1.jpg,1,1,0.8611741065979004
403,23,8,106,D:\Skripsi\Experiment\data\raw\RGB1\S23\AC8\RGB1_SUB23ACT8F106.jpg,1,1,0.8902981281280518
404,23,8,121,D:\Skripsi\Experiment\data\raw\RGB1\S23\AC8\RGB1_SUB23ACT8F121.jpg,1,1,0.8657100200653076
405,23,8,136,D:\Skripsi\Experiment\data\raw\RGB1\S23\AC8\RGB1_SUB23ACT8F136.jpg,1,1,0.8556467294692993
406,23,8,16,D:\Skripsi\Experiment\data\raw\RGB1\S23\AC8\RGB1_SUB23ACT8F16.jpg,1,1,0.9242087006568909
407,23,8,31,D:\Skripsi\Experiment\data\raw\RGB1\S23\AC8\RGB1_SUB23ACT8F31.jpg,1,1,0.9026546478271484
408,23,8,46,D:\Skripsi\Experiment\data\raw\RGB1\S23\AC8\RGB1_SUB23ACT8F46.jpg,1,1,0.8929765224456787
409,23,8,61,D:\Skripsi\Experiment\data\raw\RGB1\S23\AC8\RGB1_SUB23ACT8F61.jpg,1,1,0.8604680299758911
410,23,8,76,D:\Skripsi\Experiment\data\raw\RGB1\S23\AC8\RGB1_SUB23ACT8F76.jpg,1,1,0.9207086563110352
411,23,8,91,D:\Skripsi\Experiment\data\raw\RGB1\S23\AC8\RGB1_SUB23ACT8F91.jpg,1,1,0.894811749458313
412,23,9,1,D:\Skripsi\Experiment\data\raw\RGB1\S23\AC9\RGB1_SUB23ACT9F1.jpg,1,1,0.7733719944953918
413,23,9,106,D:\Skripsi\Experiment\data\raw\RGB1\S23\AC9\RGB1_SUB23ACT9F106.jpg,1,1,0.6008508205413818
414,23,9,121,D:\Skripsi\Experiment\data\raw\RGB1\S23\AC9\RGB1_SUB23ACT9F121.jpg,1,1,0.8738508224487305
415,23,9,136,D:\Skripsi\Experiment\data\raw\RGB1\S23\AC9\RGB1_SUB23ACT9F136.jpg,1,1,0.8056895732879639
416,23,9,16,D:\Skripsi\Experiment\data\raw\RGB1\S23\AC9\RGB1_SUB23ACT9F16.jpg,1,1,0.9376354217529297
417,23,9,31,D:\Skripsi\Experiment\data\raw\RGB1\S23\AC9\RGB1_SUB23ACT9F31.jpg,1,1,0.8425120711326599
418,23,9,46,D:\Skripsi\Experiment\data\raw\RGB1\S23\AC9\RGB1_SUB23ACT9F46.jpg,1,1,0.876030683517456
419,23,9,61,D:\Skripsi\Experiment\data\raw\RGB1\S23\AC9\RGB1_SUB23ACT9F61.jpg,1,1,0.906474769115448
420,23,9,76,D:\Skripsi\Experiment\data\raw\RGB1\S23\AC9\RGB1_SUB23ACT9F76.jpg,1,1,0.7587615251541138
421,23,9,91,D:\Skripsi\Experiment\data\raw\RGB1\S23\AC9\RGB1_SUB23ACT9F91.jpg,1,1,0.8015657067298889
422,24,1,1,D:\Skripsi\Experiment\data\raw\RGB1\S24\AC1\RGB1_SUB24ACT1F1.jpg,0,0,0.05837990343570709
423,24,1,106,D:\Skripsi\Experiment\data\raw\RGB1\S24\AC1\RGB1_SUB24ACT1F106.jpg,0,0,0.0052029346115887165
424,24,1,16,D:\Skripsi\Experiment\data\raw\RGB1\S24\AC1\RGB1_SUB24ACT1F16.jpg,0,0,0.00465448247268796
425,24,1,31,D:\Skripsi\Experiment\data\raw\RGB1\S24\AC1\RGB1_SUB24ACT1F31.jpg,0,0,0.017303355038166046
426,24,1,46,D:\Skripsi\Experiment\data\raw\RGB1\S24\AC1\RGB1_SUB24ACT1F46.jpg,0,0,0.006764894817024469
427,24,1,61,D:\Skripsi\Experiment\data\raw\RGB1\S24\AC1\RGB1_SUB24ACT1F61.jpg,0,0,0.013843219727277756
428,24,1,76,D:\Skripsi\Experiment\data\raw\RGB1\S24\AC1\RGB1_SUB24ACT1F76.jpg,0,0,0.03398232161998749
429,24,1,91,D:\Skripsi\Experiment\data\raw\RGB1\S24\AC1\RGB1_SUB24ACT1F91.jpg,0,0,0.05515536293387413
430,24,5,1,D:\Skripsi\Experiment\data\raw\RGB1\S24\AC5\RGB1_SUB24ACT5F1.jpg,1,1,0.8021458387374878
431,24,5,106,D:\Skripsi\Experiment\data\raw\RGB1\S24\AC5\RGB1_SUB24ACT5F106.jpg,1,1,0.9390637874603271
432,24,5,16,D:\Skripsi\Experiment\data\raw\RGB1\S24\AC5\RGB1_SUB24ACT5F16.jpg,1,1,0.809919536113739
433,24,5,31,D:\Skripsi\Experiment\data\raw\RGB1\S24\AC5\RGB1_SUB24ACT5F31.jpg,1,1,0.7617967128753662
434,24,5,46,D:\Skripsi\Experiment\data\raw\RGB1\S24\AC5\RGB1_SUB24ACT5F46.jpg,1,1,0.7436723709106445
435,24,5,61,D:\Skripsi\Experiment\data\raw\RGB1\S24\AC5\RGB1_SUB24ACT5F61.jpg,1,1,0.7119084000587463
436,24,5,76,D:\Skripsi\Experiment\data\raw\RGB1\S24\AC5\RGB1_SUB24ACT5F76.jpg,1,1,0.7811515927314758
437,24,5,91,D:\Skripsi\Experiment\data\raw\RGB1\S24\AC5\RGB1_SUB24ACT5F91.jpg,1,1,0.8894050717353821
438,24,6,1,D:\Skripsi\Experiment\data\raw\RGB1\S24\AC6\RGB1_SUB24ACT6F1.jpg,1,1,0.9136351943016052
439,24,6,16,D:\Skripsi\Experiment\data\raw\RGB1\S24\AC6\RGB1_SUB24ACT6F16.jpg,1,1,0.9080173969268799
440,24,6,31,D:\Skripsi\Experiment\data\raw\RGB1\S24\AC6\RGB1_SUB24ACT6F31.jpg,1,1,0.8968837857246399
441,24,6,46,D:\Skripsi\Experiment\data\raw\RGB1\S24\AC6\RGB1_SUB24ACT6F46.jpg,1,1,0.9209585189819336
442,24,6,61,D:\Skripsi\Experiment\data\raw\RGB1\S24\AC6\RGB1_SUB24ACT6F61.jpg,1,1,0.8959489464759827
443,24,6,76,D:\Skripsi\Experiment\data\raw\RGB1\S24\AC6\RGB1_SUB24ACT6F76.jpg,1,1,0.8613184690475464
444,24,6,91,D:\Skripsi\Experiment\data\raw\RGB1\S24\AC6\RGB1_SUB24ACT6F91.jpg,1,1,0.8074987530708313
445,24,7,1,D:\Skripsi\Experiment\data\raw\RGB1\S24\AC7\RGB1_SUB24ACT7F1.jpg,1,1,0.8681588172912598
446,24,7,106,D:\Skripsi\Experiment\data\raw\RGB1\S24\AC7\RGB1_SUB24ACT7F106.jpg,1,1,0.8720353841781616
447,24,7,121,D:\Skripsi\Experiment\data\raw\RGB1\S24\AC7\RGB1_SUB24ACT7F121.jpg,1,1,0.8556762337684631
448,24,7,136,D:\Skripsi\Experiment\data\raw\RGB1\S24\AC7\RGB1_SUB24ACT7F136.jpg,1,1,0.9197283983230591
449,24,7,151,D:\Skripsi\Experiment\data\raw\RGB1\S24\AC7\RGB1_SUB24ACT7F151.jpg,1,1,0.8922438621520996
450,24,7,16,D:\Skripsi\Experiment\data\raw\RGB1\S24\AC7\RGB1_SUB24ACT7F16.jpg,1,1,0.8604210615158081
451,24,7,31,D:\Skripsi\Experiment\data\raw\RGB1\S24\AC7\RGB1_SUB24ACT7F31.jpg,1,1,0.9052050113677979
452,24,7,46,D:\Skripsi\Experiment\data\raw\RGB1\S24\AC7\RGB1_SUB24ACT7F46.jpg,1,1,0.8770856857299805
453,24,7,61,D:\Skripsi\Experiment\data\raw\RGB1\S24\AC7\RGB1_SUB24ACT7F61.jpg,1,1,0.8869552612304688
454,24,7,76,D:\Skripsi\Experiment\data\raw\RGB1\S24\AC7\RGB1_SUB24ACT7F76.jpg,1,1,0.8915500640869141
455,24,7,91,D:\Skripsi\Experiment\data\raw\RGB1\S24\AC7\RGB1_SUB24ACT7F91.jpg,1,1,0.926230251789093
456,24,8,1,D:\Skripsi\Experiment\data\raw\RGB1\S24\AC8\RGB1_SUB24ACT8F1.jpg,1,1,0.8138696551322937
457,24,8,106,D:\Skripsi\Experiment\data\raw\RGB1\S24\AC8\RGB1_SUB24ACT8F106.jpg,1,1,0.9101505279541016
458,24,8,121,D:\Skripsi\Experiment\data\raw\RGB1\S24\AC8\RGB1_SUB24ACT8F121.jpg,1,1,0.8498085141181946
459,24,8,136,D:\Skripsi\Experiment\data\raw\RGB1\S24\AC8\RGB1_SUB24ACT8F136.jpg,1,1,0.8557424545288086
460,24,8,151,D:\Skripsi\Experiment\data\raw\RGB1\S24\AC8\RGB1_SUB24ACT8F151.jpg,1,1,0.8959643840789795
461,24,8,16,D:\Skripsi\Experiment\data\raw\RGB1\S24\AC8\RGB1_SUB24ACT8F16.jpg,1,1,0.6916334629058838
462,24,8,31,D:\Skripsi\Experiment\data\raw\RGB1\S24\AC8\RGB1_SUB24ACT8F31.jpg,1,1,0.691371738910675
463,24,8,46,D:\Skripsi\Experiment\data\raw\RGB1\S24\AC8\RGB1_SUB24ACT8F46.jpg,1,1,0.8224095106124878
464,24,8,61,D:\Skripsi\Experiment\data\raw\RGB1\S24\AC8\RGB1_SUB24ACT8F61.jpg,1,1,0.8542043566703796
465,24,8,76,D:\Skripsi\Experiment\data\raw\RGB1\S24\AC8\RGB1_SUB24ACT8F76.jpg,1,1,0.8460968136787415
466,24,8,91,D:\Skripsi\Experiment\data\raw\RGB1\S24\AC8\RGB1_SUB24ACT8F91.jpg,1,1,0.8166188597679138
467,24,9,1,D:\Skripsi\Experiment\data\raw\RGB1\S24\AC9\RGB1_SUB24ACT9F1.jpg,1,1,0.9038344025611877
468,24,9,106,D:\Skripsi\Experiment\data\raw\RGB1\S24\AC9\RGB1_SUB24ACT9F106.jpg,1,1,0.8670706748962402
469,24,9,121,D:\Skripsi\Experiment\data\raw\RGB1\S24\AC9\RGB1_SUB24ACT9F121.jpg,1,1,0.8441484570503235
470,24,9,136,D:\Skripsi\Experiment\data\raw\RGB1\S24\AC9\RGB1_SUB24ACT9F136.jpg,1,1,0.77561354637146
471,24,9,16,D:\Skripsi\Experiment\data\raw\RGB1\S24\AC9\RGB1_SUB24ACT9F16.jpg,1,1,0.8650721311569214
472,24,9,31,D:\Skripsi\Experiment\data\raw\RGB1\S24\AC9\RGB1_SUB24ACT9F31.jpg,1,1,0.7407207489013672
473,24,9,46,D:\Skripsi\Experiment\data\raw\RGB1\S24\AC9\RGB1_SUB24ACT9F46.jpg,1,1,0.9160524010658264
474,24,9,61,D:\Skripsi\Experiment\data\raw\RGB1\S24\AC9\RGB1_SUB24ACT9F61.jpg,1,1,0.7895878553390503
475,24,9,76,D:\Skripsi\Experiment\data\raw\RGB1\S24\AC9\RGB1_SUB24ACT9F76.jpg,1,1,0.7330793738365173
476,24,9,91,D:\Skripsi\Experiment\data\raw\RGB1\S24\AC9\RGB1_SUB24ACT9F91.jpg,1,1,0.8106912970542908
477,25,1,1,D:\Skripsi\Experiment\data\raw\RGB1\S25\AC1\RGB1_SUB25ACT1F1.jpg,0,0,0.0026176064275205135
478,25,1,106,D:\Skripsi\Experiment\data\raw\RGB1\S25\AC1\RGB1_SUB25ACT1F106.jpg,0,0,0.06254039704799652
479,25,1,121,D:\Skripsi\Experiment\data\raw\RGB1\S25\AC1\RGB1_SUB25ACT1F121.jpg,0,0,0.10264275223016739
480,25,1,136,D:\Skripsi\Experiment\data\raw\RGB1\S25\AC1\RGB1_SUB25ACT1F136.jpg,0,0,0.023520367220044136
481,25,1,16,D:\Skripsi\Experiment\data\raw\RGB1\S25\AC1\RGB1_SUB25ACT1F16.jpg,0,0,0.029936080798506737
482,25,1,31,D:\Skripsi\Experiment\data\raw\RGB1\S25\AC1\RGB1_SUB25ACT1F31.jpg,0,0,0.019531678408384323
483,25,1,46,D:\Skripsi\Experiment\data\raw\RGB1\S25\AC1\RGB1_SUB25ACT1F46.jpg,0,0,0.3186948597431183
484,25,1,61,D:\Skripsi\Experiment\data\raw\RGB1\S25\AC1\RGB1_SUB25ACT1F61.jpg,0,0,0.038387078791856766
485,25,1,76,D:\Skripsi\Experiment\data\raw\RGB1\S25\AC1\RGB1_SUB25ACT1F76.jpg,0,0,0.062347423285245895
486,25,1,91,D:\Skripsi\Experiment\data\raw\RGB1\S25\AC1\RGB1_SUB25ACT1F91.jpg,0,0,0.01297486200928688
487,25,5,1,D:\Skripsi\Experiment\data\raw\RGB1\S25\AC5\RGB1_SUB25ACT5F1.jpg,1,1,0.8745338320732117
488,25,5,106,D:\Skripsi\Experiment\data\raw\RGB1\S25\AC5\RGB1_SUB25ACT5F106.jpg,1,1,0.9227450489997864
489,25,5,121,D:\Skripsi\Experiment\data\raw\RGB1\S25\AC5\RGB1_SUB25ACT5F121.jpg,1,1,0.922183096408844
490,25,5,136,D:\Skripsi\Experiment\data\raw\RGB1\S25\AC5\RGB1_SUB25ACT5F136.jpg,1,1,0.8573097586631775
491,25,5,16,D:\Skripsi\Experiment\data\raw\RGB1\S25\AC5\RGB1_SUB25ACT5F16.jpg,1,1,0.9016913771629333
492,25,5,31,D:\Skripsi\Experiment\data\raw\RGB1\S25\AC5\RGB1_SUB25ACT5F31.jpg,1,1,0.7649127244949341
493,25,5,46,D:\Skripsi\Experiment\data\raw\RGB1\S25\AC5\RGB1_SUB25ACT5F46.jpg,1,1,0.6935620307922363
494,25,5,61,D:\Skripsi\Experiment\data\raw\RGB1\S25\AC5\RGB1_SUB25ACT5F61.jpg,1,1,0.8814486861228943
495,25,5,76,D:\Skripsi\Experiment\data\raw\RGB1\S25\AC5\RGB1_SUB25ACT5F76.jpg,1,1,0.8111106157302856
496,25,5,91,D:\Skripsi\Experiment\data\raw\RGB1\S25\AC5\RGB1_SUB25ACT5F91.jpg,1,1,0.8391568660736084
497,25,6,1,D:\Skripsi\Experiment\data\raw\RGB1\S25\AC6\RGB1_SUB25ACT6F1.jpg,1,1,0.891350269317627
498,25,6,16,D:\Skripsi\Experiment\data\raw\RGB1\S25\AC6\RGB1_SUB25ACT6F16.jpg,1,1,0.8674318194389343
499,25,6,31,D:\Skripsi\Experiment\data\raw\RGB1\S25\AC6\RGB1_SUB25ACT6F31.jpg,1,1,0.8586100935935974
500,25,6,46,D:\Skripsi\Experiment\data\raw\RGB1\S25\AC6\RGB1_SUB25ACT6F46.jpg,1,1,0.5666749477386475
501,25,6,61,D:\Skripsi\Experiment\data\raw\RGB1\S25\AC6\RGB1_SUB25ACT6F61.jpg,1,1,0.8388391733169556
502,25,6,76,D:\Skripsi\Experiment\data\raw\RGB1\S25\AC6\RGB1_SUB25ACT6F76.jpg,1,1,0.881018340587616
503,25,6,91,D:\Skripsi\Experiment\data\raw\RGB1\S25\AC6\RGB1_SUB25ACT6F91.jpg,1,1,0.8370369076728821
504,25,7,1,D:\Skripsi\Experiment\data\raw\RGB1\S25\AC7\RGB1_SUB25ACT7F1.jpg,1,1,0.7518594861030579
505,25,7,16,D:\Skripsi\Experiment\data\raw\RGB1\S25\AC7\RGB1_SUB25ACT7F16.jpg,1,1,0.8404266238212585
506,25,7,31,D:\Skripsi\Experiment\data\raw\RGB1\S25\AC7\RGB1_SUB25ACT7F31.jpg,1,1,0.820784330368042
507,25,7,46,D:\Skripsi\Experiment\data\raw\RGB1\S25\AC7\RGB1_SUB25ACT7F46.jpg,1,1,0.720752477645874
508,25,7,61,D:\Skripsi\Experiment\data\raw\RGB1\S25\AC7\RGB1_SUB25ACT7F61.jpg,1,1,0.7269662022590637
509,25,7,76,D:\Skripsi\Experiment\data\raw\RGB1\S25\AC7\RGB1_SUB25ACT7F76.jpg,1,1,0.8792953491210938
510,25,8,1,D:\Skripsi\Experiment\data\raw\RGB1\S25\AC8\RGB1_SUB25ACT8F1.jpg,1,1,0.8795844316482544
511,25,8,106,D:\Skripsi\Experiment\data\raw\RGB1\S25\AC8\RGB1_SUB25ACT8F106.jpg,1,1,0.8773324489593506
512,25,8,16,D:\Skripsi\Experiment\data\raw\RGB1\S25\AC8\RGB1_SUB25ACT8F16.jpg,1,1,0.8247762322425842
513,25,8,31,D:\Skripsi\Experiment\data\raw\RGB1\S25\AC8\RGB1_SUB25ACT8F31.jpg,1,1,0.8876861929893494
514,25,8,46,D:\Skripsi\Experiment\data\raw\RGB1\S25\AC8\RGB1_SUB25ACT8F46.jpg,1,1,0.8941870927810669
515,25,8,61,D:\Skripsi\Experiment\data\raw\RGB1\S25\AC8\RGB1_SUB25ACT8F61.jpg,1,1,0.7968694567680359
516,25,8,76,D:\Skripsi\Experiment\data\raw\RGB1\S25\AC8\RGB1_SUB25ACT8F76.jpg,1,1,0.8535436391830444
517,25,8,91,D:\Skripsi\Experiment\data\raw\RGB1\S25\AC8\RGB1_SUB25ACT8F91.jpg,1,1,0.8907713890075684
518,25,9,1,D:\Skripsi\Experiment\data\raw\RGB1\S25\AC9\RGB1_SUB25ACT9F1.jpg,1,1,0.852852463722229
519,25,9,16,D:\Skripsi\Experiment\data\raw\RGB1\S25\AC9\RGB1_SUB25ACT9F16.jpg,1,1,0.894842803478241
520,25,9,31,D:\Skripsi\Experiment\data\raw\RGB1\S25\AC9\RGB1_SUB25ACT9F31.jpg,1,1,0.9006761908531189
521,25,9,46,D:\Skripsi\Experiment\data\raw\RGB1\S25\AC9\RGB1_SUB25ACT9F46.jpg,1,1,0.8798145651817322
522,25,9,61,D:\Skripsi\Experiment\data\raw\RGB1\S25\AC9\RGB1_SUB25ACT9F61.jpg,1,1,0.784145712852478
523,25,9,76,D:\Skripsi\Experiment\data\raw\RGB1\S25\AC9\RGB1_SUB25ACT9F76.jpg,1,1,0.9119828343391418
524,26,1,1,D:\Skripsi\Experiment\data\raw\RGB1\S26\AC1\RGB1_SUB26ACT1F1.jpg,0,0,0.003889934392645955
525,26,1,106,D:\Skripsi\Experiment\data\raw\RGB1\S26\AC1\RGB1_SUB26ACT1F106.jpg,0,0,0.010998534969985485
526,26,1,16,D:\Skripsi\Experiment\data\raw\RGB1\S26\AC1\RGB1_SUB26ACT1F16.jpg,0,0,0.017126958817243576
527,26,1,31,D:\Skripsi\Experiment\data\raw\RGB1\S26\AC1\RGB1_SUB26ACT1F31.jpg,0,0,0.007019395940005779
528,26,1,46,D:\Skripsi\Experiment\data\raw\RGB1\S26\AC1\RGB1_SUB26ACT1F46.jpg,0,0,0.052376970648765564
529,26,1,61,D:\Skripsi\Experiment\data\raw\RGB1\S26\AC1\RGB1_SUB26ACT1F61.jpg,0,0,0.015378398820757866
530,26,1,76,D:\Skripsi\Experiment\data\raw\RGB1\S26\AC1\RGB1_SUB26ACT1F76.jpg,0,0,0.016062995418906212
531,26,1,91,D:\Skripsi\Experiment\data\raw\RGB1\S26\AC1\RGB1_SUB26ACT1F91.jpg,0,0,0.03320729732513428
532,26,5,1,D:\Skripsi\Experiment\data\raw\RGB1\S26\AC5\RGB1_SUB26ACT5F1.jpg,1,1,0.8346920013427734
533,26,5,16,D:\Skripsi\Experiment\data\raw\RGB1\S26\AC5\RGB1_SUB26ACT5F16.jpg,1,1,0.8154107332229614
534,26,5,31,D:\Skripsi\Experiment\data\raw\RGB1\S26\AC5\RGB1_SUB26ACT5F31.jpg,1,1,0.8225455284118652
535,26,5,46,D:\Skripsi\Experiment\data\raw\RGB1\S26\AC5\RGB1_SUB26ACT5F46.jpg,1,1,0.5406155586242676
536,26,5,61,D:\Skripsi\Experiment\data\raw\RGB1\S26\AC5\RGB1_SUB26ACT5F61.jpg,1,0,0.4742119610309601
537,26,5,76,D:\Skripsi\Experiment\data\raw\RGB1\S26\AC5\RGB1_SUB26ACT5F76.jpg,1,1,0.5295708775520325
538,26,6,1,D:\Skripsi\Experiment\data\raw\RGB1\S26\AC6\RGB1_SUB26ACT6F1.jpg,1,1,0.8690099716186523
539,26,6,16,D:\Skripsi\Experiment\data\raw\RGB1\S26\AC6\RGB1_SUB26ACT6F16.jpg,1,1,0.9121759533882141
540,26,6,31,D:\Skripsi\Experiment\data\raw\RGB1\S26\AC6\RGB1_SUB26ACT6F31.jpg,1,1,0.9028064012527466
541,26,6,46,D:\Skripsi\Experiment\data\raw\RGB1\S26\AC6\RGB1_SUB26ACT6F46.jpg,1,1,0.8584977388381958
542,26,6,61,D:\Skripsi\Experiment\data\raw\RGB1\S26\AC6\RGB1_SUB26ACT6F61.jpg,1,1,0.9138500690460205
543,26,6,76,D:\Skripsi\Experiment\data\raw\RGB1\S26\AC6\RGB1_SUB26ACT6F76.jpg,1,1,0.9120876789093018
544,26,6,91,D:\Skripsi\Experiment\data\raw\RGB1\S26\AC6\RGB1_SUB26ACT6F91.jpg,1,1,0.9101511240005493
545,26,7,1,D:\Skripsi\Experiment\data\raw\RGB1\S26\AC7\RGB1_SUB26ACT7F1.jpg,1,1,0.8961909413337708
546,26,7,106,D:\Skripsi\Experiment\data\raw\RGB1\S26\AC7\RGB1_SUB26ACT7F106.jpg,1,1,0.8896779417991638
547,26,7,121,D:\Skripsi\Experiment\data\raw\RGB1\S26\AC7\RGB1_SUB26ACT7F121.jpg,1,1,0.8239164352416992
548,26,7,136,D:\Skripsi\Experiment\data\raw\RGB1\S26\AC7\RGB1_SUB26ACT7F136.jpg,1,1,0.8767578601837158
549,26,7,151,D:\Skripsi\Experiment\data\raw\RGB1\S26\AC7\RGB1_SUB26ACT7F151.jpg,1,1,0.9166736602783203
550,26,7,16,D:\Skripsi\Experiment\data\raw\RGB1\S26\AC7\RGB1_SUB26ACT7F16.jpg,1,1,0.7714693546295166
551,26,7,166,D:\Skripsi\Experiment\data\raw\RGB1\S26\AC7\RGB1_SUB26ACT7F166.jpg,1,1,0.8306589722633362
552,26,7,31,D:\Skripsi\Experiment\data\raw\RGB1\S26\AC7\RGB1_SUB26ACT7F31.jpg,1,1,0.9061850905418396
553,26,7,46,D:\Skripsi\Experiment\data\raw\RGB1\S26\AC7\RGB1_SUB26ACT7F46.jpg,1,1,0.8691783547401428
554,26,7,61,D:\Skripsi\Experiment\data\raw\RGB1\S26\AC7\RGB1_SUB26ACT7F61.jpg,1,1,0.8758326768875122
555,26,7,76,D:\Skripsi\Experiment\data\raw\RGB1\S26\AC7\RGB1_SUB26ACT7F76.jpg,1,1,0.8825586438179016
556,26,7,91,D:\Skripsi\Experiment\data\raw\RGB1\S26\AC7\RGB1_SUB26ACT7F91.jpg,1,1,0.8943225741386414
557,26,8,1,D:\Skripsi\Experiment\data\raw\RGB1\S26\AC8\RGB1_SUB26ACT8F1.jpg,1,1,0.8544844388961792
558,26,8,106,D:\Skripsi\Experiment\data\raw\RGB1\S26\AC8\RGB1_SUB26ACT8F106.jpg,1,1,0.9342394471168518
559,26,8,16,D:\Skripsi\Experiment\data\raw\RGB1\S26\AC8\RGB1_SUB26ACT8F16.jpg,1,1,0.9313243627548218
560,26,8,31,D:\Skripsi\Experiment\data\raw\RGB1\S26\AC8\RGB1_SUB26ACT8F31.jpg,1,1,0.9367240071296692
561,26,8,46,D:\Skripsi\Experiment\data\raw\RGB1\S26\AC8\RGB1_SUB26ACT8F46.jpg,1,1,0.9048625826835632
562,26,8,61,D:\Skripsi\Experiment\data\raw\RGB1\S26\AC8\RGB1_SUB26ACT8F61.jpg,1,1,0.9532450437545776
563,26,8,76,D:\Skripsi\Experiment\data\raw\RGB1\S26\AC8\RGB1_SUB26ACT8F76.jpg,1,1,0.9085789918899536
564,26,8,91,D:\Skripsi\Experiment\data\raw\RGB1\S26\AC8\RGB1_SUB26ACT8F91.jpg,1,1,0.9454089403152466
565,26,9,1,D:\Skripsi\Experiment\data\raw\RGB1\S26\AC9\RGB1_SUB26ACT9F1.jpg,1,1,0.9276778101921082
566,26,9,106,D:\Skripsi\Experiment\data\raw\RGB1\S26\AC9\RGB1_SUB26ACT9F106.jpg,1,1,0.885655403137207
567,26,9,121,D:\Skripsi\Experiment\data\raw\RGB1\S26\AC9\RGB1_SUB26ACT9F121.jpg,1,1,0.861609160900116
568,26,9,16,D:\Skripsi\Experiment\data\raw\RGB1\S26\AC9\RGB1_SUB26ACT9F16.jpg,1,1,0.9139197468757629
569,26,9,31,D:\Skripsi\Experiment\data\raw\RGB1\S26\AC9\RGB1_SUB26ACT9F31.jpg,1,1,0.6813640594482422
570,26,9,46,D:\Skripsi\Experiment\data\raw\RGB1\S26\AC9\RGB1_SUB26ACT9F46.jpg,1,1,0.8742703199386597
571,26,9,61,D:\Skripsi\Experiment\data\raw\RGB1\S26\AC9\RGB1_SUB26ACT9F61.jpg,1,1,0.9105451107025146
572,26,9,76,D:\Skripsi\Experiment\data\raw\RGB1\S26\AC9\RGB1_SUB26ACT9F76.jpg,1,1,0.899739146232605
573,26,9,91,D:\Skripsi\Experiment\data\raw\RGB1\S26\AC9\RGB1_SUB26ACT9F91.jpg,1,1,0.8329595923423767
574,28,1,1,D:\Skripsi\Experiment\data\raw\RGB1\S28\AC1\RGB1_SUB28ACT1F1.jpg,0,0,0.005379972513765097
575,28,1,106,D:\Skripsi\Experiment\data\raw\RGB1\S28\AC1\RGB1_SUB28ACT1F106.jpg,0,0,0.04855417087674141
576,28,1,121,D:\Skripsi\Experiment\data\raw\RGB1\S28\AC1\RGB1_SUB28ACT1F121.jpg,0,0,0.03599726781249046
577,28,1,16,D:\Skripsi\Experiment\data\raw\RGB1\S28\AC1\RGB1_SUB28ACT1F16.jpg,0,0,0.0133733581751585
578,28,1,31,D:\Skripsi\Experiment\data\raw\RGB1\S28\AC1\RGB1_SUB28ACT1F31.jpg,0,0,0.01575915887951851
579,28,1,46,D:\Skripsi\Experiment\data\raw\RGB1\S28\AC1\RGB1_SUB28ACT1F46.jpg,0,0,0.03328806906938553
580,28,1,61,D:\Skripsi\Experiment\data\raw\RGB1\S28\AC1\RGB1_SUB28ACT1F61.jpg,0,0,0.01553446426987648
581,28,1,76,D:\Skripsi\Experiment\data\raw\RGB1\S28\AC1\RGB1_SUB28ACT1F76.jpg,0,0,0.006194363813847303
582,28,1,91,D:\Skripsi\Experiment\data\raw\RGB1\S28\AC1\RGB1_SUB28ACT1F91.jpg,0,0,0.015443629585206509
583,28,5,1,D:\Skripsi\Experiment\data\raw\RGB1\S28\AC5\RGB1_SUB28ACT5F1.jpg,1,1,0.8009547591209412
584,28,5,106,D:\Skripsi\Experiment\data\raw\RGB1\S28\AC5\RGB1_SUB28ACT5F106.jpg,1,1,0.7896637916564941
585,28,5,121,D:\Skripsi\Experiment\data\raw\RGB1\S28\AC5\RGB1_SUB28ACT5F121.jpg,1,0,0.4215235710144043
586,28,5,136,D:\Skripsi\Experiment\data\raw\RGB1\S28\AC5\RGB1_SUB28ACT5F136.jpg,1,1,0.6982998847961426
587,28,5,151,D:\Skripsi\Experiment\data\raw\RGB1\S28\AC5\RGB1_SUB28ACT5F151.jpg,1,1,0.7290948629379272
588,28,5,16,D:\Skripsi\Experiment\data\raw\RGB1\S28\AC5\RGB1_SUB28ACT5F16.jpg,1,1,0.8035928606987
589,28,5,31,D:\Skripsi\Experiment\data\raw\RGB1\S28\AC5\RGB1_SUB28ACT5F31.jpg,1,1,0.7639324069023132
590,28,5,46,D:\Skripsi\Experiment\data\raw\RGB1\S28\AC5\RGB1_SUB28ACT5F46.jpg,1,1,0.861531138420105
591,28,5,61,D:\Skripsi\Experiment\data\raw\RGB1\S28\AC5\RGB1_SUB28ACT5F61.jpg,1,1,0.6503475308418274
592,28,5,76,D:\Skripsi\Experiment\data\raw\RGB1\S28\AC5\RGB1_SUB28ACT5F76.jpg,1,1,0.7595192193984985
593,28,5,91,D:\Skripsi\Experiment\data\raw\RGB1\S28\AC5\RGB1_SUB28ACT5F91.jpg,1,1,0.796303391456604
594,28,6,1,D:\Skripsi\Experiment\data\raw\RGB1\S28\AC6\RGB1_SUB28ACT6F1.jpg,1,1,0.8282306790351868
595,28,6,106,D:\Skripsi\Experiment\data\raw\RGB1\S28\AC6\RGB1_SUB28ACT6F106.jpg,1,1,0.7797825932502747
596,28,6,16,D:\Skripsi\Experiment\data\raw\RGB1\S28\AC6\RGB1_SUB28ACT6F16.jpg,1,1,0.8689417243003845
597,28,6,31,D:\Skripsi\Experiment\data\raw\RGB1\S28\AC6\RGB1_SUB28ACT6F31.jpg,1,1,0.8044361472129822
598,28,6,46,D:\Skripsi\Experiment\data\raw\RGB1\S28\AC6\RGB1_SUB28ACT6F46.jpg,1,1,0.8453753590583801
599,28,6,61,D:\Skripsi\Experiment\data\raw\RGB1\S28\AC6\RGB1_SUB28ACT6F61.jpg,1,1,0.722544252872467
600,28,6,76,D:\Skripsi\Experiment\data\raw\RGB1\S28\AC6\RGB1_SUB28ACT6F76.jpg,1,1,0.8225542306900024
601,28,6,91,D:\Skripsi\Experiment\data\raw\RGB1\S28\AC6\RGB1_SUB28ACT6F91.jpg,1,1,0.7512092590332031
602,28,7,1,D:\Skripsi\Experiment\data\raw\RGB1\S28\AC7\RGB1_SUB28ACT7F1.jpg,1,1,0.8526178002357483
603,28,7,106,D:\Skripsi\Experiment\data\raw\RGB1\S28\AC7\RGB1_SUB28ACT7F106.jpg,1,1,0.9262754321098328
604,28,7,121,D:\Skripsi\Experiment\data\raw\RGB1\S28\AC7\RGB1_SUB28ACT7F121.jpg,1,1,0.9084237217903137
605,28,7,136,D:\Skripsi\Experiment\data\raw\RGB1\S28\AC7\RGB1_SUB28ACT7F136.jpg,1,1,0.8769751787185669
606,28,7,151,D:\Skripsi\Experiment\data\raw\RGB1\S28\AC7\RGB1_SUB28ACT7F151.jpg,1,1,0.8888828754425049
607,28,7,16,D:\Skripsi\Experiment\data\raw\RGB1\S28\AC7\RGB1_SUB28ACT7F16.jpg,1,1,0.7967137694358826
608,28,7,31,D:\Skripsi\Experiment\data\raw\RGB1\S28\AC7\RGB1_SUB28ACT7F31.jpg,1,1,0.9091581106185913
609,28,7,46,D:\Skripsi\Experiment\data\raw\RGB1\S28\AC7\RGB1_SUB28ACT7F46.jpg,1,1,0.9095185399055481
610,28,7,61,D:\Skripsi\Experiment\data\raw\RGB1\S28\AC7\RGB1_SUB28ACT7F61.jpg,1,1,0.917935311794281
611,28,7,76,D:\Skripsi\Experiment\data\raw\RGB1\S28\AC7\RGB1_SUB28ACT7F76.jpg,1,1,0.9215689301490784
612,28,7,91,D:\Skripsi\Experiment\data\raw\RGB1\S28\AC7\RGB1_SUB28ACT7F91.jpg,1,1,0.8705509305000305
613,28,8,1,D:\Skripsi\Experiment\data\raw\RGB1\S28\AC8\RGB1_SUB28ACT8F1.jpg,1,1,0.8586227893829346
614,28,8,106,D:\Skripsi\Experiment\data\raw\RGB1\S28\AC8\RGB1_SUB28ACT8F106.jpg,1,1,0.8732877373695374
615,28,8,16,D:\Skripsi\Experiment\data\raw\RGB1\S28\AC8\RGB1_SUB28ACT8F16.jpg,1,1,0.7240461707115173
616,28,8,31,D:\Skripsi\Experiment\data\raw\RGB1\S28\AC8\RGB1_SUB28ACT8F31.jpg,1,1,0.6903601288795471
617,28,8,46,D:\Skripsi\Experiment\data\raw\RGB1\S28\AC8\RGB1_SUB28ACT8F46.jpg,1,1,0.8490126729011536
618,28,8,61,D:\Skripsi\Experiment\data\raw\RGB1\S28\AC8\RGB1_SUB28ACT8F61.jpg,1,1,0.8433609008789062
619,28,8,76,D:\Skripsi\Experiment\data\raw\RGB1\S28\AC8\RGB1_SUB28ACT8F76.jpg,1,1,0.8796666264533997
620,28,8,91,D:\Skripsi\Experiment\data\raw\RGB1\S28\AC8\RGB1_SUB28ACT8F91.jpg,1,1,0.9368982315063477
621,28,9,1,D:\Skripsi\Experiment\data\raw\RGB1\S28\AC9\RGB1_SUB28ACT9F1.jpg,1,1,0.8634611368179321
622,28,9,106,D:\Skripsi\Experiment\data\raw\RGB1\S28\AC9\RGB1_SUB28ACT9F106.jpg,1,0,0.496878057718277
623,28,9,121,D:\Skripsi\Experiment\data\raw\RGB1\S28\AC9\RGB1_SUB28ACT9F121.jpg,1,1,0.9045355916023254
624,28,9,136,D:\Skripsi\Experiment\data\raw\RGB1\S28\AC9\RGB1_SUB28ACT9F136.jpg,1,1,0.8615633249282837
625,28,9,151,D:\Skripsi\Experiment\data\raw\RGB1\S28\AC9\RGB1_SUB28ACT9F151.jpg,1,1,0.8836401700973511
626,28,9,16,D:\Skripsi\Experiment\data\raw\RGB1\S28\AC9\RGB1_SUB28ACT9F16.jpg,1,1,0.8255695700645447
627,28,9,31,D:\Skripsi\Experiment\data\raw\RGB1\S28\AC9\RGB1_SUB28ACT9F31.jpg,1,1,0.5642212629318237
628,28,9,46,D:\Skripsi\Experiment\data\raw\RGB1\S28\AC9\RGB1_SUB28ACT9F46.jpg,1,1,0.8402780294418335
629,28,9,61,D:\Skripsi\Experiment\data\raw\RGB1\S28\AC9\RGB1_SUB28ACT9F61.jpg,1,1,0.8620651960372925
630,28,9,76,D:\Skripsi\Experiment\data\raw\RGB1\S28\AC9\RGB1_SUB28ACT9F76.jpg,1,1,0.8347791433334351
631,28,9,91,D:\Skripsi\Experiment\data\raw\RGB1\S28\AC9\RGB1_SUB28ACT9F91.jpg,1,1,0.6559221148490906
632,29,1,1,D:\Skripsi\Experiment\data\raw\RGB1\S29\AC1\RGB1_SUB29ACT1F1.jpg,0,0,0.03839655965566635
633,29,1,106,D:\Skripsi\Experiment\data\raw\RGB1\S29\AC1\RGB1_SUB29ACT1F106.jpg,0,0,0.050000566989183426
634,29,1,121,D:\Skripsi\Experiment\data\raw\RGB1\S29\AC1\RGB1_SUB29ACT1F121.jpg,0,0,0.06575854867696762
635,29,1,16,D:\Skripsi\Experiment\data\raw\RGB1\S29\AC1\RGB1_SUB29ACT1F16.jpg,0,0,0.21473407745361328
636,29,1,31,D:\Skripsi\Experiment\data\raw\RGB1\S29\AC1\RGB1_SUB29ACT1F31.jpg,0,0,0.06036961078643799
637,29,1,46,D:\Skripsi\Experiment\data\raw\RGB1\S29\AC1\RGB1_SUB29ACT1F46.jpg,0,0,0.4296724200248718
638,29,1,61,D:\Skripsi\Experiment\data\raw\RGB1\S29\AC1\RGB1_SUB29ACT1F61.jpg,0,0,0.06339307129383087
639,29,1,76,D:\Skripsi\Experiment\data\raw\RGB1\S29\AC1\RGB1_SUB29ACT1F76.jpg,0,0,0.046488795429468155
640,29,1,91,D:\Skripsi\Experiment\data\raw\RGB1\S29\AC1\RGB1_SUB29ACT1F91.jpg,0,0,0.36732053756713867
641,29,5,1,D:\Skripsi\Experiment\data\raw\RGB1\S29\AC5\RGB1_SUB29ACT5F1.jpg,1,1,0.7578344345092773
642,29,5,106,D:\Skripsi\Experiment\data\raw\RGB1\S29\AC5\RGB1_SUB29ACT5F106.jpg,1,1,0.7863593101501465
643,29,5,121,D:\Skripsi\Experiment\data\raw\RGB1\S29\AC5\RGB1_SUB29ACT5F121.jpg,1,1,0.9475801587104797
644,29,5,16,D:\Skripsi\Experiment\data\raw\RGB1\S29\AC5\RGB1_SUB29ACT5F16.jpg,1,1,0.9064592719078064
645,29,5,31,D:\Skripsi\Experiment\data\raw\RGB1\S29\AC5\RGB1_SUB29ACT5F31.jpg,1,1,0.8517773151397705
646,29,5,46,D:\Skripsi\Experiment\data\raw\RGB1\S29\AC5\RGB1_SUB29ACT5F46.jpg,1,1,0.6449288129806519
647,29,5,61,D:\Skripsi\Experiment\data\raw\RGB1\S29\AC5\RGB1_SUB29ACT5F61.jpg,1,1,0.8860607147216797
648,29,5,76,D:\Skripsi\Experiment\data\raw\RGB1\S29\AC5\RGB1_SUB29ACT5F76.jpg,1,1,0.9226118326187134
649,29,5,91,D:\Skripsi\Experiment\data\raw\RGB1\S29\AC5\RGB1_SUB29ACT5F91.jpg,1,1,0.8119049668312073
650,29,6,1,D:\Skripsi\Experiment\data\raw\RGB1\S29\AC6\RGB1_SUB29ACT6F1.jpg,1,1,0.9044408202171326
651,29,6,106,D:\Skripsi\Experiment\data\raw\RGB1\S29\AC6\RGB1_SUB29ACT6F106.jpg,1,1,0.7061243057250977
652,29,6,16,D:\Skripsi\Experiment\data\raw\RGB1\S29\AC6\RGB1_SUB29ACT6F16.jpg,1,1,0.9374945163726807
653,29,6,31,D:\Skripsi\Experiment\data\raw\RGB1\S29\AC6\RGB1_SUB29ACT6F31.jpg,1,1,0.8904151320457458
654,29,6,46,D:\Skripsi\Experiment\data\raw\RGB1\S29\AC6\RGB1_SUB29ACT6F46.jpg,1,1,0.8966098427772522
655,29,6,61,D:\Skripsi\Experiment\data\raw\RGB1\S29\AC6\RGB1_SUB29ACT6F61.jpg,1,1,0.9200698733329773
656,29,6,76,D:\Skripsi\Experiment\data\raw\RGB1\S29\AC6\RGB1_SUB29ACT6F76.jpg,1,1,0.8888572454452515
657,29,6,91,D:\Skripsi\Experiment\data\raw\RGB1\S29\AC6\RGB1_SUB29ACT6F91.jpg,1,1,0.8024576902389526
658,29,7,1,D:\Skripsi\Experiment\data\raw\RGB1\S29\AC7\RGB1_SUB29ACT7F1.jpg,1,1,0.8166802525520325
659,29,7,106,D:\Skripsi\Experiment\data\raw\RGB1\S29\AC7\RGB1_SUB29ACT7F106.jpg,1,1,0.9294512271881104
660,29,7,121,D:\Skripsi\Experiment\data\raw\RGB1\S29\AC7\RGB1_SUB29ACT7F121.jpg,1,1,0.932703971862793
661,29,7,16,D:\Skripsi\Experiment\data\raw\RGB1\S29\AC7\RGB1_SUB29ACT7F16.jpg,1,1,0.9022379517555237
662,29,7,31,D:\Skripsi\Experiment\data\raw\RGB1\S29\AC7\RGB1_SUB29ACT7F31.jpg,1,1,0.9158892631530762
663,29,7,46,D:\Skripsi\Experiment\data\raw\RGB1\S29\AC7\RGB1_SUB29ACT7F46.jpg,1,1,0.9152942895889282
664,29,7,61,D:\Skripsi\Experiment\data\raw\RGB1\S29\AC7\RGB1_SUB29ACT7F61.jpg,1,1,0.901089608669281
665,29,7,76,D:\Skripsi\Experiment\data\raw\RGB1\S29\AC7\RGB1_SUB29ACT7F76.jpg,1,1,0.9189426898956299
666,29,7,91,D:\Skripsi\Experiment\data\raw\RGB1\S29\AC7\RGB1_SUB29ACT7F91.jpg,1,1,0.9023800492286682
667,29,8,1,D:\Skripsi\Experiment\data\raw\RGB1\S29\AC8\RGB1_SUB29ACT8F1.jpg,1,1,0.8627855181694031
668,29,8,106,D:\Skripsi\Experiment\data\raw\RGB1\S29\AC8\RGB1_SUB29ACT8F106.jpg,1,1,0.8484857082366943
669,29,8,121,D:\Skripsi\Experiment\data\raw\RGB1\S29\AC8\RGB1_SUB29ACT8F121.jpg,1,1,0.9049898386001587
670,29,8,136,D:\Skripsi\Experiment\data\raw\RGB1\S29\AC8\RGB1_SUB29ACT8F136.jpg,1,1,0.9197919964790344
671,29,8,151,D:\Skripsi\Experiment\data\raw\RGB1\S29\AC8\RGB1_SUB29ACT8F151.jpg,1,1,0.9265231490135193
672,29,8,16,D:\Skripsi\Experiment\data\raw\RGB1\S29\AC8\RGB1_SUB29ACT8F16.jpg,1,1,0.8105871677398682
673,29,8,31,D:\Skripsi\Experiment\data\raw\RGB1\S29\AC8\RGB1_SUB29ACT8F31.jpg,1,1,0.8212703466415405
674,29,8,46,D:\Skripsi\Experiment\data\raw\RGB1\S29\AC8\RGB1_SUB29ACT8F46.jpg,1,1,0.8706269264221191
675,29,8,61,D:\Skripsi\Experiment\data\raw\RGB1\S29\AC8\RGB1_SUB29ACT8F61.jpg,1,1,0.7761747241020203
676,29,8,76,D:\Skripsi\Experiment\data\raw\RGB1\S29\AC8\RGB1_SUB29ACT8F76.jpg,1,1,0.7905465960502625
677,29,8,91,D:\Skripsi\Experiment\data\raw\RGB1\S29\AC8\RGB1_SUB29ACT8F91.jpg,1,1,0.747610867023468
678,29,9,1,D:\Skripsi\Experiment\data\raw\RGB1\S29\AC9\RGB1_SUB29ACT9F1.jpg,1,1,0.9489767551422119
679,29,9,106,D:\Skripsi\Experiment\data\raw\RGB1\S29\AC9\RGB1_SUB29ACT9F106.jpg,1,1,0.8823004961013794
680,29,9,121,D:\Skripsi\Experiment\data\raw\RGB1\S29\AC9\RGB1_SUB29ACT9F121.jpg,1,1,0.8902561664581299
681,29,9,136,D:\Skripsi\Experiment\data\raw\RGB1\S29\AC9\RGB1_SUB29ACT9F136.jpg,1,1,0.8527804613113403
682,29,9,151,D:\Skripsi\Experiment\data\raw\RGB1\S29\AC9\RGB1_SUB29ACT9F151.jpg,1,1,0.8508275151252747
683,29,9,16,D:\Skripsi\Experiment\data\raw\RGB1\S29\AC9\RGB1_SUB29ACT9F16.jpg,1,1,0.8782035112380981
684,29,9,31,D:\Skripsi\Experiment\data\raw\RGB1\S29\AC9\RGB1_SUB29ACT9F31.jpg,1,1,0.8567754626274109
685,29,9,46,D:\Skripsi\Experiment\data\raw\RGB1\S29\AC9\RGB1_SUB29ACT9F46.jpg,1,1,0.8525997400283813
686,29,9,61,D:\Skripsi\Experiment\data\raw\RGB1\S29\AC9\RGB1_SUB29ACT9F61.jpg,1,1,0.9065084457397461
687,29,9,76,D:\Skripsi\Experiment\data\raw\RGB1\S29\AC9\RGB1_SUB29ACT9F76.jpg,1,1,0.900550365447998
688,29,9,91,D:\Skripsi\Experiment\data\raw\RGB1\S29\AC9\RGB1_SUB29ACT9F91.jpg,1,1,0.8568223714828491
689,30,1,1,D:\Skripsi\Experiment\data\raw\RGB1\S30\AC1\RGB1_SUB30ACT1F1.jpg,0,0,0.007256530225276947
690,30,1,106,D:\Skripsi\Experiment\data\raw\RGB1\S30\AC1\RGB1_SUB30ACT1F106.jpg,0,0,0.14714422821998596
691,30,1,16,D:\Skripsi\Experiment\data\raw\RGB1\S30\AC1\RGB1_SUB30ACT1F16.jpg,0,0,0.017202647402882576
692,30,1,31,D:\Skripsi\Experiment\data\raw\RGB1\S30\AC1\RGB1_SUB30ACT1F31.jpg,0,0,0.017017822712659836
693,30,1,46,D:\Skripsi\Experiment\data\raw\RGB1\S30\AC1\RGB1_SUB30ACT1F46.jpg,0,1,0.7357656955718994
694,30,1,61,D:\Skripsi\Experiment\data\raw\RGB1\S30\AC1\RGB1_SUB30ACT1F61.jpg,0,0,0.016838358715176582
695,30,1,76,D:\Skripsi\Experiment\data\raw\RGB1\S30\AC1\RGB1_SUB30ACT1F76.jpg,0,0,0.059856921434402466
696,30,1,91,D:\Skripsi\Experiment\data\raw\RGB1\S30\AC1\RGB1_SUB30ACT1F91.jpg,0,0,0.22254741191864014
697,30,5,1,D:\Skripsi\Experiment\data\raw\RGB1\S30\AC5\RGB1_SUB30ACT5F1.jpg,1,1,0.8249088525772095
698,30,5,106,D:\Skripsi\Experiment\data\raw\RGB1\S30\AC5\RGB1_SUB30ACT5F106.jpg,1,1,0.8932675719261169
699,30,5,16,D:\Skripsi\Experiment\data\raw\RGB1\S30\AC5\RGB1_SUB30ACT5F16.jpg,1,1,0.7446351647377014
700,30,5,31,D:\Skripsi\Experiment\data\raw\RGB1\S30\AC5\RGB1_SUB30ACT5F31.jpg,1,1,0.8866657614707947
701,30,5,46,D:\Skripsi\Experiment\data\raw\RGB1\S30\AC5\RGB1_SUB30ACT5F46.jpg,1,1,0.9032044410705566
702,30,5,61,D:\Skripsi\Experiment\data\raw\RGB1\S30\AC5\RGB1_SUB30ACT5F61.jpg,1,1,0.8667013049125671
703,30,5,76,D:\Skripsi\Experiment\data\raw\RGB1\S30\AC5\RGB1_SUB30ACT5F76.jpg,1,1,0.9011406302452087
704,30,5,91,D:\Skripsi\Experiment\data\raw\RGB1\S30\AC5\RGB1_SUB30ACT5F91.jpg,1,1,0.8578539490699768
705,30,6,1,D:\Skripsi\Experiment\data\raw\RGB1\S30\AC6\RGB1_SUB30ACT6F1.jpg,1,1,0.8436609506607056
706,30,6,106,D:\Skripsi\Experiment\data\raw\RGB1\S30\AC6\RGB1_SUB30ACT6F106.jpg,1,1,0.8756393790245056
707,30,6,121,D:\Skripsi\Experiment\data\raw\RGB1\S30\AC6\RGB1_SUB30ACT6F121.jpg,1,1,0.8525129556655884
708,30,6,16,D:\Skripsi\Experiment\data\raw\RGB1\S30\AC6\RGB1_SUB30ACT6F16.jpg,1,1,0.8253729939460754
709,30,6,31,D:\Skripsi\Experiment\data\raw\RGB1\S30\AC6\RGB1_SUB30ACT6F31.jpg,1,1,0.7590019106864929
710,30,6,46,D:\Skripsi\Experiment\data\raw\RGB1\S30\AC6\RGB1_SUB30ACT6F46.jpg,1,1,0.841072142124176
711,30,6,61,D:\Skripsi\Experiment\data\raw\RGB1\S30\AC6\RGB1_SUB30ACT6F61.jpg,1,1,0.8318536877632141
712,30,6,76,D:\Skripsi\Experiment\data\raw\RGB1\S30\AC6\RGB1_SUB30ACT6F76.jpg,1,1,0.7955231070518494
713,30,6,91,D:\Skripsi\Experiment\data\raw\RGB1\S30\AC6\RGB1_SUB30ACT6F91.jpg,1,1,0.806586742401123
714,30,7,1,D:\Skripsi\Experiment\data\raw\RGB1\S30\AC7\RGB1_SUB30ACT7F1.jpg,1,1,0.8568252325057983
715,30,7,106,D:\Skripsi\Experiment\data\raw\RGB1\S30\AC7\RGB1_SUB30ACT7F106.jpg,1,1,0.8575981259346008
716,30,7,121,D:\Skripsi\Experiment\data\raw\RGB1\S30\AC7\RGB1_SUB30ACT7F121.jpg,1,1,0.8638332486152649
717,30,7,136,D:\Skripsi\Experiment\data\raw\RGB1\S30\AC7\RGB1_SUB30ACT7F136.jpg,1,1,0.8763406872749329
718,30,7,151,D:\Skripsi\Experiment\data\raw\RGB1\S30\AC7\RGB1_SUB30ACT7F151.jpg,1,1,0.9161615371704102
719,30,7,16,D:\Skripsi\Experiment\data\raw\RGB1\S30\AC7\RGB1_SUB30ACT7F16.jpg,1,1,0.9466641545295715
720,30,7,166,D:\Skripsi\Experiment\data\raw\RGB1\S30\AC7\RGB1_SUB30ACT7F166.jpg,1,1,0.8667078614234924
721,30,7,31,D:\Skripsi\Experiment\data\raw\RGB1\S30\AC7\RGB1_SUB30ACT7F31.jpg,1,1,0.9349781274795532
722,30,7,46,D:\Skripsi\Experiment\data\raw\RGB1\S30\AC7\RGB1_SUB30ACT7F46.jpg,1,1,0.8222822546958923
723,30,7,61,D:\Skripsi\Experiment\data\raw\RGB1\S30\AC7\RGB1_SUB30ACT7F61.jpg,1,1,0.8652288317680359
724,30,7,76,D:\Skripsi\Experiment\data\raw\RGB1\S30\AC7\RGB1_SUB30ACT7F76.jpg,1,1,0.8807731866836548
725,30,7,91,D:\Skripsi\Experiment\data\raw\RGB1\S30\AC7\RGB1_SUB30ACT7F91.jpg,1,1,0.8572168946266174
726,30,8,1,D:\Skripsi\Experiment\data\raw\RGB1\S30\AC8\RGB1_SUB30ACT8F1.jpg,1,1,0.9010884165763855
727,30,8,106,D:\Skripsi\Experiment\data\raw\RGB1\S30\AC8\RGB1_SUB30ACT8F106.jpg,1,1,0.6572393774986267
728,30,8,121,D:\Skripsi\Experiment\data\raw\RGB1\S30\AC8\RGB1_SUB30ACT8F121.jpg,1,1,0.8669531345367432
729,30,8,136,D:\Skripsi\Experiment\data\raw\RGB1\S30\AC8\RGB1_SUB30ACT8F136.jpg,1,1,0.8581044673919678
730,30,8,16,D:\Skripsi\Experiment\data\raw\RGB1\S30\AC8\RGB1_SUB30ACT8F16.jpg,1,1,0.7298620343208313
731,30,8,31,D:\Skripsi\Experiment\data\raw\RGB1\S30\AC8\RGB1_SUB30ACT8F31.jpg,1,1,0.7679398655891418
732,30,8,46,D:\Skripsi\Experiment\data\raw\RGB1\S30\AC8\RGB1_SUB30ACT8F46.jpg,1,1,0.8354319930076599
733,30,8,61,D:\Skripsi\Experiment\data\raw\RGB1\S30\AC8\RGB1_SUB30ACT8F61.jpg,1,1,0.8203172087669373
734,30,8,76,D:\Skripsi\Experiment\data\raw\RGB1\S30\AC8\RGB1_SUB30ACT8F76.jpg,1,1,0.8093721270561218
735,30,8,91,D:\Skripsi\Experiment\data\raw\RGB1\S30\AC8\RGB1_SUB30ACT8F91.jpg,1,1,0.8364261388778687
736,30,9,1,D:\Skripsi\Experiment\data\raw\RGB1\S30\AC9\RGB1_SUB30ACT9F1.jpg,1,1,0.6070231199264526
737,30,9,106,D:\Skripsi\Experiment\data\raw\RGB1\S30\AC9\RGB1_SUB30ACT9F106.jpg,1,1,0.7737664580345154
738,30,9,121,D:\Skripsi\Experiment\data\raw\RGB1\S30\AC9\RGB1_SUB30ACT9F121.jpg,1,1,0.88957679271698
739,30,9,16,D:\Skripsi\Experiment\data\raw\RGB1\S30\AC9\RGB1_SUB30ACT9F16.jpg,1,1,0.8961334824562073
740,30,9,31,D:\Skripsi\Experiment\data\raw\RGB1\S30\AC9\RGB1_SUB30ACT9F31.jpg,1,1,0.917884111404419
741,30,9,46,D:\Skripsi\Experiment\data\raw\RGB1\S30\AC9\RGB1_SUB30ACT9F46.jpg,1,1,0.9571217894554138
742,30,9,61,D:\Skripsi\Experiment\data\raw\RGB1\S30\AC9\RGB1_SUB30ACT9F61.jpg,1,1,0.8782718181610107
743,30,9,76,D:\Skripsi\Experiment\data\raw\RGB1\S30\AC9\RGB1_SUB30ACT9F76.jpg,1,1,0.7812550663948059
744,30,9,91,D:\Skripsi\Experiment\data\raw\RGB1\S30\AC9\RGB1_SUB30ACT9F91.jpg,1,1,0.8019124269485474
745,31,1,1,D:\Skripsi\Experiment\data\raw\RGB1\S31\AC1\RGB1_SUB31ACT1F1.jpg,0,0,0.029451915994286537
746,31,1,16,D:\Skripsi\Experiment\data\raw\RGB1\S31\AC1\RGB1_SUB31ACT1F16.jpg,0,0,0.044463690370321274
747,31,1,31,D:\Skripsi\Experiment\data\raw\RGB1\S31\AC1\RGB1_SUB31ACT1F31.jpg,0,0,0.2683477997779846
748,31,1,46,D:\Skripsi\Experiment\data\raw\RGB1\S31\AC1\RGB1_SUB31ACT1F46.jpg,0,0,0.46462297439575195
749,31,1,61,D:\Skripsi\Experiment\data\raw\RGB1\S31\AC1\RGB1_SUB31ACT1F61.jpg,0,0,0.16919122636318207
750,31,1,76,D:\Skripsi\Experiment\data\raw\RGB1\S31\AC1\RGB1_SUB31ACT1F76.jpg,0,0,0.16294151544570923
751,31,1,91,D:\Skripsi\Experiment\data\raw\RGB1\S31\AC1\RGB1_SUB31ACT1F91.jpg,0,0,0.18170443177223206
752,31,9,1,D:\Skripsi\Experiment\data\raw\RGB1\S31\AC10\RGB1_SUB31ACT10F1.jpg,1,1,0.8021347522735596
753,31,9,106,D:\Skripsi\Experiment\data\raw\RGB1\S31\AC10\RGB1_SUB31ACT10F106.jpg,1,0,0.34061625599861145
754,31,9,121,D:\Skripsi\Experiment\data\raw\RGB1\S31\AC10\RGB1_SUB31ACT10F121.jpg,1,1,0.6173238754272461
755,31,9,136,D:\Skripsi\Experiment\data\raw\RGB1\S31\AC10\RGB1_SUB31ACT10F136.jpg,1,0,0.17863698303699493
756,31,9,16,D:\Skripsi\Experiment\data\raw\RGB1\S31\AC10\RGB1_SUB31ACT10F16.jpg,1,1,0.8210051655769348
757,31,9,31,D:\Skripsi\Experiment\data\raw\RGB1\S31\AC10\RGB1_SUB31ACT10F31.jpg,1,1,0.7881913185119629
758,31,9,46,D:\Skripsi\Experiment\data\raw\RGB1\S31\AC10\RGB1_SUB31ACT10F46.jpg,1,1,0.6758728623390198
759,31,9,61,D:\Skripsi\Experiment\data\raw\RGB1\S31\AC10\RGB1_SUB31ACT10F61.jpg,1,1,0.7834484577178955
760,31,9,76,D:\Skripsi\Experiment\data\raw\RGB1\S31\AC10\RGB1_SUB31ACT10F76.jpg,1,1,0.8480235934257507
761,31,9,91,D:\Skripsi\Experiment\data\raw\RGB1\S31\AC10\RGB1_SUB31ACT10F91.jpg,1,0,0.2913611829280853
762,31,5,1,D:\Skripsi\Experiment\data\raw\RGB1\S31\AC5\RGB1_SUB31ACT5F1.jpg,1,1,0.9173786044120789
763,31,5,16,D:\Skripsi\Experiment\data\raw\RGB1\S31\AC5\RGB1_SUB31ACT5F16.jpg,1,1,0.8882884383201599
764,31,5,31,D:\Skripsi\Experiment\data\raw\RGB1\S31\AC5\RGB1_SUB31ACT5F31.jpg,1,1,0.9417828917503357
765,31,5,46,D:\Skripsi\Experiment\data\raw\RGB1\S31\AC5\RGB1_SUB31ACT5F46.jpg,1,1,0.9261789321899414
766,31,5,61,D:\Skripsi\Experiment\data\raw\RGB1\S31\AC5\RGB1_SUB31ACT5F61.jpg,1,1,0.9277913570404053
767,31,5,76,D:\Skripsi\Experiment\data\raw\RGB1\S31\AC5\RGB1_SUB31ACT5F76.jpg,1,1,0.9241194128990173
768,31,5,91,D:\Skripsi\Experiment\data\raw\RGB1\S31\AC5\RGB1_SUB31ACT5F91.jpg,1,1,0.9361577033996582
769,31,6,1,D:\Skripsi\Experiment\data\raw\RGB1\S31\AC6\RGB1_SUB31ACT6F1.jpg,1,1,0.790485680103302
770,31,6,16,D:\Skripsi\Experiment\data\raw\RGB1\S31\AC6\RGB1_SUB31ACT6F16.jpg,1,1,0.900276780128479
771,31,6,31,D:\Skripsi\Experiment\data\raw\RGB1\S31\AC6\RGB1_SUB31ACT6F31.jpg,1,1,0.8772382140159607
772,31,6,46,D:\Skripsi\Experiment\data\raw\RGB1\S31\AC6\RGB1_SUB31ACT6F46.jpg,1,1,0.9161656498908997
773,31,6,61,D:\Skripsi\Experiment\data\raw\RGB1\S31\AC6\RGB1_SUB31ACT6F61.jpg,1,1,0.8492497801780701
774,31,6,76,D:\Skripsi\Experiment\data\raw\RGB1\S31\AC6\RGB1_SUB31ACT6F76.jpg,1,1,0.7992158532142639
775,31,7,1,D:\Skripsi\Experiment\data\raw\RGB1\S31\AC7\RGB1_SUB31ACT7F1.jpg,1,1,0.6240231394767761
776,31,7,106,D:\Skripsi\Experiment\data\raw\RGB1\S31\AC7\RGB1_SUB31ACT7F106.jpg,1,1,0.8845527172088623
777,31,7,16,D:\Skripsi\Experiment\data\raw\RGB1\S31\AC7\RGB1_SUB31ACT7F16.jpg,1,1,0.9043198227882385
778,31,7,31,D:\Skripsi\Experiment\data\raw\RGB1\S31\AC7\RGB1_SUB31ACT7F31.jpg,1,1,0.8643858432769775
779,31,7,46,D:\Skripsi\Experiment\data\raw\RGB1\S31\AC7\RGB1_SUB31ACT7F46.jpg,1,1,0.9009760618209839
780,31,7,61,D:\Skripsi\Experiment\data\raw\RGB1\S31\AC7\RGB1_SUB31ACT7F61.jpg,1,1,0.8129889965057373
781,31,7,76,D:\Skripsi\Experiment\data\raw\RGB1\S31\AC7\RGB1_SUB31ACT7F76.jpg,1,1,0.8760142922401428
782,31,7,91,D:\Skripsi\Experiment\data\raw\RGB1\S31\AC7\RGB1_SUB31ACT7F91.jpg,1,1,0.9061693549156189
783,31,8,1,D:\Skripsi\Experiment\data\raw\RGB1\S31\AC8\RGB1_SUB31ACT8F1.jpg,1,1,0.925921618938446
784,31,8,106,D:\Skripsi\Experiment\data\raw\RGB1\S31\AC8\RGB1_SUB31ACT8F106.jpg,1,1,0.9401986002922058
785,31,8,121,D:\Skripsi\Experiment\data\raw\RGB1\S31\AC8\RGB1_SUB31ACT8F121.jpg,1,1,0.940101683139801
786,31,8,16,D:\Skripsi\Experiment\data\raw\RGB1\S31\AC8\RGB1_SUB31ACT8F16.jpg,1,1,0.918545663356781
787,31,8,31,D:\Skripsi\Experiment\data\raw\RGB1\S31\AC8\RGB1_SUB31ACT8F31.jpg,1,1,0.916251003742218
788,31,8,46,D:\Skripsi\Experiment\data\raw\RGB1\S31\AC8\RGB1_SUB31ACT8F46.jpg,1,1,0.934010922908783
789,31,8,61,D:\Skripsi\Experiment\data\raw\RGB1\S31\AC8\RGB1_SUB31ACT8F61.jpg,1,1,0.9284641742706299
790,31,8,76,D:\Skripsi\Experiment\data\raw\RGB1\S31\AC8\RGB1_SUB31ACT8F76.jpg,1,1,0.9336842894554138
791,31,8,91,D:\Skripsi\Experiment\data\raw\RGB1\S31\AC8\RGB1_SUB31ACT8F91.jpg,1,1,0.94227534532547
792,32,1,1,D:\Skripsi\Experiment\data\raw\RGB1\S32\AC1\RGB1_SUB32ACT1F1.jpg,0,0,0.28666242957115173
793,32,1,16,D:\Skripsi\Experiment\data\raw\RGB1\S32\AC1\RGB1_SUB32ACT1F16.jpg,0,0,0.0239174235612154
794,32,1,31,D:\Skripsi\Experiment\data\raw\RGB1\S32\AC1\RGB1_SUB32ACT1F31.jpg,0,0,0.025957399979233742
795,32,1,46,D:\Skripsi\Experiment\data\raw\RGB1\S32\AC1\RGB1_SUB32ACT1F46.jpg,0,0,0.1992691308259964
796,32,1,61,D:\Skripsi\Experiment\data\raw\RGB1\S32\AC1\RGB1_SUB32ACT1F61.jpg,0,0,0.05914884805679321
797,32,1,76,D:\Skripsi\Experiment\data\raw\RGB1\S32\AC1\RGB1_SUB32ACT1F76.jpg,0,0,0.07633299380540848
798,32,1,91,D:\Skripsi\Experiment\data\raw\RGB1\S32\AC1\RGB1_SUB32ACT1F91.jpg,0,0,0.14298520982265472
799,32,5,1,D:\Skripsi\Experiment\data\raw\RGB1\S32\AC5\RGB1_SUB32ACT5F1.jpg,1,1,0.6417785882949829
800,32,5,16,D:\Skripsi\Experiment\data\raw\RGB1\S32\AC5\RGB1_SUB32ACT5F16.jpg,1,1,0.7183877229690552
801,32,5,31,D:\Skripsi\Experiment\data\raw\RGB1\S32\AC5\RGB1_SUB32ACT5F31.jpg,1,1,0.8544666171073914
802,32,5,46,D:\Skripsi\Experiment\data\raw\RGB1\S32\AC5\RGB1_SUB32ACT5F46.jpg,1,1,0.7652623057365417
803,32,5,61,D:\Skripsi\Experiment\data\raw\RGB1\S32\AC5\RGB1_SUB32ACT5F61.jpg,1,1,0.7800156474113464
804,32,5,76,D:\Skripsi\Experiment\data\raw\RGB1\S32\AC5\RGB1_SUB32ACT5F76.jpg,1,0,0.332293838262558
805,32,5,91,D:\Skripsi\Experiment\data\raw\RGB1\S32\AC5\RGB1_SUB32ACT5F91.jpg,1,1,0.7548040151596069
806,32,6,1,D:\Skripsi\Experiment\data\raw\RGB1\S32\AC6\RGB1_SUB32ACT6F1.jpg,1,1,0.7996121644973755
807,32,6,16,D:\Skripsi\Experiment\data\raw\RGB1\S32\AC6\RGB1_SUB32ACT6F16.jpg,1,1,0.8925338387489319
808,32,6,31,D:\Skripsi\Experiment\data\raw\RGB1\S32\AC6\RGB1_SUB32ACT6F31.jpg,1,1,0.7678343057632446
809,32,6,46,D:\Skripsi\Experiment\data\raw\RGB1\S32\AC6\RGB1_SUB32ACT6F46.jpg,1,1,0.848079264163971
810,32,6,61,D:\Skripsi\Experiment\data\raw\RGB1\S32\AC6\RGB1_SUB32ACT6F61.jpg,1,1,0.6568170785903931
811,32,6,76,D:\Skripsi\Experiment\data\raw\RGB1\S32\AC6\RGB1_SUB32ACT6F76.jpg,1,1,0.8592418432235718
812,32,6,91,D:\Skripsi\Experiment\data\raw\RGB1\S32\AC6\RGB1_SUB32ACT6F91.jpg,1,1,0.855343759059906
813,32,7,1,D:\Skripsi\Experiment\data\raw\RGB1\S32\AC7\RGB1_SUB32ACT7F1.jpg,1,1,0.8620514273643494
814,32,7,16,D:\Skripsi\Experiment\data\raw\RGB1\S32\AC7\RGB1_SUB32ACT7F16.jpg,1,1,0.9053117632865906
815,32,7,31,D:\Skripsi\Experiment\data\raw\RGB1\S32\AC7\RGB1_SUB32ACT7F31.jpg,1,1,0.8967931866645813
816,32,7,46,D:\Skripsi\Experiment\data\raw\RGB1\S32\AC7\RGB1_SUB32ACT7F46.jpg,1,1,0.9086211919784546
817,32,7,61,D:\Skripsi\Experiment\data\raw\RGB1\S32\AC7\RGB1_SUB32ACT7F61.jpg,1,1,0.9111952185630798
818,32,7,76,D:\Skripsi\Experiment\data\raw\RGB1\S32\AC7\RGB1_SUB32ACT7F76.jpg,1,1,0.8920907974243164
819,32,7,91,D:\Skripsi\Experiment\data\raw\RGB1\S32\AC7\RGB1_SUB32ACT7F91.jpg,1,1,0.9096822142601013
820,32,8,1,D:\Skripsi\Experiment\data\raw\RGB1\S32\AC8\RGB1_SUB32ACT8F1.jpg,1,1,0.8985404372215271
821,32,8,16,D:\Skripsi\Experiment\data\raw\RGB1\S32\AC8\RGB1_SUB32ACT8F16.jpg,1,1,0.8296751976013184
822,32,8,31,D:\Skripsi\Experiment\data\raw\RGB1\S32\AC8\RGB1_SUB32ACT8F31.jpg,1,1,0.6660841703414917
823,32,8,46,D:\Skripsi\Experiment\data\raw\RGB1\S32\AC8\RGB1_SUB32ACT8F46.jpg,1,1,0.8022313117980957
824,32,8,61,D:\Skripsi\Experiment\data\raw\RGB1\S32\AC8\RGB1_SUB32ACT8F61.jpg,1,1,0.8203411102294922
825,32,8,76,D:\Skripsi\Experiment\data\raw\RGB1\S32\AC8\RGB1_SUB32ACT8F76.jpg,1,1,0.9006786346435547
826,32,9,1,D:\Skripsi\Experiment\data\raw\RGB1\S32\AC9\RGB1_SUB32ACT9F1.jpg,1,1,0.8790907859802246
827,32,9,16,D:\Skripsi\Experiment\data\raw\RGB1\S32\AC9\RGB1_SUB32ACT9F16.jpg,1,1,0.8699519038200378
828,32,9,31,D:\Skripsi\Experiment\data\raw\RGB1\S32\AC9\RGB1_SUB32ACT9F31.jpg,1,1,0.9440751671791077
829,32,9,46,D:\Skripsi\Experiment\data\raw\RGB1\S32\AC9\RGB1_SUB32ACT9F46.jpg,1,1,0.8366808891296387
830,32,9,61,D:\Skripsi\Experiment\data\raw\RGB1\S32\AC9\RGB1_SUB32ACT9F61.jpg,1,1,0.8930182456970215
831,33,1,1,D:\Skripsi\Experiment\data\raw\RGB1\S33\AC1\RGB1_SUB33ACT1F1.jpg,0,0,0.10393679887056351
832,33,1,16,D:\Skripsi\Experiment\data\raw\RGB1\S33\AC1\RGB1_SUB33ACT1F16.jpg,0,0,0.17123490571975708
833,33,1,31,D:\Skripsi\Experiment\data\raw\RGB1\S33\AC1\RGB1_SUB33ACT1F31.jpg,0,0,0.04725765809416771
834,33,1,46,D:\Skripsi\Experiment\data\raw\RGB1\S33\AC1\RGB1_SUB33ACT1F46.jpg,0,0,0.08049493283033371
835,33,1,61,D:\Skripsi\Experiment\data\raw\RGB1\S33\AC1\RGB1_SUB33ACT1F61.jpg,0,0,0.042098190635442734
836,33,1,76,D:\Skripsi\Experiment\data\raw\RGB1\S33\AC1\RGB1_SUB33ACT1F76.jpg,0,0,0.03336746245622635
837,33,5,1,D:\Skripsi\Experiment\data\raw\RGB1\S33\AC5\RGB1_SUB33ACT5F1.jpg,1,1,0.8856642842292786
838,33,5,16,D:\Skripsi\Experiment\data\raw\RGB1\S33\AC5\RGB1_SUB33ACT5F16.jpg,1,1,0.8890896439552307
839,33,5,31,D:\Skripsi\Experiment\data\raw\RGB1\S33\AC5\RGB1_SUB33ACT5F31.jpg,1,1,0.9238875508308411
840,33,5,46,D:\Skripsi\Experiment\data\raw\RGB1\S33\AC5\RGB1_SUB33ACT5F46.jpg,1,1,0.9082441329956055
841,33,5,61,D:\Skripsi\Experiment\data\raw\RGB1\S33\AC5\RGB1_SUB33ACT5F61.jpg,1,1,0.8915601372718811
842,33,5,76,D:\Skripsi\Experiment\data\raw\RGB1\S33\AC5\RGB1_SUB33ACT5F76.jpg,1,1,0.8974934220314026
843,33,6,1,D:\Skripsi\Experiment\data\raw\RGB1\S33\AC6\RGB1_SUB33ACT6F1.jpg,1,1,0.9190754294395447
844,33,6,16,D:\Skripsi\Experiment\data\raw\RGB1\S33\AC6\RGB1_SUB33ACT6F16.jpg,1,1,0.8218399882316589
845,33,6,31,D:\Skripsi\Experiment\data\raw\RGB1\S33\AC6\RGB1_SUB33ACT6F31.jpg,1,1,0.8002558946609497
846,33,6,46,D:\Skripsi\Experiment\data\raw\RGB1\S33\AC6\RGB1_SUB33ACT6F46.jpg,1,1,0.8739438652992249
847,33,6,61,D:\Skripsi\Experiment\data\raw\RGB1\S33\AC6\RGB1_SUB33ACT6F61.jpg,1,1,0.7991074323654175
848,33,6,76,D:\Skripsi\Experiment\data\raw\RGB1\S33\AC6\RGB1_SUB33ACT6F76.jpg,1,1,0.781676173210144
849,33,7,1,D:\Skripsi\Experiment\data\raw\RGB1\S33\AC7\RGB1_SUB33ACT7F1.jpg,1,1,0.8246593475341797
850,33,7,16,D:\Skripsi\Experiment\data\raw\RGB1\S33\AC7\RGB1_SUB33ACT7F16.jpg,1,1,0.8567061424255371
851,33,7,31,D:\Skripsi\Experiment\data\raw\RGB1\S33\AC7\RGB1_SUB33ACT7F31.jpg,1,1,0.8476524949073792
852,33,7,46,D:\Skripsi\Experiment\data\raw\RGB1\S33\AC7\RGB1_SUB33ACT7F46.jpg,1,1,0.8876165747642517
853,33,7,61,D:\Skripsi\Experiment\data\raw\RGB1\S33\AC7\RGB1_SUB33ACT7F61.jpg,1,1,0.8829212188720703
854,33,7,76,D:\Skripsi\Experiment\data\raw\RGB1\S33\AC7\RGB1_SUB33ACT7F76.jpg,1,1,0.8073002696037292
855,33,7,91,D:\Skripsi\Experiment\data\raw\RGB1\S33\AC7\RGB1_SUB33ACT7F91.jpg,1,1,0.8451011776924133
856,33,8,1,D:\Skripsi\Experiment\data\raw\RGB1\S33\AC8\RGB1_SUB33ACT8F1.jpg,1,1,0.6331149935722351
857,33,8,106,D:\Skripsi\Experiment\data\raw\RGB1\S33\AC8\RGB1_SUB33ACT8F106.jpg,1,1,0.7806577682495117
858,33,8,16,D:\Skripsi\Experiment\data\raw\RGB1\S33\AC8\RGB1_SUB33ACT8F16.jpg,1,1,0.8239105939865112
859,33,8,31,D:\Skripsi\Experiment\data\raw\RGB1\S33\AC8\RGB1_SUB33ACT8F31.jpg,1,1,0.8298051953315735
860,33,8,46,D:\Skripsi\Experiment\data\raw\RGB1\S33\AC8\RGB1_SUB33ACT8F46.jpg,1,1,0.8599668145179749
861,33,8,61,D:\Skripsi\Experiment\data\raw\RGB1\S33\AC8\RGB1_SUB33ACT8F61.jpg,1,1,0.8695580959320068
862,33,8,76,D:\Skripsi\Experiment\data\raw\RGB1\S33\AC8\RGB1_SUB33ACT8F76.jpg,1,1,0.8088846802711487
863,33,8,91,D:\Skripsi\Experiment\data\raw\RGB1\S33\AC8\RGB1_SUB33ACT8F91.jpg,1,1,0.7720455527305603
864,33,9,1,D:\Skripsi\Experiment\data\raw\RGB1\S33\AC9\RGB1_SUB33ACT9F1.jpg,1,0,0.4784853458404541
865,33,9,16,D:\Skripsi\Experiment\data\raw\RGB1\S33\AC9\RGB1_SUB33ACT9F16.jpg,1,1,0.7186449766159058
866,33,9,31,D:\Skripsi\Experiment\data\raw\RGB1\S33\AC9\RGB1_SUB33ACT9F31.jpg,1,1,0.75367271900177
867,33,9,46,D:\Skripsi\Experiment\data\raw\RGB1\S33\AC9\RGB1_SUB33ACT9F46.jpg,1,1,0.651987612247467
868,33,9,61,D:\Skripsi\Experiment\data\raw\RGB1\S33\AC9\RGB1_SUB33ACT9F61.jpg,1,1,0.886215090751648
869,33,9,76,D:\Skripsi\Experiment\data\raw\RGB1\S33\AC9\RGB1_SUB33ACT9F76.jpg,1,1,0.9116764068603516
870,33,9,91,D:\Skripsi\Experiment\data\raw\RGB1\S33\AC9\RGB1_SUB33ACT9F91.jpg,1,1,0.8866954445838928
871,34,1,1,D:\Skripsi\Experiment\data\raw\RGB1\S34\AC1\RGB1_SUB34ACT1F1.jpg,0,0,0.05506845563650131
872,34,1,16,D:\Skripsi\Experiment\data\raw\RGB1\S34\AC1\RGB1_SUB34ACT1F16.jpg,0,0,0.10307537764310837
873,34,1,31,D:\Skripsi\Experiment\data\raw\RGB1\S34\AC1\RGB1_SUB34ACT1F31.jpg,0,0,0.09004394710063934
874,34,1,46,D:\Skripsi\Experiment\data\raw\RGB1\S34\AC1\RGB1_SUB34ACT1F46.jpg,0,0,0.11920775473117828
875,34,1,61,D:\Skripsi\Experiment\data\raw\RGB1\S34\AC1\RGB1_SUB34ACT1F61.jpg,0,0,0.05601026862859726
876,34,5,1,D:\Skripsi\Experiment\data\raw\RGB1\S34\AC5\RGB1_SUB34ACT5F1.jpg,1,1,0.8814576864242554
877,34,5,16,D:\Skripsi\Experiment\data\raw\RGB1\S34\AC5\RGB1_SUB34ACT5F16.jpg,1,1,0.8558022379875183
878,34,5,31,D:\Skripsi\Experiment\data\raw\RGB1\S34\AC5\RGB1_SUB34ACT5F31.jpg,1,1,0.8806354403495789
879,34,5,46,D:\Skripsi\Experiment\data\raw\RGB1\S34\AC5\RGB1_SUB34ACT5F46.jpg,1,1,0.8937734365463257
880,34,5,61,D:\Skripsi\Experiment\data\raw\RGB1\S34\AC5\RGB1_SUB34ACT5F61.jpg,1,1,0.8658846020698547
881,34,5,76,D:\Skripsi\Experiment\data\raw\RGB1\S34\AC5\RGB1_SUB34ACT5F76.jpg,1,1,0.879773736000061
882,34,6,1,D:\Skripsi\Experiment\data\raw\RGB1\S34\AC6\RGB1_SUB34ACT6F1.jpg,1,1,0.923060417175293
883,34,6,16,D:\Skripsi\Experiment\data\raw\RGB1\S34\AC6\RGB1_SUB34ACT6F16.jpg,1,1,0.8699988126754761
884,34,6,31,D:\Skripsi\Experiment\data\raw\RGB1\S34\AC6\RGB1_SUB34ACT6F31.jpg,1,1,0.9076274633407593
885,34,6,46,D:\Skripsi\Experiment\data\raw\RGB1\S34\AC6\RGB1_SUB34ACT6F46.jpg,1,1,0.913901150226593
886,34,6,61,D:\Skripsi\Experiment\data\raw\RGB1\S34\AC6\RGB1_SUB34ACT6F61.jpg,1,1,0.9475182294845581
887,34,7,1,D:\Skripsi\Experiment\data\raw\RGB1\S34\AC7\RGB1_SUB34ACT7F1.jpg,1,1,0.8941038250923157
888,34,7,16,D:\Skripsi\Experiment\data\raw\RGB1\S34\AC7\RGB1_SUB34ACT7F16.jpg,1,1,0.8222611546516418
889,34,7,31,D:\Skripsi\Experiment\data\raw\RGB1\S34\AC7\RGB1_SUB34ACT7F31.jpg,1,1,0.8524714708328247
890,34,7,46,D:\Skripsi\Experiment\data\raw\RGB1\S34\AC7\RGB1_SUB34ACT7F46.jpg,1,1,0.8833754062652588
891,34,7,61,D:\Skripsi\Experiment\data\raw\RGB1\S34\AC7\RGB1_SUB34ACT7F61.jpg,1,1,0.8677932024002075
892,34,7,76,D:\Skripsi\Experiment\data\raw\RGB1\S34\AC7\RGB1_SUB34ACT7F76.jpg,1,1,0.8889358043670654
893,34,8,1,D:\Skripsi\Experiment\data\raw\RGB1\S34\AC8\RGB1_SUB34ACT8F1.jpg,1,1,0.8523967862129211
894,34,8,16,D:\Skripsi\Experiment\data\raw\RGB1\S34\AC8\RGB1_SUB34ACT8F16.jpg,1,1,0.8554701209068298
895,34,8,31,D:\Skripsi\Experiment\data\raw\RGB1\S34\AC8\RGB1_SUB34ACT8F31.jpg,1,1,0.8513744473457336
896,34,8,46,D:\Skripsi\Experiment\data\raw\RGB1\S34\AC8\RGB1_SUB34ACT8F46.jpg,1,1,0.8758286237716675
897,34,8,61,D:\Skripsi\Experiment\data\raw\RGB1\S34\AC8\RGB1_SUB34ACT8F61.jpg,1,1,0.8666483163833618
898,34,8,76,D:\Skripsi\Experiment\data\raw\RGB1\S34\AC8\RGB1_SUB34ACT8F76.jpg,1,1,0.8750088810920715
899,34,8,91,D:\Skripsi\Experiment\data\raw\RGB1\S34\AC8\RGB1_SUB34ACT8F91.jpg,1,1,0.8874659538269043
900,34,9,1,D:\Skripsi\Experiment\data\raw\RGB1\S34\AC9\RGB1_SUB34ACT9F1.jpg,1,1,0.862050473690033
901,34,9,16,D:\Skripsi\Experiment\data\raw\RGB1\S34\AC9\RGB1_SUB34ACT9F16.jpg,1,1,0.8568853735923767
902,34,9,31,D:\Skripsi\Experiment\data\raw\RGB1\S34\AC9\RGB1_SUB34ACT9F31.jpg,1,1,0.8986448645591736
903,34,9,46,D:\Skripsi\Experiment\data\raw\RGB1\S34\AC9\RGB1_SUB34ACT9F46.jpg,1,1,0.893615186214447
904,34,9,61,D:\Skripsi\Experiment\data\raw\RGB1\S34\AC9\RGB1_SUB34ACT9F61.jpg,1,1,0.8974027037620544
905,34,9,76,D:\Skripsi\Experiment\data\raw\RGB1\S34\AC9\RGB1_SUB34ACT9F76.jpg,1,1,0.8925566673278809
906,35,1,1,D:\Skripsi\Experiment\data\raw\RGB1\S35\AC1\RGB1_SUB35ACT1F1.jpg,0,0,0.09209880977869034
907,35,1,106,D:\Skripsi\Experiment\data\raw\RGB1\S35\AC1\RGB1_SUB35ACT1F106.jpg,0,0,0.040862422436475754
908,35,1,121,D:\Skripsi\Experiment\data\raw\RGB1\S35\AC1\RGB1_SUB35ACT1F121.jpg,0,0,0.022400807589292526
909,35,1,16,D:\Skripsi\Experiment\data\raw\RGB1\S35\AC1\RGB1_SUB35ACT1F16.jpg,0,0,0.045946888625621796
910,35,1,31,D:\Skripsi\Experiment\data\raw\RGB1\S35\AC1\RGB1_SUB35ACT1F31.jpg,0,0,0.05658534914255142
911,35,1,46,D:\Skripsi\Experiment\data\raw\RGB1\S35\AC1\RGB1_SUB35ACT1F46.jpg,0,0,0.02065601386129856
912,35,1,61,D:\Skripsi\Experiment\data\raw\RGB1\S35\AC1\RGB1_SUB35ACT1F61.jpg,0,0,0.023392528295516968
913,35,1,76,D:\Skripsi\Experiment\data\raw\RGB1\S35\AC1\RGB1_SUB35ACT1F76.jpg,0,0,0.04969104006886482
914,35,1,91,D:\Skripsi\Experiment\data\raw\RGB1\S35\AC1\RGB1_SUB35ACT1F91.jpg,0,0,0.02034737542271614
915,35,5,1,D:\Skripsi\Experiment\data\raw\RGB1\S35\AC5\RGB1_SUB35ACT5F1.jpg,1,1,0.9150764346122742
916,35,5,106,D:\Skripsi\Experiment\data\raw\RGB1\S35\AC5\RGB1_SUB35ACT5F106.jpg,1,1,0.8755054473876953
917,35,5,16,D:\Skripsi\Experiment\data\raw\RGB1\S35\AC5\RGB1_SUB35ACT5F16.jpg,1,1,0.9102528691291809
918,35,5,31,D:\Skripsi\Experiment\data\raw\RGB1\S35\AC5\RGB1_SUB35ACT5F31.jpg,1,1,0.9011231064796448
919,35,5,46,D:\Skripsi\Experiment\data\raw\RGB1\S35\AC5\RGB1_SUB35ACT5F46.jpg,1,1,0.8488084077835083
920,35,5,61,D:\Skripsi\Experiment\data\raw\RGB1\S35\AC5\RGB1_SUB35ACT5F61.jpg,1,1,0.7028889656066895
921,35,5,76,D:\Skripsi\Experiment\data\raw\RGB1\S35\AC5\RGB1_SUB35ACT5F76.jpg,1,1,0.7517039179801941
922,35,5,91,D:\Skripsi\Experiment\data\raw\RGB1\S35\AC5\RGB1_SUB35ACT5F91.jpg,1,1,0.6360257267951965
923,35,6,1,D:\Skripsi\Experiment\data\raw\RGB1\S35\AC6\RGB1_SUB35ACT6F1.jpg,1,1,0.829262912273407
924,35,6,106,D:\Skripsi\Experiment\data\raw\RGB1\S35\AC6\RGB1_SUB35ACT6F106.jpg,1,1,0.8096966743469238
925,35,6,121,D:\Skripsi\Experiment\data\raw\RGB1\S35\AC6\RGB1_SUB35ACT6F121.jpg,1,1,0.8306607604026794
926,35,6,136,D:\Skripsi\Experiment\data\raw\RGB1\S35\AC6\RGB1_SUB35ACT6F136.jpg,1,1,0.842997133731842
927,35,6,151,D:\Skripsi\Experiment\data\raw\RGB1\S35\AC6\RGB1_SUB35ACT6F151.jpg,1,1,0.7873370051383972
928,35,6,16,D:\Skripsi\Experiment\data\raw\RGB1\S35\AC6\RGB1_SUB35ACT6F16.jpg,1,1,0.8736183047294617
929,35,6,166,D:\Skripsi\Experiment\data\raw\RGB1\S35\AC6\RGB1_SUB35ACT6F166.jpg,1,1,0.8820986151695251
930,35,6,31,D:\Skripsi\Experiment\data\raw\RGB1\S35\AC6\RGB1_SUB35ACT6F31.jpg,1,1,0.8449479937553406
931,35,6,46,D:\Skripsi\Experiment\data\raw\RGB1\S35\AC6\RGB1_SUB35ACT6F46.jpg,1,1,0.8990780115127563
932,35,6,61,D:\Skripsi\Experiment\data\raw\RGB1\S35\AC6\RGB1_SUB35ACT6F61.jpg,1,1,0.8367593884468079
933,35,6,76,D:\Skripsi\Experiment\data\raw\RGB1\S35\AC6\RGB1_SUB35ACT6F76.jpg,1,1,0.8016361594200134
934,35,6,91,D:\Skripsi\Experiment\data\raw\RGB1\S35\AC6\RGB1_SUB35ACT6F91.jpg,1,1,0.8565393686294556
935,35,7,1,D:\Skripsi\Experiment\data\raw\RGB1\S35\AC7\RGB1_SUB35ACT7F1.jpg,1,1,0.86282879114151
936,35,7,106,D:\Skripsi\Experiment\data\raw\RGB1\S35\AC7\RGB1_SUB35ACT7F106.jpg,1,1,0.8981829285621643
937,35,7,121,D:\Skripsi\Experiment\data\raw\RGB1\S35\AC7\RGB1_SUB35ACT7F121.jpg,1,1,0.8359017372131348
938,35,7,136,D:\Skripsi\Experiment\data\raw\RGB1\S35\AC7\RGB1_SUB35ACT7F136.jpg,1,1,0.8775411248207092
939,35,7,151,D:\Skripsi\Experiment\data\raw\RGB1\S35\AC7\RGB1_SUB35ACT7F151.jpg,1,1,0.8551878929138184
940,35,7,16,D:\Skripsi\Experiment\data\raw\RGB1\S35\AC7\RGB1_SUB35ACT7F16.jpg,1,1,0.8031586408615112
941,35,7,166,D:\Skripsi\Experiment\data\raw\RGB1\S35\AC7\RGB1_SUB35ACT7F166.jpg,1,1,0.8300377726554871
942,35,7,181,D:\Skripsi\Experiment\data\raw\RGB1\S35\AC7\RGB1_SUB35ACT7F181.jpg,1,1,0.9306761026382446
943,35,7,31,D:\Skripsi\Experiment\data\raw\RGB1\S35\AC7\RGB1_SUB35ACT7F31.jpg,1,1,0.7491568326950073
944,35,7,46,D:\Skripsi\Experiment\data\raw\RGB1\S35\AC7\RGB1_SUB35ACT7F46.jpg,1,1,0.9014564156532288
945,35,7,61,D:\Skripsi\Experiment\data\raw\RGB1\S35\AC7\RGB1_SUB35ACT7F61.jpg,1,1,0.741202175617218
946,35,7,76,D:\Skripsi\Experiment\data\raw\RGB1\S35\AC7\RGB1_SUB35ACT7F76.jpg,1,1,0.8239446878433228
947,35,7,91,D:\Skripsi\Experiment\data\raw\RGB1\S35\AC7\RGB1_SUB35ACT7F91.jpg,1,1,0.7922012805938721
948,35,8,1,D:\Skripsi\Experiment\data\raw\RGB1\S35\AC8\RGB1_SUB35ACT8F1.jpg,1,1,0.7933003902435303
949,35,8,106,D:\Skripsi\Experiment\data\raw\RGB1\S35\AC8\RGB1_SUB35ACT8F106.jpg,1,1,0.6601153016090393
950,35,8,16,D:\Skripsi\Experiment\data\raw\RGB1\S35\AC8\RGB1_SUB35ACT8F16.jpg,1,1,0.7278937101364136
951,35,8,31,D:\Skripsi\Experiment\data\raw\RGB1\S35\AC8\RGB1_SUB35ACT8F31.jpg,1,1,0.8425818085670471
952,35,8,46,D:\Skripsi\Experiment\data\raw\RGB1\S35\AC8\RGB1_SUB35ACT8F46.jpg,1,1,0.7879818081855774
953,35,8,61,D:\Skripsi\Experiment\data\raw\RGB1\S35\AC8\RGB1_SUB35ACT8F61.jpg,1,1,0.7404647469520569
954,35,8,76,D:\Skripsi\Experiment\data\raw\RGB1\S35\AC8\RGB1_SUB35ACT8F76.jpg,1,1,0.7158676981925964
955,35,8,91,D:\Skripsi\Experiment\data\raw\RGB1\S35\AC8\RGB1_SUB35ACT8F91.jpg,1,1,0.7562411427497864
956,35,9,1,D:\Skripsi\Experiment\data\raw\RGB1\S35\AC9\RGB1_SUB35ACT9F1.jpg,1,1,0.8615725636482239
957,35,9,106,D:\Skripsi\Experiment\data\raw\RGB1\S35\AC9\RGB1_SUB35ACT9F106.jpg,1,1,0.8404513597488403
958,35,9,121,D:\Skripsi\Experiment\data\raw\RGB1\S35\AC9\RGB1_SUB35ACT9F121.jpg,1,1,0.8880913257598877
959,35,9,16,D:\Skripsi\Experiment\data\raw\RGB1\S35\AC9\RGB1_SUB35ACT9F16.jpg,1,1,0.8825216293334961
960,35,9,31,D:\Skripsi\Experiment\data\raw\RGB1\S35\AC9\RGB1_SUB35ACT9F31.jpg,1,1,0.8510724902153015
961,35,9,46,D:\Skripsi\Experiment\data\raw\RGB1\S35\AC9\RGB1_SUB35ACT9F46.jpg,1,1,0.8312029242515564
962,35,9,61,D:\Skripsi\Experiment\data\raw\RGB1\S35\AC9\RGB1_SUB35ACT9F61.jpg,1,1,0.8135350346565247
963,35,9,76,D:\Skripsi\Experiment\data\raw\RGB1\S35\AC9\RGB1_SUB35ACT9F76.jpg,1,1,0.8246055841445923
964,35,9,91,D:\Skripsi\Experiment\data\raw\RGB1\S35\AC9\RGB1_SUB35ACT9F91.jpg,1,1,0.8445253968238831
965,36,1,1,D:\Skripsi\Experiment\data\raw\RGB1\S36\AC1\RGB1_SUB36ACT1F1.jpg,0,0,0.008087282069027424
966,36,1,106,D:\Skripsi\Experiment\data\raw\RGB1\S36\AC1\RGB1_SUB36ACT1F106.jpg,0,0,0.053188424557447433
967,36,1,121,D:\Skripsi\Experiment\data\raw\RGB1\S36\AC1\RGB1_SUB36ACT1F121.jpg,0,0,0.15193906426429749
968,36,1,16,D:\Skripsi\Experiment\data\raw\RGB1\S36\AC1\RGB1_SUB36ACT1F16.jpg,0,0,0.09077520668506622
969,36,1,31,D:\Skripsi\Experiment\data\raw\RGB1\S36\AC1\RGB1_SUB36ACT1F31.jpg,0,0,0.09752427041530609
970,36,1,46,D:\Skripsi\Experiment\data\raw\RGB1\S36\AC1\RGB1_SUB36ACT1F46.jpg,0,0,0.03353928029537201
971,36,1,61,D:\Skripsi\Experiment\data\raw\RGB1\S36\AC1\RGB1_SUB36ACT1F61.jpg,0,0,0.00776390777900815
972,36,1,76,D:\Skripsi\Experiment\data\raw\RGB1\S36\AC1\RGB1_SUB36ACT1F76.jpg,0,0,0.015329571440815926
973,36,1,91,D:\Skripsi\Experiment\data\raw\RGB1\S36\AC1\RGB1_SUB36ACT1F91.jpg,0,0,0.349068820476532
974,36,5,1,D:\Skripsi\Experiment\data\raw\RGB1\S36\AC5\RGB1_SUB36ACT5F1.jpg,1,1,0.8893030285835266
975,36,5,106,D:\Skripsi\Experiment\data\raw\RGB1\S36\AC5\RGB1_SUB36ACT5F106.jpg,1,1,0.8105466961860657
976,36,5,121,D:\Skripsi\Experiment\data\raw\RGB1\S36\AC5\RGB1_SUB36ACT5F121.jpg,1,1,0.8170866370201111
977,36,5,136,D:\Skripsi\Experiment\data\raw\RGB1\S36\AC5\RGB1_SUB36ACT5F136.jpg,1,1,0.858364462852478
978,36,5,16,D:\Skripsi\Experiment\data\raw\RGB1\S36\AC5\RGB1_SUB36ACT5F16.jpg,1,1,0.9140551686286926
979,36,5,31,D:\Skripsi\Experiment\data\raw\RGB1\S36\AC5\RGB1_SUB36ACT5F31.jpg,1,1,0.8529768586158752
980,36,5,46,D:\Skripsi\Experiment\data\raw\RGB1\S36\AC5\RGB1_SUB36ACT5F46.jpg,1,1,0.8572771549224854
981,36,5,61,D:\Skripsi\Experiment\data\raw\RGB1\S36\AC5\RGB1_SUB36ACT5F61.jpg,1,1,0.8753384351730347
982,36,5,76,D:\Skripsi\Experiment\data\raw\RGB1\S36\AC5\RGB1_SUB36ACT5F76.jpg,1,1,0.8124716281890869
983,36,5,91,D:\Skripsi\Experiment\data\raw\RGB1\S36\AC5\RGB1_SUB36ACT5F91.jpg,1,1,0.765570878982544
984,36,6,1,D:\Skripsi\Experiment\data\raw\RGB1\S36\AC6\RGB1_SUB36ACT6F1.jpg,1,1,0.8625214695930481
985,36,6,16,D:\Skripsi\Experiment\data\raw\RGB1\S36\AC6\RGB1_SUB36ACT6F16.jpg,1,1,0.9143893718719482
986,36,6,31,D:\Skripsi\Experiment\data\raw\RGB1\S36\AC6\RGB1_SUB36ACT6F31.jpg,1,1,0.8967515826225281
987,36,6,46,D:\Skripsi\Experiment\data\raw\RGB1\S36\AC6\RGB1_SUB36ACT6F46.jpg,1,1,0.8632023930549622
988,36,6,61,D:\Skripsi\Experiment\data\raw\RGB1\S36\AC6\RGB1_SUB36ACT6F61.jpg,1,1,0.9392757415771484
989,36,6,76,D:\Skripsi\Experiment\data\raw\RGB1\S36\AC6\RGB1_SUB36ACT6F76.jpg,1,1,0.9180588126182556
990,36,6,91,D:\Skripsi\Experiment\data\raw\RGB1\S36\AC6\RGB1_SUB36ACT6F91.jpg,1,1,0.9255600571632385
991,36,7,1,D:\Skripsi\Experiment\data\raw\RGB1\S36\AC7\RGB1_SUB36ACT7F1.jpg,1,1,0.8466108441352844
992,36,7,106,D:\Skripsi\Experiment\data\raw\RGB1\S36\AC7\RGB1_SUB36ACT7F106.jpg,1,1,0.9193024039268494
993,36,7,121,D:\Skripsi\Experiment\data\raw\RGB1\S36\AC7\RGB1_SUB36ACT7F121.jpg,1,1,0.9381482005119324
994,36,7,16,D:\Skripsi\Experiment\data\raw\RGB1\S36\AC7\RGB1_SUB36ACT7F16.jpg,1,1,0.8978714346885681
995,36,7,31,D:\Skripsi\Experiment\data\raw\RGB1\S36\AC7\RGB1_SUB36ACT7F31.jpg,1,1,0.9213858246803284
996,36,7,46,D:\Skripsi\Experiment\data\raw\RGB1\S36\AC7\RGB1_SUB36ACT7F46.jpg,1,1,0.8966959714889526
997,36,7,61,D:\Skripsi\Experiment\data\raw\RGB1\S36\AC7\RGB1_SUB36ACT7F61.jpg,1,1,0.8900096416473389
998,36,7,76,D:\Skripsi\Experiment\data\raw\RGB1\S36\AC7\RGB1_SUB36ACT7F76.jpg,1,1,0.881849467754364
999,36,7,91,D:\Skripsi\Experiment\data\raw\RGB1\S36\AC7\RGB1_SUB36ACT7F91.jpg,1,1,0.9137008190155029
1000,36,8,1,D:\Skripsi\Experiment\data\raw\RGB1\S36\AC8\RGB1_SUB36ACT8F1.jpg,1,1,0.9011426568031311
1001,36,8,106,D:\Skripsi\Experiment\data\raw\RGB1\S36\AC8\RGB1_SUB36ACT8F106.jpg,1,1,0.8486573696136475
1002,36,8,121,D:\Skripsi\Experiment\data\raw\RGB1\S36\AC8\RGB1_SUB36ACT8F121.jpg,1,1,0.862910270690918
1003,36,8,136,D:\Skripsi\Experiment\data\raw\RGB1\S36\AC8\RGB1_SUB36ACT8F136.jpg,1,1,0.7723080515861511
1004,36,8,16,D:\Skripsi\Experiment\data\raw\RGB1\S36\AC8\RGB1_SUB36ACT8F16.jpg,1,1,0.9001646041870117
1005,36,8,31,D:\Skripsi\Experiment\data\raw\RGB1\S36\AC8\RGB1_SUB36ACT8F31.jpg,1,1,0.8744556903839111
1006,36,8,46,D:\Skripsi\Experiment\data\raw\RGB1\S36\AC8\RGB1_SUB36ACT8F46.jpg,1,1,0.8590986132621765
1007,36,8,61,D:\Skripsi\Experiment\data\raw\RGB1\S36\AC8\RGB1_SUB36ACT8F61.jpg,1,1,0.7921978235244751
1008,36,8,76,D:\Skripsi\Experiment\data\raw\RGB1\S36\AC8\RGB1_SUB36ACT8F76.jpg,1,1,0.7215695977210999
1009,36,8,91,D:\Skripsi\Experiment\data\raw\RGB1\S36\AC8\RGB1_SUB36ACT8F91.jpg,1,1,0.8555550575256348
1010,36,9,1,D:\Skripsi\Experiment\data\raw\RGB1\S36\AC9\RGB1_SUB36ACT9F1.jpg,1,1,0.9165753722190857
1011,36,9,106,D:\Skripsi\Experiment\data\raw\RGB1\S36\AC9\RGB1_SUB36ACT9F106.jpg,1,1,0.7527517080307007
1012,36,9,121,D:\Skripsi\Experiment\data\raw\RGB1\S36\AC9\RGB1_SUB36ACT9F121.jpg,1,0,0.4019538164138794
1013,36,9,136,D:\Skripsi\Experiment\data\raw\RGB1\S36\AC9\RGB1_SUB36ACT9F136.jpg,1,1,0.7851018309593201
1014,36,9,151,D:\Skripsi\Experiment\data\raw\RGB1\S36\AC9\RGB1_SUB36ACT9F151.jpg,1,1,0.7100414037704468
1015,36,9,16,D:\Skripsi\Experiment\data\raw\RGB1\S36\AC9\RGB1_SUB36ACT9F16.jpg,1,1,0.9022470712661743
1016,36,9,31,D:\Skripsi\Experiment\data\raw\RGB1\S36\AC9\RGB1_SUB36ACT9F31.jpg,1,1,0.8957265615463257
1017,36,9,46,D:\Skripsi\Experiment\data\raw\RGB1\S36\AC9\RGB1_SUB36ACT9F46.jpg,1,1,0.8356902003288269
1018,36,9,61,D:\Skripsi\Experiment\data\raw\RGB1\S36\AC9\RGB1_SUB36ACT9F61.jpg,1,1,0.8452795147895813
1019,36,9,76,D:\Skripsi\Experiment\data\raw\RGB1\S36\AC9\RGB1_SUB36ACT9F76.jpg,1,1,0.8388193845748901
1020,36,9,91,D:\Skripsi\Experiment\data\raw\RGB1\S36\AC9\RGB1_SUB36ACT9F91.jpg,1,1,0.8092007040977478
1021,37,1,1,D:\Skripsi\Experiment\data\raw\RGB1\S37\AC1\RGB1_SUB37ACT1F1.jpg,0,0,0.0044612037017941475
1022,37,1,106,D:\Skripsi\Experiment\data\raw\RGB1\S37\AC1\RGB1_SUB37ACT1F106.jpg,0,0,0.006149712018668652
1023,37,1,121,D:\Skripsi\Experiment\data\raw\RGB1\S37\AC1\RGB1_SUB37ACT1F121.jpg,0,0,0.0063719311729073524
1024,37,1,136,D:\Skripsi\Experiment\data\raw\RGB1\S37\AC1\RGB1_SUB37ACT1F136.jpg,0,0,0.012603129260241985
1025,37,1,16,D:\Skripsi\Experiment\data\raw\RGB1\S37\AC1\RGB1_SUB37ACT1F16.jpg,0,0,0.004068213049322367
1026,37,1,31,D:\Skripsi\Experiment\data\raw\RGB1\S37\AC1\RGB1_SUB37ACT1F31.jpg,0,0,0.00390228140167892
1027,37,1,46,D:\Skripsi\Experiment\data\raw\RGB1\S37\AC1\RGB1_SUB37ACT1F46.jpg,0,0,0.004032803233712912
1028,37,1,61,D:\Skripsi\Experiment\data\raw\RGB1\S37\AC1\RGB1_SUB37ACT1F61.jpg,0,0,0.002401642734184861
1029,37,1,76,D:\Skripsi\Experiment\data\raw\RGB1\S37\AC1\RGB1_SUB37ACT1F76.jpg,0,0,0.005056365393102169
1030,37,1,91,D:\Skripsi\Experiment\data\raw\RGB1\S37\AC1\RGB1_SUB37ACT1F91.jpg,0,0,0.01554894633591175
1031,37,5,1,D:\Skripsi\Experiment\data\raw\RGB1\S37\AC5\RGB1_SUB37ACT5F1.jpg,1,1,0.8682510852813721
1032,37,5,106,D:\Skripsi\Experiment\data\raw\RGB1\S37\AC5\RGB1_SUB37ACT5F106.jpg,1,1,0.8680309653282166
1033,37,5,121,D:\Skripsi\Experiment\data\raw\RGB1\S37\AC5\RGB1_SUB37ACT5F121.jpg,1,1,0.863838255405426
1034,37,5,16,D:\Skripsi\Experiment\data\raw\RGB1\S37\AC5\RGB1_SUB37ACT5F16.jpg,1,1,0.7155243158340454
1035,37,5,31,D:\Skripsi\Experiment\data\raw\RGB1\S37\AC5\RGB1_SUB37ACT5F31.jpg,1,1,0.9440878629684448
1036,37,5,46,D:\Skripsi\Experiment\data\raw\RGB1\S37\AC5\RGB1_SUB37ACT5F46.jpg,1,1,0.8476032614707947
1037,37,5,61,D:\Skripsi\Experiment\data\raw\RGB1\S37\AC5\RGB1_SUB37ACT5F61.jpg,1,1,0.8628784418106079
1038,37,5,76,D:\Skripsi\Experiment\data\raw\RGB1\S37\AC5\RGB1_SUB37ACT5F76.jpg,1,1,0.8451573848724365
1039,37,5,91,D:\Skripsi\Experiment\data\raw\RGB1\S37\AC5\RGB1_SUB37ACT5F91.jpg,1,1,0.7935218214988708
1040,37,6,1,D:\Skripsi\Experiment\data\raw\RGB1\S37\AC6\RGB1_SUB37ACT6F1.jpg,1,1,0.8254667520523071
1041,37,6,106,D:\Skripsi\Experiment\data\raw\RGB1\S37\AC6\RGB1_SUB37ACT6F106.jpg,1,1,0.84872967004776
1042,37,6,121,D:\Skripsi\Experiment\data\raw\RGB1\S37\AC6\RGB1_SUB37ACT6F121.jpg,1,1,0.8596609234809875
1043,37,6,136,D:\Skripsi\Experiment\data\raw\RGB1\S37\AC6\RGB1_SUB37ACT6F136.jpg,1,1,0.8068604469299316
1044,37,6,16,D:\Skripsi\Experiment\data\raw\RGB1\S37\AC6\RGB1_SUB37ACT6F16.jpg,1,1,0.8577553629875183
1045,37,6,31,D:\Skripsi\Experiment\data\raw\RGB1\S37\AC6\RGB1_SUB37ACT6F31.jpg,1,1,0.8247789144515991
1046,37,6,46,D:\Skripsi\Experiment\data\raw\RGB1\S37\AC6\RGB1_SUB37ACT6F46.jpg,1,1,0.8945057392120361
1047,37,6,61,D:\Skripsi\Experiment\data\raw\RGB1\S37\AC6\RGB1_SUB37ACT6F61.jpg,1,1,0.9401203393936157
1048,37,6,76,D:\Skripsi\Experiment\data\raw\RGB1\S37\AC6\RGB1_SUB37ACT6F76.jpg,1,1,0.889473557472229
1049,37,6,91,D:\Skripsi\Experiment\data\raw\RGB1\S37\AC6\RGB1_SUB37ACT6F91.jpg,1,1,0.848308265209198
1050,37,7,1,D:\Skripsi\Experiment\data\raw\RGB1\S37\AC7\RGB1_SUB37ACT7F1.jpg,1,1,0.8272338509559631
1051,37,7,106,D:\Skripsi\Experiment\data\raw\RGB1\S37\AC7\RGB1_SUB37ACT7F106.jpg,1,1,0.9208377599716187
1052,37,7,121,D:\Skripsi\Experiment\data\raw\RGB1\S37\AC7\RGB1_SUB37ACT7F121.jpg,1,1,0.8815402984619141
1053,37,7,136,D:\Skripsi\Experiment\data\raw\RGB1\S37\AC7\RGB1_SUB37ACT7F136.jpg,1,1,0.8972448110580444
1054,37,7,151,D:\Skripsi\Experiment\data\raw\RGB1\S37\AC7\RGB1_SUB37ACT7F151.jpg,1,1,0.887000560760498
1055,37,7,16,D:\Skripsi\Experiment\data\raw\RGB1\S37\AC7\RGB1_SUB37ACT7F16.jpg,1,1,0.9216713905334473
1056,37,7,166,D:\Skripsi\Experiment\data\raw\RGB1\S37\AC7\RGB1_SUB37ACT7F166.jpg,1,1,0.8650885820388794
1057,37,7,31,D:\Skripsi\Experiment\data\raw\RGB1\S37\AC7\RGB1_SUB37ACT7F31.jpg,1,1,0.834882915019989
1058,37,7,46,D:\Skripsi\Experiment\data\raw\RGB1\S37\AC7\RGB1_SUB37ACT7F46.jpg,1,1,0.8245059251785278
1059,37,7,61,D:\Skripsi\Experiment\data\raw\RGB1\S37\AC7\RGB1_SUB37ACT7F61.jpg,1,1,0.866197943687439
1060,37,7,76,D:\Skripsi\Experiment\data\raw\RGB1\S37\AC7\RGB1_SUB37ACT7F76.jpg,1,1,0.8595386147499084
1061,37,7,91,D:\Skripsi\Experiment\data\raw\RGB1\S37\AC7\RGB1_SUB37ACT7F91.jpg,1,1,0.9228882789611816
1062,37,8,1,D:\Skripsi\Experiment\data\raw\RGB1\S37\AC8\RGB1_SUB37ACT8F1.jpg,1,1,0.8497123122215271
1063,37,8,106,D:\Skripsi\Experiment\data\raw\RGB1\S37\AC8\RGB1_SUB37ACT8F106.jpg,1,1,0.8763776421546936
1064,37,8,121,D:\Skripsi\Experiment\data\raw\RGB1\S37\AC8\RGB1_SUB37ACT8F121.jpg,1,1,0.9032194018363953
1065,37,8,136,D:\Skripsi\Experiment\data\raw\RGB1\S37\AC8\RGB1_SUB37ACT8F136.jpg,1,1,0.8928662538528442
1066,37,8,151,D:\Skripsi\Experiment\data\raw\RGB1\S37\AC8\RGB1_SUB37ACT8F151.jpg,1,1,0.970750093460083
1067,37,8,16,D:\Skripsi\Experiment\data\raw\RGB1\S37\AC8\RGB1_SUB37ACT8F16.jpg,1,1,0.8727297782897949
1068,37,8,166,D:\Skripsi\Experiment\data\raw\RGB1\S37\AC8\RGB1_SUB37ACT8F166.jpg,1,1,0.9021583795547485
1069,37,8,31,D:\Skripsi\Experiment\data\raw\RGB1\S37\AC8\RGB1_SUB37ACT8F31.jpg,1,1,0.856095016002655
1070,37,8,46,D:\Skripsi\Experiment\data\raw\RGB1\S37\AC8\RGB1_SUB37ACT8F46.jpg,1,1,0.9078388214111328
1071,37,8,61,D:\Skripsi\Experiment\data\raw\RGB1\S37\AC8\RGB1_SUB37ACT8F61.jpg,1,1,0.9459297060966492
1072,37,8,76,D:\Skripsi\Experiment\data\raw\RGB1\S37\AC8\RGB1_SUB37ACT8F76.jpg,1,1,0.8288583159446716
1073,37,8,91,D:\Skripsi\Experiment\data\raw\RGB1\S37\AC8\RGB1_SUB37ACT8F91.jpg,1,1,0.92556232213974
1074,37,9,1,D:\Skripsi\Experiment\data\raw\RGB1\S37\AC9\RGB1_SUB37ACT9F1.jpg,1,1,0.889197826385498
1075,37,9,106,D:\Skripsi\Experiment\data\raw\RGB1\S37\AC9\RGB1_SUB37ACT9F106.jpg,1,1,0.8712477087974548
1076,37,9,121,D:\Skripsi\Experiment\data\raw\RGB1\S37\AC9\RGB1_SUB37ACT9F121.jpg,1,1,0.8723486065864563
1077,37,9,136,D:\Skripsi\Experiment\data\raw\RGB1\S37\AC9\RGB1_SUB37ACT9F136.jpg,1,1,0.740066647529602
1078,37,9,151,D:\Skripsi\Experiment\data\raw\RGB1\S37\AC9\RGB1_SUB37ACT9F151.jpg,1,1,0.8117086291313171
1079,37,9,16,D:\Skripsi\Experiment\data\raw\RGB1\S37\AC9\RGB1_SUB37ACT9F16.jpg,1,1,0.8808897137641907
1080,37,9,166,D:\Skripsi\Experiment\data\raw\RGB1\S37\AC9\RGB1_SUB37ACT9F166.jpg,1,0,0.4117737412452698
1081,37,9,31,D:\Skripsi\Experiment\data\raw\RGB1\S37\AC9\RGB1_SUB37ACT9F31.jpg,1,1,0.8951863050460815
1082,37,9,46,D:\Skripsi\Experiment\data\raw\RGB1\S37\AC9\RGB1_SUB37ACT9F46.jpg,1,1,0.8740072250366211
1083,37,9,61,D:\Skripsi\Experiment\data\raw\RGB1\S37\AC9\RGB1_SUB37ACT9F61.jpg,1,1,0.7865992784500122
1084,37,9,76,D:\Skripsi\Experiment\data\raw\RGB1\S37\AC9\RGB1_SUB37ACT9F76.jpg,1,1,0.8338964581489563
1085,37,9,91,D:\Skripsi\Experiment\data\raw\RGB1\S37\AC9\RGB1_SUB37ACT9F91.jpg,1,1,0.833150327205658
1086,38,1,1,D:\Skripsi\Experiment\data\raw\RGB1\S38\AC1\RGB1_SUB38ACT1F1.jpg,0,0,0.22166165709495544
1087,38,1,106,D:\Skripsi\Experiment\data\raw\RGB1\S38\AC1\RGB1_SUB38ACT1F106.jpg,0,0,0.01294153742492199
1088,38,1,121,D:\Skripsi\Experiment\data\raw\RGB1\S38\AC1\RGB1_SUB38ACT1F121.jpg,0,0,0.0033417423255741596
1089,38,1,16,D:\Skripsi\Experiment\data\raw\RGB1\S38\AC1\RGB1_SUB38ACT1F16.jpg,0,0,0.03242890164256096
1090,38,1,31,D:\Skripsi\Experiment\data\raw\RGB1\S38\AC1\RGB1_SUB38ACT1F31.jpg,0,0,0.016861623153090477
1091,38,1,46,D:\Skripsi\Experiment\data\raw\RGB1\S38\AC1\RGB1_SUB38ACT1F46.jpg,0,0,0.03799064829945564
1092,38,1,61,D:\Skripsi\Experiment\data\raw\RGB1\S38\AC1\RGB1_SUB38ACT1F61.jpg,0,0,0.03244525566697121
1093,38,1,76,D:\Skripsi\Experiment\data\raw\RGB1\S38\AC1\RGB1_SUB38ACT1F76.jpg,0,0,0.029169876128435135
1094,38,1,91,D:\Skripsi\Experiment\data\raw\RGB1\S38\AC1\RGB1_SUB38ACT1F91.jpg,0,0,0.10042465478181839
1095,38,5,1,D:\Skripsi\Experiment\data\raw\RGB1\S38\AC5\RGB1_SUB38ACT5F1.jpg,1,1,0.847808837890625
1096,38,5,106,D:\Skripsi\Experiment\data\raw\RGB1\S38\AC5\RGB1_SUB38ACT5F106.jpg,1,1,0.844538688659668
1097,38,5,16,D:\Skripsi\Experiment\data\raw\RGB1\S38\AC5\RGB1_SUB38ACT5F16.jpg,1,1,0.6599103808403015
1098,38,5,31,D:\Skripsi\Experiment\data\raw\RGB1\S38\AC5\RGB1_SUB38ACT5F31.jpg,1,1,0.7892984747886658
1099,38,5,46,D:\Skripsi\Experiment\data\raw\RGB1\S38\AC5\RGB1_SUB38ACT5F46.jpg,1,0,0.4563569724559784
1100,38,5,61,D:\Skripsi\Experiment\data\raw\RGB1\S38\AC5\RGB1_SUB38ACT5F61.jpg,1,1,0.8448728322982788
1101,38,5,76,D:\Skripsi\Experiment\data\raw\RGB1\S38\AC5\RGB1_SUB38ACT5F76.jpg,1,1,0.8103037476539612
1102,38,5,91,D:\Skripsi\Experiment\data\raw\RGB1\S38\AC5\RGB1_SUB38ACT5F91.jpg,1,1,0.861344039440155
1103,38,6,1,D:\Skripsi\Experiment\data\raw\RGB1\S38\AC6\RGB1_SUB38ACT6F1.jpg,1,1,0.8285839557647705
1104,38,6,106,D:\Skripsi\Experiment\data\raw\RGB1\S38\AC6\RGB1_SUB38ACT6F106.jpg,1,1,0.7810795307159424
1105,38,6,16,D:\Skripsi\Experiment\data\raw\RGB1\S38\AC6\RGB1_SUB38ACT6F16.jpg,1,1,0.857521116733551
1106,38,6,31,D:\Skripsi\Experiment\data\raw\RGB1\S38\AC6\RGB1_SUB38ACT6F31.jpg,1,1,0.7250349521636963
1107,38,6,46,D:\Skripsi\Experiment\data\raw\RGB1\S38\AC6\RGB1_SUB38ACT6F46.jpg,1,1,0.9153974652290344
1108,38,6,61,D:\Skripsi\Experiment\data\raw\RGB1\S38\AC6\RGB1_SUB38ACT6F61.jpg,1,1,0.9251277446746826
1109,38,6,76,D:\Skripsi\Experiment\data\raw\RGB1\S38\AC6\RGB1_SUB38ACT6F76.jpg,1,1,0.8971965312957764
1110,38,6,91,D:\Skripsi\Experiment\data\raw\RGB1\S38\AC6\RGB1_SUB38ACT6F91.jpg,1,1,0.9019647836685181
1111,38,7,1,D:\Skripsi\Experiment\data\raw\RGB1\S38\AC7\RGB1_SUB38ACT7F1.jpg,1,1,0.914392352104187
1112,38,7,106,D:\Skripsi\Experiment\data\raw\RGB1\S38\AC7\RGB1_SUB38ACT7F106.jpg,1,1,0.8850520849227905
1113,38,7,121,D:\Skripsi\Experiment\data\raw\RGB1\S38\AC7\RGB1_SUB38ACT7F121.jpg,1,1,0.8270307779312134
1114,38,7,16,D:\Skripsi\Experiment\data\raw\RGB1\S38\AC7\RGB1_SUB38ACT7F16.jpg,1,1,0.8980678915977478
1115,38,7,31,D:\Skripsi\Experiment\data\raw\RGB1\S38\AC7\RGB1_SUB38ACT7F31.jpg,1,1,0.8648213744163513
1116,38,7,46,D:\Skripsi\Experiment\data\raw\RGB1\S38\AC7\RGB1_SUB38ACT7F46.jpg,1,1,0.8097459077835083
1117,38,7,61,D:\Skripsi\Experiment\data\raw\RGB1\S38\AC7\RGB1_SUB38ACT7F61.jpg,1,1,0.8122856020927429
1118,38,7,76,D:\Skripsi\Experiment\data\raw\RGB1\S38\AC7\RGB1_SUB38ACT7F76.jpg,1,1,0.824629008769989
1119,38,7,91,D:\Skripsi\Experiment\data\raw\RGB1\S38\AC7\RGB1_SUB38ACT7F91.jpg,1,1,0.7445765733718872
1120,38,8,1,D:\Skripsi\Experiment\data\raw\RGB1\S38\AC8\RGB1_SUB38ACT8F1.jpg,1,1,0.9318713545799255
1121,38,8,106,D:\Skripsi\Experiment\data\raw\RGB1\S38\AC8\RGB1_SUB38ACT8F106.jpg,1,1,0.7097600102424622
1122,38,8,121,D:\Skripsi\Experiment\data\raw\RGB1\S38\AC8\RGB1_SUB38ACT8F121.jpg,1,1,0.8040613532066345
1123,38,8,16,D:\Skripsi\Experiment\data\raw\RGB1\S38\AC8\RGB1_SUB38ACT8F16.jpg,1,1,0.8784805536270142
1124,38,8,31,D:\Skripsi\Experiment\data\raw\RGB1\S38\AC8\RGB1_SUB38ACT8F31.jpg,1,1,0.8991269469261169
1125,38,8,46,D:\Skripsi\Experiment\data\raw\RGB1\S38\AC8\RGB1_SUB38ACT8F46.jpg,1,1,0.9372323155403137
1126,38,8,61,D:\Skripsi\Experiment\data\raw\RGB1\S38\AC8\RGB1_SUB38ACT8F61.jpg,1,1,0.9079211950302124
1127,38,8,76,D:\Skripsi\Experiment\data\raw\RGB1\S38\AC8\RGB1_SUB38ACT8F76.jpg,1,1,0.8982155323028564
1128,38,8,91,D:\Skripsi\Experiment\data\raw\RGB1\S38\AC8\RGB1_SUB38ACT8F91.jpg,1,1,0.9435408115386963
1129,38,9,1,D:\Skripsi\Experiment\data\raw\RGB1\S38\AC9\RGB1_SUB38ACT9F1.jpg,1,1,0.8163598775863647
1130,38,9,106,D:\Skripsi\Experiment\data\raw\RGB1\S38\AC9\RGB1_SUB38ACT9F106.jpg,1,1,0.5794585347175598
1131,38,9,121,D:\Skripsi\Experiment\data\raw\RGB1\S38\AC9\RGB1_SUB38ACT9F121.jpg,1,1,0.7099764347076416
1132,38,9,16,D:\Skripsi\Experiment\data\raw\RGB1\S38\AC9\RGB1_SUB38ACT9F16.jpg,1,1,0.6888790130615234
1133,38,9,31,D:\Skripsi\Experiment\data\raw\RGB1\S38\AC9\RGB1_SUB38ACT9F31.jpg,1,1,0.6882684826850891
1134,38,9,46,D:\Skripsi\Experiment\data\raw\RGB1\S38\AC9\RGB1_SUB38ACT9F46.jpg,1,1,0.850162148475647
1135,38,9,61,D:\Skripsi\Experiment\data\raw\RGB1\S38\AC9\RGB1_SUB38ACT9F61.jpg,1,1,0.7315916419029236
1136,38,9,76,D:\Skripsi\Experiment\data\raw\RGB1\S38\AC9\RGB1_SUB38ACT9F76.jpg,1,0,0.29117000102996826
1137,38,9,91,D:\Skripsi\Experiment\data\raw\RGB1\S38\AC9\RGB1_SUB38ACT9F91.jpg,1,1,0.7360756993293762
1138,39,1,1,D:\Skripsi\Experiment\data\raw\RGB1\S39\AC1\RGB1_SUB39ACT1F1.jpg,0,0,0.13202999532222748
1139,39,1,16,D:\Skripsi\Experiment\data\raw\RGB1\S39\AC1\RGB1_SUB39ACT1F16.jpg,0,0,0.0723603293299675
1140,39,1,31,D:\Skripsi\Experiment\data\raw\RGB1\S39\AC1\RGB1_SUB39ACT1F31.jpg,0,0,0.009736725129187107
1141,39,1,46,D:\Skripsi\Experiment\data\raw\RGB1\S39\AC1\RGB1_SUB39ACT1F46.jpg,0,0,0.02160021662712097
1142,39,1,61,D:\Skripsi\Experiment\data\raw\RGB1\S39\AC1\RGB1_SUB39ACT1F61.jpg,0,0,0.04643391817808151
1143,39,1,76,D:\Skripsi\Experiment\data\raw\RGB1\S39\AC1\RGB1_SUB39ACT1F76.jpg,0,0,0.03427692875266075
1144,39,1,91,D:\Skripsi\Experiment\data\raw\RGB1\S39\AC1\RGB1_SUB39ACT1F91.jpg,0,0,0.02754146233201027
1145,39,5,1,D:\Skripsi\Experiment\data\raw\RGB1\S39\AC5\RGB1_SUB39ACT5F1.jpg,1,1,0.9076009392738342
1146,39,5,16,D:\Skripsi\Experiment\data\raw\RGB1\S39\AC5\RGB1_SUB39ACT5F16.jpg,1,1,0.9199162721633911
1147,39,5,31,D:\Skripsi\Experiment\data\raw\RGB1\S39\AC5\RGB1_SUB39ACT5F31.jpg,1,1,0.8032522201538086
1148,39,5,46,D:\Skripsi\Experiment\data\raw\RGB1\S39\AC5\RGB1_SUB39ACT5F46.jpg,1,1,0.8787469267845154
1149,39,5,61,D:\Skripsi\Experiment\data\raw\RGB1\S39\AC5\RGB1_SUB39ACT5F61.jpg,1,1,0.5989474058151245
1150,39,5,76,D:\Skripsi\Experiment\data\raw\RGB1\S39\AC5\RGB1_SUB39ACT5F76.jpg,1,1,0.8332068920135498
1151,39,5,91,D:\Skripsi\Experiment\data\raw\RGB1\S39\AC5\RGB1_SUB39ACT5F91.jpg,1,1,0.5210452079772949
1152,39,6,1,D:\Skripsi\Experiment\data\raw\RGB1\S39\AC6\RGB1_SUB39ACT6F1.jpg,1,1,0.8880822062492371
1153,39,6,106,D:\Skripsi\Experiment\data\raw\RGB1\S39\AC6\RGB1_SUB39ACT6F106.jpg,1,1,0.9259515404701233
1154,39,6,16,D:\Skripsi\Experiment\data\raw\RGB1\S39\AC6\RGB1_SUB39ACT6F16.jpg,1,1,0.912183403968811
1155,39,6,31,D:\Skripsi\Experiment\data\raw\RGB1\S39\AC6\RGB1_SUB39ACT6F31.jpg,1,1,0.781349778175354
1156,39,6,46,D:\Skripsi\Experiment\data\raw\RGB1\S39\AC6\RGB1_SUB39ACT6F46.jpg,1,1,0.882623016834259
1157,39,6,61,D:\Skripsi\Experiment\data\raw\RGB1\S39\AC6\RGB1_SUB39ACT6F61.jpg,1,1,0.9084385633468628
1158,39,6,76,D:\Skripsi\Experiment\data\raw\RGB1\S39\AC6\RGB1_SUB39ACT6F76.jpg,1,1,0.8767738938331604
1159,39,6,91,D:\Skripsi\Experiment\data\raw\RGB1\S39\AC6\RGB1_SUB39ACT6F91.jpg,1,1,0.8853244781494141
1160,39,7,1,D:\Skripsi\Experiment\data\raw\RGB1\S39\AC7\RGB1_SUB39ACT7F1.jpg,1,1,0.8959817886352539
1161,39,7,16,D:\Skripsi\Experiment\data\raw\RGB1\S39\AC7\RGB1_SUB39ACT7F16.jpg,1,1,0.8888182640075684
1162,39,7,31,D:\Skripsi\Experiment\data\raw\RGB1\S39\AC7\RGB1_SUB39ACT7F31.jpg,1,1,0.8240927457809448
1163,39,7,46,D:\Skripsi\Experiment\data\raw\RGB1\S39\AC7\RGB1_SUB39ACT7F46.jpg,1,1,0.8360173106193542
1164,39,7,61,D:\Skripsi\Experiment\data\raw\RGB1\S39\AC7\RGB1_SUB39ACT7F61.jpg,1,1,0.8769267797470093
1165,39,7,76,D:\Skripsi\Experiment\data\raw\RGB1\S39\AC7\RGB1_SUB39ACT7F76.jpg,1,1,0.9529802799224854
1166,39,7,91,D:\Skripsi\Experiment\data\raw\RGB1\S39\AC7\RGB1_SUB39ACT7F91.jpg,1,1,0.935461699962616
1167,39,8,1,D:\Skripsi\Experiment\data\raw\RGB1\S39\AC8\RGB1_SUB39ACT8F1.jpg,1,1,0.9644209742546082
1168,39,8,106,D:\Skripsi\Experiment\data\raw\RGB1\S39\AC8\RGB1_SUB39ACT8F106.jpg,1,1,0.8688608407974243
1169,39,8,121,D:\Skripsi\Experiment\data\raw\RGB1\S39\AC8\RGB1_SUB39ACT8F121.jpg,1,1,0.9159964919090271
1170,39,8,136,D:\Skripsi\Experiment\data\raw\RGB1\S39\AC8\RGB1_SUB39ACT8F136.jpg,1,1,0.9387211203575134
1171,39,8,16,D:\Skripsi\Experiment\data\raw\RGB1\S39\AC8\RGB1_SUB39ACT8F16.jpg,1,1,0.9081798791885376
1172,39,8,31,D:\Skripsi\Experiment\data\raw\RGB1\S39\AC8\RGB1_SUB39ACT8F31.jpg,1,1,0.9075625538825989
1173,39,8,46,D:\Skripsi\Experiment\data\raw\RGB1\S39\AC8\RGB1_SUB39ACT8F46.jpg,1,1,0.8898416757583618
1174,39,8,61,D:\Skripsi\Experiment\data\raw\RGB1\S39\AC8\RGB1_SUB39ACT8F61.jpg,1,1,0.9010466933250427
1175,39,8,76,D:\Skripsi\Experiment\data\raw\RGB1\S39\AC8\RGB1_SUB39ACT8F76.jpg,1,1,0.9122830629348755
1176,39,8,91,D:\Skripsi\Experiment\data\raw\RGB1\S39\AC8\RGB1_SUB39ACT8F91.jpg,1,1,0.8786337375640869
1177,39,9,1,D:\Skripsi\Experiment\data\raw\RGB1\S39\AC9\RGB1_SUB39ACT9F1.jpg,1,1,0.8745085000991821
1178,39,9,106,D:\Skripsi\Experiment\data\raw\RGB1\S39\AC9\RGB1_SUB39ACT9F106.jpg,1,1,0.8152419924736023
1179,39,9,121,D:\Skripsi\Experiment\data\raw\RGB1\S39\AC9\RGB1_SUB39ACT9F121.jpg,1,1,0.8794698119163513
1180,39,9,16,D:\Skripsi\Experiment\data\raw\RGB1\S39\AC9\RGB1_SUB39ACT9F16.jpg,1,1,0.9213835000991821
1181,39,9,31,D:\Skripsi\Experiment\data\raw\RGB1\S39\AC9\RGB1_SUB39ACT9F31.jpg,1,1,0.8861210942268372
1182,39,9,46,D:\Skripsi\Experiment\data\raw\RGB1\S39\AC9\RGB1_SUB39ACT9F46.jpg,1,1,0.9013233184814453
1183,39,9,61,D:\Skripsi\Experiment\data\raw\RGB1\S39\AC9\RGB1_SUB39ACT9F61.jpg,1,1,0.8907795548439026
1184,39,9,76,D:\Skripsi\Experiment\data\raw\RGB1\S39\AC9\RGB1_SUB39ACT9F76.jpg,1,1,0.8851242065429688
1185,39,9,91,D:\Skripsi\Experiment\data\raw\RGB1\S39\AC9\RGB1_SUB39ACT9F91.jpg,1,1,0.9219851493835449
1186,40,1,1,D:\Skripsi\Experiment\data\raw\RGB1\S40\AC1\RGB1_SUB40ACT1F1.jpg,0,0,0.08807467669248581
1187,40,1,106,D:\Skripsi\Experiment\data\raw\RGB1\S40\AC1\RGB1_SUB40ACT1F106.jpg,0,0,0.005954745691269636
1188,40,1,121,D:\Skripsi\Experiment\data\raw\RGB1\S40\AC1\RGB1_SUB40ACT1F121.jpg,0,0,0.05356919765472412
1189,40,1,16,D:\Skripsi\Experiment\data\raw\RGB1\S40\AC1\RGB1_SUB40ACT1F16.jpg,0,0,0.03963346779346466
1190,40,1,31,D:\Skripsi\Experiment\data\raw\RGB1\S40\AC1\RGB1_SUB40ACT1F31.jpg,0,0,0.019698036834597588
1191,40,1,46,D:\Skripsi\Experiment\data\raw\RGB1\S40\AC1\RGB1_SUB40ACT1F46.jpg,0,0,0.04403255879878998
1192,40,1,61,D:\Skripsi\Experiment\data\raw\RGB1\S40\AC1\RGB1_SUB40ACT1F61.jpg,0,0,0.4408116638660431
1193,40,1,76,D:\Skripsi\Experiment\data\raw\RGB1\S40\AC1\RGB1_SUB40ACT1F76.jpg,0,0,0.06547960638999939
1194,40,1,91,D:\Skripsi\Experiment\data\raw\RGB1\S40\AC1\RGB1_SUB40ACT1F91.jpg,0,0,0.014597482047975063
1195,40,5,1,D:\Skripsi\Experiment\data\raw\RGB1\S40\AC5\RGB1_SUB40ACT5F1.jpg,1,1,0.8589993715286255
1196,40,5,106,D:\Skripsi\Experiment\data\raw\RGB1\S40\AC5\RGB1_SUB40ACT5F106.jpg,1,1,0.898658812046051
1197,40,5,16,D:\Skripsi\Experiment\data\raw\RGB1\S40\AC5\RGB1_SUB40ACT5F16.jpg,1,1,0.9323375225067139
1198,40,5,31,D:\Skripsi\Experiment\data\raw\RGB1\S40\AC5\RGB1_SUB40ACT5F31.jpg,1,1,0.8785331845283508
1199,40,5,46,D:\Skripsi\Experiment\data\raw\RGB1\S40\AC5\RGB1_SUB40ACT5F46.jpg,1,1,0.8081497550010681
1200,40,5,61,D:\Skripsi\Experiment\data\raw\RGB1\S40\AC5\RGB1_SUB40ACT5F61.jpg,1,1,0.8133127093315125
1201,40,5,76,D:\Skripsi\Experiment\data\raw\RGB1\S40\AC5\RGB1_SUB40ACT5F76.jpg,1,1,0.8681784868240356
1202,40,5,91,D:\Skripsi\Experiment\data\raw\RGB1\S40\AC5\RGB1_SUB40ACT5F91.jpg,1,1,0.7710443139076233
1203,40,6,1,D:\Skripsi\Experiment\data\raw\RGB1\S40\AC6\RGB1_SUB40ACT6F1.jpg,1,1,0.6229972243309021
1204,40,6,106,D:\Skripsi\Experiment\data\raw\RGB1\S40\AC6\RGB1_SUB40ACT6F106.jpg,1,1,0.865894079208374
1205,40,6,121,D:\Skripsi\Experiment\data\raw\RGB1\S40\AC6\RGB1_SUB40ACT6F121.jpg,1,1,0.9078406095504761
1206,40,6,136,D:\Skripsi\Experiment\data\raw\RGB1\S40\AC6\RGB1_SUB40ACT6F136.jpg,1,1,0.8270635604858398
1207,40,6,16,D:\Skripsi\Experiment\data\raw\RGB1\S40\AC6\RGB1_SUB40ACT6F16.jpg,1,1,0.8505522608757019
1208,40,6,31,D:\Skripsi\Experiment\data\raw\RGB1\S40\AC6\RGB1_SUB40ACT6F31.jpg,1,1,0.8226356506347656
1209,40,6,46,D:\Skripsi\Experiment\data\raw\RGB1\S40\AC6\RGB1_SUB40ACT6F46.jpg,1,1,0.8729356527328491
1210,40,6,61,D:\Skripsi\Experiment\data\raw\RGB1\S40\AC6\RGB1_SUB40ACT6F61.jpg,1,1,0.8367185592651367
1211,40,6,76,D:\Skripsi\Experiment\data\raw\RGB1\S40\AC6\RGB1_SUB40ACT6F76.jpg,1,1,0.8731698393821716
1212,40,6,91,D:\Skripsi\Experiment\data\raw\RGB1\S40\AC6\RGB1_SUB40ACT6F91.jpg,1,1,0.8207323551177979
1213,40,7,1,D:\Skripsi\Experiment\data\raw\RGB1\S40\AC7\RGB1_SUB40ACT7F1.jpg,1,1,0.6631834506988525
1214,40,7,106,D:\Skripsi\Experiment\data\raw\RGB1\S40\AC7\RGB1_SUB40ACT7F106.jpg,1,1,0.7122789621353149
1215,40,7,121,D:\Skripsi\Experiment\data\raw\RGB1\S40\AC7\RGB1_SUB40ACT7F121.jpg,1,1,0.6280131936073303
1216,40,7,136,D:\Skripsi\Experiment\data\raw\RGB1\S40\AC7\RGB1_SUB40ACT7F136.jpg,1,1,0.7623472213745117
1217,40,7,151,D:\Skripsi\Experiment\data\raw\RGB1\S40\AC7\RGB1_SUB40ACT7F151.jpg,1,1,0.7714895606040955
1218,40,7,16,D:\Skripsi\Experiment\data\raw\RGB1\S40\AC7\RGB1_SUB40ACT7F16.jpg,1,1,0.7975619435310364
1219,40,7,166,D:\Skripsi\Experiment\data\raw\RGB1\S40\AC7\RGB1_SUB40ACT7F166.jpg,1,1,0.7540011405944824
1220,40,7,181,D:\Skripsi\Experiment\data\raw\RGB1\S40\AC7\RGB1_SUB40ACT7F181.jpg,1,1,0.6905652284622192
1221,40,7,196,D:\Skripsi\Experiment\data\raw\RGB1\S40\AC7\RGB1_SUB40ACT7F196.jpg,1,1,0.8175455927848816
1222,40,7,211,D:\Skripsi\Experiment\data\raw\RGB1\S40\AC7\RGB1_SUB40ACT7F211.jpg,1,1,0.9159696698188782
1223,40,7,226,D:\Skripsi\Experiment\data\raw\RGB1\S40\AC7\RGB1_SUB40ACT7F226.jpg,1,1,0.8674148917198181
1224,40,7,31,D:\Skripsi\Experiment\data\raw\RGB1\S40\AC7\RGB1_SUB40ACT7F31.jpg,1,1,0.898625910282135
1225,40,7,46,D:\Skripsi\Experiment\data\raw\RGB1\S40\AC7\RGB1_SUB40ACT7F46.jpg,1,1,0.8619083762168884
1226,40,7,61,D:\Skripsi\Experiment\data\raw\RGB1\S40\AC7\RGB1_SUB40ACT7F61.jpg,1,1,0.754727303981781
1227,40,7,76,D:\Skripsi\Experiment\data\raw\RGB1\S40\AC7\RGB1_SUB40ACT7F76.jpg,1,1,0.7377575039863586
1228,40,7,91,D:\Skripsi\Experiment\data\raw\RGB1\S40\AC7\RGB1_SUB40ACT7F91.jpg,1,1,0.5911428928375244
1229,40,8,1,D:\Skripsi\Experiment\data\raw\RGB1\S40\AC8\RGB1_SUB40ACT8F1.jpg,1,1,0.8650571703910828
1230,40,8,106,D:\Skripsi\Experiment\data\raw\RGB1\S40\AC8\RGB1_SUB40ACT8F106.jpg,1,1,0.817696750164032
1231,40,8,121,D:\Skripsi\Experiment\data\raw\RGB1\S40\AC8\RGB1_SUB40ACT8F121.jpg,1,1,0.8994617462158203
1232,40,8,136,D:\Skripsi\Experiment\data\raw\RGB1\S40\AC8\RGB1_SUB40ACT8F136.jpg,1,1,0.7698357701301575
1233,40,8,151,D:\Skripsi\Experiment\data\raw\RGB1\S40\AC8\RGB1_SUB40ACT8F151.jpg,1,1,0.734696626663208
1234,40,8,16,D:\Skripsi\Experiment\data\raw\RGB1\S40\AC8\RGB1_SUB40ACT8F16.jpg,1,1,0.8061587810516357
1235,40,8,166,D:\Skripsi\Experiment\data\raw\RGB1\S40\AC8\RGB1_SUB40ACT8F166.jpg,1,1,0.7149154543876648
1236,40,8,181,D:\Skripsi\Experiment\data\raw\RGB1\S40\AC8\RGB1_SUB40ACT8F181.jpg,1,1,0.7947455644607544
1237,40,8,31,D:\Skripsi\Experiment\data\raw\RGB1\S40\AC8\RGB1_SUB40ACT8F31.jpg,1,1,0.9202291369438171
1238,40,8,46,D:\Skripsi\Experiment\data\raw\RGB1\S40\AC8\RGB1_SUB40ACT8F46.jpg,1,1,0.8575136661529541
1239,40,8,61,D:\Skripsi\Experiment\data\raw\RGB1\S40\AC8\RGB1_SUB40ACT8F61.jpg,1,1,0.6652859449386597
1240,40,8,76,D:\Skripsi\Experiment\data\raw\RGB1\S40\AC8\RGB1_SUB40ACT8F76.jpg,1,1,0.8565663695335388
1241,40,8,91,D:\Skripsi\Experiment\data\raw\RGB1\S40\AC8\RGB1_SUB40ACT8F91.jpg,1,1,0.8418815732002258
1242,40,9,1,D:\Skripsi\Experiment\data\raw\RGB1\S40\AC9\RGB1_SUB40ACT9F1.jpg,1,1,0.8515596985816956
1243,40,9,106,D:\Skripsi\Experiment\data\raw\RGB1\S40\AC9\RGB1_SUB40ACT9F106.jpg,1,1,0.7328559756278992
1244,40,9,121,D:\Skripsi\Experiment\data\raw\RGB1\S40\AC9\RGB1_SUB40ACT9F121.jpg,1,1,0.8214828372001648
1245,40,9,136,D:\Skripsi\Experiment\data\raw\RGB1\S40\AC9\RGB1_SUB40ACT9F136.jpg,1,1,0.8122761249542236
1246,40,9,16,D:\Skripsi\Experiment\data\raw\RGB1\S40\AC9\RGB1_SUB40ACT9F16.jpg,1,1,0.8950279355049133
1247,40,9,31,D:\Skripsi\Experiment\data\raw\RGB1\S40\AC9\RGB1_SUB40ACT9F31.jpg,1,1,0.9022339582443237
1248,40,9,46,D:\Skripsi\Experiment\data\raw\RGB1\S40\AC9\RGB1_SUB40ACT9F46.jpg,1,1,0.7162528038024902
1249,40,9,61,D:\Skripsi\Experiment\data\raw\RGB1\S40\AC9\RGB1_SUB40ACT9F61.jpg,1,1,0.8619135618209839
1250,40,9,76,D:\Skripsi\Experiment\data\raw\RGB1\S40\AC9\RGB1_SUB40ACT9F76.jpg,1,1,0.8781251311302185
1251,40,9,91,D:\Skripsi\Experiment\data\raw\RGB1\S40\AC9\RGB1_SUB40ACT9F91.jpg,1,1,0.787736713886261
1252,43,1,1,D:\Skripsi\Experiment\data\raw\RGB1\S43\AC1\RGB1_SUB43ACT1F1.jpg,0,0,0.06694846600294113
1253,43,1,106,D:\Skripsi\Experiment\data\raw\RGB1\S43\AC1\RGB1_SUB43ACT1F106.jpg,0,0,0.08813641965389252
1254,43,1,121,D:\Skripsi\Experiment\data\raw\RGB1\S43\AC1\RGB1_SUB43ACT1F121.jpg,0,0,0.1725180298089981
1255,43,1,136,D:\Skripsi\Experiment\data\raw\RGB1\S43\AC1\RGB1_SUB43ACT1F136.jpg,0,0,0.03185968101024628
1256,43,1,151,D:\Skripsi\Experiment\data\raw\RGB1\S43\AC1\RGB1_SUB43ACT1F151.jpg,0,0,0.2683548033237457
1257,43,1,16,D:\Skripsi\Experiment\data\raw\RGB1\S43\AC1\RGB1_SUB43ACT1F16.jpg,0,0,0.05223087966442108
1258,43,1,166,D:\Skripsi\Experiment\data\raw\RGB1\S43\AC1\RGB1_SUB43ACT1F166.jpg,0,0,0.06061708554625511
1259,43,1,181,D:\Skripsi\Experiment\data\raw\RGB1\S43\AC1\RGB1_SUB43ACT1F181.jpg,0,0,0.13553957641124725
1260,43,1,31,D:\Skripsi\Experiment\data\raw\RGB1\S43\AC1\RGB1_SUB43ACT1F31.jpg,0,0,0.02850084938108921
1261,43,1,46,D:\Skripsi\Experiment\data\raw\RGB1\S43\AC1\RGB1_SUB43ACT1F46.jpg,0,0,0.028835484758019447
1262,43,1,61,D:\Skripsi\Experiment\data\raw\RGB1\S43\AC1\RGB1_SUB43ACT1F61.jpg,0,0,0.01824669912457466
1263,43,1,76,D:\Skripsi\Experiment\data\raw\RGB1\S43\AC1\RGB1_SUB43ACT1F76.jpg,0,0,0.03902821987867355
1264,43,1,91,D:\Skripsi\Experiment\data\raw\RGB1\S43\AC1\RGB1_SUB43ACT1F91.jpg,0,0,0.03451237455010414
1265,43,5,1,D:\Skripsi\Experiment\data\raw\RGB1\S43\AC5\RGB1_SUB43ACT5F1.jpg,1,0,0.42465436458587646
1266,43,5,106,D:\Skripsi\Experiment\data\raw\RGB1\S43\AC5\RGB1_SUB43ACT5F106.jpg,1,1,0.6890021562576294
1267,43,5,121,D:\Skripsi\Experiment\data\raw\RGB1\S43\AC5\RGB1_SUB43ACT5F121.jpg,1,1,0.7516182065010071
1268,43,5,136,D:\Skripsi\Experiment\data\raw\RGB1\S43\AC5\RGB1_SUB43ACT5F136.jpg,1,1,0.8519168496131897
1269,43,5,151,D:\Skripsi\Experiment\data\raw\RGB1\S43\AC5\RGB1_SUB43ACT5F151.jpg,1,1,0.9396622180938721
1270,43,5,16,D:\Skripsi\Experiment\data\raw\RGB1\S43\AC5\RGB1_SUB43ACT5F16.jpg,1,1,0.8359823226928711
1271,43,5,166,D:\Skripsi\Experiment\data\raw\RGB1\S43\AC5\RGB1_SUB43ACT5F166.jpg,1,1,0.8893435001373291
1272,43,5,181,D:\Skripsi\Experiment\data\raw\RGB1\S43\AC5\RGB1_SUB43ACT5F181.jpg,1,1,0.7776486277580261
1273,43,5,31,D:\Skripsi\Experiment\data\raw\RGB1\S43\AC5\RGB1_SUB43ACT5F31.jpg,1,1,0.7947391271591187
1274,43,5,46,D:\Skripsi\Experiment\data\raw\RGB1\S43\AC5\RGB1_SUB43ACT5F46.jpg,1,1,0.8787458539009094
1275,43,5,61,D:\Skripsi\Experiment\data\raw\RGB1\S43\AC5\RGB1_SUB43ACT5F61.jpg,1,1,0.8669856190681458
1276,43,5,76,D:\Skripsi\Experiment\data\raw\RGB1\S43\AC5\RGB1_SUB43ACT5F76.jpg,1,1,0.8993598222732544
1277,43,5,91,D:\Skripsi\Experiment\data\raw\RGB1\S43\AC5\RGB1_SUB43ACT5F91.jpg,1,1,0.8587515354156494
1278,43,6,1,D:\Skripsi\Experiment\data\raw\RGB1\S43\AC6\RGB1_SUB43ACT6F1.jpg,1,1,0.5902454853057861
1279,43,6,106,D:\Skripsi\Experiment\data\raw\RGB1\S43\AC6\RGB1_SUB43ACT6F106.jpg,1,1,0.8989059329032898
1280,43,6,121,D:\Skripsi\Experiment\data\raw\RGB1\S43\AC6\RGB1_SUB43ACT6F121.jpg,1,1,0.9060394763946533
1281,43,6,136,D:\Skripsi\Experiment\data\raw\RGB1\S43\AC6\RGB1_SUB43ACT6F136.jpg,1,1,0.9121026396751404
1282,43,6,151,D:\Skripsi\Experiment\data\raw\RGB1\S43\AC6\RGB1_SUB43ACT6F151.jpg,1,1,0.8885481357574463
1283,43,6,16,D:\Skripsi\Experiment\data\raw\RGB1\S43\AC6\RGB1_SUB43ACT6F16.jpg,1,1,0.8403797745704651
1284,43,6,166,D:\Skripsi\Experiment\data\raw\RGB1\S43\AC6\RGB1_SUB43ACT6F166.jpg,1,1,0.9178405404090881
1285,43,6,181,D:\Skripsi\Experiment\data\raw\RGB1\S43\AC6\RGB1_SUB43ACT6F181.jpg,1,1,0.9032410979270935
1286,43,6,196,D:\Skripsi\Experiment\data\raw\RGB1\S43\AC6\RGB1_SUB43ACT6F196.jpg,1,1,0.9245495200157166
1287,43,6,31,D:\Skripsi\Experiment\data\raw\RGB1\S43\AC6\RGB1_SUB43ACT6F31.jpg,1,1,0.8470669984817505
1288,43,6,46,D:\Skripsi\Experiment\data\raw\RGB1\S43\AC6\RGB1_SUB43ACT6F46.jpg,1,1,0.8578590154647827
1289,43,6,61,D:\Skripsi\Experiment\data\raw\RGB1\S43\AC6\RGB1_SUB43ACT6F61.jpg,1,1,0.8668215274810791
1290,43,6,76,D:\Skripsi\Experiment\data\raw\RGB1\S43\AC6\RGB1_SUB43ACT6F76.jpg,1,1,0.8735683560371399
1291,43,6,91,D:\Skripsi\Experiment\data\raw\RGB1\S43\AC6\RGB1_SUB43ACT6F91.jpg,1,1,0.8894199728965759
1292,43,7,1,D:\Skripsi\Experiment\data\raw\RGB1\S43\AC7\RGB1_SUB43ACT7F1.jpg,1,1,0.8381375074386597
1293,43,7,106,D:\Skripsi\Experiment\data\raw\RGB1\S43\AC7\RGB1_SUB43ACT7F106.jpg,1,1,0.8734668493270874
1294,43,7,121,D:\Skripsi\Experiment\data\raw\RGB1\S43\AC7\RGB1_SUB43ACT7F121.jpg,1,1,0.8286521434783936
1295,43,7,136,D:\Skripsi\Experiment\data\raw\RGB1\S43\AC7\RGB1_SUB43ACT7F136.jpg,1,1,0.8745712041854858
1296,43,7,151,D:\Skripsi\Experiment\data\raw\RGB1\S43\AC7\RGB1_SUB43ACT7F151.jpg,1,1,0.834352433681488
1297,43,7,16,D:\Skripsi\Experiment\data\raw\RGB1\S43\AC7\RGB1_SUB43ACT7F16.jpg,1,1,0.8875837326049805
1298,43,7,166,D:\Skripsi\Experiment\data\raw\RGB1\S43\AC7\RGB1_SUB43ACT7F166.jpg,1,1,0.8759735822677612
1299,43,7,181,D:\Skripsi\Experiment\data\raw\RGB1\S43\AC7\RGB1_SUB43ACT7F181.jpg,1,1,0.8923723697662354
1300,43,7,196,D:\Skripsi\Experiment\data\raw\RGB1\S43\AC7\RGB1_SUB43ACT7F196.jpg,1,1,0.9194959998130798
1301,43,7,211,D:\Skripsi\Experiment\data\raw\RGB1\S43\AC7\RGB1_SUB43ACT7F211.jpg,1,1,0.8429834246635437
1302,43,7,31,D:\Skripsi\Experiment\data\raw\RGB1\S43\AC7\RGB1_SUB43ACT7F31.jpg,1,1,0.8711758255958557
1303,43,7,46,D:\Skripsi\Experiment\data\raw\RGB1\S43\AC7\RGB1_SUB43ACT7F46.jpg,1,1,0.9326439499855042
1304,43,7,61,D:\Skripsi\Experiment\data\raw\RGB1\S43\AC7\RGB1_SUB43ACT7F61.jpg,1,1,0.8548986911773682
1305,43,7,76,D:\Skripsi\Experiment\data\raw\RGB1\S43\AC7\RGB1_SUB43ACT7F76.jpg,1,1,0.8382754325866699
1306,43,7,91,D:\Skripsi\Experiment\data\raw\RGB1\S43\AC7\RGB1_SUB43ACT7F91.jpg,1,1,0.8465856313705444
1307,43,8,1,D:\Skripsi\Experiment\data\raw\RGB1\S43\AC8\RGB1_SUB43ACT8F1.jpg,1,1,0.8490166664123535
1308,43,8,106,D:\Skripsi\Experiment\data\raw\RGB1\S43\AC8\RGB1_SUB43ACT8F106.jpg,1,1,0.5274763107299805
1309,43,8,121,D:\Skripsi\Experiment\data\raw\RGB1\S43\AC8\RGB1_SUB43ACT8F121.jpg,1,1,0.7033774852752686
1310,43,8,136,D:\Skripsi\Experiment\data\raw\RGB1\S43\AC8\RGB1_SUB43ACT8F136.jpg,1,0,0.47235721349716187
1311,43,8,151,D:\Skripsi\Experiment\data\raw\RGB1\S43\AC8\RGB1_SUB43ACT8F151.jpg,1,1,0.7170765995979309
1312,43,8,16,D:\Skripsi\Experiment\data\raw\RGB1\S43\AC8\RGB1_SUB43ACT8F16.jpg,1,1,0.7970598936080933
1313,43,8,166,D:\Skripsi\Experiment\data\raw\RGB1\S43\AC8\RGB1_SUB43ACT8F166.jpg,1,1,0.690417468547821
1314,43,8,181,D:\Skripsi\Experiment\data\raw\RGB1\S43\AC8\RGB1_SUB43ACT8F181.jpg,1,1,0.5943526029586792
1315,43,8,196,D:\Skripsi\Experiment\data\raw\RGB1\S43\AC8\RGB1_SUB43ACT8F196.jpg,1,1,0.7180836796760559
1316,43,8,211,D:\Skripsi\Experiment\data\raw\RGB1\S43\AC8\RGB1_SUB43ACT8F211.jpg,1,1,0.8360164165496826
1317,43,8,226,D:\Skripsi\Experiment\data\raw\RGB1\S43\AC8\RGB1_SUB43ACT8F226.jpg,1,1,0.8384523987770081
1318,43,8,241,D:\Skripsi\Experiment\data\raw\RGB1\S43\AC8\RGB1_SUB43ACT8F241.jpg,1,1,0.7673253417015076
1319,43,8,256,D:\Skripsi\Experiment\data\raw\RGB1\S43\AC8\RGB1_SUB43ACT8F256.jpg,1,1,0.7751963138580322
1320,43,8,31,D:\Skripsi\Experiment\data\raw\RGB1\S43\AC8\RGB1_SUB43ACT8F31.jpg,1,1,0.8116568922996521
1321,43,8,46,D:\Skripsi\Experiment\data\raw\RGB1\S43\AC8\RGB1_SUB43ACT8F46.jpg,1,1,0.7454274296760559
1322,43,8,61,D:\Skripsi\Experiment\data\raw\RGB1\S43\AC8\RGB1_SUB43ACT8F61.jpg,1,1,0.7855128049850464
1323,43,8,76,D:\Skripsi\Experiment\data\raw\RGB1\S43\AC8\RGB1_SUB43ACT8F76.jpg,1,1,0.6495879888534546
1324,43,8,91,D:\Skripsi\Experiment\data\raw\RGB1\S43\AC8\RGB1_SUB43ACT8F91.jpg,1,1,0.5797396898269653
1325,43,9,1,D:\Skripsi\Experiment\data\raw\RGB1\S43\AC9\RGB1_SUB43ACT9F1.jpg,1,1,0.8720369338989258
1326,43,9,106,D:\Skripsi\Experiment\data\raw\RGB1\S43\AC9\RGB1_SUB43ACT9F106.jpg,1,1,0.7412200570106506
1327,43,9,121,D:\Skripsi\Experiment\data\raw\RGB1\S43\AC9\RGB1_SUB43ACT9F121.jpg,1,1,0.7183672189712524
1328,43,9,136,D:\Skripsi\Experiment\data\raw\RGB1\S43\AC9\RGB1_SUB43ACT9F136.jpg,1,1,0.8052549958229065
1329,43,9,151,D:\Skripsi\Experiment\data\raw\RGB1\S43\AC9\RGB1_SUB43ACT9F151.jpg,1,1,0.810370147228241
1330,43,9,16,D:\Skripsi\Experiment\data\raw\RGB1\S43\AC9\RGB1_SUB43ACT9F16.jpg,1,1,0.8936250805854797
1331,43,9,166,D:\Skripsi\Experiment\data\raw\RGB1\S43\AC9\RGB1_SUB43ACT9F166.jpg,1,1,0.6462639570236206
1332,43,9,31,D:\Skripsi\Experiment\data\raw\RGB1\S43\AC9\RGB1_SUB43ACT9F31.jpg,1,1,0.7634705305099487
1333,43,9,46,D:\Skripsi\Experiment\data\raw\RGB1\S43\AC9\RGB1_SUB43ACT9F46.jpg,1,1,0.7656989693641663
1334,43,9,61,D:\Skripsi\Experiment\data\raw\RGB1\S43\AC9\RGB1_SUB43ACT9F61.jpg,1,1,0.7200620174407959
1335,43,9,76,D:\Skripsi\Experiment\data\raw\RGB1\S43\AC9\RGB1_SUB43ACT9F76.jpg,1,1,0.6751651167869568
1336,43,9,91,D:\Skripsi\Experiment\data\raw\RGB1\S43\AC9\RGB1_SUB43ACT9F91.jpg,1,1,0.5041594505310059
1337,44,1,1,D:\Skripsi\Experiment\data\raw\RGB1\S44\AC1\RGB1_SUB44ACT1F1.jpg,0,0,0.0055167535319924355
1338,44,1,106,D:\Skripsi\Experiment\data\raw\RGB1\S44\AC1\RGB1_SUB44ACT1F106.jpg,0,0,0.028168033808469772
1339,44,1,121,D:\Skripsi\Experiment\data\raw\RGB1\S44\AC1\RGB1_SUB44ACT1F121.jpg,0,0,0.017661888152360916
1340,44,1,136,D:\Skripsi\Experiment\data\raw\RGB1\S44\AC1\RGB1_SUB44ACT1F136.jpg,0,0,0.043604571372270584
1341,44,1,151,D:\Skripsi\Experiment\data\raw\RGB1\S44\AC1\RGB1_SUB44ACT1F151.jpg,0,0,0.03090585768222809
1342,44,1,16,D:\Skripsi\Experiment\data\raw\RGB1\S44\AC1\RGB1_SUB44ACT1F16.jpg,0,0,0.003599159186705947
1343,44,1,31,D:\Skripsi\Experiment\data\raw\RGB1\S44\AC1\RGB1_SUB44ACT1F31.jpg,0,0,0.00448501156643033
1344,44,1,46,D:\Skripsi\Experiment\data\raw\RGB1\S44\AC1\RGB1_SUB44ACT1F46.jpg,0,0,0.002866439986974001
1345,44,1,61,D:\Skripsi\Experiment\data\raw\RGB1\S44\AC1\RGB1_SUB44ACT1F61.jpg,0,0,0.001649369951337576
1346,44,1,76,D:\Skripsi\Experiment\data\raw\RGB1\S44\AC1\RGB1_SUB44ACT1F76.jpg,0,0,0.00416729087010026
1347,44,1,91,D:\Skripsi\Experiment\data\raw\RGB1\S44\AC1\RGB1_SUB44ACT1F91.jpg,0,0,0.037342604249715805
1348,44,5,1,D:\Skripsi\Experiment\data\raw\RGB1\S44\AC5\RGB1_SUB44ACT5F1.jpg,1,1,0.9193764925003052
1349,44,5,106,D:\Skripsi\Experiment\data\raw\RGB1\S44\AC5\RGB1_SUB44ACT5F106.jpg,1,1,0.8714080452919006
1350,44,5,121,D:\Skripsi\Experiment\data\raw\RGB1\S44\AC5\RGB1_SUB44ACT5F121.jpg,1,1,0.8033718466758728
1351,44,5,136,D:\Skripsi\Experiment\data\raw\RGB1\S44\AC5\RGB1_SUB44ACT5F136.jpg,1,1,0.8733644485473633
1352,44,5,16,D:\Skripsi\Experiment\data\raw\RGB1\S44\AC5\RGB1_SUB44ACT5F16.jpg,1,1,0.8914892673492432
1353,44,5,31,D:\Skripsi\Experiment\data\raw\RGB1\S44\AC5\RGB1_SUB44ACT5F31.jpg,1,1,0.8743979930877686
1354,44,5,46,D:\Skripsi\Experiment\data\raw\RGB1\S44\AC5\RGB1_SUB44ACT5F46.jpg,1,1,0.9330470561981201
1355,44,5,61,D:\Skripsi\Experiment\data\raw\RGB1\S44\AC5\RGB1_SUB44ACT5F61.jpg,1,1,0.8337120413780212
1356,44,5,76,D:\Skripsi\Experiment\data\raw\RGB1\S44\AC5\RGB1_SUB44ACT5F76.jpg,1,1,0.881321370601654
1357,44,5,91,D:\Skripsi\Experiment\data\raw\RGB1\S44\AC5\RGB1_SUB44ACT5F91.jpg,1,1,0.8491475582122803
1358,44,6,1,D:\Skripsi\Experiment\data\raw\RGB1\S44\AC6\RGB1_SUB44ACT6F1.jpg,1,1,0.6735660433769226
1359,44,6,106,D:\Skripsi\Experiment\data\raw\RGB1\S44\AC6\RGB1_SUB44ACT6F106.jpg,1,1,0.5030854940414429
1360,44,6,121,D:\Skripsi\Experiment\data\raw\RGB1\S44\AC6\RGB1_SUB44ACT6F121.jpg,1,1,0.9045620560646057
1361,44,6,136,D:\Skripsi\Experiment\data\raw\RGB1\S44\AC6\RGB1_SUB44ACT6F136.jpg,1,0,0.4319990873336792
1362,44,6,16,D:\Skripsi\Experiment\data\raw\RGB1\S44\AC6\RGB1_SUB44ACT6F16.jpg,1,1,0.7880090475082397
1363,44,6,31,D:\Skripsi\Experiment\data\raw\RGB1\S44\AC6\RGB1_SUB44ACT6F31.jpg,1,1,0.5671079754829407
1364,44,6,46,D:\Skripsi\Experiment\data\raw\RGB1\S44\AC6\RGB1_SUB44ACT6F46.jpg,1,1,0.5417728424072266
1365,44,6,61,D:\Skripsi\Experiment\data\raw\RGB1\S44\AC6\RGB1_SUB44ACT6F61.jpg,1,1,0.5617746710777283
1366,44,6,76,D:\Skripsi\Experiment\data\raw\RGB1\S44\AC6\RGB1_SUB44ACT6F76.jpg,1,1,0.7726250886917114
1367,44,6,91,D:\Skripsi\Experiment\data\raw\RGB1\S44\AC6\RGB1_SUB44ACT6F91.jpg,1,1,0.7105164527893066
1368,44,7,1,D:\Skripsi\Experiment\data\raw\RGB1\S44\AC7\RGB1_SUB44ACT7F1.jpg,1,1,0.7230933904647827
1369,44,7,106,D:\Skripsi\Experiment\data\raw\RGB1\S44\AC7\RGB1_SUB44ACT7F106.jpg,1,1,0.7966148257255554
1370,44,7,121,D:\Skripsi\Experiment\data\raw\RGB1\S44\AC7\RGB1_SUB44ACT7F121.jpg,1,1,0.762007474899292
1371,44,7,136,D:\Skripsi\Experiment\data\raw\RGB1\S44\AC7\RGB1_SUB44ACT7F136.jpg,1,1,0.7262764573097229
1372,44,7,151,D:\Skripsi\Experiment\data\raw\RGB1\S44\AC7\RGB1_SUB44ACT7F151.jpg,1,1,0.6821432709693909
1373,44,7,16,D:\Skripsi\Experiment\data\raw\RGB1\S44\AC7\RGB1_SUB44ACT7F16.jpg,1,1,0.7089951038360596
1374,44,7,31,D:\Skripsi\Experiment\data\raw\RGB1\S44\AC7\RGB1_SUB44ACT7F31.jpg,1,1,0.7328831553459167
1375,44,7,46,D:\Skripsi\Experiment\data\raw\RGB1\S44\AC7\RGB1_SUB44ACT7F46.jpg,1,1,0.8086785078048706
1376,44,7,61,D:\Skripsi\Experiment\data\raw\RGB1\S44\AC7\RGB1_SUB44ACT7F61.jpg,1,1,0.7057440876960754
1377,44,7,76,D:\Skripsi\Experiment\data\raw\RGB1\S44\AC7\RGB1_SUB44ACT7F76.jpg,1,1,0.81593918800354
1378,44,7,91,D:\Skripsi\Experiment\data\raw\RGB1\S44\AC7\RGB1_SUB44ACT7F91.jpg,1,1,0.6897886991500854
1379,44,8,1,D:\Skripsi\Experiment\data\raw\RGB1\S44\AC8\RGB1_SUB44ACT8F1.jpg,1,1,0.7914315462112427
1380,44,8,106,D:\Skripsi\Experiment\data\raw\RGB1\S44\AC8\RGB1_SUB44ACT8F106.jpg,1,1,0.7017629146575928
1381,44,8,121,D:\Skripsi\Experiment\data\raw\RGB1\S44\AC8\RGB1_SUB44ACT8F121.jpg,1,1,0.8505403399467468
1382,44,8,136,D:\Skripsi\Experiment\data\raw\RGB1\S44\AC8\RGB1_SUB44ACT8F136.jpg,1,1,0.8738985657691956
1383,44,8,151,D:\Skripsi\Experiment\data\raw\RGB1\S44\AC8\RGB1_SUB44ACT8F151.jpg,1,1,0.8322915434837341
1384,44,8,16,D:\Skripsi\Experiment\data\raw\RGB1\S44\AC8\RGB1_SUB44ACT8F16.jpg,1,1,0.8211876153945923
1385,44,8,166,D:\Skripsi\Experiment\data\raw\RGB1\S44\AC8\RGB1_SUB44ACT8F166.jpg,1,1,0.9015690684318542
1386,44,8,181,D:\Skripsi\Experiment\data\raw\RGB1\S44\AC8\RGB1_SUB44ACT8F181.jpg,1,1,0.8364328742027283
1387,44,8,31,D:\Skripsi\Experiment\data\raw\RGB1\S44\AC8\RGB1_SUB44ACT8F31.jpg,1,1,0.7659987211227417
1388,44,8,46,D:\Skripsi\Experiment\data\raw\RGB1\S44\AC8\RGB1_SUB44ACT8F46.jpg,1,1,0.7262466549873352
1389,44,8,61,D:\Skripsi\Experiment\data\raw\RGB1\S44\AC8\RGB1_SUB44ACT8F61.jpg,1,1,0.7737303376197815
1390,44,8,76,D:\Skripsi\Experiment\data\raw\RGB1\S44\AC8\RGB1_SUB44ACT8F76.jpg,1,1,0.8115357160568237
1391,44,8,91,D:\Skripsi\Experiment\data\raw\RGB1\S44\AC8\RGB1_SUB44ACT8F91.jpg,1,1,0.7572269439697266
1392,44,9,1,D:\Skripsi\Experiment\data\raw\RGB1\S44\AC9\RGB1_SUB44ACT9F1.jpg,1,1,0.8119713068008423
1393,44,9,106,D:\Skripsi\Experiment\data\raw\RGB1\S44\AC9\RGB1_SUB44ACT9F106.jpg,1,1,0.8455939292907715
1394,44,9,121,D:\Skripsi\Experiment\data\raw\RGB1\S44\AC9\RGB1_SUB44ACT9F121.jpg,1,1,0.8234049677848816
1395,44,9,136,D:\Skripsi\Experiment\data\raw\RGB1\S44\AC9\RGB1_SUB44ACT9F136.jpg,1,1,0.8167366981506348
1396,44,9,151,D:\Skripsi\Experiment\data\raw\RGB1\S44\AC9\RGB1_SUB44ACT9F151.jpg,1,1,0.8311429619789124
1397,44,9,16,D:\Skripsi\Experiment\data\raw\RGB1\S44\AC9\RGB1_SUB44ACT9F16.jpg,1,1,0.8773212432861328
1398,44,9,166,D:\Skripsi\Experiment\data\raw\RGB1\S44\AC9\RGB1_SUB44ACT9F166.jpg,1,1,0.77986079454422
1399,44,9,181,D:\Skripsi\Experiment\data\raw\RGB1\S44\AC9\RGB1_SUB44ACT9F181.jpg,1,0,0.422322541475296
1400,44,9,196,D:\Skripsi\Experiment\data\raw\RGB1\S44\AC9\RGB1_SUB44ACT9F196.jpg,1,1,0.7640115022659302
1401,44,9,31,D:\Skripsi\Experiment\data\raw\RGB1\S44\AC9\RGB1_SUB44ACT9F31.jpg,1,1,0.7367104291915894
1402,44,9,46,D:\Skripsi\Experiment\data\raw\RGB1\S44\AC9\RGB1_SUB44ACT9F46.jpg,1,1,0.7980674505233765
1403,44,9,61,D:\Skripsi\Experiment\data\raw\RGB1\S44\AC9\RGB1_SUB44ACT9F61.jpg,1,1,0.7345033288002014
1404,44,9,76,D:\Skripsi\Experiment\data\raw\RGB1\S44\AC9\RGB1_SUB44ACT9F76.jpg,1,1,0.8292991518974304
1405,44,9,91,D:\Skripsi\Experiment\data\raw\RGB1\S44\AC9\RGB1_SUB44ACT9F91.jpg,1,1,0.7577412128448486
1406,45,1,1,D:\Skripsi\Experiment\data\raw\RGB1\S45\AC1\RGB1_SUB45ACT1F1.jpg,0,0,0.009950915351510048
1407,45,1,106,D:\Skripsi\Experiment\data\raw\RGB1\S45\AC1\RGB1_SUB45ACT1F106.jpg,0,0,0.10020613670349121
1408,45,1,121,D:\Skripsi\Experiment\data\raw\RGB1\S45\AC1\RGB1_SUB45ACT1F121.jpg,0,0,0.011098836548626423
1409,45,1,136,D:\Skripsi\Experiment\data\raw\RGB1\S45\AC1\RGB1_SUB45ACT1F136.jpg,0,0,0.005993840750306845
1410,45,1,151,D:\Skripsi\Experiment\data\raw\RGB1\S45\AC1\RGB1_SUB45ACT1F151.jpg,0,0,0.020607197657227516
1411,45,1,16,D:\Skripsi\Experiment\data\raw\RGB1\S45\AC1\RGB1_SUB45ACT1F16.jpg,0,0,0.026145437732338905
1412,45,1,166,D:\Skripsi\Experiment\data\raw\RGB1\S45\AC1\RGB1_SUB45ACT1F166.jpg,0,0,0.020437439903616905
1413,45,1,31,D:\Skripsi\Experiment\data\raw\RGB1\S45\AC1\RGB1_SUB45ACT1F31.jpg,0,0,0.0033145705237984657
1414,45,1,46,D:\Skripsi\Experiment\data\raw\RGB1\S45\AC1\RGB1_SUB45ACT1F46.jpg,0,0,0.0036508608609437943
1415,45,1,61,D:\Skripsi\Experiment\data\raw\RGB1\S45\AC1\RGB1_SUB45ACT1F61.jpg,0,0,0.01589612476527691
1416,45,1,76,D:\Skripsi\Experiment\data\raw\RGB1\S45\AC1\RGB1_SUB45ACT1F76.jpg,0,0,0.04389658942818642
1417,45,1,91,D:\Skripsi\Experiment\data\raw\RGB1\S45\AC1\RGB1_SUB45ACT1F91.jpg,0,0,0.03092699497938156
1418,45,5,1,D:\Skripsi\Experiment\data\raw\RGB1\S45\AC5\RGB1_SUB45ACT5F1.jpg,1,1,0.8245210647583008
1419,45,5,106,D:\Skripsi\Experiment\data\raw\RGB1\S45\AC5\RGB1_SUB45ACT5F106.jpg,1,1,0.8380152583122253
1420,45,5,16,D:\Skripsi\Experiment\data\raw\RGB1\S45\AC5\RGB1_SUB45ACT5F16.jpg,1,1,0.8709431886672974
1421,45,5,31,D:\Skripsi\Experiment\data\raw\RGB1\S45\AC5\RGB1_SUB45ACT5F31.jpg,1,1,0.8825331926345825
1422,45,5,46,D:\Skripsi\Experiment\data\raw\RGB1\S45\AC5\RGB1_SUB45ACT5F46.jpg,1,1,0.8237729668617249
1423,45,5,61,D:\Skripsi\Experiment\data\raw\RGB1\S45\AC5\RGB1_SUB45ACT5F61.jpg,1,1,0.9289795160293579
1424,45,5,76,D:\Skripsi\Experiment\data\raw\RGB1\S45\AC5\RGB1_SUB45ACT5F76.jpg,1,1,0.8959707021713257
1425,45,5,91,D:\Skripsi\Experiment\data\raw\RGB1\S45\AC5\RGB1_SUB45ACT5F91.jpg,1,1,0.8980531692504883
1426,45,6,1,D:\Skripsi\Experiment\data\raw\RGB1\S45\AC6\RGB1_SUB45ACT6F1.jpg,1,1,0.8402263522148132
1427,45,6,106,D:\Skripsi\Experiment\data\raw\RGB1\S45\AC6\RGB1_SUB45ACT6F106.jpg,1,1,0.8663638830184937
1428,45,6,121,D:\Skripsi\Experiment\data\raw\RGB1\S45\AC6\RGB1_SUB45ACT6F121.jpg,1,1,0.9245813488960266
1429,45,6,136,D:\Skripsi\Experiment\data\raw\RGB1\S45\AC6\RGB1_SUB45ACT6F136.jpg,1,1,0.9500005841255188
1430,45,6,151,D:\Skripsi\Experiment\data\raw\RGB1\S45\AC6\RGB1_SUB45ACT6F151.jpg,1,1,0.889941394329071
1431,45,6,16,D:\Skripsi\Experiment\data\raw\RGB1\S45\AC6\RGB1_SUB45ACT6F16.jpg,1,1,0.8816200494766235
1432,45,6,31,D:\Skripsi\Experiment\data\raw\RGB1\S45\AC6\RGB1_SUB45ACT6F31.jpg,1,1,0.795947253704071
1433,45,6,46,D:\Skripsi\Experiment\data\raw\RGB1\S45\AC6\RGB1_SUB45ACT6F46.jpg,1,1,0.7783810496330261
1434,45,6,61,D:\Skripsi\Experiment\data\raw\RGB1\S45\AC6\RGB1_SUB45ACT6F61.jpg,1,1,0.7230115532875061
1435,45,6,76,D:\Skripsi\Experiment\data\raw\RGB1\S45\AC6\RGB1_SUB45ACT6F76.jpg,1,1,0.8204972743988037
1436,45,6,91,D:\Skripsi\Experiment\data\raw\RGB1\S45\AC6\RGB1_SUB45ACT6F91.jpg,1,1,0.8339054584503174
1437,45,7,1,D:\Skripsi\Experiment\data\raw\RGB1\S45\AC7\RGB1_SUB45ACT7F1.jpg,1,1,0.7922379970550537
1438,45,7,106,D:\Skripsi\Experiment\data\raw\RGB1\S45\AC7\RGB1_SUB45ACT7F106.jpg,1,1,0.9262382388114929
1439,45,7,121,D:\Skripsi\Experiment\data\raw\RGB1\S45\AC7\RGB1_SUB45ACT7F121.jpg,1,1,0.8744799494743347
1440,45,7,136,D:\Skripsi\Experiment\data\raw\RGB1\S45\AC7\RGB1_SUB45ACT7F136.jpg,1,1,0.9035868048667908
1441,45,7,151,D:\Skripsi\Experiment\data\raw\RGB1\S45\AC7\RGB1_SUB45ACT7F151.jpg,1,1,0.9134634733200073
1442,45,7,16,D:\Skripsi\Experiment\data\raw\RGB1\S45\AC7\RGB1_SUB45ACT7F16.jpg,1,1,0.8888730406761169
1443,45,7,166,D:\Skripsi\Experiment\data\raw\RGB1\S45\AC7\RGB1_SUB45ACT7F166.jpg,1,1,0.9259263277053833
1444,45,7,181,D:\Skripsi\Experiment\data\raw\RGB1\S45\AC7\RGB1_SUB45ACT7F181.jpg,1,1,0.8823909163475037
1445,45,7,196,D:\Skripsi\Experiment\data\raw\RGB1\S45\AC7\RGB1_SUB45ACT7F196.jpg,1,1,0.926997184753418
1446,45,7,31,D:\Skripsi\Experiment\data\raw\RGB1\S45\AC7\RGB1_SUB45ACT7F31.jpg,1,1,0.9150504469871521
1447,45,7,46,D:\Skripsi\Experiment\data\raw\RGB1\S45\AC7\RGB1_SUB45ACT7F46.jpg,1,1,0.893182098865509
1448,45,7,61,D:\Skripsi\Experiment\data\raw\RGB1\S45\AC7\RGB1_SUB45ACT7F61.jpg,1,1,0.8868406414985657
1449,45,7,76,D:\Skripsi\Experiment\data\raw\RGB1\S45\AC7\RGB1_SUB45ACT7F76.jpg,1,1,0.8512434959411621
1450,45,7,91,D:\Skripsi\Experiment\data\raw\RGB1\S45\AC7\RGB1_SUB45ACT7F91.jpg,1,1,0.8797014951705933
1451,45,8,1,D:\Skripsi\Experiment\data\raw\RGB1\S45\AC8\RGB1_SUB45ACT8F1.jpg,1,1,0.8286850452423096
1452,45,8,106,D:\Skripsi\Experiment\data\raw\RGB1\S45\AC8\RGB1_SUB45ACT8F106.jpg,1,1,0.9536496996879578
1453,45,8,121,D:\Skripsi\Experiment\data\raw\RGB1\S45\AC8\RGB1_SUB45ACT8F121.jpg,1,1,0.9182953834533691
1454,45,8,136,D:\Skripsi\Experiment\data\raw\RGB1\S45\AC8\RGB1_SUB45ACT8F136.jpg,1,1,0.8669254183769226
1455,45,8,151,D:\Skripsi\Experiment\data\raw\RGB1\S45\AC8\RGB1_SUB45ACT8F151.jpg,1,1,0.8788463473320007
1456,45,8,16,D:\Skripsi\Experiment\data\raw\RGB1\S45\AC8\RGB1_SUB45ACT8F16.jpg,1,1,0.7556935548782349
1457,45,8,166,D:\Skripsi\Experiment\data\raw\RGB1\S45\AC8\RGB1_SUB45ACT8F166.jpg,1,1,0.8994765281677246
1458,45,8,181,D:\Skripsi\Experiment\data\raw\RGB1\S45\AC8\RGB1_SUB45ACT8F181.jpg,1,1,0.8953123092651367
1459,45,8,196,D:\Skripsi\Experiment\data\raw\RGB1\S45\AC8\RGB1_SUB45ACT8F196.jpg,1,1,0.9094935059547424
1460,45,8,211,D:\Skripsi\Experiment\data\raw\RGB1\S45\AC8\RGB1_SUB45ACT8F211.jpg,1,1,0.8839455842971802
1461,45,8,31,D:\Skripsi\Experiment\data\raw\RGB1\S45\AC8\RGB1_SUB45ACT8F31.jpg,1,1,0.8919152021408081
1462,45,8,46,D:\Skripsi\Experiment\data\raw\RGB1\S45\AC8\RGB1_SUB45ACT8F46.jpg,1,1,0.8295504450798035
1463,45,8,61,D:\Skripsi\Experiment\data\raw\RGB1\S45\AC8\RGB1_SUB45ACT8F61.jpg,1,1,0.9112640023231506
1464,45,8,76,D:\Skripsi\Experiment\data\raw\RGB1\S45\AC8\RGB1_SUB45ACT8F76.jpg,1,1,0.9146893620491028
1465,45,8,91,D:\Skripsi\Experiment\data\raw\RGB1\S45\AC8\RGB1_SUB45ACT8F91.jpg,1,1,0.8724262714385986
1466,45,9,1,D:\Skripsi\Experiment\data\raw\RGB1\S45\AC9\RGB1_SUB45ACT9F1.jpg,1,1,0.8289996981620789
1467,45,9,106,D:\Skripsi\Experiment\data\raw\RGB1\S45\AC9\RGB1_SUB45ACT9F106.jpg,1,1,0.8608227372169495
1468,45,9,121,D:\Skripsi\Experiment\data\raw\RGB1\S45\AC9\RGB1_SUB45ACT9F121.jpg,1,1,0.7337649464607239
1469,45,9,136,D:\Skripsi\Experiment\data\raw\RGB1\S45\AC9\RGB1_SUB45ACT9F136.jpg,1,1,0.9344330430030823
1470,45,9,151,D:\Skripsi\Experiment\data\raw\RGB1\S45\AC9\RGB1_SUB45ACT9F151.jpg,1,1,0.8975460529327393
1471,45,9,16,D:\Skripsi\Experiment\data\raw\RGB1\S45\AC9\RGB1_SUB45ACT9F16.jpg,1,1,0.7349398136138916
1472,45,9,166,D:\Skripsi\Experiment\data\raw\RGB1\S45\AC9\RGB1_SUB45ACT9F166.jpg,1,1,0.9188604950904846
1473,45,9,181,D:\Skripsi\Experiment\data\raw\RGB1\S45\AC9\RGB1_SUB45ACT9F181.jpg,1,1,0.8902676105499268
1474,45,9,196,D:\Skripsi\Experiment\data\raw\RGB1\S45\AC9\RGB1_SUB45ACT9F196.jpg,1,1,0.8741365671157837
1475,45,9,211,D:\Skripsi\Experiment\data\raw\RGB1\S45\AC9\RGB1_SUB45ACT9F211.jpg,1,1,0.7267560362815857
1476,45,9,226,D:\Skripsi\Experiment\data\raw\RGB1\S45\AC9\RGB1_SUB45ACT9F226.jpg,1,0,0.379353404045105
1477,45,9,31,D:\Skripsi\Experiment\data\raw\RGB1\S45\AC9\RGB1_SUB45ACT9F31.jpg,1,1,0.9356946349143982
1478,45,9,46,D:\Skripsi\Experiment\data\raw\RGB1\S45\AC9\RGB1_SUB45ACT9F46.jpg,1,1,0.5025286078453064
1479,45,9,61,D:\Skripsi\Experiment\data\raw\RGB1\S45\AC9\RGB1_SUB45ACT9F61.jpg,1,1,0.6832653284072876
1480,45,9,76,D:\Skripsi\Experiment\data\raw\RGB1\S45\AC9\RGB1_SUB45ACT9F76.jpg,1,1,0.9486352801322937
1481,45,9,91,D:\Skripsi\Experiment\data\raw\RGB1\S45\AC9\RGB1_SUB45ACT9F91.jpg,1,1,0.8908638954162598
1482,46,1,1,D:\Skripsi\Experiment\data\raw\RGB1\S46\AC1\RGB1_SUB46ACT1F1.jpg,0,0,0.3734644949436188
1483,46,1,106,D:\Skripsi\Experiment\data\raw\RGB1\S46\AC1\RGB1_SUB46ACT1F106.jpg,0,0,0.023998642340302467
1484,46,1,121,D:\Skripsi\Experiment\data\raw\RGB1\S46\AC1\RGB1_SUB46ACT1F121.jpg,0,0,0.007753896061331034
1485,46,1,136,D:\Skripsi\Experiment\data\raw\RGB1\S46\AC1\RGB1_SUB46ACT1F136.jpg,0,0,0.002024889225140214
1486,46,1,151,D:\Skripsi\Experiment\data\raw\RGB1\S46\AC1\RGB1_SUB46ACT1F151.jpg,0,0,0.04727881774306297
1487,46,1,16,D:\Skripsi\Experiment\data\raw\RGB1\S46\AC1\RGB1_SUB46ACT1F16.jpg,0,0,0.018841242417693138
1488,46,1,166,D:\Skripsi\Experiment\data\raw\RGB1\S46\AC1\RGB1_SUB46ACT1F166.jpg,0,0,0.005640747491270304
1489,46,1,181,D:\Skripsi\Experiment\data\raw\RGB1\S46\AC1\RGB1_SUB46ACT1F181.jpg,0,0,0.024213001132011414
1490,46,1,196,D:\Skripsi\Experiment\data\raw\RGB1\S46\AC1\RGB1_SUB46ACT1F196.jpg,0,0,0.003003260586410761
1491,46,1,211,D:\Skripsi\Experiment\data\raw\RGB1\S46\AC1\RGB1_SUB46ACT1F211.jpg,0,0,0.04224519431591034
1492,46,1,226,D:\Skripsi\Experiment\data\raw\RGB1\S46\AC1\RGB1_SUB46ACT1F226.jpg,0,0,0.09790860116481781
1493,46,1,241,D:\Skripsi\Experiment\data\raw\RGB1\S46\AC1\RGB1_SUB46ACT1F241.jpg,0,0,0.21696601808071136
1494,46,1,256,D:\Skripsi\Experiment\data\raw\RGB1\S46\AC1\RGB1_SUB46ACT1F256.jpg,0,0,0.022853119298815727
1495,46,1,31,D:\Skripsi\Experiment\data\raw\RGB1\S46\AC1\RGB1_SUB46ACT1F31.jpg,0,0,0.009923015721142292
1496,46,1,46,D:\Skripsi\Experiment\data\raw\RGB1\S46\AC1\RGB1_SUB46ACT1F46.jpg,0,0,0.026560738682746887
1497,46,1,61,D:\Skripsi\Experiment\data\raw\RGB1\S46\AC1\RGB1_SUB46ACT1F61.jpg,0,0,0.04503857344388962
1498,46,1,76,D:\Skripsi\Experiment\data\raw\RGB1\S46\AC1\RGB1_SUB46ACT1F76.jpg,0,0,0.007123195566236973
1499,46,1,91,D:\Skripsi\Experiment\data\raw\RGB1\S46\AC1\RGB1_SUB46ACT1F91.jpg,0,0,0.026266545057296753
1500,46,5,1,D:\Skripsi\Experiment\data\raw\RGB1\S46\AC5\RGB1_SUB46ACT5F1.jpg,1,1,0.5453803539276123
1501,46,5,106,D:\Skripsi\Experiment\data\raw\RGB1\S46\AC5\RGB1_SUB46ACT5F106.jpg,1,1,0.7067150473594666
1502,46,5,121,D:\Skripsi\Experiment\data\raw\RGB1\S46\AC5\RGB1_SUB46ACT5F121.jpg,1,1,0.5240909457206726
1503,46,5,16,D:\Skripsi\Experiment\data\raw\RGB1\S46\AC5\RGB1_SUB46ACT5F16.jpg,1,0,0.16440251469612122
1504,46,5,31,D:\Skripsi\Experiment\data\raw\RGB1\S46\AC5\RGB1_SUB46ACT5F31.jpg,1,0,0.27194008231163025
1505,46,5,46,D:\Skripsi\Experiment\data\raw\RGB1\S46\AC5\RGB1_SUB46ACT5F46.jpg,1,0,0.3902892768383026
1506,46,5,61,D:\Skripsi\Experiment\data\raw\RGB1\S46\AC5\RGB1_SUB46ACT5F61.jpg,1,1,0.6792678236961365
1507,46,5,76,D:\Skripsi\Experiment\data\raw\RGB1\S46\AC5\RGB1_SUB46ACT5F76.jpg,1,1,0.7108169794082642
1508,46,5,91,D:\Skripsi\Experiment\data\raw\RGB1\S46\AC5\RGB1_SUB46ACT5F91.jpg,1,1,0.6459837555885315
1509,46,6,1,D:\Skripsi\Experiment\data\raw\RGB1\S46\AC6\RGB1_SUB46ACT6F1.jpg,1,1,0.8766188621520996
1510,46,6,106,D:\Skripsi\Experiment\data\raw\RGB1\S46\AC6\RGB1_SUB46ACT6F106.jpg,1,0,0.36545053124427795
1511,46,6,121,D:\Skripsi\Experiment\data\raw\RGB1\S46\AC6\RGB1_SUB46ACT6F121.jpg,1,0,0.48308542370796204
1512,46,6,136,D:\Skripsi\Experiment\data\raw\RGB1\S46\AC6\RGB1_SUB46ACT6F136.jpg,1,1,0.8747785091400146
1513,46,6,16,D:\Skripsi\Experiment\data\raw\RGB1\S46\AC6\RGB1_SUB46ACT6F16.jpg,1,1,0.8399515748023987
1514,46,6,31,D:\Skripsi\Experiment\data\raw\RGB1\S46\AC6\RGB1_SUB46ACT6F31.jpg,1,1,0.8660825490951538
1515,46,6,46,D:\Skripsi\Experiment\data\raw\RGB1\S46\AC6\RGB1_SUB46ACT6F46.jpg,1,1,0.8437139987945557
1516,46,6,61,D:\Skripsi\Experiment\data\raw\RGB1\S46\AC6\RGB1_SUB46ACT6F61.jpg,1,1,0.8582932353019714
1517,46,6,76,D:\Skripsi\Experiment\data\raw\RGB1\S46\AC6\RGB1_SUB46ACT6F76.jpg,1,1,0.8062102794647217
1518,46,6,91,D:\Skripsi\Experiment\data\raw\RGB1\S46\AC6\RGB1_SUB46ACT6F91.jpg,1,0,0.279946893453598
1519,46,7,1,D:\Skripsi\Experiment\data\raw\RGB1\S46\AC7\RGB1_SUB46ACT7F1.jpg,1,1,0.9445729851722717
1520,46,7,106,D:\Skripsi\Experiment\data\raw\RGB1\S46\AC7\RGB1_SUB46ACT7F106.jpg,1,1,0.8441592454910278
1521,46,7,121,D:\Skripsi\Experiment\data\raw\RGB1\S46\AC7\RGB1_SUB46ACT7F121.jpg,1,1,0.9261351227760315
1522,46,7,136,D:\Skripsi\Experiment\data\raw\RGB1\S46\AC7\RGB1_SUB46ACT7F136.jpg,1,1,0.8726242780685425
1523,46,7,16,D:\Skripsi\Experiment\data\raw\RGB1\S46\AC7\RGB1_SUB46ACT7F16.jpg,1,1,0.9250207543373108
1524,46,7,31,D:\Skripsi\Experiment\data\raw\RGB1\S46\AC7\RGB1_SUB46ACT7F31.jpg,1,1,0.8795033693313599
1525,46,7,46,D:\Skripsi\Experiment\data\raw\RGB1\S46\AC7\RGB1_SUB46ACT7F46.jpg,1,1,0.8676655888557434
1526,46,7,61,D:\Skripsi\Experiment\data\raw\RGB1\S46\AC7\RGB1_SUB46ACT7F61.jpg,1,1,0.9178165197372437
1527,46,7,76,D:\Skripsi\Experiment\data\raw\RGB1\S46\AC7\RGB1_SUB46ACT7F76.jpg,1,1,0.9103081822395325
1528,46,7,91,D:\Skripsi\Experiment\data\raw\RGB1\S46\AC7\RGB1_SUB46ACT7F91.jpg,1,1,0.9573639631271362
1529,46,8,1,D:\Skripsi\Experiment\data\raw\RGB1\S46\AC8\RGB1_SUB46ACT8F1.jpg,1,1,0.9126501083374023
1530,46,8,106,D:\Skripsi\Experiment\data\raw\RGB1\S46\AC8\RGB1_SUB46ACT8F106.jpg,1,1,0.8590843081474304
1531,46,8,121,D:\Skripsi\Experiment\data\raw\RGB1\S46\AC8\RGB1_SUB46ACT8F121.jpg,1,1,0.9084217548370361
1532,46,8,136,D:\Skripsi\Experiment\data\raw\RGB1\S46\AC8\RGB1_SUB46ACT8F136.jpg,1,1,0.8758506178855896
1533,46,8,151,D:\Skripsi\Experiment\data\raw\RGB1\S46\AC8\RGB1_SUB46ACT8F151.jpg,1,1,0.9386388659477234
1534,46,8,16,D:\Skripsi\Experiment\data\raw\RGB1\S46\AC8\RGB1_SUB46ACT8F16.jpg,1,1,0.8982298374176025
1535,46,8,31,D:\Skripsi\Experiment\data\raw\RGB1\S46\AC8\RGB1_SUB46ACT8F31.jpg,1,1,0.9091408252716064
1536,46,8,46,D:\Skripsi\Experiment\data\raw\RGB1\S46\AC8\RGB1_SUB46ACT8F46.jpg,1,1,0.9188432693481445
1537,46,8,61,D:\Skripsi\Experiment\data\raw\RGB1\S46\AC8\RGB1_SUB46ACT8F61.jpg,1,1,0.9226084351539612
1538,46,8,76,D:\Skripsi\Experiment\data\raw\RGB1\S46\AC8\RGB1_SUB46ACT8F76.jpg,1,1,0.8990144729614258
1539,46,8,91,D:\Skripsi\Experiment\data\raw\RGB1\S46\AC8\RGB1_SUB46ACT8F91.jpg,1,1,0.7984406352043152
1540,46,9,1,D:\Skripsi\Experiment\data\raw\RGB1\S46\AC9\RGB1_SUB46ACT9F1.jpg,1,1,0.7360630631446838
1541,46,9,16,D:\Skripsi\Experiment\data\raw\RGB1\S46\AC9\RGB1_SUB46ACT9F16.jpg,1,1,0.8197762966156006
1542,46,9,31,D:\Skripsi\Experiment\data\raw\RGB1\S46\AC9\RGB1_SUB46ACT9F31.jpg,1,1,0.7529661655426025
1543,46,9,46,D:\Skripsi\Experiment\data\raw\RGB1\S46\AC9\RGB1_SUB46ACT9F46.jpg,1,1,0.8465432524681091
1544,46,9,61,D:\Skripsi\Experiment\data\raw\RGB1\S46\AC9\RGB1_SUB46ACT9F61.jpg,1,1,0.8151042461395264
1545,46,9,76,D:\Skripsi\Experiment\data\raw\RGB1\S46\AC9\RGB1_SUB46ACT9F76.jpg,1,1,0.890040934085846
1546,47,1,1,D:\Skripsi\Experiment\data\raw\RGB1\S47\AC1\RGB1_SUB47ACT1F1.jpg,0,0,0.005464587360620499
1547,47,1,106,D:\Skripsi\Experiment\data\raw\RGB1\S47\AC1\RGB1_SUB47ACT1F106.jpg,0,0,0.01733417436480522
1548,47,1,121,D:\Skripsi\Experiment\data\raw\RGB1\S47\AC1\RGB1_SUB47ACT1F121.jpg,0,0,0.006776054389774799
1549,47,1,136,D:\Skripsi\Experiment\data\raw\RGB1\S47\AC1\RGB1_SUB47ACT1F136.jpg,0,0,0.009257170371711254
1550,47,1,151,D:\Skripsi\Experiment\data\raw\RGB1\S47\AC1\RGB1_SUB47ACT1F151.jpg,0,0,0.002510691061615944
1551,47,1,16,D:\Skripsi\Experiment\data\raw\RGB1\S47\AC1\RGB1_SUB47ACT1F16.jpg,0,0,0.020339136943221092
1552,47,1,166,D:\Skripsi\Experiment\data\raw\RGB1\S47\AC1\RGB1_SUB47ACT1F166.jpg,0,0,0.015510848723351955
1553,47,1,181,D:\Skripsi\Experiment\data\raw\RGB1\S47\AC1\RGB1_SUB47ACT1F181.jpg,0,0,0.11807870119810104
1554,47,1,196,D:\Skripsi\Experiment\data\raw\RGB1\S47\AC1\RGB1_SUB47ACT1F196.jpg,0,0,0.014462553896009922
1555,47,1,31,D:\Skripsi\Experiment\data\raw\RGB1\S47\AC1\RGB1_SUB47ACT1F31.jpg,0,0,0.03490421921014786
1556,47,1,46,D:\Skripsi\Experiment\data\raw\RGB1\S47\AC1\RGB1_SUB47ACT1F46.jpg,0,0,0.004530399106442928
1557,47,1,61,D:\Skripsi\Experiment\data\raw\RGB1\S47\AC1\RGB1_SUB47ACT1F61.jpg,0,0,0.00341790565289557
1558,47,1,76,D:\Skripsi\Experiment\data\raw\RGB1\S47\AC1\RGB1_SUB47ACT1F76.jpg,0,0,0.007667136378586292
1559,47,1,91,D:\Skripsi\Experiment\data\raw\RGB1\S47\AC1\RGB1_SUB47ACT1F91.jpg,0,0,0.004418539348989725
1560,47,5,1,D:\Skripsi\Experiment\data\raw\RGB1\S47\AC5\RGB1_SUB47ACT5F1.jpg,1,1,0.9082314372062683
1561,47,5,16,D:\Skripsi\Experiment\data\raw\RGB1\S47\AC5\RGB1_SUB47ACT5F16.jpg,1,1,0.8358530402183533
1562,47,5,31,D:\Skripsi\Experiment\data\raw\RGB1\S47\AC5\RGB1_SUB47ACT5F31.jpg,1,1,0.8770121335983276
1563,47,5,46,D:\Skripsi\Experiment\data\raw\RGB1\S47\AC5\RGB1_SUB47ACT5F46.jpg,1,1,0.8738186359405518
1564,47,5,61,D:\Skripsi\Experiment\data\raw\RGB1\S47\AC5\RGB1_SUB47ACT5F61.jpg,1,1,0.8283248543739319
1565,47,5,76,D:\Skripsi\Experiment\data\raw\RGB1\S47\AC5\RGB1_SUB47ACT5F76.jpg,1,1,0.8591400384902954
1566,47,5,91,D:\Skripsi\Experiment\data\raw\RGB1\S47\AC5\RGB1_SUB47ACT5F91.jpg,1,1,0.9105467796325684
1567,47,6,1,D:\Skripsi\Experiment\data\raw\RGB1\S47\AC6\RGB1_SUB47ACT6F1.jpg,1,1,0.8621366620063782
1568,47,6,106,D:\Skripsi\Experiment\data\raw\RGB1\S47\AC6\RGB1_SUB47ACT6F106.jpg,1,1,0.8431061506271362
1569,47,6,16,D:\Skripsi\Experiment\data\raw\RGB1\S47\AC6\RGB1_SUB47ACT6F16.jpg,1,1,0.8909801840782166
1570,47,6,31,D:\Skripsi\Experiment\data\raw\RGB1\S47\AC6\RGB1_SUB47ACT6F31.jpg,1,1,0.8904854655265808
1571,47,6,46,D:\Skripsi\Experiment\data\raw\RGB1\S47\AC6\RGB1_SUB47ACT6F46.jpg,1,1,0.8319426774978638
1572,47,6,61,D:\Skripsi\Experiment\data\raw\RGB1\S47\AC6\RGB1_SUB47ACT6F61.jpg,1,1,0.8952963352203369
1573,47,6,76,D:\Skripsi\Experiment\data\raw\RGB1\S47\AC6\RGB1_SUB47ACT6F76.jpg,1,1,0.8989112973213196
1574,47,6,91,D:\Skripsi\Experiment\data\raw\RGB1\S47\AC6\RGB1_SUB47ACT6F91.jpg,1,1,0.8598568439483643
1575,47,7,1,D:\Skripsi\Experiment\data\raw\RGB1\S47\AC7\RGB1_SUB47ACT7F1.jpg,1,1,0.9068957567214966
1576,47,7,106,D:\Skripsi\Experiment\data\raw\RGB1\S47\AC7\RGB1_SUB47ACT7F106.jpg,1,1,0.7309034466743469
1577,47,7,121,D:\Skripsi\Experiment\data\raw\RGB1\S47\AC7\RGB1_SUB47ACT7F121.jpg,1,1,0.8669613599777222
1578,47,7,136,D:\Skripsi\Experiment\data\raw\RGB1\S47\AC7\RGB1_SUB47ACT7F136.jpg,1,1,0.9130975604057312
1579,47,7,151,D:\Skripsi\Experiment\data\raw\RGB1\S47\AC7\RGB1_SUB47ACT7F151.jpg,1,1,0.9188342094421387
1580,47,7,16,D:\Skripsi\Experiment\data\raw\RGB1\S47\AC7\RGB1_SUB47ACT7F16.jpg,1,1,0.9083436131477356
1581,47,7,166,D:\Skripsi\Experiment\data\raw\RGB1\S47\AC7\RGB1_SUB47ACT7F166.jpg,1,1,0.832434892654419
1582,47,7,31,D:\Skripsi\Experiment\data\raw\RGB1\S47\AC7\RGB1_SUB47ACT7F31.jpg,1,1,0.8823634386062622
1583,47,7,46,D:\Skripsi\Experiment\data\raw\RGB1\S47\AC7\RGB1_SUB47ACT7F46.jpg,1,1,0.8258461356163025
1584,47,7,61,D:\Skripsi\Experiment\data\raw\RGB1\S47\AC7\RGB1_SUB47ACT7F61.jpg,1,1,0.884099543094635
1585,47,7,76,D:\Skripsi\Experiment\data\raw\RGB1\S47\AC7\RGB1_SUB47ACT7F76.jpg,1,1,0.8815840482711792
1586,47,7,91,D:\Skripsi\Experiment\data\raw\RGB1\S47\AC7\RGB1_SUB47ACT7F91.jpg,1,1,0.8255556225776672
1587,47,8,1,D:\Skripsi\Experiment\data\raw\RGB1\S47\AC8\RGB1_SUB47ACT8F1.jpg,1,1,0.8769611716270447
1588,47,8,106,D:\Skripsi\Experiment\data\raw\RGB1\S47\AC8\RGB1_SUB47ACT8F106.jpg,1,1,0.7794350981712341
1589,47,8,121,D:\Skripsi\Experiment\data\raw\RGB1\S47\AC8\RGB1_SUB47ACT8F121.jpg,1,1,0.8264119029045105
1590,47,8,136,D:\Skripsi\Experiment\data\raw\RGB1\S47\AC8\RGB1_SUB47ACT8F136.jpg,1,1,0.8448792695999146
1591,47,8,151,D:\Skripsi\Experiment\data\raw\RGB1\S47\AC8\RGB1_SUB47ACT8F151.jpg,1,1,0.8106279969215393
1592,47,8,16,D:\Skripsi\Experiment\data\raw\RGB1\S47\AC8\RGB1_SUB47ACT8F16.jpg,1,1,0.8343185186386108
1593,47,8,31,D:\Skripsi\Experiment\data\raw\RGB1\S47\AC8\RGB1_SUB47ACT8F31.jpg,1,1,0.8699005842208862
1594,47,8,46,D:\Skripsi\Experiment\data\raw\RGB1\S47\AC8\RGB1_SUB47ACT8F46.jpg,1,1,0.8737860321998596
1595,47,8,61,D:\Skripsi\Experiment\data\raw\RGB1\S47\AC8\RGB1_SUB47ACT8F61.jpg,1,1,0.8634722828865051
1596,47,8,76,D:\Skripsi\Experiment\data\raw\RGB1\S47\AC8\RGB1_SUB47ACT8F76.jpg,1,1,0.8180906176567078
1597,47,8,91,D:\Skripsi\Experiment\data\raw\RGB1\S47\AC8\RGB1_SUB47ACT8F91.jpg,1,1,0.8615212440490723
1598,47,9,1,D:\Skripsi\Experiment\data\raw\RGB1\S47\AC9\RGB1_SUB47ACT9F1.jpg,1,1,0.9229169487953186
1599,47,9,106,D:\Skripsi\Experiment\data\raw\RGB1\S47\AC9\RGB1_SUB47ACT9F106.jpg,1,1,0.7749831080436707
1600,47,9,121,D:\Skripsi\Experiment\data\raw\RGB1\S47\AC9\RGB1_SUB47ACT9F121.jpg,1,1,0.8324103951454163
1601,47,9,136,D:\Skripsi\Experiment\data\raw\RGB1\S47\AC9\RGB1_SUB47ACT9F136.jpg,1,1,0.8068581223487854
1602,47,9,151,D:\Skripsi\Experiment\data\raw\RGB1\S47\AC9\RGB1_SUB47ACT9F151.jpg,1,1,0.9257835149765015
1603,47,9,16,D:\Skripsi\Experiment\data\raw\RGB1\S47\AC9\RGB1_SUB47ACT9F16.jpg,1,1,0.9487304091453552
1604,47,9,31,D:\Skripsi\Experiment\data\raw\RGB1\S47\AC9\RGB1_SUB47ACT9F31.jpg,1,1,0.8753125071525574
1605,47,9,46,D:\Skripsi\Experiment\data\raw\RGB1\S47\AC9\RGB1_SUB47ACT9F46.jpg,1,1,0.9293949007987976
1606,47,9,61,D:\Skripsi\Experiment\data\raw\RGB1\S47\AC9\RGB1_SUB47ACT9F61.jpg,1,1,0.944401741027832
1607,47,9,76,D:\Skripsi\Experiment\data\raw\RGB1\S47\AC9\RGB1_SUB47ACT9F76.jpg,1,1,0.902553379535675
1608,47,9,91,D:\Skripsi\Experiment\data\raw\RGB1\S47\AC9\RGB1_SUB47ACT9F91.jpg,1,1,0.8860076665878296
1609,48,1,1,D:\Skripsi\Experiment\data\raw\RGB1\S48\AC1\RGB1_SUB48ACT1F1.jpg,0,0,0.04929560795426369
1610,48,1,106,D:\Skripsi\Experiment\data\raw\RGB1\S48\AC1\RGB1_SUB48ACT1F106.jpg,0,0,0.03526422753930092
1611,48,1,121,D:\Skripsi\Experiment\data\raw\RGB1\S48\AC1\RGB1_SUB48ACT1F121.jpg,0,0,0.03650321811437607
1612,48,1,16,D:\Skripsi\Experiment\data\raw\RGB1\S48\AC1\RGB1_SUB48ACT1F16.jpg,0,0,0.07824049144983292
1613,48,1,31,D:\Skripsi\Experiment\data\raw\RGB1\S48\AC1\RGB1_SUB48ACT1F31.jpg,0,0,0.07287410646677017
1614,48,1,46,D:\Skripsi\Experiment\data\raw\RGB1\S48\AC1\RGB1_SUB48ACT1F46.jpg,0,0,0.028479721397161484
1615,48,1,61,D:\Skripsi\Experiment\data\raw\RGB1\S48\AC1\RGB1_SUB48ACT1F61.jpg,0,0,0.0453215166926384
1616,48,1,76,D:\Skripsi\Experiment\data\raw\RGB1\S48\AC1\RGB1_SUB48ACT1F76.jpg,0,0,0.2008368819952011
1617,48,1,91,D:\Skripsi\Experiment\data\raw\RGB1\S48\AC1\RGB1_SUB48ACT1F91.jpg,0,0,0.02421867474913597
1618,48,5,1,D:\Skripsi\Experiment\data\raw\RGB1\S48\AC5\RGB1_SUB48ACT5F1.jpg,1,1,0.817291259765625
1619,48,5,106,D:\Skripsi\Experiment\data\raw\RGB1\S48\AC5\RGB1_SUB48ACT5F106.jpg,1,1,0.9386158585548401
1620,48,5,121,D:\Skripsi\Experiment\data\raw\RGB1\S48\AC5\RGB1_SUB48ACT5F121.jpg,1,1,0.9050959944725037
1621,48,5,136,D:\Skripsi\Experiment\data\raw\RGB1\S48\AC5\RGB1_SUB48ACT5F136.jpg,1,1,0.8761985898017883
1622,48,5,16,D:\Skripsi\Experiment\data\raw\RGB1\S48\AC5\RGB1_SUB48ACT5F16.jpg,1,1,0.8508316874504089
1623,48,5,31,D:\Skripsi\Experiment\data\raw\RGB1\S48\AC5\RGB1_SUB48ACT5F31.jpg,1,1,0.8922519087791443
1624,48,5,46,D:\Skripsi\Experiment\data\raw\RGB1\S48\AC5\RGB1_SUB48ACT5F46.jpg,1,1,0.8014730215072632
1625,48,5,61,D:\Skripsi\Experiment\data\raw\RGB1\S48\AC5\RGB1_SUB48ACT5F61.jpg,1,1,0.9204645156860352
1626,48,5,76,D:\Skripsi\Experiment\data\raw\RGB1\S48\AC5\RGB1_SUB48ACT5F76.jpg,1,1,0.9028390645980835
1627,48,5,91,D:\Skripsi\Experiment\data\raw\RGB1\S48\AC5\RGB1_SUB48ACT5F91.jpg,1,1,0.8980621099472046
1628,48,6,1,D:\Skripsi\Experiment\data\raw\RGB1\S48\AC6\RGB1_SUB48ACT6F1.jpg,1,1,0.8920130133628845
1629,48,6,16,D:\Skripsi\Experiment\data\raw\RGB1\S48\AC6\RGB1_SUB48ACT6F16.jpg,1,1,0.8001133799552917
1630,48,6,31,D:\Skripsi\Experiment\data\raw\RGB1\S48\AC6\RGB1_SUB48ACT6F31.jpg,1,1,0.8920061588287354
1631,48,6,46,D:\Skripsi\Experiment\data\raw\RGB1\S48\AC6\RGB1_SUB48ACT6F46.jpg,1,1,0.8843167424201965
1632,48,6,61,D:\Skripsi\Experiment\data\raw\RGB1\S48\AC6\RGB1_SUB48ACT6F61.jpg,1,1,0.810637891292572
1633,48,6,76,D:\Skripsi\Experiment\data\raw\RGB1\S48\AC6\RGB1_SUB48ACT6F76.jpg,1,1,0.8530552983283997
1634,48,6,91,D:\Skripsi\Experiment\data\raw\RGB1\S48\AC6\RGB1_SUB48ACT6F91.jpg,1,1,0.6797857284545898
1635,48,7,1,D:\Skripsi\Experiment\data\raw\RGB1\S48\AC7\RGB1_SUB48ACT7F1.jpg,1,1,0.8613077998161316
1636,48,7,106,D:\Skripsi\Experiment\data\raw\RGB1\S48\AC7\RGB1_SUB48ACT7F106.jpg,1,1,0.6309415102005005
1637,48,7,121,D:\Skripsi\Experiment\data\raw\RGB1\S48\AC7\RGB1_SUB48ACT7F121.jpg,1,1,0.8155415058135986
1638,48,7,136,D:\Skripsi\Experiment\data\raw\RGB1\S48\AC7\RGB1_SUB48ACT7F136.jpg,1,1,0.8708063960075378
1639,48,7,151,D:\Skripsi\Experiment\data\raw\RGB1\S48\AC7\RGB1_SUB48ACT7F151.jpg,1,1,0.8444195985794067
1640,48,7,16,D:\Skripsi\Experiment\data\raw\RGB1\S48\AC7\RGB1_SUB48ACT7F16.jpg,1,1,0.7642860412597656
1641,48,7,166,D:\Skripsi\Experiment\data\raw\RGB1\S48\AC7\RGB1_SUB48ACT7F166.jpg,1,1,0.7864401340484619
1642,48,7,181,D:\Skripsi\Experiment\data\raw\RGB1\S48\AC7\RGB1_SUB48ACT7F181.jpg,1,1,0.8536378741264343
1643,48,7,31,D:\Skripsi\Experiment\data\raw\RGB1\S48\AC7\RGB1_SUB48ACT7F31.jpg,1,1,0.7674844861030579
1644,48,7,46,D:\Skripsi\Experiment\data\raw\RGB1\S48\AC7\RGB1_SUB48ACT7F46.jpg,1,1,0.8526237607002258
1645,48,7,61,D:\Skripsi\Experiment\data\raw\RGB1\S48\AC7\RGB1_SUB48ACT7F61.jpg,1,1,0.9101445078849792
1646,48,7,76,D:\Skripsi\Experiment\data\raw\RGB1\S48\AC7\RGB1_SUB48ACT7F76.jpg,1,1,0.9119877219200134
1647,48,7,91,D:\Skripsi\Experiment\data\raw\RGB1\S48\AC7\RGB1_SUB48ACT7F91.jpg,1,1,0.8934987187385559
1648,48,8,1,D:\Skripsi\Experiment\data\raw\RGB1\S48\AC8\RGB1_SUB48ACT8F1.jpg,1,1,0.8698691725730896
1649,48,8,106,D:\Skripsi\Experiment\data\raw\RGB1\S48\AC8\RGB1_SUB48ACT8F106.jpg,1,1,0.8135048151016235
1650,48,8,121,D:\Skripsi\Experiment\data\raw\RGB1\S48\AC8\RGB1_SUB48ACT8F121.jpg,1,1,0.8663634061813354
1651,48,8,136,D:\Skripsi\Experiment\data\raw\RGB1\S48\AC8\RGB1_SUB48ACT8F136.jpg,1,1,0.8759110569953918
1652,48,8,151,D:\Skripsi\Experiment\data\raw\RGB1\S48\AC8\RGB1_SUB48ACT8F151.jpg,1,1,0.8280127644538879
1653,48,8,16,D:\Skripsi\Experiment\data\raw\RGB1\S48\AC8\RGB1_SUB48ACT8F16.jpg,1,1,0.8439971208572388
1654,48,8,166,D:\Skripsi\Experiment\data\raw\RGB1\S48\AC8\RGB1_SUB48ACT8F166.jpg,1,1,0.8846325874328613
1655,48,8,181,D:\Skripsi\Experiment\data\raw\RGB1\S48\AC8\RGB1_SUB48ACT8F181.jpg,1,1,0.8223056197166443
1656,48,8,31,D:\Skripsi\Experiment\data\raw\RGB1\S48\AC8\RGB1_SUB48ACT8F31.jpg,1,1,0.8665122389793396
1657,48,8,46,D:\Skripsi\Experiment\data\raw\RGB1\S48\AC8\RGB1_SUB48ACT8F46.jpg,1,1,0.857456624507904
1658,48,8,61,D:\Skripsi\Experiment\data\raw\RGB1\S48\AC8\RGB1_SUB48ACT8F61.jpg,1,1,0.8422213196754456
1659,48,8,76,D:\Skripsi\Experiment\data\raw\RGB1\S48\AC8\RGB1_SUB48ACT8F76.jpg,1,1,0.8844922780990601
1660,48,8,91,D:\Skripsi\Experiment\data\raw\RGB1\S48\AC8\RGB1_SUB48ACT8F91.jpg,1,1,0.8567252159118652
1661,48,9,1,D:\Skripsi\Experiment\data\raw\RGB1\S48\AC9\RGB1_SUB48ACT9F1.jpg,1,1,0.9070259928703308
1662,48,9,106,D:\Skripsi\Experiment\data\raw\RGB1\S48\AC9\RGB1_SUB48ACT9F106.jpg,1,1,0.7539260387420654
1663,48,9,121,D:\Skripsi\Experiment\data\raw\RGB1\S48\AC9\RGB1_SUB48ACT9F121.jpg,1,1,0.6357129812240601
1664,48,9,136,D:\Skripsi\Experiment\data\raw\RGB1\S48\AC9\RGB1_SUB48ACT9F136.jpg,1,1,0.7738185524940491
1665,48,9,151,D:\Skripsi\Experiment\data\raw\RGB1\S48\AC9\RGB1_SUB48ACT9F151.jpg,1,1,0.9049302935600281
1666,48,9,16,D:\Skripsi\Experiment\data\raw\RGB1\S48\AC9\RGB1_SUB48ACT9F16.jpg,1,1,0.7858216166496277
1667,48,9,166,D:\Skripsi\Experiment\data\raw\RGB1\S48\AC9\RGB1_SUB48ACT9F166.jpg,1,1,0.9257463812828064
1668,48,9,31,D:\Skripsi\Experiment\data\raw\RGB1\S48\AC9\RGB1_SUB48ACT9F31.jpg,1,1,0.898160994052887
1669,48,9,46,D:\Skripsi\Experiment\data\raw\RGB1\S48\AC9\RGB1_SUB48ACT9F46.jpg,1,1,0.8992326855659485
1670,48,9,61,D:\Skripsi\Experiment\data\raw\RGB1\S48\AC9\RGB1_SUB48ACT9F61.jpg,1,1,0.9286826848983765
1671,48,9,76,D:\Skripsi\Experiment\data\raw\RGB1\S48\AC9\RGB1_SUB48ACT9F76.jpg,1,1,0.6101127862930298
1672,48,9,91,D:\Skripsi\Experiment\data\raw\RGB1\S48\AC9\RGB1_SUB48ACT9F91.jpg,1,1,0.6873251795768738
1673,49,1,1,D:\Skripsi\Experiment\data\raw\RGB1\S49\AC1\RGB1_SUB49ACT1F1.jpg,0,0,0.15802884101867676
1674,49,1,106,D:\Skripsi\Experiment\data\raw\RGB1\S49\AC1\RGB1_SUB49ACT1F106.jpg,0,0,0.017574099823832512
1675,49,1,121,D:\Skripsi\Experiment\data\raw\RGB1\S49\AC1\RGB1_SUB49ACT1F121.jpg,0,0,0.024315083399415016
1676,49,1,136,D:\Skripsi\Experiment\data\raw\RGB1\S49\AC1\RGB1_SUB49ACT1F136.jpg,0,0,0.0085029611364007
1677,49,1,151,D:\Skripsi\Experiment\data\raw\RGB1\S49\AC1\RGB1_SUB49ACT1F151.jpg,0,0,0.005549432709813118
1678,49,1,16,D:\Skripsi\Experiment\data\raw\RGB1\S49\AC1\RGB1_SUB49ACT1F16.jpg,0,0,0.007791297510266304
1679,49,1,166,D:\Skripsi\Experiment\data\raw\RGB1\S49\AC1\RGB1_SUB49ACT1F166.jpg,0,0,0.0060096485540270805
1680,49,1,31,D:\Skripsi\Experiment\data\raw\RGB1\S49\AC1\RGB1_SUB49ACT1F31.jpg,0,0,0.002016408834606409
1681,49,1,46,D:\Skripsi\Experiment\data\raw\RGB1\S49\AC1\RGB1_SUB49ACT1F46.jpg,0,0,0.004590459167957306
1682,49,1,61,D:\Skripsi\Experiment\data\raw\RGB1\S49\AC1\RGB1_SUB49ACT1F61.jpg,0,0,0.009050617925822735
1683,49,1,76,D:\Skripsi\Experiment\data\raw\RGB1\S49\AC1\RGB1_SUB49ACT1F76.jpg,0,0,0.0032020709477365017
1684,49,1,91,D:\Skripsi\Experiment\data\raw\RGB1\S49\AC1\RGB1_SUB49ACT1F91.jpg,0,0,0.03810065984725952
1685,49,5,1,D:\Skripsi\Experiment\data\raw\RGB1\S49\AC5\RGB1_SUB49ACT5F1.jpg,1,1,0.8248942494392395
1686,49,5,106,D:\Skripsi\Experiment\data\raw\RGB1\S49\AC5\RGB1_SUB49ACT5F106.jpg,1,1,0.9333233833312988
1687,49,5,121,D:\Skripsi\Experiment\data\raw\RGB1\S49\AC5\RGB1_SUB49ACT5F121.jpg,1,1,0.9335758090019226
1688,49,5,136,D:\Skripsi\Experiment\data\raw\RGB1\S49\AC5\RGB1_SUB49ACT5F136.jpg,1,1,0.8432897329330444
1689,49,5,151,D:\Skripsi\Experiment\data\raw\RGB1\S49\AC5\RGB1_SUB49ACT5F151.jpg,1,1,0.7506439089775085
1690,49,5,16,D:\Skripsi\Experiment\data\raw\RGB1\S49\AC5\RGB1_SUB49ACT5F16.jpg,1,1,0.8423121571540833
1691,49,5,166,D:\Skripsi\Experiment\data\raw\RGB1\S49\AC5\RGB1_SUB49ACT5F166.jpg,1,1,0.8087266683578491
1692,49,5,31,D:\Skripsi\Experiment\data\raw\RGB1\S49\AC5\RGB1_SUB49ACT5F31.jpg,1,1,0.96431964635849
1693,49,5,46,D:\Skripsi\Experiment\data\raw\RGB1\S49\AC5\RGB1_SUB49ACT5F46.jpg,1,1,0.9515380263328552
1694,49,5,61,D:\Skripsi\Experiment\data\raw\RGB1\S49\AC5\RGB1_SUB49ACT5F61.jpg,1,1,0.9190850853919983
1695,49,5,76,D:\Skripsi\Experiment\data\raw\RGB1\S49\AC5\RGB1_SUB49ACT5F76.jpg,1,1,0.9445109367370605
1696,49,5,91,D:\Skripsi\Experiment\data\raw\RGB1\S49\AC5\RGB1_SUB49ACT5F91.jpg,1,1,0.9111959934234619
1697,49,6,1,D:\Skripsi\Experiment\data\raw\RGB1\S49\AC6\RGB1_SUB49ACT6F1.jpg,1,1,0.8605067729949951
1698,49,6,106,D:\Skripsi\Experiment\data\raw\RGB1\S49\AC6\RGB1_SUB49ACT6F106.jpg,1,1,0.8746431469917297
1699,49,6,121,D:\Skripsi\Experiment\data\raw\RGB1\S49\AC6\RGB1_SUB49ACT6F121.jpg,1,1,0.8669531941413879
1700,49,6,136,D:\Skripsi\Experiment\data\raw\RGB1\S49\AC6\RGB1_SUB49ACT6F136.jpg,1,1,0.9048884510993958
1701,49,6,151,D:\Skripsi\Experiment\data\raw\RGB1\S49\AC6\RGB1_SUB49ACT6F151.jpg,1,1,0.8937664031982422
1702,49,6,16,D:\Skripsi\Experiment\data\raw\RGB1\S49\AC6\RGB1_SUB49ACT6F16.jpg,1,1,0.8884428143501282
1703,49,6,166,D:\Skripsi\Experiment\data\raw\RGB1\S49\AC6\RGB1_SUB49ACT6F166.jpg,1,1,0.8738809823989868
1704,49,6,181,D:\Skripsi\Experiment\data\raw\RGB1\S49\AC6\RGB1_SUB49ACT6F181.jpg,1,1,0.8900555372238159
1705,49,6,31,D:\Skripsi\Experiment\data\raw\RGB1\S49\AC6\RGB1_SUB49ACT6F31.jpg,1,1,0.8391643166542053
1706,49,6,46,D:\Skripsi\Experiment\data\raw\RGB1\S49\AC6\RGB1_SUB49ACT6F46.jpg,1,1,0.9197629690170288
1707,49,6,61,D:\Skripsi\Experiment\data\raw\RGB1\S49\AC6\RGB1_SUB49ACT6F61.jpg,1,1,0.8917485475540161
1708,49,6,76,D:\Skripsi\Experiment\data\raw\RGB1\S49\AC6\RGB1_SUB49ACT6F76.jpg,1,1,0.9240735769271851
1709,49,6,91,D:\Skripsi\Experiment\data\raw\RGB1\S49\AC6\RGB1_SUB49ACT6F91.jpg,1,1,0.9083154797554016
1710,49,7,1,D:\Skripsi\Experiment\data\raw\RGB1\S49\AC7\RGB1_SUB49ACT7F1.jpg,1,1,0.882820188999176
1711,49,7,106,D:\Skripsi\Experiment\data\raw\RGB1\S49\AC7\RGB1_SUB49ACT7F106.jpg,1,1,0.7497760057449341
1712,49,7,121,D:\Skripsi\Experiment\data\raw\RGB1\S49\AC7\RGB1_SUB49ACT7F121.jpg,1,1,0.8255758285522461
1713,49,7,136,D:\Skripsi\Experiment\data\raw\RGB1\S49\AC7\RGB1_SUB49ACT7F136.jpg,1,1,0.811677098274231
1714,49,7,16,D:\Skripsi\Experiment\data\raw\RGB1\S49\AC7\RGB1_SUB49ACT7F16.jpg,1,1,0.7790390849113464
1715,49,7,31,D:\Skripsi\Experiment\data\raw\RGB1\S49\AC7\RGB1_SUB49ACT7F31.jpg,1,1,0.9180876016616821
1716,49,7,46,D:\Skripsi\Experiment\data\raw\RGB1\S49\AC7\RGB1_SUB49ACT7F46.jpg,1,1,0.8259035348892212
1717,49,7,61,D:\Skripsi\Experiment\data\raw\RGB1\S49\AC7\RGB1_SUB49ACT7F61.jpg,1,1,0.8050728440284729
1718,49,7,76,D:\Skripsi\Experiment\data\raw\RGB1\S49\AC7\RGB1_SUB49ACT7F76.jpg,1,1,0.7141672372817993
1719,49,7,91,D:\Skripsi\Experiment\data\raw\RGB1\S49\AC7\RGB1_SUB49ACT7F91.jpg,1,1,0.7831500172615051
1720,49,8,1,D:\Skripsi\Experiment\data\raw\RGB1\S49\AC8\RGB1_SUB49ACT8F1.jpg,1,1,0.8117889165878296
1721,49,8,106,D:\Skripsi\Experiment\data\raw\RGB1\S49\AC8\RGB1_SUB49ACT8F106.jpg,1,1,0.863246738910675
1722,49,8,121,D:\Skripsi\Experiment\data\raw\RGB1\S49\AC8\RGB1_SUB49ACT8F121.jpg,1,1,0.9227805137634277
1723,49,8,136,D:\Skripsi\Experiment\data\raw\RGB1\S49\AC8\RGB1_SUB49ACT8F136.jpg,1,1,0.8001242280006409
1724,49,8,151,D:\Skripsi\Experiment\data\raw\RGB1\S49\AC8\RGB1_SUB49ACT8F151.jpg,1,1,0.8898487091064453
1725,49,8,16,D:\Skripsi\Experiment\data\raw\RGB1\S49\AC8\RGB1_SUB49ACT8F16.jpg,1,1,0.7642432451248169
1726,49,8,166,D:\Skripsi\Experiment\data\raw\RGB1\S49\AC8\RGB1_SUB49ACT8F166.jpg,1,1,0.7711131572723389
1727,49,8,181,D:\Skripsi\Experiment\data\raw\RGB1\S49\AC8\RGB1_SUB49ACT8F181.jpg,1,1,0.8638120889663696
1728,49,8,196,D:\Skripsi\Experiment\data\raw\RGB1\S49\AC8\RGB1_SUB49ACT8F196.jpg,1,1,0.8216982483863831
1729,49,8,211,D:\Skripsi\Experiment\data\raw\RGB1\S49\AC8\RGB1_SUB49ACT8F211.jpg,1,1,0.7962077856063843
1730,49,8,31,D:\Skripsi\Experiment\data\raw\RGB1\S49\AC8\RGB1_SUB49ACT8F31.jpg,1,1,0.7347116470336914
1731,49,8,46,D:\Skripsi\Experiment\data\raw\RGB1\S49\AC8\RGB1_SUB49ACT8F46.jpg,1,1,0.8129935264587402
1732,49,8,61,D:\Skripsi\Experiment\data\raw\RGB1\S49\AC8\RGB1_SUB49ACT8F61.jpg,1,1,0.836501955986023
1733,49,8,76,D:\Skripsi\Experiment\data\raw\RGB1\S49\AC8\RGB1_SUB49ACT8F76.jpg,1,1,0.8526220917701721
1734,49,8,91,D:\Skripsi\Experiment\data\raw\RGB1\S49\AC8\RGB1_SUB49ACT8F91.jpg,1,1,0.7491838932037354
1735,49,9,1,D:\Skripsi\Experiment\data\raw\RGB1\S49\AC9\RGB1_SUB49ACT9F1.jpg,1,1,0.8879875540733337
1736,49,9,106,D:\Skripsi\Experiment\data\raw\RGB1\S49\AC9\RGB1_SUB49ACT9F106.jpg,1,1,0.838858425617218
1737,49,9,121,D:\Skripsi\Experiment\data\raw\RGB1\S49\AC9\RGB1_SUB49ACT9F121.jpg,1,1,0.7101423144340515
1738,49,9,136,D:\Skripsi\Experiment\data\raw\RGB1\S49\AC9\RGB1_SUB49ACT9F136.jpg,1,1,0.8057140707969666
1739,49,9,151,D:\Skripsi\Experiment\data\raw\RGB1\S49\AC9\RGB1_SUB49ACT9F151.jpg,1,1,0.8194524049758911
1740,49,9,16,D:\Skripsi\Experiment\data\raw\RGB1\S49\AC9\RGB1_SUB49ACT9F16.jpg,1,1,0.7927300930023193
1741,49,9,166,D:\Skripsi\Experiment\data\raw\RGB1\S49\AC9\RGB1_SUB49ACT9F166.jpg,1,1,0.8637061715126038
1742,49,9,181,D:\Skripsi\Experiment\data\raw\RGB1\S49\AC9\RGB1_SUB49ACT9F181.jpg,1,1,0.9309785962104797
1743,49,9,196,D:\Skripsi\Experiment\data\raw\RGB1\S49\AC9\RGB1_SUB49ACT9F196.jpg,1,1,0.8672795295715332
1744,49,9,31,D:\Skripsi\Experiment\data\raw\RGB1\S49\AC9\RGB1_SUB49ACT9F31.jpg,1,0,0.4078599214553833
1745,49,9,46,D:\Skripsi\Experiment\data\raw\RGB1\S49\AC9\RGB1_SUB49ACT9F46.jpg,1,1,0.854624330997467
1746,49,9,61,D:\Skripsi\Experiment\data\raw\RGB1\S49\AC9\RGB1_SUB49ACT9F61.jpg,1,1,0.8664708137512207
1747,49,9,76,D:\Skripsi\Experiment\data\raw\RGB1\S49\AC9\RGB1_SUB49ACT9F76.jpg,1,1,0.7071181535720825
1748,49,9,91,D:\Skripsi\Experiment\data\raw\RGB1\S49\AC9\RGB1_SUB49ACT9F91.jpg,1,1,0.7952803373336792
1749,5,1,1,D:\Skripsi\Experiment\data\raw\RGB1\S5\AC1\RGB1_SUB5ACT1F1.jpg,0,0,0.17396095395088196
1750,5,1,106,D:\Skripsi\Experiment\data\raw\RGB1\S5\AC1\RGB1_SUB5ACT1F106.jpg,0,0,0.058747339993715286
1751,5,1,121,D:\Skripsi\Experiment\data\raw\RGB1\S5\AC1\RGB1_SUB5ACT1F121.jpg,0,0,0.042278651148080826
1752,5,1,136,D:\Skripsi\Experiment\data\raw\RGB1\S5\AC1\RGB1_SUB5ACT1F136.jpg,0,0,0.047774188220500946
1753,5,1,16,D:\Skripsi\Experiment\data\raw\RGB1\S5\AC1\RGB1_SUB5ACT1F16.jpg,0,0,0.05796608328819275
1754,5,1,31,D:\Skripsi\Experiment\data\raw\RGB1\S5\AC1\RGB1_SUB5ACT1F31.jpg,0,0,0.21036794781684875
1755,5,1,46,D:\Skripsi\Experiment\data\raw\RGB1\S5\AC1\RGB1_SUB5ACT1F46.jpg,0,0,0.33951452374458313
1756,5,1,61,D:\Skripsi\Experiment\data\raw\RGB1\S5\AC1\RGB1_SUB5ACT1F61.jpg,0,0,0.47611385583877563
1757,5,1,76,D:\Skripsi\Experiment\data\raw\RGB1\S5\AC1\RGB1_SUB5ACT1F76.jpg,0,0,0.2913840115070343
1758,5,1,91,D:\Skripsi\Experiment\data\raw\RGB1\S5\AC1\RGB1_SUB5ACT1F91.jpg,0,0,0.06592365354299545
1759,5,5,1,D:\Skripsi\Experiment\data\raw\RGB1\S5\AC5\RGB1_SUB5ACT5F1.jpg,1,1,0.5381168723106384
1760,5,5,106,D:\Skripsi\Experiment\data\raw\RGB1\S5\AC5\RGB1_SUB5ACT5F106.jpg,1,1,0.9063544869422913
1761,5,5,121,D:\Skripsi\Experiment\data\raw\RGB1\S5\AC5\RGB1_SUB5ACT5F121.jpg,1,1,0.8564438223838806
1762,5,5,16,D:\Skripsi\Experiment\data\raw\RGB1\S5\AC5\RGB1_SUB5ACT5F16.jpg,1,1,0.9246300458908081
1763,5,5,31,D:\Skripsi\Experiment\data\raw\RGB1\S5\AC5\RGB1_SUB5ACT5F31.jpg,1,1,0.8073134422302246
1764,5,5,46,D:\Skripsi\Experiment\data\raw\RGB1\S5\AC5\RGB1_SUB5ACT5F46.jpg,1,1,0.8316535353660583
1765,5,5,61,D:\Skripsi\Experiment\data\raw\RGB1\S5\AC5\RGB1_SUB5ACT5F61.jpg,1,1,0.9112632274627686
1766,5,5,76,D:\Skripsi\Experiment\data\raw\RGB1\S5\AC5\RGB1_SUB5ACT5F76.jpg,1,1,0.8670476675033569
1767,5,5,91,D:\Skripsi\Experiment\data\raw\RGB1\S5\AC5\RGB1_SUB5ACT5F91.jpg,1,1,0.8898944854736328
1768,5,6,1,D:\Skripsi\Experiment\data\raw\RGB1\S5\AC6\RGB1_SUB5ACT6F1.jpg,1,1,0.88270103931427
1769,5,6,106,D:\Skripsi\Experiment\data\raw\RGB1\S5\AC6\RGB1_SUB5ACT6F106.jpg,1,1,0.8402187824249268
1770,5,6,121,D:\Skripsi\Experiment\data\raw\RGB1\S5\AC6\RGB1_SUB5ACT6F121.jpg,1,1,0.8829249143600464
1771,5,6,136,D:\Skripsi\Experiment\data\raw\RGB1\S5\AC6\RGB1_SUB5ACT6F136.jpg,1,1,0.7863208651542664
1772,5,6,16,D:\Skripsi\Experiment\data\raw\RGB1\S5\AC6\RGB1_SUB5ACT6F16.jpg,1,1,0.8352780342102051
1773,5,6,31,D:\Skripsi\Experiment\data\raw\RGB1\S5\AC6\RGB1_SUB5ACT6F31.jpg,1,1,0.8498824834823608
1774,5,6,46,D:\Skripsi\Experiment\data\raw\RGB1\S5\AC6\RGB1_SUB5ACT6F46.jpg,1,1,0.8464763164520264
1775,5,6,61,D:\Skripsi\Experiment\data\raw\RGB1\S5\AC6\RGB1_SUB5ACT6F61.jpg,1,1,0.9160776138305664
1776,5,6,76,D:\Skripsi\Experiment\data\raw\RGB1\S5\AC6\RGB1_SUB5ACT6F76.jpg,1,1,0.8949061036109924
1777,5,6,91,D:\Skripsi\Experiment\data\raw\RGB1\S5\AC6\RGB1_SUB5ACT6F91.jpg,1,1,0.8855547904968262
1778,5,7,1,D:\Skripsi\Experiment\data\raw\RGB1\S5\AC7\RGB1_SUB5ACT7F1.jpg,1,1,0.8961427807807922
1779,5,7,106,D:\Skripsi\Experiment\data\raw\RGB1\S5\AC7\RGB1_SUB5ACT7F106.jpg,1,1,0.9181957840919495
1780,5,7,121,D:\Skripsi\Experiment\data\raw\RGB1\S5\AC7\RGB1_SUB5ACT7F121.jpg,1,1,0.8377768993377686
1781,5,7,136,D:\Skripsi\Experiment\data\raw\RGB1\S5\AC7\RGB1_SUB5ACT7F136.jpg,1,1,0.9130174517631531
1782,5,7,151,D:\Skripsi\Experiment\data\raw\RGB1\S5\AC7\RGB1_SUB5ACT7F151.jpg,1,1,0.8433414697647095
1783,5,7,16,D:\Skripsi\Experiment\data\raw\RGB1\S5\AC7\RGB1_SUB5ACT7F16.jpg,1,1,0.9407837986946106
1784,5,7,31,D:\Skripsi\Experiment\data\raw\RGB1\S5\AC7\RGB1_SUB5ACT7F31.jpg,1,1,0.9057116508483887
1785,5,7,46,D:\Skripsi\Experiment\data\raw\RGB1\S5\AC7\RGB1_SUB5ACT7F46.jpg,1,1,0.8667891621589661
1786,5,7,61,D:\Skripsi\Experiment\data\raw\RGB1\S5\AC7\RGB1_SUB5ACT7F61.jpg,1,1,0.8849946856498718
1787,5,7,76,D:\Skripsi\Experiment\data\raw\RGB1\S5\AC7\RGB1_SUB5ACT7F76.jpg,1,1,0.8846062421798706
1788,5,7,91,D:\Skripsi\Experiment\data\raw\RGB1\S5\AC7\RGB1_SUB5ACT7F91.jpg,1,1,0.9234372973442078
1789,5,8,1,D:\Skripsi\Experiment\data\raw\RGB1\S5\AC8\RGB1_SUB5ACT8F1.jpg,1,1,0.8565863966941833
1790,5,8,106,D:\Skripsi\Experiment\data\raw\RGB1\S5\AC8\RGB1_SUB5ACT8F106.jpg,1,1,0.8754090666770935
1791,5,8,121,D:\Skripsi\Experiment\data\raw\RGB1\S5\AC8\RGB1_SUB5ACT8F121.jpg,1,1,0.8002751469612122
1792,5,8,136,D:\Skripsi\Experiment\data\raw\RGB1\S5\AC8\RGB1_SUB5ACT8F136.jpg,1,1,0.8986389636993408
1793,5,8,151,D:\Skripsi\Experiment\data\raw\RGB1\S5\AC8\RGB1_SUB5ACT8F151.jpg,1,1,0.9195235967636108
1794,5,8,16,D:\Skripsi\Experiment\data\raw\RGB1\S5\AC8\RGB1_SUB5ACT8F16.jpg,1,1,0.7158631086349487
1795,5,8,31,D:\Skripsi\Experiment\data\raw\RGB1\S5\AC8\RGB1_SUB5ACT8F31.jpg,1,1,0.8113518357276917
1796,5,8,46,D:\Skripsi\Experiment\data\raw\RGB1\S5\AC8\RGB1_SUB5ACT8F46.jpg,1,1,0.8648900389671326
1797,5,8,61,D:\Skripsi\Experiment\data\raw\RGB1\S5\AC8\RGB1_SUB5ACT8F61.jpg,1,1,0.8165263533592224
1798,5,8,76,D:\Skripsi\Experiment\data\raw\RGB1\S5\AC8\RGB1_SUB5ACT8F76.jpg,1,1,0.8467540144920349
1799,5,8,91,D:\Skripsi\Experiment\data\raw\RGB1\S5\AC8\RGB1_SUB5ACT8F91.jpg,1,1,0.9045194983482361
1800,5,9,1,D:\Skripsi\Experiment\data\raw\RGB1\S5\AC9\RGB1_SUB5ACT9F1.jpg,1,1,0.7784983515739441
1801,5,9,106,D:\Skripsi\Experiment\data\raw\RGB1\S5\AC9\RGB1_SUB5ACT9F106.jpg,1,1,0.8874278664588928
1802,5,9,121,D:\Skripsi\Experiment\data\raw\RGB1\S5\AC9\RGB1_SUB5ACT9F121.jpg,1,1,0.8817830085754395
1803,5,9,136,D:\Skripsi\Experiment\data\raw\RGB1\S5\AC9\RGB1_SUB5ACT9F136.jpg,1,1,0.8681713938713074
1804,5,9,151,D:\Skripsi\Experiment\data\raw\RGB1\S5\AC9\RGB1_SUB5ACT9F151.jpg,1,1,0.9025193452835083
1805,5,9,16,D:\Skripsi\Experiment\data\raw\RGB1\S5\AC9\RGB1_SUB5ACT9F16.jpg,1,1,0.7227849364280701
1806,5,9,166,D:\Skripsi\Experiment\data\raw\RGB1\S5\AC9\RGB1_SUB5ACT9F166.jpg,1,1,0.8825117945671082
1807,5,9,31,D:\Skripsi\Experiment\data\raw\RGB1\S5\AC9\RGB1_SUB5ACT9F31.jpg,1,1,0.8189383149147034
1808,5,9,46,D:\Skripsi\Experiment\data\raw\RGB1\S5\AC9\RGB1_SUB5ACT9F46.jpg,1,1,0.8431233763694763
1809,5,9,61,D:\Skripsi\Experiment\data\raw\RGB1\S5\AC9\RGB1_SUB5ACT9F61.jpg,1,1,0.8804798722267151
1810,5,9,76,D:\Skripsi\Experiment\data\raw\RGB1\S5\AC9\RGB1_SUB5ACT9F76.jpg,1,1,0.8706251978874207
1811,5,9,91,D:\Skripsi\Experiment\data\raw\RGB1\S5\AC9\RGB1_SUB5ACT9F91.jpg,1,1,0.8778554797172546
1812,50,1,1,D:\Skripsi\Experiment\data\raw\RGB1\S50\AC1\RGB1_SUB50ACT1F1.jpg,0,0,0.015140125527977943
1813,50,1,106,D:\Skripsi\Experiment\data\raw\RGB1\S50\AC1\RGB1_SUB50ACT1F106.jpg,0,0,0.041583579033613205
1814,50,1,16,D:\Skripsi\Experiment\data\raw\RGB1\S50\AC1\RGB1_SUB50ACT1F16.jpg,0,0,0.016194039955735207
1815,50,1,31,D:\Skripsi\Experiment\data\raw\RGB1\S50\AC1\RGB1_SUB50ACT1F31.jpg,0,0,0.005617653951048851
1816,50,1,46,D:\Skripsi\Experiment\data\raw\RGB1\S50\AC1\RGB1_SUB50ACT1F46.jpg,0,0,0.006297047715634108
1817,50,1,61,D:\Skripsi\Experiment\data\raw\RGB1\S50\AC1\RGB1_SUB50ACT1F61.jpg,0,0,0.00528888963162899
1818,50,1,76,D:\Skripsi\Experiment\data\raw\RGB1\S50\AC1\RGB1_SUB50ACT1F76.jpg,0,0,0.009705986827611923
1819,50,1,91,D:\Skripsi\Experiment\data\raw\RGB1\S50\AC1\RGB1_SUB50ACT1F91.jpg,0,0,0.4162660241127014
1820,50,5,1,D:\Skripsi\Experiment\data\raw\RGB1\S50\AC5\RGB1_SUB50ACT5F1.jpg,1,1,0.8495768308639526
1821,50,5,106,D:\Skripsi\Experiment\data\raw\RGB1\S50\AC5\RGB1_SUB50ACT5F106.jpg,1,1,0.8127914071083069
1822,50,5,121,D:\Skripsi\Experiment\data\raw\RGB1\S50\AC5\RGB1_SUB50ACT5F121.jpg,1,1,0.8734299540519714
1823,50,5,16,D:\Skripsi\Experiment\data\raw\RGB1\S50\AC5\RGB1_SUB50ACT5F16.jpg,1,1,0.9283421039581299
1824,50,5,31,D:\Skripsi\Experiment\data\raw\RGB1\S50\AC5\RGB1_SUB50ACT5F31.jpg,1,1,0.833919882774353
1825,50,5,46,D:\Skripsi\Experiment\data\raw\RGB1\S50\AC5\RGB1_SUB50ACT5F46.jpg,1,1,0.6851016283035278
1826,50,5,61,D:\Skripsi\Experiment\data\raw\RGB1\S50\AC5\RGB1_SUB50ACT5F61.jpg,1,1,0.8573925495147705
1827,50,5,76,D:\Skripsi\Experiment\data\raw\RGB1\S50\AC5\RGB1_SUB50ACT5F76.jpg,1,1,0.9076253771781921
1828,50,5,91,D:\Skripsi\Experiment\data\raw\RGB1\S50\AC5\RGB1_SUB50ACT5F91.jpg,1,1,0.8797866106033325
1829,50,6,1,D:\Skripsi\Experiment\data\raw\RGB1\S50\AC6\RGB1_SUB50ACT6F1.jpg,1,1,0.8165304064750671
1830,50,6,106,D:\Skripsi\Experiment\data\raw\RGB1\S50\AC6\RGB1_SUB50ACT6F106.jpg,1,1,0.8413295149803162
1831,50,6,121,D:\Skripsi\Experiment\data\raw\RGB1\S50\AC6\RGB1_SUB50ACT6F121.jpg,1,1,0.8278400897979736
1832,50,6,136,D:\Skripsi\Experiment\data\raw\RGB1\S50\AC6\RGB1_SUB50ACT6F136.jpg,1,1,0.8042681217193604
1833,50,6,16,D:\Skripsi\Experiment\data\raw\RGB1\S50\AC6\RGB1_SUB50ACT6F16.jpg,1,1,0.8734685182571411
1834,50,6,31,D:\Skripsi\Experiment\data\raw\RGB1\S50\AC6\RGB1_SUB50ACT6F31.jpg,1,1,0.8609317541122437
1835,50,6,46,D:\Skripsi\Experiment\data\raw\RGB1\S50\AC6\RGB1_SUB50ACT6F46.jpg,1,1,0.8549216389656067
1836,50,6,61,D:\Skripsi\Experiment\data\raw\RGB1\S50\AC6\RGB1_SUB50ACT6F61.jpg,1,1,0.7873596549034119
1837,50,6,76,D:\Skripsi\Experiment\data\raw\RGB1\S50\AC6\RGB1_SUB50ACT6F76.jpg,1,1,0.8972336649894714
1838,50,6,91,D:\Skripsi\Experiment\data\raw\RGB1\S50\AC6\RGB1_SUB50ACT6F91.jpg,1,1,0.8021214604377747
1839,50,7,1,D:\Skripsi\Experiment\data\raw\RGB1\S50\AC7\RGB1_SUB50ACT7F1.jpg,1,1,0.8665168285369873
1840,50,7,106,D:\Skripsi\Experiment\data\raw\RGB1\S50\AC7\RGB1_SUB50ACT7F106.jpg,1,1,0.9136601686477661
1841,50,7,121,D:\Skripsi\Experiment\data\raw\RGB1\S50\AC7\RGB1_SUB50ACT7F121.jpg,1,1,0.8893992900848389
1842,50,7,136,D:\Skripsi\Experiment\data\raw\RGB1\S50\AC7\RGB1_SUB50ACT7F136.jpg,1,1,0.8972313404083252
1843,50,7,16,D:\Skripsi\Experiment\data\raw\RGB1\S50\AC7\RGB1_SUB50ACT7F16.jpg,1,1,0.8755099773406982
1844,50,7,31,D:\Skripsi\Experiment\data\raw\RGB1\S50\AC7\RGB1_SUB50ACT7F31.jpg,1,1,0.8852440714836121
1845,50,7,46,D:\Skripsi\Experiment\data\raw\RGB1\S50\AC7\RGB1_SUB50ACT7F46.jpg,1,1,0.8978031277656555
1846,50,7,61,D:\Skripsi\Experiment\data\raw\RGB1\S50\AC7\RGB1_SUB50ACT7F61.jpg,1,1,0.9252726435661316
1847,50,7,76,D:\Skripsi\Experiment\data\raw\RGB1\S50\AC7\RGB1_SUB50ACT7F76.jpg,1,1,0.9239963293075562
1848,50,7,91,D:\Skripsi\Experiment\data\raw\RGB1\S50\AC7\RGB1_SUB50ACT7F91.jpg,1,1,0.9548172354698181
1849,50,8,1,D:\Skripsi\Experiment\data\raw\RGB1\S50\AC8\RGB1_SUB50ACT8F1.jpg,1,1,0.8172653913497925
1850,50,8,106,D:\Skripsi\Experiment\data\raw\RGB1\S50\AC8\RGB1_SUB50ACT8F106.jpg,1,1,0.8471663594245911
1851,50,8,121,D:\Skripsi\Experiment\data\raw\RGB1\S50\AC8\RGB1_SUB50ACT8F121.jpg,1,1,0.7224617004394531
1852,50,8,136,D:\Skripsi\Experiment\data\raw\RGB1\S50\AC8\RGB1_SUB50ACT8F136.jpg,1,1,0.8512908220291138
1853,50,8,151,D:\Skripsi\Experiment\data\raw\RGB1\S50\AC8\RGB1_SUB50ACT8F151.jpg,1,1,0.7334789633750916
1854,50,8,16,D:\Skripsi\Experiment\data\raw\RGB1\S50\AC8\RGB1_SUB50ACT8F16.jpg,1,1,0.9100114107131958
1855,50,8,166,D:\Skripsi\Experiment\data\raw\RGB1\S50\AC8\RGB1_SUB50ACT8F166.jpg,1,1,0.8702108263969421
1856,50,8,181,D:\Skripsi\Experiment\data\raw\RGB1\S50\AC8\RGB1_SUB50ACT8F181.jpg,1,1,0.7129471302032471
1857,50,8,196,D:\Skripsi\Experiment\data\raw\RGB1\S50\AC8\RGB1_SUB50ACT8F196.jpg,1,1,0.8242291808128357
1858,50,8,211,D:\Skripsi\Experiment\data\raw\RGB1\S50\AC8\RGB1_SUB50ACT8F211.jpg,1,1,0.8082854747772217
1859,50,8,31,D:\Skripsi\Experiment\data\raw\RGB1\S50\AC8\RGB1_SUB50ACT8F31.jpg,1,1,0.7883334159851074
1860,50,8,46,D:\Skripsi\Experiment\data\raw\RGB1\S50\AC8\RGB1_SUB50ACT8F46.jpg,1,1,0.9132217168807983
1861,50,8,61,D:\Skripsi\Experiment\data\raw\RGB1\S50\AC8\RGB1_SUB50ACT8F61.jpg,1,1,0.8718351721763611
1862,50,8,76,D:\Skripsi\Experiment\data\raw\RGB1\S50\AC8\RGB1_SUB50ACT8F76.jpg,1,1,0.8718757629394531
1863,50,8,91,D:\Skripsi\Experiment\data\raw\RGB1\S50\AC8\RGB1_SUB50ACT8F91.jpg,1,1,0.8832962512969971
1864,50,9,1,D:\Skripsi\Experiment\data\raw\RGB1\S50\AC9\RGB1_SUB50ACT9F1.jpg,1,1,0.8529800176620483
1865,50,9,106,D:\Skripsi\Experiment\data\raw\RGB1\S50\AC9\RGB1_SUB50ACT9F106.jpg,1,1,0.9248355627059937
1866,50,9,121,D:\Skripsi\Experiment\data\raw\RGB1\S50\AC9\RGB1_SUB50ACT9F121.jpg,1,1,0.6547524929046631
1867,50,9,136,D:\Skripsi\Experiment\data\raw\RGB1\S50\AC9\RGB1_SUB50ACT9F136.jpg,1,1,0.934918224811554
1868,50,9,151,D:\Skripsi\Experiment\data\raw\RGB1\S50\AC9\RGB1_SUB50ACT9F151.jpg,1,1,0.9226280450820923
1869,50,9,16,D:\Skripsi\Experiment\data\raw\RGB1\S50\AC9\RGB1_SUB50ACT9F16.jpg,1,1,0.9103845357894897
1870,50,9,166,D:\Skripsi\Experiment\data\raw\RGB1\S50\AC9\RGB1_SUB50ACT9F166.jpg,1,1,0.9540058970451355
1871,50,9,181,D:\Skripsi\Experiment\data\raw\RGB1\S50\AC9\RGB1_SUB50ACT9F181.jpg,1,1,0.9278445243835449
1872,50,9,31,D:\Skripsi\Experiment\data\raw\RGB1\S50\AC9\RGB1_SUB50ACT9F31.jpg,1,1,0.817964494228363
1873,50,9,46,D:\Skripsi\Experiment\data\raw\RGB1\S50\AC9\RGB1_SUB50ACT9F46.jpg,1,1,0.8373785614967346
1874,50,9,61,D:\Skripsi\Experiment\data\raw\RGB1\S50\AC9\RGB1_SUB50ACT9F61.jpg,1,1,0.8501408696174622
1875,50,9,76,D:\Skripsi\Experiment\data\raw\RGB1\S50\AC9\RGB1_SUB50ACT9F76.jpg,1,1,0.8952752351760864
1876,50,9,91,D:\Skripsi\Experiment\data\raw\RGB1\S50\AC9\RGB1_SUB50ACT9F91.jpg,1,1,0.8802440762519836
1877,6,1,1,D:\Skripsi\Experiment\data\raw\RGB1\S6\AC1\RGB1_SUB6ACT1F1.jpg,0,0,0.06112119182944298
1878,6,1,106,D:\Skripsi\Experiment\data\raw\RGB1\S6\AC1\RGB1_SUB6ACT1F106.jpg,0,0,0.1173284575343132
1879,6,1,121,D:\Skripsi\Experiment\data\raw\RGB1\S6\AC1\RGB1_SUB6ACT1F121.jpg,0,0,0.05037938430905342
1880,6,1,136,D:\Skripsi\Experiment\data\raw\RGB1\S6\AC1\RGB1_SUB6ACT1F136.jpg,0,0,0.004921357147395611
1881,6,1,16,D:\Skripsi\Experiment\data\raw\RGB1\S6\AC1\RGB1_SUB6ACT1F16.jpg,0,0,0.21162964403629303
1882,6,1,31,D:\Skripsi\Experiment\data\raw\RGB1\S6\AC1\RGB1_SUB6ACT1F31.jpg,0,0,0.021754121407866478
1883,6,1,46,D:\Skripsi\Experiment\data\raw\RGB1\S6\AC1\RGB1_SUB6ACT1F46.jpg,0,0,0.024060076102614403
1884,6,1,61,D:\Skripsi\Experiment\data\raw\RGB1\S6\AC1\RGB1_SUB6ACT1F61.jpg,0,0,0.03158171847462654
1885,6,1,76,D:\Skripsi\Experiment\data\raw\RGB1\S6\AC1\RGB1_SUB6ACT1F76.jpg,0,0,0.022715656086802483
1886,6,1,91,D:\Skripsi\Experiment\data\raw\RGB1\S6\AC1\RGB1_SUB6ACT1F91.jpg,0,0,0.008967396803200245
1887,6,5,1,D:\Skripsi\Experiment\data\raw\RGB1\S6\AC5\RGB1_SUB6ACT5F1.jpg,1,1,0.7950453758239746
1888,6,5,106,D:\Skripsi\Experiment\data\raw\RGB1\S6\AC5\RGB1_SUB6ACT5F106.jpg,1,1,0.882049024105072
1889,6,5,121,D:\Skripsi\Experiment\data\raw\RGB1\S6\AC5\RGB1_SUB6ACT5F121.jpg,1,1,0.8585583567619324
1890,6,5,136,D:\Skripsi\Experiment\data\raw\RGB1\S6\AC5\RGB1_SUB6ACT5F136.jpg,1,1,0.8880084156990051
1891,6,5,16,D:\Skripsi\Experiment\data\raw\RGB1\S6\AC5\RGB1_SUB6ACT5F16.jpg,1,1,0.7896824479103088
1892,6,5,31,D:\Skripsi\Experiment\data\raw\RGB1\S6\AC5\RGB1_SUB6ACT5F31.jpg,1,1,0.8518363833427429
1893,6,5,46,D:\Skripsi\Experiment\data\raw\RGB1\S6\AC5\RGB1_SUB6ACT5F46.jpg,1,1,0.8847719430923462
1894,6,5,61,D:\Skripsi\Experiment\data\raw\RGB1\S6\AC5\RGB1_SUB6ACT5F61.jpg,1,1,0.9176374077796936
1895,6,5,76,D:\Skripsi\Experiment\data\raw\RGB1\S6\AC5\RGB1_SUB6ACT5F76.jpg,1,1,0.8877166509628296
1896,6,5,91,D:\Skripsi\Experiment\data\raw\RGB1\S6\AC5\RGB1_SUB6ACT5F91.jpg,1,1,0.9003050923347473
1897,6,6,1,D:\Skripsi\Experiment\data\raw\RGB1\S6\AC6\RGB1_SUB6ACT6F1.jpg,1,1,0.8695846199989319
1898,6,6,106,D:\Skripsi\Experiment\data\raw\RGB1\S6\AC6\RGB1_SUB6ACT6F106.jpg,1,1,0.8568012714385986
1899,6,6,121,D:\Skripsi\Experiment\data\raw\RGB1\S6\AC6\RGB1_SUB6ACT6F121.jpg,1,1,0.8668922781944275
1900,6,6,136,D:\Skripsi\Experiment\data\raw\RGB1\S6\AC6\RGB1_SUB6ACT6F136.jpg,1,1,0.6715483069419861
1901,6,6,151,D:\Skripsi\Experiment\data\raw\RGB1\S6\AC6\RGB1_SUB6ACT6F151.jpg,1,1,0.9138445854187012
1902,6,6,16,D:\Skripsi\Experiment\data\raw\RGB1\S6\AC6\RGB1_SUB6ACT6F16.jpg,1,1,0.8896061778068542
1903,6,6,31,D:\Skripsi\Experiment\data\raw\RGB1\S6\AC6\RGB1_SUB6ACT6F31.jpg,1,1,0.8130565881729126
1904,6,6,46,D:\Skripsi\Experiment\data\raw\RGB1\S6\AC6\RGB1_SUB6ACT6F46.jpg,1,1,0.8699580430984497
1905,6,6,61,D:\Skripsi\Experiment\data\raw\RGB1\S6\AC6\RGB1_SUB6ACT6F61.jpg,1,1,0.830337643623352
1906,6,6,76,D:\Skripsi\Experiment\data\raw\RGB1\S6\AC6\RGB1_SUB6ACT6F76.jpg,1,1,0.8915262818336487
1907,6,6,91,D:\Skripsi\Experiment\data\raw\RGB1\S6\AC6\RGB1_SUB6ACT6F91.jpg,1,1,0.7389712333679199
1908,6,7,1,D:\Skripsi\Experiment\data\raw\RGB1\S6\AC7\RGB1_SUB6ACT7F1.jpg,1,0,0.28430062532424927
1909,6,7,106,D:\Skripsi\Experiment\data\raw\RGB1\S6\AC7\RGB1_SUB6ACT7F106.jpg,1,1,0.8525058627128601
1910,6,7,121,D:\Skripsi\Experiment\data\raw\RGB1\S6\AC7\RGB1_SUB6ACT7F121.jpg,1,1,0.8250460028648376
1911,6,7,136,D:\Skripsi\Experiment\data\raw\RGB1\S6\AC7\RGB1_SUB6ACT7F136.jpg,1,1,0.904394805431366
1912,6,7,16,D:\Skripsi\Experiment\data\raw\RGB1\S6\AC7\RGB1_SUB6ACT7F16.jpg,1,1,0.9013470411300659
1913,6,7,31,D:\Skripsi\Experiment\data\raw\RGB1\S6\AC7\RGB1_SUB6ACT7F31.jpg,1,1,0.8059793710708618
1914,6,7,46,D:\Skripsi\Experiment\data\raw\RGB1\S6\AC7\RGB1_SUB6ACT7F46.jpg,1,1,0.9100596904754639
1915,6,7,61,D:\Skripsi\Experiment\data\raw\RGB1\S6\AC7\RGB1_SUB6ACT7F61.jpg,1,1,0.8845700025558472
1916,6,7,76,D:\Skripsi\Experiment\data\raw\RGB1\S6\AC7\RGB1_SUB6ACT7F76.jpg,1,1,0.9455877542495728
1917,6,7,91,D:\Skripsi\Experiment\data\raw\RGB1\S6\AC7\RGB1_SUB6ACT7F91.jpg,1,1,0.8719271421432495
1918,6,8,1,D:\Skripsi\Experiment\data\raw\RGB1\S6\AC8\RGB1_SUB6ACT8F1.jpg,1,1,0.7763071060180664
1919,6,8,106,D:\Skripsi\Experiment\data\raw\RGB1\S6\AC8\RGB1_SUB6ACT8F106.jpg,1,1,0.7740544080734253
1920,6,8,121,D:\Skripsi\Experiment\data\raw\RGB1\S6\AC8\RGB1_SUB6ACT8F121.jpg,1,1,0.8639899492263794
1921,6,8,136,D:\Skripsi\Experiment\data\raw\RGB1\S6\AC8\RGB1_SUB6ACT8F136.jpg,1,1,0.7742931246757507
1922,6,8,151,D:\Skripsi\Experiment\data\raw\RGB1\S6\AC8\RGB1_SUB6ACT8F151.jpg,1,1,0.8640435338020325
1923,6,8,16,D:\Skripsi\Experiment\data\raw\RGB1\S6\AC8\RGB1_SUB6ACT8F16.jpg,1,1,0.7880456447601318
1924,6,8,31,D:\Skripsi\Experiment\data\raw\RGB1\S6\AC8\RGB1_SUB6ACT8F31.jpg,1,1,0.8452376127243042
1925,6,8,46,D:\Skripsi\Experiment\data\raw\RGB1\S6\AC8\RGB1_SUB6ACT8F46.jpg,1,1,0.8671589493751526
1926,6,8,61,D:\Skripsi\Experiment\data\raw\RGB1\S6\AC8\RGB1_SUB6ACT8F61.jpg,1,1,0.8026152849197388
1927,6,8,76,D:\Skripsi\Experiment\data\raw\RGB1\S6\AC8\RGB1_SUB6ACT8F76.jpg,1,1,0.7890506982803345
1928,6,8,91,D:\Skripsi\Experiment\data\raw\RGB1\S6\AC8\RGB1_SUB6ACT8F91.jpg,1,1,0.8377808928489685
1929,6,9,1,D:\Skripsi\Experiment\data\raw\RGB1\S6\AC9\RGB1_SUB6ACT9F1.jpg,1,1,0.8801015019416809
1930,6,9,106,D:\Skripsi\Experiment\data\raw\RGB1\S6\AC9\RGB1_SUB6ACT9F106.jpg,1,1,0.9186100363731384
1931,6,9,121,D:\Skripsi\Experiment\data\raw\RGB1\S6\AC9\RGB1_SUB6ACT9F121.jpg,1,1,0.8638861775398254
1932,6,9,136,D:\Skripsi\Experiment\data\raw\RGB1\S6\AC9\RGB1_SUB6ACT9F136.jpg,1,1,0.8630285263061523
1933,6,9,151,D:\Skripsi\Experiment\data\raw\RGB1\S6\AC9\RGB1_SUB6ACT9F151.jpg,1,1,0.9363468885421753
1934,6,9,16,D:\Skripsi\Experiment\data\raw\RGB1\S6\AC9\RGB1_SUB6ACT9F16.jpg,1,1,0.842063307762146
1935,6,9,166,D:\Skripsi\Experiment\data\raw\RGB1\S6\AC9\RGB1_SUB6ACT9F166.jpg,1,1,0.8793978691101074
1936,6,9,31,D:\Skripsi\Experiment\data\raw\RGB1\S6\AC9\RGB1_SUB6ACT9F31.jpg,1,1,0.9177119731903076
1937,6,9,46,D:\Skripsi\Experiment\data\raw\RGB1\S6\AC9\RGB1_SUB6ACT9F46.jpg,1,1,0.8706668615341187
1938,6,9,61,D:\Skripsi\Experiment\data\raw\RGB1\S6\AC9\RGB1_SUB6ACT9F61.jpg,1,1,0.8977043032646179
1939,6,9,76,D:\Skripsi\Experiment\data\raw\RGB1\S6\AC9\RGB1_SUB6ACT9F76.jpg,1,1,0.8185620903968811
1940,6,9,91,D:\Skripsi\Experiment\data\raw\RGB1\S6\AC9\RGB1_SUB6ACT9F91.jpg,1,1,0.8730822801589966
1941,7,1,1,D:\Skripsi\Experiment\data\raw\RGB1\S7\AC1\RGB1_SUB7ACT1F1.jpg,0,0,0.07526905089616776
1942,7,1,106,D:\Skripsi\Experiment\data\raw\RGB1\S7\AC1\RGB1_SUB7ACT1F106.jpg,0,0,0.06099727004766464
1943,7,1,121,D:\Skripsi\Experiment\data\raw\RGB1\S7\AC1\RGB1_SUB7ACT1F121.jpg,0,0,0.026008524000644684
1944,7,1,16,D:\Skripsi\Experiment\data\raw\RGB1\S7\AC1\RGB1_SUB7ACT1F16.jpg,0,0,0.030993543565273285
1945,7,1,31,D:\Skripsi\Experiment\data\raw\RGB1\S7\AC1\RGB1_SUB7ACT1F31.jpg,0,0,0.037975870072841644
1946,7,1,46,D:\Skripsi\Experiment\data\raw\RGB1\S7\AC1\RGB1_SUB7ACT1F46.jpg,0,0,0.017598658800125122
1947,7,1,61,D:\Skripsi\Experiment\data\raw\RGB1\S7\AC1\RGB1_SUB7ACT1F61.jpg,0,0,0.019207941368222237
1948,7,1,76,D:\Skripsi\Experiment\data\raw\RGB1\S7\AC1\RGB1_SUB7ACT1F76.jpg,0,0,0.02220018208026886
1949,7,1,91,D:\Skripsi\Experiment\data\raw\RGB1\S7\AC1\RGB1_SUB7ACT1F91.jpg,0,0,0.1966942697763443
1950,7,5,1,D:\Skripsi\Experiment\data\raw\RGB1\S7\AC5\RGB1_SUB7ACT5F1.jpg,1,0,0.1385265737771988
1951,7,5,106,D:\Skripsi\Experiment\data\raw\RGB1\S7\AC5\RGB1_SUB7ACT5F106.jpg,1,1,0.8653648495674133
1952,7,5,121,D:\Skripsi\Experiment\data\raw\RGB1\S7\AC5\RGB1_SUB7ACT5F121.jpg,1,1,0.8992503881454468
1953,7,5,16,D:\Skripsi\Experiment\data\raw\RGB1\S7\AC5\RGB1_SUB7ACT5F16.jpg,1,1,0.8498845100402832
1954,7,5,31,D:\Skripsi\Experiment\data\raw\RGB1\S7\AC5\RGB1_SUB7ACT5F31.jpg,1,1,0.8297614455223083
1955,7,5,46,D:\Skripsi\Experiment\data\raw\RGB1\S7\AC5\RGB1_SUB7ACT5F46.jpg,1,1,0.8960970044136047
1956,7,5,61,D:\Skripsi\Experiment\data\raw\RGB1\S7\AC5\RGB1_SUB7ACT5F61.jpg,1,1,0.9436657428741455
1957,7,5,76,D:\Skripsi\Experiment\data\raw\RGB1\S7\AC5\RGB1_SUB7ACT5F76.jpg,1,1,0.9108385443687439
1958,7,5,91,D:\Skripsi\Experiment\data\raw\RGB1\S7\AC5\RGB1_SUB7ACT5F91.jpg,1,1,0.8849859833717346
1959,7,6,1,D:\Skripsi\Experiment\data\raw\RGB1\S7\AC6\RGB1_SUB7ACT6F1.jpg,1,1,0.7962033152580261
1960,7,6,106,D:\Skripsi\Experiment\data\raw\RGB1\S7\AC6\RGB1_SUB7ACT6F106.jpg,1,1,0.8741589188575745
1961,7,6,121,D:\Skripsi\Experiment\data\raw\RGB1\S7\AC6\RGB1_SUB7ACT6F121.jpg,1,1,0.8529159426689148
1962,7,6,136,D:\Skripsi\Experiment\data\raw\RGB1\S7\AC6\RGB1_SUB7ACT6F136.jpg,1,1,0.87721848487854
1963,7,6,16,D:\Skripsi\Experiment\data\raw\RGB1\S7\AC6\RGB1_SUB7ACT6F16.jpg,1,1,0.7570671439170837
1964,7,6,31,D:\Skripsi\Experiment\data\raw\RGB1\S7\AC6\RGB1_SUB7ACT6F31.jpg,1,1,0.8698247075080872
1965,7,6,46,D:\Skripsi\Experiment\data\raw\RGB1\S7\AC6\RGB1_SUB7ACT6F46.jpg,1,1,0.8384274244308472
1966,7,6,61,D:\Skripsi\Experiment\data\raw\RGB1\S7\AC6\RGB1_SUB7ACT6F61.jpg,1,1,0.7950177192687988
1967,7,6,76,D:\Skripsi\Experiment\data\raw\RGB1\S7\AC6\RGB1_SUB7ACT6F76.jpg,1,1,0.8483762741088867
1968,7,6,91,D:\Skripsi\Experiment\data\raw\RGB1\S7\AC6\RGB1_SUB7ACT6F91.jpg,1,1,0.9050602316856384
1969,7,7,1,D:\Skripsi\Experiment\data\raw\RGB1\S7\AC7\RGB1_SUB7ACT7F1.jpg,1,0,0.2711978852748871
1970,7,7,106,D:\Skripsi\Experiment\data\raw\RGB1\S7\AC7\RGB1_SUB7ACT7F106.jpg,1,1,0.8992124199867249
1971,7,7,121,D:\Skripsi\Experiment\data\raw\RGB1\S7\AC7\RGB1_SUB7ACT7F121.jpg,1,1,0.8866330981254578
1972,7,7,136,D:\Skripsi\Experiment\data\raw\RGB1\S7\AC7\RGB1_SUB7ACT7F136.jpg,1,1,0.8904751539230347
1973,7,7,151,D:\Skripsi\Experiment\data\raw\RGB1\S7\AC7\RGB1_SUB7ACT7F151.jpg,1,1,0.8990153670310974
1974,7,7,16,D:\Skripsi\Experiment\data\raw\RGB1\S7\AC7\RGB1_SUB7ACT7F16.jpg,1,1,0.8708491921424866
1975,7,7,31,D:\Skripsi\Experiment\data\raw\RGB1\S7\AC7\RGB1_SUB7ACT7F31.jpg,1,1,0.8919016718864441
1976,7,7,46,D:\Skripsi\Experiment\data\raw\RGB1\S7\AC7\RGB1_SUB7ACT7F46.jpg,1,1,0.895980954170227
1977,7,7,61,D:\Skripsi\Experiment\data\raw\RGB1\S7\AC7\RGB1_SUB7ACT7F61.jpg,1,1,0.9132169485092163
1978,7,7,76,D:\Skripsi\Experiment\data\raw\RGB1\S7\AC7\RGB1_SUB7ACT7F76.jpg,1,1,0.8871693015098572
1979,7,7,91,D:\Skripsi\Experiment\data\raw\RGB1\S7\AC7\RGB1_SUB7ACT7F91.jpg,1,1,0.9049838185310364
1980,7,8,1,D:\Skripsi\Experiment\data\raw\RGB1\S7\AC8\RGB1_SUB7ACT8F1.jpg,1,1,0.6375481486320496
1981,7,8,106,D:\Skripsi\Experiment\data\raw\RGB1\S7\AC8\RGB1_SUB7ACT8F106.jpg,1,1,0.8684264421463013
1982,7,8,121,D:\Skripsi\Experiment\data\raw\RGB1\S7\AC8\RGB1_SUB7ACT8F121.jpg,1,1,0.9280803203582764
1983,7,8,136,D:\Skripsi\Experiment\data\raw\RGB1\S7\AC8\RGB1_SUB7ACT8F136.jpg,1,1,0.916524350643158
1984,7,8,16,D:\Skripsi\Experiment\data\raw\RGB1\S7\AC8\RGB1_SUB7ACT8F16.jpg,1,1,0.9550291299819946
1985,7,8,31,D:\Skripsi\Experiment\data\raw\RGB1\S7\AC8\RGB1_SUB7ACT8F31.jpg,1,1,0.9408313035964966
1986,7,8,46,D:\Skripsi\Experiment\data\raw\RGB1\S7\AC8\RGB1_SUB7ACT8F46.jpg,1,1,0.9667558073997498
1987,7,8,61,D:\Skripsi\Experiment\data\raw\RGB1\S7\AC8\RGB1_SUB7ACT8F61.jpg,1,1,0.8886056542396545
1988,7,8,76,D:\Skripsi\Experiment\data\raw\RGB1\S7\AC8\RGB1_SUB7ACT8F76.jpg,1,1,0.9434683322906494
1989,7,8,91,D:\Skripsi\Experiment\data\raw\RGB1\S7\AC8\RGB1_SUB7ACT8F91.jpg,1,1,0.9501966834068298
1990,7,9,1,D:\Skripsi\Experiment\data\raw\RGB1\S7\AC9\RGB1_SUB7ACT9F1.jpg,1,1,0.5989839434623718
1991,7,9,106,D:\Skripsi\Experiment\data\raw\RGB1\S7\AC9\RGB1_SUB7ACT9F106.jpg,1,1,0.7558607459068298
1992,7,9,121,D:\Skripsi\Experiment\data\raw\RGB1\S7\AC9\RGB1_SUB7ACT9F121.jpg,1,1,0.7197723984718323
1993,7,9,136,D:\Skripsi\Experiment\data\raw\RGB1\S7\AC9\RGB1_SUB7ACT9F136.jpg,1,1,0.9057552814483643
1994,7,9,16,D:\Skripsi\Experiment\data\raw\RGB1\S7\AC9\RGB1_SUB7ACT9F16.jpg,1,1,0.8118557929992676
1995,7,9,31,D:\Skripsi\Experiment\data\raw\RGB1\S7\AC9\RGB1_SUB7ACT9F31.jpg,1,1,0.8545088171958923
1996,7,9,46,D:\Skripsi\Experiment\data\raw\RGB1\S7\AC9\RGB1_SUB7ACT9F46.jpg,1,1,0.8944615125656128
1997,7,9,61,D:\Skripsi\Experiment\data\raw\RGB1\S7\AC9\RGB1_SUB7ACT9F61.jpg,1,1,0.9040838479995728
1998,7,9,76,D:\Skripsi\Experiment\data\raw\RGB1\S7\AC9\RGB1_SUB7ACT9F76.jpg,1,1,0.910219669342041
1999,7,9,91,D:\Skripsi\Experiment\data\raw\RGB1\S7\AC9\RGB1_SUB7ACT9F91.jpg,1,1,0.9140251278877258
2000,9,1,1,D:\Skripsi\Experiment\data\raw\RGB1\S9\AC1\RGB1_SUB9ACT1F1.jpg,0,0,0.027645092457532883
2001,9,1,106,D:\Skripsi\Experiment\data\raw\RGB1\S9\AC1\RGB1_SUB9ACT1F106.jpg,0,0,0.060091324150562286
2002,9,1,121,D:\Skripsi\Experiment\data\raw\RGB1\S9\AC1\RGB1_SUB9ACT1F121.jpg,0,1,0.6481671929359436
2003,9,1,136,D:\Skripsi\Experiment\data\raw\RGB1\S9\AC1\RGB1_SUB9ACT1F136.jpg,0,0,0.02203211933374405
2004,9,1,151,D:\Skripsi\Experiment\data\raw\RGB1\S9\AC1\RGB1_SUB9ACT1F151.jpg,0,0,0.06209084764122963
2005,9,1,16,D:\Skripsi\Experiment\data\raw\RGB1\S9\AC1\RGB1_SUB9ACT1F16.jpg,0,0,0.0114941680803895
2006,9,1,31,D:\Skripsi\Experiment\data\raw\RGB1\S9\AC1\RGB1_SUB9ACT1F31.jpg,0,0,0.01624857820570469
2007,9,1,46,D:\Skripsi\Experiment\data\raw\RGB1\S9\AC1\RGB1_SUB9ACT1F46.jpg,0,0,0.01491282694041729
2008,9,1,61,D:\Skripsi\Experiment\data\raw\RGB1\S9\AC1\RGB1_SUB9ACT1F61.jpg,0,0,0.01799173839390278
2009,9,1,76,D:\Skripsi\Experiment\data\raw\RGB1\S9\AC1\RGB1_SUB9ACT1F76.jpg,0,0,0.05761013180017471
2010,9,1,91,D:\Skripsi\Experiment\data\raw\RGB1\S9\AC1\RGB1_SUB9ACT1F91.jpg,0,0,0.08293963968753815
2011,9,5,1,D:\Skripsi\Experiment\data\raw\RGB1\S9\AC5\RGB1_SUB9ACT5F1.jpg,1,1,0.8203809261322021
2012,9,5,106,D:\Skripsi\Experiment\data\raw\RGB1\S9\AC5\RGB1_SUB9ACT5F106.jpg,1,1,0.8767927885055542
2013,9,5,121,D:\Skripsi\Experiment\data\raw\RGB1\S9\AC5\RGB1_SUB9ACT5F121.jpg,1,1,0.8892045617103577
2014,9,5,136,D:\Skripsi\Experiment\data\raw\RGB1\S9\AC5\RGB1_SUB9ACT5F136.jpg,1,1,0.8861780166625977
2015,9,5,151,D:\Skripsi\Experiment\data\raw\RGB1\S9\AC5\RGB1_SUB9ACT5F151.jpg,1,1,0.8693830966949463
2016,9,5,16,D:\Skripsi\Experiment\data\raw\RGB1\S9\AC5\RGB1_SUB9ACT5F16.jpg,1,1,0.9163458943367004
2017,9,5,31,D:\Skripsi\Experiment\data\raw\RGB1\S9\AC5\RGB1_SUB9ACT5F31.jpg,1,1,0.9041234850883484
2018,9,5,46,D:\Skripsi\Experiment\data\raw\RGB1\S9\AC5\RGB1_SUB9ACT5F46.jpg,1,1,0.9135348796844482
2019,9,5,61,D:\Skripsi\Experiment\data\raw\RGB1\S9\AC5\RGB1_SUB9ACT5F61.jpg,1,1,0.9243864417076111
2020,9,5,76,D:\Skripsi\Experiment\data\raw\RGB1\S9\AC5\RGB1_SUB9ACT5F76.jpg,1,1,0.9152580499649048
2021,9,5,91,D:\Skripsi\Experiment\data\raw\RGB1\S9\AC5\RGB1_SUB9ACT5F91.jpg,1,1,0.8972079157829285
2022,9,6,1,D:\Skripsi\Experiment\data\raw\RGB1\S9\AC6\RGB1_SUB9ACT6F1.jpg,1,1,0.7812294363975525
2023,9,6,106,D:\Skripsi\Experiment\data\raw\RGB1\S9\AC6\RGB1_SUB9ACT6F106.jpg,1,1,0.904452919960022
2024,9,6,121,D:\Skripsi\Experiment\data\raw\RGB1\S9\AC6\RGB1_SUB9ACT6F121.jpg,1,1,0.857968807220459
2025,9,6,136,D:\Skripsi\Experiment\data\raw\RGB1\S9\AC6\RGB1_SUB9ACT6F136.jpg,1,1,0.8222149610519409
2026,9,6,16,D:\Skripsi\Experiment\data\raw\RGB1\S9\AC6\RGB1_SUB9ACT6F16.jpg,1,1,0.6430296301841736
2027,9,6,31,D:\Skripsi\Experiment\data\raw\RGB1\S9\AC6\RGB1_SUB9ACT6F31.jpg,1,1,0.7768387794494629
2028,9,6,46,D:\Skripsi\Experiment\data\raw\RGB1\S9\AC6\RGB1_SUB9ACT6F46.jpg,1,1,0.8737516403198242
2029,9,6,61,D:\Skripsi\Experiment\data\raw\RGB1\S9\AC6\RGB1_SUB9ACT6F61.jpg,1,1,0.8369472026824951
2030,9,6,76,D:\Skripsi\Experiment\data\raw\RGB1\S9\AC6\RGB1_SUB9ACT6F76.jpg,1,1,0.8733090162277222
2031,9,6,91,D:\Skripsi\Experiment\data\raw\RGB1\S9\AC6\RGB1_SUB9ACT6F91.jpg,1,1,0.8352493643760681
2032,9,7,1,D:\Skripsi\Experiment\data\raw\RGB1\S9\AC7\RGB1_SUB9ACT7F1.jpg,1,1,0.792384147644043
2033,9,7,106,D:\Skripsi\Experiment\data\raw\RGB1\S9\AC7\RGB1_SUB9ACT7F106.jpg,1,1,0.8554699420928955
2034,9,7,121,D:\Skripsi\Experiment\data\raw\RGB1\S9\AC7\RGB1_SUB9ACT7F121.jpg,1,1,0.835038423538208
2035,9,7,136,D:\Skripsi\Experiment\data\raw\RGB1\S9\AC7\RGB1_SUB9ACT7F136.jpg,1,1,0.8529233932495117
2036,9,7,151,D:\Skripsi\Experiment\data\raw\RGB1\S9\AC7\RGB1_SUB9ACT7F151.jpg,1,1,0.8029050230979919
2037,9,7,16,D:\Skripsi\Experiment\data\raw\RGB1\S9\AC7\RGB1_SUB9ACT7F16.jpg,1,1,0.8097680807113647
2038,9,7,166,D:\Skripsi\Experiment\data\raw\RGB1\S9\AC7\RGB1_SUB9ACT7F166.jpg,1,1,0.842477560043335
2039,9,7,181,D:\Skripsi\Experiment\data\raw\RGB1\S9\AC7\RGB1_SUB9ACT7F181.jpg,1,1,0.8090307116508484
2040,9,7,196,D:\Skripsi\Experiment\data\raw\RGB1\S9\AC7\RGB1_SUB9ACT7F196.jpg,1,1,0.8008555769920349
2041,9,7,31,D:\Skripsi\Experiment\data\raw\RGB1\S9\AC7\RGB1_SUB9ACT7F31.jpg,1,1,0.8600937724113464
2042,9,7,46,D:\Skripsi\Experiment\data\raw\RGB1\S9\AC7\RGB1_SUB9ACT7F46.jpg,1,1,0.8966702818870544
2043,9,7,61,D:\Skripsi\Experiment\data\raw\RGB1\S9\AC7\RGB1_SUB9ACT7F61.jpg,1,1,0.9084655046463013
2044,9,7,76,D:\Skripsi\Experiment\data\raw\RGB1\S9\AC7\RGB1_SUB9ACT7F76.jpg,1,1,0.8863474130630493
2045,9,7,91,D:\Skripsi\Experiment\data\raw\RGB1\S9\AC7\RGB1_SUB9ACT7F91.jpg,1,1,0.8896558880805969
2046,9,8,1,D:\Skripsi\Experiment\data\raw\RGB1\S9\AC8\RGB1_SUB9ACT8F1.jpg,1,0,0.48784273862838745
2047,9,8,106,D:\Skripsi\Experiment\data\raw\RGB1\S9\AC8\RGB1_SUB9ACT8F106.jpg,1,1,0.8770667910575867
2048,9,8,121,D:\Skripsi\Experiment\data\raw\RGB1\S9\AC8\RGB1_SUB9ACT8F121.jpg,1,1,0.8067163228988647
2049,9,8,136,D:\Skripsi\Experiment\data\raw\RGB1\S9\AC8\RGB1_SUB9ACT8F136.jpg,1,1,0.8559945821762085
2050,9,8,16,D:\Skripsi\Experiment\data\raw\RGB1\S9\AC8\RGB1_SUB9ACT8F16.jpg,1,1,0.847061812877655
2051,9,8,31,D:\Skripsi\Experiment\data\raw\RGB1\S9\AC8\RGB1_SUB9ACT8F31.jpg,1,1,0.8539111614227295
2052,9,8,46,D:\Skripsi\Experiment\data\raw\RGB1\S9\AC8\RGB1_SUB9ACT8F46.jpg,1,1,0.8484424948692322
2053,9,8,61,D:\Skripsi\Experiment\data\raw\RGB1\S9\AC8\RGB1_SUB9ACT8F61.jpg,1,1,0.8366842269897461
2054,9,8,76,D:\Skripsi\Experiment\data\raw\RGB1\S9\AC8\RGB1_SUB9ACT8F76.jpg,1,1,0.6230362057685852
2055,9,8,91,D:\Skripsi\Experiment\data\raw\RGB1\S9\AC8\RGB1_SUB9ACT8F91.jpg,1,1,0.8684853315353394
2056,9,9,1,D:\Skripsi\Experiment\data\raw\RGB1\S9\AC9\RGB1_SUB9ACT9F1.jpg,1,1,0.8141584992408752
2057,9,9,106,D:\Skripsi\Experiment\data\raw\RGB1\S9\AC9\RGB1_SUB9ACT9F106.jpg,1,1,0.8687937259674072
2058,9,9,121,D:\Skripsi\Experiment\data\raw\RGB1\S9\AC9\RGB1_SUB9ACT9F121.jpg,1,1,0.7052664160728455
2059,9,9,136,D:\Skripsi\Experiment\data\raw\RGB1\S9\AC9\RGB1_SUB9ACT9F136.jpg,1,1,0.7764643430709839
2060,9,9,151,D:\Skripsi\Experiment\data\raw\RGB1\S9\AC9\RGB1_SUB9ACT9F151.jpg,1,1,0.7998293042182922
2061,9,9,16,D:\Skripsi\Experiment\data\raw\RGB1\S9\AC9\RGB1_SUB9ACT9F16.jpg,1,1,0.8093342781066895
2062,9,9,31,D:\Skripsi\Experiment\data\raw\RGB1\S9\AC9\RGB1_SUB9ACT9F31.jpg,1,1,0.8755676746368408
2063,9,9,46,D:\Skripsi\Experiment\data\raw\RGB1\S9\AC9\RGB1_SUB9ACT9F46.jpg,1,1,0.8971496224403381
2064,9,9,61,D:\Skripsi\Experiment\data\raw\RGB1\S9\AC9\RGB1_SUB9ACT9F61.jpg,1,1,0.8877468109130859
2065,9,9,76,D:\Skripsi\Experiment\data\raw\RGB1\S9\AC9\RGB1_SUB9ACT9F76.jpg,1,1,0.8675788640975952
2066,9,9,91,D:\Skripsi\Experiment\data\raw\RGB1\S9\AC9\RGB1_SUB9ACT9F91.jpg,1,1,0.7001409530639648
