row_index,subject_id,activity_id,frame,filepath,label,prediction,prob_phone
0,12,1,1,D:\Skripsi\Experiment_TA\data\raw\RGB1\S12\AC1\RGB1_SUB12ACT1F1.jpg,0,0,0.06690464168787003
1,12,1,121,D:\Skripsi\Experiment_TA\data\raw\RGB1\S12\AC1\RGB1_SUB12ACT1F121.jpg,0,0,0.4207759499549866
2,12,1,151,D:\Skripsi\Experiment_TA\data\raw\RGB1\S12\AC1\RGB1_SUB12ACT1F151.jpg,0,0,0.06511102616786957
3,12,1,31,D:\Skripsi\Experiment_TA\data\raw\RGB1\S12\AC1\RGB1_SUB12ACT1F31.jpg,0,0,0.05144142732024193
4,12,1,61,D:\Skripsi\Experiment_TA\data\raw\RGB1\S12\AC1\RGB1_SUB12ACT1F61.jpg,0,0,0.09434402734041214
5,12,1,91,D:\Skripsi\Experiment_TA\data\raw\RGB1\S12\AC1\RGB1_SUB12ACT1F91.jpg,0,1,0.9270101189613342
6,12,5,1,D:\Skripsi\Experiment_TA\data\raw\RGB1\S12\AC5\RGB1_SUB12ACT5F1.jpg,1,0,0.3648492991924286
7,12,5,121,D:\Skripsi\Experiment_TA\data\raw\RGB1\S12\AC5\RGB1_SUB12ACT5F121.jpg,1,1,0.8590123653411865
8,12,5,31,D:\Skripsi\Experiment_TA\data\raw\RGB1\S12\AC5\RGB1_SUB12ACT5F31.jpg,1,1,0.9687087535858154
9,12,5,61,D:\Skripsi\Experiment_TA\data\raw\RGB1\S12\AC5\RGB1_SUB12ACT5F61.jpg,1,1,0.9017797112464905
10,12,5,91,D:\Skripsi\Experiment_TA\data\raw\RGB1\S12\AC5\RGB1_SUB12ACT5F91.jpg,1,1,0.906924307346344
11,12,6,1,D:\Skripsi\Experiment_TA\data\raw\RGB1\S12\AC6\RGB1_SUB12ACT6F1.jpg,1,1,0.7298870086669922
12,12,6,121,D:\Skripsi\Experiment_TA\data\raw\RGB1\S12\AC6\RGB1_SUB12ACT6F121.jpg,1,1,0.8345543146133423
13,12,6,151,D:\Skripsi\Experiment_TA\data\raw\RGB1\S12\AC6\RGB1_SUB12ACT6F151.jpg,1,1,0.8786465525627136
14,12,6,181,D:\Skripsi\Experiment_TA\data\raw\RGB1\S12\AC6\RGB1_SUB12ACT6F181.jpg,1,1,0.9596900939941406
15,12,6,31,D:\Skripsi\Experiment_TA\data\raw\RGB1\S12\AC6\RGB1_SUB12ACT6F31.jpg,1,1,0.8754003643989563
16,12,6,61,D:\Skripsi\Experiment_TA\data\raw\RGB1\S12\AC6\RGB1_SUB12ACT6F61.jpg,1,1,0.9541475772857666
17,12,6,91,D:\Skripsi\Experiment_TA\data\raw\RGB1\S12\AC6\RGB1_SUB12ACT6F91.jpg,1,1,0.7722113728523254
18,12,7,1,D:\Skripsi\Experiment_TA\data\raw\RGB1\S12\AC7\RGB1_SUB12ACT7F1.jpg,1,1,0.7654656767845154
19,12,7,121,D:\Skripsi\Experiment_TA\data\raw\RGB1\S12\AC7\RGB1_SUB12ACT7F121.jpg,1,1,0.9960053563117981
20,12,7,151,D:\Skripsi\Experiment_TA\data\raw\RGB1\S12\AC7\RGB1_SUB12ACT7F151.jpg,1,1,0.9965820908546448
21,12,7,181,D:\Skripsi\Experiment_TA\data\raw\RGB1\S12\AC7\RGB1_SUB12ACT7F181.jpg,1,1,0.9856891632080078
22,12,7,211,D:\Skripsi\Experiment_TA\data\raw\RGB1\S12\AC7\RGB1_SUB12ACT7F211.jpg,1,1,0.9797224402427673
23,12,7,31,D:\Skripsi\Experiment_TA\data\raw\RGB1\S12\AC7\RGB1_SUB12ACT7F31.jpg,1,1,0.9954185485839844
24,12,7,61,D:\Skripsi\Experiment_TA\data\raw\RGB1\S12\AC7\RGB1_SUB12ACT7F61.jpg,1,1,0.9719364047050476
25,12,7,91,D:\Skripsi\Experiment_TA\data\raw\RGB1\S12\AC7\RGB1_SUB12ACT7F91.jpg,1,1,0.9904499650001526
26,12,8,1,D:\Skripsi\Experiment_TA\data\raw\RGB1\S12\AC8\RGB1_SUB12ACT8F1.jpg,1,1,0.7725002765655518
27,12,8,121,D:\Skripsi\Experiment_TA\data\raw\RGB1\S12\AC8\RGB1_SUB12ACT8F121.jpg,1,1,0.8180764317512512
28,12,8,151,D:\Skripsi\Experiment_TA\data\raw\RGB1\S12\AC8\RGB1_SUB12ACT8F151.jpg,1,1,0.6701451539993286
29,12,8,31,D:\Skripsi\Experiment_TA\data\raw\RGB1\S12\AC8\RGB1_SUB12ACT8F31.jpg,1,1,0.9313290119171143
30,12,8,61,D:\Skripsi\Experiment_TA\data\raw\RGB1\S12\AC8\RGB1_SUB12ACT8F61.jpg,1,1,0.763167679309845
31,12,8,91,D:\Skripsi\Experiment_TA\data\raw\RGB1\S12\AC8\RGB1_SUB12ACT8F91.jpg,1,1,0.9864888787269592
32,12,9,1,D:\Skripsi\Experiment_TA\data\raw\RGB1\S12\AC9\RGB1_SUB12ACT9F1.jpg,1,1,0.9324911236763
33,12,9,121,D:\Skripsi\Experiment_TA\data\raw\RGB1\S12\AC9\RGB1_SUB12ACT9F121.jpg,1,1,0.9449633359909058
34,12,9,151,D:\Skripsi\Experiment_TA\data\raw\RGB1\S12\AC9\RGB1_SUB12ACT9F151.jpg,1,1,0.9584748148918152
35,12,9,31,D:\Skripsi\Experiment_TA\data\raw\RGB1\S12\AC9\RGB1_SUB12ACT9F31.jpg,1,1,0.8477538824081421
36,12,9,61,D:\Skripsi\Experiment_TA\data\raw\RGB1\S12\AC9\RGB1_SUB12ACT9F61.jpg,1,1,0.8053789138793945
37,12,9,91,D:\Skripsi\Experiment_TA\data\raw\RGB1\S12\AC9\RGB1_SUB12ACT9F91.jpg,1,1,0.76486736536026
38,13,1,1,D:\Skripsi\Experiment_TA\data\raw\RGB1\S13\AC1\RGB1_SUB13ACT1F1.jpg,0,0,0.22944866120815277
39,13,1,121,D:\Skripsi\Experiment_TA\data\raw\RGB1\S13\AC1\RGB1_SUB13ACT1F121.jpg,0,0,0.20347796380519867
40,13,1,31,D:\Skripsi\Experiment_TA\data\raw\RGB1\S13\AC1\RGB1_SUB13ACT1F31.jpg,0,0,0.17251615226268768
41,13,1,61,D:\Skripsi\Experiment_TA\data\raw\RGB1\S13\AC1\RGB1_SUB13ACT1F61.jpg,0,0,0.2581847906112671
42,13,1,91,D:\Skripsi\Experiment_TA\data\raw\RGB1\S13\AC1\RGB1_SUB13ACT1F91.jpg,0,0,0.17991431057453156
43,13,5,1,D:\Skripsi\Experiment_TA\data\raw\RGB1\S13\AC5\RGB1_SUB13ACT5F1.jpg,1,1,0.9610984921455383
44,13,5,121,D:\Skripsi\Experiment_TA\data\raw\RGB1\S13\AC5\RGB1_SUB13ACT5F121.jpg,1,1,0.8587245345115662
45,13,5,31,D:\Skripsi\Experiment_TA\data\raw\RGB1\S13\AC5\RGB1_SUB13ACT5F31.jpg,1,1,0.8613244891166687
46,13,5,61,D:\Skripsi\Experiment_TA\data\raw\RGB1\S13\AC5\RGB1_SUB13ACT5F61.jpg,1,1,0.9228277802467346
47,13,5,91,D:\Skripsi\Experiment_TA\data\raw\RGB1\S13\AC5\RGB1_SUB13ACT5F91.jpg,1,1,0.98130863904953
48,13,6,1,D:\Skripsi\Experiment_TA\data\raw\RGB1\S13\AC6\RGB1_SUB13ACT6F1.jpg,1,1,0.9164823889732361
49,13,6,31,D:\Skripsi\Experiment_TA\data\raw\RGB1\S13\AC6\RGB1_SUB13ACT6F31.jpg,1,1,0.9289939403533936
50,13,6,61,D:\Skripsi\Experiment_TA\data\raw\RGB1\S13\AC6\RGB1_SUB13ACT6F61.jpg,1,1,0.9351252317428589
51,13,6,91,D:\Skripsi\Experiment_TA\data\raw\RGB1\S13\AC6\RGB1_SUB13ACT6F91.jpg,1,1,0.7912656664848328
52,13,7,1,D:\Skripsi\Experiment_TA\data\raw\RGB1\S13\AC7\RGB1_SUB13ACT7F1.jpg,1,1,0.8956223726272583
53,13,7,121,D:\Skripsi\Experiment_TA\data\raw\RGB1\S13\AC7\RGB1_SUB13ACT7F121.jpg,1,1,0.9806005358695984
54,13,7,31,D:\Skripsi\Experiment_TA\data\raw\RGB1\S13\AC7\RGB1_SUB13ACT7F31.jpg,1,1,0.9056583642959595
55,13,7,61,D:\Skripsi\Experiment_TA\data\raw\RGB1\S13\AC7\RGB1_SUB13ACT7F61.jpg,1,1,0.9846377968788147
56,13,7,91,D:\Skripsi\Experiment_TA\data\raw\RGB1\S13\AC7\RGB1_SUB13ACT7F91.jpg,1,1,0.9745717644691467
57,13,8,1,D:\Skripsi\Experiment_TA\data\raw\RGB1\S13\AC8\RGB1_SUB13ACT8F1.jpg,1,1,0.9765402674674988
58,13,8,121,D:\Skripsi\Experiment_TA\data\raw\RGB1\S13\AC8\RGB1_SUB13ACT8F121.jpg,1,1,0.7846397161483765
59,13,8,31,D:\Skripsi\Experiment_TA\data\raw\RGB1\S13\AC8\RGB1_SUB13ACT8F31.jpg,1,1,0.9214081168174744
60,13,8,61,D:\Skripsi\Experiment_TA\data\raw\RGB1\S13\AC8\RGB1_SUB13ACT8F61.jpg,1,1,0.7123963832855225
61,13,8,91,D:\Skripsi\Experiment_TA\data\raw\RGB1\S13\AC8\RGB1_SUB13ACT8F91.jpg,1,1,0.6781536936759949
62,13,9,1,D:\Skripsi\Experiment_TA\data\raw\RGB1\S13\AC9\RGB1_SUB13ACT9F1.jpg,1,0,0.46495556831359863
63,13,9,121,D:\Skripsi\Experiment_TA\data\raw\RGB1\S13\AC9\RGB1_SUB13ACT9F121.jpg,1,1,0.756260097026825
64,13,9,151,D:\Skripsi\Experiment_TA\data\raw\RGB1\S13\AC9\RGB1_SUB13ACT9F151.jpg,1,1,0.9284898042678833
65,13,9,181,D:\Skripsi\Experiment_TA\data\raw\RGB1\S13\AC9\RGB1_SUB13ACT9F181.jpg,1,1,0.9514387249946594
66,13,9,31,D:\Skripsi\Experiment_TA\data\raw\RGB1\S13\AC9\RGB1_SUB13ACT9F31.jpg,1,1,0.9464525580406189
67,13,9,61,D:\Skripsi\Experiment_TA\data\raw\RGB1\S13\AC9\RGB1_SUB13ACT9F61.jpg,1,1,0.8789072632789612
68,13,9,91,D:\Skripsi\Experiment_TA\data\raw\RGB1\S13\AC9\RGB1_SUB13ACT9F91.jpg,1,1,0.7975876331329346
69,14,1,1,D:\Skripsi\Experiment_TA\data\raw\RGB1\S14\AC1\RGB1_SUB14ACT1F1.jpg,0,0,0.3448236584663391
70,14,1,31,D:\Skripsi\Experiment_TA\data\raw\RGB1\S14\AC1\RGB1_SUB14ACT1F31.jpg,0,0,0.31995153427124023
71,14,1,61,D:\Skripsi\Experiment_TA\data\raw\RGB1\S14\AC1\RGB1_SUB14ACT1F61.jpg,0,1,0.6092864274978638
72,14,1,91,D:\Skripsi\Experiment_TA\data\raw\RGB1\S14\AC1\RGB1_SUB14ACT1F91.jpg,0,0,0.3691558539867401
73,14,5,1,D:\Skripsi\Experiment_TA\data\raw\RGB1\S14\AC5\RGB1_SUB14ACT5F1.jpg,1,0,0.47125551104545593
74,14,5,121,D:\Skripsi\Experiment_TA\data\raw\RGB1\S14\AC5\RGB1_SUB14ACT5F121.jpg,1,1,0.9003876447677612
75,14,5,31,D:\Skripsi\Experiment_TA\data\raw\RGB1\S14\AC5\RGB1_SUB14ACT5F31.jpg,1,1,0.8167915940284729
76,14,5,61,D:\Skripsi\Experiment_TA\data\raw\RGB1\S14\AC5\RGB1_SUB14ACT5F61.jpg,1,1,0.8136938810348511
77,14,5,91,D:\Skripsi\Experiment_TA\data\raw\RGB1\S14\AC5\RGB1_SUB14ACT5F91.jpg,1,1,0.8424249887466431
78,14,6,1,D:\Skripsi\Experiment_TA\data\raw\RGB1\S14\AC6\RGB1_SUB14ACT6F1.jpg,1,1,0.6351504325866699
79,14,6,31,D:\Skripsi\Experiment_TA\data\raw\RGB1\S14\AC6\RGB1_SUB14ACT6F31.jpg,1,0,0.45684218406677246
80,14,6,61,D:\Skripsi\Experiment_TA\data\raw\RGB1\S14\AC6\RGB1_SUB14ACT6F61.jpg,1,1,0.728453516960144
81,14,6,91,D:\Skripsi\Experiment_TA\data\raw\RGB1\S14\AC6\RGB1_SUB14ACT6F91.jpg,1,1,0.787558376789093
82,14,7,1,D:\Skripsi\Experiment_TA\data\raw\RGB1\S14\AC7\RGB1_SUB14ACT7F1.jpg,1,0,0.40145787596702576
83,14,7,31,D:\Skripsi\Experiment_TA\data\raw\RGB1\S14\AC7\RGB1_SUB14ACT7F31.jpg,1,1,0.9516907930374146
84,14,7,61,D:\Skripsi\Experiment_TA\data\raw\RGB1\S14\AC7\RGB1_SUB14ACT7F61.jpg,1,1,0.8582500219345093
85,14,7,91,D:\Skripsi\Experiment_TA\data\raw\RGB1\S14\AC7\RGB1_SUB14ACT7F91.jpg,1,1,0.9908615350723267
86,14,8,1,D:\Skripsi\Experiment_TA\data\raw\RGB1\S14\AC8\RGB1_SUB14ACT8F1.jpg,1,0,0.38546279072761536
87,14,8,121,D:\Skripsi\Experiment_TA\data\raw\RGB1\S14\AC8\RGB1_SUB14ACT8F121.jpg,1,1,0.6799945831298828
88,14,8,31,D:\Skripsi\Experiment_TA\data\raw\RGB1\S14\AC8\RGB1_SUB14ACT8F31.jpg,1,1,0.6121754050254822
89,14,8,61,D:\Skripsi\Experiment_TA\data\raw\RGB1\S14\AC8\RGB1_SUB14ACT8F61.jpg,1,1,0.6541747450828552
90,14,8,91,D:\Skripsi\Experiment_TA\data\raw\RGB1\S14\AC8\RGB1_SUB14ACT8F91.jpg,1,1,0.5385271310806274
91,14,9,1,D:\Skripsi\Experiment_TA\data\raw\RGB1\S14\AC9\RGB1_SUB14ACT9F1.jpg,1,1,0.5829612016677856
92,14,9,121,D:\Skripsi\Experiment_TA\data\raw\RGB1\S14\AC9\RGB1_SUB14ACT9F121.jpg,1,1,0.9447104930877686
93,14,9,31,D:\Skripsi\Experiment_TA\data\raw\RGB1\S14\AC9\RGB1_SUB14ACT9F31.jpg,1,1,0.9692116379737854
94,14,9,61,D:\Skripsi\Experiment_TA\data\raw\RGB1\S14\AC9\RGB1_SUB14ACT9F61.jpg,1,1,0.9379751086235046
95,14,9,91,D:\Skripsi\Experiment_TA\data\raw\RGB1\S14\AC9\RGB1_SUB14ACT9F91.jpg,1,1,0.9261273741722107
96,16,1,1,D:\Skripsi\Experiment_TA\data\raw\RGB1\S16\AC1\RGB1_SUB16ACT1F1.jpg,0,0,0.40178126096725464
97,16,1,121,D:\Skripsi\Experiment_TA\data\raw\RGB1\S16\AC1\RGB1_SUB16ACT1F121.jpg,0,0,0.43464091420173645
98,16,1,31,D:\Skripsi\Experiment_TA\data\raw\RGB1\S16\AC1\RGB1_SUB16ACT1F31.jpg,0,0,0.294656366109848
99,16,1,61,D:\Skripsi\Experiment_TA\data\raw\RGB1\S16\AC1\RGB1_SUB16ACT1F61.jpg,0,0,0.40542906522750854
100,16,1,91,D:\Skripsi\Experiment_TA\data\raw\RGB1\S16\AC1\RGB1_SUB16ACT1F91.jpg,0,0,0.314667671918869
101,16,5,1,D:\Skripsi\Experiment_TA\data\raw\RGB1\S16\AC5\RGB1_SUB16ACT5F1.jpg,1,1,0.8136999011039734
102,16,5,31,D:\Skripsi\Experiment_TA\data\raw\RGB1\S16\AC5\RGB1_SUB16ACT5F31.jpg,1,1,0.7894566059112549
103,16,5,61,D:\Skripsi\Experiment_TA\data\raw\RGB1\S16\AC5\RGB1_SUB16ACT5F61.jpg,1,1,0.8347964286804199
104,16,5,91,D:\Skripsi\Experiment_TA\data\raw\RGB1\S16\AC5\RGB1_SUB16ACT5F91.jpg,1,1,0.7350484132766724
105,16,6,1,D:\Skripsi\Experiment_TA\data\raw\RGB1\S16\AC6\RGB1_SUB16ACT6F1.jpg,1,1,0.8978967070579529
106,16,6,31,D:\Skripsi\Experiment_TA\data\raw\RGB1\S16\AC6\RGB1_SUB16ACT6F31.jpg,1,1,0.9394229054450989
107,16,6,61,D:\Skripsi\Experiment_TA\data\raw\RGB1\S16\AC6\RGB1_SUB16ACT6F61.jpg,1,1,0.7789273262023926
108,16,6,91,D:\Skripsi\Experiment_TA\data\raw\RGB1\S16\AC6\RGB1_SUB16ACT6F91.jpg,1,1,0.5180525779724121
109,16,7,1,D:\Skripsi\Experiment_TA\data\raw\RGB1\S16\AC7\RGB1_SUB16ACT7F1.jpg,1,1,0.9568320512771606
110,16,7,121,D:\Skripsi\Experiment_TA\data\raw\RGB1\S16\AC7\RGB1_SUB16ACT7F121.jpg,1,1,0.7707761526107788
111,16,7,31,D:\Skripsi\Experiment_TA\data\raw\RGB1\S16\AC7\RGB1_SUB16ACT7F31.jpg,1,1,0.8642006516456604
112,16,7,61,D:\Skripsi\Experiment_TA\data\raw\RGB1\S16\AC7\RGB1_SUB16ACT7F61.jpg,1,1,0.8618107438087463
113,16,7,91,D:\Skripsi\Experiment_TA\data\raw\RGB1\S16\AC7\RGB1_SUB16ACT7F91.jpg,1,1,0.9839910268783569
114,16,8,1,D:\Skripsi\Experiment_TA\data\raw\RGB1\S16\AC8\RGB1_SUB16ACT8F1.jpg,1,0,0.4726383090019226
115,16,8,121,D:\Skripsi\Experiment_TA\data\raw\RGB1\S16\AC8\RGB1_SUB16ACT8F121.jpg,1,1,0.8145484328269958
116,16,8,31,D:\Skripsi\Experiment_TA\data\raw\RGB1\S16\AC8\RGB1_SUB16ACT8F31.jpg,1,1,0.7337983250617981
117,16,8,61,D:\Skripsi\Experiment_TA\data\raw\RGB1\S16\AC8\RGB1_SUB16ACT8F61.jpg,1,1,0.680958092212677
118,16,8,91,D:\Skripsi\Experiment_TA\data\raw\RGB1\S16\AC8\RGB1_SUB16ACT8F91.jpg,1,1,0.7816933989524841
119,16,9,1,D:\Skripsi\Experiment_TA\data\raw\RGB1\S16\AC9\RGB1_SUB16ACT9F1.jpg,1,1,0.6514056324958801
120,16,9,121,D:\Skripsi\Experiment_TA\data\raw\RGB1\S16\AC9\RGB1_SUB16ACT9F121.jpg,1,1,0.9121357798576355
121,16,9,31,D:\Skripsi\Experiment_TA\data\raw\RGB1\S16\AC9\RGB1_SUB16ACT9F31.jpg,1,1,0.6601139307022095
122,16,9,61,D:\Skripsi\Experiment_TA\data\raw\RGB1\S16\AC9\RGB1_SUB16ACT9F61.jpg,1,1,0.7542064189910889
123,16,9,91,D:\Skripsi\Experiment_TA\data\raw\RGB1\S16\AC9\RGB1_SUB16ACT9F91.jpg,1,1,0.7110760807991028
124,18,1,1,D:\Skripsi\Experiment_TA\data\raw\RGB1\S18\AC1\RGB1_SUB18ACT1F1.jpg,0,0,0.17814332246780396
125,18,1,121,D:\Skripsi\Experiment_TA\data\raw\RGB1\S18\AC1\RGB1_SUB18ACT1F121.jpg,0,0,0.18631362915039062
126,18,1,31,D:\Skripsi\Experiment_TA\data\raw\RGB1\S18\AC1\RGB1_SUB18ACT1F31.jpg,0,0,0.08965221792459488
127,18,1,61,D:\Skripsi\Experiment_TA\data\raw\RGB1\S18\AC1\RGB1_SUB18ACT1F61.jpg,0,0,0.11007823050022125
128,18,1,91,D:\Skripsi\Experiment_TA\data\raw\RGB1\S18\AC1\RGB1_SUB18ACT1F91.jpg,0,0,0.08818137645721436
129,18,5,1,D:\Skripsi\Experiment_TA\data\raw\RGB1\S18\AC5\RGB1_SUB18ACT5F1.jpg,1,1,0.6799522042274475
130,18,5,121,D:\Skripsi\Experiment_TA\data\raw\RGB1\S18\AC5\RGB1_SUB18ACT5F121.jpg,1,1,0.9473732113838196
131,18,5,151,D:\Skripsi\Experiment_TA\data\raw\RGB1\S18\AC5\RGB1_SUB18ACT5F151.jpg,1,1,0.9136800765991211
132,18,5,31,D:\Skripsi\Experiment_TA\data\raw\RGB1\S18\AC5\RGB1_SUB18ACT5F31.jpg,1,1,0.9541725516319275
133,18,5,61,D:\Skripsi\Experiment_TA\data\raw\RGB1\S18\AC5\RGB1_SUB18ACT5F61.jpg,1,1,0.881371259689331
134,18,5,91,D:\Skripsi\Experiment_TA\data\raw\RGB1\S18\AC5\RGB1_SUB18ACT5F91.jpg,1,1,0.7903648614883423
135,18,6,1,D:\Skripsi\Experiment_TA\data\raw\RGB1\S18\AC6\RGB1_SUB18ACT6F1.jpg,1,1,0.7849534749984741
136,18,6,121,D:\Skripsi\Experiment_TA\data\raw\RGB1\S18\AC6\RGB1_SUB18ACT6F121.jpg,1,1,0.7764956951141357
137,18,6,151,D:\Skripsi\Experiment_TA\data\raw\RGB1\S18\AC6\RGB1_SUB18ACT6F151.jpg,1,1,0.5214906334877014
138,18,6,31,D:\Skripsi\Experiment_TA\data\raw\RGB1\S18\AC6\RGB1_SUB18ACT6F31.jpg,1,1,0.7496815323829651
139,18,6,61,D:\Skripsi\Experiment_TA\data\raw\RGB1\S18\AC6\RGB1_SUB18ACT6F61.jpg,1,1,0.8143292665481567
140,18,6,91,D:\Skripsi\Experiment_TA\data\raw\RGB1\S18\AC6\RGB1_SUB18ACT6F91.jpg,1,1,0.8174461722373962
141,18,7,1,D:\Skripsi\Experiment_TA\data\raw\RGB1\S18\AC7\RGB1_SUB18ACT7F1.jpg,1,1,0.848973274230957
142,18,7,121,D:\Skripsi\Experiment_TA\data\raw\RGB1\S18\AC7\RGB1_SUB18ACT7F121.jpg,1,1,0.9722006320953369
143,18,7,151,D:\Skripsi\Experiment_TA\data\raw\RGB1\S18\AC7\RGB1_SUB18ACT7F151.jpg,1,1,0.9137817621231079
144,18,7,181,D:\Skripsi\Experiment_TA\data\raw\RGB1\S18\AC7\RGB1_SUB18ACT7F181.jpg,1,1,0.9694008827209473
145,18,7,31,D:\Skripsi\Experiment_TA\data\raw\RGB1\S18\AC7\RGB1_SUB18ACT7F31.jpg,1,1,0.8694595098495483
146,18,7,61,D:\Skripsi\Experiment_TA\data\raw\RGB1\S18\AC7\RGB1_SUB18ACT7F61.jpg,1,1,0.979025661945343
147,18,7,91,D:\Skripsi\Experiment_TA\data\raw\RGB1\S18\AC7\RGB1_SUB18ACT7F91.jpg,1,1,0.9842215776443481
148,18,8,1,D:\Skripsi\Experiment_TA\data\raw\RGB1\S18\AC8\RGB1_SUB18ACT8F1.jpg,1,1,0.8109496831893921
149,18,8,121,D:\Skripsi\Experiment_TA\data\raw\RGB1\S18\AC8\RGB1_SUB18ACT8F121.jpg,1,1,0.9689847826957703
150,18,8,151,D:\Skripsi\Experiment_TA\data\raw\RGB1\S18\AC8\RGB1_SUB18ACT8F151.jpg,1,1,0.974900484085083
151,18,8,181,D:\Skripsi\Experiment_TA\data\raw\RGB1\S18\AC8\RGB1_SUB18ACT8F181.jpg,1,1,0.6756888628005981
152,18,8,211,D:\Skripsi\Experiment_TA\data\raw\RGB1\S18\AC8\RGB1_SUB18ACT8F211.jpg,1,1,0.9873788952827454
153,18,8,31,D:\Skripsi\Experiment_TA\data\raw\RGB1\S18\AC8\RGB1_SUB18ACT8F31.jpg,1,1,0.9150782227516174
154,18,8,61,D:\Skripsi\Experiment_TA\data\raw\RGB1\S18\AC8\RGB1_SUB18ACT8F61.jpg,1,1,0.8949396014213562
155,18,8,91,D:\Skripsi\Experiment_TA\data\raw\RGB1\S18\AC8\RGB1_SUB18ACT8F91.jpg,1,1,0.971888542175293
156,18,9,1,D:\Skripsi\Experiment_TA\data\raw\RGB1\S18\AC9\RGB1_SUB18ACT9F1.jpg,1,0,0.4649372696876526
157,18,9,121,D:\Skripsi\Experiment_TA\data\raw\RGB1\S18\AC9\RGB1_SUB18ACT9F121.jpg,1,1,0.7775037884712219
158,18,9,151,D:\Skripsi\Experiment_TA\data\raw\RGB1\S18\AC9\RGB1_SUB18ACT9F151.jpg,1,1,0.9204868078231812
159,18,9,31,D:\Skripsi\Experiment_TA\data\raw\RGB1\S18\AC9\RGB1_SUB18ACT9F31.jpg,1,1,0.9482964873313904
160,18,9,61,D:\Skripsi\Experiment_TA\data\raw\RGB1\S18\AC9\RGB1_SUB18ACT9F61.jpg,1,1,0.9544724225997925
161,18,9,91,D:\Skripsi\Experiment_TA\data\raw\RGB1\S18\AC9\RGB1_SUB18ACT9F91.jpg,1,1,0.7633113265037537
162,19,1,1,D:\Skripsi\Experiment_TA\data\raw\RGB1\S19\AC1\RGB1_SUB19ACT1F1.jpg,0,0,0.33178356289863586
163,19,1,121,D:\Skripsi\Experiment_TA\data\raw\RGB1\S19\AC1\RGB1_SUB19ACT1F121.jpg,0,0,0.3085705637931824
164,19,1,31,D:\Skripsi\Experiment_TA\data\raw\RGB1\S19\AC1\RGB1_SUB19ACT1F31.jpg,0,0,0.32974469661712646
165,19,1,61,D:\Skripsi\Experiment_TA\data\raw\RGB1\S19\AC1\RGB1_SUB19ACT1F61.jpg,0,0,0.2919800579547882
166,19,1,91,D:\Skripsi\Experiment_TA\data\raw\RGB1\S19\AC1\RGB1_SUB19ACT1F91.jpg,0,0,0.2776830494403839
167,19,5,1,D:\Skripsi\Experiment_TA\data\raw\RGB1\S19\AC5\RGB1_SUB19ACT5F1.jpg,1,1,0.9854803681373596
168,19,5,31,D:\Skripsi\Experiment_TA\data\raw\RGB1\S19\AC5\RGB1_SUB19ACT5F31.jpg,1,1,0.8832111358642578
169,19,5,61,D:\Skripsi\Experiment_TA\data\raw\RGB1\S19\AC5\RGB1_SUB19ACT5F61.jpg,1,1,0.8847922086715698
170,19,5,91,D:\Skripsi\Experiment_TA\data\raw\RGB1\S19\AC5\RGB1_SUB19ACT5F91.jpg,1,1,0.8022869229316711
171,19,6,1,D:\Skripsi\Experiment_TA\data\raw\RGB1\S19\AC6\RGB1_SUB19ACT6F1.jpg,1,1,0.8546165823936462
172,19,6,121,D:\Skripsi\Experiment_TA\data\raw\RGB1\S19\AC6\RGB1_SUB19ACT6F121.jpg,1,1,0.8465915322303772
173,19,6,31,D:\Skripsi\Experiment_TA\data\raw\RGB1\S19\AC6\RGB1_SUB19ACT6F31.jpg,1,1,0.8795109987258911
174,19,6,61,D:\Skripsi\Experiment_TA\data\raw\RGB1\S19\AC6\RGB1_SUB19ACT6F61.jpg,1,1,0.8353559970855713
175,19,6,91,D:\Skripsi\Experiment_TA\data\raw\RGB1\S19\AC6\RGB1_SUB19ACT6F91.jpg,1,1,0.7042551636695862
176,19,7,1,D:\Skripsi\Experiment_TA\data\raw\RGB1\S19\AC7\RGB1_SUB19ACT7F1.jpg,1,1,0.8144006133079529
177,19,7,121,D:\Skripsi\Experiment_TA\data\raw\RGB1\S19\AC7\RGB1_SUB19ACT7F121.jpg,1,1,0.9099044799804688
178,19,7,31,D:\Skripsi\Experiment_TA\data\raw\RGB1\S19\AC7\RGB1_SUB19ACT7F31.jpg,1,1,0.862054169178009
179,19,7,61,D:\Skripsi\Experiment_TA\data\raw\RGB1\S19\AC7\RGB1_SUB19ACT7F61.jpg,1,1,0.8445343971252441
180,19,7,91,D:\Skripsi\Experiment_TA\data\raw\RGB1\S19\AC7\RGB1_SUB19ACT7F91.jpg,1,1,0.8622305393218994
181,19,8,1,D:\Skripsi\Experiment_TA\data\raw\RGB1\S19\AC8\RGB1_SUB19ACT8F1.jpg,1,1,0.9782249927520752
182,19,8,121,D:\Skripsi\Experiment_TA\data\raw\RGB1\S19\AC8\RGB1_SUB19ACT8F121.jpg,1,1,0.726725697517395
183,19,8,151,D:\Skripsi\Experiment_TA\data\raw\RGB1\S19\AC8\RGB1_SUB19ACT8F151.jpg,1,1,0.8309996128082275
184,19,8,31,D:\Skripsi\Experiment_TA\data\raw\RGB1\S19\AC8\RGB1_SUB19ACT8F31.jpg,1,1,0.9643511176109314
185,19,8,61,D:\Skripsi\Experiment_TA\data\raw\RGB1\S19\AC8\RGB1_SUB19ACT8F61.jpg,1,1,0.6236562132835388
186,19,8,91,D:\Skripsi\Experiment_TA\data\raw\RGB1\S19\AC8\RGB1_SUB19ACT8F91.jpg,1,1,0.9069963693618774
187,19,9,1,D:\Skripsi\Experiment_TA\data\raw\RGB1\S19\AC9\RGB1_SUB19ACT9F1.jpg,1,1,0.5911778211593628
188,19,9,31,D:\Skripsi\Experiment_TA\data\raw\RGB1\S19\AC9\RGB1_SUB19ACT9F31.jpg,1,1,0.8944726586341858
189,19,9,61,D:\Skripsi\Experiment_TA\data\raw\RGB1\S19\AC9\RGB1_SUB19ACT9F61.jpg,1,1,0.8725661039352417
190,19,9,91,D:\Skripsi\Experiment_TA\data\raw\RGB1\S19\AC9\RGB1_SUB19ACT9F91.jpg,1,1,0.8123021721839905
191,23,1,1,D:\Skripsi\Experiment_TA\data\raw\RGB1\S23\AC1\RGB1_SUB23ACT1F1.jpg,0,0,0.06754294037818909
192,23,1,121,D:\Skripsi\Experiment_TA\data\raw\RGB1\S23\AC1\RGB1_SUB23ACT1F121.jpg,0,0,0.09754040837287903
193,23,1,31,D:\Skripsi\Experiment_TA\data\raw\RGB1\S23\AC1\RGB1_SUB23ACT1F31.jpg,0,0,0.062046486884355545
194,23,1,61,D:\Skripsi\Experiment_TA\data\raw\RGB1\S23\AC1\RGB1_SUB23ACT1F61.jpg,0,0,0.06666470319032669
195,23,1,91,D:\Skripsi\Experiment_TA\data\raw\RGB1\S23\AC1\RGB1_SUB23ACT1F91.jpg,0,0,0.06164148822426796
196,23,5,1,D:\Skripsi\Experiment_TA\data\raw\RGB1\S23\AC5\RGB1_SUB23ACT5F1.jpg,1,1,0.8896980285644531
197,23,5,121,D:\Skripsi\Experiment_TA\data\raw\RGB1\S23\AC5\RGB1_SUB23ACT5F121.jpg,1,1,0.8837414979934692
198,23,5,31,D:\Skripsi\Experiment_TA\data\raw\RGB1\S23\AC5\RGB1_SUB23ACT5F31.jpg,1,1,0.7515473961830139
199,23,5,61,D:\Skripsi\Experiment_TA\data\raw\RGB1\S23\AC5\RGB1_SUB23ACT5F61.jpg,1,1,0.890448272228241
200,23,5,91,D:\Skripsi\Experiment_TA\data\raw\RGB1\S23\AC5\RGB1_SUB23ACT5F91.jpg,1,1,0.9290796518325806
201,23,6,1,D:\Skripsi\Experiment_TA\data\raw\RGB1\S23\AC6\RGB1_SUB23ACT6F1.jpg,1,1,0.9885233044624329
202,23,6,121,D:\Skripsi\Experiment_TA\data\raw\RGB1\S23\AC6\RGB1_SUB23ACT6F121.jpg,1,1,0.8283513188362122
203,23,6,31,D:\Skripsi\Experiment_TA\data\raw\RGB1\S23\AC6\RGB1_SUB23ACT6F31.jpg,1,1,0.9672620296478271
204,23,6,61,D:\Skripsi\Experiment_TA\data\raw\RGB1\S23\AC6\RGB1_SUB23ACT6F61.jpg,1,1,0.9925703406333923
205,23,6,91,D:\Skripsi\Experiment_TA\data\raw\RGB1\S23\AC6\RGB1_SUB23ACT6F91.jpg,1,1,0.9764969944953918
206,23,7,1,D:\Skripsi\Experiment_TA\data\raw\RGB1\S23\AC7\RGB1_SUB23ACT7F1.jpg,1,1,0.9490323662757874
207,23,7,121,D:\Skripsi\Experiment_TA\data\raw\RGB1\S23\AC7\RGB1_SUB23ACT7F121.jpg,1,1,0.9131888747215271
208,23,7,31,D:\Skripsi\Experiment_TA\data\raw\RGB1\S23\AC7\RGB1_SUB23ACT7F31.jpg,1,1,0.9976922273635864
209,23,7,61,D:\Skripsi\Experiment_TA\data\raw\RGB1\S23\AC7\RGB1_SUB23ACT7F61.jpg,1,1,0.9988934397697449
210,23,7,91,D:\Skripsi\Experiment_TA\data\raw\RGB1\S23\AC7\RGB1_SUB23ACT7F91.jpg,1,1,0.9954802989959717
211,23,8,1,D:\Skripsi\Experiment_TA\data\raw\RGB1\S23\AC8\RGB1_SUB23ACT8F1.jpg,1,1,0.9898436069488525
212,23,8,121,D:\Skripsi\Experiment_TA\data\raw\RGB1\S23\AC8\RGB1_SUB23ACT8F121.jpg,1,1,0.7830396294593811
213,23,8,31,D:\Skripsi\Experiment_TA\data\raw\RGB1\S23\AC8\RGB1_SUB23ACT8F31.jpg,1,1,0.9548132419586182
214,23,8,61,D:\Skripsi\Experiment_TA\data\raw\RGB1\S23\AC8\RGB1_SUB23ACT8F61.jpg,1,1,0.9652471542358398
215,23,8,91,D:\Skripsi\Experiment_TA\data\raw\RGB1\S23\AC8\RGB1_SUB23ACT8F91.jpg,1,1,0.9848971962928772
216,23,9,1,D:\Skripsi\Experiment_TA\data\raw\RGB1\S23\AC9\RGB1_SUB23ACT9F1.jpg,1,1,0.9469799399375916
217,23,9,121,D:\Skripsi\Experiment_TA\data\raw\RGB1\S23\AC9\RGB1_SUB23ACT9F121.jpg,1,1,0.9566314220428467
218,23,9,31,D:\Skripsi\Experiment_TA\data\raw\RGB1\S23\AC9\RGB1_SUB23ACT9F31.jpg,1,1,0.9350097179412842
219,23,9,61,D:\Skripsi\Experiment_TA\data\raw\RGB1\S23\AC9\RGB1_SUB23ACT9F61.jpg,1,1,0.8901622891426086
220,23,9,91,D:\Skripsi\Experiment_TA\data\raw\RGB1\S23\AC9\RGB1_SUB23ACT9F91.jpg,1,1,0.9430480003356934
221,24,1,1,D:\Skripsi\Experiment_TA\data\raw\RGB1\S24\AC1\RGB1_SUB24ACT1F1.jpg,0,0,0.15107713639736176
222,24,1,31,D:\Skripsi\Experiment_TA\data\raw\RGB1\S24\AC1\RGB1_SUB24ACT1F31.jpg,0,0,0.23977306485176086
223,24,1,61,D:\Skripsi\Experiment_TA\data\raw\RGB1\S24\AC1\RGB1_SUB24ACT1F61.jpg,0,0,0.19887061417102814
224,24,1,91,D:\Skripsi\Experiment_TA\data\raw\RGB1\S24\AC1\RGB1_SUB24ACT1F91.jpg,0,0,0.17261351644992828
225,24,5,1,D:\Skripsi\Experiment_TA\data\raw\RGB1\S24\AC5\RGB1_SUB24ACT5F1.jpg,1,1,0.8593066334724426
226,24,5,31,D:\Skripsi\Experiment_TA\data\raw\RGB1\S24\AC5\RGB1_SUB24ACT5F31.jpg,1,1,0.6768282651901245
227,24,5,61,D:\Skripsi\Experiment_TA\data\raw\RGB1\S24\AC5\RGB1_SUB24ACT5F61.jpg,1,1,0.6150948405265808
228,24,5,91,D:\Skripsi\Experiment_TA\data\raw\RGB1\S24\AC5\RGB1_SUB24ACT5F91.jpg,1,1,0.8465757966041565
229,24,6,1,D:\Skripsi\Experiment_TA\data\raw\RGB1\S24\AC6\RGB1_SUB24ACT6F1.jpg,1,1,0.9768080711364746
230,24,6,31,D:\Skripsi\Experiment_TA\data\raw\RGB1\S24\AC6\RGB1_SUB24ACT6F31.jpg,1,1,0.9645668268203735
231,24,6,61,D:\Skripsi\Experiment_TA\data\raw\RGB1\S24\AC6\RGB1_SUB24ACT6F61.jpg,1,1,0.956696629524231
232,24,6,91,D:\Skripsi\Experiment_TA\data\raw\RGB1\S24\AC6\RGB1_SUB24ACT6F91.jpg,1,1,0.9218980073928833
233,24,7,1,D:\Skripsi\Experiment_TA\data\raw\RGB1\S24\AC7\RGB1_SUB24ACT7F1.jpg,1,1,0.9716126322746277
234,24,7,121,D:\Skripsi\Experiment_TA\data\raw\RGB1\S24\AC7\RGB1_SUB24ACT7F121.jpg,1,1,0.98233562707901
235,24,7,151,D:\Skripsi\Experiment_TA\data\raw\RGB1\S24\AC7\RGB1_SUB24ACT7F151.jpg,1,1,0.9866709113121033
236,24,7,31,D:\Skripsi\Experiment_TA\data\raw\RGB1\S24\AC7\RGB1_SUB24ACT7F31.jpg,1,1,0.9936273097991943
237,24,7,61,D:\Skripsi\Experiment_TA\data\raw\RGB1\S24\AC7\RGB1_SUB24ACT7F61.jpg,1,1,0.99616539478302
238,24,7,91,D:\Skripsi\Experiment_TA\data\raw\RGB1\S24\AC7\RGB1_SUB24ACT7F91.jpg,1,1,0.9908440709114075
239,24,8,1,D:\Skripsi\Experiment_TA\data\raw\RGB1\S24\AC8\RGB1_SUB24ACT8F1.jpg,1,1,0.7404977083206177
240,24,8,121,D:\Skripsi\Experiment_TA\data\raw\RGB1\S24\AC8\RGB1_SUB24ACT8F121.jpg,1,1,0.9056395888328552
241,24,8,151,D:\Skripsi\Experiment_TA\data\raw\RGB1\S24\AC8\RGB1_SUB24ACT8F151.jpg,1,1,0.9800890684127808
242,24,8,31,D:\Skripsi\Experiment_TA\data\raw\RGB1\S24\AC8\RGB1_SUB24ACT8F31.jpg,1,0,0.4362083077430725
243,24,8,61,D:\Skripsi\Experiment_TA\data\raw\RGB1\S24\AC8\RGB1_SUB24ACT8F61.jpg,1,1,0.913293182849884
244,24,8,91,D:\Skripsi\Experiment_TA\data\raw\RGB1\S24\AC8\RGB1_SUB24ACT8F91.jpg,1,1,0.7992205619812012
245,24,9,1,D:\Skripsi\Experiment_TA\data\raw\RGB1\S24\AC9\RGB1_SUB24ACT9F1.jpg,1,1,0.8523890376091003
246,24,9,121,D:\Skripsi\Experiment_TA\data\raw\RGB1\S24\AC9\RGB1_SUB24ACT9F121.jpg,1,1,0.5192875862121582
247,24,9,31,D:\Skripsi\Experiment_TA\data\raw\RGB1\S24\AC9\RGB1_SUB24ACT9F31.jpg,1,1,0.5977579951286316
248,24,9,61,D:\Skripsi\Experiment_TA\data\raw\RGB1\S24\AC9\RGB1_SUB24ACT9F61.jpg,1,1,0.8206598162651062
249,24,9,91,D:\Skripsi\Experiment_TA\data\raw\RGB1\S24\AC9\RGB1_SUB24ACT9F91.jpg,1,1,0.7282976508140564
250,25,1,1,D:\Skripsi\Experiment_TA\data\raw\RGB1\S25\AC1\RGB1_SUB25ACT1F1.jpg,0,0,0.1362031102180481
251,25,1,121,D:\Skripsi\Experiment_TA\data\raw\RGB1\S25\AC1\RGB1_SUB25ACT1F121.jpg,0,1,0.651058554649353
252,25,1,31,D:\Skripsi\Experiment_TA\data\raw\RGB1\S25\AC1\RGB1_SUB25ACT1F31.jpg,0,0,0.17945820093154907
253,25,1,61,D:\Skripsi\Experiment_TA\data\raw\RGB1\S25\AC1\RGB1_SUB25ACT1F61.jpg,0,0,0.4617753028869629
254,25,1,91,D:\Skripsi\Experiment_TA\data\raw\RGB1\S25\AC1\RGB1_SUB25ACT1F91.jpg,0,0,0.4215591251850128
255,25,5,1,D:\Skripsi\Experiment_TA\data\raw\RGB1\S25\AC5\RGB1_SUB25ACT5F1.jpg,1,1,0.9698348641395569
256,25,5,121,D:\Skripsi\Experiment_TA\data\raw\RGB1\S25\AC5\RGB1_SUB25ACT5F121.jpg,1,1,0.9593395590782166
257,25,5,31,D:\Skripsi\Experiment_TA\data\raw\RGB1\S25\AC5\RGB1_SUB25ACT5F31.jpg,1,1,0.8852066993713379
258,25,5,61,D:\Skripsi\Experiment_TA\data\raw\RGB1\S25\AC5\RGB1_SUB25ACT5F61.jpg,1,1,0.947281539440155
259,25,5,91,D:\Skripsi\Experiment_TA\data\raw\RGB1\S25\AC5\RGB1_SUB25ACT5F91.jpg,1,1,0.8125491738319397
260,25,6,1,D:\Skripsi\Experiment_TA\data\raw\RGB1\S25\AC6\RGB1_SUB25ACT6F1.jpg,1,1,0.9065369367599487
261,25,6,31,D:\Skripsi\Experiment_TA\data\raw\RGB1\S25\AC6\RGB1_SUB25ACT6F31.jpg,1,1,0.7627313137054443
262,25,6,61,D:\Skripsi\Experiment_TA\data\raw\RGB1\S25\AC6\RGB1_SUB25ACT6F61.jpg,1,1,0.8093036413192749
263,25,6,91,D:\Skripsi\Experiment_TA\data\raw\RGB1\S25\AC6\RGB1_SUB25ACT6F91.jpg,1,1,0.8434546589851379
264,25,7,1,D:\Skripsi\Experiment_TA\data\raw\RGB1\S25\AC7\RGB1_SUB25ACT7F1.jpg,1,1,0.7795895338058472
265,25,7,31,D:\Skripsi\Experiment_TA\data\raw\RGB1\S25\AC7\RGB1_SUB25ACT7F31.jpg,1,1,0.9262028336524963
266,25,7,61,D:\Skripsi\Experiment_TA\data\raw\RGB1\S25\AC7\RGB1_SUB25ACT7F61.jpg,1,1,0.6804620027542114
267,25,8,1,D:\Skripsi\Experiment_TA\data\raw\RGB1\S25\AC8\RGB1_SUB25ACT8F1.jpg,1,1,0.8452320098876953
268,25,8,31,D:\Skripsi\Experiment_TA\data\raw\RGB1\S25\AC8\RGB1_SUB25ACT8F31.jpg,1,1,0.8791183829307556
269,25,8,61,D:\Skripsi\Experiment_TA\data\raw\RGB1\S25\AC8\RGB1_SUB25ACT8F61.jpg,1,1,0.9297037124633789
270,25,8,91,D:\Skripsi\Experiment_TA\data\raw\RGB1\S25\AC8\RGB1_SUB25ACT8F91.jpg,1,1,0.9470019936561584
271,25,9,1,D:\Skripsi\Experiment_TA\data\raw\RGB1\S25\AC9\RGB1_SUB25ACT9F1.jpg,1,1,0.9095682501792908
272,25,9,31,D:\Skripsi\Experiment_TA\data\raw\RGB1\S25\AC9\RGB1_SUB25ACT9F31.jpg,1,1,0.7104259133338928
273,25,9,61,D:\Skripsi\Experiment_TA\data\raw\RGB1\S25\AC9\RGB1_SUB25ACT9F61.jpg,1,1,0.5615668296813965
274,26,1,1,D:\Skripsi\Experiment_TA\data\raw\RGB1\S26\AC1\RGB1_SUB26ACT1F1.jpg,0,0,0.11819185316562653
275,26,1,31,D:\Skripsi\Experiment_TA\data\raw\RGB1\S26\AC1\RGB1_SUB26ACT1F31.jpg,0,0,0.1585760861635208
276,26,1,61,D:\Skripsi\Experiment_TA\data\raw\RGB1\S26\AC1\RGB1_SUB26ACT1F61.jpg,0,0,0.198957622051239
277,26,1,91,D:\Skripsi\Experiment_TA\data\raw\RGB1\S26\AC1\RGB1_SUB26ACT1F91.jpg,0,0,0.16608886420726776
278,26,5,1,D:\Skripsi\Experiment_TA\data\raw\RGB1\S26\AC5\RGB1_SUB26ACT5F1.jpg,1,1,0.8695429563522339
279,26,5,31,D:\Skripsi\Experiment_TA\data\raw\RGB1\S26\AC5\RGB1_SUB26ACT5F31.jpg,1,1,0.9203382730484009
280,26,5,61,D:\Skripsi\Experiment_TA\data\raw\RGB1\S26\AC5\RGB1_SUB26ACT5F61.jpg,1,1,0.7192467451095581
281,26,6,1,D:\Skripsi\Experiment_TA\data\raw\RGB1\S26\AC6\RGB1_SUB26ACT6F1.jpg,1,1,0.8776236772537231
282,26,6,31,D:\Skripsi\Experiment_TA\data\raw\RGB1\S26\AC6\RGB1_SUB26ACT6F31.jpg,1,1,0.8904691934585571
283,26,6,61,D:\Skripsi\Experiment_TA\data\raw\RGB1\S26\AC6\RGB1_SUB26ACT6F61.jpg,1,1,0.958625853061676
284,26,6,91,D:\Skripsi\Experiment_TA\data\raw\RGB1\S26\AC6\RGB1_SUB26ACT6F91.jpg,1,1,0.8414003252983093
285,26,7,1,D:\Skripsi\Experiment_TA\data\raw\RGB1\S26\AC7\RGB1_SUB26ACT7F1.jpg,1,1,0.9073240160942078
286,26,7,121,D:\Skripsi\Experiment_TA\data\raw\RGB1\S26\AC7\RGB1_SUB26ACT7F121.jpg,1,1,0.880652129650116
287,26,7,151,D:\Skripsi\Experiment_TA\data\raw\RGB1\S26\AC7\RGB1_SUB26ACT7F151.jpg,1,1,0.9836493730545044
288,26,7,31,D:\Skripsi\Experiment_TA\data\raw\RGB1\S26\AC7\RGB1_SUB26ACT7F31.jpg,1,1,0.9581395983695984
289,26,7,61,D:\Skripsi\Experiment_TA\data\raw\RGB1\S26\AC7\RGB1_SUB26ACT7F61.jpg,1,1,0.9453411102294922
290,26,7,91,D:\Skripsi\Experiment_TA\data\raw\RGB1\S26\AC7\RGB1_SUB26ACT7F91.jpg,1,1,0.9668759703636169
291,26,8,1,D:\Skripsi\Experiment_TA\data\raw\RGB1\S26\AC8\RGB1_SUB26ACT8F1.jpg,1,1,0.6567898988723755
292,26,8,31,D:\Skripsi\Experiment_TA\data\raw\RGB1\S26\AC8\RGB1_SUB26ACT8F31.jpg,1,1,0.8703384399414062
293,26,8,61,D:\Skripsi\Experiment_TA\data\raw\RGB1\S26\AC8\RGB1_SUB26ACT8F61.jpg,1,1,0.8062505722045898
294,26,8,91,D:\Skripsi\Experiment_TA\data\raw\RGB1\S26\AC8\RGB1_SUB26ACT8F91.jpg,1,1,0.729171097278595
295,26,9,1,D:\Skripsi\Experiment_TA\data\raw\RGB1\S26\AC9\RGB1_SUB26ACT9F1.jpg,1,1,0.9244309067726135
296,26,9,121,D:\Skripsi\Experiment_TA\data\raw\RGB1\S26\AC9\RGB1_SUB26ACT9F121.jpg,1,1,0.9468212127685547
297,26,9,31,D:\Skripsi\Experiment_TA\data\raw\RGB1\S26\AC9\RGB1_SUB26ACT9F31.jpg,1,0,0.3792567551136017
298,26,9,61,D:\Skripsi\Experiment_TA\data\raw\RGB1\S26\AC9\RGB1_SUB26ACT9F61.jpg,1,1,0.8960354924201965
299,26,9,91,D:\Skripsi\Experiment_TA\data\raw\RGB1\S26\AC9\RGB1_SUB26ACT9F91.jpg,1,1,0.8974329233169556
300,28,1,1,D:\Skripsi\Experiment_TA\data\raw\RGB1\S28\AC1\RGB1_SUB28ACT1F1.jpg,0,0,0.23378144204616547
301,28,1,121,D:\Skripsi\Experiment_TA\data\raw\RGB1\S28\AC1\RGB1_SUB28ACT1F121.jpg,0,0,0.26662591099739075
302,28,1,31,D:\Skripsi\Experiment_TA\data\raw\RGB1\S28\AC1\RGB1_SUB28ACT1F31.jpg,0,0,0.2806068956851959
303,28,1,61,D:\Skripsi\Experiment_TA\data\raw\RGB1\S28\AC1\RGB1_SUB28ACT1F61.jpg,0,0,0.23140941560268402
304,28,1,91,D:\Skripsi\Experiment_TA\data\raw\RGB1\S28\AC1\RGB1_SUB28ACT1F91.jpg,0,0,0.2692824602127075
305,28,5,1,D:\Skripsi\Experiment_TA\data\raw\RGB1\S28\AC5\RGB1_SUB28ACT5F1.jpg,1,1,0.647627592086792
306,28,5,121,D:\Skripsi\Experiment_TA\data\raw\RGB1\S28\AC5\RGB1_SUB28ACT5F121.jpg,1,0,0.3489077091217041
307,28,5,151,D:\Skripsi\Experiment_TA\data\raw\RGB1\S28\AC5\RGB1_SUB28ACT5F151.jpg,1,1,0.5641500949859619
308,28,5,31,D:\Skripsi\Experiment_TA\data\raw\RGB1\S28\AC5\RGB1_SUB28ACT5F31.jpg,1,1,0.6056654453277588
309,28,5,61,D:\Skripsi\Experiment_TA\data\raw\RGB1\S28\AC5\RGB1_SUB28ACT5F61.jpg,1,0,0.4400956630706787
310,28,5,91,D:\Skripsi\Experiment_TA\data\raw\RGB1\S28\AC5\RGB1_SUB28ACT5F91.jpg,1,1,0.5961495637893677
311,28,6,1,D:\Skripsi\Experiment_TA\data\raw\RGB1\S28\AC6\RGB1_SUB28ACT6F1.jpg,1,1,0.7578479647636414
312,28,6,31,D:\Skripsi\Experiment_TA\data\raw\RGB1\S28\AC6\RGB1_SUB28ACT6F31.jpg,1,1,0.6580731868743896
313,28,6,61,D:\Skripsi\Experiment_TA\data\raw\RGB1\S28\AC6\RGB1_SUB28ACT6F61.jpg,1,0,0.4902805685997009
314,28,6,91,D:\Skripsi\Experiment_TA\data\raw\RGB1\S28\AC6\RGB1_SUB28ACT6F91.jpg,1,1,0.5530642867088318
315,28,7,1,D:\Skripsi\Experiment_TA\data\raw\RGB1\S28\AC7\RGB1_SUB28ACT7F1.jpg,1,1,0.9024325013160706
316,28,7,121,D:\Skripsi\Experiment_TA\data\raw\RGB1\S28\AC7\RGB1_SUB28ACT7F121.jpg,1,1,0.901046633720398
317,28,7,151,D:\Skripsi\Experiment_TA\data\raw\RGB1\S28\AC7\RGB1_SUB28ACT7F151.jpg,1,1,0.9216259717941284
318,28,7,31,D:\Skripsi\Experiment_TA\data\raw\RGB1\S28\AC7\RGB1_SUB28ACT7F31.jpg,1,1,0.9068787693977356
319,28,7,61,D:\Skripsi\Experiment_TA\data\raw\RGB1\S28\AC7\RGB1_SUB28ACT7F61.jpg,1,1,0.9671921133995056
320,28,7,91,D:\Skripsi\Experiment_TA\data\raw\RGB1\S28\AC7\RGB1_SUB28ACT7F91.jpg,1,1,0.8625119924545288
321,28,8,1,D:\Skripsi\Experiment_TA\data\raw\RGB1\S28\AC8\RGB1_SUB28ACT8F1.jpg,1,1,0.781454861164093
322,28,8,31,D:\Skripsi\Experiment_TA\data\raw\RGB1\S28\AC8\RGB1_SUB28ACT8F31.jpg,1,1,0.6325423121452332
323,28,8,61,D:\Skripsi\Experiment_TA\data\raw\RGB1\S28\AC8\RGB1_SUB28ACT8F61.jpg,1,1,0.7902852892875671
324,28,8,91,D:\Skripsi\Experiment_TA\data\raw\RGB1\S28\AC8\RGB1_SUB28ACT8F91.jpg,1,1,0.9301759004592896
325,28,9,1,D:\Skripsi\Experiment_TA\data\raw\RGB1\S28\AC9\RGB1_SUB28ACT9F1.jpg,1,1,0.5958683490753174
326,28,9,121,D:\Skripsi\Experiment_TA\data\raw\RGB1\S28\AC9\RGB1_SUB28ACT9F121.jpg,1,1,0.7982179522514343
327,28,9,151,D:\Skripsi\Experiment_TA\data\raw\RGB1\S28\AC9\RGB1_SUB28ACT9F151.jpg,1,1,0.7653430104255676
328,28,9,31,D:\Skripsi\Experiment_TA\data\raw\RGB1\S28\AC9\RGB1_SUB28ACT9F31.jpg,1,1,0.5012038350105286
329,28,9,61,D:\Skripsi\Experiment_TA\data\raw\RGB1\S28\AC9\RGB1_SUB28ACT9F61.jpg,1,1,0.894223153591156
330,28,9,91,D:\Skripsi\Experiment_TA\data\raw\RGB1\S28\AC9\RGB1_SUB28ACT9F91.jpg,1,1,0.6783008575439453
331,29,1,1,D:\Skripsi\Experiment_TA\data\raw\RGB1\S29\AC1\RGB1_SUB29ACT1F1.jpg,0,0,0.49951907992362976
332,29,1,121,D:\Skripsi\Experiment_TA\data\raw\RGB1\S29\AC1\RGB1_SUB29ACT1F121.jpg,0,0,0.4294183850288391
333,29,1,31,D:\Skripsi\Experiment_TA\data\raw\RGB1\S29\AC1\RGB1_SUB29ACT1F31.jpg,0,0,0.2572571933269501
334,29,1,61,D:\Skripsi\Experiment_TA\data\raw\RGB1\S29\AC1\RGB1_SUB29ACT1F61.jpg,0,0,0.38347774744033813
335,29,1,91,D:\Skripsi\Experiment_TA\data\raw\RGB1\S29\AC1\RGB1_SUB29ACT1F91.jpg,0,1,0.5969073176383972
336,29,5,1,D:\Skripsi\Experiment_TA\data\raw\RGB1\S29\AC5\RGB1_SUB29ACT5F1.jpg,1,1,0.8443008065223694
337,29,5,121,D:\Skripsi\Experiment_TA\data\raw\RGB1\S29\AC5\RGB1_SUB29ACT5F121.jpg,1,1,0.8693804144859314
338,29,5,31,D:\Skripsi\Experiment_TA\data\raw\RGB1\S29\AC5\RGB1_SUB29ACT5F31.jpg,1,1,0.9586301445960999
339,29,5,61,D:\Skripsi\Experiment_TA\data\raw\RGB1\S29\AC5\RGB1_SUB29ACT5F61.jpg,1,1,0.9654843807220459
340,29,5,91,D:\Skripsi\Experiment_TA\data\raw\RGB1\S29\AC5\RGB1_SUB29ACT5F91.jpg,1,1,0.7355099320411682
341,29,6,1,D:\Skripsi\Experiment_TA\data\raw\RGB1\S29\AC6\RGB1_SUB29ACT6F1.jpg,1,1,0.95208340883255
342,29,6,31,D:\Skripsi\Experiment_TA\data\raw\RGB1\S29\AC6\RGB1_SUB29ACT6F31.jpg,1,1,0.8945802450180054
343,29,6,61,D:\Skripsi\Experiment_TA\data\raw\RGB1\S29\AC6\RGB1_SUB29ACT6F61.jpg,1,1,0.9818260669708252
344,29,6,91,D:\Skripsi\Experiment_TA\data\raw\RGB1\S29\AC6\RGB1_SUB29ACT6F91.jpg,1,1,0.8487823605537415
345,29,7,1,D:\Skripsi\Experiment_TA\data\raw\RGB1\S29\AC7\RGB1_SUB29ACT7F1.jpg,1,1,0.9698812961578369
346,29,7,121,D:\Skripsi\Experiment_TA\data\raw\RGB1\S29\AC7\RGB1_SUB29ACT7F121.jpg,1,1,0.9768046736717224
347,29,7,31,D:\Skripsi\Experiment_TA\data\raw\RGB1\S29\AC7\RGB1_SUB29ACT7F31.jpg,1,1,0.975888729095459
348,29,7,61,D:\Skripsi\Experiment_TA\data\raw\RGB1\S29\AC7\RGB1_SUB29ACT7F61.jpg,1,1,0.9732812643051147
349,29,7,91,D:\Skripsi\Experiment_TA\data\raw\RGB1\S29\AC7\RGB1_SUB29ACT7F91.jpg,1,1,0.9903687834739685
350,29,8,1,D:\Skripsi\Experiment_TA\data\raw\RGB1\S29\AC8\RGB1_SUB29ACT8F1.jpg,1,1,0.9536552429199219
351,29,8,121,D:\Skripsi\Experiment_TA\data\raw\RGB1\S29\AC8\RGB1_SUB29ACT8F121.jpg,1,1,0.963156521320343
352,29,8,151,D:\Skripsi\Experiment_TA\data\raw\RGB1\S29\AC8\RGB1_SUB29ACT8F151.jpg,1,1,0.9856169819831848
353,29,8,31,D:\Skripsi\Experiment_TA\data\raw\RGB1\S29\AC8\RGB1_SUB29ACT8F31.jpg,1,1,0.8530818223953247
354,29,8,61,D:\Skripsi\Experiment_TA\data\raw\RGB1\S29\AC8\RGB1_SUB29ACT8F61.jpg,1,1,0.7319014668464661
355,29,8,91,D:\Skripsi\Experiment_TA\data\raw\RGB1\S29\AC8\RGB1_SUB29ACT8F91.jpg,1,1,0.954021692276001
356,29,9,1,D:\Skripsi\Experiment_TA\data\raw\RGB1\S29\AC9\RGB1_SUB29ACT9F1.jpg,1,1,0.9607018232345581
357,29,9,121,D:\Skripsi\Experiment_TA\data\raw\RGB1\S29\AC9\RGB1_SUB29ACT9F121.jpg,1,1,0.985585629940033
358,29,9,151,D:\Skripsi\Experiment_TA\data\raw\RGB1\S29\AC9\RGB1_SUB29ACT9F151.jpg,1,1,0.7913666367530823
359,29,9,31,D:\Skripsi\Experiment_TA\data\raw\RGB1\S29\AC9\RGB1_SUB29ACT9F31.jpg,1,1,0.8172374367713928
360,29,9,61,D:\Skripsi\Experiment_TA\data\raw\RGB1\S29\AC9\RGB1_SUB29ACT9F61.jpg,1,1,0.7880290746688843
361,29,9,91,D:\Skripsi\Experiment_TA\data\raw\RGB1\S29\AC9\RGB1_SUB29ACT9F91.jpg,1,1,0.9408419728279114
362,30,1,1,D:\Skripsi\Experiment_TA\data\raw\RGB1\S30\AC1\RGB1_SUB30ACT1F1.jpg,0,0,0.22079870104789734
363,30,1,31,D:\Skripsi\Experiment_TA\data\raw\RGB1\S30\AC1\RGB1_SUB30ACT1F31.jpg,0,0,0.36626726388931274
364,30,1,61,D:\Skripsi\Experiment_TA\data\raw\RGB1\S30\AC1\RGB1_SUB30ACT1F61.jpg,0,0,0.3366163372993469
365,30,1,91,D:\Skripsi\Experiment_TA\data\raw\RGB1\S30\AC1\RGB1_SUB30ACT1F91.jpg,0,1,0.5971834063529968
366,30,5,1,D:\Skripsi\Experiment_TA\data\raw\RGB1\S30\AC5\RGB1_SUB30ACT5F1.jpg,1,1,0.5748312473297119
367,30,5,31,D:\Skripsi\Experiment_TA\data\raw\RGB1\S30\AC5\RGB1_SUB30ACT5F31.jpg,1,0,0.48408347368240356
368,30,5,61,D:\Skripsi\Experiment_TA\data\raw\RGB1\S30\AC5\RGB1_SUB30ACT5F61.jpg,1,1,0.6350273489952087
369,30,5,91,D:\Skripsi\Experiment_TA\data\raw\RGB1\S30\AC5\RGB1_SUB30ACT5F91.jpg,1,1,0.7059841752052307
370,30,6,1,D:\Skripsi\Experiment_TA\data\raw\RGB1\S30\AC6\RGB1_SUB30ACT6F1.jpg,1,1,0.540729284286499
371,30,6,121,D:\Skripsi\Experiment_TA\data\raw\RGB1\S30\AC6\RGB1_SUB30ACT6F121.jpg,1,0,0.44981706142425537
372,30,6,31,D:\Skripsi\Experiment_TA\data\raw\RGB1\S30\AC6\RGB1_SUB30ACT6F31.jpg,1,1,0.5653754472732544
373,30,6,61,D:\Skripsi\Experiment_TA\data\raw\RGB1\S30\AC6\RGB1_SUB30ACT6F61.jpg,1,0,0.40561434626579285
374,30,6,91,D:\Skripsi\Experiment_TA\data\raw\RGB1\S30\AC6\RGB1_SUB30ACT6F91.jpg,1,1,0.634996771812439
375,30,7,1,D:\Skripsi\Experiment_TA\data\raw\RGB1\S30\AC7\RGB1_SUB30ACT7F1.jpg,1,1,0.8424418568611145
376,30,7,121,D:\Skripsi\Experiment_TA\data\raw\RGB1\S30\AC7\RGB1_SUB30ACT7F121.jpg,1,1,0.9881134629249573
377,30,7,151,D:\Skripsi\Experiment_TA\data\raw\RGB1\S30\AC7\RGB1_SUB30ACT7F151.jpg,1,1,0.9915518760681152
378,30,7,31,D:\Skripsi\Experiment_TA\data\raw\RGB1\S30\AC7\RGB1_SUB30ACT7F31.jpg,1,1,0.9738956093788147
379,30,7,61,D:\Skripsi\Experiment_TA\data\raw\RGB1\S30\AC7\RGB1_SUB30ACT7F61.jpg,1,1,0.9893503785133362
380,30,7,91,D:\Skripsi\Experiment_TA\data\raw\RGB1\S30\AC7\RGB1_SUB30ACT7F91.jpg,1,1,0.9797670841217041
381,30,8,1,D:\Skripsi\Experiment_TA\data\raw\RGB1\S30\AC8\RGB1_SUB30ACT8F1.jpg,1,1,0.7397710084915161
382,30,8,121,D:\Skripsi\Experiment_TA\data\raw\RGB1\S30\AC8\RGB1_SUB30ACT8F121.jpg,1,1,0.9742478132247925
383,30,8,31,D:\Skripsi\Experiment_TA\data\raw\RGB1\S30\AC8\RGB1_SUB30ACT8F31.jpg,1,1,0.7862618565559387
384,30,8,61,D:\Skripsi\Experiment_TA\data\raw\RGB1\S30\AC8\RGB1_SUB30ACT8F61.jpg,1,1,0.8226879835128784
385,30,8,91,D:\Skripsi\Experiment_TA\data\raw\RGB1\S30\AC8\RGB1_SUB30ACT8F91.jpg,1,1,0.9061037302017212
386,30,9,1,D:\Skripsi\Experiment_TA\data\raw\RGB1\S30\AC9\RGB1_SUB30ACT9F1.jpg,1,1,0.6724119186401367
387,30,9,121,D:\Skripsi\Experiment_TA\data\raw\RGB1\S30\AC9\RGB1_SUB30ACT9F121.jpg,1,1,0.9641710519790649
388,30,9,31,D:\Skripsi\Experiment_TA\data\raw\RGB1\S30\AC9\RGB1_SUB30ACT9F31.jpg,1,1,0.9713044762611389
389,30,9,61,D:\Skripsi\Experiment_TA\data\raw\RGB1\S30\AC9\RGB1_SUB30ACT9F61.jpg,1,1,0.7850996851921082
390,30,9,91,D:\Skripsi\Experiment_TA\data\raw\RGB1\S30\AC9\RGB1_SUB30ACT9F91.jpg,1,1,0.6424410343170166
391,31,1,1,D:\Skripsi\Experiment_TA\data\raw\RGB1\S31\AC1\RGB1_SUB31ACT1F1.jpg,0,0,0.17557081580162048
392,31,1,31,D:\Skripsi\Experiment_TA\data\raw\RGB1\S31\AC1\RGB1_SUB31ACT1F31.jpg,0,0,0.3442872166633606
393,31,1,61,D:\Skripsi\Experiment_TA\data\raw\RGB1\S31\AC1\RGB1_SUB31ACT1F61.jpg,0,0,0.3183952569961548
394,31,1,91,D:\Skripsi\Experiment_TA\data\raw\RGB1\S31\AC1\RGB1_SUB31ACT1F91.jpg,0,0,0.30062615871429443
395,31,9,1,D:\Skripsi\Experiment_TA\data\raw\RGB1\S31\AC10\RGB1_SUB31ACT10F1.jpg,1,1,0.5121182203292847
396,31,9,121,D:\Skripsi\Experiment_TA\data\raw\RGB1\S31\AC10\RGB1_SUB31ACT10F121.jpg,1,0,0.3070867657661438
397,31,9,31,D:\Skripsi\Experiment_TA\data\raw\RGB1\S31\AC10\RGB1_SUB31ACT10F31.jpg,1,0,0.4862496852874756
398,31,9,61,D:\Skripsi\Experiment_TA\data\raw\RGB1\S31\AC10\RGB1_SUB31ACT10F61.jpg,1,1,0.5265836119651794
399,31,9,91,D:\Skripsi\Experiment_TA\data\raw\RGB1\S31\AC10\RGB1_SUB31ACT10F91.jpg,1,0,0.1439175009727478
400,31,5,1,D:\Skripsi\Experiment_TA\data\raw\RGB1\S31\AC5\RGB1_SUB31ACT5F1.jpg,1,1,0.8927229046821594
401,31,5,31,D:\Skripsi\Experiment_TA\data\raw\RGB1\S31\AC5\RGB1_SUB31ACT5F31.jpg,1,1,0.8944963216781616
402,31,5,61,D:\Skripsi\Experiment_TA\data\raw\RGB1\S31\AC5\RGB1_SUB31ACT5F61.jpg,1,1,0.8829257488250732
403,31,5,91,D:\Skripsi\Experiment_TA\data\raw\RGB1\S31\AC5\RGB1_SUB31ACT5F91.jpg,1,1,0.9874691963195801
404,31,6,1,D:\Skripsi\Experiment_TA\data\raw\RGB1\S31\AC6\RGB1_SUB31ACT6F1.jpg,1,0,0.4335828423500061
405,31,6,31,D:\Skripsi\Experiment_TA\data\raw\RGB1\S31\AC6\RGB1_SUB31ACT6F31.jpg,1,1,0.5228464603424072
406,31,6,61,D:\Skripsi\Experiment_TA\data\raw\RGB1\S31\AC6\RGB1_SUB31ACT6F61.jpg,1,1,0.9200540781021118
407,31,7,1,D:\Skripsi\Experiment_TA\data\raw\RGB1\S31\AC7\RGB1_SUB31ACT7F1.jpg,1,0,0.4115194082260132
408,31,7,31,D:\Skripsi\Experiment_TA\data\raw\RGB1\S31\AC7\RGB1_SUB31ACT7F31.jpg,1,1,0.9867211580276489
409,31,7,61,D:\Skripsi\Experiment_TA\data\raw\RGB1\S31\AC7\RGB1_SUB31ACT7F61.jpg,1,1,0.7791664004325867
410,31,7,91,D:\Skripsi\Experiment_TA\data\raw\RGB1\S31\AC7\RGB1_SUB31ACT7F91.jpg,1,1,0.9512786269187927
411,31,8,1,D:\Skripsi\Experiment_TA\data\raw\RGB1\S31\AC8\RGB1_SUB31ACT8F1.jpg,1,1,0.975573718547821
412,31,8,121,D:\Skripsi\Experiment_TA\data\raw\RGB1\S31\AC8\RGB1_SUB31ACT8F121.jpg,1,1,0.9392895698547363
413,31,8,31,D:\Skripsi\Experiment_TA\data\raw\RGB1\S31\AC8\RGB1_SUB31ACT8F31.jpg,1,1,0.8639383316040039
414,31,8,61,D:\Skripsi\Experiment_TA\data\raw\RGB1\S31\AC8\RGB1_SUB31ACT8F61.jpg,1,1,0.8663646578788757
415,31,8,91,D:\Skripsi\Experiment_TA\data\raw\RGB1\S31\AC8\RGB1_SUB31ACT8F91.jpg,1,1,0.811912477016449
416,32,1,1,D:\Skripsi\Experiment_TA\data\raw\RGB1\S32\AC1\RGB1_SUB32ACT1F1.jpg,0,0,0.47217822074890137
417,32,1,31,D:\Skripsi\Experiment_TA\data\raw\RGB1\S32\AC1\RGB1_SUB32ACT1F31.jpg,0,0,0.4577978551387787
418,32,1,61,D:\Skripsi\Experiment_TA\data\raw\RGB1\S32\AC1\RGB1_SUB32ACT1F61.jpg,0,0,0.3978193700313568
419,32,1,91,D:\Skripsi\Experiment_TA\data\raw\RGB1\S32\AC1\RGB1_SUB32ACT1F91.jpg,0,0,0.4532126188278198
420,32,5,1,D:\Skripsi\Experiment_TA\data\raw\RGB1\S32\AC5\RGB1_SUB32ACT5F1.jpg,1,1,0.735430121421814
421,32,5,31,D:\Skripsi\Experiment_TA\data\raw\RGB1\S32\AC5\RGB1_SUB32ACT5F31.jpg,1,1,0.6927604079246521
422,32,5,61,D:\Skripsi\Experiment_TA\data\raw\RGB1\S32\AC5\RGB1_SUB32ACT5F61.jpg,1,1,0.6806843280792236
423,32,5,91,D:\Skripsi\Experiment_TA\data\raw\RGB1\S32\AC5\RGB1_SUB32ACT5F91.jpg,1,1,0.6789191961288452
424,32,6,1,D:\Skripsi\Experiment_TA\data\raw\RGB1\S32\AC6\RGB1_SUB32ACT6F1.jpg,1,1,0.5405867695808411
425,32,6,31,D:\Skripsi\Experiment_TA\data\raw\RGB1\S32\AC6\RGB1_SUB32ACT6F31.jpg,1,1,0.6664864420890808
426,32,6,61,D:\Skripsi\Experiment_TA\data\raw\RGB1\S32\AC6\RGB1_SUB32ACT6F61.jpg,1,1,0.5350412726402283
427,32,6,91,D:\Skripsi\Experiment_TA\data\raw\RGB1\S32\AC6\RGB1_SUB32ACT6F91.jpg,1,1,0.714827835559845
428,32,7,1,D:\Skripsi\Experiment_TA\data\raw\RGB1\S32\AC7\RGB1_SUB32ACT7F1.jpg,1,1,0.8195295929908752
429,32,7,31,D:\Skripsi\Experiment_TA\data\raw\RGB1\S32\AC7\RGB1_SUB32ACT7F31.jpg,1,1,0.8663533329963684
430,32,7,61,D:\Skripsi\Experiment_TA\data\raw\RGB1\S32\AC7\RGB1_SUB32ACT7F61.jpg,1,1,0.9616413116455078
431,32,7,91,D:\Skripsi\Experiment_TA\data\raw\RGB1\S32\AC7\RGB1_SUB32ACT7F91.jpg,1,1,0.8088533282279968
432,32,8,1,D:\Skripsi\Experiment_TA\data\raw\RGB1\S32\AC8\RGB1_SUB32ACT8F1.jpg,1,1,0.7253367304801941
433,32,8,31,D:\Skripsi\Experiment_TA\data\raw\RGB1\S32\AC8\RGB1_SUB32ACT8F31.jpg,1,1,0.7946233749389648
434,32,8,61,D:\Skripsi\Experiment_TA\data\raw\RGB1\S32\AC8\RGB1_SUB32ACT8F61.jpg,1,1,0.7605495452880859
435,32,9,1,D:\Skripsi\Experiment_TA\data\raw\RGB1\S32\AC9\RGB1_SUB32ACT9F1.jpg,1,1,0.9550325870513916
436,32,9,31,D:\Skripsi\Experiment_TA\data\raw\RGB1\S32\AC9\RGB1_SUB32ACT9F31.jpg,1,1,0.9490545988082886
437,32,9,61,D:\Skripsi\Experiment_TA\data\raw\RGB1\S32\AC9\RGB1_SUB32ACT9F61.jpg,1,1,0.9618828296661377
438,33,1,1,D:\Skripsi\Experiment_TA\data\raw\RGB1\S33\AC1\RGB1_SUB33ACT1F1.jpg,0,0,0.21508097648620605
439,33,1,31,D:\Skripsi\Experiment_TA\data\raw\RGB1\S33\AC1\RGB1_SUB33ACT1F31.jpg,0,0,0.27980291843414307
440,33,1,61,D:\Skripsi\Experiment_TA\data\raw\RGB1\S33\AC1\RGB1_SUB33ACT1F61.jpg,0,0,0.2762490510940552
441,33,5,1,D:\Skripsi\Experiment_TA\data\raw\RGB1\S33\AC5\RGB1_SUB33ACT5F1.jpg,1,1,0.9239927530288696
442,33,5,31,D:\Skripsi\Experiment_TA\data\raw\RGB1\S33\AC5\RGB1_SUB33ACT5F31.jpg,1,1,0.9197158813476562
443,33,5,61,D:\Skripsi\Experiment_TA\data\raw\RGB1\S33\AC5\RGB1_SUB33ACT5F61.jpg,1,1,0.9570898413658142
444,33,6,1,D:\Skripsi\Experiment_TA\data\raw\RGB1\S33\AC6\RGB1_SUB33ACT6F1.jpg,1,1,0.9060242176055908
445,33,6,31,D:\Skripsi\Experiment_TA\data\raw\RGB1\S33\AC6\RGB1_SUB33ACT6F31.jpg,1,1,0.8790274262428284
446,33,6,61,D:\Skripsi\Experiment_TA\data\raw\RGB1\S33\AC6\RGB1_SUB33ACT6F61.jpg,1,1,0.870675265789032
447,33,7,1,D:\Skripsi\Experiment_TA\data\raw\RGB1\S33\AC7\RGB1_SUB33ACT7F1.jpg,1,1,0.9567491412162781
448,33,7,31,D:\Skripsi\Experiment_TA\data\raw\RGB1\S33\AC7\RGB1_SUB33ACT7F31.jpg,1,1,0.9846197962760925
449,33,7,61,D:\Skripsi\Experiment_TA\data\raw\RGB1\S33\AC7\RGB1_SUB33ACT7F61.jpg,1,1,0.9382727742195129
450,33,7,91,D:\Skripsi\Experiment_TA\data\raw\RGB1\S33\AC7\RGB1_SUB33ACT7F91.jpg,1,1,0.9555562138557434
451,33,8,1,D:\Skripsi\Experiment_TA\data\raw\RGB1\S33\AC8\RGB1_SUB33ACT8F1.jpg,1,0,0.21951882541179657
452,33,8,31,D:\Skripsi\Experiment_TA\data\raw\RGB1\S33\AC8\RGB1_SUB33ACT8F31.jpg,1,0,0.46385544538497925
453,33,8,61,D:\Skripsi\Experiment_TA\data\raw\RGB1\S33\AC8\RGB1_SUB33ACT8F61.jpg,1,1,0.5998511910438538
454,33,8,91,D:\Skripsi\Experiment_TA\data\raw\RGB1\S33\AC8\RGB1_SUB33ACT8F91.jpg,1,1,0.6172725558280945
455,33,9,1,D:\Skripsi\Experiment_TA\data\raw\RGB1\S33\AC9\RGB1_SUB33ACT9F1.jpg,1,0,0.24688833951950073
456,33,9,31,D:\Skripsi\Experiment_TA\data\raw\RGB1\S33\AC9\RGB1_SUB33ACT9F31.jpg,1,0,0.23448218405246735
457,33,9,61,D:\Skripsi\Experiment_TA\data\raw\RGB1\S33\AC9\RGB1_SUB33ACT9F61.jpg,1,1,0.6158866286277771
458,33,9,91,D:\Skripsi\Experiment_TA\data\raw\RGB1\S33\AC9\RGB1_SUB33ACT9F91.jpg,1,1,0.626792848110199
459,34,1,1,D:\Skripsi\Experiment_TA\data\raw\RGB1\S34\AC1\RGB1_SUB34ACT1F1.jpg,0,0,0.10532883554697037
460,34,1,31,D:\Skripsi\Experiment_TA\data\raw\RGB1\S34\AC1\RGB1_SUB34ACT1F31.jpg,0,0,0.11586028337478638
461,34,1,61,D:\Skripsi\Experiment_TA\data\raw\RGB1\S34\AC1\RGB1_SUB34ACT1F61.jpg,0,0,0.10140220075845718
462,34,5,1,D:\Skripsi\Experiment_TA\data\raw\RGB1\S34\AC5\RGB1_SUB34ACT5F1.jpg,1,1,0.9826595783233643
463,34,5,31,D:\Skripsi\Experiment_TA\data\raw\RGB1\S34\AC5\RGB1_SUB34ACT5F31.jpg,1,1,0.9834813475608826
464,34,5,61,D:\Skripsi\Experiment_TA\data\raw\RGB1\S34\AC5\RGB1_SUB34ACT5F61.jpg,1,1,0.9801439642906189
465,34,6,1,D:\Skripsi\Experiment_TA\data\raw\RGB1\S34\AC6\RGB1_SUB34ACT6F1.jpg,1,1,0.8295801877975464
466,34,6,31,D:\Skripsi\Experiment_TA\data\raw\RGB1\S34\AC6\RGB1_SUB34ACT6F31.jpg,1,1,0.9775955080986023
467,34,6,61,D:\Skripsi\Experiment_TA\data\raw\RGB1\S34\AC6\RGB1_SUB34ACT6F61.jpg,1,1,0.965023398399353
468,34,7,1,D:\Skripsi\Experiment_TA\data\raw\RGB1\S34\AC7\RGB1_SUB34ACT7F1.jpg,1,1,0.9940292835235596
469,34,7,31,D:\Skripsi\Experiment_TA\data\raw\RGB1\S34\AC7\RGB1_SUB34ACT7F31.jpg,1,1,0.9922887682914734
470,34,7,61,D:\Skripsi\Experiment_TA\data\raw\RGB1\S34\AC7\RGB1_SUB34ACT7F61.jpg,1,1,0.9923684000968933
471,34,8,1,D:\Skripsi\Experiment_TA\data\raw\RGB1\S34\AC8\RGB1_SUB34ACT8F1.jpg,1,1,0.5077804327011108
472,34,8,31,D:\Skripsi\Experiment_TA\data\raw\RGB1\S34\AC8\RGB1_SUB34ACT8F31.jpg,1,1,0.9321202635765076
473,34,8,61,D:\Skripsi\Experiment_TA\data\raw\RGB1\S34\AC8\RGB1_SUB34ACT8F61.jpg,1,1,0.6763930916786194
474,34,8,91,D:\Skripsi\Experiment_TA\data\raw\RGB1\S34\AC8\RGB1_SUB34ACT8F91.jpg,1,1,0.8718587160110474
475,34,9,1,D:\Skripsi\Experiment_TA\data\raw\RGB1\S34\AC9\RGB1_SUB34ACT9F1.jpg,1,1,0.9171578288078308
476,34,9,31,D:\Skripsi\Experiment_TA\data\raw\RGB1\S34\AC9\RGB1_SUB34ACT9F31.jpg,1,1,0.9596738815307617
477,34,9,61,D:\Skripsi\Experiment_TA\data\raw\RGB1\S34\AC9\RGB1_SUB34ACT9F61.jpg,1,1,0.9788451790809631
478,35,1,1,D:\Skripsi\Experiment_TA\data\raw\RGB1\S35\AC1\RGB1_SUB35ACT1F1.jpg,0,0,0.3689107894897461
479,35,1,121,D:\Skripsi\Experiment_TA\data\raw\RGB1\S35\AC1\RGB1_SUB35ACT1F121.jpg,0,0,0.12394320219755173
480,35,1,31,D:\Skripsi\Experiment_TA\data\raw\RGB1\S35\AC1\RGB1_SUB35ACT1F31.jpg,0,0,0.14906132221221924
481,35,1,61,D:\Skripsi\Experiment_TA\data\raw\RGB1\S35\AC1\RGB1_SUB35ACT1F61.jpg,0,0,0.1755281239748001
482,35,1,91,D:\Skripsi\Experiment_TA\data\raw\RGB1\S35\AC1\RGB1_SUB35ACT1F91.jpg,0,0,0.1154172271490097
483,35,5,1,D:\Skripsi\Experiment_TA\data\raw\RGB1\S35\AC5\RGB1_SUB35ACT5F1.jpg,1,1,0.6935491561889648
484,35,5,31,D:\Skripsi\Experiment_TA\data\raw\RGB1\S35\AC5\RGB1_SUB35ACT5F31.jpg,1,1,0.9330385327339172
485,35,5,61,D:\Skripsi\Experiment_TA\data\raw\RGB1\S35\AC5\RGB1_SUB35ACT5F61.jpg,1,0,0.42104169726371765
486,35,5,91,D:\Skripsi\Experiment_TA\data\raw\RGB1\S35\AC5\RGB1_SUB35ACT5F91.jpg,1,0,0.400384783744812
487,35,6,1,D:\Skripsi\Experiment_TA\data\raw\RGB1\S35\AC6\RGB1_SUB35ACT6F1.jpg,1,1,0.5209395289421082
488,35,6,121,D:\Skripsi\Experiment_TA\data\raw\RGB1\S35\AC6\RGB1_SUB35ACT6F121.jpg,1,1,0.7093513011932373
489,35,6,151,D:\Skripsi\Experiment_TA\data\raw\RGB1\S35\AC6\RGB1_SUB35ACT6F151.jpg,1,1,0.6734188795089722
490,35,6,31,D:\Skripsi\Experiment_TA\data\raw\RGB1\S35\AC6\RGB1_SUB35ACT6F31.jpg,1,1,0.5508390069007874
491,35,6,61,D:\Skripsi\Experiment_TA\data\raw\RGB1\S35\AC6\RGB1_SUB35ACT6F61.jpg,1,1,0.5379461050033569
492,35,6,91,D:\Skripsi\Experiment_TA\data\raw\RGB1\S35\AC6\RGB1_SUB35ACT6F91.jpg,1,1,0.6118823289871216
493,35,7,1,D:\Skripsi\Experiment_TA\data\raw\RGB1\S35\AC7\RGB1_SUB35ACT7F1.jpg,1,1,0.9761935472488403
494,35,7,121,D:\Skripsi\Experiment_TA\data\raw\RGB1\S35\AC7\RGB1_SUB35ACT7F121.jpg,1,1,0.8629719018936157
495,35,7,151,D:\Skripsi\Experiment_TA\data\raw\RGB1\S35\AC7\RGB1_SUB35ACT7F151.jpg,1,1,0.9605551958084106
496,35,7,181,D:\Skripsi\Experiment_TA\data\raw\RGB1\S35\AC7\RGB1_SUB35ACT7F181.jpg,1,1,0.7956934571266174
497,35,7,31,D:\Skripsi\Experiment_TA\data\raw\RGB1\S35\AC7\RGB1_SUB35ACT7F31.jpg,1,1,0.682465672492981
498,35,7,61,D:\Skripsi\Experiment_TA\data\raw\RGB1\S35\AC7\RGB1_SUB35ACT7F61.jpg,1,1,0.7704326510429382
499,35,7,91,D:\Skripsi\Experiment_TA\data\raw\RGB1\S35\AC7\RGB1_SUB35ACT7F91.jpg,1,1,0.9353861212730408
500,35,8,1,D:\Skripsi\Experiment_TA\data\raw\RGB1\S35\AC8\RGB1_SUB35ACT8F1.jpg,1,0,0.4610341489315033
501,35,8,31,D:\Skripsi\Experiment_TA\data\raw\RGB1\S35\AC8\RGB1_SUB35ACT8F31.jpg,1,0,0.485707551240921
502,35,8,61,D:\Skripsi\Experiment_TA\data\raw\RGB1\S35\AC8\RGB1_SUB35ACT8F61.jpg,1,0,0.3757539391517639
503,35,8,91,D:\Skripsi\Experiment_TA\data\raw\RGB1\S35\AC8\RGB1_SUB35ACT8F91.jpg,1,1,0.5252880454063416
504,35,9,1,D:\Skripsi\Experiment_TA\data\raw\RGB1\S35\AC9\RGB1_SUB35ACT9F1.jpg,1,1,0.5834189057350159
505,35,9,121,D:\Skripsi\Experiment_TA\data\raw\RGB1\S35\AC9\RGB1_SUB35ACT9F121.jpg,1,1,0.9174314737319946
506,35,9,31,D:\Skripsi\Experiment_TA\data\raw\RGB1\S35\AC9\RGB1_SUB35ACT9F31.jpg,1,1,0.6672153472900391
507,35,9,61,D:\Skripsi\Experiment_TA\data\raw\RGB1\S35\AC9\RGB1_SUB35ACT9F61.jpg,1,1,0.6536039113998413
508,35,9,91,D:\Skripsi\Experiment_TA\data\raw\RGB1\S35\AC9\RGB1_SUB35ACT9F91.jpg,1,1,0.8424396514892578
509,36,1,1,D:\Skripsi\Experiment_TA\data\raw\RGB1\S36\AC1\RGB1_SUB36ACT1F1.jpg,0,0,0.3249492347240448
510,36,1,121,D:\Skripsi\Experiment_TA\data\raw\RGB1\S36\AC1\RGB1_SUB36ACT1F121.jpg,0,0,0.33996379375457764
511,36,1,31,D:\Skripsi\Experiment_TA\data\raw\RGB1\S36\AC1\RGB1_SUB36ACT1F31.jpg,0,0,0.40631166100502014
512,36,1,61,D:\Skripsi\Experiment_TA\data\raw\RGB1\S36\AC1\RGB1_SUB36ACT1F61.jpg,0,0,0.1668868064880371
513,36,1,91,D:\Skripsi\Experiment_TA\data\raw\RGB1\S36\AC1\RGB1_SUB36ACT1F91.jpg,0,0,0.461581826210022
514,36,5,1,D:\Skripsi\Experiment_TA\data\raw\RGB1\S36\AC5\RGB1_SUB36ACT5F1.jpg,1,1,0.7426232099533081
515,36,5,121,D:\Skripsi\Experiment_TA\data\raw\RGB1\S36\AC5\RGB1_SUB36ACT5F121.jpg,1,1,0.7399002313613892
516,36,5,31,D:\Skripsi\Experiment_TA\data\raw\RGB1\S36\AC5\RGB1_SUB36ACT5F31.jpg,1,1,0.561305820941925
517,36,5,61,D:\Skripsi\Experiment_TA\data\raw\RGB1\S36\AC5\RGB1_SUB36ACT5F61.jpg,1,1,0.7724566459655762
518,36,5,91,D:\Skripsi\Experiment_TA\data\raw\RGB1\S36\AC5\RGB1_SUB36ACT5F91.jpg,1,1,0.8000284433364868
519,36,6,1,D:\Skripsi\Experiment_TA\data\raw\RGB1\S36\AC6\RGB1_SUB36ACT6F1.jpg,1,1,0.717781126499176
520,36,6,31,D:\Skripsi\Experiment_TA\data\raw\RGB1\S36\AC6\RGB1_SUB36ACT6F31.jpg,1,1,0.9677959084510803
521,36,6,61,D:\Skripsi\Experiment_TA\data\raw\RGB1\S36\AC6\RGB1_SUB36ACT6F61.jpg,1,1,0.9649379253387451
522,36,6,91,D:\Skripsi\Experiment_TA\data\raw\RGB1\S36\AC6\RGB1_SUB36ACT6F91.jpg,1,1,0.9332743883132935
523,36,7,1,D:\Skripsi\Experiment_TA\data\raw\RGB1\S36\AC7\RGB1_SUB36ACT7F1.jpg,1,1,0.8966156840324402
524,36,7,121,D:\Skripsi\Experiment_TA\data\raw\RGB1\S36\AC7\RGB1_SUB36ACT7F121.jpg,1,1,0.9954706430435181
525,36,7,31,D:\Skripsi\Experiment_TA\data\raw\RGB1\S36\AC7\RGB1_SUB36ACT7F31.jpg,1,1,0.9744836688041687
526,36,7,61,D:\Skripsi\Experiment_TA\data\raw\RGB1\S36\AC7\RGB1_SUB36ACT7F61.jpg,1,1,0.915181040763855
527,36,7,91,D:\Skripsi\Experiment_TA\data\raw\RGB1\S36\AC7\RGB1_SUB36ACT7F91.jpg,1,1,0.9931280612945557
528,36,8,1,D:\Skripsi\Experiment_TA\data\raw\RGB1\S36\AC8\RGB1_SUB36ACT8F1.jpg,1,1,0.9374774098396301
529,36,8,121,D:\Skripsi\Experiment_TA\data\raw\RGB1\S36\AC8\RGB1_SUB36ACT8F121.jpg,1,1,0.9628064632415771
530,36,8,31,D:\Skripsi\Experiment_TA\data\raw\RGB1\S36\AC8\RGB1_SUB36ACT8F31.jpg,1,1,0.9552714228630066
531,36,8,61,D:\Skripsi\Experiment_TA\data\raw\RGB1\S36\AC8\RGB1_SUB36ACT8F61.jpg,1,1,0.9093616008758545
532,36,8,91,D:\Skripsi\Experiment_TA\data\raw\RGB1\S36\AC8\RGB1_SUB36ACT8F91.jpg,1,1,0.937028706073761
533,36,9,1,D:\Skripsi\Experiment_TA\data\raw\RGB1\S36\AC9\RGB1_SUB36ACT9F1.jpg,1,1,0.9005588889122009
534,36,9,121,D:\Skripsi\Experiment_TA\data\raw\RGB1\S36\AC9\RGB1_SUB36ACT9F121.jpg,1,0,0.4538642168045044
535,36,9,151,D:\Skripsi\Experiment_TA\data\raw\RGB1\S36\AC9\RGB1_SUB36ACT9F151.jpg,1,1,0.8010309338569641
536,36,9,31,D:\Skripsi\Experiment_TA\data\raw\RGB1\S36\AC9\RGB1_SUB36ACT9F31.jpg,1,1,0.7915776371955872
537,36,9,61,D:\Skripsi\Experiment_TA\data\raw\RGB1\S36\AC9\RGB1_SUB36ACT9F61.jpg,1,1,0.5719591379165649
538,36,9,91,D:\Skripsi\Experiment_TA\data\raw\RGB1\S36\AC9\RGB1_SUB36ACT9F91.jpg,1,1,0.7259262800216675
539,37,1,1,D:\Skripsi\Experiment_TA\data\raw\RGB1\S37\AC1\RGB1_SUB37ACT1F1.jpg,0,0,0.10712533444166183
540,37,1,121,D:\Skripsi\Experiment_TA\data\raw\RGB1\S37\AC1\RGB1_SUB37ACT1F121.jpg,0,0,0.1211061105132103
541,37,1,31,D:\Skripsi\Experiment_TA\data\raw\RGB1\S37\AC1\RGB1_SUB37ACT1F31.jpg,0,0,0.12205712497234344
542,37,1,61,D:\Skripsi\Experiment_TA\data\raw\RGB1\S37\AC1\RGB1_SUB37ACT1F61.jpg,0,0,0.128108948469162
543,37,1,91,D:\Skripsi\Experiment_TA\data\raw\RGB1\S37\AC1\RGB1_SUB37ACT1F91.jpg,0,0,0.16730578243732452
544,37,5,1,D:\Skripsi\Experiment_TA\data\raw\RGB1\S37\AC5\RGB1_SUB37ACT5F1.jpg,1,1,0.9689069986343384
545,37,5,121,D:\Skripsi\Experiment_TA\data\raw\RGB1\S37\AC5\RGB1_SUB37ACT5F121.jpg,1,1,0.8492465615272522
546,37,5,31,D:\Skripsi\Experiment_TA\data\raw\RGB1\S37\AC5\RGB1_SUB37ACT5F31.jpg,1,1,0.805831789970398
547,37,5,61,D:\Skripsi\Experiment_TA\data\raw\RGB1\S37\AC5\RGB1_SUB37ACT5F61.jpg,1,1,0.8254022002220154
548,37,5,91,D:\Skripsi\Experiment_TA\data\raw\RGB1\S37\AC5\RGB1_SUB37ACT5F91.jpg,1,1,0.6482219696044922
549,37,6,1,D:\Skripsi\Experiment_TA\data\raw\RGB1\S37\AC6\RGB1_SUB37ACT6F1.jpg,1,1,0.902080774307251
550,37,6,121,D:\Skripsi\Experiment_TA\data\raw\RGB1\S37\AC6\RGB1_SUB37ACT6F121.jpg,1,1,0.8487496376037598
551,37,6,31,D:\Skripsi\Experiment_TA\data\raw\RGB1\S37\AC6\RGB1_SUB37ACT6F31.jpg,1,1,0.8620952367782593
552,37,6,61,D:\Skripsi\Experiment_TA\data\raw\RGB1\S37\AC6\RGB1_SUB37ACT6F61.jpg,1,1,0.8693596124649048
553,37,6,91,D:\Skripsi\Experiment_TA\data\raw\RGB1\S37\AC6\RGB1_SUB37ACT6F91.jpg,1,1,0.7182989716529846
554,37,7,1,D:\Skripsi\Experiment_TA\data\raw\RGB1\S37\AC7\RGB1_SUB37ACT7F1.jpg,1,1,0.6752021908760071
555,37,7,121,D:\Skripsi\Experiment_TA\data\raw\RGB1\S37\AC7\RGB1_SUB37ACT7F121.jpg,1,1,0.7999447584152222
556,37,7,151,D:\Skripsi\Experiment_TA\data\raw\RGB1\S37\AC7\RGB1_SUB37ACT7F151.jpg,1,1,0.8962385058403015
557,37,7,31,D:\Skripsi\Experiment_TA\data\raw\RGB1\S37\AC7\RGB1_SUB37ACT7F31.jpg,1,1,0.8549649119377136
558,37,7,61,D:\Skripsi\Experiment_TA\data\raw\RGB1\S37\AC7\RGB1_SUB37ACT7F61.jpg,1,1,0.9329022169113159
559,37,7,91,D:\Skripsi\Experiment_TA\data\raw\RGB1\S37\AC7\RGB1_SUB37ACT7F91.jpg,1,1,0.911361038684845
560,37,8,1,D:\Skripsi\Experiment_TA\data\raw\RGB1\S37\AC8\RGB1_SUB37ACT8F1.jpg,1,1,0.8147149085998535
561,37,8,121,D:\Skripsi\Experiment_TA\data\raw\RGB1\S37\AC8\RGB1_SUB37ACT8F121.jpg,1,1,0.9154660105705261
562,37,8,151,D:\Skripsi\Experiment_TA\data\raw\RGB1\S37\AC8\RGB1_SUB37ACT8F151.jpg,1,1,0.9822967648506165
563,37,8,31,D:\Skripsi\Experiment_TA\data\raw\RGB1\S37\AC8\RGB1_SUB37ACT8F31.jpg,1,1,0.923599362373352
564,37,8,61,D:\Skripsi\Experiment_TA\data\raw\RGB1\S37\AC8\RGB1_SUB37ACT8F61.jpg,1,1,0.9467940926551819
565,37,8,91,D:\Skripsi\Experiment_TA\data\raw\RGB1\S37\AC8\RGB1_SUB37ACT8F91.jpg,1,1,0.955827534198761
566,37,9,1,D:\Skripsi\Experiment_TA\data\raw\RGB1\S37\AC9\RGB1_SUB37ACT9F1.jpg,1,1,0.9187684655189514
567,37,9,121,D:\Skripsi\Experiment_TA\data\raw\RGB1\S37\AC9\RGB1_SUB37ACT9F121.jpg,1,1,0.7980168461799622
568,37,9,151,D:\Skripsi\Experiment_TA\data\raw\RGB1\S37\AC9\RGB1_SUB37ACT9F151.jpg,1,1,0.7572550773620605
569,37,9,31,D:\Skripsi\Experiment_TA\data\raw\RGB1\S37\AC9\RGB1_SUB37ACT9F31.jpg,1,1,0.9697816967964172
570,37,9,61,D:\Skripsi\Experiment_TA\data\raw\RGB1\S37\AC9\RGB1_SUB37ACT9F61.jpg,1,1,0.88724285364151
571,37,9,91,D:\Skripsi\Experiment_TA\data\raw\RGB1\S37\AC9\RGB1_SUB37ACT9F91.jpg,1,1,0.9069961905479431
572,38,1,1,D:\Skripsi\Experiment_TA\data\raw\RGB1\S38\AC1\RGB1_SUB38ACT1F1.jpg,0,0,0.41773074865341187
573,38,1,121,D:\Skripsi\Experiment_TA\data\raw\RGB1\S38\AC1\RGB1_SUB38ACT1F121.jpg,0,0,0.11775144189596176
574,38,1,31,D:\Skripsi\Experiment_TA\data\raw\RGB1\S38\AC1\RGB1_SUB38ACT1F31.jpg,0,0,0.15932205319404602
575,38,1,61,D:\Skripsi\Experiment_TA\data\raw\RGB1\S38\AC1\RGB1_SUB38ACT1F61.jpg,0,0,0.23108237981796265
576,38,1,91,D:\Skripsi\Experiment_TA\data\raw\RGB1\S38\AC1\RGB1_SUB38ACT1F91.jpg,0,1,0.8030040860176086
577,38,5,1,D:\Skripsi\Experiment_TA\data\raw\RGB1\S38\AC5\RGB1_SUB38ACT5F1.jpg,1,1,0.9262458682060242
578,38,5,31,D:\Skripsi\Experiment_TA\data\raw\RGB1\S38\AC5\RGB1_SUB38ACT5F31.jpg,1,1,0.5140016078948975
579,38,5,61,D:\Skripsi\Experiment_TA\data\raw\RGB1\S38\AC5\RGB1_SUB38ACT5F61.jpg,1,1,0.8663138747215271
580,38,5,91,D:\Skripsi\Experiment_TA\data\raw\RGB1\S38\AC5\RGB1_SUB38ACT5F91.jpg,1,1,0.6694009304046631
581,38,6,1,D:\Skripsi\Experiment_TA\data\raw\RGB1\S38\AC6\RGB1_SUB38ACT6F1.jpg,1,1,0.9142953753471375
582,38,6,31,D:\Skripsi\Experiment_TA\data\raw\RGB1\S38\AC6\RGB1_SUB38ACT6F31.jpg,1,1,0.6547579169273376
583,38,6,61,D:\Skripsi\Experiment_TA\data\raw\RGB1\S38\AC6\RGB1_SUB38ACT6F61.jpg,1,1,0.9336633086204529
584,38,6,91,D:\Skripsi\Experiment_TA\data\raw\RGB1\S38\AC6\RGB1_SUB38ACT6F91.jpg,1,1,0.821658730506897
585,38,7,1,D:\Skripsi\Experiment_TA\data\raw\RGB1\S38\AC7\RGB1_SUB38ACT7F1.jpg,1,1,0.9826416373252869
586,38,7,121,D:\Skripsi\Experiment_TA\data\raw\RGB1\S38\AC7\RGB1_SUB38ACT7F121.jpg,1,1,0.9834108948707581
587,38,7,31,D:\Skripsi\Experiment_TA\data\raw\RGB1\S38\AC7\RGB1_SUB38ACT7F31.jpg,1,1,0.9433384537696838
588,38,7,61,D:\Skripsi\Experiment_TA\data\raw\RGB1\S38\AC7\RGB1_SUB38ACT7F61.jpg,1,1,0.9114377498626709
589,38,7,91,D:\Skripsi\Experiment_TA\data\raw\RGB1\S38\AC7\RGB1_SUB38ACT7F91.jpg,1,1,0.8174200654029846
590,38,8,1,D:\Skripsi\Experiment_TA\data\raw\RGB1\S38\AC8\RGB1_SUB38ACT8F1.jpg,1,1,0.9895889759063721
591,38,8,121,D:\Skripsi\Experiment_TA\data\raw\RGB1\S38\AC8\RGB1_SUB38ACT8F121.jpg,1,1,0.8632660508155823
592,38,8,31,D:\Skripsi\Experiment_TA\data\raw\RGB1\S38\AC8\RGB1_SUB38ACT8F31.jpg,1,1,0.9716166853904724
593,38,8,61,D:\Skripsi\Experiment_TA\data\raw\RGB1\S38\AC8\RGB1_SUB38ACT8F61.jpg,1,1,0.9731519818305969
594,38,8,91,D:\Skripsi\Experiment_TA\data\raw\RGB1\S38\AC8\RGB1_SUB38ACT8F91.jpg,1,1,0.9726886749267578
595,38,9,1,D:\Skripsi\Experiment_TA\data\raw\RGB1\S38\AC9\RGB1_SUB38ACT9F1.jpg,1,1,0.7094864845275879
596,38,9,121,D:\Skripsi\Experiment_TA\data\raw\RGB1\S38\AC9\RGB1_SUB38ACT9F121.jpg,1,0,0.466154545545578
597,38,9,31,D:\Skripsi\Experiment_TA\data\raw\RGB1\S38\AC9\RGB1_SUB38ACT9F31.jpg,1,0,0.3367041349411011
598,38,9,61,D:\Skripsi\Experiment_TA\data\raw\RGB1\S38\AC9\RGB1_SUB38ACT9F61.jpg,1,0,0.4385885000228882
599,38,9,91,D:\Skripsi\Experiment_TA\data\raw\RGB1\S38\AC9\RGB1_SUB38ACT9F91.jpg,1,1,0.5084990859031677
600,39,1,1,D:\Skripsi\Experiment_TA\data\raw\RGB1\S39\AC1\RGB1_SUB39ACT1F1.jpg,0,0,0.4319990277290344
601,39,1,31,D:\Skripsi\Experiment_TA\data\raw\RGB1\S39\AC1\RGB1_SUB39ACT1F31.jpg,0,0,0.30658799409866333
602,39,1,61,D:\Skripsi\Experiment_TA\data\raw\RGB1\S39\AC1\RGB1_SUB39ACT1F61.jpg,0,0,0.3635784983634949
603,39,1,91,D:\Skripsi\Experiment_TA\data\raw\RGB1\S39\AC1\RGB1_SUB39ACT1F91.jpg,0,0,0.3540748953819275
604,39,5,1,D:\Skripsi\Experiment_TA\data\raw\RGB1\S39\AC5\RGB1_SUB39ACT5F1.jpg,1,1,0.9412505030632019
605,39,5,31,D:\Skripsi\Experiment_TA\data\raw\RGB1\S39\AC5\RGB1_SUB39ACT5F31.jpg,1,1,0.8682597279548645
606,39,5,61,D:\Skripsi\Experiment_TA\data\raw\RGB1\S39\AC5\RGB1_SUB39ACT5F61.jpg,1,1,0.7729052901268005
607,39,5,91,D:\Skripsi\Experiment_TA\data\raw\RGB1\S39\AC5\RGB1_SUB39ACT5F91.jpg,1,1,0.539015531539917
608,39,6,1,D:\Skripsi\Experiment_TA\data\raw\RGB1\S39\AC6\RGB1_SUB39ACT6F1.jpg,1,1,0.9647045731544495
609,39,6,31,D:\Skripsi\Experiment_TA\data\raw\RGB1\S39\AC6\RGB1_SUB39ACT6F31.jpg,1,1,0.7679731249809265
610,39,6,61,D:\Skripsi\Experiment_TA\data\raw\RGB1\S39\AC6\RGB1_SUB39ACT6F61.jpg,1,1,0.956260085105896
611,39,6,91,D:\Skripsi\Experiment_TA\data\raw\RGB1\S39\AC6\RGB1_SUB39ACT6F91.jpg,1,1,0.9271905422210693
612,39,7,1,D:\Skripsi\Experiment_TA\data\raw\RGB1\S39\AC7\RGB1_SUB39ACT7F1.jpg,1,1,0.9591878652572632
613,39,7,31,D:\Skripsi\Experiment_TA\data\raw\RGB1\S39\AC7\RGB1_SUB39ACT7F31.jpg,1,1,0.9940891265869141
614,39,7,61,D:\Skripsi\Experiment_TA\data\raw\RGB1\S39\AC7\RGB1_SUB39ACT7F61.jpg,1,1,0.8726969361305237
615,39,7,91,D:\Skripsi\Experiment_TA\data\raw\RGB1\S39\AC7\RGB1_SUB39ACT7F91.jpg,1,1,0.9457050561904907
616,39,8,1,D:\Skripsi\Experiment_TA\data\raw\RGB1\S39\AC8\RGB1_SUB39ACT8F1.jpg,1,1,0.9978495836257935
617,39,8,121,D:\Skripsi\Experiment_TA\data\raw\RGB1\S39\AC8\RGB1_SUB39ACT8F121.jpg,1,1,0.946445107460022
618,39,8,31,D:\Skripsi\Experiment_TA\data\raw\RGB1\S39\AC8\RGB1_SUB39ACT8F31.jpg,1,1,0.988339900970459
619,39,8,61,D:\Skripsi\Experiment_TA\data\raw\RGB1\S39\AC8\RGB1_SUB39ACT8F61.jpg,1,1,0.9560781717300415
620,39,8,91,D:\Skripsi\Experiment_TA\data\raw\RGB1\S39\AC8\RGB1_SUB39ACT8F91.jpg,1,1,0.8745765089988708
621,39,9,1,D:\Skripsi\Experiment_TA\data\raw\RGB1\S39\AC9\RGB1_SUB39ACT9F1.jpg,1,1,0.9100261330604553
622,39,9,121,D:\Skripsi\Experiment_TA\data\raw\RGB1\S39\AC9\RGB1_SUB39ACT9F121.jpg,1,1,0.9829685091972351
623,39,9,31,D:\Skripsi\Experiment_TA\data\raw\RGB1\S39\AC9\RGB1_SUB39ACT9F31.jpg,1,1,0.9812442660331726
624,39,9,61,D:\Skripsi\Experiment_TA\data\raw\RGB1\S39\AC9\RGB1_SUB39ACT9F61.jpg,1,1,0.8665475845336914
625,39,9,91,D:\Skripsi\Experiment_TA\data\raw\RGB1\S39\AC9\RGB1_SUB39ACT9F91.jpg,1,1,0.9548118114471436
626,40,1,1,D:\Skripsi\Experiment_TA\data\raw\RGB1\S40\AC1\RGB1_SUB40ACT1F1.jpg,0,0,0.4081718623638153
627,40,1,121,D:\Skripsi\Experiment_TA\data\raw\RGB1\S40\AC1\RGB1_SUB40ACT1F121.jpg,0,0,0.21779155731201172
628,40,1,31,D:\Skripsi\Experiment_TA\data\raw\RGB1\S40\AC1\RGB1_SUB40ACT1F31.jpg,0,0,0.20523709058761597
629,40,1,61,D:\Skripsi\Experiment_TA\data\raw\RGB1\S40\AC1\RGB1_SUB40ACT1F61.jpg,0,1,0.7262325286865234
630,40,1,91,D:\Skripsi\Experiment_TA\data\raw\RGB1\S40\AC1\RGB1_SUB40ACT1F91.jpg,0,0,0.21212875843048096
631,40,5,1,D:\Skripsi\Experiment_TA\data\raw\RGB1\S40\AC5\RGB1_SUB40ACT5F1.jpg,1,1,0.7532568573951721
632,40,5,31,D:\Skripsi\Experiment_TA\data\raw\RGB1\S40\AC5\RGB1_SUB40ACT5F31.jpg,1,1,0.9012134075164795
633,40,5,61,D:\Skripsi\Experiment_TA\data\raw\RGB1\S40\AC5\RGB1_SUB40ACT5F61.jpg,1,1,0.7393375635147095
634,40,5,91,D:\Skripsi\Experiment_TA\data\raw\RGB1\S40\AC5\RGB1_SUB40ACT5F91.jpg,1,1,0.7991551756858826
635,40,6,1,D:\Skripsi\Experiment_TA\data\raw\RGB1\S40\AC6\RGB1_SUB40ACT6F1.jpg,1,1,0.7305970191955566
636,40,6,121,D:\Skripsi\Experiment_TA\data\raw\RGB1\S40\AC6\RGB1_SUB40ACT6F121.jpg,1,1,0.7834736704826355
637,40,6,31,D:\Skripsi\Experiment_TA\data\raw\RGB1\S40\AC6\RGB1_SUB40ACT6F31.jpg,1,1,0.7461221218109131
638,40,6,61,D:\Skripsi\Experiment_TA\data\raw\RGB1\S40\AC6\RGB1_SUB40ACT6F61.jpg,1,1,0.9090499877929688
639,40,6,91,D:\Skripsi\Experiment_TA\data\raw\RGB1\S40\AC6\RGB1_SUB40ACT6F91.jpg,1,1,0.9365529417991638
640,40,7,1,D:\Skripsi\Experiment_TA\data\raw\RGB1\S40\AC7\RGB1_SUB40ACT7F1.jpg,1,0,0.4252854287624359
641,40,7,121,D:\Skripsi\Experiment_TA\data\raw\RGB1\S40\AC7\RGB1_SUB40ACT7F121.jpg,1,1,0.724196195602417
642,40,7,151,D:\Skripsi\Experiment_TA\data\raw\RGB1\S40\AC7\RGB1_SUB40ACT7F151.jpg,1,1,0.8293614387512207
643,40,7,181,D:\Skripsi\Experiment_TA\data\raw\RGB1\S40\AC7\RGB1_SUB40ACT7F181.jpg,1,1,0.8092583417892456
644,40,7,211,D:\Skripsi\Experiment_TA\data\raw\RGB1\S40\AC7\RGB1_SUB40ACT7F211.jpg,1,1,0.938092827796936
645,40,7,31,D:\Skripsi\Experiment_TA\data\raw\RGB1\S40\AC7\RGB1_SUB40ACT7F31.jpg,1,1,0.8794172406196594
646,40,7,61,D:\Skripsi\Experiment_TA\data\raw\RGB1\S40\AC7\RGB1_SUB40ACT7F61.jpg,1,1,0.7660920023918152
647,40,7,91,D:\Skripsi\Experiment_TA\data\raw\RGB1\S40\AC7\RGB1_SUB40ACT7F91.jpg,1,1,0.6527072787284851
648,40,8,1,D:\Skripsi\Experiment_TA\data\raw\RGB1\S40\AC8\RGB1_SUB40ACT8F1.jpg,1,1,0.6589105129241943
649,40,8,121,D:\Skripsi\Experiment_TA\data\raw\RGB1\S40\AC8\RGB1_SUB40ACT8F121.jpg,1,1,0.9481825232505798
650,40,8,151,D:\Skripsi\Experiment_TA\data\raw\RGB1\S40\AC8\RGB1_SUB40ACT8F151.jpg,1,1,0.6666119694709778
651,40,8,181,D:\Skripsi\Experiment_TA\data\raw\RGB1\S40\AC8\RGB1_SUB40ACT8F181.jpg,1,1,0.7807018160820007
652,40,8,31,D:\Skripsi\Experiment_TA\data\raw\RGB1\S40\AC8\RGB1_SUB40ACT8F31.jpg,1,1,0.936214029788971
653,40,8,61,D:\Skripsi\Experiment_TA\data\raw\RGB1\S40\AC8\RGB1_SUB40ACT8F61.jpg,1,1,0.7621227502822876
654,40,8,91,D:\Skripsi\Experiment_TA\data\raw\RGB1\S40\AC8\RGB1_SUB40ACT8F91.jpg,1,1,0.8132380843162537
655,40,9,1,D:\Skripsi\Experiment_TA\data\raw\RGB1\S40\AC9\RGB1_SUB40ACT9F1.jpg,1,1,0.6764249801635742
656,40,9,121,D:\Skripsi\Experiment_TA\data\raw\RGB1\S40\AC9\RGB1_SUB40ACT9F121.jpg,1,1,0.8779597878456116
657,40,9,31,D:\Skripsi\Experiment_TA\data\raw\RGB1\S40\AC9\RGB1_SUB40ACT9F31.jpg,1,1,0.6561868190765381
658,40,9,61,D:\Skripsi\Experiment_TA\data\raw\RGB1\S40\AC9\RGB1_SUB40ACT9F61.jpg,1,1,0.9228319525718689
659,40,9,91,D:\Skripsi\Experiment_TA\data\raw\RGB1\S40\AC9\RGB1_SUB40ACT9F91.jpg,1,1,0.8916090130805969
660,43,1,1,D:\Skripsi\Experiment_TA\data\raw\RGB1\S43\AC1\RGB1_SUB43ACT1F1.jpg,0,1,0.5008384585380554
661,43,1,121,D:\Skripsi\Experiment_TA\data\raw\RGB1\S43\AC1\RGB1_SUB43ACT1F121.jpg,0,1,0.659801721572876
662,43,1,151,D:\Skripsi\Experiment_TA\data\raw\RGB1\S43\AC1\RGB1_SUB43ACT1F151.jpg,0,1,0.5865002870559692
663,43,1,181,D:\Skripsi\Experiment_TA\data\raw\RGB1\S43\AC1\RGB1_SUB43ACT1F181.jpg,0,0,0.44095301628112793
664,43,1,31,D:\Skripsi\Experiment_TA\data\raw\RGB1\S43\AC1\RGB1_SUB43ACT1F31.jpg,0,0,0.44954511523246765
665,43,1,61,D:\Skripsi\Experiment_TA\data\raw\RGB1\S43\AC1\RGB1_SUB43ACT1F61.jpg,0,0,0.3497747778892517
666,43,1,91,D:\Skripsi\Experiment_TA\data\raw\RGB1\S43\AC1\RGB1_SUB43ACT1F91.jpg,0,1,0.5708853602409363
667,43,5,1,D:\Skripsi\Experiment_TA\data\raw\RGB1\S43\AC5\RGB1_SUB43ACT5F1.jpg,1,1,0.7523354291915894
668,43,5,121,D:\Skripsi\Experiment_TA\data\raw\RGB1\S43\AC5\RGB1_SUB43ACT5F121.jpg,1,1,0.9194469451904297
669,43,5,151,D:\Skripsi\Experiment_TA\data\raw\RGB1\S43\AC5\RGB1_SUB43ACT5F151.jpg,1,1,0.8699938654899597
670,43,5,181,D:\Skripsi\Experiment_TA\data\raw\RGB1\S43\AC5\RGB1_SUB43ACT5F181.jpg,1,1,0.8053091764450073
671,43,5,31,D:\Skripsi\Experiment_TA\data\raw\RGB1\S43\AC5\RGB1_SUB43ACT5F31.jpg,1,1,0.8681046366691589
672,43,5,61,D:\Skripsi\Experiment_TA\data\raw\RGB1\S43\AC5\RGB1_SUB43ACT5F61.jpg,1,1,0.879489541053772
673,43,5,91,D:\Skripsi\Experiment_TA\data\raw\RGB1\S43\AC5\RGB1_SUB43ACT5F91.jpg,1,1,0.9134746193885803
674,43,6,1,D:\Skripsi\Experiment_TA\data\raw\RGB1\S43\AC6\RGB1_SUB43ACT6F1.jpg,1,1,0.5881580114364624
675,43,6,121,D:\Skripsi\Experiment_TA\data\raw\RGB1\S43\AC6\RGB1_SUB43ACT6F121.jpg,1,1,0.8235723376274109
676,43,6,151,D:\Skripsi\Experiment_TA\data\raw\RGB1\S43\AC6\RGB1_SUB43ACT6F151.jpg,1,1,0.728266179561615
677,43,6,181,D:\Skripsi\Experiment_TA\data\raw\RGB1\S43\AC6\RGB1_SUB43ACT6F181.jpg,1,1,0.7477205991744995
678,43,6,31,D:\Skripsi\Experiment_TA\data\raw\RGB1\S43\AC6\RGB1_SUB43ACT6F31.jpg,1,1,0.920879602432251
679,43,6,61,D:\Skripsi\Experiment_TA\data\raw\RGB1\S43\AC6\RGB1_SUB43ACT6F61.jpg,1,1,0.7927470207214355
680,43,6,91,D:\Skripsi\Experiment_TA\data\raw\RGB1\S43\AC6\RGB1_SUB43ACT6F91.jpg,1,1,0.7808073163032532
681,43,7,1,D:\Skripsi\Experiment_TA\data\raw\RGB1\S43\AC7\RGB1_SUB43ACT7F1.jpg,1,1,0.8475177884101868
682,43,7,121,D:\Skripsi\Experiment_TA\data\raw\RGB1\S43\AC7\RGB1_SUB43ACT7F121.jpg,1,1,0.9973306655883789
683,43,7,151,D:\Skripsi\Experiment_TA\data\raw\RGB1\S43\AC7\RGB1_SUB43ACT7F151.jpg,1,1,0.9656082987785339
684,43,7,181,D:\Skripsi\Experiment_TA\data\raw\RGB1\S43\AC7\RGB1_SUB43ACT7F181.jpg,1,1,0.9836112856864929
685,43,7,211,D:\Skripsi\Experiment_TA\data\raw\RGB1\S43\AC7\RGB1_SUB43ACT7F211.jpg,1,1,0.967297375202179
686,43,7,31,D:\Skripsi\Experiment_TA\data\raw\RGB1\S43\AC7\RGB1_SUB43ACT7F31.jpg,1,1,0.9721412658691406
687,43,7,61,D:\Skripsi\Experiment_TA\data\raw\RGB1\S43\AC7\RGB1_SUB43ACT7F61.jpg,1,1,0.8914100527763367
688,43,7,91,D:\Skripsi\Experiment_TA\data\raw\RGB1\S43\AC7\RGB1_SUB43ACT7F91.jpg,1,1,0.996845006942749
689,43,8,1,D:\Skripsi\Experiment_TA\data\raw\RGB1\S43\AC8\RGB1_SUB43ACT8F1.jpg,1,1,0.8617302775382996
690,43,8,121,D:\Skripsi\Experiment_TA\data\raw\RGB1\S43\AC8\RGB1_SUB43ACT8F121.jpg,1,1,0.6610762476921082
691,43,8,151,D:\Skripsi\Experiment_TA\data\raw\RGB1\S43\AC8\RGB1_SUB43ACT8F151.jpg,1,1,0.670013964176178
692,43,8,181,D:\Skripsi\Experiment_TA\data\raw\RGB1\S43\AC8\RGB1_SUB43ACT8F181.jpg,1,1,0.6286108493804932
693,43,8,211,D:\Skripsi\Experiment_TA\data\raw\RGB1\S43\AC8\RGB1_SUB43ACT8F211.jpg,1,1,0.8469691872596741
694,43,8,241,D:\Skripsi\Experiment_TA\data\raw\RGB1\S43\AC8\RGB1_SUB43ACT8F241.jpg,1,1,0.8121697306632996
695,43,8,31,D:\Skripsi\Experiment_TA\data\raw\RGB1\S43\AC8\RGB1_SUB43ACT8F31.jpg,1,1,0.8072052001953125
696,43,8,61,D:\Skripsi\Experiment_TA\data\raw\RGB1\S43\AC8\RGB1_SUB43ACT8F61.jpg,1,1,0.9086737632751465
697,43,8,91,D:\Skripsi\Experiment_TA\data\raw\RGB1\S43\AC8\RGB1_SUB43ACT8F91.jpg,1,1,0.7293581962585449
698,43,9,1,D:\Skripsi\Experiment_TA\data\raw\RGB1\S43\AC9\RGB1_SUB43ACT9F1.jpg,1,1,0.8598004579544067
699,43,9,121,D:\Skripsi\Experiment_TA\data\raw\RGB1\S43\AC9\RGB1_SUB43ACT9F121.jpg,1,1,0.6608760952949524
700,43,9,151,D:\Skripsi\Experiment_TA\data\raw\RGB1\S43\AC9\RGB1_SUB43ACT9F151.jpg,1,1,0.8039671778678894
701,43,9,31,D:\Skripsi\Experiment_TA\data\raw\RGB1\S43\AC9\RGB1_SUB43ACT9F31.jpg,1,1,0.8187193274497986
702,43,9,61,D:\Skripsi\Experiment_TA\data\raw\RGB1\S43\AC9\RGB1_SUB43ACT9F61.jpg,1,1,0.6075305938720703
703,43,9,91,D:\Skripsi\Experiment_TA\data\raw\RGB1\S43\AC9\RGB1_SUB43ACT9F91.jpg,1,0,0.4812332093715668
704,44,1,1,D:\Skripsi\Experiment_TA\data\raw\RGB1\S44\AC1\RGB1_SUB44ACT1F1.jpg,0,0,0.1209714263677597
705,44,1,121,D:\Skripsi\Experiment_TA\data\raw\RGB1\S44\AC1\RGB1_SUB44ACT1F121.jpg,0,0,0.18571710586547852
706,44,1,151,D:\Skripsi\Experiment_TA\data\raw\RGB1\S44\AC1\RGB1_SUB44ACT1F151.jpg,0,0,0.20964261889457703
707,44,1,31,D:\Skripsi\Experiment_TA\data\raw\RGB1\S44\AC1\RGB1_SUB44ACT1F31.jpg,0,0,0.13166680932044983
708,44,1,61,D:\Skripsi\Experiment_TA\data\raw\RGB1\S44\AC1\RGB1_SUB44ACT1F61.jpg,0,0,0.09339490532875061
709,44,1,91,D:\Skripsi\Experiment_TA\data\raw\RGB1\S44\AC1\RGB1_SUB44ACT1F91.jpg,0,0,0.24263976514339447
710,44,5,1,D:\Skripsi\Experiment_TA\data\raw\RGB1\S44\AC5\RGB1_SUB44ACT5F1.jpg,1,1,0.955470085144043
711,44,5,121,D:\Skripsi\Experiment_TA\data\raw\RGB1\S44\AC5\RGB1_SUB44ACT5F121.jpg,1,1,0.8197638988494873
712,44,5,31,D:\Skripsi\Experiment_TA\data\raw\RGB1\S44\AC5\RGB1_SUB44ACT5F31.jpg,1,1,0.9127073287963867
713,44,5,61,D:\Skripsi\Experiment_TA\data\raw\RGB1\S44\AC5\RGB1_SUB44ACT5F61.jpg,1,1,0.9349321126937866
714,44,5,91,D:\Skripsi\Experiment_TA\data\raw\RGB1\S44\AC5\RGB1_SUB44ACT5F91.jpg,1,1,0.877747118473053
715,44,6,1,D:\Skripsi\Experiment_TA\data\raw\RGB1\S44\AC6\RGB1_SUB44ACT6F1.jpg,1,1,0.7523502111434937
716,44,6,121,D:\Skripsi\Experiment_TA\data\raw\RGB1\S44\AC6\RGB1_SUB44ACT6F121.jpg,1,1,0.93659508228302
717,44,6,31,D:\Skripsi\Experiment_TA\data\raw\RGB1\S44\AC6\RGB1_SUB44ACT6F31.jpg,1,1,0.6412150263786316
718,44,6,61,D:\Skripsi\Experiment_TA\data\raw\RGB1\S44\AC6\RGB1_SUB44ACT6F61.jpg,1,1,0.6639984250068665
719,44,6,91,D:\Skripsi\Experiment_TA\data\raw\RGB1\S44\AC6\RGB1_SUB44ACT6F91.jpg,1,1,0.8278719782829285
720,44,7,1,D:\Skripsi\Experiment_TA\data\raw\RGB1\S44\AC7\RGB1_SUB44ACT7F1.jpg,1,1,0.9333993196487427
721,44,7,121,D:\Skripsi\Experiment_TA\data\raw\RGB1\S44\AC7\RGB1_SUB44ACT7F121.jpg,1,1,0.9113679528236389
722,44,7,151,D:\Skripsi\Experiment_TA\data\raw\RGB1\S44\AC7\RGB1_SUB44ACT7F151.jpg,1,1,0.9354839324951172
723,44,7,31,D:\Skripsi\Experiment_TA\data\raw\RGB1\S44\AC7\RGB1_SUB44ACT7F31.jpg,1,1,0.9322407245635986
724,44,7,61,D:\Skripsi\Experiment_TA\data\raw\RGB1\S44\AC7\RGB1_SUB44ACT7F61.jpg,1,1,0.8865290880203247
725,44,7,91,D:\Skripsi\Experiment_TA\data\raw\RGB1\S44\AC7\RGB1_SUB44ACT7F91.jpg,1,1,0.937035083770752
726,44,8,1,D:\Skripsi\Experiment_TA\data\raw\RGB1\S44\AC8\RGB1_SUB44ACT8F1.jpg,1,1,0.8448565006256104
727,44,8,121,D:\Skripsi\Experiment_TA\data\raw\RGB1\S44\AC8\RGB1_SUB44ACT8F121.jpg,1,1,0.8324017524719238
728,44,8,151,D:\Skripsi\Experiment_TA\data\raw\RGB1\S44\AC8\RGB1_SUB44ACT8F151.jpg,1,1,0.9787798523902893
729,44,8,181,D:\Skripsi\Experiment_TA\data\raw\RGB1\S44\AC8\RGB1_SUB44ACT8F181.jpg,1,1,0.9497144222259521
730,44,8,31,D:\Skripsi\Experiment_TA\data\raw\RGB1\S44\AC8\RGB1_SUB44ACT8F31.jpg,1,1,0.8448242545127869
731,44,8,61,D:\Skripsi\Experiment_TA\data\raw\RGB1\S44\AC8\RGB1_SUB44ACT8F61.jpg,1,1,0.9399845004081726
732,44,8,91,D:\Skripsi\Experiment_TA\data\raw\RGB1\S44\AC8\RGB1_SUB44ACT8F91.jpg,1,1,0.8144328594207764
733,44,9,1,D:\Skripsi\Experiment_TA\data\raw\RGB1\S44\AC9\RGB1_SUB44ACT9F1.jpg,1,1,0.9102991819381714
734,44,9,121,D:\Skripsi\Experiment_TA\data\raw\RGB1\S44\AC9\RGB1_SUB44ACT9F121.jpg,1,1,0.877390444278717
735,44,9,151,D:\Skripsi\Experiment_TA\data\raw\RGB1\S44\AC9\RGB1_SUB44ACT9F151.jpg,1,1,0.9104014039039612
736,44,9,181,D:\Skripsi\Experiment_TA\data\raw\RGB1\S44\AC9\RGB1_SUB44ACT9F181.jpg,1,1,0.7261402010917664
737,44,9,31,D:\Skripsi\Experiment_TA\data\raw\RGB1\S44\AC9\RGB1_SUB44ACT9F31.jpg,1,1,0.821559727191925
738,44,9,61,D:\Skripsi\Experiment_TA\data\raw\RGB1\S44\AC9\RGB1_SUB44ACT9F61.jpg,1,1,0.8346651196479797
739,44,9,91,D:\Skripsi\Experiment_TA\data\raw\RGB1\S44\AC9\RGB1_SUB44ACT9F91.jpg,1,1,0.919093906879425
740,45,1,1,D:\Skripsi\Experiment_TA\data\raw\RGB1\S45\AC1\RGB1_SUB45ACT1F1.jpg,0,0,0.2119825780391693
741,45,1,121,D:\Skripsi\Experiment_TA\data\raw\RGB1\S45\AC1\RGB1_SUB45ACT1F121.jpg,0,0,0.09496341645717621
742,45,1,151,D:\Skripsi\Experiment_TA\data\raw\RGB1\S45\AC1\RGB1_SUB45ACT1F151.jpg,0,0,0.13988074660301208
743,45,1,31,D:\Skripsi\Experiment_TA\data\raw\RGB1\S45\AC1\RGB1_SUB45ACT1F31.jpg,0,0,0.15748897194862366
744,45,1,61,D:\Skripsi\Experiment_TA\data\raw\RGB1\S45\AC1\RGB1_SUB45ACT1F61.jpg,0,0,0.22514969110488892
745,45,1,91,D:\Skripsi\Experiment_TA\data\raw\RGB1\S45\AC1\RGB1_SUB45ACT1F91.jpg,0,0,0.335470587015152
746,45,5,1,D:\Skripsi\Experiment_TA\data\raw\RGB1\S45\AC5\RGB1_SUB45ACT5F1.jpg,1,1,0.6903305053710938
747,45,5,31,D:\Skripsi\Experiment_TA\data\raw\RGB1\S45\AC5\RGB1_SUB45ACT5F31.jpg,1,1,0.6476647257804871
748,45,5,61,D:\Skripsi\Experiment_TA\data\raw\RGB1\S45\AC5\RGB1_SUB45ACT5F61.jpg,1,1,0.780566394329071
749,45,5,91,D:\Skripsi\Experiment_TA\data\raw\RGB1\S45\AC5\RGB1_SUB45ACT5F91.jpg,1,1,0.9519354104995728
750,45,6,1,D:\Skripsi\Experiment_TA\data\raw\RGB1\S45\AC6\RGB1_SUB45ACT6F1.jpg,1,1,0.7575675845146179
751,45,6,121,D:\Skripsi\Experiment_TA\data\raw\RGB1\S45\AC6\RGB1_SUB45ACT6F121.jpg,1,1,0.9504605531692505
752,45,6,151,D:\Skripsi\Experiment_TA\data\raw\RGB1\S45\AC6\RGB1_SUB45ACT6F151.jpg,1,1,0.7208947539329529
753,45,6,31,D:\Skripsi\Experiment_TA\data\raw\RGB1\S45\AC6\RGB1_SUB45ACT6F31.jpg,1,1,0.657710611820221
754,45,6,61,D:\Skripsi\Experiment_TA\data\raw\RGB1\S45\AC6\RGB1_SUB45ACT6F61.jpg,1,1,0.5408568382263184
755,45,6,91,D:\Skripsi\Experiment_TA\data\raw\RGB1\S45\AC6\RGB1_SUB45ACT6F91.jpg,1,1,0.5670096278190613
756,45,7,1,D:\Skripsi\Experiment_TA\data\raw\RGB1\S45\AC7\RGB1_SUB45ACT7F1.jpg,1,1,0.7506052255630493
757,45,7,121,D:\Skripsi\Experiment_TA\data\raw\RGB1\S45\AC7\RGB1_SUB45ACT7F121.jpg,1,1,0.9759065508842468
758,45,7,151,D:\Skripsi\Experiment_TA\data\raw\RGB1\S45\AC7\RGB1_SUB45ACT7F151.jpg,1,1,0.9959099292755127
759,45,7,181,D:\Skripsi\Experiment_TA\data\raw\RGB1\S45\AC7\RGB1_SUB45ACT7F181.jpg,1,1,0.9476949572563171
760,45,7,31,D:\Skripsi\Experiment_TA\data\raw\RGB1\S45\AC7\RGB1_SUB45ACT7F31.jpg,1,1,0.9877782464027405
761,45,7,61,D:\Skripsi\Experiment_TA\data\raw\RGB1\S45\AC7\RGB1_SUB45ACT7F61.jpg,1,1,0.9960926175117493
762,45,7,91,D:\Skripsi\Experiment_TA\data\raw\RGB1\S45\AC7\RGB1_SUB45ACT7F91.jpg,1,1,0.9615030288696289
763,45,8,1,D:\Skripsi\Experiment_TA\data\raw\RGB1\S45\AC8\RGB1_SUB45ACT8F1.jpg,1,1,0.711064338684082
764,45,8,121,D:\Skripsi\Experiment_TA\data\raw\RGB1\S45\AC8\RGB1_SUB45ACT8F121.jpg,1,1,0.9405078887939453
765,45,8,151,D:\Skripsi\Experiment_TA\data\raw\RGB1\S45\AC8\RGB1_SUB45ACT8F151.jpg,1,1,0.9213127493858337
766,45,8,181,D:\Skripsi\Experiment_TA\data\raw\RGB1\S45\AC8\RGB1_SUB45ACT8F181.jpg,1,1,0.8504936099052429
767,45,8,211,D:\Skripsi\Experiment_TA\data\raw\RGB1\S45\AC8\RGB1_SUB45ACT8F211.jpg,1,1,0.9667633771896362
768,45,8,31,D:\Skripsi\Experiment_TA\data\raw\RGB1\S45\AC8\RGB1_SUB45ACT8F31.jpg,1,1,0.8855569958686829
769,45,8,61,D:\Skripsi\Experiment_TA\data\raw\RGB1\S45\AC8\RGB1_SUB45ACT8F61.jpg,1,1,0.9750281572341919
770,45,8,91,D:\Skripsi\Experiment_TA\data\raw\RGB1\S45\AC8\RGB1_SUB45ACT8F91.jpg,1,1,0.8659389615058899
771,45,9,1,D:\Skripsi\Experiment_TA\data\raw\RGB1\S45\AC9\RGB1_SUB45ACT9F1.jpg,1,1,0.7230944633483887
772,45,9,121,D:\Skripsi\Experiment_TA\data\raw\RGB1\S45\AC9\RGB1_SUB45ACT9F121.jpg,1,1,0.5593805909156799
773,45,9,151,D:\Skripsi\Experiment_TA\data\raw\RGB1\S45\AC9\RGB1_SUB45ACT9F151.jpg,1,1,0.7555150389671326
774,45,9,181,D:\Skripsi\Experiment_TA\data\raw\RGB1\S45\AC9\RGB1_SUB45ACT9F181.jpg,1,1,0.9706444144248962
775,45,9,211,D:\Skripsi\Experiment_TA\data\raw\RGB1\S45\AC9\RGB1_SUB45ACT9F211.jpg,1,1,0.6315085887908936
776,45,9,31,D:\Skripsi\Experiment_TA\data\raw\RGB1\S45\AC9\RGB1_SUB45ACT9F31.jpg,1,1,0.9598007798194885
777,45,9,61,D:\Skripsi\Experiment_TA\data\raw\RGB1\S45\AC9\RGB1_SUB45ACT9F61.jpg,1,1,0.5440286993980408
778,45,9,91,D:\Skripsi\Experiment_TA\data\raw\RGB1\S45\AC9\RGB1_SUB45ACT9F91.jpg,1,1,0.9825598001480103
779,46,1,1,D:\Skripsi\Experiment_TA\data\raw\RGB1\S46\AC1\RGB1_SUB46ACT1F1.jpg,0,0,0.2999807894229889
780,46,1,121,D:\Skripsi\Experiment_TA\data\raw\RGB1\S46\AC1\RGB1_SUB46ACT1F121.jpg,0,0,0.1826671063899994
781,46,1,151,D:\Skripsi\Experiment_TA\data\raw\RGB1\S46\AC1\RGB1_SUB46ACT1F151.jpg,0,0,0.29800817370414734
782,46,1,181,D:\Skripsi\Experiment_TA\data\raw\RGB1\S46\AC1\RGB1_SUB46ACT1F181.jpg,0,0,0.221109077334404
783,46,1,211,D:\Skripsi\Experiment_TA\data\raw\RGB1\S46\AC1\RGB1_SUB46ACT1F211.jpg,0,0,0.22666135430335999
784,46,1,241,D:\Skripsi\Experiment_TA\data\raw\RGB1\S46\AC1\RGB1_SUB46ACT1F241.jpg,0,0,0.2974943518638611
785,46,1,31,D:\Skripsi\Experiment_TA\data\raw\RGB1\S46\AC1\RGB1_SUB46ACT1F31.jpg,0,0,0.23244355618953705
786,46,1,61,D:\Skripsi\Experiment_TA\data\raw\RGB1\S46\AC1\RGB1_SUB46ACT1F61.jpg,0,0,0.26836198568344116
787,46,1,91,D:\Skripsi\Experiment_TA\data\raw\RGB1\S46\AC1\RGB1_SUB46ACT1F91.jpg,0,0,0.2687951326370239
788,46,5,1,D:\Skripsi\Experiment_TA\data\raw\RGB1\S46\AC5\RGB1_SUB46ACT5F1.jpg,1,0,0.4356794059276581
789,46,5,121,D:\Skripsi\Experiment_TA\data\raw\RGB1\S46\AC5\RGB1_SUB46ACT5F121.jpg,1,0,0.4275023341178894
790,46,5,31,D:\Skripsi\Experiment_TA\data\raw\RGB1\S46\AC5\RGB1_SUB46ACT5F31.jpg,1,0,0.3326176404953003
791,46,5,61,D:\Skripsi\Experiment_TA\data\raw\RGB1\S46\AC5\RGB1_SUB46ACT5F61.jpg,1,1,0.5684157013893127
792,46,5,91,D:\Skripsi\Experiment_TA\data\raw\RGB1\S46\AC5\RGB1_SUB46ACT5F91.jpg,1,0,0.3919622004032135
793,46,6,1,D:\Skripsi\Experiment_TA\data\raw\RGB1\S46\AC6\RGB1_SUB46ACT6F1.jpg,1,1,0.8667363524436951
794,46,6,121,D:\Skripsi\Experiment_TA\data\raw\RGB1\S46\AC6\RGB1_SUB46ACT6F121.jpg,1,1,0.5878408551216125
795,46,6,31,D:\Skripsi\Experiment_TA\data\raw\RGB1\S46\AC6\RGB1_SUB46ACT6F31.jpg,1,1,0.8946018218994141
796,46,6,61,D:\Skripsi\Experiment_TA\data\raw\RGB1\S46\AC6\RGB1_SUB46ACT6F61.jpg,1,1,0.8950576186180115
797,46,6,91,D:\Skripsi\Experiment_TA\data\raw\RGB1\S46\AC6\RGB1_SUB46ACT6F91.jpg,1,1,0.5317768454551697
798,46,7,1,D:\Skripsi\Experiment_TA\data\raw\RGB1\S46\AC7\RGB1_SUB46ACT7F1.jpg,1,1,0.953189492225647
799,46,7,121,D:\Skripsi\Experiment_TA\data\raw\RGB1\S46\AC7\RGB1_SUB46ACT7F121.jpg,1,1,0.9281161427497864
800,46,7,31,D:\Skripsi\Experiment_TA\data\raw\RGB1\S46\AC7\RGB1_SUB46ACT7F31.jpg,1,1,0.9491016268730164
801,46,7,61,D:\Skripsi\Experiment_TA\data\raw\RGB1\S46\AC7\RGB1_SUB46ACT7F61.jpg,1,1,0.917889416217804
802,46,7,91,D:\Skripsi\Experiment_TA\data\raw\RGB1\S46\AC7\RGB1_SUB46ACT7F91.jpg,1,1,0.9879006147384644
803,46,8,1,D:\Skripsi\Experiment_TA\data\raw\RGB1\S46\AC8\RGB1_SUB46ACT8F1.jpg,1,1,0.9419716596603394
804,46,8,121,D:\Skripsi\Experiment_TA\data\raw\RGB1\S46\AC8\RGB1_SUB46ACT8F121.jpg,1,1,0.8385602831840515
805,46,8,151,D:\Skripsi\Experiment_TA\data\raw\RGB1\S46\AC8\RGB1_SUB46ACT8F151.jpg,1,1,0.9199079871177673
806,46,8,31,D:\Skripsi\Experiment_TA\data\raw\RGB1\S46\AC8\RGB1_SUB46ACT8F31.jpg,1,1,0.8825507760047913
807,46,8,61,D:\Skripsi\Experiment_TA\data\raw\RGB1\S46\AC8\RGB1_SUB46ACT8F61.jpg,1,1,0.9040861129760742
808,46,8,91,D:\Skripsi\Experiment_TA\data\raw\RGB1\S46\AC8\RGB1_SUB46ACT8F91.jpg,1,1,0.615763247013092
809,46,9,1,D:\Skripsi\Experiment_TA\data\raw\RGB1\S46\AC9\RGB1_SUB46ACT9F1.jpg,1,1,0.840263307094574
810,46,9,31,D:\Skripsi\Experiment_TA\data\raw\RGB1\S46\AC9\RGB1_SUB46ACT9F31.jpg,1,0,0.49133700132369995
811,46,9,61,D:\Skripsi\Experiment_TA\data\raw\RGB1\S46\AC9\RGB1_SUB46ACT9F61.jpg,1,1,0.579932451248169
812,47,1,1,D:\Skripsi\Experiment_TA\data\raw\RGB1\S47\AC1\RGB1_SUB47ACT1F1.jpg,0,0,0.08766379207372665
813,47,1,121,D:\Skripsi\Experiment_TA\data\raw\RGB1\S47\AC1\RGB1_SUB47ACT1F121.jpg,0,0,0.28299155831336975
814,47,1,151,D:\Skripsi\Experiment_TA\data\raw\RGB1\S47\AC1\RGB1_SUB47ACT1F151.jpg,0,0,0.2612515389919281
815,47,1,181,D:\Skripsi\Experiment_TA\data\raw\RGB1\S47\AC1\RGB1_SUB47ACT1F181.jpg,0,0,0.495006799697876
816,47,1,31,D:\Skripsi\Experiment_TA\data\raw\RGB1\S47\AC1\RGB1_SUB47ACT1F31.jpg,0,0,0.19766975939273834
817,47,1,61,D:\Skripsi\Experiment_TA\data\raw\RGB1\S47\AC1\RGB1_SUB47ACT1F61.jpg,0,0,0.15108230710029602
818,47,1,91,D:\Skripsi\Experiment_TA\data\raw\RGB1\S47\AC1\RGB1_SUB47ACT1F91.jpg,0,0,0.13396944105625153
819,47,5,1,D:\Skripsi\Experiment_TA\data\raw\RGB1\S47\AC5\RGB1_SUB47ACT5F1.jpg,1,1,0.8431284427642822
820,47,5,31,D:\Skripsi\Experiment_TA\data\raw\RGB1\S47\AC5\RGB1_SUB47ACT5F31.jpg,1,1,0.9186089038848877
821,47,5,61,D:\Skripsi\Experiment_TA\data\raw\RGB1\S47\AC5\RGB1_SUB47ACT5F61.jpg,1,1,0.6393271684646606
822,47,5,91,D:\Skripsi\Experiment_TA\data\raw\RGB1\S47\AC5\RGB1_SUB47ACT5F91.jpg,1,1,0.7646023035049438
823,47,6,1,D:\Skripsi\Experiment_TA\data\raw\RGB1\S47\AC6\RGB1_SUB47ACT6F1.jpg,1,1,0.773460865020752
824,47,6,31,D:\Skripsi\Experiment_TA\data\raw\RGB1\S47\AC6\RGB1_SUB47ACT6F31.jpg,1,1,0.667834460735321
825,47,6,61,D:\Skripsi\Experiment_TA\data\raw\RGB1\S47\AC6\RGB1_SUB47ACT6F61.jpg,1,1,0.687059760093689
826,47,6,91,D:\Skripsi\Experiment_TA\data\raw\RGB1\S47\AC6\RGB1_SUB47ACT6F91.jpg,1,1,0.6736746430397034
827,47,7,1,D:\Skripsi\Experiment_TA\data\raw\RGB1\S47\AC7\RGB1_SUB47ACT7F1.jpg,1,1,0.9637166261672974
828,47,7,121,D:\Skripsi\Experiment_TA\data\raw\RGB1\S47\AC7\RGB1_SUB47ACT7F121.jpg,1,1,0.9434704184532166
829,47,7,151,D:\Skripsi\Experiment_TA\data\raw\RGB1\S47\AC7\RGB1_SUB47ACT7F151.jpg,1,1,0.9841896891593933
830,47,7,31,D:\Skripsi\Experiment_TA\data\raw\RGB1\S47\AC7\RGB1_SUB47ACT7F31.jpg,1,1,0.950545072555542
831,47,7,61,D:\Skripsi\Experiment_TA\data\raw\RGB1\S47\AC7\RGB1_SUB47ACT7F61.jpg,1,1,0.9068055748939514
832,47,7,91,D:\Skripsi\Experiment_TA\data\raw\RGB1\S47\AC7\RGB1_SUB47ACT7F91.jpg,1,1,0.9075238704681396
833,47,8,1,D:\Skripsi\Experiment_TA\data\raw\RGB1\S47\AC8\RGB1_SUB47ACT8F1.jpg,1,1,0.665608286857605
834,47,8,121,D:\Skripsi\Experiment_TA\data\raw\RGB1\S47\AC8\RGB1_SUB47ACT8F121.jpg,1,1,0.6854067444801331
835,47,8,151,D:\Skripsi\Experiment_TA\data\raw\RGB1\S47\AC8\RGB1_SUB47ACT8F151.jpg,1,1,0.8013419508934021
836,47,8,31,D:\Skripsi\Experiment_TA\data\raw\RGB1\S47\AC8\RGB1_SUB47ACT8F31.jpg,1,1,0.6435873508453369
837,47,8,61,D:\Skripsi\Experiment_TA\data\raw\RGB1\S47\AC8\RGB1_SUB47ACT8F61.jpg,1,1,0.8875443935394287
838,47,8,91,D:\Skripsi\Experiment_TA\data\raw\RGB1\S47\AC8\RGB1_SUB47ACT8F91.jpg,1,1,0.7880725264549255
839,47,9,1,D:\Skripsi\Experiment_TA\data\raw\RGB1\S47\AC9\RGB1_SUB47ACT9F1.jpg,1,1,0.9795429706573486
840,47,9,121,D:\Skripsi\Experiment_TA\data\raw\RGB1\S47\AC9\RGB1_SUB47ACT9F121.jpg,1,1,0.6778815984725952
841,47,9,151,D:\Skripsi\Experiment_TA\data\raw\RGB1\S47\AC9\RGB1_SUB47ACT9F151.jpg,1,1,0.9276613593101501
842,47,9,31,D:\Skripsi\Experiment_TA\data\raw\RGB1\S47\AC9\RGB1_SUB47ACT9F31.jpg,1,1,0.8336440920829773
843,47,9,61,D:\Skripsi\Experiment_TA\data\raw\RGB1\S47\AC9\RGB1_SUB47ACT9F61.jpg,1,1,0.9332363605499268
844,47,9,91,D:\Skripsi\Experiment_TA\data\raw\RGB1\S47\AC9\RGB1_SUB47ACT9F91.jpg,1,1,0.8482319116592407
845,48,1,1,D:\Skripsi\Experiment_TA\data\raw\RGB1\S48\AC1\RGB1_SUB48ACT1F1.jpg,0,0,0.39419418573379517
846,48,1,121,D:\Skripsi\Experiment_TA\data\raw\RGB1\S48\AC1\RGB1_SUB48ACT1F121.jpg,0,1,0.5561326146125793
847,48,1,31,D:\Skripsi\Experiment_TA\data\raw\RGB1\S48\AC1\RGB1_SUB48ACT1F31.jpg,0,0,0.4507978856563568
848,48,1,61,D:\Skripsi\Experiment_TA\data\raw\RGB1\S48\AC1\RGB1_SUB48ACT1F61.jpg,0,1,0.5585423707962036
849,48,1,91,D:\Skripsi\Experiment_TA\data\raw\RGB1\S48\AC1\RGB1_SUB48ACT1F91.jpg,0,0,0.3364419937133789
850,48,5,1,D:\Skripsi\Experiment_TA\data\raw\RGB1\S48\AC5\RGB1_SUB48ACT5F1.jpg,1,1,0.9203205704689026
851,48,5,121,D:\Skripsi\Experiment_TA\data\raw\RGB1\S48\AC5\RGB1_SUB48ACT5F121.jpg,1,1,0.8821686506271362
852,48,5,31,D:\Skripsi\Experiment_TA\data\raw\RGB1\S48\AC5\RGB1_SUB48ACT5F31.jpg,1,1,0.8696658611297607
853,48,5,61,D:\Skripsi\Experiment_TA\data\raw\RGB1\S48\AC5\RGB1_SUB48ACT5F61.jpg,1,1,0.9161629676818848
854,48,5,91,D:\Skripsi\Experiment_TA\data\raw\RGB1\S48\AC5\RGB1_SUB48ACT5F91.jpg,1,1,0.9716676473617554
855,48,6,1,D:\Skripsi\Experiment_TA\data\raw\RGB1\S48\AC6\RGB1_SUB48ACT6F1.jpg,1,1,0.9012877941131592
856,48,6,31,D:\Skripsi\Experiment_TA\data\raw\RGB1\S48\AC6\RGB1_SUB48ACT6F31.jpg,1,1,0.9582355618476868
857,48,6,61,D:\Skripsi\Experiment_TA\data\raw\RGB1\S48\AC6\RGB1_SUB48ACT6F61.jpg,1,1,0.7550107836723328
858,48,6,91,D:\Skripsi\Experiment_TA\data\raw\RGB1\S48\AC6\RGB1_SUB48ACT6F91.jpg,1,1,0.7409138679504395
859,48,7,1,D:\Skripsi\Experiment_TA\data\raw\RGB1\S48\AC7\RGB1_SUB48ACT7F1.jpg,1,1,0.9446501135826111
860,48,7,121,D:\Skripsi\Experiment_TA\data\raw\RGB1\S48\AC7\RGB1_SUB48ACT7F121.jpg,1,1,0.8990229964256287
861,48,7,151,D:\Skripsi\Experiment_TA\data\raw\RGB1\S48\AC7\RGB1_SUB48ACT7F151.jpg,1,1,0.88742995262146
862,48,7,181,D:\Skripsi\Experiment_TA\data\raw\RGB1\S48\AC7\RGB1_SUB48ACT7F181.jpg,1,1,0.9130237102508545
863,48,7,31,D:\Skripsi\Experiment_TA\data\raw\RGB1\S48\AC7\RGB1_SUB48ACT7F31.jpg,1,1,0.9561755061149597
864,48,7,61,D:\Skripsi\Experiment_TA\data\raw\RGB1\S48\AC7\RGB1_SUB48ACT7F61.jpg,1,1,0.991686999797821
865,48,7,91,D:\Skripsi\Experiment_TA\data\raw\RGB1\S48\AC7\RGB1_SUB48ACT7F91.jpg,1,1,0.9607843160629272
866,48,8,1,D:\Skripsi\Experiment_TA\data\raw\RGB1\S48\AC8\RGB1_SUB48ACT8F1.jpg,1,1,0.981884241104126
867,48,8,121,D:\Skripsi\Experiment_TA\data\raw\RGB1\S48\AC8\RGB1_SUB48ACT8F121.jpg,1,1,0.9054458141326904
868,48,8,151,D:\Skripsi\Experiment_TA\data\raw\RGB1\S48\AC8\RGB1_SUB48ACT8F151.jpg,1,1,0.7981280088424683
869,48,8,181,D:\Skripsi\Experiment_TA\data\raw\RGB1\S48\AC8\RGB1_SUB48ACT8F181.jpg,1,1,0.8448542952537537
870,48,8,31,D:\Skripsi\Experiment_TA\data\raw\RGB1\S48\AC8\RGB1_SUB48ACT8F31.jpg,1,1,0.9647060036659241
871,48,8,61,D:\Skripsi\Experiment_TA\data\raw\RGB1\S48\AC8\RGB1_SUB48ACT8F61.jpg,1,1,0.9579586386680603
872,48,8,91,D:\Skripsi\Experiment_TA\data\raw\RGB1\S48\AC8\RGB1_SUB48ACT8F91.jpg,1,1,0.9589706063270569
873,48,9,1,D:\Skripsi\Experiment_TA\data\raw\RGB1\S48\AC9\RGB1_SUB48ACT9F1.jpg,1,1,0.9582997560501099
874,48,9,121,D:\Skripsi\Experiment_TA\data\raw\RGB1\S48\AC9\RGB1_SUB48ACT9F121.jpg,1,1,0.7743597030639648
875,48,9,151,D:\Skripsi\Experiment_TA\data\raw\RGB1\S48\AC9\RGB1_SUB48ACT9F151.jpg,1,1,0.9504457712173462
876,48,9,31,D:\Skripsi\Experiment_TA\data\raw\RGB1\S48\AC9\RGB1_SUB48ACT9F31.jpg,1,1,0.9719781875610352
877,48,9,61,D:\Skripsi\Experiment_TA\data\raw\RGB1\S48\AC9\RGB1_SUB48ACT9F61.jpg,1,1,0.910085141658783
878,48,9,91,D:\Skripsi\Experiment_TA\data\raw\RGB1\S48\AC9\RGB1_SUB48ACT9F91.jpg,1,1,0.9094595909118652
879,49,1,1,D:\Skripsi\Experiment_TA\data\raw\RGB1\S49\AC1\RGB1_SUB49ACT1F1.jpg,0,1,0.6287294030189514
880,49,1,121,D:\Skripsi\Experiment_TA\data\raw\RGB1\S49\AC1\RGB1_SUB49ACT1F121.jpg,0,0,0.2620466947555542
881,49,1,151,D:\Skripsi\Experiment_TA\data\raw\RGB1\S49\AC1\RGB1_SUB49ACT1F151.jpg,0,0,0.23608997464179993
882,49,1,31,D:\Skripsi\Experiment_TA\data\raw\RGB1\S49\AC1\RGB1_SUB49ACT1F31.jpg,0,0,0.12620258331298828
883,49,1,61,D:\Skripsi\Experiment_TA\data\raw\RGB1\S49\AC1\RGB1_SUB49ACT1F61.jpg,0,0,0.22387029230594635
884,49,1,91,D:\Skripsi\Experiment_TA\data\raw\RGB1\S49\AC1\RGB1_SUB49ACT1F91.jpg,0,0,0.2536909282207489
885,49,5,1,D:\Skripsi\Experiment_TA\data\raw\RGB1\S49\AC5\RGB1_SUB49ACT5F1.jpg,1,1,0.7370215058326721
886,49,5,121,D:\Skripsi\Experiment_TA\data\raw\RGB1\S49\AC5\RGB1_SUB49ACT5F121.jpg,1,1,0.9890381097793579
887,49,5,151,D:\Skripsi\Experiment_TA\data\raw\RGB1\S49\AC5\RGB1_SUB49ACT5F151.jpg,1,1,0.688101589679718
888,49,5,31,D:\Skripsi\Experiment_TA\data\raw\RGB1\S49\AC5\RGB1_SUB49ACT5F31.jpg,1,1,0.9910305738449097
889,49,5,61,D:\Skripsi\Experiment_TA\data\raw\RGB1\S49\AC5\RGB1_SUB49ACT5F61.jpg,1,1,0.9770593047142029
890,49,5,91,D:\Skripsi\Experiment_TA\data\raw\RGB1\S49\AC5\RGB1_SUB49ACT5F91.jpg,1,1,0.939650297164917
891,49,6,1,D:\Skripsi\Experiment_TA\data\raw\RGB1\S49\AC6\RGB1_SUB49ACT6F1.jpg,1,1,0.9345480799674988
892,49,6,121,D:\Skripsi\Experiment_TA\data\raw\RGB1\S49\AC6\RGB1_SUB49ACT6F121.jpg,1,1,0.983366847038269
893,49,6,151,D:\Skripsi\Experiment_TA\data\raw\RGB1\S49\AC6\RGB1_SUB49ACT6F151.jpg,1,1,0.9672739505767822
894,49,6,181,D:\Skripsi\Experiment_TA\data\raw\RGB1\S49\AC6\RGB1_SUB49ACT6F181.jpg,1,1,0.9202860593795776
895,49,6,31,D:\Skripsi\Experiment_TA\data\raw\RGB1\S49\AC6\RGB1_SUB49ACT6F31.jpg,1,1,0.9625428318977356
896,49,6,61,D:\Skripsi\Experiment_TA\data\raw\RGB1\S49\AC6\RGB1_SUB49ACT6F61.jpg,1,1,0.952567994594574
897,49,6,91,D:\Skripsi\Experiment_TA\data\raw\RGB1\S49\AC6\RGB1_SUB49ACT6F91.jpg,1,1,0.9802651405334473
898,49,7,1,D:\Skripsi\Experiment_TA\data\raw\RGB1\S49\AC7\RGB1_SUB49ACT7F1.jpg,1,1,0.8438008427619934
899,49,7,121,D:\Skripsi\Experiment_TA\data\raw\RGB1\S49\AC7\RGB1_SUB49ACT7F121.jpg,1,1,0.826158881187439
900,49,7,31,D:\Skripsi\Experiment_TA\data\raw\RGB1\S49\AC7\RGB1_SUB49ACT7F31.jpg,1,1,0.9323079586029053
901,49,7,61,D:\Skripsi\Experiment_TA\data\raw\RGB1\S49\AC7\RGB1_SUB49ACT7F61.jpg,1,1,0.8794674873352051
902,49,7,91,D:\Skripsi\Experiment_TA\data\raw\RGB1\S49\AC7\RGB1_SUB49ACT7F91.jpg,1,1,0.8560047745704651
903,49,8,1,D:\Skripsi\Experiment_TA\data\raw\RGB1\S49\AC8\RGB1_SUB49ACT8F1.jpg,1,1,0.9511145949363708
904,49,8,121,D:\Skripsi\Experiment_TA\data\raw\RGB1\S49\AC8\RGB1_SUB49ACT8F121.jpg,1,1,0.7295861840248108
905,49,8,151,D:\Skripsi\Experiment_TA\data\raw\RGB1\S49\AC8\RGB1_SUB49ACT8F151.jpg,1,1,0.9400700330734253
906,49,8,181,D:\Skripsi\Experiment_TA\data\raw\RGB1\S49\AC8\RGB1_SUB49ACT8F181.jpg,1,1,0.8025684356689453
907,49,8,211,D:\Skripsi\Experiment_TA\data\raw\RGB1\S49\AC8\RGB1_SUB49ACT8F211.jpg,1,1,0.866564154624939
908,49,8,31,D:\Skripsi\Experiment_TA\data\raw\RGB1\S49\AC8\RGB1_SUB49ACT8F31.jpg,1,1,0.8640034794807434
909,49,8,61,D:\Skripsi\Experiment_TA\data\raw\RGB1\S49\AC8\RGB1_SUB49ACT8F61.jpg,1,1,0.9140321016311646
910,49,8,91,D:\Skripsi\Experiment_TA\data\raw\RGB1\S49\AC8\RGB1_SUB49ACT8F91.jpg,1,1,0.7391298413276672
911,49,9,1,D:\Skripsi\Experiment_TA\data\raw\RGB1\S49\AC9\RGB1_SUB49ACT9F1.jpg,1,1,0.9301193952560425
912,49,9,121,D:\Skripsi\Experiment_TA\data\raw\RGB1\S49\AC9\RGB1_SUB49ACT9F121.jpg,1,0,0.4816838204860687
913,49,9,151,D:\Skripsi\Experiment_TA\data\raw\RGB1\S49\AC9\RGB1_SUB49ACT9F151.jpg,1,1,0.9249690175056458
914,49,9,181,D:\Skripsi\Experiment_TA\data\raw\RGB1\S49\AC9\RGB1_SUB49ACT9F181.jpg,1,1,0.9454196095466614
915,49,9,31,D:\Skripsi\Experiment_TA\data\raw\RGB1\S49\AC9\RGB1_SUB49ACT9F31.jpg,1,1,0.5230811834335327
916,49,9,61,D:\Skripsi\Experiment_TA\data\raw\RGB1\S49\AC9\RGB1_SUB49ACT9F61.jpg,1,1,0.9920083284378052
917,49,9,91,D:\Skripsi\Experiment_TA\data\raw\RGB1\S49\AC9\RGB1_SUB49ACT9F91.jpg,1,0,0.4585215747356415
918,5,1,1,D:\Skripsi\Experiment_TA\data\raw\RGB1\S5\AC1\RGB1_SUB5ACT1F1.jpg,0,1,0.5009408593177795
919,5,1,121,D:\Skripsi\Experiment_TA\data\raw\RGB1\S5\AC1\RGB1_SUB5ACT1F121.jpg,0,0,0.3417186141014099
920,5,1,31,D:\Skripsi\Experiment_TA\data\raw\RGB1\S5\AC1\RGB1_SUB5ACT1F31.jpg,0,1,0.6851855516433716
921,5,1,61,D:\Skripsi\Experiment_TA\data\raw\RGB1\S5\AC1\RGB1_SUB5ACT1F61.jpg,0,0,0.49839937686920166
922,5,1,91,D:\Skripsi\Experiment_TA\data\raw\RGB1\S5\AC1\RGB1_SUB5ACT1F91.jpg,0,0,0.41114330291748047
923,5,5,1,D:\Skripsi\Experiment_TA\data\raw\RGB1\S5\AC5\RGB1_SUB5ACT5F1.jpg,1,1,0.5543734431266785
924,5,5,121,D:\Skripsi\Experiment_TA\data\raw\RGB1\S5\AC5\RGB1_SUB5ACT5F121.jpg,1,0,0.4837340712547302
925,5,5,31,D:\Skripsi\Experiment_TA\data\raw\RGB1\S5\AC5\RGB1_SUB5ACT5F31.jpg,1,0,0.4727991819381714
926,5,5,61,D:\Skripsi\Experiment_TA\data\raw\RGB1\S5\AC5\RGB1_SUB5ACT5F61.jpg,1,1,0.9162547588348389
927,5,5,91,D:\Skripsi\Experiment_TA\data\raw\RGB1\S5\AC5\RGB1_SUB5ACT5F91.jpg,1,1,0.8905166387557983
928,5,6,1,D:\Skripsi\Experiment_TA\data\raw\RGB1\S5\AC6\RGB1_SUB5ACT6F1.jpg,1,1,0.8991997838020325
929,5,6,121,D:\Skripsi\Experiment_TA\data\raw\RGB1\S5\AC6\RGB1_SUB5ACT6F121.jpg,1,1,0.7615395784378052
930,5,6,31,D:\Skripsi\Experiment_TA\data\raw\RGB1\S5\AC6\RGB1_SUB5ACT6F31.jpg,1,1,0.8609486222267151
931,5,6,61,D:\Skripsi\Experiment_TA\data\raw\RGB1\S5\AC6\RGB1_SUB5ACT6F61.jpg,1,1,0.8624085187911987
932,5,6,91,D:\Skripsi\Experiment_TA\data\raw\RGB1\S5\AC6\RGB1_SUB5ACT6F91.jpg,1,1,0.8388587832450867
933,5,7,1,D:\Skripsi\Experiment_TA\data\raw\RGB1\S5\AC7\RGB1_SUB5ACT7F1.jpg,1,1,0.9404590725898743
934,5,7,121,D:\Skripsi\Experiment_TA\data\raw\RGB1\S5\AC7\RGB1_SUB5ACT7F121.jpg,1,1,0.9812730550765991
935,5,7,151,D:\Skripsi\Experiment_TA\data\raw\RGB1\S5\AC7\RGB1_SUB5ACT7F151.jpg,1,1,0.9621248841285706
936,5,7,31,D:\Skripsi\Experiment_TA\data\raw\RGB1\S5\AC7\RGB1_SUB5ACT7F31.jpg,1,1,0.9860605001449585
937,5,7,61,D:\Skripsi\Experiment_TA\data\raw\RGB1\S5\AC7\RGB1_SUB5ACT7F61.jpg,1,1,0.9904114603996277
938,5,7,91,D:\Skripsi\Experiment_TA\data\raw\RGB1\S5\AC7\RGB1_SUB5ACT7F91.jpg,1,1,0.9885008335113525
939,5,8,1,D:\Skripsi\Experiment_TA\data\raw\RGB1\S5\AC8\RGB1_SUB5ACT8F1.jpg,1,1,0.9433507919311523
940,5,8,121,D:\Skripsi\Experiment_TA\data\raw\RGB1\S5\AC8\RGB1_SUB5ACT8F121.jpg,1,1,0.6320419311523438
941,5,8,151,D:\Skripsi\Experiment_TA\data\raw\RGB1\S5\AC8\RGB1_SUB5ACT8F151.jpg,1,1,0.6446115374565125
942,5,8,31,D:\Skripsi\Experiment_TA\data\raw\RGB1\S5\AC8\RGB1_SUB5ACT8F31.jpg,1,1,0.6469919681549072
943,5,8,61,D:\Skripsi\Experiment_TA\data\raw\RGB1\S5\AC8\RGB1_SUB5ACT8F61.jpg,1,1,0.7884483337402344
944,5,8,91,D:\Skripsi\Experiment_TA\data\raw\RGB1\S5\AC8\RGB1_SUB5ACT8F91.jpg,1,1,0.8716599941253662
945,5,9,1,D:\Skripsi\Experiment_TA\data\raw\RGB1\S5\AC9\RGB1_SUB5ACT9F1.jpg,1,1,0.5788068175315857
946,5,9,121,D:\Skripsi\Experiment_TA\data\raw\RGB1\S5\AC9\RGB1_SUB5ACT9F121.jpg,1,1,0.8321400880813599
947,5,9,151,D:\Skripsi\Experiment_TA\data\raw\RGB1\S5\AC9\RGB1_SUB5ACT9F151.jpg,1,1,0.8738382458686829
948,5,9,31,D:\Skripsi\Experiment_TA\data\raw\RGB1\S5\AC9\RGB1_SUB5ACT9F31.jpg,1,1,0.5866052508354187
949,5,9,61,D:\Skripsi\Experiment_TA\data\raw\RGB1\S5\AC9\RGB1_SUB5ACT9F61.jpg,1,1,0.764427125453949
950,5,9,91,D:\Skripsi\Experiment_TA\data\raw\RGB1\S5\AC9\RGB1_SUB5ACT9F91.jpg,1,1,0.894429087638855
951,50,1,1,D:\Skripsi\Experiment_TA\data\raw\RGB1\S50\AC1\RGB1_SUB50ACT1F1.jpg,0,0,0.26644518971443176
952,50,1,31,D:\Skripsi\Experiment_TA\data\raw\RGB1\S50\AC1\RGB1_SUB50ACT1F31.jpg,0,0,0.1844123750925064
953,50,1,61,D:\Skripsi\Experiment_TA\data\raw\RGB1\S50\AC1\RGB1_SUB50ACT1F61.jpg,0,0,0.2159406691789627
954,50,1,91,D:\Skripsi\Experiment_TA\data\raw\RGB1\S50\AC1\RGB1_SUB50ACT1F91.jpg,0,0,0.4599918723106384
955,50,5,1,D:\Skripsi\Experiment_TA\data\raw\RGB1\S50\AC5\RGB1_SUB50ACT5F1.jpg,1,1,0.8618432879447937
956,50,5,121,D:\Skripsi\Experiment_TA\data\raw\RGB1\S50\AC5\RGB1_SUB50ACT5F121.jpg,1,1,0.9671140313148499
957,50,5,31,D:\Skripsi\Experiment_TA\data\raw\RGB1\S50\AC5\RGB1_SUB50ACT5F31.jpg,1,1,0.7893458604812622
958,50,5,61,D:\Skripsi\Experiment_TA\data\raw\RGB1\S50\AC5\RGB1_SUB50ACT5F61.jpg,1,1,0.780159592628479
959,50,5,91,D:\Skripsi\Experiment_TA\data\raw\RGB1\S50\AC5\RGB1_SUB50ACT5F91.jpg,1,1,0.9444339871406555
960,50,6,1,D:\Skripsi\Experiment_TA\data\raw\RGB1\S50\AC6\RGB1_SUB50ACT6F1.jpg,1,1,0.591812789440155
961,50,6,121,D:\Skripsi\Experiment_TA\data\raw\RGB1\S50\AC6\RGB1_SUB50ACT6F121.jpg,1,1,0.6641669869422913
962,50,6,31,D:\Skripsi\Experiment_TA\data\raw\RGB1\S50\AC6\RGB1_SUB50ACT6F31.jpg,1,1,0.7972356677055359
963,50,6,61,D:\Skripsi\Experiment_TA\data\raw\RGB1\S50\AC6\RGB1_SUB50ACT6F61.jpg,1,1,0.5265733003616333
964,50,6,91,D:\Skripsi\Experiment_TA\data\raw\RGB1\S50\AC6\RGB1_SUB50ACT6F91.jpg,1,1,0.7794152498245239
965,50,7,1,D:\Skripsi\Experiment_TA\data\raw\RGB1\S50\AC7\RGB1_SUB50ACT7F1.jpg,1,1,0.876314640045166
966,50,7,121,D:\Skripsi\Experiment_TA\data\raw\RGB1\S50\AC7\RGB1_SUB50ACT7F121.jpg,1,1,0.9588266015052795
967,50,7,31,D:\Skripsi\Experiment_TA\data\raw\RGB1\S50\AC7\RGB1_SUB50ACT7F31.jpg,1,1,0.9580107927322388
968,50,7,61,D:\Skripsi\Experiment_TA\data\raw\RGB1\S50\AC7\RGB1_SUB50ACT7F61.jpg,1,1,0.9871609210968018
969,50,7,91,D:\Skripsi\Experiment_TA\data\raw\RGB1\S50\AC7\RGB1_SUB50ACT7F91.jpg,1,1,0.9878143072128296
970,50,8,1,D:\Skripsi\Experiment_TA\data\raw\RGB1\S50\AC8\RGB1_SUB50ACT8F1.jpg,1,1,0.6698647141456604
971,50,8,121,D:\Skripsi\Experiment_TA\data\raw\RGB1\S50\AC8\RGB1_SUB50ACT8F121.jpg,1,1,0.7849968075752258
972,50,8,151,D:\Skripsi\Experiment_TA\data\raw\RGB1\S50\AC8\RGB1_SUB50ACT8F151.jpg,1,1,0.8054134249687195
973,50,8,181,D:\Skripsi\Experiment_TA\data\raw\RGB1\S50\AC8\RGB1_SUB50ACT8F181.jpg,1,1,0.5921868681907654
974,50,8,211,D:\Skripsi\Experiment_TA\data\raw\RGB1\S50\AC8\RGB1_SUB50ACT8F211.jpg,1,1,0.8933143615722656
975,50,8,31,D:\Skripsi\Experiment_TA\data\raw\RGB1\S50\AC8\RGB1_SUB50ACT8F31.jpg,1,1,0.9212353825569153
976,50,8,61,D:\Skripsi\Experiment_TA\data\raw\RGB1\S50\AC8\RGB1_SUB50ACT8F61.jpg,1,1,0.9009754061698914
977,50,8,91,D:\Skripsi\Experiment_TA\data\raw\RGB1\S50\AC8\RGB1_SUB50ACT8F91.jpg,1,1,0.9300621151924133
978,50,9,1,D:\Skripsi\Experiment_TA\data\raw\RGB1\S50\AC9\RGB1_SUB50ACT9F1.jpg,1,1,0.9131926894187927
979,50,9,121,D:\Skripsi\Experiment_TA\data\raw\RGB1\S50\AC9\RGB1_SUB50ACT9F121.jpg,1,1,0.6095843315124512
980,50,9,151,D:\Skripsi\Experiment_TA\data\raw\RGB1\S50\AC9\RGB1_SUB50ACT9F151.jpg,1,1,0.9595401287078857
981,50,9,181,D:\Skripsi\Experiment_TA\data\raw\RGB1\S50\AC9\RGB1_SUB50ACT9F181.jpg,1,1,0.9837914705276489
982,50,9,31,D:\Skripsi\Experiment_TA\data\raw\RGB1\S50\AC9\RGB1_SUB50ACT9F31.jpg,1,1,0.9525868892669678
983,50,9,61,D:\Skripsi\Experiment_TA\data\raw\RGB1\S50\AC9\RGB1_SUB50ACT9F61.jpg,1,1,0.9306086897850037
984,50,9,91,D:\Skripsi\Experiment_TA\data\raw\RGB1\S50\AC9\RGB1_SUB50ACT9F91.jpg,1,1,0.8711321353912354
985,6,1,1,D:\Skripsi\Experiment_TA\data\raw\RGB1\S6\AC1\RGB1_SUB6ACT1F1.jpg,0,0,0.35120806097984314
986,6,1,121,D:\Skripsi\Experiment_TA\data\raw\RGB1\S6\AC1\RGB1_SUB6ACT1F121.jpg,0,0,0.3748609721660614
987,6,1,31,D:\Skripsi\Experiment_TA\data\raw\RGB1\S6\AC1\RGB1_SUB6ACT1F31.jpg,0,0,0.26960641145706177
988,6,1,61,D:\Skripsi\Experiment_TA\data\raw\RGB1\S6\AC1\RGB1_SUB6ACT1F61.jpg,0,0,0.2968771159648895
989,6,1,91,D:\Skripsi\Experiment_TA\data\raw\RGB1\S6\AC1\RGB1_SUB6ACT1F91.jpg,0,0,0.13775324821472168
990,6,5,1,D:\Skripsi\Experiment_TA\data\raw\RGB1\S6\AC5\RGB1_SUB6ACT5F1.jpg,1,1,0.714367687702179
991,6,5,121,D:\Skripsi\Experiment_TA\data\raw\RGB1\S6\AC5\RGB1_SUB6ACT5F121.jpg,1,1,0.7635617852210999
992,6,5,31,D:\Skripsi\Experiment_TA\data\raw\RGB1\S6\AC5\RGB1_SUB6ACT5F31.jpg,1,1,0.9445430636405945
993,6,5,61,D:\Skripsi\Experiment_TA\data\raw\RGB1\S6\AC5\RGB1_SUB6ACT5F61.jpg,1,1,0.9833153486251831
994,6,5,91,D:\Skripsi\Experiment_TA\data\raw\RGB1\S6\AC5\RGB1_SUB6ACT5F91.jpg,1,1,0.9899901151657104
995,6,6,1,D:\Skripsi\Experiment_TA\data\raw\RGB1\S6\AC6\RGB1_SUB6ACT6F1.jpg,1,1,0.9401111602783203
996,6,6,121,D:\Skripsi\Experiment_TA\data\raw\RGB1\S6\AC6\RGB1_SUB6ACT6F121.jpg,1,1,0.914922833442688
997,6,6,151,D:\Skripsi\Experiment_TA\data\raw\RGB1\S6\AC6\RGB1_SUB6ACT6F151.jpg,1,1,0.8977099061012268
998,6,6,31,D:\Skripsi\Experiment_TA\data\raw\RGB1\S6\AC6\RGB1_SUB6ACT6F31.jpg,1,1,0.9658506512641907
999,6,6,61,D:\Skripsi\Experiment_TA\data\raw\RGB1\S6\AC6\RGB1_SUB6ACT6F61.jpg,1,1,0.8741217255592346
1000,6,6,91,D:\Skripsi\Experiment_TA\data\raw\RGB1\S6\AC6\RGB1_SUB6ACT6F91.jpg,1,1,0.6898735761642456
1001,6,7,1,D:\Skripsi\Experiment_TA\data\raw\RGB1\S6\AC7\RGB1_SUB6ACT7F1.jpg,1,0,0.3218711018562317
1002,6,7,121,D:\Skripsi\Experiment_TA\data\raw\RGB1\S6\AC7\RGB1_SUB6ACT7F121.jpg,1,1,0.9238964319229126
1003,6,7,31,D:\Skripsi\Experiment_TA\data\raw\RGB1\S6\AC7\RGB1_SUB6ACT7F31.jpg,1,1,0.934883713722229
1004,6,7,61,D:\Skripsi\Experiment_TA\data\raw\RGB1\S6\AC7\RGB1_SUB6ACT7F61.jpg,1,1,0.9461988210678101
1005,6,7,91,D:\Skripsi\Experiment_TA\data\raw\RGB1\S6\AC7\RGB1_SUB6ACT7F91.jpg,1,1,0.9923231601715088
1006,6,8,1,D:\Skripsi\Experiment_TA\data\raw\RGB1\S6\AC8\RGB1_SUB6ACT8F1.jpg,1,0,0.48460853099823
1007,6,8,121,D:\Skripsi\Experiment_TA\data\raw\RGB1\S6\AC8\RGB1_SUB6ACT8F121.jpg,1,1,0.9107112884521484
1008,6,8,151,D:\Skripsi\Experiment_TA\data\raw\RGB1\S6\AC8\RGB1_SUB6ACT8F151.jpg,1,1,0.9391523003578186
1009,6,8,31,D:\Skripsi\Experiment_TA\data\raw\RGB1\S6\AC8\RGB1_SUB6ACT8F31.jpg,1,1,0.6206235289573669
1010,6,8,61,D:\Skripsi\Experiment_TA\data\raw\RGB1\S6\AC8\RGB1_SUB6ACT8F61.jpg,1,1,0.6973927021026611
1011,6,8,91,D:\Skripsi\Experiment_TA\data\raw\RGB1\S6\AC8\RGB1_SUB6ACT8F91.jpg,1,1,0.6471047401428223
1012,6,9,1,D:\Skripsi\Experiment_TA\data\raw\RGB1\S6\AC9\RGB1_SUB6ACT9F1.jpg,1,1,0.936538815498352
1013,6,9,121,D:\Skripsi\Experiment_TA\data\raw\RGB1\S6\AC9\RGB1_SUB6ACT9F121.jpg,1,1,0.6672018766403198
1014,6,9,151,D:\Skripsi\Experiment_TA\data\raw\RGB1\S6\AC9\RGB1_SUB6ACT9F151.jpg,1,1,0.978213906288147
1015,6,9,31,D:\Skripsi\Experiment_TA\data\raw\RGB1\S6\AC9\RGB1_SUB6ACT9F31.jpg,1,1,0.9440682530403137
1016,6,9,61,D:\Skripsi\Experiment_TA\data\raw\RGB1\S6\AC9\RGB1_SUB6ACT9F61.jpg,1,1,0.9515022039413452
1017,6,9,91,D:\Skripsi\Experiment_TA\data\raw\RGB1\S6\AC9\RGB1_SUB6ACT9F91.jpg,1,1,0.8181202411651611
1018,7,1,1,D:\Skripsi\Experiment_TA\data\raw\RGB1\S7\AC1\RGB1_SUB7ACT1F1.jpg,0,0,0.2176567167043686
1019,7,1,121,D:\Skripsi\Experiment_TA\data\raw\RGB1\S7\AC1\RGB1_SUB7ACT1F121.jpg,0,0,0.12821929156780243
1020,7,1,31,D:\Skripsi\Experiment_TA\data\raw\RGB1\S7\AC1\RGB1_SUB7ACT1F31.jpg,0,0,0.27571412920951843
1021,7,1,61,D:\Skripsi\Experiment_TA\data\raw\RGB1\S7\AC1\RGB1_SUB7ACT1F61.jpg,0,0,0.16775327920913696
1022,7,1,91,D:\Skripsi\Experiment_TA\data\raw\RGB1\S7\AC1\RGB1_SUB7ACT1F91.jpg,0,0,0.39795204997062683
1023,7,5,1,D:\Skripsi\Experiment_TA\data\raw\RGB1\S7\AC5\RGB1_SUB7ACT5F1.jpg,1,0,0.2114400416612625
1024,7,5,121,D:\Skripsi\Experiment_TA\data\raw\RGB1\S7\AC5\RGB1_SUB7ACT5F121.jpg,1,1,0.951953113079071
1025,7,5,31,D:\Skripsi\Experiment_TA\data\raw\RGB1\S7\AC5\RGB1_SUB7ACT5F31.jpg,1,1,0.8201066255569458
1026,7,5,61,D:\Skripsi\Experiment_TA\data\raw\RGB1\S7\AC5\RGB1_SUB7ACT5F61.jpg,1,1,0.8335558772087097
1027,7,5,91,D:\Skripsi\Experiment_TA\data\raw\RGB1\S7\AC5\RGB1_SUB7ACT5F91.jpg,1,1,0.8177347779273987
1028,7,6,1,D:\Skripsi\Experiment_TA\data\raw\RGB1\S7\AC6\RGB1_SUB7ACT6F1.jpg,1,0,0.4297025799751282
1029,7,6,121,D:\Skripsi\Experiment_TA\data\raw\RGB1\S7\AC6\RGB1_SUB7ACT6F121.jpg,1,1,0.8180446624755859
1030,7,6,31,D:\Skripsi\Experiment_TA\data\raw\RGB1\S7\AC6\RGB1_SUB7ACT6F31.jpg,1,1,0.5809118747711182
1031,7,6,61,D:\Skripsi\Experiment_TA\data\raw\RGB1\S7\AC6\RGB1_SUB7ACT6F61.jpg,1,0,0.3878079950809479
1032,7,6,91,D:\Skripsi\Experiment_TA\data\raw\RGB1\S7\AC6\RGB1_SUB7ACT6F91.jpg,1,1,0.8900734782218933
1033,7,7,1,D:\Skripsi\Experiment_TA\data\raw\RGB1\S7\AC7\RGB1_SUB7ACT7F1.jpg,1,0,0.17728255689144135
1034,7,7,121,D:\Skripsi\Experiment_TA\data\raw\RGB1\S7\AC7\RGB1_SUB7ACT7F121.jpg,1,1,0.9799557328224182
1035,7,7,151,D:\Skripsi\Experiment_TA\data\raw\RGB1\S7\AC7\RGB1_SUB7ACT7F151.jpg,1,1,0.9952057003974915
1036,7,7,31,D:\Skripsi\Experiment_TA\data\raw\RGB1\S7\AC7\RGB1_SUB7ACT7F31.jpg,1,1,0.9963774085044861
1037,7,7,61,D:\Skripsi\Experiment_TA\data\raw\RGB1\S7\AC7\RGB1_SUB7ACT7F61.jpg,1,1,0.9961981177330017
1038,7,7,91,D:\Skripsi\Experiment_TA\data\raw\RGB1\S7\AC7\RGB1_SUB7ACT7F91.jpg,1,1,0.9924945831298828
1039,7,8,1,D:\Skripsi\Experiment_TA\data\raw\RGB1\S7\AC8\RGB1_SUB7ACT8F1.jpg,1,1,0.7151668071746826
1040,7,8,121,D:\Skripsi\Experiment_TA\data\raw\RGB1\S7\AC8\RGB1_SUB7ACT8F121.jpg,1,1,0.942522406578064
1041,7,8,31,D:\Skripsi\Experiment_TA\data\raw\RGB1\S7\AC8\RGB1_SUB7ACT8F31.jpg,1,1,0.9656530618667603
1042,7,8,61,D:\Skripsi\Experiment_TA\data\raw\RGB1\S7\AC8\RGB1_SUB7ACT8F61.jpg,1,1,0.969077467918396
1043,7,8,91,D:\Skripsi\Experiment_TA\data\raw\RGB1\S7\AC8\RGB1_SUB7ACT8F91.jpg,1,1,0.9406406879425049
1044,7,9,1,D:\Skripsi\Experiment_TA\data\raw\RGB1\S7\AC9\RGB1_SUB7ACT9F1.jpg,1,1,0.6451423764228821
1045,7,9,121,D:\Skripsi\Experiment_TA\data\raw\RGB1\S7\AC9\RGB1_SUB7ACT9F121.jpg,1,1,0.8229140639305115
1046,7,9,31,D:\Skripsi\Experiment_TA\data\raw\RGB1\S7\AC9\RGB1_SUB7ACT9F31.jpg,1,1,0.9426111578941345
1047,7,9,61,D:\Skripsi\Experiment_TA\data\raw\RGB1\S7\AC9\RGB1_SUB7ACT9F61.jpg,1,1,0.9490535259246826
1048,7,9,91,D:\Skripsi\Experiment_TA\data\raw\RGB1\S7\AC9\RGB1_SUB7ACT9F91.jpg,1,1,0.9866021871566772
1049,9,1,1,D:\Skripsi\Experiment_TA\data\raw\RGB1\S9\AC1\RGB1_SUB9ACT1F1.jpg,0,0,0.17653870582580566
1050,9,1,121,D:\Skripsi\Experiment_TA\data\raw\RGB1\S9\AC1\RGB1_SUB9ACT1F121.jpg,0,0,0.45986834168434143
1051,9,1,151,D:\Skripsi\Experiment_TA\data\raw\RGB1\S9\AC1\RGB1_SUB9ACT1F151.jpg,0,0,0.17026032507419586
1052,9,1,31,D:\Skripsi\Experiment_TA\data\raw\RGB1\S9\AC1\RGB1_SUB9ACT1F31.jpg,0,0,0.13619312644004822
1053,9,1,61,D:\Skripsi\Experiment_TA\data\raw\RGB1\S9\AC1\RGB1_SUB9ACT1F61.jpg,0,0,0.1264084130525589
1054,9,1,91,D:\Skripsi\Experiment_TA\data\raw\RGB1\S9\AC1\RGB1_SUB9ACT1F91.jpg,0,0,0.17858080565929413
1055,9,5,1,D:\Skripsi\Experiment_TA\data\raw\RGB1\S9\AC5\RGB1_SUB9ACT5F1.jpg,1,1,0.6952009797096252
1056,9,5,121,D:\Skripsi\Experiment_TA\data\raw\RGB1\S9\AC5\RGB1_SUB9ACT5F121.jpg,1,1,0.9219835996627808
1057,9,5,151,D:\Skripsi\Experiment_TA\data\raw\RGB1\S9\AC5\RGB1_SUB9ACT5F151.jpg,1,1,0.7386810779571533
1058,9,5,31,D:\Skripsi\Experiment_TA\data\raw\RGB1\S9\AC5\RGB1_SUB9ACT5F31.jpg,1,1,0.741700291633606
1059,9,5,61,D:\Skripsi\Experiment_TA\data\raw\RGB1\S9\AC5\RGB1_SUB9ACT5F61.jpg,1,1,0.8927360773086548
1060,9,5,91,D:\Skripsi\Experiment_TA\data\raw\RGB1\S9\AC5\RGB1_SUB9ACT5F91.jpg,1,1,0.9404178261756897
1061,9,6,1,D:\Skripsi\Experiment_TA\data\raw\RGB1\S9\AC6\RGB1_SUB9ACT6F1.jpg,1,1,0.829619824886322
1062,9,6,121,D:\Skripsi\Experiment_TA\data\raw\RGB1\S9\AC6\RGB1_SUB9ACT6F121.jpg,1,1,0.7420874238014221
1063,9,6,31,D:\Skripsi\Experiment_TA\data\raw\RGB1\S9\AC6\RGB1_SUB9ACT6F31.jpg,1,1,0.7415162920951843
1064,9,6,61,D:\Skripsi\Experiment_TA\data\raw\RGB1\S9\AC6\RGB1_SUB9ACT6F61.jpg,1,1,0.8803278803825378
1065,9,6,91,D:\Skripsi\Experiment_TA\data\raw\RGB1\S9\AC6\RGB1_SUB9ACT6F91.jpg,1,1,0.6051591634750366
1066,9,7,1,D:\Skripsi\Experiment_TA\data\raw\RGB1\S9\AC7\RGB1_SUB9ACT7F1.jpg,1,0,0.45483139157295227
1067,9,7,121,D:\Skripsi\Experiment_TA\data\raw\RGB1\S9\AC7\RGB1_SUB9ACT7F121.jpg,1,1,0.7784737348556519
1068,9,7,151,D:\Skripsi\Experiment_TA\data\raw\RGB1\S9\AC7\RGB1_SUB9ACT7F151.jpg,1,1,0.9595468640327454
1069,9,7,181,D:\Skripsi\Experiment_TA\data\raw\RGB1\S9\AC7\RGB1_SUB9ACT7F181.jpg,1,1,0.9376245141029358
1070,9,7,31,D:\Skripsi\Experiment_TA\data\raw\RGB1\S9\AC7\RGB1_SUB9ACT7F31.jpg,1,1,0.8995384573936462
1071,9,7,61,D:\Skripsi\Experiment_TA\data\raw\RGB1\S9\AC7\RGB1_SUB9ACT7F61.jpg,1,1,0.9211663603782654
1072,9,7,91,D:\Skripsi\Experiment_TA\data\raw\RGB1\S9\AC7\RGB1_SUB9ACT7F91.jpg,1,1,0.9667308926582336
1073,9,8,1,D:\Skripsi\Experiment_TA\data\raw\RGB1\S9\AC8\RGB1_SUB9ACT8F1.jpg,1,0,0.4370250403881073
1074,9,8,121,D:\Skripsi\Experiment_TA\data\raw\RGB1\S9\AC8\RGB1_SUB9ACT8F121.jpg,1,1,0.5838426351547241
1075,9,8,31,D:\Skripsi\Experiment_TA\data\raw\RGB1\S9\AC8\RGB1_SUB9ACT8F31.jpg,1,1,0.5055556297302246
1076,9,8,61,D:\Skripsi\Experiment_TA\data\raw\RGB1\S9\AC8\RGB1_SUB9ACT8F61.jpg,1,1,0.7663537263870239
1077,9,8,91,D:\Skripsi\Experiment_TA\data\raw\RGB1\S9\AC8\RGB1_SUB9ACT8F91.jpg,1,1,0.7367171049118042
1078,9,9,1,D:\Skripsi\Experiment_TA\data\raw\RGB1\S9\AC9\RGB1_SUB9ACT9F1.jpg,1,1,0.7671311497688293
1079,9,9,121,D:\Skripsi\Experiment_TA\data\raw\RGB1\S9\AC9\RGB1_SUB9ACT9F121.jpg,1,1,0.5776668190956116
1080,9,9,151,D:\Skripsi\Experiment_TA\data\raw\RGB1\S9\AC9\RGB1_SUB9ACT9F151.jpg,1,1,0.8415026068687439
1081,9,9,31,D:\Skripsi\Experiment_TA\data\raw\RGB1\S9\AC9\RGB1_SUB9ACT9F31.jpg,1,1,0.9168062806129456
1082,9,9,61,D:\Skripsi\Experiment_TA\data\raw\RGB1\S9\AC9\RGB1_SUB9ACT9F61.jpg,1,1,0.8494147658348083
1083,9,9,91,D:\Skripsi\Experiment_TA\data\raw\RGB1\S9\AC9\RGB1_SUB9ACT9F91.jpg,1,1,0.5986332297325134
