row_index,subject_id,activity_id,frame,filepath,label,prediction,prob_phone
0,12,1,1,D:\Skripsi\Experiment_TA\data\raw\RGB2\S12\AC1\RGB2_SUB12ACT1F1.jpg,0,0,0.16942328214645386
1,12,1,121,D:\Skripsi\Experiment_TA\data\raw\RGB2\S12\AC1\RGB2_SUB12ACT1F121.jpg,0,0,0.39935755729675293
2,12,1,151,D:\Skripsi\Experiment_TA\data\raw\RGB2\S12\AC1\RGB2_SUB12ACT1F151.jpg,0,0,0.3592804968357086
3,12,1,31,D:\Skripsi\Experiment_TA\data\raw\RGB2\S12\AC1\RGB2_SUB12ACT1F31.jpg,0,0,0.09464377909898758
4,12,1,61,D:\Skripsi\Experiment_TA\data\raw\RGB2\S12\AC1\RGB2_SUB12ACT1F61.jpg,0,0,0.09792725741863251
5,12,1,91,D:\Skripsi\Experiment_TA\data\raw\RGB2\S12\AC1\RGB2_SUB12ACT1F91.jpg,0,1,0.8774926066398621
6,12,5,1,D:\Skripsi\Experiment_TA\data\raw\RGB2\S12\AC5\RGB2_SUB12ACT5F1.jpg,1,1,0.7004680633544922
7,12,5,121,D:\Skripsi\Experiment_TA\data\raw\RGB2\S12\AC5\RGB2_SUB12ACT5F121.jpg,1,0,0.4675339460372925
8,12,5,31,D:\Skripsi\Experiment_TA\data\raw\RGB2\S12\AC5\RGB2_SUB12ACT5F31.jpg,1,1,0.7478280067443848
9,12,5,61,D:\Skripsi\Experiment_TA\data\raw\RGB2\S12\AC5\RGB2_SUB12ACT5F61.jpg,1,1,0.6764021515846252
10,12,5,91,D:\Skripsi\Experiment_TA\data\raw\RGB2\S12\AC5\RGB2_SUB12ACT5F91.jpg,1,1,0.6602557897567749
11,12,6,1,D:\Skripsi\Experiment_TA\data\raw\RGB2\S12\AC6\RGB2_SUB12ACT6F1.jpg,1,1,0.6904370188713074
12,12,6,121,D:\Skripsi\Experiment_TA\data\raw\RGB2\S12\AC6\RGB2_SUB12ACT6F121.jpg,1,0,0.45377233624458313
13,12,6,151,D:\Skripsi\Experiment_TA\data\raw\RGB2\S12\AC6\RGB2_SUB12ACT6F151.jpg,1,1,0.7499465346336365
14,12,6,181,D:\Skripsi\Experiment_TA\data\raw\RGB2\S12\AC6\RGB2_SUB12ACT6F181.jpg,1,1,0.6163152456283569
15,12,6,31,D:\Skripsi\Experiment_TA\data\raw\RGB2\S12\AC6\RGB2_SUB12ACT6F31.jpg,1,1,0.8644238114356995
16,12,6,61,D:\Skripsi\Experiment_TA\data\raw\RGB2\S12\AC6\RGB2_SUB12ACT6F61.jpg,1,0,0.18136060237884521
17,12,6,91,D:\Skripsi\Experiment_TA\data\raw\RGB2\S12\AC6\RGB2_SUB12ACT6F91.jpg,1,0,0.3533042073249817
18,12,7,1,D:\Skripsi\Experiment_TA\data\raw\RGB2\S12\AC7\RGB2_SUB12ACT7F1.jpg,1,1,0.6325680017471313
19,12,7,121,D:\Skripsi\Experiment_TA\data\raw\RGB2\S12\AC7\RGB2_SUB12ACT7F121.jpg,1,1,0.6034066677093506
20,12,7,151,D:\Skripsi\Experiment_TA\data\raw\RGB2\S12\AC7\RGB2_SUB12ACT7F151.jpg,1,1,0.6320257186889648
21,12,7,181,D:\Skripsi\Experiment_TA\data\raw\RGB2\S12\AC7\RGB2_SUB12ACT7F181.jpg,1,1,0.614189088344574
22,12,7,211,D:\Skripsi\Experiment_TA\data\raw\RGB2\S12\AC7\RGB2_SUB12ACT7F211.jpg,1,1,0.5041640996932983
23,12,7,31,D:\Skripsi\Experiment_TA\data\raw\RGB2\S12\AC7\RGB2_SUB12ACT7F31.jpg,1,1,0.5708670616149902
24,12,7,61,D:\Skripsi\Experiment_TA\data\raw\RGB2\S12\AC7\RGB2_SUB12ACT7F61.jpg,1,1,0.593193531036377
25,12,7,91,D:\Skripsi\Experiment_TA\data\raw\RGB2\S12\AC7\RGB2_SUB12ACT7F91.jpg,1,1,0.6618664860725403
26,12,8,1,D:\Skripsi\Experiment_TA\data\raw\RGB2\S12\AC8\RGB2_SUB12ACT8F1.jpg,1,0,0.3089526295661926
27,12,8,121,D:\Skripsi\Experiment_TA\data\raw\RGB2\S12\AC8\RGB2_SUB12ACT8F121.jpg,1,1,0.9378086924552917
28,12,8,151,D:\Skripsi\Experiment_TA\data\raw\RGB2\S12\AC8\RGB2_SUB12ACT8F151.jpg,1,1,0.9161682724952698
29,12,8,31,D:\Skripsi\Experiment_TA\data\raw\RGB2\S12\AC8\RGB2_SUB12ACT8F31.jpg,1,1,0.7467730045318604
30,12,8,61,D:\Skripsi\Experiment_TA\data\raw\RGB2\S12\AC8\RGB2_SUB12ACT8F61.jpg,1,1,0.7620783448219299
31,12,8,91,D:\Skripsi\Experiment_TA\data\raw\RGB2\S12\AC8\RGB2_SUB12ACT8F91.jpg,1,1,0.8621741533279419
32,12,9,1,D:\Skripsi\Experiment_TA\data\raw\RGB2\S12\AC9\RGB2_SUB12ACT9F1.jpg,1,1,0.837002158164978
33,12,9,121,D:\Skripsi\Experiment_TA\data\raw\RGB2\S12\AC9\RGB2_SUB12ACT9F121.jpg,1,1,0.7604959607124329
34,12,9,151,D:\Skripsi\Experiment_TA\data\raw\RGB2\S12\AC9\RGB2_SUB12ACT9F151.jpg,1,1,0.7841538190841675
35,12,9,31,D:\Skripsi\Experiment_TA\data\raw\RGB2\S12\AC9\RGB2_SUB12ACT9F31.jpg,1,0,0.40038254857063293
36,12,9,61,D:\Skripsi\Experiment_TA\data\raw\RGB2\S12\AC9\RGB2_SUB12ACT9F61.jpg,1,1,0.6340745091438293
37,12,9,91,D:\Skripsi\Experiment_TA\data\raw\RGB2\S12\AC9\RGB2_SUB12ACT9F91.jpg,1,1,0.7217734456062317
38,13,1,1,D:\Skripsi\Experiment_TA\data\raw\RGB2\S13\AC1\RGB2_SUB13ACT1F1.jpg,0,1,0.5673637986183167
39,13,1,121,D:\Skripsi\Experiment_TA\data\raw\RGB2\S13\AC1\RGB2_SUB13ACT1F121.jpg,0,0,0.23169450461864471
40,13,1,31,D:\Skripsi\Experiment_TA\data\raw\RGB2\S13\AC1\RGB2_SUB13ACT1F31.jpg,0,0,0.07440318167209625
41,13,1,61,D:\Skripsi\Experiment_TA\data\raw\RGB2\S13\AC1\RGB2_SUB13ACT1F61.jpg,0,0,0.3825415372848511
42,13,1,91,D:\Skripsi\Experiment_TA\data\raw\RGB2\S13\AC1\RGB2_SUB13ACT1F91.jpg,0,0,0.135600745677948
43,13,5,1,D:\Skripsi\Experiment_TA\data\raw\RGB2\S13\AC5\RGB2_SUB13ACT5F1.jpg,1,1,0.7438111305236816
44,13,5,121,D:\Skripsi\Experiment_TA\data\raw\RGB2\S13\AC5\RGB2_SUB13ACT5F121.jpg,1,1,0.7929425835609436
45,13,5,31,D:\Skripsi\Experiment_TA\data\raw\RGB2\S13\AC5\RGB2_SUB13ACT5F31.jpg,1,1,0.7278743982315063
46,13,5,61,D:\Skripsi\Experiment_TA\data\raw\RGB2\S13\AC5\RGB2_SUB13ACT5F61.jpg,1,1,0.8121589422225952
47,13,5,91,D:\Skripsi\Experiment_TA\data\raw\RGB2\S13\AC5\RGB2_SUB13ACT5F91.jpg,1,1,0.6707285046577454
48,13,6,1,D:\Skripsi\Experiment_TA\data\raw\RGB2\S13\AC6\RGB2_SUB13ACT6F1.jpg,1,1,0.7001760005950928
49,13,6,31,D:\Skripsi\Experiment_TA\data\raw\RGB2\S13\AC6\RGB2_SUB13ACT6F31.jpg,1,1,0.620867908000946
50,13,6,61,D:\Skripsi\Experiment_TA\data\raw\RGB2\S13\AC6\RGB2_SUB13ACT6F61.jpg,1,1,0.786762535572052
51,13,6,91,D:\Skripsi\Experiment_TA\data\raw\RGB2\S13\AC6\RGB2_SUB13ACT6F91.jpg,1,0,0.46225836873054504
52,13,7,1,D:\Skripsi\Experiment_TA\data\raw\RGB2\S13\AC7\RGB2_SUB13ACT7F1.jpg,1,1,0.8372071385383606
53,13,7,121,D:\Skripsi\Experiment_TA\data\raw\RGB2\S13\AC7\RGB2_SUB13ACT7F121.jpg,1,1,0.9123902320861816
54,13,7,31,D:\Skripsi\Experiment_TA\data\raw\RGB2\S13\AC7\RGB2_SUB13ACT7F31.jpg,1,1,0.8578164577484131
55,13,7,61,D:\Skripsi\Experiment_TA\data\raw\RGB2\S13\AC7\RGB2_SUB13ACT7F61.jpg,1,1,0.8031519651412964
56,13,7,91,D:\Skripsi\Experiment_TA\data\raw\RGB2\S13\AC7\RGB2_SUB13ACT7F91.jpg,1,1,0.8940544724464417
57,13,8,1,D:\Skripsi\Experiment_TA\data\raw\RGB2\S13\AC8\RGB2_SUB13ACT8F1.jpg,1,1,0.8078461289405823
58,13,8,121,D:\Skripsi\Experiment_TA\data\raw\RGB2\S13\AC8\RGB2_SUB13ACT8F121.jpg,1,1,0.8870062828063965
59,13,8,31,D:\Skripsi\Experiment_TA\data\raw\RGB2\S13\AC8\RGB2_SUB13ACT8F31.jpg,1,1,0.5908545851707458
60,13,8,61,D:\Skripsi\Experiment_TA\data\raw\RGB2\S13\AC8\RGB2_SUB13ACT8F61.jpg,1,1,0.6791743636131287
61,13,8,91,D:\Skripsi\Experiment_TA\data\raw\RGB2\S13\AC8\RGB2_SUB13ACT8F91.jpg,1,1,0.8701657056808472
62,13,9,1,D:\Skripsi\Experiment_TA\data\raw\RGB2\S13\AC9\RGB2_SUB13ACT9F1.jpg,1,1,0.7191714644432068
63,13,9,121,D:\Skripsi\Experiment_TA\data\raw\RGB2\S13\AC9\RGB2_SUB13ACT9F121.jpg,1,1,0.9050363302230835
64,13,9,151,D:\Skripsi\Experiment_TA\data\raw\RGB2\S13\AC9\RGB2_SUB13ACT9F151.jpg,1,1,0.845590353012085
65,13,9,181,D:\Skripsi\Experiment_TA\data\raw\RGB2\S13\AC9\RGB2_SUB13ACT9F181.jpg,1,1,0.8732998371124268
66,13,9,31,D:\Skripsi\Experiment_TA\data\raw\RGB2\S13\AC9\RGB2_SUB13ACT9F31.jpg,1,1,0.9077458381652832
67,13,9,61,D:\Skripsi\Experiment_TA\data\raw\RGB2\S13\AC9\RGB2_SUB13ACT9F61.jpg,1,1,0.7367980480194092
68,13,9,91,D:\Skripsi\Experiment_TA\data\raw\RGB2\S13\AC9\RGB2_SUB13ACT9F91.jpg,1,1,0.7589082717895508
69,14,1,1,D:\Skripsi\Experiment_TA\data\raw\RGB2\S14\AC1\RGB2_SUB14ACT1F1.jpg,0,0,0.3549969792366028
70,14,1,31,D:\Skripsi\Experiment_TA\data\raw\RGB2\S14\AC1\RGB2_SUB14ACT1F31.jpg,0,0,0.38683345913887024
71,14,1,61,D:\Skripsi\Experiment_TA\data\raw\RGB2\S14\AC1\RGB2_SUB14ACT1F61.jpg,0,0,0.410393089056015
72,14,1,91,D:\Skripsi\Experiment_TA\data\raw\RGB2\S14\AC1\RGB2_SUB14ACT1F91.jpg,0,1,0.693150520324707
73,14,5,1,D:\Skripsi\Experiment_TA\data\raw\RGB2\S14\AC5\RGB2_SUB14ACT5F1.jpg,1,0,0.400558739900589
74,14,5,121,D:\Skripsi\Experiment_TA\data\raw\RGB2\S14\AC5\RGB2_SUB14ACT5F121.jpg,1,1,0.7462794780731201
75,14,5,31,D:\Skripsi\Experiment_TA\data\raw\RGB2\S14\AC5\RGB2_SUB14ACT5F31.jpg,1,1,0.7599199414253235
76,14,5,61,D:\Skripsi\Experiment_TA\data\raw\RGB2\S14\AC5\RGB2_SUB14ACT5F61.jpg,1,1,0.8367117643356323
77,14,5,91,D:\Skripsi\Experiment_TA\data\raw\RGB2\S14\AC5\RGB2_SUB14ACT5F91.jpg,1,1,0.7535717487335205
78,14,6,1,D:\Skripsi\Experiment_TA\data\raw\RGB2\S14\AC6\RGB2_SUB14ACT6F1.jpg,1,1,0.5132594704627991
79,14,6,31,D:\Skripsi\Experiment_TA\data\raw\RGB2\S14\AC6\RGB2_SUB14ACT6F31.jpg,1,0,0.31894123554229736
80,14,6,61,D:\Skripsi\Experiment_TA\data\raw\RGB2\S14\AC6\RGB2_SUB14ACT6F61.jpg,1,1,0.7794820666313171
81,14,6,91,D:\Skripsi\Experiment_TA\data\raw\RGB2\S14\AC6\RGB2_SUB14ACT6F91.jpg,1,1,0.6731064319610596
82,14,7,1,D:\Skripsi\Experiment_TA\data\raw\RGB2\S14\AC7\RGB2_SUB14ACT7F1.jpg,1,1,0.8082643747329712
83,14,7,31,D:\Skripsi\Experiment_TA\data\raw\RGB2\S14\AC7\RGB2_SUB14ACT7F31.jpg,1,1,0.7823958396911621
84,14,7,61,D:\Skripsi\Experiment_TA\data\raw\RGB2\S14\AC7\RGB2_SUB14ACT7F61.jpg,1,1,0.8434327244758606
85,14,7,91,D:\Skripsi\Experiment_TA\data\raw\RGB2\S14\AC7\RGB2_SUB14ACT7F91.jpg,1,1,0.8452105522155762
86,14,8,1,D:\Skripsi\Experiment_TA\data\raw\RGB2\S14\AC8\RGB2_SUB14ACT8F1.jpg,1,0,0.15874148905277252
87,14,8,121,D:\Skripsi\Experiment_TA\data\raw\RGB2\S14\AC8\RGB2_SUB14ACT8F121.jpg,1,1,0.5075711011886597
88,14,8,31,D:\Skripsi\Experiment_TA\data\raw\RGB2\S14\AC8\RGB2_SUB14ACT8F31.jpg,1,0,0.27075058221817017
89,14,8,61,D:\Skripsi\Experiment_TA\data\raw\RGB2\S14\AC8\RGB2_SUB14ACT8F61.jpg,1,0,0.37402963638305664
90,14,8,91,D:\Skripsi\Experiment_TA\data\raw\RGB2\S14\AC8\RGB2_SUB14ACT8F91.jpg,1,0,0.34019938111305237
91,14,9,1,D:\Skripsi\Experiment_TA\data\raw\RGB2\S14\AC9\RGB2_SUB14ACT9F1.jpg,1,1,0.8677995800971985
92,14,9,121,D:\Skripsi\Experiment_TA\data\raw\RGB2\S14\AC9\RGB2_SUB14ACT9F121.jpg,1,1,0.8562900424003601
93,14,9,31,D:\Skripsi\Experiment_TA\data\raw\RGB2\S14\AC9\RGB2_SUB14ACT9F31.jpg,1,1,0.5352438688278198
94,14,9,61,D:\Skripsi\Experiment_TA\data\raw\RGB2\S14\AC9\RGB2_SUB14ACT9F61.jpg,1,1,0.5453433394432068
95,14,9,91,D:\Skripsi\Experiment_TA\data\raw\RGB2\S14\AC9\RGB2_SUB14ACT9F91.jpg,1,1,0.7714642882347107
96,16,1,1,D:\Skripsi\Experiment_TA\data\raw\RGB2\S16\AC1\RGB2_SUB16ACT1F1.jpg,0,0,0.2857562005519867
97,16,1,121,D:\Skripsi\Experiment_TA\data\raw\RGB2\S16\AC1\RGB2_SUB16ACT1F121.jpg,0,0,0.3416381776332855
98,16,1,31,D:\Skripsi\Experiment_TA\data\raw\RGB2\S16\AC1\RGB2_SUB16ACT1F31.jpg,0,0,0.2590494751930237
99,16,1,61,D:\Skripsi\Experiment_TA\data\raw\RGB2\S16\AC1\RGB2_SUB16ACT1F61.jpg,0,0,0.3503628671169281
100,16,1,91,D:\Skripsi\Experiment_TA\data\raw\RGB2\S16\AC1\RGB2_SUB16ACT1F91.jpg,0,0,0.26020774245262146
101,16,5,1,D:\Skripsi\Experiment_TA\data\raw\RGB2\S16\AC5\RGB2_SUB16ACT5F1.jpg,1,1,0.9227964282035828
102,16,5,31,D:\Skripsi\Experiment_TA\data\raw\RGB2\S16\AC5\RGB2_SUB16ACT5F31.jpg,1,1,0.8535969853401184
103,16,5,61,D:\Skripsi\Experiment_TA\data\raw\RGB2\S16\AC5\RGB2_SUB16ACT5F61.jpg,1,1,0.7386836409568787
104,16,5,91,D:\Skripsi\Experiment_TA\data\raw\RGB2\S16\AC5\RGB2_SUB16ACT5F91.jpg,1,1,0.9198639988899231
105,16,6,1,D:\Skripsi\Experiment_TA\data\raw\RGB2\S16\AC6\RGB2_SUB16ACT6F1.jpg,1,1,0.5421742796897888
106,16,6,31,D:\Skripsi\Experiment_TA\data\raw\RGB2\S16\AC6\RGB2_SUB16ACT6F31.jpg,1,1,0.5546011328697205
107,16,6,61,D:\Skripsi\Experiment_TA\data\raw\RGB2\S16\AC6\RGB2_SUB16ACT6F61.jpg,1,1,0.5904514789581299
108,16,6,91,D:\Skripsi\Experiment_TA\data\raw\RGB2\S16\AC6\RGB2_SUB16ACT6F91.jpg,1,1,0.5309991240501404
109,16,7,1,D:\Skripsi\Experiment_TA\data\raw\RGB2\S16\AC7\RGB2_SUB16ACT7F1.jpg,1,1,0.7366306781768799
110,16,7,121,D:\Skripsi\Experiment_TA\data\raw\RGB2\S16\AC7\RGB2_SUB16ACT7F121.jpg,1,1,0.6196207404136658
111,16,7,31,D:\Skripsi\Experiment_TA\data\raw\RGB2\S16\AC7\RGB2_SUB16ACT7F31.jpg,1,1,0.6797429323196411
112,16,7,61,D:\Skripsi\Experiment_TA\data\raw\RGB2\S16\AC7\RGB2_SUB16ACT7F61.jpg,1,1,0.711883008480072
113,16,7,91,D:\Skripsi\Experiment_TA\data\raw\RGB2\S16\AC7\RGB2_SUB16ACT7F91.jpg,1,1,0.6842432618141174
114,16,8,1,D:\Skripsi\Experiment_TA\data\raw\RGB2\S16\AC8\RGB2_SUB16ACT8F1.jpg,1,0,0.1490524560213089
115,16,8,121,D:\Skripsi\Experiment_TA\data\raw\RGB2\S16\AC8\RGB2_SUB16ACT8F121.jpg,1,1,0.8222655057907104
116,16,8,31,D:\Skripsi\Experiment_TA\data\raw\RGB2\S16\AC8\RGB2_SUB16ACT8F31.jpg,1,1,0.6612995266914368
117,16,8,61,D:\Skripsi\Experiment_TA\data\raw\RGB2\S16\AC8\RGB2_SUB16ACT8F61.jpg,1,1,0.656601071357727
118,16,8,91,D:\Skripsi\Experiment_TA\data\raw\RGB2\S16\AC8\RGB2_SUB16ACT8F91.jpg,1,0,0.2207958698272705
119,16,9,1,D:\Skripsi\Experiment_TA\data\raw\RGB2\S16\AC9\RGB2_SUB16ACT9F1.jpg,1,1,0.8638796806335449
120,16,9,121,D:\Skripsi\Experiment_TA\data\raw\RGB2\S16\AC9\RGB2_SUB16ACT9F121.jpg,1,1,0.809965968132019
121,16,9,31,D:\Skripsi\Experiment_TA\data\raw\RGB2\S16\AC9\RGB2_SUB16ACT9F31.jpg,1,1,0.8104756474494934
122,16,9,61,D:\Skripsi\Experiment_TA\data\raw\RGB2\S16\AC9\RGB2_SUB16ACT9F61.jpg,1,1,0.8120758533477783
123,16,9,91,D:\Skripsi\Experiment_TA\data\raw\RGB2\S16\AC9\RGB2_SUB16ACT9F91.jpg,1,1,0.8130245208740234
124,18,1,1,D:\Skripsi\Experiment_TA\data\raw\RGB2\S18\AC1\RGB2_SUB18ACT1F1.jpg,0,0,0.0684422105550766
125,18,1,121,D:\Skripsi\Experiment_TA\data\raw\RGB2\S18\AC1\RGB2_SUB18ACT1F121.jpg,0,0,0.056409724056720734
126,18,1,31,D:\Skripsi\Experiment_TA\data\raw\RGB2\S18\AC1\RGB2_SUB18ACT1F31.jpg,0,0,0.09065047651529312
127,18,1,61,D:\Skripsi\Experiment_TA\data\raw\RGB2\S18\AC1\RGB2_SUB18ACT1F61.jpg,0,0,0.15569381415843964
128,18,1,91,D:\Skripsi\Experiment_TA\data\raw\RGB2\S18\AC1\RGB2_SUB18ACT1F91.jpg,0,0,0.17214074730873108
129,18,5,1,D:\Skripsi\Experiment_TA\data\raw\RGB2\S18\AC5\RGB2_SUB18ACT5F1.jpg,1,0,0.29139283299446106
130,18,5,121,D:\Skripsi\Experiment_TA\data\raw\RGB2\S18\AC5\RGB2_SUB18ACT5F121.jpg,1,1,0.5998614430427551
131,18,5,151,D:\Skripsi\Experiment_TA\data\raw\RGB2\S18\AC5\RGB2_SUB18ACT5F151.jpg,1,1,0.5876600742340088
132,18,5,31,D:\Skripsi\Experiment_TA\data\raw\RGB2\S18\AC5\RGB2_SUB18ACT5F31.jpg,1,1,0.7326016426086426
133,18,5,61,D:\Skripsi\Experiment_TA\data\raw\RGB2\S18\AC5\RGB2_SUB18ACT5F61.jpg,1,1,0.6610022187232971
134,18,5,91,D:\Skripsi\Experiment_TA\data\raw\RGB2\S18\AC5\RGB2_SUB18ACT5F91.jpg,1,1,0.6323003172874451
135,18,6,1,D:\Skripsi\Experiment_TA\data\raw\RGB2\S18\AC6\RGB2_SUB18ACT6F1.jpg,1,1,0.5132827758789062
136,18,6,121,D:\Skripsi\Experiment_TA\data\raw\RGB2\S18\AC6\RGB2_SUB18ACT6F121.jpg,1,1,0.5199248790740967
137,18,6,151,D:\Skripsi\Experiment_TA\data\raw\RGB2\S18\AC6\RGB2_SUB18ACT6F151.jpg,1,1,0.793250322341919
138,18,6,31,D:\Skripsi\Experiment_TA\data\raw\RGB2\S18\AC6\RGB2_SUB18ACT6F31.jpg,1,1,0.6096072793006897
139,18,6,61,D:\Skripsi\Experiment_TA\data\raw\RGB2\S18\AC6\RGB2_SUB18ACT6F61.jpg,1,1,0.6324520111083984
140,18,6,91,D:\Skripsi\Experiment_TA\data\raw\RGB2\S18\AC6\RGB2_SUB18ACT6F91.jpg,1,1,0.6423523426055908
141,18,7,1,D:\Skripsi\Experiment_TA\data\raw\RGB2\S18\AC7\RGB2_SUB18ACT7F1.jpg,1,1,0.7399120926856995
142,18,7,121,D:\Skripsi\Experiment_TA\data\raw\RGB2\S18\AC7\RGB2_SUB18ACT7F121.jpg,1,1,0.6528592705726624
143,18,7,151,D:\Skripsi\Experiment_TA\data\raw\RGB2\S18\AC7\RGB2_SUB18ACT7F151.jpg,1,1,0.7933974862098694
144,18,7,181,D:\Skripsi\Experiment_TA\data\raw\RGB2\S18\AC7\RGB2_SUB18ACT7F181.jpg,1,1,0.8650408387184143
145,18,7,31,D:\Skripsi\Experiment_TA\data\raw\RGB2\S18\AC7\RGB2_SUB18ACT7F31.jpg,1,1,0.7996838092803955
146,18,7,61,D:\Skripsi\Experiment_TA\data\raw\RGB2\S18\AC7\RGB2_SUB18ACT7F61.jpg,1,1,0.7584301829338074
147,18,7,91,D:\Skripsi\Experiment_TA\data\raw\RGB2\S18\AC7\RGB2_SUB18ACT7F91.jpg,1,1,0.8288600444793701
148,18,8,1,D:\Skripsi\Experiment_TA\data\raw\RGB2\S18\AC8\RGB2_SUB18ACT8F1.jpg,1,0,0.44779714941978455
149,18,8,121,D:\Skripsi\Experiment_TA\data\raw\RGB2\S18\AC8\RGB2_SUB18ACT8F121.jpg,1,1,0.6836794018745422
150,18,8,151,D:\Skripsi\Experiment_TA\data\raw\RGB2\S18\AC8\RGB2_SUB18ACT8F151.jpg,1,1,0.5626859664916992
151,18,8,181,D:\Skripsi\Experiment_TA\data\raw\RGB2\S18\AC8\RGB2_SUB18ACT8F181.jpg,1,1,0.5595558881759644
152,18,8,211,D:\Skripsi\Experiment_TA\data\raw\RGB2\S18\AC8\RGB2_SUB18ACT8F211.jpg,1,1,0.5687015056610107
153,18,8,31,D:\Skripsi\Experiment_TA\data\raw\RGB2\S18\AC8\RGB2_SUB18ACT8F31.jpg,1,1,0.5119847059249878
154,18,8,61,D:\Skripsi\Experiment_TA\data\raw\RGB2\S18\AC8\RGB2_SUB18ACT8F61.jpg,1,1,0.5177111625671387
155,18,8,91,D:\Skripsi\Experiment_TA\data\raw\RGB2\S18\AC8\RGB2_SUB18ACT8F91.jpg,1,1,0.7542526721954346
156,18,9,1,D:\Skripsi\Experiment_TA\data\raw\RGB2\S18\AC9\RGB2_SUB18ACT9F1.jpg,1,0,0.3629577159881592
157,18,9,121,D:\Skripsi\Experiment_TA\data\raw\RGB2\S18\AC9\RGB2_SUB18ACT9F121.jpg,1,1,0.8017739653587341
158,18,9,151,D:\Skripsi\Experiment_TA\data\raw\RGB2\S18\AC9\RGB2_SUB18ACT9F151.jpg,1,1,0.8886711597442627
159,18,9,31,D:\Skripsi\Experiment_TA\data\raw\RGB2\S18\AC9\RGB2_SUB18ACT9F31.jpg,1,1,0.7281391024589539
160,18,9,61,D:\Skripsi\Experiment_TA\data\raw\RGB2\S18\AC9\RGB2_SUB18ACT9F61.jpg,1,1,0.7809639573097229
161,18,9,91,D:\Skripsi\Experiment_TA\data\raw\RGB2\S18\AC9\RGB2_SUB18ACT9F91.jpg,1,1,0.8483803272247314
162,19,1,1,D:\Skripsi\Experiment_TA\data\raw\RGB2\S19\AC1\RGB2_SUB19ACT1F1.jpg,0,0,0.1795179396867752
163,19,1,121,D:\Skripsi\Experiment_TA\data\raw\RGB2\S19\AC1\RGB2_SUB19ACT1F121.jpg,0,0,0.3393747806549072
164,19,1,31,D:\Skripsi\Experiment_TA\data\raw\RGB2\S19\AC1\RGB2_SUB19ACT1F31.jpg,0,0,0.2501528859138489
165,19,1,61,D:\Skripsi\Experiment_TA\data\raw\RGB2\S19\AC1\RGB2_SUB19ACT1F61.jpg,0,0,0.12858402729034424
166,19,1,91,D:\Skripsi\Experiment_TA\data\raw\RGB2\S19\AC1\RGB2_SUB19ACT1F91.jpg,0,1,0.558111310005188
167,19,5,1,D:\Skripsi\Experiment_TA\data\raw\RGB2\S19\AC5\RGB2_SUB19ACT5F1.jpg,1,1,0.7186071276664734
168,19,5,31,D:\Skripsi\Experiment_TA\data\raw\RGB2\S19\AC5\RGB2_SUB19ACT5F31.jpg,1,1,0.7618298530578613
169,19,5,61,D:\Skripsi\Experiment_TA\data\raw\RGB2\S19\AC5\RGB2_SUB19ACT5F61.jpg,1,1,0.7435845732688904
170,19,5,91,D:\Skripsi\Experiment_TA\data\raw\RGB2\S19\AC5\RGB2_SUB19ACT5F91.jpg,1,1,0.876991331577301
171,19,6,1,D:\Skripsi\Experiment_TA\data\raw\RGB2\S19\AC6\RGB2_SUB19ACT6F1.jpg,1,0,0.19246415793895721
172,19,6,121,D:\Skripsi\Experiment_TA\data\raw\RGB2\S19\AC6\RGB2_SUB19ACT6F121.jpg,1,0,0.3405000567436218
173,19,6,31,D:\Skripsi\Experiment_TA\data\raw\RGB2\S19\AC6\RGB2_SUB19ACT6F31.jpg,1,1,0.6939700841903687
174,19,6,61,D:\Skripsi\Experiment_TA\data\raw\RGB2\S19\AC6\RGB2_SUB19ACT6F61.jpg,1,0,0.34997299313545227
175,19,6,91,D:\Skripsi\Experiment_TA\data\raw\RGB2\S19\AC6\RGB2_SUB19ACT6F91.jpg,1,0,0.4579058587551117
176,19,7,1,D:\Skripsi\Experiment_TA\data\raw\RGB2\S19\AC7\RGB2_SUB19ACT7F1.jpg,1,1,0.6433395743370056
177,19,7,121,D:\Skripsi\Experiment_TA\data\raw\RGB2\S19\AC7\RGB2_SUB19ACT7F121.jpg,1,1,0.7200778722763062
178,19,7,31,D:\Skripsi\Experiment_TA\data\raw\RGB2\S19\AC7\RGB2_SUB19ACT7F31.jpg,1,1,0.8118590712547302
179,19,7,61,D:\Skripsi\Experiment_TA\data\raw\RGB2\S19\AC7\RGB2_SUB19ACT7F61.jpg,1,1,0.6864815354347229
180,19,7,91,D:\Skripsi\Experiment_TA\data\raw\RGB2\S19\AC7\RGB2_SUB19ACT7F91.jpg,1,1,0.7434409856796265
181,19,8,1,D:\Skripsi\Experiment_TA\data\raw\RGB2\S19\AC8\RGB2_SUB19ACT8F1.jpg,1,1,0.6633859872817993
182,19,8,121,D:\Skripsi\Experiment_TA\data\raw\RGB2\S19\AC8\RGB2_SUB19ACT8F121.jpg,1,1,0.7776368856430054
183,19,8,151,D:\Skripsi\Experiment_TA\data\raw\RGB2\S19\AC8\RGB2_SUB19ACT8F151.jpg,1,1,0.7695103287696838
184,19,8,31,D:\Skripsi\Experiment_TA\data\raw\RGB2\S19\AC8\RGB2_SUB19ACT8F31.jpg,1,1,0.5744176506996155
185,19,8,61,D:\Skripsi\Experiment_TA\data\raw\RGB2\S19\AC8\RGB2_SUB19ACT8F61.jpg,1,1,0.8659576773643494
186,19,8,91,D:\Skripsi\Experiment_TA\data\raw\RGB2\S19\AC8\RGB2_SUB19ACT8F91.jpg,1,1,0.7446301579475403
187,19,9,1,D:\Skripsi\Experiment_TA\data\raw\RGB2\S19\AC9\RGB2_SUB19ACT9F1.jpg,1,0,0.4942561089992523
188,19,9,31,D:\Skripsi\Experiment_TA\data\raw\RGB2\S19\AC9\RGB2_SUB19ACT9F31.jpg,1,1,0.6640037894248962
189,19,9,61,D:\Skripsi\Experiment_TA\data\raw\RGB2\S19\AC9\RGB2_SUB19ACT9F61.jpg,1,1,0.652876079082489
190,19,9,91,D:\Skripsi\Experiment_TA\data\raw\RGB2\S19\AC9\RGB2_SUB19ACT9F91.jpg,1,1,0.757701575756073
191,23,1,1,D:\Skripsi\Experiment_TA\data\raw\RGB2\S23\AC1\RGB2_SUB23ACT1F1.jpg,0,0,0.12645606696605682
192,23,1,121,D:\Skripsi\Experiment_TA\data\raw\RGB2\S23\AC1\RGB2_SUB23ACT1F121.jpg,0,0,0.14845480024814606
193,23,1,31,D:\Skripsi\Experiment_TA\data\raw\RGB2\S23\AC1\RGB2_SUB23ACT1F31.jpg,0,0,0.190528005361557
194,23,1,61,D:\Skripsi\Experiment_TA\data\raw\RGB2\S23\AC1\RGB2_SUB23ACT1F61.jpg,0,0,0.14208590984344482
195,23,1,91,D:\Skripsi\Experiment_TA\data\raw\RGB2\S23\AC1\RGB2_SUB23ACT1F91.jpg,0,0,0.13557900488376617
196,23,5,1,D:\Skripsi\Experiment_TA\data\raw\RGB2\S23\AC5\RGB2_SUB23ACT5F1.jpg,1,1,0.6166462898254395
197,23,5,121,D:\Skripsi\Experiment_TA\data\raw\RGB2\S23\AC5\RGB2_SUB23ACT5F121.jpg,1,1,0.8478180766105652
198,23,5,31,D:\Skripsi\Experiment_TA\data\raw\RGB2\S23\AC5\RGB2_SUB23ACT5F31.jpg,1,1,0.707981526851654
199,23,5,61,D:\Skripsi\Experiment_TA\data\raw\RGB2\S23\AC5\RGB2_SUB23ACT5F61.jpg,1,1,0.7327407598495483
200,23,5,91,D:\Skripsi\Experiment_TA\data\raw\RGB2\S23\AC5\RGB2_SUB23ACT5F91.jpg,1,1,0.7893310785293579
201,23,6,1,D:\Skripsi\Experiment_TA\data\raw\RGB2\S23\AC6\RGB2_SUB23ACT6F1.jpg,1,1,0.8617086410522461
202,23,6,121,D:\Skripsi\Experiment_TA\data\raw\RGB2\S23\AC6\RGB2_SUB23ACT6F121.jpg,1,1,0.801335871219635
203,23,6,31,D:\Skripsi\Experiment_TA\data\raw\RGB2\S23\AC6\RGB2_SUB23ACT6F31.jpg,1,1,0.8433589339256287
204,23,6,61,D:\Skripsi\Experiment_TA\data\raw\RGB2\S23\AC6\RGB2_SUB23ACT6F61.jpg,1,1,0.89911288022995
205,23,6,91,D:\Skripsi\Experiment_TA\data\raw\RGB2\S23\AC6\RGB2_SUB23ACT6F91.jpg,1,1,0.8281978964805603
206,23,7,1,D:\Skripsi\Experiment_TA\data\raw\RGB2\S23\AC7\RGB2_SUB23ACT7F1.jpg,1,1,0.6641566753387451
207,23,7,121,D:\Skripsi\Experiment_TA\data\raw\RGB2\S23\AC7\RGB2_SUB23ACT7F121.jpg,1,1,0.8329652547836304
208,23,7,31,D:\Skripsi\Experiment_TA\data\raw\RGB2\S23\AC7\RGB2_SUB23ACT7F31.jpg,1,1,0.8184036016464233
209,23,7,61,D:\Skripsi\Experiment_TA\data\raw\RGB2\S23\AC7\RGB2_SUB23ACT7F61.jpg,1,1,0.8634475469589233
210,23,7,91,D:\Skripsi\Experiment_TA\data\raw\RGB2\S23\AC7\RGB2_SUB23ACT7F91.jpg,1,1,0.7487727999687195
211,23,8,1,D:\Skripsi\Experiment_TA\data\raw\RGB2\S23\AC8\RGB2_SUB23ACT8F1.jpg,1,1,0.8317597508430481
212,23,8,121,D:\Skripsi\Experiment_TA\data\raw\RGB2\S23\AC8\RGB2_SUB23ACT8F121.jpg,1,1,0.8160780072212219
213,23,8,31,D:\Skripsi\Experiment_TA\data\raw\RGB2\S23\AC8\RGB2_SUB23ACT8F31.jpg,1,1,0.7390554547309875
214,23,8,61,D:\Skripsi\Experiment_TA\data\raw\RGB2\S23\AC8\RGB2_SUB23ACT8F61.jpg,1,1,0.8385912775993347
215,23,8,91,D:\Skripsi\Experiment_TA\data\raw\RGB2\S23\AC8\RGB2_SUB23ACT8F91.jpg,1,1,0.840671956539154
216,23,9,1,D:\Skripsi\Experiment_TA\data\raw\RGB2\S23\AC9\RGB2_SUB23ACT9F1.jpg,1,1,0.7000297904014587
217,23,9,121,D:\Skripsi\Experiment_TA\data\raw\RGB2\S23\AC9\RGB2_SUB23ACT9F121.jpg,1,1,0.7601110339164734
218,23,9,31,D:\Skripsi\Experiment_TA\data\raw\RGB2\S23\AC9\RGB2_SUB23ACT9F31.jpg,1,1,0.8299151659011841
219,23,9,61,D:\Skripsi\Experiment_TA\data\raw\RGB2\S23\AC9\RGB2_SUB23ACT9F61.jpg,1,1,0.857730507850647
220,23,9,91,D:\Skripsi\Experiment_TA\data\raw\RGB2\S23\AC9\RGB2_SUB23ACT9F91.jpg,1,1,0.7473235130310059
221,24,1,1,D:\Skripsi\Experiment_TA\data\raw\RGB2\S24\AC1\RGB2_SUB24ACT1F1.jpg,0,0,0.17316372692584991
222,24,1,31,D:\Skripsi\Experiment_TA\data\raw\RGB2\S24\AC1\RGB2_SUB24ACT1F31.jpg,0,0,0.3670479357242584
223,24,1,61,D:\Skripsi\Experiment_TA\data\raw\RGB2\S24\AC1\RGB2_SUB24ACT1F61.jpg,0,0,0.12707313895225525
224,24,1,91,D:\Skripsi\Experiment_TA\data\raw\RGB2\S24\AC1\RGB2_SUB24ACT1F91.jpg,0,0,0.17431659996509552
225,24,5,1,D:\Skripsi\Experiment_TA\data\raw\RGB2\S24\AC5\RGB2_SUB24ACT5F1.jpg,1,1,0.6919804811477661
226,24,5,31,D:\Skripsi\Experiment_TA\data\raw\RGB2\S24\AC5\RGB2_SUB24ACT5F31.jpg,1,1,0.6013054847717285
227,24,5,61,D:\Skripsi\Experiment_TA\data\raw\RGB2\S24\AC5\RGB2_SUB24ACT5F61.jpg,1,1,0.6419405341148376
228,24,5,91,D:\Skripsi\Experiment_TA\data\raw\RGB2\S24\AC5\RGB2_SUB24ACT5F91.jpg,1,0,0.3433738946914673
229,24,6,1,D:\Skripsi\Experiment_TA\data\raw\RGB2\S24\AC6\RGB2_SUB24ACT6F1.jpg,1,1,0.8598445057868958
230,24,6,31,D:\Skripsi\Experiment_TA\data\raw\RGB2\S24\AC6\RGB2_SUB24ACT6F31.jpg,1,1,0.8780302405357361
231,24,6,61,D:\Skripsi\Experiment_TA\data\raw\RGB2\S24\AC6\RGB2_SUB24ACT6F61.jpg,1,1,0.9295846223831177
232,24,6,91,D:\Skripsi\Experiment_TA\data\raw\RGB2\S24\AC6\RGB2_SUB24ACT6F91.jpg,1,1,0.937292754650116
233,24,7,1,D:\Skripsi\Experiment_TA\data\raw\RGB2\S24\AC7\RGB2_SUB24ACT7F1.jpg,1,1,0.9124025702476501
234,24,7,121,D:\Skripsi\Experiment_TA\data\raw\RGB2\S24\AC7\RGB2_SUB24ACT7F121.jpg,1,1,0.7270838022232056
235,24,7,151,D:\Skripsi\Experiment_TA\data\raw\RGB2\S24\AC7\RGB2_SUB24ACT7F151.jpg,1,1,0.7546220421791077
236,24,7,31,D:\Skripsi\Experiment_TA\data\raw\RGB2\S24\AC7\RGB2_SUB24ACT7F31.jpg,1,1,0.7565787434577942
237,24,7,61,D:\Skripsi\Experiment_TA\data\raw\RGB2\S24\AC7\RGB2_SUB24ACT7F61.jpg,1,1,0.7123576402664185
238,24,7,91,D:\Skripsi\Experiment_TA\data\raw\RGB2\S24\AC7\RGB2_SUB24ACT7F91.jpg,1,1,0.7529522776603699
239,24,8,1,D:\Skripsi\Experiment_TA\data\raw\RGB2\S24\AC8\RGB2_SUB24ACT8F1.jpg,1,1,0.8125926852226257
240,24,8,121,D:\Skripsi\Experiment_TA\data\raw\RGB2\S24\AC8\RGB2_SUB24ACT8F121.jpg,1,1,0.8126334547996521
241,24,8,151,D:\Skripsi\Experiment_TA\data\raw\RGB2\S24\AC8\RGB2_SUB24ACT8F151.jpg,1,1,0.7370996475219727
242,24,8,31,D:\Skripsi\Experiment_TA\data\raw\RGB2\S24\AC8\RGB2_SUB24ACT8F31.jpg,1,1,0.8132370114326477
243,24,8,61,D:\Skripsi\Experiment_TA\data\raw\RGB2\S24\AC8\RGB2_SUB24ACT8F61.jpg,1,1,0.8582466840744019
244,24,8,91,D:\Skripsi\Experiment_TA\data\raw\RGB2\S24\AC8\RGB2_SUB24ACT8F91.jpg,1,1,0.8148508071899414
245,24,9,1,D:\Skripsi\Experiment_TA\data\raw\RGB2\S24\AC9\RGB2_SUB24ACT9F1.jpg,1,1,0.5633467435836792
246,24,9,121,D:\Skripsi\Experiment_TA\data\raw\RGB2\S24\AC9\RGB2_SUB24ACT9F121.jpg,1,1,0.7993428707122803
247,24,9,31,D:\Skripsi\Experiment_TA\data\raw\RGB2\S24\AC9\RGB2_SUB24ACT9F31.jpg,1,1,0.7295178174972534
248,24,9,61,D:\Skripsi\Experiment_TA\data\raw\RGB2\S24\AC9\RGB2_SUB24ACT9F61.jpg,1,1,0.7084294557571411
249,24,9,91,D:\Skripsi\Experiment_TA\data\raw\RGB2\S24\AC9\RGB2_SUB24ACT9F91.jpg,1,1,0.855487048625946
250,25,1,1,D:\Skripsi\Experiment_TA\data\raw\RGB2\S25\AC1\RGB2_SUB25ACT1F1.jpg,0,0,0.110855832695961
251,25,1,121,D:\Skripsi\Experiment_TA\data\raw\RGB2\S25\AC1\RGB2_SUB25ACT1F121.jpg,0,0,0.2711872458457947
252,25,1,31,D:\Skripsi\Experiment_TA\data\raw\RGB2\S25\AC1\RGB2_SUB25ACT1F31.jpg,0,1,0.7022086977958679
253,25,1,61,D:\Skripsi\Experiment_TA\data\raw\RGB2\S25\AC1\RGB2_SUB25ACT1F61.jpg,0,0,0.3125883638858795
254,25,1,91,D:\Skripsi\Experiment_TA\data\raw\RGB2\S25\AC1\RGB2_SUB25ACT1F91.jpg,0,0,0.4281555116176605
255,25,5,1,D:\Skripsi\Experiment_TA\data\raw\RGB2\S25\AC5\RGB2_SUB25ACT5F1.jpg,1,1,0.6817514300346375
256,25,5,121,D:\Skripsi\Experiment_TA\data\raw\RGB2\S25\AC5\RGB2_SUB25ACT5F121.jpg,1,1,0.6088119745254517
257,25,5,31,D:\Skripsi\Experiment_TA\data\raw\RGB2\S25\AC5\RGB2_SUB25ACT5F31.jpg,1,1,0.8057661056518555
258,25,5,61,D:\Skripsi\Experiment_TA\data\raw\RGB2\S25\AC5\RGB2_SUB25ACT5F61.jpg,1,1,0.8392811417579651
259,25,5,91,D:\Skripsi\Experiment_TA\data\raw\RGB2\S25\AC5\RGB2_SUB25ACT5F91.jpg,1,0,0.18370164930820465
260,25,6,1,D:\Skripsi\Experiment_TA\data\raw\RGB2\S25\AC6\RGB2_SUB25ACT6F1.jpg,1,1,0.6779664754867554
261,25,6,31,D:\Skripsi\Experiment_TA\data\raw\RGB2\S25\AC6\RGB2_SUB25ACT6F31.jpg,1,1,0.8066583275794983
262,25,6,61,D:\Skripsi\Experiment_TA\data\raw\RGB2\S25\AC6\RGB2_SUB25ACT6F61.jpg,1,1,0.5210396647453308
263,25,6,91,D:\Skripsi\Experiment_TA\data\raw\RGB2\S25\AC6\RGB2_SUB25ACT6F91.jpg,1,1,0.6732541918754578
264,25,7,1,D:\Skripsi\Experiment_TA\data\raw\RGB2\S25\AC7\RGB2_SUB25ACT7F1.jpg,1,1,0.754266083240509
265,25,7,31,D:\Skripsi\Experiment_TA\data\raw\RGB2\S25\AC7\RGB2_SUB25ACT7F31.jpg,1,1,0.8529989123344421
266,25,7,61,D:\Skripsi\Experiment_TA\data\raw\RGB2\S25\AC7\RGB2_SUB25ACT7F61.jpg,1,1,0.7925464510917664
267,25,8,1,D:\Skripsi\Experiment_TA\data\raw\RGB2\S25\AC8\RGB2_SUB25ACT8F1.jpg,1,1,0.7993353605270386
268,25,8,31,D:\Skripsi\Experiment_TA\data\raw\RGB2\S25\AC8\RGB2_SUB25ACT8F31.jpg,1,1,0.805069625377655
269,25,8,61,D:\Skripsi\Experiment_TA\data\raw\RGB2\S25\AC8\RGB2_SUB25ACT8F61.jpg,1,1,0.7971917390823364
270,25,8,91,D:\Skripsi\Experiment_TA\data\raw\RGB2\S25\AC8\RGB2_SUB25ACT8F91.jpg,1,1,0.7288815975189209
271,25,9,1,D:\Skripsi\Experiment_TA\data\raw\RGB2\S25\AC9\RGB2_SUB25ACT9F1.jpg,1,1,0.7091543674468994
272,25,9,31,D:\Skripsi\Experiment_TA\data\raw\RGB2\S25\AC9\RGB2_SUB25ACT9F31.jpg,1,1,0.8471752405166626
273,25,9,61,D:\Skripsi\Experiment_TA\data\raw\RGB2\S25\AC9\RGB2_SUB25ACT9F61.jpg,1,1,0.6547139883041382
274,26,1,1,D:\Skripsi\Experiment_TA\data\raw\RGB2\S26\AC1\RGB2_SUB26ACT1F1.jpg,0,0,0.16825780272483826
275,26,1,31,D:\Skripsi\Experiment_TA\data\raw\RGB2\S26\AC1\RGB2_SUB26ACT1F31.jpg,0,0,0.15174689888954163
276,26,1,61,D:\Skripsi\Experiment_TA\data\raw\RGB2\S26\AC1\RGB2_SUB26ACT1F61.jpg,0,0,0.2445075362920761
277,26,1,91,D:\Skripsi\Experiment_TA\data\raw\RGB2\S26\AC1\RGB2_SUB26ACT1F91.jpg,0,0,0.14835970103740692
278,26,5,1,D:\Skripsi\Experiment_TA\data\raw\RGB2\S26\AC5\RGB2_SUB26ACT5F1.jpg,1,1,0.8847305178642273
279,26,5,31,D:\Skripsi\Experiment_TA\data\raw\RGB2\S26\AC5\RGB2_SUB26ACT5F31.jpg,1,1,0.8991477489471436
280,26,5,61,D:\Skripsi\Experiment_TA\data\raw\RGB2\S26\AC5\RGB2_SUB26ACT5F61.jpg,1,1,0.7392607927322388
281,26,6,1,D:\Skripsi\Experiment_TA\data\raw\RGB2\S26\AC6\RGB2_SUB26ACT6F1.jpg,1,1,0.6616711020469666
282,26,6,31,D:\Skripsi\Experiment_TA\data\raw\RGB2\S26\AC6\RGB2_SUB26ACT6F31.jpg,1,1,0.9217242002487183
283,26,6,61,D:\Skripsi\Experiment_TA\data\raw\RGB2\S26\AC6\RGB2_SUB26ACT6F61.jpg,1,1,0.8922980427742004
284,26,6,91,D:\Skripsi\Experiment_TA\data\raw\RGB2\S26\AC6\RGB2_SUB26ACT6F91.jpg,1,1,0.8772767782211304
285,26,7,1,D:\Skripsi\Experiment_TA\data\raw\RGB2\S26\AC7\RGB2_SUB26ACT7F1.jpg,1,1,0.8863934874534607
286,26,7,121,D:\Skripsi\Experiment_TA\data\raw\RGB2\S26\AC7\RGB2_SUB26ACT7F121.jpg,1,1,0.9075132608413696
287,26,7,151,D:\Skripsi\Experiment_TA\data\raw\RGB2\S26\AC7\RGB2_SUB26ACT7F151.jpg,1,1,0.8936942219734192
288,26,7,31,D:\Skripsi\Experiment_TA\data\raw\RGB2\S26\AC7\RGB2_SUB26ACT7F31.jpg,1,1,0.9259385466575623
289,26,7,61,D:\Skripsi\Experiment_TA\data\raw\RGB2\S26\AC7\RGB2_SUB26ACT7F61.jpg,1,1,0.9127073287963867
290,26,7,91,D:\Skripsi\Experiment_TA\data\raw\RGB2\S26\AC7\RGB2_SUB26ACT7F91.jpg,1,1,0.8793725371360779
291,26,8,1,D:\Skripsi\Experiment_TA\data\raw\RGB2\S26\AC8\RGB2_SUB26ACT8F1.jpg,1,1,0.540428638458252
292,26,8,31,D:\Skripsi\Experiment_TA\data\raw\RGB2\S26\AC8\RGB2_SUB26ACT8F31.jpg,1,1,0.5831437706947327
293,26,8,61,D:\Skripsi\Experiment_TA\data\raw\RGB2\S26\AC8\RGB2_SUB26ACT8F61.jpg,1,1,0.6310907006263733
294,26,8,91,D:\Skripsi\Experiment_TA\data\raw\RGB2\S26\AC8\RGB2_SUB26ACT8F91.jpg,1,1,0.6516364812850952
295,26,9,1,D:\Skripsi\Experiment_TA\data\raw\RGB2\S26\AC9\RGB2_SUB26ACT9F1.jpg,1,1,0.798726499080658
296,26,9,121,D:\Skripsi\Experiment_TA\data\raw\RGB2\S26\AC9\RGB2_SUB26ACT9F121.jpg,1,1,0.8023092746734619
297,26,9,31,D:\Skripsi\Experiment_TA\data\raw\RGB2\S26\AC9\RGB2_SUB26ACT9F31.jpg,1,1,0.7892495393753052
298,26,9,61,D:\Skripsi\Experiment_TA\data\raw\RGB2\S26\AC9\RGB2_SUB26ACT9F61.jpg,1,1,0.8561816215515137
299,26,9,91,D:\Skripsi\Experiment_TA\data\raw\RGB2\S26\AC9\RGB2_SUB26ACT9F91.jpg,1,1,0.8114590644836426
300,28,1,1,D:\Skripsi\Experiment_TA\data\raw\RGB2\S28\AC1\RGB2_SUB28ACT1F1.jpg,0,0,0.4428638517856598
301,28,1,121,D:\Skripsi\Experiment_TA\data\raw\RGB2\S28\AC1\RGB2_SUB28ACT1F121.jpg,0,1,0.5647251605987549
302,28,1,31,D:\Skripsi\Experiment_TA\data\raw\RGB2\S28\AC1\RGB2_SUB28ACT1F31.jpg,0,0,0.14788718521595
303,28,1,61,D:\Skripsi\Experiment_TA\data\raw\RGB2\S28\AC1\RGB2_SUB28ACT1F61.jpg,0,0,0.13038109242916107
304,28,1,91,D:\Skripsi\Experiment_TA\data\raw\RGB2\S28\AC1\RGB2_SUB28ACT1F91.jpg,0,0,0.057612814009189606
305,28,5,1,D:\Skripsi\Experiment_TA\data\raw\RGB2\S28\AC5\RGB2_SUB28ACT5F1.jpg,1,1,0.7219033241271973
306,28,5,121,D:\Skripsi\Experiment_TA\data\raw\RGB2\S28\AC5\RGB2_SUB28ACT5F121.jpg,1,0,0.4671495258808136
307,28,5,151,D:\Skripsi\Experiment_TA\data\raw\RGB2\S28\AC5\RGB2_SUB28ACT5F151.jpg,1,0,0.45574691891670227
308,28,5,31,D:\Skripsi\Experiment_TA\data\raw\RGB2\S28\AC5\RGB2_SUB28ACT5F31.jpg,1,1,0.8443604707717896
309,28,5,61,D:\Skripsi\Experiment_TA\data\raw\RGB2\S28\AC5\RGB2_SUB28ACT5F61.jpg,1,0,0.492249071598053
310,28,5,91,D:\Skripsi\Experiment_TA\data\raw\RGB2\S28\AC5\RGB2_SUB28ACT5F91.jpg,1,0,0.3938441276550293
311,28,6,1,D:\Skripsi\Experiment_TA\data\raw\RGB2\S28\AC6\RGB2_SUB28ACT6F1.jpg,1,1,0.5443962216377258
312,28,6,31,D:\Skripsi\Experiment_TA\data\raw\RGB2\S28\AC6\RGB2_SUB28ACT6F31.jpg,1,1,0.5306431651115417
313,28,6,61,D:\Skripsi\Experiment_TA\data\raw\RGB2\S28\AC6\RGB2_SUB28ACT6F61.jpg,1,0,0.18607117235660553
314,28,6,91,D:\Skripsi\Experiment_TA\data\raw\RGB2\S28\AC6\RGB2_SUB28ACT6F91.jpg,1,0,0.4324186444282532
315,28,7,1,D:\Skripsi\Experiment_TA\data\raw\RGB2\S28\AC7\RGB2_SUB28ACT7F1.jpg,1,1,0.7081434726715088
316,28,7,121,D:\Skripsi\Experiment_TA\data\raw\RGB2\S28\AC7\RGB2_SUB28ACT7F121.jpg,1,1,0.6998900771141052
317,28,7,151,D:\Skripsi\Experiment_TA\data\raw\RGB2\S28\AC7\RGB2_SUB28ACT7F151.jpg,1,1,0.8809299468994141
318,28,7,31,D:\Skripsi\Experiment_TA\data\raw\RGB2\S28\AC7\RGB2_SUB28ACT7F31.jpg,1,1,0.8816841244697571
319,28,7,61,D:\Skripsi\Experiment_TA\data\raw\RGB2\S28\AC7\RGB2_SUB28ACT7F61.jpg,1,1,0.7375538945198059
320,28,7,91,D:\Skripsi\Experiment_TA\data\raw\RGB2\S28\AC7\RGB2_SUB28ACT7F91.jpg,1,1,0.824559211730957
321,28,8,1,D:\Skripsi\Experiment_TA\data\raw\RGB2\S28\AC8\RGB2_SUB28ACT8F1.jpg,1,1,0.9315072298049927
322,28,8,31,D:\Skripsi\Experiment_TA\data\raw\RGB2\S28\AC8\RGB2_SUB28ACT8F31.jpg,1,1,0.6957520842552185
323,28,8,61,D:\Skripsi\Experiment_TA\data\raw\RGB2\S28\AC8\RGB2_SUB28ACT8F61.jpg,1,1,0.790662944316864
324,28,8,91,D:\Skripsi\Experiment_TA\data\raw\RGB2\S28\AC8\RGB2_SUB28ACT8F91.jpg,1,1,0.8754302263259888
325,28,9,1,D:\Skripsi\Experiment_TA\data\raw\RGB2\S28\AC9\RGB2_SUB28ACT9F1.jpg,1,1,0.8185293674468994
326,28,9,121,D:\Skripsi\Experiment_TA\data\raw\RGB2\S28\AC9\RGB2_SUB28ACT9F121.jpg,1,1,0.7733786106109619
327,28,9,151,D:\Skripsi\Experiment_TA\data\raw\RGB2\S28\AC9\RGB2_SUB28ACT9F151.jpg,1,1,0.6195862293243408
328,28,9,31,D:\Skripsi\Experiment_TA\data\raw\RGB2\S28\AC9\RGB2_SUB28ACT9F31.jpg,1,1,0.7599189281463623
329,28,9,61,D:\Skripsi\Experiment_TA\data\raw\RGB2\S28\AC9\RGB2_SUB28ACT9F61.jpg,1,1,0.6872023344039917
330,28,9,91,D:\Skripsi\Experiment_TA\data\raw\RGB2\S28\AC9\RGB2_SUB28ACT9F91.jpg,1,1,0.8558669686317444
331,29,1,1,D:\Skripsi\Experiment_TA\data\raw\RGB2\S29\AC1\RGB2_SUB29ACT1F1.jpg,0,1,0.675086259841919
332,29,1,121,D:\Skripsi\Experiment_TA\data\raw\RGB2\S29\AC1\RGB2_SUB29ACT1F121.jpg,0,0,0.3555528521537781
333,29,1,31,D:\Skripsi\Experiment_TA\data\raw\RGB2\S29\AC1\RGB2_SUB29ACT1F31.jpg,0,1,0.5733816623687744
334,29,1,61,D:\Skripsi\Experiment_TA\data\raw\RGB2\S29\AC1\RGB2_SUB29ACT1F61.jpg,0,0,0.29665762186050415
335,29,1,91,D:\Skripsi\Experiment_TA\data\raw\RGB2\S29\AC1\RGB2_SUB29ACT1F91.jpg,0,0,0.37476280331611633
336,29,5,1,D:\Skripsi\Experiment_TA\data\raw\RGB2\S29\AC5\RGB2_SUB29ACT5F1.jpg,1,1,0.82722407579422
337,29,5,121,D:\Skripsi\Experiment_TA\data\raw\RGB2\S29\AC5\RGB2_SUB29ACT5F121.jpg,1,1,0.6024695634841919
338,29,5,31,D:\Skripsi\Experiment_TA\data\raw\RGB2\S29\AC5\RGB2_SUB29ACT5F31.jpg,1,1,0.8505233526229858
339,29,5,61,D:\Skripsi\Experiment_TA\data\raw\RGB2\S29\AC5\RGB2_SUB29ACT5F61.jpg,1,1,0.6246783137321472
340,29,5,91,D:\Skripsi\Experiment_TA\data\raw\RGB2\S29\AC5\RGB2_SUB29ACT5F91.jpg,1,1,0.8387885093688965
341,29,6,1,D:\Skripsi\Experiment_TA\data\raw\RGB2\S29\AC6\RGB2_SUB29ACT6F1.jpg,1,1,0.552060604095459
342,29,6,31,D:\Skripsi\Experiment_TA\data\raw\RGB2\S29\AC6\RGB2_SUB29ACT6F31.jpg,1,1,0.5422384738922119
343,29,6,61,D:\Skripsi\Experiment_TA\data\raw\RGB2\S29\AC6\RGB2_SUB29ACT6F61.jpg,1,1,0.6314515471458435
344,29,6,91,D:\Skripsi\Experiment_TA\data\raw\RGB2\S29\AC6\RGB2_SUB29ACT6F91.jpg,1,1,0.54026198387146
345,29,7,1,D:\Skripsi\Experiment_TA\data\raw\RGB2\S29\AC7\RGB2_SUB29ACT7F1.jpg,1,1,0.6898648738861084
346,29,7,121,D:\Skripsi\Experiment_TA\data\raw\RGB2\S29\AC7\RGB2_SUB29ACT7F121.jpg,1,1,0.7697968482971191
347,29,7,31,D:\Skripsi\Experiment_TA\data\raw\RGB2\S29\AC7\RGB2_SUB29ACT7F31.jpg,1,1,0.7933618426322937
348,29,7,61,D:\Skripsi\Experiment_TA\data\raw\RGB2\S29\AC7\RGB2_SUB29ACT7F61.jpg,1,1,0.7404962182044983
349,29,7,91,D:\Skripsi\Experiment_TA\data\raw\RGB2\S29\AC7\RGB2_SUB29ACT7F91.jpg,1,1,0.8054940700531006
350,29,8,1,D:\Skripsi\Experiment_TA\data\raw\RGB2\S29\AC8\RGB2_SUB29ACT8F1.jpg,1,1,0.6969841718673706
351,29,8,121,D:\Skripsi\Experiment_TA\data\raw\RGB2\S29\AC8\RGB2_SUB29ACT8F121.jpg,1,1,0.7469756007194519
352,29,8,151,D:\Skripsi\Experiment_TA\data\raw\RGB2\S29\AC8\RGB2_SUB29ACT8F151.jpg,1,0,0.45120275020599365
353,29,8,31,D:\Skripsi\Experiment_TA\data\raw\RGB2\S29\AC8\RGB2_SUB29ACT8F31.jpg,1,0,0.48052090406417847
354,29,8,61,D:\Skripsi\Experiment_TA\data\raw\RGB2\S29\AC8\RGB2_SUB29ACT8F61.jpg,1,1,0.533244788646698
355,29,8,91,D:\Skripsi\Experiment_TA\data\raw\RGB2\S29\AC8\RGB2_SUB29ACT8F91.jpg,1,0,0.4381937086582184
356,29,9,1,D:\Skripsi\Experiment_TA\data\raw\RGB2\S29\AC9\RGB2_SUB29ACT9F1.jpg,1,1,0.7983630895614624
357,29,9,121,D:\Skripsi\Experiment_TA\data\raw\RGB2\S29\AC9\RGB2_SUB29ACT9F121.jpg,1,1,0.8730608820915222
358,29,9,151,D:\Skripsi\Experiment_TA\data\raw\RGB2\S29\AC9\RGB2_SUB29ACT9F151.jpg,1,1,0.6405506134033203
359,29,9,31,D:\Skripsi\Experiment_TA\data\raw\RGB2\S29\AC9\RGB2_SUB29ACT9F31.jpg,1,1,0.7290911674499512
360,29,9,61,D:\Skripsi\Experiment_TA\data\raw\RGB2\S29\AC9\RGB2_SUB29ACT9F61.jpg,1,1,0.7995595932006836
361,29,9,91,D:\Skripsi\Experiment_TA\data\raw\RGB2\S29\AC9\RGB2_SUB29ACT9F91.jpg,1,1,0.9018303751945496
362,30,1,1,D:\Skripsi\Experiment_TA\data\raw\RGB2\S30\AC1\RGB2_SUB30ACT1F1.jpg,0,1,0.6664584279060364
363,30,1,31,D:\Skripsi\Experiment_TA\data\raw\RGB2\S30\AC1\RGB2_SUB30ACT1F31.jpg,0,0,0.33910930156707764
364,30,1,61,D:\Skripsi\Experiment_TA\data\raw\RGB2\S30\AC1\RGB2_SUB30ACT1F61.jpg,0,0,0.22932663559913635
365,30,1,91,D:\Skripsi\Experiment_TA\data\raw\RGB2\S30\AC1\RGB2_SUB30ACT1F91.jpg,0,0,0.17089621722698212
366,30,5,1,D:\Skripsi\Experiment_TA\data\raw\RGB2\S30\AC5\RGB2_SUB30ACT5F1.jpg,1,1,0.6745416522026062
367,30,5,31,D:\Skripsi\Experiment_TA\data\raw\RGB2\S30\AC5\RGB2_SUB30ACT5F31.jpg,1,1,0.6680334210395813
368,30,5,61,D:\Skripsi\Experiment_TA\data\raw\RGB2\S30\AC5\RGB2_SUB30ACT5F61.jpg,1,1,0.6385572552680969
369,30,5,91,D:\Skripsi\Experiment_TA\data\raw\RGB2\S30\AC5\RGB2_SUB30ACT5F91.jpg,1,1,0.7837583422660828
370,30,6,1,D:\Skripsi\Experiment_TA\data\raw\RGB2\S30\AC6\RGB2_SUB30ACT6F1.jpg,1,1,0.5471905469894409
371,30,6,121,D:\Skripsi\Experiment_TA\data\raw\RGB2\S30\AC6\RGB2_SUB30ACT6F121.jpg,1,0,0.3871152698993683
372,30,6,31,D:\Skripsi\Experiment_TA\data\raw\RGB2\S30\AC6\RGB2_SUB30ACT6F31.jpg,1,0,0.40192264318466187
373,30,6,61,D:\Skripsi\Experiment_TA\data\raw\RGB2\S30\AC6\RGB2_SUB30ACT6F61.jpg,1,0,0.11899563670158386
374,30,6,91,D:\Skripsi\Experiment_TA\data\raw\RGB2\S30\AC6\RGB2_SUB30ACT6F91.jpg,1,0,0.2352348417043686
375,30,7,1,D:\Skripsi\Experiment_TA\data\raw\RGB2\S30\AC7\RGB2_SUB30ACT7F1.jpg,1,1,0.6610185503959656
376,30,7,121,D:\Skripsi\Experiment_TA\data\raw\RGB2\S30\AC7\RGB2_SUB30ACT7F121.jpg,1,1,0.8569989204406738
377,30,7,151,D:\Skripsi\Experiment_TA\data\raw\RGB2\S30\AC7\RGB2_SUB30ACT7F151.jpg,1,1,0.8405782580375671
378,30,7,31,D:\Skripsi\Experiment_TA\data\raw\RGB2\S30\AC7\RGB2_SUB30ACT7F31.jpg,1,1,0.7165029048919678
379,30,7,61,D:\Skripsi\Experiment_TA\data\raw\RGB2\S30\AC7\RGB2_SUB30ACT7F61.jpg,1,1,0.8032534718513489
380,30,7,91,D:\Skripsi\Experiment_TA\data\raw\RGB2\S30\AC7\RGB2_SUB30ACT7F91.jpg,1,1,0.7890036106109619
381,30,8,1,D:\Skripsi\Experiment_TA\data\raw\RGB2\S30\AC8\RGB2_SUB30ACT8F1.jpg,1,1,0.7347495555877686
382,30,8,121,D:\Skripsi\Experiment_TA\data\raw\RGB2\S30\AC8\RGB2_SUB30ACT8F121.jpg,1,1,0.739981472492218
383,30,8,31,D:\Skripsi\Experiment_TA\data\raw\RGB2\S30\AC8\RGB2_SUB30ACT8F31.jpg,1,1,0.6198487877845764
384,30,8,61,D:\Skripsi\Experiment_TA\data\raw\RGB2\S30\AC8\RGB2_SUB30ACT8F61.jpg,1,0,0.4292692542076111
385,30,8,91,D:\Skripsi\Experiment_TA\data\raw\RGB2\S30\AC8\RGB2_SUB30ACT8F91.jpg,1,0,0.3664272427558899
386,30,9,1,D:\Skripsi\Experiment_TA\data\raw\RGB2\S30\AC9\RGB2_SUB30ACT9F1.jpg,1,1,0.8809235692024231
387,30,9,121,D:\Skripsi\Experiment_TA\data\raw\RGB2\S30\AC9\RGB2_SUB30ACT9F121.jpg,1,1,0.7564767003059387
388,30,9,31,D:\Skripsi\Experiment_TA\data\raw\RGB2\S30\AC9\RGB2_SUB30ACT9F31.jpg,1,1,0.8695518970489502
389,30,9,61,D:\Skripsi\Experiment_TA\data\raw\RGB2\S30\AC9\RGB2_SUB30ACT9F61.jpg,1,1,0.753804087638855
390,30,9,91,D:\Skripsi\Experiment_TA\data\raw\RGB2\S30\AC9\RGB2_SUB30ACT9F91.jpg,1,1,0.6133902668952942
391,31,1,1,D:\Skripsi\Experiment_TA\data\raw\RGB2\S31\AC1\RGB2_SUB31ACT1F1.jpg,0,0,0.4493633806705475
392,31,1,31,D:\Skripsi\Experiment_TA\data\raw\RGB2\S31\AC1\RGB2_SUB31ACT1F31.jpg,0,1,0.55300372838974
393,31,1,61,D:\Skripsi\Experiment_TA\data\raw\RGB2\S31\AC1\RGB2_SUB31ACT1F61.jpg,0,0,0.2851470708847046
394,31,1,91,D:\Skripsi\Experiment_TA\data\raw\RGB2\S31\AC1\RGB2_SUB31ACT1F91.jpg,0,1,0.8008216619491577
395,31,5,1,D:\Skripsi\Experiment_TA\data\raw\RGB2\S31\AC5\RGB2_SUB31ACT5F1.jpg,1,1,0.7225516438484192
396,31,5,31,D:\Skripsi\Experiment_TA\data\raw\RGB2\S31\AC5\RGB2_SUB31ACT5F31.jpg,1,1,0.7224529981613159
397,31,5,61,D:\Skripsi\Experiment_TA\data\raw\RGB2\S31\AC5\RGB2_SUB31ACT5F61.jpg,1,1,0.629685640335083
398,31,5,91,D:\Skripsi\Experiment_TA\data\raw\RGB2\S31\AC5\RGB2_SUB31ACT5F91.jpg,1,1,0.7475700974464417
399,31,6,1,D:\Skripsi\Experiment_TA\data\raw\RGB2\S31\AC6\RGB2_SUB31ACT6F1.jpg,1,1,0.594287633895874
400,31,6,31,D:\Skripsi\Experiment_TA\data\raw\RGB2\S31\AC6\RGB2_SUB31ACT6F31.jpg,1,1,0.5195811986923218
401,31,6,61,D:\Skripsi\Experiment_TA\data\raw\RGB2\S31\AC6\RGB2_SUB31ACT6F61.jpg,1,1,0.8005371689796448
402,31,7,1,D:\Skripsi\Experiment_TA\data\raw\RGB2\S31\AC7\RGB2_SUB31ACT7F1.jpg,1,1,0.7479774355888367
403,31,7,31,D:\Skripsi\Experiment_TA\data\raw\RGB2\S31\AC7\RGB2_SUB31ACT7F31.jpg,1,1,0.7816177606582642
404,31,7,61,D:\Skripsi\Experiment_TA\data\raw\RGB2\S31\AC7\RGB2_SUB31ACT7F61.jpg,1,1,0.7496113181114197
405,31,7,91,D:\Skripsi\Experiment_TA\data\raw\RGB2\S31\AC7\RGB2_SUB31ACT7F91.jpg,1,1,0.8130219578742981
406,31,8,1,D:\Skripsi\Experiment_TA\data\raw\RGB2\S31\AC8\RGB2_SUB31ACT8F1.jpg,1,1,0.7941085696220398
407,31,8,121,D:\Skripsi\Experiment_TA\data\raw\RGB2\S31\AC8\RGB2_SUB31ACT8F121.jpg,1,1,0.5231870412826538
408,31,8,31,D:\Skripsi\Experiment_TA\data\raw\RGB2\S31\AC8\RGB2_SUB31ACT8F31.jpg,1,1,0.8198816180229187
409,31,8,61,D:\Skripsi\Experiment_TA\data\raw\RGB2\S31\AC8\RGB2_SUB31ACT8F61.jpg,1,1,0.8203023672103882
410,31,8,91,D:\Skripsi\Experiment_TA\data\raw\RGB2\S31\AC8\RGB2_SUB31ACT8F91.jpg,1,1,0.8125435709953308
411,31,9,1,D:\Skripsi\Experiment_TA\data\raw\RGB2\S31\AC9\RGB2_SUB31ACT9F1.jpg,1,1,0.8888698816299438
412,31,9,121,D:\Skripsi\Experiment_TA\data\raw\RGB2\S31\AC9\RGB2_SUB31ACT9F121.jpg,1,0,0.17947539687156677
413,31,9,31,D:\Skripsi\Experiment_TA\data\raw\RGB2\S31\AC9\RGB2_SUB31ACT9F31.jpg,1,1,0.8400884866714478
414,31,9,61,D:\Skripsi\Experiment_TA\data\raw\RGB2\S31\AC9\RGB2_SUB31ACT9F61.jpg,1,1,0.8346195816993713
415,31,9,91,D:\Skripsi\Experiment_TA\data\raw\RGB2\S31\AC9\RGB2_SUB31ACT9F91.jpg,1,0,0.23140966892242432
416,32,1,1,D:\Skripsi\Experiment_TA\data\raw\RGB2\S32\AC1\RGB2_SUB32ACT1F1.jpg,0,1,0.5774308443069458
417,32,1,31,D:\Skripsi\Experiment_TA\data\raw\RGB2\S32\AC1\RGB2_SUB32ACT1F31.jpg,0,0,0.23135258257389069
418,32,1,61,D:\Skripsi\Experiment_TA\data\raw\RGB2\S32\AC1\RGB2_SUB32ACT1F61.jpg,0,0,0.0794316753745079
419,32,1,91,D:\Skripsi\Experiment_TA\data\raw\RGB2\S32\AC1\RGB2_SUB32ACT1F91.jpg,0,0,0.47850605845451355
420,32,5,1,D:\Skripsi\Experiment_TA\data\raw\RGB2\S32\AC5\RGB2_SUB32ACT5F1.jpg,1,1,0.8595300912857056
421,32,5,31,D:\Skripsi\Experiment_TA\data\raw\RGB2\S32\AC5\RGB2_SUB32ACT5F31.jpg,1,1,0.8457326889038086
422,32,5,61,D:\Skripsi\Experiment_TA\data\raw\RGB2\S32\AC5\RGB2_SUB32ACT5F61.jpg,1,1,0.7751728892326355
423,32,5,91,D:\Skripsi\Experiment_TA\data\raw\RGB2\S32\AC5\RGB2_SUB32ACT5F91.jpg,1,1,0.7246739268302917
424,32,6,1,D:\Skripsi\Experiment_TA\data\raw\RGB2\S32\AC6\RGB2_SUB32ACT6F1.jpg,1,1,0.6659296751022339
425,32,6,31,D:\Skripsi\Experiment_TA\data\raw\RGB2\S32\AC6\RGB2_SUB32ACT6F31.jpg,1,1,0.68258136510849
426,32,6,61,D:\Skripsi\Experiment_TA\data\raw\RGB2\S32\AC6\RGB2_SUB32ACT6F61.jpg,1,0,0.35104110836982727
427,32,6,91,D:\Skripsi\Experiment_TA\data\raw\RGB2\S32\AC6\RGB2_SUB32ACT6F91.jpg,1,1,0.8652898073196411
428,32,7,1,D:\Skripsi\Experiment_TA\data\raw\RGB2\S32\AC7\RGB2_SUB32ACT7F1.jpg,1,1,0.7059363722801208
429,32,7,31,D:\Skripsi\Experiment_TA\data\raw\RGB2\S32\AC7\RGB2_SUB32ACT7F31.jpg,1,1,0.8216038346290588
430,32,7,61,D:\Skripsi\Experiment_TA\data\raw\RGB2\S32\AC7\RGB2_SUB32ACT7F61.jpg,1,1,0.6592249274253845
431,32,7,91,D:\Skripsi\Experiment_TA\data\raw\RGB2\S32\AC7\RGB2_SUB32ACT7F91.jpg,1,1,0.5981796979904175
432,32,8,1,D:\Skripsi\Experiment_TA\data\raw\RGB2\S32\AC8\RGB2_SUB32ACT8F1.jpg,1,1,0.8104770183563232
433,32,8,31,D:\Skripsi\Experiment_TA\data\raw\RGB2\S32\AC8\RGB2_SUB32ACT8F31.jpg,1,1,0.5548068881034851
434,32,8,61,D:\Skripsi\Experiment_TA\data\raw\RGB2\S32\AC8\RGB2_SUB32ACT8F61.jpg,1,1,0.8662029504776001
435,32,9,1,D:\Skripsi\Experiment_TA\data\raw\RGB2\S32\AC9\RGB2_SUB32ACT9F1.jpg,1,1,0.8806710243225098
436,32,9,31,D:\Skripsi\Experiment_TA\data\raw\RGB2\S32\AC9\RGB2_SUB32ACT9F31.jpg,1,1,0.7795068025588989
437,32,9,61,D:\Skripsi\Experiment_TA\data\raw\RGB2\S32\AC9\RGB2_SUB32ACT9F61.jpg,1,1,0.7693948745727539
438,33,1,1,D:\Skripsi\Experiment_TA\data\raw\RGB2\S33\AC1\RGB2_SUB33ACT1F1.jpg,0,0,0.21490859985351562
439,33,1,31,D:\Skripsi\Experiment_TA\data\raw\RGB2\S33\AC1\RGB2_SUB33ACT1F31.jpg,0,0,0.26051729917526245
440,33,1,61,D:\Skripsi\Experiment_TA\data\raw\RGB2\S33\AC1\RGB2_SUB33ACT1F61.jpg,0,0,0.40649908781051636
441,33,5,1,D:\Skripsi\Experiment_TA\data\raw\RGB2\S33\AC5\RGB2_SUB33ACT5F1.jpg,1,1,0.9087996482849121
442,33,5,31,D:\Skripsi\Experiment_TA\data\raw\RGB2\S33\AC5\RGB2_SUB33ACT5F31.jpg,1,1,0.8187365531921387
443,33,5,61,D:\Skripsi\Experiment_TA\data\raw\RGB2\S33\AC5\RGB2_SUB33ACT5F61.jpg,1,1,0.8797131180763245
444,33,6,1,D:\Skripsi\Experiment_TA\data\raw\RGB2\S33\AC6\RGB2_SUB33ACT6F1.jpg,1,1,0.7316607236862183
445,33,6,31,D:\Skripsi\Experiment_TA\data\raw\RGB2\S33\AC6\RGB2_SUB33ACT6F31.jpg,1,1,0.8147132396697998
446,33,6,61,D:\Skripsi\Experiment_TA\data\raw\RGB2\S33\AC6\RGB2_SUB33ACT6F61.jpg,1,1,0.7877330780029297
447,33,7,1,D:\Skripsi\Experiment_TA\data\raw\RGB2\S33\AC7\RGB2_SUB33ACT7F1.jpg,1,1,0.7888392210006714
448,33,7,31,D:\Skripsi\Experiment_TA\data\raw\RGB2\S33\AC7\RGB2_SUB33ACT7F31.jpg,1,1,0.8118893504142761
449,33,7,61,D:\Skripsi\Experiment_TA\data\raw\RGB2\S33\AC7\RGB2_SUB33ACT7F61.jpg,1,1,0.59587562084198
450,33,7,91,D:\Skripsi\Experiment_TA\data\raw\RGB2\S33\AC7\RGB2_SUB33ACT7F91.jpg,1,1,0.7067842483520508
451,33,8,1,D:\Skripsi\Experiment_TA\data\raw\RGB2\S33\AC8\RGB2_SUB33ACT8F1.jpg,1,1,0.783047616481781
452,33,8,31,D:\Skripsi\Experiment_TA\data\raw\RGB2\S33\AC8\RGB2_SUB33ACT8F31.jpg,1,1,0.7863003015518188
453,33,8,61,D:\Skripsi\Experiment_TA\data\raw\RGB2\S33\AC8\RGB2_SUB33ACT8F61.jpg,1,1,0.6023545265197754
454,33,8,91,D:\Skripsi\Experiment_TA\data\raw\RGB2\S33\AC8\RGB2_SUB33ACT8F91.jpg,1,0,0.4872798025608063
455,33,9,1,D:\Skripsi\Experiment_TA\data\raw\RGB2\S33\AC9\RGB2_SUB33ACT9F1.jpg,1,1,0.7995593547821045
456,33,9,31,D:\Skripsi\Experiment_TA\data\raw\RGB2\S33\AC9\RGB2_SUB33ACT9F31.jpg,1,1,0.694769561290741
457,33,9,61,D:\Skripsi\Experiment_TA\data\raw\RGB2\S33\AC9\RGB2_SUB33ACT9F61.jpg,1,1,0.8012136816978455
458,33,9,91,D:\Skripsi\Experiment_TA\data\raw\RGB2\S33\AC9\RGB2_SUB33ACT9F91.jpg,1,1,0.8379487991333008
459,34,1,1,D:\Skripsi\Experiment_TA\data\raw\RGB2\S34\AC1\RGB2_SUB34ACT1F1.jpg,0,0,0.10300067812204361
460,34,1,31,D:\Skripsi\Experiment_TA\data\raw\RGB2\S34\AC1\RGB2_SUB34ACT1F31.jpg,0,0,0.09379792958498001
461,34,1,61,D:\Skripsi\Experiment_TA\data\raw\RGB2\S34\AC1\RGB2_SUB34ACT1F61.jpg,0,0,0.11165110021829605
462,34,5,1,D:\Skripsi\Experiment_TA\data\raw\RGB2\S34\AC5\RGB2_SUB34ACT5F1.jpg,1,1,0.7492045164108276
463,34,5,31,D:\Skripsi\Experiment_TA\data\raw\RGB2\S34\AC5\RGB2_SUB34ACT5F31.jpg,1,1,0.6925719976425171
464,34,5,61,D:\Skripsi\Experiment_TA\data\raw\RGB2\S34\AC5\RGB2_SUB34ACT5F61.jpg,1,1,0.7145347595214844
465,34,6,1,D:\Skripsi\Experiment_TA\data\raw\RGB2\S34\AC6\RGB2_SUB34ACT6F1.jpg,1,1,0.5688237547874451
466,34,6,31,D:\Skripsi\Experiment_TA\data\raw\RGB2\S34\AC6\RGB2_SUB34ACT6F31.jpg,1,1,0.7919826507568359
467,34,6,61,D:\Skripsi\Experiment_TA\data\raw\RGB2\S34\AC6\RGB2_SUB34ACT6F61.jpg,1,1,0.9136072993278503
468,34,7,1,D:\Skripsi\Experiment_TA\data\raw\RGB2\S34\AC7\RGB2_SUB34ACT7F1.jpg,1,1,0.7995014190673828
469,34,7,31,D:\Skripsi\Experiment_TA\data\raw\RGB2\S34\AC7\RGB2_SUB34ACT7F31.jpg,1,1,0.7666279673576355
470,34,7,61,D:\Skripsi\Experiment_TA\data\raw\RGB2\S34\AC7\RGB2_SUB34ACT7F61.jpg,1,1,0.7932694554328918
471,34,8,1,D:\Skripsi\Experiment_TA\data\raw\RGB2\S34\AC8\RGB2_SUB34ACT8F1.jpg,1,0,0.2753642499446869
472,34,8,31,D:\Skripsi\Experiment_TA\data\raw\RGB2\S34\AC8\RGB2_SUB34ACT8F31.jpg,1,1,0.9299750328063965
473,34,8,61,D:\Skripsi\Experiment_TA\data\raw\RGB2\S34\AC8\RGB2_SUB34ACT8F61.jpg,1,1,0.6603904962539673
474,34,8,91,D:\Skripsi\Experiment_TA\data\raw\RGB2\S34\AC8\RGB2_SUB34ACT8F91.jpg,1,1,0.6888368725776672
475,34,9,1,D:\Skripsi\Experiment_TA\data\raw\RGB2\S34\AC9\RGB2_SUB34ACT9F1.jpg,1,1,0.8872514963150024
476,34,9,31,D:\Skripsi\Experiment_TA\data\raw\RGB2\S34\AC9\RGB2_SUB34ACT9F31.jpg,1,1,0.8030271530151367
477,34,9,61,D:\Skripsi\Experiment_TA\data\raw\RGB2\S34\AC9\RGB2_SUB34ACT9F61.jpg,1,1,0.876817524433136
478,35,1,1,D:\Skripsi\Experiment_TA\data\raw\RGB2\S35\AC1\RGB2_SUB35ACT1F1.jpg,0,0,0.3421509265899658
479,35,1,121,D:\Skripsi\Experiment_TA\data\raw\RGB2\S35\AC1\RGB2_SUB35ACT1F121.jpg,0,0,0.058701205998659134
480,35,1,31,D:\Skripsi\Experiment_TA\data\raw\RGB2\S35\AC1\RGB2_SUB35ACT1F31.jpg,0,0,0.19304527342319489
481,35,1,61,D:\Skripsi\Experiment_TA\data\raw\RGB2\S35\AC1\RGB2_SUB35ACT1F61.jpg,0,0,0.12767714262008667
482,35,1,91,D:\Skripsi\Experiment_TA\data\raw\RGB2\S35\AC1\RGB2_SUB35ACT1F91.jpg,0,0,0.06375369429588318
483,35,5,1,D:\Skripsi\Experiment_TA\data\raw\RGB2\S35\AC5\RGB2_SUB35ACT5F1.jpg,1,0,0.3594655990600586
484,35,5,31,D:\Skripsi\Experiment_TA\data\raw\RGB2\S35\AC5\RGB2_SUB35ACT5F31.jpg,1,0,0.45832157135009766
485,35,5,61,D:\Skripsi\Experiment_TA\data\raw\RGB2\S35\AC5\RGB2_SUB35ACT5F61.jpg,1,0,0.4218052327632904
486,35,5,91,D:\Skripsi\Experiment_TA\data\raw\RGB2\S35\AC5\RGB2_SUB35ACT5F91.jpg,1,0,0.2785276472568512
487,35,6,1,D:\Skripsi\Experiment_TA\data\raw\RGB2\S35\AC6\RGB2_SUB35ACT6F1.jpg,1,1,0.7565913200378418
488,35,6,121,D:\Skripsi\Experiment_TA\data\raw\RGB2\S35\AC6\RGB2_SUB35ACT6F121.jpg,1,1,0.7156105041503906
489,35,6,151,D:\Skripsi\Experiment_TA\data\raw\RGB2\S35\AC6\RGB2_SUB35ACT6F151.jpg,1,1,0.8377640247344971
490,35,6,31,D:\Skripsi\Experiment_TA\data\raw\RGB2\S35\AC6\RGB2_SUB35ACT6F31.jpg,1,1,0.7779209613800049
491,35,6,61,D:\Skripsi\Experiment_TA\data\raw\RGB2\S35\AC6\RGB2_SUB35ACT6F61.jpg,1,1,0.8038545250892639
492,35,6,91,D:\Skripsi\Experiment_TA\data\raw\RGB2\S35\AC6\RGB2_SUB35ACT6F91.jpg,1,1,0.6947711706161499
493,35,7,1,D:\Skripsi\Experiment_TA\data\raw\RGB2\S35\AC7\RGB2_SUB35ACT7F1.jpg,1,1,0.7700408697128296
494,35,7,121,D:\Skripsi\Experiment_TA\data\raw\RGB2\S35\AC7\RGB2_SUB35ACT7F121.jpg,1,1,0.7521403431892395
495,35,7,151,D:\Skripsi\Experiment_TA\data\raw\RGB2\S35\AC7\RGB2_SUB35ACT7F151.jpg,1,1,0.7043460607528687
496,35,7,181,D:\Skripsi\Experiment_TA\data\raw\RGB2\S35\AC7\RGB2_SUB35ACT7F181.jpg,1,1,0.5259213447570801
497,35,7,31,D:\Skripsi\Experiment_TA\data\raw\RGB2\S35\AC7\RGB2_SUB35ACT7F31.jpg,1,1,0.6669110059738159
498,35,7,61,D:\Skripsi\Experiment_TA\data\raw\RGB2\S35\AC7\RGB2_SUB35ACT7F61.jpg,1,1,0.7767337560653687
499,35,7,91,D:\Skripsi\Experiment_TA\data\raw\RGB2\S35\AC7\RGB2_SUB35ACT7F91.jpg,1,1,0.5998973250389099
500,35,8,1,D:\Skripsi\Experiment_TA\data\raw\RGB2\S35\AC8\RGB2_SUB35ACT8F1.jpg,1,1,0.5969836115837097
501,35,8,31,D:\Skripsi\Experiment_TA\data\raw\RGB2\S35\AC8\RGB2_SUB35ACT8F31.jpg,1,1,0.654464840888977
502,35,8,61,D:\Skripsi\Experiment_TA\data\raw\RGB2\S35\AC8\RGB2_SUB35ACT8F61.jpg,1,0,0.37706053256988525
503,35,8,91,D:\Skripsi\Experiment_TA\data\raw\RGB2\S35\AC8\RGB2_SUB35ACT8F91.jpg,1,0,0.4638424217700958
504,35,9,1,D:\Skripsi\Experiment_TA\data\raw\RGB2\S35\AC9\RGB2_SUB35ACT9F1.jpg,1,1,0.7347574830055237
505,35,9,121,D:\Skripsi\Experiment_TA\data\raw\RGB2\S35\AC9\RGB2_SUB35ACT9F121.jpg,1,1,0.8511872887611389
506,35,9,31,D:\Skripsi\Experiment_TA\data\raw\RGB2\S35\AC9\RGB2_SUB35ACT9F31.jpg,1,1,0.8235536813735962
507,35,9,61,D:\Skripsi\Experiment_TA\data\raw\RGB2\S35\AC9\RGB2_SUB35ACT9F61.jpg,1,1,0.7714848518371582
508,35,9,91,D:\Skripsi\Experiment_TA\data\raw\RGB2\S35\AC9\RGB2_SUB35ACT9F91.jpg,1,1,0.8075504302978516
509,36,1,1,D:\Skripsi\Experiment_TA\data\raw\RGB2\S36\AC1\RGB2_SUB36ACT1F1.jpg,0,0,0.3735494613647461
510,36,1,121,D:\Skripsi\Experiment_TA\data\raw\RGB2\S36\AC1\RGB2_SUB36ACT1F121.jpg,0,0,0.45484548807144165
511,36,1,31,D:\Skripsi\Experiment_TA\data\raw\RGB2\S36\AC1\RGB2_SUB36ACT1F31.jpg,0,0,0.4909989833831787
512,36,1,61,D:\Skripsi\Experiment_TA\data\raw\RGB2\S36\AC1\RGB2_SUB36ACT1F61.jpg,0,0,0.20900067687034607
513,36,1,91,D:\Skripsi\Experiment_TA\data\raw\RGB2\S36\AC1\RGB2_SUB36ACT1F91.jpg,0,1,0.6194807291030884
514,36,5,1,D:\Skripsi\Experiment_TA\data\raw\RGB2\S36\AC5\RGB2_SUB36ACT5F1.jpg,1,1,0.8382853269577026
515,36,5,121,D:\Skripsi\Experiment_TA\data\raw\RGB2\S36\AC5\RGB2_SUB36ACT5F121.jpg,1,1,0.7963653802871704
516,36,5,31,D:\Skripsi\Experiment_TA\data\raw\RGB2\S36\AC5\RGB2_SUB36ACT5F31.jpg,1,1,0.7703874707221985
517,36,5,61,D:\Skripsi\Experiment_TA\data\raw\RGB2\S36\AC5\RGB2_SUB36ACT5F61.jpg,1,1,0.8274601101875305
518,36,5,91,D:\Skripsi\Experiment_TA\data\raw\RGB2\S36\AC5\RGB2_SUB36ACT5F91.jpg,1,1,0.8000967502593994
519,36,6,1,D:\Skripsi\Experiment_TA\data\raw\RGB2\S36\AC6\RGB2_SUB36ACT6F1.jpg,1,1,0.7096245884895325
520,36,6,31,D:\Skripsi\Experiment_TA\data\raw\RGB2\S36\AC6\RGB2_SUB36ACT6F31.jpg,1,1,0.701736569404602
521,36,6,61,D:\Skripsi\Experiment_TA\data\raw\RGB2\S36\AC6\RGB2_SUB36ACT6F61.jpg,1,1,0.8445078730583191
522,36,6,91,D:\Skripsi\Experiment_TA\data\raw\RGB2\S36\AC6\RGB2_SUB36ACT6F91.jpg,1,1,0.5793410539627075
523,36,7,1,D:\Skripsi\Experiment_TA\data\raw\RGB2\S36\AC7\RGB2_SUB36ACT7F1.jpg,1,1,0.8175903558731079
524,36,7,121,D:\Skripsi\Experiment_TA\data\raw\RGB2\S36\AC7\RGB2_SUB36ACT7F121.jpg,1,1,0.7885091304779053
525,36,7,31,D:\Skripsi\Experiment_TA\data\raw\RGB2\S36\AC7\RGB2_SUB36ACT7F31.jpg,1,1,0.7768934369087219
526,36,7,61,D:\Skripsi\Experiment_TA\data\raw\RGB2\S36\AC7\RGB2_SUB36ACT7F61.jpg,1,0,0.48011514544487
527,36,7,91,D:\Skripsi\Experiment_TA\data\raw\RGB2\S36\AC7\RGB2_SUB36ACT7F91.jpg,1,1,0.7265129685401917
528,36,8,1,D:\Skripsi\Experiment_TA\data\raw\RGB2\S36\AC8\RGB2_SUB36ACT8F1.jpg,1,1,0.7978001236915588
529,36,8,121,D:\Skripsi\Experiment_TA\data\raw\RGB2\S36\AC8\RGB2_SUB36ACT8F121.jpg,1,1,0.6864180564880371
530,36,8,31,D:\Skripsi\Experiment_TA\data\raw\RGB2\S36\AC8\RGB2_SUB36ACT8F31.jpg,1,1,0.6993798017501831
531,36,8,61,D:\Skripsi\Experiment_TA\data\raw\RGB2\S36\AC8\RGB2_SUB36ACT8F61.jpg,1,1,0.5658116340637207
532,36,8,91,D:\Skripsi\Experiment_TA\data\raw\RGB2\S36\AC8\RGB2_SUB36ACT8F91.jpg,1,1,0.7277442216873169
533,36,9,1,D:\Skripsi\Experiment_TA\data\raw\RGB2\S36\AC9\RGB2_SUB36ACT9F1.jpg,1,1,0.8320353627204895
534,36,9,121,D:\Skripsi\Experiment_TA\data\raw\RGB2\S36\AC9\RGB2_SUB36ACT9F121.jpg,1,1,0.7333930134773254
535,36,9,151,D:\Skripsi\Experiment_TA\data\raw\RGB2\S36\AC9\RGB2_SUB36ACT9F151.jpg,1,1,0.7914859056472778
536,36,9,31,D:\Skripsi\Experiment_TA\data\raw\RGB2\S36\AC9\RGB2_SUB36ACT9F31.jpg,1,1,0.8228354454040527
537,36,9,61,D:\Skripsi\Experiment_TA\data\raw\RGB2\S36\AC9\RGB2_SUB36ACT9F61.jpg,1,1,0.8005581498146057
538,36,9,91,D:\Skripsi\Experiment_TA\data\raw\RGB2\S36\AC9\RGB2_SUB36ACT9F91.jpg,1,1,0.8262751698493958
539,37,1,1,D:\Skripsi\Experiment_TA\data\raw\RGB2\S37\AC1\RGB2_SUB37ACT1F1.jpg,0,0,0.05298455059528351
540,37,1,121,D:\Skripsi\Experiment_TA\data\raw\RGB2\S37\AC1\RGB2_SUB37ACT1F121.jpg,0,0,0.052087511867284775
541,37,1,31,D:\Skripsi\Experiment_TA\data\raw\RGB2\S37\AC1\RGB2_SUB37ACT1F31.jpg,0,0,0.027198035269975662
542,37,1,61,D:\Skripsi\Experiment_TA\data\raw\RGB2\S37\AC1\RGB2_SUB37ACT1F61.jpg,0,0,0.03786652535200119
543,37,1,91,D:\Skripsi\Experiment_TA\data\raw\RGB2\S37\AC1\RGB2_SUB37ACT1F91.jpg,0,0,0.03659398481249809
544,37,5,1,D:\Skripsi\Experiment_TA\data\raw\RGB2\S37\AC5\RGB2_SUB37ACT5F1.jpg,1,1,0.9153178334236145
545,37,5,121,D:\Skripsi\Experiment_TA\data\raw\RGB2\S37\AC5\RGB2_SUB37ACT5F121.jpg,1,1,0.724665641784668
546,37,5,31,D:\Skripsi\Experiment_TA\data\raw\RGB2\S37\AC5\RGB2_SUB37ACT5F31.jpg,1,1,0.8159980177879333
547,37,5,61,D:\Skripsi\Experiment_TA\data\raw\RGB2\S37\AC5\RGB2_SUB37ACT5F61.jpg,1,1,0.6206393837928772
548,37,5,91,D:\Skripsi\Experiment_TA\data\raw\RGB2\S37\AC5\RGB2_SUB37ACT5F91.jpg,1,1,0.5789236426353455
549,37,6,1,D:\Skripsi\Experiment_TA\data\raw\RGB2\S37\AC6\RGB2_SUB37ACT6F1.jpg,1,0,0.21864177286624908
550,37,6,121,D:\Skripsi\Experiment_TA\data\raw\RGB2\S37\AC6\RGB2_SUB37ACT6F121.jpg,1,1,0.5302390456199646
551,37,6,31,D:\Skripsi\Experiment_TA\data\raw\RGB2\S37\AC6\RGB2_SUB37ACT6F31.jpg,1,0,0.4744488596916199
552,37,6,61,D:\Skripsi\Experiment_TA\data\raw\RGB2\S37\AC6\RGB2_SUB37ACT6F61.jpg,1,1,0.6722725033760071
553,37,6,91,D:\Skripsi\Experiment_TA\data\raw\RGB2\S37\AC6\RGB2_SUB37ACT6F91.jpg,1,1,0.7743673324584961
554,37,7,1,D:\Skripsi\Experiment_TA\data\raw\RGB2\S37\AC7\RGB2_SUB37ACT7F1.jpg,1,1,0.7774696946144104
555,37,7,121,D:\Skripsi\Experiment_TA\data\raw\RGB2\S37\AC7\RGB2_SUB37ACT7F121.jpg,1,1,0.9086272120475769
556,37,7,151,D:\Skripsi\Experiment_TA\data\raw\RGB2\S37\AC7\RGB2_SUB37ACT7F151.jpg,1,1,0.850663959980011
557,37,7,31,D:\Skripsi\Experiment_TA\data\raw\RGB2\S37\AC7\RGB2_SUB37ACT7F31.jpg,1,1,0.7341518402099609
558,37,7,61,D:\Skripsi\Experiment_TA\data\raw\RGB2\S37\AC7\RGB2_SUB37ACT7F61.jpg,1,1,0.8595800399780273
559,37,7,91,D:\Skripsi\Experiment_TA\data\raw\RGB2\S37\AC7\RGB2_SUB37ACT7F91.jpg,1,1,0.9416079521179199
560,37,8,1,D:\Skripsi\Experiment_TA\data\raw\RGB2\S37\AC8\RGB2_SUB37ACT8F1.jpg,1,1,0.7655432820320129
561,37,8,121,D:\Skripsi\Experiment_TA\data\raw\RGB2\S37\AC8\RGB2_SUB37ACT8F121.jpg,1,1,0.7790540456771851
562,37,8,151,D:\Skripsi\Experiment_TA\data\raw\RGB2\S37\AC8\RGB2_SUB37ACT8F151.jpg,1,1,0.7694032788276672
563,37,8,31,D:\Skripsi\Experiment_TA\data\raw\RGB2\S37\AC8\RGB2_SUB37ACT8F31.jpg,1,1,0.7104669213294983
564,37,8,61,D:\Skripsi\Experiment_TA\data\raw\RGB2\S37\AC8\RGB2_SUB37ACT8F61.jpg,1,1,0.582547128200531
565,37,8,91,D:\Skripsi\Experiment_TA\data\raw\RGB2\S37\AC8\RGB2_SUB37ACT8F91.jpg,1,1,0.6764068603515625
566,37,9,1,D:\Skripsi\Experiment_TA\data\raw\RGB2\S37\AC9\RGB2_SUB37ACT9F1.jpg,1,1,0.9027222394943237
567,37,9,121,D:\Skripsi\Experiment_TA\data\raw\RGB2\S37\AC9\RGB2_SUB37ACT9F121.jpg,1,1,0.7862150073051453
568,37,9,151,D:\Skripsi\Experiment_TA\data\raw\RGB2\S37\AC9\RGB2_SUB37ACT9F151.jpg,1,1,0.7694075107574463
569,37,9,31,D:\Skripsi\Experiment_TA\data\raw\RGB2\S37\AC9\RGB2_SUB37ACT9F31.jpg,1,1,0.5701122879981995
570,37,9,61,D:\Skripsi\Experiment_TA\data\raw\RGB2\S37\AC9\RGB2_SUB37ACT9F61.jpg,1,1,0.7441192269325256
571,37,9,91,D:\Skripsi\Experiment_TA\data\raw\RGB2\S37\AC9\RGB2_SUB37ACT9F91.jpg,1,1,0.8523980975151062
572,38,1,1,D:\Skripsi\Experiment_TA\data\raw\RGB2\S38\AC1\RGB2_SUB38ACT1F1.jpg,0,0,0.35543835163116455
573,38,1,121,D:\Skripsi\Experiment_TA\data\raw\RGB2\S38\AC1\RGB2_SUB38ACT1F121.jpg,0,0,0.08267271518707275
574,38,1,31,D:\Skripsi\Experiment_TA\data\raw\RGB2\S38\AC1\RGB2_SUB38ACT1F31.jpg,0,0,0.2730664610862732
575,38,1,61,D:\Skripsi\Experiment_TA\data\raw\RGB2\S38\AC1\RGB2_SUB38ACT1F61.jpg,0,0,0.17587189376354218
576,38,1,91,D:\Skripsi\Experiment_TA\data\raw\RGB2\S38\AC1\RGB2_SUB38ACT1F91.jpg,0,1,0.7513440251350403
577,38,5,1,D:\Skripsi\Experiment_TA\data\raw\RGB2\S38\AC5\RGB2_SUB38ACT5F1.jpg,1,0,0.435516357421875
578,38,5,31,D:\Skripsi\Experiment_TA\data\raw\RGB2\S38\AC5\RGB2_SUB38ACT5F31.jpg,1,1,0.5200972557067871
579,38,5,61,D:\Skripsi\Experiment_TA\data\raw\RGB2\S38\AC5\RGB2_SUB38ACT5F61.jpg,1,1,0.5365554690361023
580,38,5,91,D:\Skripsi\Experiment_TA\data\raw\RGB2\S38\AC5\RGB2_SUB38ACT5F91.jpg,1,1,0.7016547918319702
581,38,6,1,D:\Skripsi\Experiment_TA\data\raw\RGB2\S38\AC6\RGB2_SUB38ACT6F1.jpg,1,1,0.8782010674476624
582,38,6,31,D:\Skripsi\Experiment_TA\data\raw\RGB2\S38\AC6\RGB2_SUB38ACT6F31.jpg,1,1,0.5005309581756592
583,38,6,61,D:\Skripsi\Experiment_TA\data\raw\RGB2\S38\AC6\RGB2_SUB38ACT6F61.jpg,1,1,0.8723984360694885
584,38,6,91,D:\Skripsi\Experiment_TA\data\raw\RGB2\S38\AC6\RGB2_SUB38ACT6F91.jpg,1,1,0.8783426284790039
585,38,7,1,D:\Skripsi\Experiment_TA\data\raw\RGB2\S38\AC7\RGB2_SUB38ACT7F1.jpg,1,1,0.9172051548957825
586,38,7,121,D:\Skripsi\Experiment_TA\data\raw\RGB2\S38\AC7\RGB2_SUB38ACT7F121.jpg,1,1,0.7457656860351562
587,38,7,31,D:\Skripsi\Experiment_TA\data\raw\RGB2\S38\AC7\RGB2_SUB38ACT7F31.jpg,1,1,0.931418240070343
588,38,7,61,D:\Skripsi\Experiment_TA\data\raw\RGB2\S38\AC7\RGB2_SUB38ACT7F61.jpg,1,1,0.8787767887115479
589,38,7,91,D:\Skripsi\Experiment_TA\data\raw\RGB2\S38\AC7\RGB2_SUB38ACT7F91.jpg,1,1,0.8671713471412659
590,38,8,1,D:\Skripsi\Experiment_TA\data\raw\RGB2\S38\AC8\RGB2_SUB38ACT8F1.jpg,1,1,0.6567829847335815
591,38,8,121,D:\Skripsi\Experiment_TA\data\raw\RGB2\S38\AC8\RGB2_SUB38ACT8F121.jpg,1,1,0.7144519686698914
592,38,8,31,D:\Skripsi\Experiment_TA\data\raw\RGB2\S38\AC8\RGB2_SUB38ACT8F31.jpg,1,1,0.7342719435691833
593,38,8,61,D:\Skripsi\Experiment_TA\data\raw\RGB2\S38\AC8\RGB2_SUB38ACT8F61.jpg,1,1,0.8381756544113159
594,38,8,91,D:\Skripsi\Experiment_TA\data\raw\RGB2\S38\AC8\RGB2_SUB38ACT8F91.jpg,1,1,0.8437477946281433
595,38,9,1,D:\Skripsi\Experiment_TA\data\raw\RGB2\S38\AC9\RGB2_SUB38ACT9F1.jpg,1,1,0.6065036654472351
596,38,9,121,D:\Skripsi\Experiment_TA\data\raw\RGB2\S38\AC9\RGB2_SUB38ACT9F121.jpg,1,0,0.21168772876262665
597,38,9,31,D:\Skripsi\Experiment_TA\data\raw\RGB2\S38\AC9\RGB2_SUB38ACT9F31.jpg,1,1,0.5123582482337952
598,38,9,61,D:\Skripsi\Experiment_TA\data\raw\RGB2\S38\AC9\RGB2_SUB38ACT9F61.jpg,1,0,0.47867876291275024
599,38,9,91,D:\Skripsi\Experiment_TA\data\raw\RGB2\S38\AC9\RGB2_SUB38ACT9F91.jpg,1,0,0.273206502199173
600,39,1,1,D:\Skripsi\Experiment_TA\data\raw\RGB2\S39\AC1\RGB2_SUB39ACT1F1.jpg,0,0,0.1298874020576477
601,39,1,31,D:\Skripsi\Experiment_TA\data\raw\RGB2\S39\AC1\RGB2_SUB39ACT1F31.jpg,0,0,0.11157114058732986
602,39,1,61,D:\Skripsi\Experiment_TA\data\raw\RGB2\S39\AC1\RGB2_SUB39ACT1F61.jpg,0,0,0.052414558827877045
603,39,1,91,D:\Skripsi\Experiment_TA\data\raw\RGB2\S39\AC1\RGB2_SUB39ACT1F91.jpg,0,0,0.16550250351428986
604,39,5,1,D:\Skripsi\Experiment_TA\data\raw\RGB2\S39\AC5\RGB2_SUB39ACT5F1.jpg,1,1,0.7749765515327454
605,39,5,31,D:\Skripsi\Experiment_TA\data\raw\RGB2\S39\AC5\RGB2_SUB39ACT5F31.jpg,1,1,0.7190279960632324
606,39,5,61,D:\Skripsi\Experiment_TA\data\raw\RGB2\S39\AC5\RGB2_SUB39ACT5F61.jpg,1,1,0.8143817782402039
607,39,5,91,D:\Skripsi\Experiment_TA\data\raw\RGB2\S39\AC5\RGB2_SUB39ACT5F91.jpg,1,1,0.8029998540878296
608,39,6,1,D:\Skripsi\Experiment_TA\data\raw\RGB2\S39\AC6\RGB2_SUB39ACT6F1.jpg,1,1,0.8545080423355103
609,39,6,31,D:\Skripsi\Experiment_TA\data\raw\RGB2\S39\AC6\RGB2_SUB39ACT6F31.jpg,1,1,0.8856191635131836
610,39,6,61,D:\Skripsi\Experiment_TA\data\raw\RGB2\S39\AC6\RGB2_SUB39ACT6F61.jpg,1,1,0.8763004541397095
611,39,6,91,D:\Skripsi\Experiment_TA\data\raw\RGB2\S39\AC6\RGB2_SUB39ACT6F91.jpg,1,1,0.6492835879325867
612,39,7,1,D:\Skripsi\Experiment_TA\data\raw\RGB2\S39\AC7\RGB2_SUB39ACT7F1.jpg,1,1,0.966611921787262
613,39,7,31,D:\Skripsi\Experiment_TA\data\raw\RGB2\S39\AC7\RGB2_SUB39ACT7F31.jpg,1,1,0.7653715014457703
614,39,7,61,D:\Skripsi\Experiment_TA\data\raw\RGB2\S39\AC7\RGB2_SUB39ACT7F61.jpg,1,1,0.7943531274795532
615,39,7,91,D:\Skripsi\Experiment_TA\data\raw\RGB2\S39\AC7\RGB2_SUB39ACT7F91.jpg,1,1,0.8728002309799194
616,39,8,1,D:\Skripsi\Experiment_TA\data\raw\RGB2\S39\AC8\RGB2_SUB39ACT8F1.jpg,1,1,0.724871814250946
617,39,8,121,D:\Skripsi\Experiment_TA\data\raw\RGB2\S39\AC8\RGB2_SUB39ACT8F121.jpg,1,1,0.6540026664733887
618,39,8,31,D:\Skripsi\Experiment_TA\data\raw\RGB2\S39\AC8\RGB2_SUB39ACT8F31.jpg,1,1,0.7099799513816833
619,39,8,61,D:\Skripsi\Experiment_TA\data\raw\RGB2\S39\AC8\RGB2_SUB39ACT8F61.jpg,1,1,0.6380273103713989
620,39,8,91,D:\Skripsi\Experiment_TA\data\raw\RGB2\S39\AC8\RGB2_SUB39ACT8F91.jpg,1,1,0.8483778238296509
621,39,9,1,D:\Skripsi\Experiment_TA\data\raw\RGB2\S39\AC9\RGB2_SUB39ACT9F1.jpg,1,1,0.6844825148582458
622,39,9,121,D:\Skripsi\Experiment_TA\data\raw\RGB2\S39\AC9\RGB2_SUB39ACT9F121.jpg,1,1,0.7618503570556641
623,39,9,31,D:\Skripsi\Experiment_TA\data\raw\RGB2\S39\AC9\RGB2_SUB39ACT9F31.jpg,1,1,0.7708635330200195
624,39,9,61,D:\Skripsi\Experiment_TA\data\raw\RGB2\S39\AC9\RGB2_SUB39ACT9F61.jpg,1,1,0.8456575274467468
625,39,9,91,D:\Skripsi\Experiment_TA\data\raw\RGB2\S39\AC9\RGB2_SUB39ACT9F91.jpg,1,1,0.8011451959609985
626,40,1,1,D:\Skripsi\Experiment_TA\data\raw\RGB2\S40\AC1\RGB2_SUB40ACT1F1.jpg,0,0,0.29104095697402954
627,40,1,121,D:\Skripsi\Experiment_TA\data\raw\RGB2\S40\AC1\RGB2_SUB40ACT1F121.jpg,0,0,0.17300021648406982
628,40,1,31,D:\Skripsi\Experiment_TA\data\raw\RGB2\S40\AC1\RGB2_SUB40ACT1F31.jpg,0,1,0.5905863642692566
629,40,1,61,D:\Skripsi\Experiment_TA\data\raw\RGB2\S40\AC1\RGB2_SUB40ACT1F61.jpg,0,1,0.7346010804176331
630,40,1,91,D:\Skripsi\Experiment_TA\data\raw\RGB2\S40\AC1\RGB2_SUB40ACT1F91.jpg,0,0,0.21239113807678223
631,40,5,1,D:\Skripsi\Experiment_TA\data\raw\RGB2\S40\AC5\RGB2_SUB40ACT5F1.jpg,1,1,0.6686388850212097
632,40,5,31,D:\Skripsi\Experiment_TA\data\raw\RGB2\S40\AC5\RGB2_SUB40ACT5F31.jpg,1,1,0.8451915979385376
633,40,5,61,D:\Skripsi\Experiment_TA\data\raw\RGB2\S40\AC5\RGB2_SUB40ACT5F61.jpg,1,1,0.7571380734443665
634,40,5,91,D:\Skripsi\Experiment_TA\data\raw\RGB2\S40\AC5\RGB2_SUB40ACT5F91.jpg,1,1,0.6607617139816284
635,40,6,1,D:\Skripsi\Experiment_TA\data\raw\RGB2\S40\AC6\RGB2_SUB40ACT6F1.jpg,1,1,0.6240992546081543
636,40,6,121,D:\Skripsi\Experiment_TA\data\raw\RGB2\S40\AC6\RGB2_SUB40ACT6F121.jpg,1,1,0.7420992255210876
637,40,6,31,D:\Skripsi\Experiment_TA\data\raw\RGB2\S40\AC6\RGB2_SUB40ACT6F31.jpg,1,1,0.8526138067245483
638,40,6,61,D:\Skripsi\Experiment_TA\data\raw\RGB2\S40\AC6\RGB2_SUB40ACT6F61.jpg,1,1,0.7862918972969055
639,40,6,91,D:\Skripsi\Experiment_TA\data\raw\RGB2\S40\AC6\RGB2_SUB40ACT6F91.jpg,1,1,0.857186496257782
640,40,7,1,D:\Skripsi\Experiment_TA\data\raw\RGB2\S40\AC7\RGB2_SUB40ACT7F1.jpg,1,1,0.6914844512939453
641,40,7,121,D:\Skripsi\Experiment_TA\data\raw\RGB2\S40\AC7\RGB2_SUB40ACT7F121.jpg,1,1,0.8212060928344727
642,40,7,151,D:\Skripsi\Experiment_TA\data\raw\RGB2\S40\AC7\RGB2_SUB40ACT7F151.jpg,1,1,0.7559365034103394
643,40,7,181,D:\Skripsi\Experiment_TA\data\raw\RGB2\S40\AC7\RGB2_SUB40ACT7F181.jpg,1,1,0.6723642945289612
644,40,7,211,D:\Skripsi\Experiment_TA\data\raw\RGB2\S40\AC7\RGB2_SUB40ACT7F211.jpg,1,1,0.9072462320327759
645,40,7,31,D:\Skripsi\Experiment_TA\data\raw\RGB2\S40\AC7\RGB2_SUB40ACT7F31.jpg,1,1,0.7016901969909668
646,40,7,61,D:\Skripsi\Experiment_TA\data\raw\RGB2\S40\AC7\RGB2_SUB40ACT7F61.jpg,1,1,0.5307630896568298
647,40,7,91,D:\Skripsi\Experiment_TA\data\raw\RGB2\S40\AC7\RGB2_SUB40ACT7F91.jpg,1,1,0.7927930355072021
648,40,8,1,D:\Skripsi\Experiment_TA\data\raw\RGB2\S40\AC8\RGB2_SUB40ACT8F1.jpg,1,1,0.8041139841079712
649,40,8,121,D:\Skripsi\Experiment_TA\data\raw\RGB2\S40\AC8\RGB2_SUB40ACT8F121.jpg,1,1,0.8493263125419617
650,40,8,151,D:\Skripsi\Experiment_TA\data\raw\RGB2\S40\AC8\RGB2_SUB40ACT8F151.jpg,1,1,0.8375114798545837
651,40,8,181,D:\Skripsi\Experiment_TA\data\raw\RGB2\S40\AC8\RGB2_SUB40ACT8F181.jpg,1,1,0.8510974645614624
652,40,8,31,D:\Skripsi\Experiment_TA\data\raw\RGB2\S40\AC8\RGB2_SUB40ACT8F31.jpg,1,1,0.7031248211860657
653,40,8,61,D:\Skripsi\Experiment_TA\data\raw\RGB2\S40\AC8\RGB2_SUB40ACT8F61.jpg,1,1,0.8040298223495483
654,40,8,91,D:\Skripsi\Experiment_TA\data\raw\RGB2\S40\AC8\RGB2_SUB40ACT8F91.jpg,1,1,0.7699136734008789
655,40,9,1,D:\Skripsi\Experiment_TA\data\raw\RGB2\S40\AC9\RGB2_SUB40ACT9F1.jpg,1,1,0.7523115873336792
656,40,9,121,D:\Skripsi\Experiment_TA\data\raw\RGB2\S40\AC9\RGB2_SUB40ACT9F121.jpg,1,1,0.7512192130088806
657,40,9,31,D:\Skripsi\Experiment_TA\data\raw\RGB2\S40\AC9\RGB2_SUB40ACT9F31.jpg,1,1,0.6899728178977966
658,40,9,61,D:\Skripsi\Experiment_TA\data\raw\RGB2\S40\AC9\RGB2_SUB40ACT9F61.jpg,1,1,0.6869593858718872
659,40,9,91,D:\Skripsi\Experiment_TA\data\raw\RGB2\S40\AC9\RGB2_SUB40ACT9F91.jpg,1,1,0.8553668260574341
660,43,1,1,D:\Skripsi\Experiment_TA\data\raw\RGB2\S43\AC1\RGB2_SUB43ACT1F1.jpg,0,0,0.4037834405899048
661,43,1,121,D:\Skripsi\Experiment_TA\data\raw\RGB2\S43\AC1\RGB2_SUB43ACT1F121.jpg,0,1,0.5113852024078369
662,43,1,151,D:\Skripsi\Experiment_TA\data\raw\RGB2\S43\AC1\RGB2_SUB43ACT1F151.jpg,0,1,0.5978814363479614
663,43,1,181,D:\Skripsi\Experiment_TA\data\raw\RGB2\S43\AC1\RGB2_SUB43ACT1F181.jpg,0,1,0.5038602948188782
664,43,1,31,D:\Skripsi\Experiment_TA\data\raw\RGB2\S43\AC1\RGB2_SUB43ACT1F31.jpg,0,0,0.3026542663574219
665,43,1,61,D:\Skripsi\Experiment_TA\data\raw\RGB2\S43\AC1\RGB2_SUB43ACT1F61.jpg,0,0,0.39093849062919617
666,43,1,91,D:\Skripsi\Experiment_TA\data\raw\RGB2\S43\AC1\RGB2_SUB43ACT1F91.jpg,0,0,0.48596426844596863
667,43,5,1,D:\Skripsi\Experiment_TA\data\raw\RGB2\S43\AC5\RGB2_SUB43ACT5F1.jpg,1,1,0.7475153207778931
668,43,5,121,D:\Skripsi\Experiment_TA\data\raw\RGB2\S43\AC5\RGB2_SUB43ACT5F121.jpg,1,1,0.7298752069473267
669,43,5,151,D:\Skripsi\Experiment_TA\data\raw\RGB2\S43\AC5\RGB2_SUB43ACT5F151.jpg,1,1,0.8205738067626953
670,43,5,181,D:\Skripsi\Experiment_TA\data\raw\RGB2\S43\AC5\RGB2_SUB43ACT5F181.jpg,1,1,0.780375599861145
671,43,5,31,D:\Skripsi\Experiment_TA\data\raw\RGB2\S43\AC5\RGB2_SUB43ACT5F31.jpg,1,1,0.5773826837539673
672,43,5,61,D:\Skripsi\Experiment_TA\data\raw\RGB2\S43\AC5\RGB2_SUB43ACT5F61.jpg,1,1,0.6498824954032898
673,43,5,91,D:\Skripsi\Experiment_TA\data\raw\RGB2\S43\AC5\RGB2_SUB43ACT5F91.jpg,1,1,0.7471838593482971
674,43,6,1,D:\Skripsi\Experiment_TA\data\raw\RGB2\S43\AC6\RGB2_SUB43ACT6F1.jpg,1,1,0.6775881052017212
675,43,6,121,D:\Skripsi\Experiment_TA\data\raw\RGB2\S43\AC6\RGB2_SUB43ACT6F121.jpg,1,1,0.5482015609741211
676,43,6,151,D:\Skripsi\Experiment_TA\data\raw\RGB2\S43\AC6\RGB2_SUB43ACT6F151.jpg,1,0,0.4907344877719879
677,43,6,181,D:\Skripsi\Experiment_TA\data\raw\RGB2\S43\AC6\RGB2_SUB43ACT6F181.jpg,1,1,0.5795280337333679
678,43,6,31,D:\Skripsi\Experiment_TA\data\raw\RGB2\S43\AC6\RGB2_SUB43ACT6F31.jpg,1,1,0.6921613216400146
679,43,6,61,D:\Skripsi\Experiment_TA\data\raw\RGB2\S43\AC6\RGB2_SUB43ACT6F61.jpg,1,1,0.6811263561248779
680,43,6,91,D:\Skripsi\Experiment_TA\data\raw\RGB2\S43\AC6\RGB2_SUB43ACT6F91.jpg,1,1,0.6004130244255066
681,43,7,1,D:\Skripsi\Experiment_TA\data\raw\RGB2\S43\AC7\RGB2_SUB43ACT7F1.jpg,1,1,0.6689002513885498
682,43,7,121,D:\Skripsi\Experiment_TA\data\raw\RGB2\S43\AC7\RGB2_SUB43ACT7F121.jpg,1,1,0.5635480880737305
683,43,7,151,D:\Skripsi\Experiment_TA\data\raw\RGB2\S43\AC7\RGB2_SUB43ACT7F151.jpg,1,1,0.7672929167747498
684,43,7,181,D:\Skripsi\Experiment_TA\data\raw\RGB2\S43\AC7\RGB2_SUB43ACT7F181.jpg,1,1,0.5541340708732605
685,43,7,211,D:\Skripsi\Experiment_TA\data\raw\RGB2\S43\AC7\RGB2_SUB43ACT7F211.jpg,1,1,0.6000327467918396
686,43,7,31,D:\Skripsi\Experiment_TA\data\raw\RGB2\S43\AC7\RGB2_SUB43ACT7F31.jpg,1,1,0.7259609699249268
687,43,7,61,D:\Skripsi\Experiment_TA\data\raw\RGB2\S43\AC7\RGB2_SUB43ACT7F61.jpg,1,1,0.6361476182937622
688,43,7,91,D:\Skripsi\Experiment_TA\data\raw\RGB2\S43\AC7\RGB2_SUB43ACT7F91.jpg,1,1,0.5286647081375122
689,43,8,1,D:\Skripsi\Experiment_TA\data\raw\RGB2\S43\AC8\RGB2_SUB43ACT8F1.jpg,1,1,0.526232123374939
690,43,8,121,D:\Skripsi\Experiment_TA\data\raw\RGB2\S43\AC8\RGB2_SUB43ACT8F121.jpg,1,1,0.5803104639053345
691,43,8,151,D:\Skripsi\Experiment_TA\data\raw\RGB2\S43\AC8\RGB2_SUB43ACT8F151.jpg,1,0,0.4978434145450592
692,43,8,181,D:\Skripsi\Experiment_TA\data\raw\RGB2\S43\AC8\RGB2_SUB43ACT8F181.jpg,1,1,0.6554292440414429
693,43,8,211,D:\Skripsi\Experiment_TA\data\raw\RGB2\S43\AC8\RGB2_SUB43ACT8F211.jpg,1,1,0.6662046909332275
694,43,8,241,D:\Skripsi\Experiment_TA\data\raw\RGB2\S43\AC8\RGB2_SUB43ACT8F241.jpg,1,1,0.5955389738082886
695,43,8,31,D:\Skripsi\Experiment_TA\data\raw\RGB2\S43\AC8\RGB2_SUB43ACT8F31.jpg,1,1,0.5595383048057556
696,43,8,61,D:\Skripsi\Experiment_TA\data\raw\RGB2\S43\AC8\RGB2_SUB43ACT8F61.jpg,1,1,0.680694043636322
697,43,8,91,D:\Skripsi\Experiment_TA\data\raw\RGB2\S43\AC8\RGB2_SUB43ACT8F91.jpg,1,1,0.6081053614616394
698,43,9,1,D:\Skripsi\Experiment_TA\data\raw\RGB2\S43\AC9\RGB2_SUB43ACT9F1.jpg,1,1,0.5429219603538513
699,43,9,121,D:\Skripsi\Experiment_TA\data\raw\RGB2\S43\AC9\RGB2_SUB43ACT9F121.jpg,1,1,0.5078381896018982
700,43,9,151,D:\Skripsi\Experiment_TA\data\raw\RGB2\S43\AC9\RGB2_SUB43ACT9F151.jpg,1,1,0.6997529864311218
701,43,9,31,D:\Skripsi\Experiment_TA\data\raw\RGB2\S43\AC9\RGB2_SUB43ACT9F31.jpg,1,1,0.6812793016433716
702,43,9,61,D:\Skripsi\Experiment_TA\data\raw\RGB2\S43\AC9\RGB2_SUB43ACT9F61.jpg,1,1,0.8704328536987305
703,43,9,91,D:\Skripsi\Experiment_TA\data\raw\RGB2\S43\AC9\RGB2_SUB43ACT9F91.jpg,1,1,0.6803905367851257
704,44,1,1,D:\Skripsi\Experiment_TA\data\raw\RGB2\S44\AC1\RGB2_SUB44ACT1F1.jpg,0,0,0.31018131971359253
705,44,1,121,D:\Skripsi\Experiment_TA\data\raw\RGB2\S44\AC1\RGB2_SUB44ACT1F121.jpg,0,0,0.2912227511405945
706,44,1,151,D:\Skripsi\Experiment_TA\data\raw\RGB2\S44\AC1\RGB2_SUB44ACT1F151.jpg,0,0,0.051199771463871
707,44,1,31,D:\Skripsi\Experiment_TA\data\raw\RGB2\S44\AC1\RGB2_SUB44ACT1F31.jpg,0,0,0.25904059410095215
708,44,1,61,D:\Skripsi\Experiment_TA\data\raw\RGB2\S44\AC1\RGB2_SUB44ACT1F61.jpg,0,0,0.218144491314888
709,44,1,91,D:\Skripsi\Experiment_TA\data\raw\RGB2\S44\AC1\RGB2_SUB44ACT1F91.jpg,0,0,0.09542065858840942
710,44,5,1,D:\Skripsi\Experiment_TA\data\raw\RGB2\S44\AC5\RGB2_SUB44ACT5F1.jpg,1,1,0.7913781404495239
711,44,5,121,D:\Skripsi\Experiment_TA\data\raw\RGB2\S44\AC5\RGB2_SUB44ACT5F121.jpg,1,1,0.7132766246795654
712,44,5,31,D:\Skripsi\Experiment_TA\data\raw\RGB2\S44\AC5\RGB2_SUB44ACT5F31.jpg,1,1,0.6097667217254639
713,44,5,61,D:\Skripsi\Experiment_TA\data\raw\RGB2\S44\AC5\RGB2_SUB44ACT5F61.jpg,1,1,0.7058751583099365
714,44,5,91,D:\Skripsi\Experiment_TA\data\raw\RGB2\S44\AC5\RGB2_SUB44ACT5F91.jpg,1,1,0.7823317646980286
715,44,6,1,D:\Skripsi\Experiment_TA\data\raw\RGB2\S44\AC6\RGB2_SUB44ACT6F1.jpg,1,1,0.7016542553901672
716,44,6,121,D:\Skripsi\Experiment_TA\data\raw\RGB2\S44\AC6\RGB2_SUB44ACT6F121.jpg,1,1,0.6883055567741394
717,44,6,31,D:\Skripsi\Experiment_TA\data\raw\RGB2\S44\AC6\RGB2_SUB44ACT6F31.jpg,1,0,0.47300732135772705
718,44,6,61,D:\Skripsi\Experiment_TA\data\raw\RGB2\S44\AC6\RGB2_SUB44ACT6F61.jpg,1,0,0.4172435402870178
719,44,6,91,D:\Skripsi\Experiment_TA\data\raw\RGB2\S44\AC6\RGB2_SUB44ACT6F91.jpg,1,0,0.3388173580169678
720,44,7,1,D:\Skripsi\Experiment_TA\data\raw\RGB2\S44\AC7\RGB2_SUB44ACT7F1.jpg,1,1,0.8797374367713928
721,44,7,121,D:\Skripsi\Experiment_TA\data\raw\RGB2\S44\AC7\RGB2_SUB44ACT7F121.jpg,1,1,0.8642547726631165
722,44,7,151,D:\Skripsi\Experiment_TA\data\raw\RGB2\S44\AC7\RGB2_SUB44ACT7F151.jpg,1,1,0.7993017435073853
723,44,7,31,D:\Skripsi\Experiment_TA\data\raw\RGB2\S44\AC7\RGB2_SUB44ACT7F31.jpg,1,1,0.8937162756919861
724,44,7,61,D:\Skripsi\Experiment_TA\data\raw\RGB2\S44\AC7\RGB2_SUB44ACT7F61.jpg,1,1,0.7016061544418335
725,44,7,91,D:\Skripsi\Experiment_TA\data\raw\RGB2\S44\AC7\RGB2_SUB44ACT7F91.jpg,1,1,0.8451012969017029
726,44,8,1,D:\Skripsi\Experiment_TA\data\raw\RGB2\S44\AC8\RGB2_SUB44ACT8F1.jpg,1,1,0.8098472356796265
727,44,8,121,D:\Skripsi\Experiment_TA\data\raw\RGB2\S44\AC8\RGB2_SUB44ACT8F121.jpg,1,1,0.8585003018379211
728,44,8,151,D:\Skripsi\Experiment_TA\data\raw\RGB2\S44\AC8\RGB2_SUB44ACT8F151.jpg,1,1,0.9032098054885864
729,44,8,181,D:\Skripsi\Experiment_TA\data\raw\RGB2\S44\AC8\RGB2_SUB44ACT8F181.jpg,1,1,0.878075122833252
730,44,8,31,D:\Skripsi\Experiment_TA\data\raw\RGB2\S44\AC8\RGB2_SUB44ACT8F31.jpg,1,0,0.424809068441391
731,44,8,61,D:\Skripsi\Experiment_TA\data\raw\RGB2\S44\AC8\RGB2_SUB44ACT8F61.jpg,1,1,0.7623721361160278
732,44,8,91,D:\Skripsi\Experiment_TA\data\raw\RGB2\S44\AC8\RGB2_SUB44ACT8F91.jpg,1,1,0.5868422389030457
733,44,9,1,D:\Skripsi\Experiment_TA\data\raw\RGB2\S44\AC9\RGB2_SUB44ACT9F1.jpg,1,1,0.7813871502876282
734,44,9,121,D:\Skripsi\Experiment_TA\data\raw\RGB2\S44\AC9\RGB2_SUB44ACT9F121.jpg,1,1,0.8074773550033569
735,44,9,151,D:\Skripsi\Experiment_TA\data\raw\RGB2\S44\AC9\RGB2_SUB44ACT9F151.jpg,1,1,0.6917217969894409
736,44,9,181,D:\Skripsi\Experiment_TA\data\raw\RGB2\S44\AC9\RGB2_SUB44ACT9F181.jpg,1,1,0.7600372433662415
737,44,9,31,D:\Skripsi\Experiment_TA\data\raw\RGB2\S44\AC9\RGB2_SUB44ACT9F31.jpg,1,1,0.8250981569290161
738,44,9,61,D:\Skripsi\Experiment_TA\data\raw\RGB2\S44\AC9\RGB2_SUB44ACT9F61.jpg,1,1,0.8061591982841492
739,44,9,91,D:\Skripsi\Experiment_TA\data\raw\RGB2\S44\AC9\RGB2_SUB44ACT9F91.jpg,1,1,0.7953946590423584
740,45,1,1,D:\Skripsi\Experiment_TA\data\raw\RGB2\S45\AC1\RGB2_SUB45ACT1F1.jpg,0,0,0.30139172077178955
741,45,1,121,D:\Skripsi\Experiment_TA\data\raw\RGB2\S45\AC1\RGB2_SUB45ACT1F121.jpg,0,0,0.10094918310642242
742,45,1,151,D:\Skripsi\Experiment_TA\data\raw\RGB2\S45\AC1\RGB2_SUB45ACT1F151.jpg,0,0,0.22667546570301056
743,45,1,31,D:\Skripsi\Experiment_TA\data\raw\RGB2\S45\AC1\RGB2_SUB45ACT1F31.jpg,0,0,0.14859020709991455
744,45,1,61,D:\Skripsi\Experiment_TA\data\raw\RGB2\S45\AC1\RGB2_SUB45ACT1F61.jpg,0,0,0.12881992757320404
745,45,1,91,D:\Skripsi\Experiment_TA\data\raw\RGB2\S45\AC1\RGB2_SUB45ACT1F91.jpg,0,0,0.09705477952957153
746,45,5,1,D:\Skripsi\Experiment_TA\data\raw\RGB2\S45\AC5\RGB2_SUB45ACT5F1.jpg,1,1,0.6295101642608643
747,45,5,31,D:\Skripsi\Experiment_TA\data\raw\RGB2\S45\AC5\RGB2_SUB45ACT5F31.jpg,1,1,0.7484965324401855
748,45,5,61,D:\Skripsi\Experiment_TA\data\raw\RGB2\S45\AC5\RGB2_SUB45ACT5F61.jpg,1,1,0.7503616213798523
749,45,5,91,D:\Skripsi\Experiment_TA\data\raw\RGB2\S45\AC5\RGB2_SUB45ACT5F91.jpg,1,1,0.6785392761230469
750,45,6,1,D:\Skripsi\Experiment_TA\data\raw\RGB2\S45\AC6\RGB2_SUB45ACT6F1.jpg,1,0,0.300353080034256
751,45,6,121,D:\Skripsi\Experiment_TA\data\raw\RGB2\S45\AC6\RGB2_SUB45ACT6F121.jpg,1,1,0.5635073184967041
752,45,6,151,D:\Skripsi\Experiment_TA\data\raw\RGB2\S45\AC6\RGB2_SUB45ACT6F151.jpg,1,1,0.7038036584854126
753,45,6,31,D:\Skripsi\Experiment_TA\data\raw\RGB2\S45\AC6\RGB2_SUB45ACT6F31.jpg,1,0,0.46870169043540955
754,45,6,61,D:\Skripsi\Experiment_TA\data\raw\RGB2\S45\AC6\RGB2_SUB45ACT6F61.jpg,1,1,0.5818931460380554
755,45,6,91,D:\Skripsi\Experiment_TA\data\raw\RGB2\S45\AC6\RGB2_SUB45ACT6F91.jpg,1,1,0.5414365530014038
756,45,7,1,D:\Skripsi\Experiment_TA\data\raw\RGB2\S45\AC7\RGB2_SUB45ACT7F1.jpg,1,1,0.7424723505973816
757,45,7,121,D:\Skripsi\Experiment_TA\data\raw\RGB2\S45\AC7\RGB2_SUB45ACT7F121.jpg,1,1,0.788353443145752
758,45,7,151,D:\Skripsi\Experiment_TA\data\raw\RGB2\S45\AC7\RGB2_SUB45ACT7F151.jpg,1,1,0.711858332157135
759,45,7,181,D:\Skripsi\Experiment_TA\data\raw\RGB2\S45\AC7\RGB2_SUB45ACT7F181.jpg,1,1,0.8256309032440186
760,45,7,31,D:\Skripsi\Experiment_TA\data\raw\RGB2\S45\AC7\RGB2_SUB45ACT7F31.jpg,1,1,0.838331401348114
761,45,7,61,D:\Skripsi\Experiment_TA\data\raw\RGB2\S45\AC7\RGB2_SUB45ACT7F61.jpg,1,1,0.6310465335845947
762,45,7,91,D:\Skripsi\Experiment_TA\data\raw\RGB2\S45\AC7\RGB2_SUB45ACT7F91.jpg,1,1,0.6593329906463623
763,45,8,1,D:\Skripsi\Experiment_TA\data\raw\RGB2\S45\AC8\RGB2_SUB45ACT8F1.jpg,1,1,0.6534982323646545
764,45,8,121,D:\Skripsi\Experiment_TA\data\raw\RGB2\S45\AC8\RGB2_SUB45ACT8F121.jpg,1,1,0.6503400802612305
765,45,8,151,D:\Skripsi\Experiment_TA\data\raw\RGB2\S45\AC8\RGB2_SUB45ACT8F151.jpg,1,1,0.7376859188079834
766,45,8,181,D:\Skripsi\Experiment_TA\data\raw\RGB2\S45\AC8\RGB2_SUB45ACT8F181.jpg,1,1,0.5361969470977783
767,45,8,211,D:\Skripsi\Experiment_TA\data\raw\RGB2\S45\AC8\RGB2_SUB45ACT8F211.jpg,1,1,0.5901235342025757
768,45,8,31,D:\Skripsi\Experiment_TA\data\raw\RGB2\S45\AC8\RGB2_SUB45ACT8F31.jpg,1,1,0.6945880651473999
769,45,8,61,D:\Skripsi\Experiment_TA\data\raw\RGB2\S45\AC8\RGB2_SUB45ACT8F61.jpg,1,1,0.7328639626502991
770,45,8,91,D:\Skripsi\Experiment_TA\data\raw\RGB2\S45\AC8\RGB2_SUB45ACT8F91.jpg,1,1,0.5686454772949219
771,45,9,1,D:\Skripsi\Experiment_TA\data\raw\RGB2\S45\AC9\RGB2_SUB45ACT9F1.jpg,1,1,0.6548666954040527
772,45,9,121,D:\Skripsi\Experiment_TA\data\raw\RGB2\S45\AC9\RGB2_SUB45ACT9F121.jpg,1,0,0.4849916398525238
773,45,9,151,D:\Skripsi\Experiment_TA\data\raw\RGB2\S45\AC9\RGB2_SUB45ACT9F151.jpg,1,1,0.7988340258598328
774,45,9,181,D:\Skripsi\Experiment_TA\data\raw\RGB2\S45\AC9\RGB2_SUB45ACT9F181.jpg,1,1,0.7668596506118774
775,45,9,211,D:\Skripsi\Experiment_TA\data\raw\RGB2\S45\AC9\RGB2_SUB45ACT9F211.jpg,1,1,0.6499183773994446
776,45,9,31,D:\Skripsi\Experiment_TA\data\raw\RGB2\S45\AC9\RGB2_SUB45ACT9F31.jpg,1,1,0.7168214917182922
777,45,9,61,D:\Skripsi\Experiment_TA\data\raw\RGB2\S45\AC9\RGB2_SUB45ACT9F61.jpg,1,0,0.44731011986732483
778,45,9,91,D:\Skripsi\Experiment_TA\data\raw\RGB2\S45\AC9\RGB2_SUB45ACT9F91.jpg,1,1,0.5671133399009705
779,46,1,1,D:\Skripsi\Experiment_TA\data\raw\RGB2\S46\AC1\RGB2_SUB46ACT1F1.jpg,0,0,0.3875964283943176
780,46,1,121,D:\Skripsi\Experiment_TA\data\raw\RGB2\S46\AC1\RGB2_SUB46ACT1F121.jpg,0,0,0.3841813802719116
781,46,1,151,D:\Skripsi\Experiment_TA\data\raw\RGB2\S46\AC1\RGB2_SUB46ACT1F151.jpg,0,1,0.571830153465271
782,46,1,181,D:\Skripsi\Experiment_TA\data\raw\RGB2\S46\AC1\RGB2_SUB46ACT1F181.jpg,0,0,0.24088343977928162
783,46,1,211,D:\Skripsi\Experiment_TA\data\raw\RGB2\S46\AC1\RGB2_SUB46ACT1F211.jpg,0,1,0.5197776556015015
784,46,1,241,D:\Skripsi\Experiment_TA\data\raw\RGB2\S46\AC1\RGB2_SUB46ACT1F241.jpg,0,0,0.4027797281742096
785,46,1,31,D:\Skripsi\Experiment_TA\data\raw\RGB2\S46\AC1\RGB2_SUB46ACT1F31.jpg,0,0,0.3693996071815491
786,46,1,61,D:\Skripsi\Experiment_TA\data\raw\RGB2\S46\AC1\RGB2_SUB46ACT1F61.jpg,0,1,0.5515972971916199
787,46,1,91,D:\Skripsi\Experiment_TA\data\raw\RGB2\S46\AC1\RGB2_SUB46ACT1F91.jpg,0,0,0.33128902316093445
788,46,5,1,D:\Skripsi\Experiment_TA\data\raw\RGB2\S46\AC5\RGB2_SUB46ACT5F1.jpg,1,1,0.7505313754081726
789,46,5,121,D:\Skripsi\Experiment_TA\data\raw\RGB2\S46\AC5\RGB2_SUB46ACT5F121.jpg,1,0,0.43521684408187866
790,46,5,31,D:\Skripsi\Experiment_TA\data\raw\RGB2\S46\AC5\RGB2_SUB46ACT5F31.jpg,1,1,0.730161190032959
791,46,5,61,D:\Skripsi\Experiment_TA\data\raw\RGB2\S46\AC5\RGB2_SUB46ACT5F61.jpg,1,0,0.49172714352607727
792,46,5,91,D:\Skripsi\Experiment_TA\data\raw\RGB2\S46\AC5\RGB2_SUB46ACT5F91.jpg,1,1,0.6125712990760803
793,46,6,1,D:\Skripsi\Experiment_TA\data\raw\RGB2\S46\AC6\RGB2_SUB46ACT6F1.jpg,1,1,0.8995506167411804
794,46,6,121,D:\Skripsi\Experiment_TA\data\raw\RGB2\S46\AC6\RGB2_SUB46ACT6F121.jpg,1,1,0.642241358757019
795,46,6,31,D:\Skripsi\Experiment_TA\data\raw\RGB2\S46\AC6\RGB2_SUB46ACT6F31.jpg,1,1,0.6052551865577698
796,46,6,61,D:\Skripsi\Experiment_TA\data\raw\RGB2\S46\AC6\RGB2_SUB46ACT6F61.jpg,1,1,0.620673418045044
797,46,6,91,D:\Skripsi\Experiment_TA\data\raw\RGB2\S46\AC6\RGB2_SUB46ACT6F91.jpg,1,1,0.5162539482116699
798,46,7,1,D:\Skripsi\Experiment_TA\data\raw\RGB2\S46\AC7\RGB2_SUB46ACT7F1.jpg,1,1,0.6266546845436096
799,46,7,121,D:\Skripsi\Experiment_TA\data\raw\RGB2\S46\AC7\RGB2_SUB46ACT7F121.jpg,1,1,0.611179530620575
800,46,7,31,D:\Skripsi\Experiment_TA\data\raw\RGB2\S46\AC7\RGB2_SUB46ACT7F31.jpg,1,1,0.7067466974258423
801,46,7,61,D:\Skripsi\Experiment_TA\data\raw\RGB2\S46\AC7\RGB2_SUB46ACT7F61.jpg,1,1,0.8098923563957214
802,46,7,91,D:\Skripsi\Experiment_TA\data\raw\RGB2\S46\AC7\RGB2_SUB46ACT7F91.jpg,1,1,0.8088318705558777
803,46,8,1,D:\Skripsi\Experiment_TA\data\raw\RGB2\S46\AC8\RGB2_SUB46ACT8F1.jpg,1,1,0.6831851005554199
804,46,8,121,D:\Skripsi\Experiment_TA\data\raw\RGB2\S46\AC8\RGB2_SUB46ACT8F121.jpg,1,1,0.5359561443328857
805,46,8,151,D:\Skripsi\Experiment_TA\data\raw\RGB2\S46\AC8\RGB2_SUB46ACT8F151.jpg,1,1,0.5680709481239319
806,46,8,31,D:\Skripsi\Experiment_TA\data\raw\RGB2\S46\AC8\RGB2_SUB46ACT8F31.jpg,1,0,0.4603425860404968
807,46,8,61,D:\Skripsi\Experiment_TA\data\raw\RGB2\S46\AC8\RGB2_SUB46ACT8F61.jpg,1,1,0.5333839058876038
808,46,8,91,D:\Skripsi\Experiment_TA\data\raw\RGB2\S46\AC8\RGB2_SUB46ACT8F91.jpg,1,1,0.5082942843437195
809,46,9,1,D:\Skripsi\Experiment_TA\data\raw\RGB2\S46\AC9\RGB2_SUB46ACT9F1.jpg,1,1,0.7745581865310669
810,46,9,31,D:\Skripsi\Experiment_TA\data\raw\RGB2\S46\AC9\RGB2_SUB46ACT9F31.jpg,1,1,0.5665568113327026
811,46,9,61,D:\Skripsi\Experiment_TA\data\raw\RGB2\S46\AC9\RGB2_SUB46ACT9F61.jpg,1,1,0.5483049750328064
812,47,1,1,D:\Skripsi\Experiment_TA\data\raw\RGB2\S47\AC1\RGB2_SUB47ACT1F1.jpg,0,0,0.13917230069637299
813,47,1,121,D:\Skripsi\Experiment_TA\data\raw\RGB2\S47\AC1\RGB2_SUB47ACT1F121.jpg,0,0,0.4124163091182709
814,47,1,151,D:\Skripsi\Experiment_TA\data\raw\RGB2\S47\AC1\RGB2_SUB47ACT1F151.jpg,0,0,0.17306317389011383
815,47,1,181,D:\Skripsi\Experiment_TA\data\raw\RGB2\S47\AC1\RGB2_SUB47ACT1F181.jpg,0,0,0.3507496416568756
816,47,1,31,D:\Skripsi\Experiment_TA\data\raw\RGB2\S47\AC1\RGB2_SUB47ACT1F31.jpg,0,0,0.49029624462127686
817,47,1,61,D:\Skripsi\Experiment_TA\data\raw\RGB2\S47\AC1\RGB2_SUB47ACT1F61.jpg,0,0,0.43850141763687134
818,47,1,91,D:\Skripsi\Experiment_TA\data\raw\RGB2\S47\AC1\RGB2_SUB47ACT1F91.jpg,0,0,0.46598556637763977
819,47,5,1,D:\Skripsi\Experiment_TA\data\raw\RGB2\S47\AC5\RGB2_SUB47ACT5F1.jpg,1,1,0.6098557710647583
820,47,5,31,D:\Skripsi\Experiment_TA\data\raw\RGB2\S47\AC5\RGB2_SUB47ACT5F31.jpg,1,1,0.672086238861084
821,47,5,61,D:\Skripsi\Experiment_TA\data\raw\RGB2\S47\AC5\RGB2_SUB47ACT5F61.jpg,1,0,0.4661335349082947
822,47,5,91,D:\Skripsi\Experiment_TA\data\raw\RGB2\S47\AC5\RGB2_SUB47ACT5F91.jpg,1,1,0.7446893453598022
823,47,6,1,D:\Skripsi\Experiment_TA\data\raw\RGB2\S47\AC6\RGB2_SUB47ACT6F1.jpg,1,1,0.5956147909164429
824,47,6,31,D:\Skripsi\Experiment_TA\data\raw\RGB2\S47\AC6\RGB2_SUB47ACT6F31.jpg,1,1,0.6601559519767761
825,47,6,61,D:\Skripsi\Experiment_TA\data\raw\RGB2\S47\AC6\RGB2_SUB47ACT6F61.jpg,1,1,0.6496537923812866
826,47,6,91,D:\Skripsi\Experiment_TA\data\raw\RGB2\S47\AC6\RGB2_SUB47ACT6F91.jpg,1,1,0.7098172903060913
827,47,7,1,D:\Skripsi\Experiment_TA\data\raw\RGB2\S47\AC7\RGB2_SUB47ACT7F1.jpg,1,1,0.7792648077011108
828,47,7,121,D:\Skripsi\Experiment_TA\data\raw\RGB2\S47\AC7\RGB2_SUB47ACT7F121.jpg,1,1,0.6591144800186157
829,47,7,151,D:\Skripsi\Experiment_TA\data\raw\RGB2\S47\AC7\RGB2_SUB47ACT7F151.jpg,1,1,0.7665823698043823
830,47,7,31,D:\Skripsi\Experiment_TA\data\raw\RGB2\S47\AC7\RGB2_SUB47ACT7F31.jpg,1,1,0.7015377879142761
831,47,7,61,D:\Skripsi\Experiment_TA\data\raw\RGB2\S47\AC7\RGB2_SUB47ACT7F61.jpg,1,1,0.7449803352355957
832,47,7,91,D:\Skripsi\Experiment_TA\data\raw\RGB2\S47\AC7\RGB2_SUB47ACT7F91.jpg,1,1,0.5877249836921692
833,47,8,1,D:\Skripsi\Experiment_TA\data\raw\RGB2\S47\AC8\RGB2_SUB47ACT8F1.jpg,1,1,0.5182971954345703
834,47,8,121,D:\Skripsi\Experiment_TA\data\raw\RGB2\S47\AC8\RGB2_SUB47ACT8F121.jpg,1,0,0.4223746061325073
835,47,8,151,D:\Skripsi\Experiment_TA\data\raw\RGB2\S47\AC8\RGB2_SUB47ACT8F151.jpg,1,1,0.5800315141677856
836,47,8,31,D:\Skripsi\Experiment_TA\data\raw\RGB2\S47\AC8\RGB2_SUB47ACT8F31.jpg,1,1,0.5290268659591675
837,47,8,61,D:\Skripsi\Experiment_TA\data\raw\RGB2\S47\AC8\RGB2_SUB47ACT8F61.jpg,1,1,0.6012892127037048
838,47,8,91,D:\Skripsi\Experiment_TA\data\raw\RGB2\S47\AC8\RGB2_SUB47ACT8F91.jpg,1,1,0.5502352118492126
839,47,9,1,D:\Skripsi\Experiment_TA\data\raw\RGB2\S47\AC9\RGB2_SUB47ACT9F1.jpg,1,1,0.782105565071106
840,47,9,121,D:\Skripsi\Experiment_TA\data\raw\RGB2\S47\AC9\RGB2_SUB47ACT9F121.jpg,1,1,0.5431174635887146
841,47,9,151,D:\Skripsi\Experiment_TA\data\raw\RGB2\S47\AC9\RGB2_SUB47ACT9F151.jpg,1,1,0.70110023021698
842,47,9,31,D:\Skripsi\Experiment_TA\data\raw\RGB2\S47\AC9\RGB2_SUB47ACT9F31.jpg,1,1,0.5944004654884338
843,47,9,61,D:\Skripsi\Experiment_TA\data\raw\RGB2\S47\AC9\RGB2_SUB47ACT9F61.jpg,1,1,0.7232849597930908
844,47,9,91,D:\Skripsi\Experiment_TA\data\raw\RGB2\S47\AC9\RGB2_SUB47ACT9F91.jpg,1,1,0.6558571457862854
845,48,1,1,D:\Skripsi\Experiment_TA\data\raw\RGB2\S48\AC1\RGB2_SUB48ACT1F1.jpg,0,0,0.3262988030910492
846,48,1,121,D:\Skripsi\Experiment_TA\data\raw\RGB2\S48\AC1\RGB2_SUB48ACT1F121.jpg,0,0,0.3180674612522125
847,48,1,31,D:\Skripsi\Experiment_TA\data\raw\RGB2\S48\AC1\RGB2_SUB48ACT1F31.jpg,0,1,0.5335013270378113
848,48,1,61,D:\Skripsi\Experiment_TA\data\raw\RGB2\S48\AC1\RGB2_SUB48ACT1F61.jpg,0,1,0.5473390221595764
849,48,1,91,D:\Skripsi\Experiment_TA\data\raw\RGB2\S48\AC1\RGB2_SUB48ACT1F91.jpg,0,1,0.6001408696174622
850,48,5,1,D:\Skripsi\Experiment_TA\data\raw\RGB2\S48\AC5\RGB2_SUB48ACT5F1.jpg,1,1,0.609341561794281
851,48,5,121,D:\Skripsi\Experiment_TA\data\raw\RGB2\S48\AC5\RGB2_SUB48ACT5F121.jpg,1,1,0.7908190488815308
852,48,5,31,D:\Skripsi\Experiment_TA\data\raw\RGB2\S48\AC5\RGB2_SUB48ACT5F31.jpg,1,1,0.803718090057373
853,48,5,61,D:\Skripsi\Experiment_TA\data\raw\RGB2\S48\AC5\RGB2_SUB48ACT5F61.jpg,1,1,0.824574887752533
854,48,5,91,D:\Skripsi\Experiment_TA\data\raw\RGB2\S48\AC5\RGB2_SUB48ACT5F91.jpg,1,1,0.7852760553359985
855,48,6,1,D:\Skripsi\Experiment_TA\data\raw\RGB2\S48\AC6\RGB2_SUB48ACT6F1.jpg,1,0,0.39981809258461
856,48,6,31,D:\Skripsi\Experiment_TA\data\raw\RGB2\S48\AC6\RGB2_SUB48ACT6F31.jpg,1,1,0.6487076282501221
857,48,6,61,D:\Skripsi\Experiment_TA\data\raw\RGB2\S48\AC6\RGB2_SUB48ACT6F61.jpg,1,1,0.6749448776245117
858,48,6,91,D:\Skripsi\Experiment_TA\data\raw\RGB2\S48\AC6\RGB2_SUB48ACT6F91.jpg,1,1,0.5866045951843262
859,48,7,1,D:\Skripsi\Experiment_TA\data\raw\RGB2\S48\AC7\RGB2_SUB48ACT7F1.jpg,1,1,0.5571698546409607
860,48,7,121,D:\Skripsi\Experiment_TA\data\raw\RGB2\S48\AC7\RGB2_SUB48ACT7F121.jpg,1,1,0.6640278697013855
861,48,7,151,D:\Skripsi\Experiment_TA\data\raw\RGB2\S48\AC7\RGB2_SUB48ACT7F151.jpg,1,1,0.7347713112831116
862,48,7,181,D:\Skripsi\Experiment_TA\data\raw\RGB2\S48\AC7\RGB2_SUB48ACT7F181.jpg,1,1,0.7559450268745422
863,48,7,31,D:\Skripsi\Experiment_TA\data\raw\RGB2\S48\AC7\RGB2_SUB48ACT7F31.jpg,1,1,0.6956961750984192
864,48,7,61,D:\Skripsi\Experiment_TA\data\raw\RGB2\S48\AC7\RGB2_SUB48ACT7F61.jpg,1,1,0.6117264032363892
865,48,7,91,D:\Skripsi\Experiment_TA\data\raw\RGB2\S48\AC7\RGB2_SUB48ACT7F91.jpg,1,1,0.7961000204086304
866,48,8,1,D:\Skripsi\Experiment_TA\data\raw\RGB2\S48\AC8\RGB2_SUB48ACT8F1.jpg,1,1,0.7798753380775452
867,48,8,121,D:\Skripsi\Experiment_TA\data\raw\RGB2\S48\AC8\RGB2_SUB48ACT8F121.jpg,1,1,0.7117530107498169
868,48,8,151,D:\Skripsi\Experiment_TA\data\raw\RGB2\S48\AC8\RGB2_SUB48ACT8F151.jpg,1,1,0.6786358952522278
869,48,8,181,D:\Skripsi\Experiment_TA\data\raw\RGB2\S48\AC8\RGB2_SUB48ACT8F181.jpg,1,1,0.6267356276512146
870,48,8,31,D:\Skripsi\Experiment_TA\data\raw\RGB2\S48\AC8\RGB2_SUB48ACT8F31.jpg,1,1,0.740824282169342
871,48,8,61,D:\Skripsi\Experiment_TA\data\raw\RGB2\S48\AC8\RGB2_SUB48ACT8F61.jpg,1,1,0.5848591327667236
872,48,8,91,D:\Skripsi\Experiment_TA\data\raw\RGB2\S48\AC8\RGB2_SUB48ACT8F91.jpg,1,1,0.5559594631195068
873,48,9,1,D:\Skripsi\Experiment_TA\data\raw\RGB2\S48\AC9\RGB2_SUB48ACT9F1.jpg,1,1,0.7959325909614563
874,48,9,121,D:\Skripsi\Experiment_TA\data\raw\RGB2\S48\AC9\RGB2_SUB48ACT9F121.jpg,1,1,0.7006266713142395
875,48,9,151,D:\Skripsi\Experiment_TA\data\raw\RGB2\S48\AC9\RGB2_SUB48ACT9F151.jpg,1,1,0.6791085600852966
876,48,9,31,D:\Skripsi\Experiment_TA\data\raw\RGB2\S48\AC9\RGB2_SUB48ACT9F31.jpg,1,1,0.8578788638114929
877,48,9,61,D:\Skripsi\Experiment_TA\data\raw\RGB2\S48\AC9\RGB2_SUB48ACT9F61.jpg,1,1,0.8749474883079529
878,48,9,91,D:\Skripsi\Experiment_TA\data\raw\RGB2\S48\AC9\RGB2_SUB48ACT9F91.jpg,1,1,0.9700065851211548
879,49,1,1,D:\Skripsi\Experiment_TA\data\raw\RGB2\S49\AC1\RGB2_SUB49ACT1F1.jpg,0,1,0.5542075634002686
880,49,1,121,D:\Skripsi\Experiment_TA\data\raw\RGB2\S49\AC1\RGB2_SUB49ACT1F121.jpg,0,0,0.4486556947231293
881,49,1,151,D:\Skripsi\Experiment_TA\data\raw\RGB2\S49\AC1\RGB2_SUB49ACT1F151.jpg,0,0,0.45330870151519775
882,49,1,31,D:\Skripsi\Experiment_TA\data\raw\RGB2\S49\AC1\RGB2_SUB49ACT1F31.jpg,0,1,0.588577389717102
883,49,1,61,D:\Skripsi\Experiment_TA\data\raw\RGB2\S49\AC1\RGB2_SUB49ACT1F61.jpg,0,1,0.6101510524749756
884,49,1,91,D:\Skripsi\Experiment_TA\data\raw\RGB2\S49\AC1\RGB2_SUB49ACT1F91.jpg,0,0,0.4960644841194153
885,49,5,1,D:\Skripsi\Experiment_TA\data\raw\RGB2\S49\AC5\RGB2_SUB49ACT5F1.jpg,1,1,0.5367008447647095
886,49,5,121,D:\Skripsi\Experiment_TA\data\raw\RGB2\S49\AC5\RGB2_SUB49ACT5F121.jpg,1,1,0.6708527207374573
887,49,5,151,D:\Skripsi\Experiment_TA\data\raw\RGB2\S49\AC5\RGB2_SUB49ACT5F151.jpg,1,1,0.6665598750114441
888,49,5,31,D:\Skripsi\Experiment_TA\data\raw\RGB2\S49\AC5\RGB2_SUB49ACT5F31.jpg,1,1,0.6168957352638245
889,49,5,61,D:\Skripsi\Experiment_TA\data\raw\RGB2\S49\AC5\RGB2_SUB49ACT5F61.jpg,1,1,0.6544642448425293
890,49,5,91,D:\Skripsi\Experiment_TA\data\raw\RGB2\S49\AC5\RGB2_SUB49ACT5F91.jpg,1,1,0.7024046778678894
891,49,6,1,D:\Skripsi\Experiment_TA\data\raw\RGB2\S49\AC6\RGB2_SUB49ACT6F1.jpg,1,0,0.41787096858024597
892,49,6,121,D:\Skripsi\Experiment_TA\data\raw\RGB2\S49\AC6\RGB2_SUB49ACT6F121.jpg,1,0,0.4837311804294586
893,49,6,151,D:\Skripsi\Experiment_TA\data\raw\RGB2\S49\AC6\RGB2_SUB49ACT6F151.jpg,1,1,0.7964704036712646
894,49,6,181,D:\Skripsi\Experiment_TA\data\raw\RGB2\S49\AC6\RGB2_SUB49ACT6F181.jpg,1,1,0.5651653409004211
895,49,6,31,D:\Skripsi\Experiment_TA\data\raw\RGB2\S49\AC6\RGB2_SUB49ACT6F31.jpg,1,1,0.5624585747718811
896,49,6,61,D:\Skripsi\Experiment_TA\data\raw\RGB2\S49\AC6\RGB2_SUB49ACT6F61.jpg,1,1,0.5907676815986633
897,49,6,91,D:\Skripsi\Experiment_TA\data\raw\RGB2\S49\AC6\RGB2_SUB49ACT6F91.jpg,1,1,0.5993022322654724
898,49,7,1,D:\Skripsi\Experiment_TA\data\raw\RGB2\S49\AC7\RGB2_SUB49ACT7F1.jpg,1,0,0.4779518246650696
899,49,7,121,D:\Skripsi\Experiment_TA\data\raw\RGB2\S49\AC7\RGB2_SUB49ACT7F121.jpg,1,1,0.7791990041732788
900,49,7,31,D:\Skripsi\Experiment_TA\data\raw\RGB2\S49\AC7\RGB2_SUB49ACT7F31.jpg,1,1,0.6902374625205994
901,49,7,61,D:\Skripsi\Experiment_TA\data\raw\RGB2\S49\AC7\RGB2_SUB49ACT7F61.jpg,1,1,0.8370641469955444
902,49,7,91,D:\Skripsi\Experiment_TA\data\raw\RGB2\S49\AC7\RGB2_SUB49ACT7F91.jpg,1,1,0.8037512302398682
903,49,8,1,D:\Skripsi\Experiment_TA\data\raw\RGB2\S49\AC8\RGB2_SUB49ACT8F1.jpg,1,1,0.6557995676994324
904,49,8,121,D:\Skripsi\Experiment_TA\data\raw\RGB2\S49\AC8\RGB2_SUB49ACT8F121.jpg,1,1,0.6530516743659973
905,49,8,151,D:\Skripsi\Experiment_TA\data\raw\RGB2\S49\AC8\RGB2_SUB49ACT8F151.jpg,1,1,0.8618572950363159
906,49,8,181,D:\Skripsi\Experiment_TA\data\raw\RGB2\S49\AC8\RGB2_SUB49ACT8F181.jpg,1,0,0.4945757985115051
907,49,8,211,D:\Skripsi\Experiment_TA\data\raw\RGB2\S49\AC8\RGB2_SUB49ACT8F211.jpg,1,0,0.4693757891654968
908,49,8,31,D:\Skripsi\Experiment_TA\data\raw\RGB2\S49\AC8\RGB2_SUB49ACT8F31.jpg,1,1,0.5634632706642151
909,49,8,61,D:\Skripsi\Experiment_TA\data\raw\RGB2\S49\AC8\RGB2_SUB49ACT8F61.jpg,1,1,0.7226893901824951
910,49,8,91,D:\Skripsi\Experiment_TA\data\raw\RGB2\S49\AC8\RGB2_SUB49ACT8F91.jpg,1,1,0.6780493259429932
911,49,9,1,D:\Skripsi\Experiment_TA\data\raw\RGB2\S49\AC9\RGB2_SUB49ACT9F1.jpg,1,1,0.7962672710418701
912,49,9,121,D:\Skripsi\Experiment_TA\data\raw\RGB2\S49\AC9\RGB2_SUB49ACT9F121.jpg,1,1,0.7294847965240479
913,49,9,151,D:\Skripsi\Experiment_TA\data\raw\RGB2\S49\AC9\RGB2_SUB49ACT9F151.jpg,1,1,0.8352410197257996
914,49,9,181,D:\Skripsi\Experiment_TA\data\raw\RGB2\S49\AC9\RGB2_SUB49ACT9F181.jpg,1,1,0.7767379283905029
915,49,9,31,D:\Skripsi\Experiment_TA\data\raw\RGB2\S49\AC9\RGB2_SUB49ACT9F31.jpg,1,1,0.6706320643424988
916,49,9,61,D:\Skripsi\Experiment_TA\data\raw\RGB2\S49\AC9\RGB2_SUB49ACT9F61.jpg,1,1,0.613161027431488
917,49,9,91,D:\Skripsi\Experiment_TA\data\raw\RGB2\S49\AC9\RGB2_SUB49ACT9F91.jpg,1,1,0.6508764624595642
918,5,1,1,D:\Skripsi\Experiment_TA\data\raw\RGB2\S5\AC1\RGB2_SUB5ACT1F1.jpg,0,0,0.1546511948108673
919,5,1,121,D:\Skripsi\Experiment_TA\data\raw\RGB2\S5\AC1\RGB2_SUB5ACT1F121.jpg,0,0,0.2162453532218933
920,5,1,31,D:\Skripsi\Experiment_TA\data\raw\RGB2\S5\AC1\RGB2_SUB5ACT1F31.jpg,0,0,0.21381066739559174
921,5,1,61,D:\Skripsi\Experiment_TA\data\raw\RGB2\S5\AC1\RGB2_SUB5ACT1F61.jpg,0,1,0.6762475967407227
922,5,1,91,D:\Skripsi\Experiment_TA\data\raw\RGB2\S5\AC1\RGB2_SUB5ACT1F91.jpg,0,0,0.3685092031955719
923,5,5,1,D:\Skripsi\Experiment_TA\data\raw\RGB2\S5\AC5\RGB2_SUB5ACT5F1.jpg,1,0,0.32006826996803284
924,5,5,121,D:\Skripsi\Experiment_TA\data\raw\RGB2\S5\AC5\RGB2_SUB5ACT5F121.jpg,1,1,0.726166307926178
925,5,5,31,D:\Skripsi\Experiment_TA\data\raw\RGB2\S5\AC5\RGB2_SUB5ACT5F31.jpg,1,1,0.7089329361915588
926,5,5,61,D:\Skripsi\Experiment_TA\data\raw\RGB2\S5\AC5\RGB2_SUB5ACT5F61.jpg,1,1,0.5283058285713196
927,5,5,91,D:\Skripsi\Experiment_TA\data\raw\RGB2\S5\AC5\RGB2_SUB5ACT5F91.jpg,1,1,0.7894685864448547
928,5,6,1,D:\Skripsi\Experiment_TA\data\raw\RGB2\S5\AC6\RGB2_SUB5ACT6F1.jpg,1,1,0.8285986185073853
929,5,6,121,D:\Skripsi\Experiment_TA\data\raw\RGB2\S5\AC6\RGB2_SUB5ACT6F121.jpg,1,1,0.7363258004188538
930,5,6,31,D:\Skripsi\Experiment_TA\data\raw\RGB2\S5\AC6\RGB2_SUB5ACT6F31.jpg,1,1,0.7563456296920776
931,5,6,61,D:\Skripsi\Experiment_TA\data\raw\RGB2\S5\AC6\RGB2_SUB5ACT6F61.jpg,1,1,0.5456839203834534
932,5,6,91,D:\Skripsi\Experiment_TA\data\raw\RGB2\S5\AC6\RGB2_SUB5ACT6F91.jpg,1,1,0.6706510782241821
933,5,7,1,D:\Skripsi\Experiment_TA\data\raw\RGB2\S5\AC7\RGB2_SUB5ACT7F1.jpg,1,1,0.6230338215827942
934,5,7,121,D:\Skripsi\Experiment_TA\data\raw\RGB2\S5\AC7\RGB2_SUB5ACT7F121.jpg,1,1,0.8648422956466675
935,5,7,151,D:\Skripsi\Experiment_TA\data\raw\RGB2\S5\AC7\RGB2_SUB5ACT7F151.jpg,1,1,0.8525730967521667
936,5,7,31,D:\Skripsi\Experiment_TA\data\raw\RGB2\S5\AC7\RGB2_SUB5ACT7F31.jpg,1,1,0.8765841722488403
937,5,7,61,D:\Skripsi\Experiment_TA\data\raw\RGB2\S5\AC7\RGB2_SUB5ACT7F61.jpg,1,1,0.8673399686813354
938,5,7,91,D:\Skripsi\Experiment_TA\data\raw\RGB2\S5\AC7\RGB2_SUB5ACT7F91.jpg,1,1,0.6885131001472473
939,5,8,1,D:\Skripsi\Experiment_TA\data\raw\RGB2\S5\AC8\RGB2_SUB5ACT8F1.jpg,1,0,0.36464518308639526
940,5,8,121,D:\Skripsi\Experiment_TA\data\raw\RGB2\S5\AC8\RGB2_SUB5ACT8F121.jpg,1,1,0.5046728849411011
941,5,8,151,D:\Skripsi\Experiment_TA\data\raw\RGB2\S5\AC8\RGB2_SUB5ACT8F151.jpg,1,0,0.4700615406036377
942,5,8,31,D:\Skripsi\Experiment_TA\data\raw\RGB2\S5\AC8\RGB2_SUB5ACT8F31.jpg,1,1,0.5800934433937073
943,5,8,61,D:\Skripsi\Experiment_TA\data\raw\RGB2\S5\AC8\RGB2_SUB5ACT8F61.jpg,1,1,0.6193429827690125
944,5,8,91,D:\Skripsi\Experiment_TA\data\raw\RGB2\S5\AC8\RGB2_SUB5ACT8F91.jpg,1,1,0.6787406206130981
945,5,9,1,D:\Skripsi\Experiment_TA\data\raw\RGB2\S5\AC9\RGB2_SUB5ACT9F1.jpg,1,1,0.5300468802452087
946,5,9,121,D:\Skripsi\Experiment_TA\data\raw\RGB2\S5\AC9\RGB2_SUB5ACT9F121.jpg,1,1,0.762905478477478
947,5,9,151,D:\Skripsi\Experiment_TA\data\raw\RGB2\S5\AC9\RGB2_SUB5ACT9F151.jpg,1,1,0.5924934148788452
948,5,9,31,D:\Skripsi\Experiment_TA\data\raw\RGB2\S5\AC9\RGB2_SUB5ACT9F31.jpg,1,1,0.6424902081489563
949,5,9,61,D:\Skripsi\Experiment_TA\data\raw\RGB2\S5\AC9\RGB2_SUB5ACT9F61.jpg,1,1,0.5093661546707153
950,5,9,91,D:\Skripsi\Experiment_TA\data\raw\RGB2\S5\AC9\RGB2_SUB5ACT9F91.jpg,1,1,0.7365671992301941
951,50,1,1,D:\Skripsi\Experiment_TA\data\raw\RGB2\S50\AC1\RGB2_SUB50ACT1F1.jpg,0,1,0.5040344595909119
952,50,1,31,D:\Skripsi\Experiment_TA\data\raw\RGB2\S50\AC1\RGB2_SUB50ACT1F31.jpg,0,1,0.5846615433692932
953,50,1,61,D:\Skripsi\Experiment_TA\data\raw\RGB2\S50\AC1\RGB2_SUB50ACT1F61.jpg,0,0,0.4571528434753418
954,50,1,91,D:\Skripsi\Experiment_TA\data\raw\RGB2\S50\AC1\RGB2_SUB50ACT1F91.jpg,0,0,0.35828280448913574
955,50,5,1,D:\Skripsi\Experiment_TA\data\raw\RGB2\S50\AC5\RGB2_SUB50ACT5F1.jpg,1,1,0.7670044898986816
956,50,5,121,D:\Skripsi\Experiment_TA\data\raw\RGB2\S50\AC5\RGB2_SUB50ACT5F121.jpg,1,1,0.6567792296409607
957,50,5,31,D:\Skripsi\Experiment_TA\data\raw\RGB2\S50\AC5\RGB2_SUB50ACT5F31.jpg,1,1,0.6671547293663025
958,50,5,61,D:\Skripsi\Experiment_TA\data\raw\RGB2\S50\AC5\RGB2_SUB50ACT5F61.jpg,1,1,0.6037229895591736
959,50,5,91,D:\Skripsi\Experiment_TA\data\raw\RGB2\S50\AC5\RGB2_SUB50ACT5F91.jpg,1,1,0.5339159965515137
960,50,6,1,D:\Skripsi\Experiment_TA\data\raw\RGB2\S50\AC6\RGB2_SUB50ACT6F1.jpg,1,1,0.7258147597312927
961,50,6,121,D:\Skripsi\Experiment_TA\data\raw\RGB2\S50\AC6\RGB2_SUB50ACT6F121.jpg,1,1,0.7760711312294006
962,50,6,31,D:\Skripsi\Experiment_TA\data\raw\RGB2\S50\AC6\RGB2_SUB50ACT6F31.jpg,1,1,0.5752221345901489
963,50,6,61,D:\Skripsi\Experiment_TA\data\raw\RGB2\S50\AC6\RGB2_SUB50ACT6F61.jpg,1,1,0.6408854722976685
964,50,6,91,D:\Skripsi\Experiment_TA\data\raw\RGB2\S50\AC6\RGB2_SUB50ACT6F91.jpg,1,0,0.43978428840637207
965,50,7,1,D:\Skripsi\Experiment_TA\data\raw\RGB2\S50\AC7\RGB2_SUB50ACT7F1.jpg,1,1,0.7726548910140991
966,50,7,121,D:\Skripsi\Experiment_TA\data\raw\RGB2\S50\AC7\RGB2_SUB50ACT7F121.jpg,1,1,0.8633353114128113
967,50,7,31,D:\Skripsi\Experiment_TA\data\raw\RGB2\S50\AC7\RGB2_SUB50ACT7F31.jpg,1,1,0.7863141298294067
968,50,7,61,D:\Skripsi\Experiment_TA\data\raw\RGB2\S50\AC7\RGB2_SUB50ACT7F61.jpg,1,1,0.798931360244751
969,50,7,91,D:\Skripsi\Experiment_TA\data\raw\RGB2\S50\AC7\RGB2_SUB50ACT7F91.jpg,1,1,0.8579953908920288
970,50,8,1,D:\Skripsi\Experiment_TA\data\raw\RGB2\S50\AC8\RGB2_SUB50ACT8F1.jpg,1,1,0.7226179242134094
971,50,8,121,D:\Skripsi\Experiment_TA\data\raw\RGB2\S50\AC8\RGB2_SUB50ACT8F121.jpg,1,1,0.6506896018981934
972,50,8,151,D:\Skripsi\Experiment_TA\data\raw\RGB2\S50\AC8\RGB2_SUB50ACT8F151.jpg,1,1,0.7293675541877747
973,50,8,181,D:\Skripsi\Experiment_TA\data\raw\RGB2\S50\AC8\RGB2_SUB50ACT8F181.jpg,1,1,0.724395751953125
974,50,8,211,D:\Skripsi\Experiment_TA\data\raw\RGB2\S50\AC8\RGB2_SUB50ACT8F211.jpg,1,1,0.7538594007492065
975,50,8,31,D:\Skripsi\Experiment_TA\data\raw\RGB2\S50\AC8\RGB2_SUB50ACT8F31.jpg,1,0,0.45597535371780396
976,50,8,61,D:\Skripsi\Experiment_TA\data\raw\RGB2\S50\AC8\RGB2_SUB50ACT8F61.jpg,1,1,0.8104365468025208
977,50,8,91,D:\Skripsi\Experiment_TA\data\raw\RGB2\S50\AC8\RGB2_SUB50ACT8F91.jpg,1,1,0.771521270275116
978,50,9,1,D:\Skripsi\Experiment_TA\data\raw\RGB2\S50\AC9\RGB2_SUB50ACT9F1.jpg,1,1,0.5989088416099548
979,50,9,121,D:\Skripsi\Experiment_TA\data\raw\RGB2\S50\AC9\RGB2_SUB50ACT9F121.jpg,1,1,0.5834373831748962
980,50,9,151,D:\Skripsi\Experiment_TA\data\raw\RGB2\S50\AC9\RGB2_SUB50ACT9F151.jpg,1,1,0.5728162527084351
981,50,9,181,D:\Skripsi\Experiment_TA\data\raw\RGB2\S50\AC9\RGB2_SUB50ACT9F181.jpg,1,0,0.4944697916507721
982,50,9,31,D:\Skripsi\Experiment_TA\data\raw\RGB2\S50\AC9\RGB2_SUB50ACT9F31.jpg,1,1,0.7982701063156128
983,50,9,61,D:\Skripsi\Experiment_TA\data\raw\RGB2\S50\AC9\RGB2_SUB50ACT9F61.jpg,1,1,0.8368355631828308
984,50,9,91,D:\Skripsi\Experiment_TA\data\raw\RGB2\S50\AC9\RGB2_SUB50ACT9F91.jpg,1,1,0.7466652393341064
985,6,1,1,D:\Skripsi\Experiment_TA\data\raw\RGB2\S6\AC1\RGB2_SUB6ACT1F1.jpg,0,0,0.15172874927520752
986,6,1,121,D:\Skripsi\Experiment_TA\data\raw\RGB2\S6\AC1\RGB2_SUB6ACT1F121.jpg,0,0,0.23065896332263947
987,6,1,31,D:\Skripsi\Experiment_TA\data\raw\RGB2\S6\AC1\RGB2_SUB6ACT1F31.jpg,0,0,0.30598753690719604
988,6,1,61,D:\Skripsi\Experiment_TA\data\raw\RGB2\S6\AC1\RGB2_SUB6ACT1F61.jpg,0,0,0.23821663856506348
989,6,1,91,D:\Skripsi\Experiment_TA\data\raw\RGB2\S6\AC1\RGB2_SUB6ACT1F91.jpg,0,0,0.13534016907215118
990,6,5,1,D:\Skripsi\Experiment_TA\data\raw\RGB2\S6\AC5\RGB2_SUB6ACT5F1.jpg,1,1,0.8935445547103882
991,6,5,121,D:\Skripsi\Experiment_TA\data\raw\RGB2\S6\AC5\RGB2_SUB6ACT5F121.jpg,1,1,0.7662237286567688
992,6,5,31,D:\Skripsi\Experiment_TA\data\raw\RGB2\S6\AC5\RGB2_SUB6ACT5F31.jpg,1,1,0.937032163143158
993,6,5,61,D:\Skripsi\Experiment_TA\data\raw\RGB2\S6\AC5\RGB2_SUB6ACT5F61.jpg,1,1,0.8943817615509033
994,6,5,91,D:\Skripsi\Experiment_TA\data\raw\RGB2\S6\AC5\RGB2_SUB6ACT5F91.jpg,1,1,0.8831990957260132
995,6,6,1,D:\Skripsi\Experiment_TA\data\raw\RGB2\S6\AC6\RGB2_SUB6ACT6F1.jpg,1,1,0.8831512928009033
996,6,6,121,D:\Skripsi\Experiment_TA\data\raw\RGB2\S6\AC6\RGB2_SUB6ACT6F121.jpg,1,1,0.8764011859893799
997,6,6,151,D:\Skripsi\Experiment_TA\data\raw\RGB2\S6\AC6\RGB2_SUB6ACT6F151.jpg,1,1,0.8511961698532104
998,6,6,31,D:\Skripsi\Experiment_TA\data\raw\RGB2\S6\AC6\RGB2_SUB6ACT6F31.jpg,1,1,0.8918060660362244
999,6,6,61,D:\Skripsi\Experiment_TA\data\raw\RGB2\S6\AC6\RGB2_SUB6ACT6F61.jpg,1,1,0.7502042055130005
1000,6,6,91,D:\Skripsi\Experiment_TA\data\raw\RGB2\S6\AC6\RGB2_SUB6ACT6F91.jpg,1,1,0.8900259733200073
1001,6,7,1,D:\Skripsi\Experiment_TA\data\raw\RGB2\S6\AC7\RGB2_SUB6ACT7F1.jpg,1,0,0.34401988983154297
1002,6,7,121,D:\Skripsi\Experiment_TA\data\raw\RGB2\S6\AC7\RGB2_SUB6ACT7F121.jpg,1,1,0.8596498966217041
1003,6,7,31,D:\Skripsi\Experiment_TA\data\raw\RGB2\S6\AC7\RGB2_SUB6ACT7F31.jpg,1,1,0.9223565459251404
1004,6,7,61,D:\Skripsi\Experiment_TA\data\raw\RGB2\S6\AC7\RGB2_SUB6ACT7F61.jpg,1,1,0.931119978427887
1005,6,7,91,D:\Skripsi\Experiment_TA\data\raw\RGB2\S6\AC7\RGB2_SUB6ACT7F91.jpg,1,1,0.7207534909248352
1006,6,8,1,D:\Skripsi\Experiment_TA\data\raw\RGB2\S6\AC8\RGB2_SUB6ACT8F1.jpg,1,1,0.6545315980911255
1007,6,8,121,D:\Skripsi\Experiment_TA\data\raw\RGB2\S6\AC8\RGB2_SUB6ACT8F121.jpg,1,1,0.9524283409118652
1008,6,8,151,D:\Skripsi\Experiment_TA\data\raw\RGB2\S6\AC8\RGB2_SUB6ACT8F151.jpg,1,1,0.9619798064231873
1009,6,8,31,D:\Skripsi\Experiment_TA\data\raw\RGB2\S6\AC8\RGB2_SUB6ACT8F31.jpg,1,0,0.39104968309402466
1010,6,8,61,D:\Skripsi\Experiment_TA\data\raw\RGB2\S6\AC8\RGB2_SUB6ACT8F61.jpg,1,0,0.2619422972202301
1011,6,8,91,D:\Skripsi\Experiment_TA\data\raw\RGB2\S6\AC8\RGB2_SUB6ACT8F91.jpg,1,0,0.319600909948349
1012,6,9,1,D:\Skripsi\Experiment_TA\data\raw\RGB2\S6\AC9\RGB2_SUB6ACT9F1.jpg,1,1,0.8977634310722351
1013,6,9,121,D:\Skripsi\Experiment_TA\data\raw\RGB2\S6\AC9\RGB2_SUB6ACT9F121.jpg,1,1,0.806404709815979
1014,6,9,151,D:\Skripsi\Experiment_TA\data\raw\RGB2\S6\AC9\RGB2_SUB6ACT9F151.jpg,1,1,0.9007138013839722
1015,6,9,31,D:\Skripsi\Experiment_TA\data\raw\RGB2\S6\AC9\RGB2_SUB6ACT9F31.jpg,1,1,0.9170819520950317
1016,6,9,61,D:\Skripsi\Experiment_TA\data\raw\RGB2\S6\AC9\RGB2_SUB6ACT9F61.jpg,1,1,0.8461083769798279
1017,6,9,91,D:\Skripsi\Experiment_TA\data\raw\RGB2\S6\AC9\RGB2_SUB6ACT9F91.jpg,1,1,0.8234198093414307
1018,7,1,1,D:\Skripsi\Experiment_TA\data\raw\RGB2\S7\AC1\RGB2_SUB7ACT1F1.jpg,0,0,0.11883939802646637
1019,7,1,121,D:\Skripsi\Experiment_TA\data\raw\RGB2\S7\AC1\RGB2_SUB7ACT1F121.jpg,0,0,0.1317555010318756
1020,7,1,31,D:\Skripsi\Experiment_TA\data\raw\RGB2\S7\AC1\RGB2_SUB7ACT1F31.jpg,0,0,0.1263454407453537
1021,7,1,61,D:\Skripsi\Experiment_TA\data\raw\RGB2\S7\AC1\RGB2_SUB7ACT1F61.jpg,0,0,0.2438134253025055
1022,7,1,91,D:\Skripsi\Experiment_TA\data\raw\RGB2\S7\AC1\RGB2_SUB7ACT1F91.jpg,0,0,0.2827065587043762
1023,7,5,1,D:\Skripsi\Experiment_TA\data\raw\RGB2\S7\AC5\RGB2_SUB7ACT5F1.jpg,1,0,0.20085766911506653
1024,7,5,121,D:\Skripsi\Experiment_TA\data\raw\RGB2\S7\AC5\RGB2_SUB7ACT5F121.jpg,1,1,0.7260820865631104
1025,7,5,31,D:\Skripsi\Experiment_TA\data\raw\RGB2\S7\AC5\RGB2_SUB7ACT5F31.jpg,1,1,0.6197119355201721
1026,7,5,61,D:\Skripsi\Experiment_TA\data\raw\RGB2\S7\AC5\RGB2_SUB7ACT5F61.jpg,1,1,0.7752977609634399
1027,7,5,91,D:\Skripsi\Experiment_TA\data\raw\RGB2\S7\AC5\RGB2_SUB7ACT5F91.jpg,1,1,0.5993321537971497
1028,7,6,1,D:\Skripsi\Experiment_TA\data\raw\RGB2\S7\AC6\RGB2_SUB7ACT6F1.jpg,1,1,0.5303090810775757
1029,7,6,121,D:\Skripsi\Experiment_TA\data\raw\RGB2\S7\AC6\RGB2_SUB7ACT6F121.jpg,1,0,0.37020835280418396
1030,7,6,31,D:\Skripsi\Experiment_TA\data\raw\RGB2\S7\AC6\RGB2_SUB7ACT6F31.jpg,1,0,0.36862918734550476
1031,7,6,61,D:\Skripsi\Experiment_TA\data\raw\RGB2\S7\AC6\RGB2_SUB7ACT6F61.jpg,1,0,0.4680529832839966
1032,7,6,91,D:\Skripsi\Experiment_TA\data\raw\RGB2\S7\AC6\RGB2_SUB7ACT6F91.jpg,1,0,0.41488516330718994
1033,7,7,1,D:\Skripsi\Experiment_TA\data\raw\RGB2\S7\AC7\RGB2_SUB7ACT7F1.jpg,1,0,0.11445238441228867
1034,7,7,121,D:\Skripsi\Experiment_TA\data\raw\RGB2\S7\AC7\RGB2_SUB7ACT7F121.jpg,1,1,0.6657408475875854
1035,7,7,151,D:\Skripsi\Experiment_TA\data\raw\RGB2\S7\AC7\RGB2_SUB7ACT7F151.jpg,1,1,0.6978719830513
1036,7,7,31,D:\Skripsi\Experiment_TA\data\raw\RGB2\S7\AC7\RGB2_SUB7ACT7F31.jpg,1,1,0.7103589773178101
1037,7,7,61,D:\Skripsi\Experiment_TA\data\raw\RGB2\S7\AC7\RGB2_SUB7ACT7F61.jpg,1,1,0.8880369067192078
1038,7,7,91,D:\Skripsi\Experiment_TA\data\raw\RGB2\S7\AC7\RGB2_SUB7ACT7F91.jpg,1,1,0.7538701295852661
1039,7,8,1,D:\Skripsi\Experiment_TA\data\raw\RGB2\S7\AC8\RGB2_SUB7ACT8F1.jpg,1,0,0.20734935998916626
1040,7,8,121,D:\Skripsi\Experiment_TA\data\raw\RGB2\S7\AC8\RGB2_SUB7ACT8F121.jpg,1,0,0.22488394379615784
1041,7,8,31,D:\Skripsi\Experiment_TA\data\raw\RGB2\S7\AC8\RGB2_SUB7ACT8F31.jpg,1,0,0.422385036945343
1042,7,8,61,D:\Skripsi\Experiment_TA\data\raw\RGB2\S7\AC8\RGB2_SUB7ACT8F61.jpg,1,0,0.42815929651260376
1043,7,8,91,D:\Skripsi\Experiment_TA\data\raw\RGB2\S7\AC8\RGB2_SUB7ACT8F91.jpg,1,0,0.21407459676265717
1044,7,9,1,D:\Skripsi\Experiment_TA\data\raw\RGB2\S7\AC9\RGB2_SUB7ACT9F1.jpg,1,0,0.1934298574924469
1045,7,9,121,D:\Skripsi\Experiment_TA\data\raw\RGB2\S7\AC9\RGB2_SUB7ACT9F121.jpg,1,1,0.8153977394104004
1046,7,9,31,D:\Skripsi\Experiment_TA\data\raw\RGB2\S7\AC9\RGB2_SUB7ACT9F31.jpg,1,1,0.5339440703392029
1047,7,9,61,D:\Skripsi\Experiment_TA\data\raw\RGB2\S7\AC9\RGB2_SUB7ACT9F61.jpg,1,1,0.7970440983772278
1048,7,9,91,D:\Skripsi\Experiment_TA\data\raw\RGB2\S7\AC9\RGB2_SUB7ACT9F91.jpg,1,1,0.6795979738235474
1049,9,1,1,D:\Skripsi\Experiment_TA\data\raw\RGB2\S9\AC1\RGB2_SUB9ACT1F1.jpg,0,0,0.10581736266613007
1050,9,1,121,D:\Skripsi\Experiment_TA\data\raw\RGB2\S9\AC1\RGB2_SUB9ACT1F121.jpg,0,1,0.6342517733573914
1051,9,1,151,D:\Skripsi\Experiment_TA\data\raw\RGB2\S9\AC1\RGB2_SUB9ACT1F151.jpg,0,0,0.2139541655778885
1052,9,1,31,D:\Skripsi\Experiment_TA\data\raw\RGB2\S9\AC1\RGB2_SUB9ACT1F31.jpg,0,0,0.03829914703965187
1053,9,1,61,D:\Skripsi\Experiment_TA\data\raw\RGB2\S9\AC1\RGB2_SUB9ACT1F61.jpg,0,0,0.04335847496986389
1054,9,1,91,D:\Skripsi\Experiment_TA\data\raw\RGB2\S9\AC1\RGB2_SUB9ACT1F91.jpg,0,1,0.6031169295310974
1055,9,5,1,D:\Skripsi\Experiment_TA\data\raw\RGB2\S9\AC5\RGB2_SUB9ACT5F1.jpg,1,1,0.7439904808998108
1056,9,5,121,D:\Skripsi\Experiment_TA\data\raw\RGB2\S9\AC5\RGB2_SUB9ACT5F121.jpg,1,1,0.8683212995529175
1057,9,5,151,D:\Skripsi\Experiment_TA\data\raw\RGB2\S9\AC5\RGB2_SUB9ACT5F151.jpg,1,1,0.8553706407546997
1058,9,5,31,D:\Skripsi\Experiment_TA\data\raw\RGB2\S9\AC5\RGB2_SUB9ACT5F31.jpg,1,1,0.8608694672584534
1059,9,5,61,D:\Skripsi\Experiment_TA\data\raw\RGB2\S9\AC5\RGB2_SUB9ACT5F61.jpg,1,1,0.7999154925346375
1060,9,5,91,D:\Skripsi\Experiment_TA\data\raw\RGB2\S9\AC5\RGB2_SUB9ACT5F91.jpg,1,1,0.8791918754577637
1061,9,6,1,D:\Skripsi\Experiment_TA\data\raw\RGB2\S9\AC6\RGB2_SUB9ACT6F1.jpg,1,1,0.6127397418022156
1062,9,6,121,D:\Skripsi\Experiment_TA\data\raw\RGB2\S9\AC6\RGB2_SUB9ACT6F121.jpg,1,1,0.6666116714477539
1063,9,6,31,D:\Skripsi\Experiment_TA\data\raw\RGB2\S9\AC6\RGB2_SUB9ACT6F31.jpg,1,1,0.6518307328224182
1064,9,6,61,D:\Skripsi\Experiment_TA\data\raw\RGB2\S9\AC6\RGB2_SUB9ACT6F61.jpg,1,1,0.6167814135551453
1065,9,6,91,D:\Skripsi\Experiment_TA\data\raw\RGB2\S9\AC6\RGB2_SUB9ACT6F91.jpg,1,1,0.7026911973953247
1066,9,7,1,D:\Skripsi\Experiment_TA\data\raw\RGB2\S9\AC7\RGB2_SUB9ACT7F1.jpg,1,1,0.5758551955223083
1067,9,7,121,D:\Skripsi\Experiment_TA\data\raw\RGB2\S9\AC7\RGB2_SUB9ACT7F121.jpg,1,1,0.6912317276000977
1068,9,7,151,D:\Skripsi\Experiment_TA\data\raw\RGB2\S9\AC7\RGB2_SUB9ACT7F151.jpg,1,1,0.733954906463623
1069,9,7,181,D:\Skripsi\Experiment_TA\data\raw\RGB2\S9\AC7\RGB2_SUB9ACT7F181.jpg,1,1,0.6823886632919312
1070,9,7,31,D:\Skripsi\Experiment_TA\data\raw\RGB2\S9\AC7\RGB2_SUB9ACT7F31.jpg,1,1,0.6853043437004089
1071,9,7,61,D:\Skripsi\Experiment_TA\data\raw\RGB2\S9\AC7\RGB2_SUB9ACT7F61.jpg,1,1,0.5204982161521912
1072,9,7,91,D:\Skripsi\Experiment_TA\data\raw\RGB2\S9\AC7\RGB2_SUB9ACT7F91.jpg,1,1,0.7794994115829468
1073,9,8,1,D:\Skripsi\Experiment_TA\data\raw\RGB2\S9\AC8\RGB2_SUB9ACT8F1.jpg,1,1,0.8313281536102295
1074,9,8,121,D:\Skripsi\Experiment_TA\data\raw\RGB2\S9\AC8\RGB2_SUB9ACT8F121.jpg,1,1,0.7719624042510986
1075,9,8,31,D:\Skripsi\Experiment_TA\data\raw\RGB2\S9\AC8\RGB2_SUB9ACT8F31.jpg,1,1,0.5944519639015198
1076,9,8,61,D:\Skripsi\Experiment_TA\data\raw\RGB2\S9\AC8\RGB2_SUB9ACT8F61.jpg,1,0,0.473284512758255
1077,9,8,91,D:\Skripsi\Experiment_TA\data\raw\RGB2\S9\AC8\RGB2_SUB9ACT8F91.jpg,1,0,0.3819907307624817
1078,9,9,1,D:\Skripsi\Experiment_TA\data\raw\RGB2\S9\AC9\RGB2_SUB9ACT9F1.jpg,1,1,0.5521878004074097
1079,9,9,121,D:\Skripsi\Experiment_TA\data\raw\RGB2\S9\AC9\RGB2_SUB9ACT9F121.jpg,1,1,0.7980464696884155
1080,9,9,151,D:\Skripsi\Experiment_TA\data\raw\RGB2\S9\AC9\RGB2_SUB9ACT9F151.jpg,1,1,0.7588393688201904
1081,9,9,31,D:\Skripsi\Experiment_TA\data\raw\RGB2\S9\AC9\RGB2_SUB9ACT9F31.jpg,1,1,0.6666629314422607
1082,9,9,61,D:\Skripsi\Experiment_TA\data\raw\RGB2\S9\AC9\RGB2_SUB9ACT9F61.jpg,1,1,0.7751924395561218
1083,9,9,91,D:\Skripsi\Experiment_TA\data\raw\RGB2\S9\AC9\RGB2_SUB9ACT9F91.jpg,1,1,0.8091989755630493
