row_index,subject_id,activity_id,frame,filepath,label,prediction,prob_phone
0,12,1,1,D:\Skripsi\Experiment\data\raw\RGB2\S12\AC1\RGB2_SUB12ACT1F1.jpg,0,1,0.5594651103019714
1,12,1,106,D:\Skripsi\Experiment\data\raw\RGB2\S12\AC1\RGB2_SUB12ACT1F106.jpg,0,1,0.5644135475158691
2,12,1,121,D:\Skripsi\Experiment\data\raw\RGB2\S12\AC1\RGB2_SUB12ACT1F121.jpg,0,1,0.590135931968689
3,12,1,136,D:\Skripsi\Experiment\data\raw\RGB2\S12\AC1\RGB2_SUB12ACT1F136.jpg,0,0,0.4996246099472046
4,12,1,151,D:\Skripsi\Experiment\data\raw\RGB2\S12\AC1\RGB2_SUB12ACT1F151.jpg,0,0,0.4211222231388092
5,12,1,16,D:\Skripsi\Experiment\data\raw\RGB2\S12\AC1\RGB2_SUB12ACT1F16.jpg,0,0,0.470804899930954
6,12,1,31,D:\Skripsi\Experiment\data\raw\RGB2\S12\AC1\RGB2_SUB12ACT1F31.jpg,0,0,0.49295735359191895
7,12,1,46,D:\Skripsi\Experiment\data\raw\RGB2\S12\AC1\RGB2_SUB12ACT1F46.jpg,0,0,0.45044997334480286
8,12,1,61,D:\Skripsi\Experiment\data\raw\RGB2\S12\AC1\RGB2_SUB12ACT1F61.jpg,0,0,0.42986446619033813
9,12,1,76,D:\Skripsi\Experiment\data\raw\RGB2\S12\AC1\RGB2_SUB12ACT1F76.jpg,0,1,0.6842555999755859
10,12,1,91,D:\Skripsi\Experiment\data\raw\RGB2\S12\AC1\RGB2_SUB12ACT1F91.jpg,0,1,0.6853756904602051
11,12,5,1,D:\Skripsi\Experiment\data\raw\RGB2\S12\AC5\RGB2_SUB12ACT5F1.jpg,1,0,0.4655163586139679
12,12,5,106,D:\Skripsi\Experiment\data\raw\RGB2\S12\AC5\RGB2_SUB12ACT5F106.jpg,1,0,0.4920964241027832
13,12,5,121,D:\Skripsi\Experiment\data\raw\RGB2\S12\AC5\RGB2_SUB12ACT5F121.jpg,1,0,0.39824044704437256
14,12,5,136,D:\Skripsi\Experiment\data\raw\RGB2\S12\AC5\RGB2_SUB12ACT5F136.jpg,1,0,0.48431533575057983
15,12,5,16,D:\Skripsi\Experiment\data\raw\RGB2\S12\AC5\RGB2_SUB12ACT5F16.jpg,1,1,0.5946463942527771
16,12,5,31,D:\Skripsi\Experiment\data\raw\RGB2\S12\AC5\RGB2_SUB12ACT5F31.jpg,1,1,0.5636773705482483
17,12,5,46,D:\Skripsi\Experiment\data\raw\RGB2\S12\AC5\RGB2_SUB12ACT5F46.jpg,1,1,0.6198567152023315
18,12,5,61,D:\Skripsi\Experiment\data\raw\RGB2\S12\AC5\RGB2_SUB12ACT5F61.jpg,1,1,0.6049335598945618
19,12,5,76,D:\Skripsi\Experiment\data\raw\RGB2\S12\AC5\RGB2_SUB12ACT5F76.jpg,1,1,0.5192933678627014
20,12,5,91,D:\Skripsi\Experiment\data\raw\RGB2\S12\AC5\RGB2_SUB12ACT5F91.jpg,1,1,0.5276003479957581
21,12,6,1,D:\Skripsi\Experiment\data\raw\RGB2\S12\AC6\RGB2_SUB12ACT6F1.jpg,1,1,0.625700056552887
22,12,6,106,D:\Skripsi\Experiment\data\raw\RGB2\S12\AC6\RGB2_SUB12ACT6F106.jpg,1,0,0.47978416085243225
23,12,6,121,D:\Skripsi\Experiment\data\raw\RGB2\S12\AC6\RGB2_SUB12ACT6F121.jpg,1,1,0.5518914461135864
24,12,6,136,D:\Skripsi\Experiment\data\raw\RGB2\S12\AC6\RGB2_SUB12ACT6F136.jpg,1,1,0.634505569934845
25,12,6,151,D:\Skripsi\Experiment\data\raw\RGB2\S12\AC6\RGB2_SUB12ACT6F151.jpg,1,1,0.6797724962234497
26,12,6,16,D:\Skripsi\Experiment\data\raw\RGB2\S12\AC6\RGB2_SUB12ACT6F16.jpg,1,1,0.5393833518028259
27,12,6,166,D:\Skripsi\Experiment\data\raw\RGB2\S12\AC6\RGB2_SUB12ACT6F166.jpg,1,1,0.6713008880615234
28,12,6,181,D:\Skripsi\Experiment\data\raw\RGB2\S12\AC6\RGB2_SUB12ACT6F181.jpg,1,1,0.6185586452484131
29,12,6,196,D:\Skripsi\Experiment\data\raw\RGB2\S12\AC6\RGB2_SUB12ACT6F196.jpg,1,1,0.6166296005249023
30,12,6,31,D:\Skripsi\Experiment\data\raw\RGB2\S12\AC6\RGB2_SUB12ACT6F31.jpg,1,1,0.6220065355300903
31,12,6,46,D:\Skripsi\Experiment\data\raw\RGB2\S12\AC6\RGB2_SUB12ACT6F46.jpg,1,1,0.5696054100990295
32,12,6,61,D:\Skripsi\Experiment\data\raw\RGB2\S12\AC6\RGB2_SUB12ACT6F61.jpg,1,1,0.5269650220870972
33,12,6,76,D:\Skripsi\Experiment\data\raw\RGB2\S12\AC6\RGB2_SUB12ACT6F76.jpg,1,1,0.5560026168823242
34,12,6,91,D:\Skripsi\Experiment\data\raw\RGB2\S12\AC6\RGB2_SUB12ACT6F91.jpg,1,1,0.5637651085853577
35,12,7,1,D:\Skripsi\Experiment\data\raw\RGB2\S12\AC7\RGB2_SUB12ACT7F1.jpg,1,0,0.4675218462944031
36,12,7,106,D:\Skripsi\Experiment\data\raw\RGB2\S12\AC7\RGB2_SUB12ACT7F106.jpg,1,0,0.3926263451576233
37,12,7,121,D:\Skripsi\Experiment\data\raw\RGB2\S12\AC7\RGB2_SUB12ACT7F121.jpg,1,1,0.5002708435058594
38,12,7,136,D:\Skripsi\Experiment\data\raw\RGB2\S12\AC7\RGB2_SUB12ACT7F136.jpg,1,1,0.5034226775169373
39,12,7,151,D:\Skripsi\Experiment\data\raw\RGB2\S12\AC7\RGB2_SUB12ACT7F151.jpg,1,0,0.490468293428421
40,12,7,16,D:\Skripsi\Experiment\data\raw\RGB2\S12\AC7\RGB2_SUB12ACT7F16.jpg,1,0,0.4522019922733307
41,12,7,166,D:\Skripsi\Experiment\data\raw\RGB2\S12\AC7\RGB2_SUB12ACT7F166.jpg,1,0,0.4238753020763397
42,12,7,181,D:\Skripsi\Experiment\data\raw\RGB2\S12\AC7\RGB2_SUB12ACT7F181.jpg,1,0,0.47590500116348267
43,12,7,196,D:\Skripsi\Experiment\data\raw\RGB2\S12\AC7\RGB2_SUB12ACT7F196.jpg,1,0,0.3371638357639313
44,12,7,211,D:\Skripsi\Experiment\data\raw\RGB2\S12\AC7\RGB2_SUB12ACT7F211.jpg,1,0,0.3908728063106537
45,12,7,226,D:\Skripsi\Experiment\data\raw\RGB2\S12\AC7\RGB2_SUB12ACT7F226.jpg,1,1,0.5616352558135986
46,12,7,31,D:\Skripsi\Experiment\data\raw\RGB2\S12\AC7\RGB2_SUB12ACT7F31.jpg,1,0,0.4434185028076172
47,12,7,46,D:\Skripsi\Experiment\data\raw\RGB2\S12\AC7\RGB2_SUB12ACT7F46.jpg,1,0,0.42043036222457886
48,12,7,61,D:\Skripsi\Experiment\data\raw\RGB2\S12\AC7\RGB2_SUB12ACT7F61.jpg,1,0,0.4861193895339966
49,12,7,76,D:\Skripsi\Experiment\data\raw\RGB2\S12\AC7\RGB2_SUB12ACT7F76.jpg,1,1,0.5178226232528687
50,12,7,91,D:\Skripsi\Experiment\data\raw\RGB2\S12\AC7\RGB2_SUB12ACT7F91.jpg,1,0,0.45120999217033386
51,12,8,1,D:\Skripsi\Experiment\data\raw\RGB2\S12\AC8\RGB2_SUB12ACT8F1.jpg,1,1,0.6263149976730347
52,12,8,106,D:\Skripsi\Experiment\data\raw\RGB2\S12\AC8\RGB2_SUB12ACT8F106.jpg,1,1,0.664415717124939
53,12,8,121,D:\Skripsi\Experiment\data\raw\RGB2\S12\AC8\RGB2_SUB12ACT8F121.jpg,1,1,0.7595694661140442
54,12,8,136,D:\Skripsi\Experiment\data\raw\RGB2\S12\AC8\RGB2_SUB12ACT8F136.jpg,1,1,0.7492452263832092
55,12,8,151,D:\Skripsi\Experiment\data\raw\RGB2\S12\AC8\RGB2_SUB12ACT8F151.jpg,1,1,0.8083853125572205
56,12,8,16,D:\Skripsi\Experiment\data\raw\RGB2\S12\AC8\RGB2_SUB12ACT8F16.jpg,1,1,0.5815668106079102
57,12,8,31,D:\Skripsi\Experiment\data\raw\RGB2\S12\AC8\RGB2_SUB12ACT8F31.jpg,1,1,0.6162228584289551
58,12,8,46,D:\Skripsi\Experiment\data\raw\RGB2\S12\AC8\RGB2_SUB12ACT8F46.jpg,1,1,0.654382050037384
59,12,8,61,D:\Skripsi\Experiment\data\raw\RGB2\S12\AC8\RGB2_SUB12ACT8F61.jpg,1,1,0.6341766119003296
60,12,8,76,D:\Skripsi\Experiment\data\raw\RGB2\S12\AC8\RGB2_SUB12ACT8F76.jpg,1,1,0.7261000871658325
61,12,8,91,D:\Skripsi\Experiment\data\raw\RGB2\S12\AC8\RGB2_SUB12ACT8F91.jpg,1,1,0.6953508257865906
62,12,9,1,D:\Skripsi\Experiment\data\raw\RGB2\S12\AC9\RGB2_SUB12ACT9F1.jpg,1,1,0.6318014860153198
63,12,9,106,D:\Skripsi\Experiment\data\raw\RGB2\S12\AC9\RGB2_SUB12ACT9F106.jpg,1,1,0.5590712428092957
64,12,9,121,D:\Skripsi\Experiment\data\raw\RGB2\S12\AC9\RGB2_SUB12ACT9F121.jpg,1,0,0.4764927327632904
65,12,9,136,D:\Skripsi\Experiment\data\raw\RGB2\S12\AC9\RGB2_SUB12ACT9F136.jpg,1,1,0.7165896892547607
66,12,9,151,D:\Skripsi\Experiment\data\raw\RGB2\S12\AC9\RGB2_SUB12ACT9F151.jpg,1,1,0.6193268895149231
67,12,9,16,D:\Skripsi\Experiment\data\raw\RGB2\S12\AC9\RGB2_SUB12ACT9F16.jpg,1,1,0.5984827876091003
68,12,9,166,D:\Skripsi\Experiment\data\raw\RGB2\S12\AC9\RGB2_SUB12ACT9F166.jpg,1,1,0.5759971141815186
69,12,9,31,D:\Skripsi\Experiment\data\raw\RGB2\S12\AC9\RGB2_SUB12ACT9F31.jpg,1,0,0.4329446852207184
70,12,9,46,D:\Skripsi\Experiment\data\raw\RGB2\S12\AC9\RGB2_SUB12ACT9F46.jpg,1,0,0.2685351073741913
71,12,9,61,D:\Skripsi\Experiment\data\raw\RGB2\S12\AC9\RGB2_SUB12ACT9F61.jpg,1,1,0.540230929851532
72,12,9,76,D:\Skripsi\Experiment\data\raw\RGB2\S12\AC9\RGB2_SUB12ACT9F76.jpg,1,1,0.6325073838233948
73,12,9,91,D:\Skripsi\Experiment\data\raw\RGB2\S12\AC9\RGB2_SUB12ACT9F91.jpg,1,1,0.5687546133995056
74,13,1,1,D:\Skripsi\Experiment\data\raw\RGB2\S13\AC1\RGB2_SUB13ACT1F1.jpg,0,0,0.4126005172729492
75,13,1,106,D:\Skripsi\Experiment\data\raw\RGB2\S13\AC1\RGB2_SUB13ACT1F106.jpg,0,0,0.4527725279331207
76,13,1,121,D:\Skripsi\Experiment\data\raw\RGB2\S13\AC1\RGB2_SUB13ACT1F121.jpg,0,0,0.41820231080055237
77,13,1,16,D:\Skripsi\Experiment\data\raw\RGB2\S13\AC1\RGB2_SUB13ACT1F16.jpg,0,1,0.5786370635032654
78,13,1,31,D:\Skripsi\Experiment\data\raw\RGB2\S13\AC1\RGB2_SUB13ACT1F31.jpg,0,0,0.40946826338768005
79,13,1,46,D:\Skripsi\Experiment\data\raw\RGB2\S13\AC1\RGB2_SUB13ACT1F46.jpg,0,0,0.4230242669582367
80,13,1,61,D:\Skripsi\Experiment\data\raw\RGB2\S13\AC1\RGB2_SUB13ACT1F61.jpg,0,1,0.5028899312019348
81,13,1,76,D:\Skripsi\Experiment\data\raw\RGB2\S13\AC1\RGB2_SUB13ACT1F76.jpg,0,0,0.38867804408073425
82,13,1,91,D:\Skripsi\Experiment\data\raw\RGB2\S13\AC1\RGB2_SUB13ACT1F91.jpg,0,0,0.4670014977455139
83,13,5,1,D:\Skripsi\Experiment\data\raw\RGB2\S13\AC5\RGB2_SUB13ACT5F1.jpg,1,1,0.6106261014938354
84,13,5,106,D:\Skripsi\Experiment\data\raw\RGB2\S13\AC5\RGB2_SUB13ACT5F106.jpg,1,1,0.5825841426849365
85,13,5,121,D:\Skripsi\Experiment\data\raw\RGB2\S13\AC5\RGB2_SUB13ACT5F121.jpg,1,1,0.5907790064811707
86,13,5,16,D:\Skripsi\Experiment\data\raw\RGB2\S13\AC5\RGB2_SUB13ACT5F16.jpg,1,1,0.6276532411575317
87,13,5,31,D:\Skripsi\Experiment\data\raw\RGB2\S13\AC5\RGB2_SUB13ACT5F31.jpg,1,1,0.5285025238990784
88,13,5,46,D:\Skripsi\Experiment\data\raw\RGB2\S13\AC5\RGB2_SUB13ACT5F46.jpg,1,1,0.6110097765922546
89,13,5,61,D:\Skripsi\Experiment\data\raw\RGB2\S13\AC5\RGB2_SUB13ACT5F61.jpg,1,1,0.704648494720459
90,13,5,76,D:\Skripsi\Experiment\data\raw\RGB2\S13\AC5\RGB2_SUB13ACT5F76.jpg,1,1,0.6944392919540405
91,13,5,91,D:\Skripsi\Experiment\data\raw\RGB2\S13\AC5\RGB2_SUB13ACT5F91.jpg,1,1,0.5211231112480164
92,13,6,1,D:\Skripsi\Experiment\data\raw\RGB2\S13\AC6\RGB2_SUB13ACT6F1.jpg,1,0,0.4787440299987793
93,13,6,106,D:\Skripsi\Experiment\data\raw\RGB2\S13\AC6\RGB2_SUB13ACT6F106.jpg,1,1,0.5527500510215759
94,13,6,16,D:\Skripsi\Experiment\data\raw\RGB2\S13\AC6\RGB2_SUB13ACT6F16.jpg,1,1,0.5708908438682556
95,13,6,31,D:\Skripsi\Experiment\data\raw\RGB2\S13\AC6\RGB2_SUB13ACT6F31.jpg,1,1,0.5491271615028381
96,13,6,46,D:\Skripsi\Experiment\data\raw\RGB2\S13\AC6\RGB2_SUB13ACT6F46.jpg,1,1,0.5517720580101013
97,13,6,61,D:\Skripsi\Experiment\data\raw\RGB2\S13\AC6\RGB2_SUB13ACT6F61.jpg,1,1,0.5416765809059143
98,13,6,76,D:\Skripsi\Experiment\data\raw\RGB2\S13\AC6\RGB2_SUB13ACT6F76.jpg,1,1,0.7819266319274902
99,13,6,91,D:\Skripsi\Experiment\data\raw\RGB2\S13\AC6\RGB2_SUB13ACT6F91.jpg,1,0,0.4773083031177521
100,13,7,1,D:\Skripsi\Experiment\data\raw\RGB2\S13\AC7\RGB2_SUB13ACT7F1.jpg,1,1,0.6683619618415833
101,13,7,106,D:\Skripsi\Experiment\data\raw\RGB2\S13\AC7\RGB2_SUB13ACT7F106.jpg,1,0,0.44307222962379456
102,13,7,121,D:\Skripsi\Experiment\data\raw\RGB2\S13\AC7\RGB2_SUB13ACT7F121.jpg,1,1,0.5717403888702393
103,13,7,136,D:\Skripsi\Experiment\data\raw\RGB2\S13\AC7\RGB2_SUB13ACT7F136.jpg,1,0,0.427116721868515
104,13,7,16,D:\Skripsi\Experiment\data\raw\RGB2\S13\AC7\RGB2_SUB13ACT7F16.jpg,1,1,0.7214362025260925
105,13,7,31,D:\Skripsi\Experiment\data\raw\RGB2\S13\AC7\RGB2_SUB13ACT7F31.jpg,1,1,0.5664910674095154
106,13,7,46,D:\Skripsi\Experiment\data\raw\RGB2\S13\AC7\RGB2_SUB13ACT7F46.jpg,1,1,0.6550016403198242
107,13,7,61,D:\Skripsi\Experiment\data\raw\RGB2\S13\AC7\RGB2_SUB13ACT7F61.jpg,1,0,0.44402551651000977
108,13,7,76,D:\Skripsi\Experiment\data\raw\RGB2\S13\AC7\RGB2_SUB13ACT7F76.jpg,1,1,0.7015758752822876
109,13,7,91,D:\Skripsi\Experiment\data\raw\RGB2\S13\AC7\RGB2_SUB13ACT7F91.jpg,1,1,0.6516438126564026
110,13,8,1,D:\Skripsi\Experiment\data\raw\RGB2\S13\AC8\RGB2_SUB13ACT8F1.jpg,1,1,0.5018931031227112
111,13,8,106,D:\Skripsi\Experiment\data\raw\RGB2\S13\AC8\RGB2_SUB13ACT8F106.jpg,1,0,0.4589516520500183
112,13,8,121,D:\Skripsi\Experiment\data\raw\RGB2\S13\AC8\RGB2_SUB13ACT8F121.jpg,1,1,0.5469106435775757
113,13,8,136,D:\Skripsi\Experiment\data\raw\RGB2\S13\AC8\RGB2_SUB13ACT8F136.jpg,1,1,0.5154224634170532
114,13,8,16,D:\Skripsi\Experiment\data\raw\RGB2\S13\AC8\RGB2_SUB13ACT8F16.jpg,1,1,0.6618956923484802
115,13,8,31,D:\Skripsi\Experiment\data\raw\RGB2\S13\AC8\RGB2_SUB13ACT8F31.jpg,1,0,0.43426021933555603
116,13,8,46,D:\Skripsi\Experiment\data\raw\RGB2\S13\AC8\RGB2_SUB13ACT8F46.jpg,1,0,0.4322373867034912
117,13,8,61,D:\Skripsi\Experiment\data\raw\RGB2\S13\AC8\RGB2_SUB13ACT8F61.jpg,1,0,0.3962613642215729
118,13,8,76,D:\Skripsi\Experiment\data\raw\RGB2\S13\AC8\RGB2_SUB13ACT8F76.jpg,1,0,0.33801156282424927
119,13,8,91,D:\Skripsi\Experiment\data\raw\RGB2\S13\AC8\RGB2_SUB13ACT8F91.jpg,1,1,0.5684932470321655
120,13,9,1,D:\Skripsi\Experiment\data\raw\RGB2\S13\AC9\RGB2_SUB13ACT9F1.jpg,1,1,0.5187366604804993
121,13,9,106,D:\Skripsi\Experiment\data\raw\RGB2\S13\AC9\RGB2_SUB13ACT9F106.jpg,1,1,0.5740404725074768
122,13,9,121,D:\Skripsi\Experiment\data\raw\RGB2\S13\AC9\RGB2_SUB13ACT9F121.jpg,1,1,0.7463298439979553
123,13,9,136,D:\Skripsi\Experiment\data\raw\RGB2\S13\AC9\RGB2_SUB13ACT9F136.jpg,1,1,0.5630212426185608
124,13,9,151,D:\Skripsi\Experiment\data\raw\RGB2\S13\AC9\RGB2_SUB13ACT9F151.jpg,1,1,0.6022704839706421
125,13,9,16,D:\Skripsi\Experiment\data\raw\RGB2\S13\AC9\RGB2_SUB13ACT9F16.jpg,1,0,0.3465745151042938
126,13,9,166,D:\Skripsi\Experiment\data\raw\RGB2\S13\AC9\RGB2_SUB13ACT9F166.jpg,1,1,0.5440882444381714
127,13,9,181,D:\Skripsi\Experiment\data\raw\RGB2\S13\AC9\RGB2_SUB13ACT9F181.jpg,1,1,0.6437193155288696
128,13,9,31,D:\Skripsi\Experiment\data\raw\RGB2\S13\AC9\RGB2_SUB13ACT9F31.jpg,1,1,0.6876722574234009
129,13,9,46,D:\Skripsi\Experiment\data\raw\RGB2\S13\AC9\RGB2_SUB13ACT9F46.jpg,1,1,0.6332410573959351
130,13,9,61,D:\Skripsi\Experiment\data\raw\RGB2\S13\AC9\RGB2_SUB13ACT9F61.jpg,1,0,0.4848136305809021
131,13,9,76,D:\Skripsi\Experiment\data\raw\RGB2\S13\AC9\RGB2_SUB13ACT9F76.jpg,1,1,0.6264408230781555
132,13,9,91,D:\Skripsi\Experiment\data\raw\RGB2\S13\AC9\RGB2_SUB13ACT9F91.jpg,1,0,0.46033182740211487
133,14,1,1,D:\Skripsi\Experiment\data\raw\RGB2\S14\AC1\RGB2_SUB14ACT1F1.jpg,0,0,0.4482555389404297
134,14,1,106,D:\Skripsi\Experiment\data\raw\RGB2\S14\AC1\RGB2_SUB14ACT1F106.jpg,0,0,0.4820210933685303
135,14,1,16,D:\Skripsi\Experiment\data\raw\RGB2\S14\AC1\RGB2_SUB14ACT1F16.jpg,0,1,0.5421854257583618
136,14,1,31,D:\Skripsi\Experiment\data\raw\RGB2\S14\AC1\RGB2_SUB14ACT1F31.jpg,0,0,0.4591977596282959
137,14,1,46,D:\Skripsi\Experiment\data\raw\RGB2\S14\AC1\RGB2_SUB14ACT1F46.jpg,0,1,0.5002040863037109
138,14,1,61,D:\Skripsi\Experiment\data\raw\RGB2\S14\AC1\RGB2_SUB14ACT1F61.jpg,0,0,0.3963049352169037
139,14,1,76,D:\Skripsi\Experiment\data\raw\RGB2\S14\AC1\RGB2_SUB14ACT1F76.jpg,0,1,0.5120081305503845
140,14,1,91,D:\Skripsi\Experiment\data\raw\RGB2\S14\AC1\RGB2_SUB14ACT1F91.jpg,0,1,0.521361231803894
141,14,5,1,D:\Skripsi\Experiment\data\raw\RGB2\S14\AC5\RGB2_SUB14ACT5F1.jpg,1,0,0.3685970604419708
142,14,5,106,D:\Skripsi\Experiment\data\raw\RGB2\S14\AC5\RGB2_SUB14ACT5F106.jpg,1,0,0.4824886620044708
143,14,5,121,D:\Skripsi\Experiment\data\raw\RGB2\S14\AC5\RGB2_SUB14ACT5F121.jpg,1,0,0.4768231213092804
144,14,5,16,D:\Skripsi\Experiment\data\raw\RGB2\S14\AC5\RGB2_SUB14ACT5F16.jpg,1,1,0.5564568638801575
145,14,5,31,D:\Skripsi\Experiment\data\raw\RGB2\S14\AC5\RGB2_SUB14ACT5F31.jpg,1,1,0.5682566165924072
146,14,5,46,D:\Skripsi\Experiment\data\raw\RGB2\S14\AC5\RGB2_SUB14ACT5F46.jpg,1,0,0.48392167687416077
147,14,5,61,D:\Skripsi\Experiment\data\raw\RGB2\S14\AC5\RGB2_SUB14ACT5F61.jpg,1,1,0.5352476835250854
148,14,5,76,D:\Skripsi\Experiment\data\raw\RGB2\S14\AC5\RGB2_SUB14ACT5F76.jpg,1,0,0.4746014177799225
149,14,5,91,D:\Skripsi\Experiment\data\raw\RGB2\S14\AC5\RGB2_SUB14ACT5F91.jpg,1,0,0.48234373331069946
150,14,6,1,D:\Skripsi\Experiment\data\raw\RGB2\S14\AC6\RGB2_SUB14ACT6F1.jpg,1,0,0.49421173334121704
151,14,6,106,D:\Skripsi\Experiment\data\raw\RGB2\S14\AC6\RGB2_SUB14ACT6F106.jpg,1,0,0.4899156987667084
152,14,6,16,D:\Skripsi\Experiment\data\raw\RGB2\S14\AC6\RGB2_SUB14ACT6F16.jpg,1,0,0.4133625328540802
153,14,6,31,D:\Skripsi\Experiment\data\raw\RGB2\S14\AC6\RGB2_SUB14ACT6F31.jpg,1,0,0.4113198518753052
154,14,6,46,D:\Skripsi\Experiment\data\raw\RGB2\S14\AC6\RGB2_SUB14ACT6F46.jpg,1,0,0.3048013746738434
155,14,6,61,D:\Skripsi\Experiment\data\raw\RGB2\S14\AC6\RGB2_SUB14ACT6F61.jpg,1,0,0.4447881579399109
156,14,6,76,D:\Skripsi\Experiment\data\raw\RGB2\S14\AC6\RGB2_SUB14ACT6F76.jpg,1,1,0.6225038766860962
157,14,6,91,D:\Skripsi\Experiment\data\raw\RGB2\S14\AC6\RGB2_SUB14ACT6F91.jpg,1,0,0.4993124008178711
158,14,7,1,D:\Skripsi\Experiment\data\raw\RGB2\S14\AC7\RGB2_SUB14ACT7F1.jpg,1,1,0.5859939455986023
159,14,7,106,D:\Skripsi\Experiment\data\raw\RGB2\S14\AC7\RGB2_SUB14ACT7F106.jpg,1,1,0.5620274543762207
160,14,7,16,D:\Skripsi\Experiment\data\raw\RGB2\S14\AC7\RGB2_SUB14ACT7F16.jpg,1,1,0.5567213892936707
161,14,7,31,D:\Skripsi\Experiment\data\raw\RGB2\S14\AC7\RGB2_SUB14ACT7F31.jpg,1,1,0.6067776083946228
162,14,7,46,D:\Skripsi\Experiment\data\raw\RGB2\S14\AC7\RGB2_SUB14ACT7F46.jpg,1,1,0.6694634556770325
163,14,7,61,D:\Skripsi\Experiment\data\raw\RGB2\S14\AC7\RGB2_SUB14ACT7F61.jpg,1,1,0.5643940567970276
164,14,7,76,D:\Skripsi\Experiment\data\raw\RGB2\S14\AC7\RGB2_SUB14ACT7F76.jpg,1,1,0.5884674191474915
165,14,7,91,D:\Skripsi\Experiment\data\raw\RGB2\S14\AC7\RGB2_SUB14ACT7F91.jpg,1,1,0.650751531124115
166,14,8,1,D:\Skripsi\Experiment\data\raw\RGB2\S14\AC8\RGB2_SUB14ACT8F1.jpg,1,0,0.32171133160591125
167,14,8,106,D:\Skripsi\Experiment\data\raw\RGB2\S14\AC8\RGB2_SUB14ACT8F106.jpg,1,0,0.46679210662841797
168,14,8,121,D:\Skripsi\Experiment\data\raw\RGB2\S14\AC8\RGB2_SUB14ACT8F121.jpg,1,0,0.46275249123573303
169,14,8,136,D:\Skripsi\Experiment\data\raw\RGB2\S14\AC8\RGB2_SUB14ACT8F136.jpg,1,1,0.5547078847885132
170,14,8,16,D:\Skripsi\Experiment\data\raw\RGB2\S14\AC8\RGB2_SUB14ACT8F16.jpg,1,0,0.4130881428718567
171,14,8,31,D:\Skripsi\Experiment\data\raw\RGB2\S14\AC8\RGB2_SUB14ACT8F31.jpg,1,0,0.45263949036598206
172,14,8,46,D:\Skripsi\Experiment\data\raw\RGB2\S14\AC8\RGB2_SUB14ACT8F46.jpg,1,0,0.4758213758468628
173,14,8,61,D:\Skripsi\Experiment\data\raw\RGB2\S14\AC8\RGB2_SUB14ACT8F61.jpg,1,0,0.4469311237335205
174,14,8,76,D:\Skripsi\Experiment\data\raw\RGB2\S14\AC8\RGB2_SUB14ACT8F76.jpg,1,0,0.45178645849227905
175,14,8,91,D:\Skripsi\Experiment\data\raw\RGB2\S14\AC8\RGB2_SUB14ACT8F91.jpg,1,1,0.5675117373466492
176,14,9,1,D:\Skripsi\Experiment\data\raw\RGB2\S14\AC9\RGB2_SUB14ACT9F1.jpg,1,1,0.6310901045799255
177,14,9,106,D:\Skripsi\Experiment\data\raw\RGB2\S14\AC9\RGB2_SUB14ACT9F106.jpg,1,1,0.718553900718689
178,14,9,121,D:\Skripsi\Experiment\data\raw\RGB2\S14\AC9\RGB2_SUB14ACT9F121.jpg,1,1,0.6079515218734741
179,14,9,136,D:\Skripsi\Experiment\data\raw\RGB2\S14\AC9\RGB2_SUB14ACT9F136.jpg,1,1,0.7393711805343628
180,14,9,16,D:\Skripsi\Experiment\data\raw\RGB2\S14\AC9\RGB2_SUB14ACT9F16.jpg,1,1,0.5797109603881836
181,14,9,31,D:\Skripsi\Experiment\data\raw\RGB2\S14\AC9\RGB2_SUB14ACT9F31.jpg,1,0,0.4455731213092804
182,14,9,46,D:\Skripsi\Experiment\data\raw\RGB2\S14\AC9\RGB2_SUB14ACT9F46.jpg,1,1,0.6091795563697815
183,14,9,61,D:\Skripsi\Experiment\data\raw\RGB2\S14\AC9\RGB2_SUB14ACT9F61.jpg,1,1,0.6247031092643738
184,14,9,76,D:\Skripsi\Experiment\data\raw\RGB2\S14\AC9\RGB2_SUB14ACT9F76.jpg,1,1,0.6164336800575256
185,14,9,91,D:\Skripsi\Experiment\data\raw\RGB2\S14\AC9\RGB2_SUB14ACT9F91.jpg,1,1,0.6045076847076416
186,16,1,1,D:\Skripsi\Experiment\data\raw\RGB2\S16\AC1\RGB2_SUB16ACT1F1.jpg,0,1,0.5287561416625977
187,16,1,106,D:\Skripsi\Experiment\data\raw\RGB2\S16\AC1\RGB2_SUB16ACT1F106.jpg,0,1,0.5155261754989624
188,16,1,121,D:\Skripsi\Experiment\data\raw\RGB2\S16\AC1\RGB2_SUB16ACT1F121.jpg,0,1,0.5927245020866394
189,16,1,16,D:\Skripsi\Experiment\data\raw\RGB2\S16\AC1\RGB2_SUB16ACT1F16.jpg,0,0,0.4512431025505066
190,16,1,31,D:\Skripsi\Experiment\data\raw\RGB2\S16\AC1\RGB2_SUB16ACT1F31.jpg,0,1,0.5309218168258667
191,16,1,46,D:\Skripsi\Experiment\data\raw\RGB2\S16\AC1\RGB2_SUB16ACT1F46.jpg,0,1,0.5031890273094177
192,16,1,61,D:\Skripsi\Experiment\data\raw\RGB2\S16\AC1\RGB2_SUB16ACT1F61.jpg,0,1,0.5573052167892456
193,16,1,76,D:\Skripsi\Experiment\data\raw\RGB2\S16\AC1\RGB2_SUB16ACT1F76.jpg,0,1,0.6376771926879883
194,16,1,91,D:\Skripsi\Experiment\data\raw\RGB2\S16\AC1\RGB2_SUB16ACT1F91.jpg,0,1,0.5833202004432678
195,16,5,1,D:\Skripsi\Experiment\data\raw\RGB2\S16\AC5\RGB2_SUB16ACT5F1.jpg,1,1,0.7043578028678894
196,16,5,106,D:\Skripsi\Experiment\data\raw\RGB2\S16\AC5\RGB2_SUB16ACT5F106.jpg,1,1,0.5770858526229858
197,16,5,16,D:\Skripsi\Experiment\data\raw\RGB2\S16\AC5\RGB2_SUB16ACT5F16.jpg,1,1,0.5173472166061401
198,16,5,31,D:\Skripsi\Experiment\data\raw\RGB2\S16\AC5\RGB2_SUB16ACT5F31.jpg,1,1,0.6764376759529114
199,16,5,46,D:\Skripsi\Experiment\data\raw\RGB2\S16\AC5\RGB2_SUB16ACT5F46.jpg,1,1,0.6066815853118896
200,16,5,61,D:\Skripsi\Experiment\data\raw\RGB2\S16\AC5\RGB2_SUB16ACT5F61.jpg,1,1,0.5373115539550781
201,16,5,76,D:\Skripsi\Experiment\data\raw\RGB2\S16\AC5\RGB2_SUB16ACT5F76.jpg,1,1,0.5917669534683228
202,16,5,91,D:\Skripsi\Experiment\data\raw\RGB2\S16\AC5\RGB2_SUB16ACT5F91.jpg,1,1,0.6774153709411621
203,16,6,1,D:\Skripsi\Experiment\data\raw\RGB2\S16\AC6\RGB2_SUB16ACT6F1.jpg,1,0,0.4096606969833374
204,16,6,106,D:\Skripsi\Experiment\data\raw\RGB2\S16\AC6\RGB2_SUB16ACT6F106.jpg,1,0,0.461387038230896
205,16,6,16,D:\Skripsi\Experiment\data\raw\RGB2\S16\AC6\RGB2_SUB16ACT6F16.jpg,1,1,0.5110719799995422
206,16,6,31,D:\Skripsi\Experiment\data\raw\RGB2\S16\AC6\RGB2_SUB16ACT6F31.jpg,1,0,0.459306538105011
207,16,6,46,D:\Skripsi\Experiment\data\raw\RGB2\S16\AC6\RGB2_SUB16ACT6F46.jpg,1,1,0.5137228965759277
208,16,6,61,D:\Skripsi\Experiment\data\raw\RGB2\S16\AC6\RGB2_SUB16ACT6F61.jpg,1,1,0.543826699256897
209,16,6,76,D:\Skripsi\Experiment\data\raw\RGB2\S16\AC6\RGB2_SUB16ACT6F76.jpg,1,1,0.5409635901451111
210,16,6,91,D:\Skripsi\Experiment\data\raw\RGB2\S16\AC6\RGB2_SUB16ACT6F91.jpg,1,0,0.43302249908447266
211,16,7,1,D:\Skripsi\Experiment\data\raw\RGB2\S16\AC7\RGB2_SUB16ACT7F1.jpg,1,0,0.35635754466056824
212,16,7,106,D:\Skripsi\Experiment\data\raw\RGB2\S16\AC7\RGB2_SUB16ACT7F106.jpg,1,0,0.4789060652256012
213,16,7,121,D:\Skripsi\Experiment\data\raw\RGB2\S16\AC7\RGB2_SUB16ACT7F121.jpg,1,1,0.5709689855575562
214,16,7,16,D:\Skripsi\Experiment\data\raw\RGB2\S16\AC7\RGB2_SUB16ACT7F16.jpg,1,1,0.5271385312080383
215,16,7,31,D:\Skripsi\Experiment\data\raw\RGB2\S16\AC7\RGB2_SUB16ACT7F31.jpg,1,0,0.4039441645145416
216,16,7,46,D:\Skripsi\Experiment\data\raw\RGB2\S16\AC7\RGB2_SUB16ACT7F46.jpg,1,0,0.45285946130752563
217,16,7,61,D:\Skripsi\Experiment\data\raw\RGB2\S16\AC7\RGB2_SUB16ACT7F61.jpg,1,0,0.39926281571388245
218,16,7,76,D:\Skripsi\Experiment\data\raw\RGB2\S16\AC7\RGB2_SUB16ACT7F76.jpg,1,0,0.34062039852142334
219,16,7,91,D:\Skripsi\Experiment\data\raw\RGB2\S16\AC7\RGB2_SUB16ACT7F91.jpg,1,0,0.4614220857620239
220,16,8,1,D:\Skripsi\Experiment\data\raw\RGB2\S16\AC8\RGB2_SUB16ACT8F1.jpg,1,0,0.24910274147987366
221,16,8,106,D:\Skripsi\Experiment\data\raw\RGB2\S16\AC8\RGB2_SUB16ACT8F106.jpg,1,1,0.5167143940925598
222,16,8,121,D:\Skripsi\Experiment\data\raw\RGB2\S16\AC8\RGB2_SUB16ACT8F121.jpg,1,0,0.47535738348960876
223,16,8,16,D:\Skripsi\Experiment\data\raw\RGB2\S16\AC8\RGB2_SUB16ACT8F16.jpg,1,0,0.3047090172767639
224,16,8,31,D:\Skripsi\Experiment\data\raw\RGB2\S16\AC8\RGB2_SUB16ACT8F31.jpg,1,0,0.3908034861087799
225,16,8,46,D:\Skripsi\Experiment\data\raw\RGB2\S16\AC8\RGB2_SUB16ACT8F46.jpg,1,0,0.3029545545578003
226,16,8,61,D:\Skripsi\Experiment\data\raw\RGB2\S16\AC8\RGB2_SUB16ACT8F61.jpg,1,0,0.3538004457950592
227,16,8,76,D:\Skripsi\Experiment\data\raw\RGB2\S16\AC8\RGB2_SUB16ACT8F76.jpg,1,0,0.4850962162017822
228,16,8,91,D:\Skripsi\Experiment\data\raw\RGB2\S16\AC8\RGB2_SUB16ACT8F91.jpg,1,0,0.40079429745674133
229,16,9,1,D:\Skripsi\Experiment\data\raw\RGB2\S16\AC9\RGB2_SUB16ACT9F1.jpg,1,1,0.6848993897438049
230,16,9,106,D:\Skripsi\Experiment\data\raw\RGB2\S16\AC9\RGB2_SUB16ACT9F106.jpg,1,1,0.5328646898269653
231,16,9,121,D:\Skripsi\Experiment\data\raw\RGB2\S16\AC9\RGB2_SUB16ACT9F121.jpg,1,1,0.6120602488517761
232,16,9,16,D:\Skripsi\Experiment\data\raw\RGB2\S16\AC9\RGB2_SUB16ACT9F16.jpg,1,0,0.4917661249637604
233,16,9,31,D:\Skripsi\Experiment\data\raw\RGB2\S16\AC9\RGB2_SUB16ACT9F31.jpg,1,1,0.5982041358947754
234,16,9,46,D:\Skripsi\Experiment\data\raw\RGB2\S16\AC9\RGB2_SUB16ACT9F46.jpg,1,1,0.5479783415794373
235,16,9,61,D:\Skripsi\Experiment\data\raw\RGB2\S16\AC9\RGB2_SUB16ACT9F61.jpg,1,1,0.5610291361808777
236,16,9,76,D:\Skripsi\Experiment\data\raw\RGB2\S16\AC9\RGB2_SUB16ACT9F76.jpg,1,0,0.3788473606109619
237,16,9,91,D:\Skripsi\Experiment\data\raw\RGB2\S16\AC9\RGB2_SUB16ACT9F91.jpg,1,1,0.6323822140693665
238,18,1,1,D:\Skripsi\Experiment\data\raw\RGB2\S18\AC1\RGB2_SUB18ACT1F1.jpg,0,0,0.41867154836654663
239,18,1,106,D:\Skripsi\Experiment\data\raw\RGB2\S18\AC1\RGB2_SUB18ACT1F106.jpg,0,0,0.4722770154476166
240,18,1,121,D:\Skripsi\Experiment\data\raw\RGB2\S18\AC1\RGB2_SUB18ACT1F121.jpg,0,0,0.3924046754837036
241,18,1,136,D:\Skripsi\Experiment\data\raw\RGB2\S18\AC1\RGB2_SUB18ACT1F136.jpg,0,1,0.567737340927124
242,18,1,16,D:\Skripsi\Experiment\data\raw\RGB2\S18\AC1\RGB2_SUB18ACT1F16.jpg,0,0,0.4024292826652527
243,18,1,31,D:\Skripsi\Experiment\data\raw\RGB2\S18\AC1\RGB2_SUB18ACT1F31.jpg,0,0,0.49956902861595154
244,18,1,46,D:\Skripsi\Experiment\data\raw\RGB2\S18\AC1\RGB2_SUB18ACT1F46.jpg,0,0,0.37323257327079773
245,18,1,61,D:\Skripsi\Experiment\data\raw\RGB2\S18\AC1\RGB2_SUB18ACT1F61.jpg,0,1,0.5052810907363892
246,18,1,76,D:\Skripsi\Experiment\data\raw\RGB2\S18\AC1\RGB2_SUB18ACT1F76.jpg,0,0,0.48582735657691956
247,18,1,91,D:\Skripsi\Experiment\data\raw\RGB2\S18\AC1\RGB2_SUB18ACT1F91.jpg,0,0,0.48969724774360657
248,18,5,1,D:\Skripsi\Experiment\data\raw\RGB2\S18\AC5\RGB2_SUB18ACT5F1.jpg,1,1,0.6468914747238159
249,18,5,106,D:\Skripsi\Experiment\data\raw\RGB2\S18\AC5\RGB2_SUB18ACT5F106.jpg,1,0,0.49843284487724304
250,18,5,121,D:\Skripsi\Experiment\data\raw\RGB2\S18\AC5\RGB2_SUB18ACT5F121.jpg,1,1,0.5826974511146545
251,18,5,136,D:\Skripsi\Experiment\data\raw\RGB2\S18\AC5\RGB2_SUB18ACT5F136.jpg,1,1,0.6419899463653564
252,18,5,151,D:\Skripsi\Experiment\data\raw\RGB2\S18\AC5\RGB2_SUB18ACT5F151.jpg,1,1,0.5835318565368652
253,18,5,16,D:\Skripsi\Experiment\data\raw\RGB2\S18\AC5\RGB2_SUB18ACT5F16.jpg,1,1,0.6421881318092346
254,18,5,31,D:\Skripsi\Experiment\data\raw\RGB2\S18\AC5\RGB2_SUB18ACT5F31.jpg,1,1,0.6304838061332703
255,18,5,46,D:\Skripsi\Experiment\data\raw\RGB2\S18\AC5\RGB2_SUB18ACT5F46.jpg,1,1,0.7084181904792786
256,18,5,61,D:\Skripsi\Experiment\data\raw\RGB2\S18\AC5\RGB2_SUB18ACT5F61.jpg,1,1,0.6402924060821533
257,18,5,76,D:\Skripsi\Experiment\data\raw\RGB2\S18\AC5\RGB2_SUB18ACT5F76.jpg,1,1,0.5288593173027039
258,18,5,91,D:\Skripsi\Experiment\data\raw\RGB2\S18\AC5\RGB2_SUB18ACT5F91.jpg,1,1,0.5444791316986084
259,18,6,1,D:\Skripsi\Experiment\data\raw\RGB2\S18\AC6\RGB2_SUB18ACT6F1.jpg,1,1,0.5276137590408325
260,18,6,106,D:\Skripsi\Experiment\data\raw\RGB2\S18\AC6\RGB2_SUB18ACT6F106.jpg,1,1,0.5795643329620361
261,18,6,121,D:\Skripsi\Experiment\data\raw\RGB2\S18\AC6\RGB2_SUB18ACT6F121.jpg,1,0,0.4186069667339325
262,18,6,136,D:\Skripsi\Experiment\data\raw\RGB2\S18\AC6\RGB2_SUB18ACT6F136.jpg,1,0,0.48458775877952576
263,18,6,151,D:\Skripsi\Experiment\data\raw\RGB2\S18\AC6\RGB2_SUB18ACT6F151.jpg,1,1,0.5666018724441528
264,18,6,16,D:\Skripsi\Experiment\data\raw\RGB2\S18\AC6\RGB2_SUB18ACT6F16.jpg,1,1,0.6003276705741882
265,18,6,31,D:\Skripsi\Experiment\data\raw\RGB2\S18\AC6\RGB2_SUB18ACT6F31.jpg,1,1,0.6268030405044556
266,18,6,46,D:\Skripsi\Experiment\data\raw\RGB2\S18\AC6\RGB2_SUB18ACT6F46.jpg,1,1,0.563110888004303
267,18,6,61,D:\Skripsi\Experiment\data\raw\RGB2\S18\AC6\RGB2_SUB18ACT6F61.jpg,1,1,0.5696600079536438
268,18,6,76,D:\Skripsi\Experiment\data\raw\RGB2\S18\AC6\RGB2_SUB18ACT6F76.jpg,1,1,0.6747280359268188
269,18,6,91,D:\Skripsi\Experiment\data\raw\RGB2\S18\AC6\RGB2_SUB18ACT6F91.jpg,1,1,0.5913227200508118
270,18,7,1,D:\Skripsi\Experiment\data\raw\RGB2\S18\AC7\RGB2_SUB18ACT7F1.jpg,1,0,0.4873891770839691
271,18,7,106,D:\Skripsi\Experiment\data\raw\RGB2\S18\AC7\RGB2_SUB18ACT7F106.jpg,1,0,0.41456347703933716
272,18,7,121,D:\Skripsi\Experiment\data\raw\RGB2\S18\AC7\RGB2_SUB18ACT7F121.jpg,1,0,0.38056546449661255
273,18,7,136,D:\Skripsi\Experiment\data\raw\RGB2\S18\AC7\RGB2_SUB18ACT7F136.jpg,1,1,0.5178910493850708
274,18,7,151,D:\Skripsi\Experiment\data\raw\RGB2\S18\AC7\RGB2_SUB18ACT7F151.jpg,1,0,0.4606994688510895
275,18,7,16,D:\Skripsi\Experiment\data\raw\RGB2\S18\AC7\RGB2_SUB18ACT7F16.jpg,1,0,0.4675103724002838
276,18,7,166,D:\Skripsi\Experiment\data\raw\RGB2\S18\AC7\RGB2_SUB18ACT7F166.jpg,1,0,0.43791693449020386
277,18,7,181,D:\Skripsi\Experiment\data\raw\RGB2\S18\AC7\RGB2_SUB18ACT7F181.jpg,1,1,0.558061957359314
278,18,7,31,D:\Skripsi\Experiment\data\raw\RGB2\S18\AC7\RGB2_SUB18ACT7F31.jpg,1,1,0.5278182029724121
279,18,7,46,D:\Skripsi\Experiment\data\raw\RGB2\S18\AC7\RGB2_SUB18ACT7F46.jpg,1,0,0.36408841609954834
280,18,7,61,D:\Skripsi\Experiment\data\raw\RGB2\S18\AC7\RGB2_SUB18ACT7F61.jpg,1,0,0.45459333062171936
281,18,7,76,D:\Skripsi\Experiment\data\raw\RGB2\S18\AC7\RGB2_SUB18ACT7F76.jpg,1,0,0.37511733174324036
282,18,7,91,D:\Skripsi\Experiment\data\raw\RGB2\S18\AC7\RGB2_SUB18ACT7F91.jpg,1,0,0.4413696825504303
283,18,8,1,D:\Skripsi\Experiment\data\raw\RGB2\S18\AC8\RGB2_SUB18ACT8F1.jpg,1,0,0.3861246705055237
284,18,8,106,D:\Skripsi\Experiment\data\raw\RGB2\S18\AC8\RGB2_SUB18ACT8F106.jpg,1,1,0.6615464687347412
285,18,8,121,D:\Skripsi\Experiment\data\raw\RGB2\S18\AC8\RGB2_SUB18ACT8F121.jpg,1,1,0.6071321964263916
286,18,8,136,D:\Skripsi\Experiment\data\raw\RGB2\S18\AC8\RGB2_SUB18ACT8F136.jpg,1,1,0.5509791374206543
287,18,8,151,D:\Skripsi\Experiment\data\raw\RGB2\S18\AC8\RGB2_SUB18ACT8F151.jpg,1,0,0.40240243077278137
288,18,8,16,D:\Skripsi\Experiment\data\raw\RGB2\S18\AC8\RGB2_SUB18ACT8F16.jpg,1,1,0.514733076095581
289,18,8,166,D:\Skripsi\Experiment\data\raw\RGB2\S18\AC8\RGB2_SUB18ACT8F166.jpg,1,1,0.5182484984397888
290,18,8,181,D:\Skripsi\Experiment\data\raw\RGB2\S18\AC8\RGB2_SUB18ACT8F181.jpg,1,0,0.45980513095855713
291,18,8,196,D:\Skripsi\Experiment\data\raw\RGB2\S18\AC8\RGB2_SUB18ACT8F196.jpg,1,1,0.5542658567428589
292,18,8,211,D:\Skripsi\Experiment\data\raw\RGB2\S18\AC8\RGB2_SUB18ACT8F211.jpg,1,0,0.4729270339012146
293,18,8,31,D:\Skripsi\Experiment\data\raw\RGB2\S18\AC8\RGB2_SUB18ACT8F31.jpg,1,0,0.4862532913684845
294,18,8,46,D:\Skripsi\Experiment\data\raw\RGB2\S18\AC8\RGB2_SUB18ACT8F46.jpg,1,1,0.5577408075332642
295,18,8,61,D:\Skripsi\Experiment\data\raw\RGB2\S18\AC8\RGB2_SUB18ACT8F61.jpg,1,1,0.5417444109916687
296,18,8,76,D:\Skripsi\Experiment\data\raw\RGB2\S18\AC8\RGB2_SUB18ACT8F76.jpg,1,1,0.6278353929519653
297,18,8,91,D:\Skripsi\Experiment\data\raw\RGB2\S18\AC8\RGB2_SUB18ACT8F91.jpg,1,1,0.6186524629592896
298,18,9,1,D:\Skripsi\Experiment\data\raw\RGB2\S18\AC9\RGB2_SUB18ACT9F1.jpg,1,0,0.49254095554351807
299,18,9,106,D:\Skripsi\Experiment\data\raw\RGB2\S18\AC9\RGB2_SUB18ACT9F106.jpg,1,1,0.5453593134880066
300,18,9,121,D:\Skripsi\Experiment\data\raw\RGB2\S18\AC9\RGB2_SUB18ACT9F121.jpg,1,1,0.5421198606491089
301,18,9,136,D:\Skripsi\Experiment\data\raw\RGB2\S18\AC9\RGB2_SUB18ACT9F136.jpg,1,1,0.6418488621711731
302,18,9,151,D:\Skripsi\Experiment\data\raw\RGB2\S18\AC9\RGB2_SUB18ACT9F151.jpg,1,1,0.6740094423294067
303,18,9,16,D:\Skripsi\Experiment\data\raw\RGB2\S18\AC9\RGB2_SUB18ACT9F16.jpg,1,0,0.44862860441207886
304,18,9,31,D:\Skripsi\Experiment\data\raw\RGB2\S18\AC9\RGB2_SUB18ACT9F31.jpg,1,0,0.4578488767147064
305,18,9,46,D:\Skripsi\Experiment\data\raw\RGB2\S18\AC9\RGB2_SUB18ACT9F46.jpg,1,1,0.5059464573860168
306,18,9,61,D:\Skripsi\Experiment\data\raw\RGB2\S18\AC9\RGB2_SUB18ACT9F61.jpg,1,0,0.4890012741088867
307,18,9,76,D:\Skripsi\Experiment\data\raw\RGB2\S18\AC9\RGB2_SUB18ACT9F76.jpg,1,1,0.5453587770462036
308,18,9,91,D:\Skripsi\Experiment\data\raw\RGB2\S18\AC9\RGB2_SUB18ACT9F91.jpg,1,1,0.5338248014450073
309,19,1,1,D:\Skripsi\Experiment\data\raw\RGB2\S19\AC1\RGB2_SUB19ACT1F1.jpg,0,0,0.4993916153907776
310,19,1,106,D:\Skripsi\Experiment\data\raw\RGB2\S19\AC1\RGB2_SUB19ACT1F106.jpg,0,0,0.45442527532577515
311,19,1,121,D:\Skripsi\Experiment\data\raw\RGB2\S19\AC1\RGB2_SUB19ACT1F121.jpg,0,0,0.440599262714386
312,19,1,16,D:\Skripsi\Experiment\data\raw\RGB2\S19\AC1\RGB2_SUB19ACT1F16.jpg,0,0,0.4230884611606598
313,19,1,31,D:\Skripsi\Experiment\data\raw\RGB2\S19\AC1\RGB2_SUB19ACT1F31.jpg,0,1,0.6248207092285156
314,19,1,46,D:\Skripsi\Experiment\data\raw\RGB2\S19\AC1\RGB2_SUB19ACT1F46.jpg,0,0,0.4503576457500458
315,19,1,61,D:\Skripsi\Experiment\data\raw\RGB2\S19\AC1\RGB2_SUB19ACT1F61.jpg,0,1,0.5120509266853333
316,19,1,76,D:\Skripsi\Experiment\data\raw\RGB2\S19\AC1\RGB2_SUB19ACT1F76.jpg,0,0,0.452388733625412
317,19,1,91,D:\Skripsi\Experiment\data\raw\RGB2\S19\AC1\RGB2_SUB19ACT1F91.jpg,0,1,0.5119699835777283
318,19,5,1,D:\Skripsi\Experiment\data\raw\RGB2\S19\AC5\RGB2_SUB19ACT5F1.jpg,1,1,0.6053744554519653
319,19,5,106,D:\Skripsi\Experiment\data\raw\RGB2\S19\AC5\RGB2_SUB19ACT5F106.jpg,1,1,0.5959349274635315
320,19,5,16,D:\Skripsi\Experiment\data\raw\RGB2\S19\AC5\RGB2_SUB19ACT5F16.jpg,1,1,0.5536458492279053
321,19,5,31,D:\Skripsi\Experiment\data\raw\RGB2\S19\AC5\RGB2_SUB19ACT5F31.jpg,1,1,0.5939448475837708
322,19,5,46,D:\Skripsi\Experiment\data\raw\RGB2\S19\AC5\RGB2_SUB19ACT5F46.jpg,1,1,0.6707059741020203
323,19,5,61,D:\Skripsi\Experiment\data\raw\RGB2\S19\AC5\RGB2_SUB19ACT5F61.jpg,1,0,0.42875635623931885
324,19,5,76,D:\Skripsi\Experiment\data\raw\RGB2\S19\AC5\RGB2_SUB19ACT5F76.jpg,1,1,0.5523447394371033
325,19,5,91,D:\Skripsi\Experiment\data\raw\RGB2\S19\AC5\RGB2_SUB19ACT5F91.jpg,1,1,0.6211754679679871
326,19,6,1,D:\Skripsi\Experiment\data\raw\RGB2\S19\AC6\RGB2_SUB19ACT6F1.jpg,1,1,0.5297168493270874
327,19,6,106,D:\Skripsi\Experiment\data\raw\RGB2\S19\AC6\RGB2_SUB19ACT6F106.jpg,1,1,0.5194617509841919
328,19,6,121,D:\Skripsi\Experiment\data\raw\RGB2\S19\AC6\RGB2_SUB19ACT6F121.jpg,1,0,0.4250580072402954
329,19,6,16,D:\Skripsi\Experiment\data\raw\RGB2\S19\AC6\RGB2_SUB19ACT6F16.jpg,1,0,0.4278264045715332
330,19,6,31,D:\Skripsi\Experiment\data\raw\RGB2\S19\AC6\RGB2_SUB19ACT6F31.jpg,1,0,0.4473675787448883
331,19,6,46,D:\Skripsi\Experiment\data\raw\RGB2\S19\AC6\RGB2_SUB19ACT6F46.jpg,1,1,0.5100209712982178
332,19,6,61,D:\Skripsi\Experiment\data\raw\RGB2\S19\AC6\RGB2_SUB19ACT6F61.jpg,1,0,0.4190964996814728
333,19,6,76,D:\Skripsi\Experiment\data\raw\RGB2\S19\AC6\RGB2_SUB19ACT6F76.jpg,1,0,0.3563515245914459
334,19,6,91,D:\Skripsi\Experiment\data\raw\RGB2\S19\AC6\RGB2_SUB19ACT6F91.jpg,1,0,0.4616721272468567
335,19,7,1,D:\Skripsi\Experiment\data\raw\RGB2\S19\AC7\RGB2_SUB19ACT7F1.jpg,1,0,0.44446176290512085
336,19,7,106,D:\Skripsi\Experiment\data\raw\RGB2\S19\AC7\RGB2_SUB19ACT7F106.jpg,1,1,0.5167369842529297
337,19,7,121,D:\Skripsi\Experiment\data\raw\RGB2\S19\AC7\RGB2_SUB19ACT7F121.jpg,1,1,0.6321654319763184
338,19,7,136,D:\Skripsi\Experiment\data\raw\RGB2\S19\AC7\RGB2_SUB19ACT7F136.jpg,1,1,0.6120908856391907
339,19,7,16,D:\Skripsi\Experiment\data\raw\RGB2\S19\AC7\RGB2_SUB19ACT7F16.jpg,1,0,0.4692375063896179
340,19,7,31,D:\Skripsi\Experiment\data\raw\RGB2\S19\AC7\RGB2_SUB19ACT7F31.jpg,1,0,0.49390271306037903
341,19,7,46,D:\Skripsi\Experiment\data\raw\RGB2\S19\AC7\RGB2_SUB19ACT7F46.jpg,1,0,0.4790189266204834
342,19,7,61,D:\Skripsi\Experiment\data\raw\RGB2\S19\AC7\RGB2_SUB19ACT7F61.jpg,1,0,0.4840150475502014
343,19,7,76,D:\Skripsi\Experiment\data\raw\RGB2\S19\AC7\RGB2_SUB19ACT7F76.jpg,1,0,0.43492621183395386
344,19,7,91,D:\Skripsi\Experiment\data\raw\RGB2\S19\AC7\RGB2_SUB19ACT7F91.jpg,1,1,0.6133949756622314
345,19,8,1,D:\Skripsi\Experiment\data\raw\RGB2\S19\AC8\RGB2_SUB19ACT8F1.jpg,1,1,0.5550476908683777
346,19,8,106,D:\Skripsi\Experiment\data\raw\RGB2\S19\AC8\RGB2_SUB19ACT8F106.jpg,1,1,0.5602227449417114
347,19,8,121,D:\Skripsi\Experiment\data\raw\RGB2\S19\AC8\RGB2_SUB19ACT8F121.jpg,1,0,0.48733311891555786
348,19,8,136,D:\Skripsi\Experiment\data\raw\RGB2\S19\AC8\RGB2_SUB19ACT8F136.jpg,1,1,0.6129438281059265
349,19,8,151,D:\Skripsi\Experiment\data\raw\RGB2\S19\AC8\RGB2_SUB19ACT8F151.jpg,1,1,0.598672091960907
350,19,8,16,D:\Skripsi\Experiment\data\raw\RGB2\S19\AC8\RGB2_SUB19ACT8F16.jpg,1,0,0.47411829233169556
351,19,8,31,D:\Skripsi\Experiment\data\raw\RGB2\S19\AC8\RGB2_SUB19ACT8F31.jpg,1,1,0.5161124467849731
352,19,8,46,D:\Skripsi\Experiment\data\raw\RGB2\S19\AC8\RGB2_SUB19ACT8F46.jpg,1,0,0.49531811475753784
353,19,8,61,D:\Skripsi\Experiment\data\raw\RGB2\S19\AC8\RGB2_SUB19ACT8F61.jpg,1,1,0.637766420841217
354,19,8,76,D:\Skripsi\Experiment\data\raw\RGB2\S19\AC8\RGB2_SUB19ACT8F76.jpg,1,1,0.5151774883270264
355,19,8,91,D:\Skripsi\Experiment\data\raw\RGB2\S19\AC8\RGB2_SUB19ACT8F91.jpg,1,0,0.43469393253326416
356,19,9,1,D:\Skripsi\Experiment\data\raw\RGB2\S19\AC9\RGB2_SUB19ACT9F1.jpg,1,0,0.3875686526298523
357,19,9,16,D:\Skripsi\Experiment\data\raw\RGB2\S19\AC9\RGB2_SUB19ACT9F16.jpg,1,0,0.3744323253631592
358,19,9,31,D:\Skripsi\Experiment\data\raw\RGB2\S19\AC9\RGB2_SUB19ACT9F31.jpg,1,0,0.3397425711154938
359,19,9,46,D:\Skripsi\Experiment\data\raw\RGB2\S19\AC9\RGB2_SUB19ACT9F46.jpg,1,0,0.446119099855423
360,19,9,61,D:\Skripsi\Experiment\data\raw\RGB2\S19\AC9\RGB2_SUB19ACT9F61.jpg,1,0,0.440884530544281
361,19,9,76,D:\Skripsi\Experiment\data\raw\RGB2\S19\AC9\RGB2_SUB19ACT9F76.jpg,1,1,0.540294885635376
362,19,9,91,D:\Skripsi\Experiment\data\raw\RGB2\S19\AC9\RGB2_SUB19ACT9F91.jpg,1,1,0.5669316053390503
363,23,1,1,D:\Skripsi\Experiment\data\raw\RGB2\S23\AC1\RGB2_SUB23ACT1F1.jpg,0,0,0.38714027404785156
364,23,1,106,D:\Skripsi\Experiment\data\raw\RGB2\S23\AC1\RGB2_SUB23ACT1F106.jpg,0,1,0.5110622644424438
365,23,1,121,D:\Skripsi\Experiment\data\raw\RGB2\S23\AC1\RGB2_SUB23ACT1F121.jpg,0,0,0.3575950562953949
366,23,1,136,D:\Skripsi\Experiment\data\raw\RGB2\S23\AC1\RGB2_SUB23ACT1F136.jpg,0,0,0.3782636523246765
367,23,1,16,D:\Skripsi\Experiment\data\raw\RGB2\S23\AC1\RGB2_SUB23ACT1F16.jpg,0,0,0.42452141642570496
368,23,1,31,D:\Skripsi\Experiment\data\raw\RGB2\S23\AC1\RGB2_SUB23ACT1F31.jpg,0,0,0.3790866732597351
369,23,1,46,D:\Skripsi\Experiment\data\raw\RGB2\S23\AC1\RGB2_SUB23ACT1F46.jpg,0,0,0.47906723618507385
370,23,1,61,D:\Skripsi\Experiment\data\raw\RGB2\S23\AC1\RGB2_SUB23ACT1F61.jpg,0,0,0.4948487877845764
371,23,1,76,D:\Skripsi\Experiment\data\raw\RGB2\S23\AC1\RGB2_SUB23ACT1F76.jpg,0,0,0.41004034876823425
372,23,1,91,D:\Skripsi\Experiment\data\raw\RGB2\S23\AC1\RGB2_SUB23ACT1F91.jpg,0,0,0.4571681022644043
373,23,5,1,D:\Skripsi\Experiment\data\raw\RGB2\S23\AC5\RGB2_SUB23ACT5F1.jpg,1,1,0.5012820363044739
374,23,5,106,D:\Skripsi\Experiment\data\raw\RGB2\S23\AC5\RGB2_SUB23ACT5F106.jpg,1,1,0.5359538197517395
375,23,5,121,D:\Skripsi\Experiment\data\raw\RGB2\S23\AC5\RGB2_SUB23ACT5F121.jpg,1,1,0.6374698877334595
376,23,5,136,D:\Skripsi\Experiment\data\raw\RGB2\S23\AC5\RGB2_SUB23ACT5F136.jpg,1,1,0.523333728313446
377,23,5,16,D:\Skripsi\Experiment\data\raw\RGB2\S23\AC5\RGB2_SUB23ACT5F16.jpg,1,1,0.50678950548172
378,23,5,31,D:\Skripsi\Experiment\data\raw\RGB2\S23\AC5\RGB2_SUB23ACT5F31.jpg,1,1,0.6590810418128967
379,23,5,46,D:\Skripsi\Experiment\data\raw\RGB2\S23\AC5\RGB2_SUB23ACT5F46.jpg,1,1,0.6014254689216614
380,23,5,61,D:\Skripsi\Experiment\data\raw\RGB2\S23\AC5\RGB2_SUB23ACT5F61.jpg,1,1,0.5448901057243347
381,23,5,76,D:\Skripsi\Experiment\data\raw\RGB2\S23\AC5\RGB2_SUB23ACT5F76.jpg,1,1,0.5308727025985718
382,23,5,91,D:\Skripsi\Experiment\data\raw\RGB2\S23\AC5\RGB2_SUB23ACT5F91.jpg,1,1,0.6311708092689514
383,23,6,1,D:\Skripsi\Experiment\data\raw\RGB2\S23\AC6\RGB2_SUB23ACT6F1.jpg,1,1,0.6595452427864075
384,23,6,106,D:\Skripsi\Experiment\data\raw\RGB2\S23\AC6\RGB2_SUB23ACT6F106.jpg,1,1,0.7045730948448181
385,23,6,121,D:\Skripsi\Experiment\data\raw\RGB2\S23\AC6\RGB2_SUB23ACT6F121.jpg,1,1,0.7181751132011414
386,23,6,16,D:\Skripsi\Experiment\data\raw\RGB2\S23\AC6\RGB2_SUB23ACT6F16.jpg,1,1,0.6934931874275208
387,23,6,31,D:\Skripsi\Experiment\data\raw\RGB2\S23\AC6\RGB2_SUB23ACT6F31.jpg,1,1,0.6941816210746765
388,23,6,46,D:\Skripsi\Experiment\data\raw\RGB2\S23\AC6\RGB2_SUB23ACT6F46.jpg,1,1,0.6963685750961304
389,23,6,61,D:\Skripsi\Experiment\data\raw\RGB2\S23\AC6\RGB2_SUB23ACT6F61.jpg,1,1,0.7645841836929321
390,23,6,76,D:\Skripsi\Experiment\data\raw\RGB2\S23\AC6\RGB2_SUB23ACT6F76.jpg,1,1,0.6276834011077881
391,23,6,91,D:\Skripsi\Experiment\data\raw\RGB2\S23\AC6\RGB2_SUB23ACT6F91.jpg,1,1,0.6490945219993591
392,23,7,1,D:\Skripsi\Experiment\data\raw\RGB2\S23\AC7\RGB2_SUB23ACT7F1.jpg,1,1,0.5571123361587524
393,23,7,106,D:\Skripsi\Experiment\data\raw\RGB2\S23\AC7\RGB2_SUB23ACT7F106.jpg,1,1,0.6304197311401367
394,23,7,121,D:\Skripsi\Experiment\data\raw\RGB2\S23\AC7\RGB2_SUB23ACT7F121.jpg,1,1,0.6537795066833496
395,23,7,136,D:\Skripsi\Experiment\data\raw\RGB2\S23\AC7\RGB2_SUB23ACT7F136.jpg,1,1,0.5850813388824463
396,23,7,16,D:\Skripsi\Experiment\data\raw\RGB2\S23\AC7\RGB2_SUB23ACT7F16.jpg,1,1,0.529353141784668
397,23,7,31,D:\Skripsi\Experiment\data\raw\RGB2\S23\AC7\RGB2_SUB23ACT7F31.jpg,1,1,0.6330510973930359
398,23,7,46,D:\Skripsi\Experiment\data\raw\RGB2\S23\AC7\RGB2_SUB23ACT7F46.jpg,1,1,0.6185324788093567
399,23,7,61,D:\Skripsi\Experiment\data\raw\RGB2\S23\AC7\RGB2_SUB23ACT7F61.jpg,1,1,0.5710059404373169
400,23,7,76,D:\Skripsi\Experiment\data\raw\RGB2\S23\AC7\RGB2_SUB23ACT7F76.jpg,1,1,0.5763944387435913
401,23,7,91,D:\Skripsi\Experiment\data\raw\RGB2\S23\AC7\RGB2_SUB23ACT7F91.jpg,1,1,0.5458119511604309
402,23,8,1,D:\Skripsi\Experiment\data\raw\RGB2\S23\AC8\RGB2_SUB23ACT8F1.jpg,1,1,0.6328051686286926
403,23,8,106,D:\Skripsi\Experiment\data\raw\RGB2\S23\AC8\RGB2_SUB23ACT8F106.jpg,1,1,0.5142897367477417
404,23,8,121,D:\Skripsi\Experiment\data\raw\RGB2\S23\AC8\RGB2_SUB23ACT8F121.jpg,1,1,0.6613670587539673
405,23,8,136,D:\Skripsi\Experiment\data\raw\RGB2\S23\AC8\RGB2_SUB23ACT8F136.jpg,1,1,0.6447862386703491
406,23,8,16,D:\Skripsi\Experiment\data\raw\RGB2\S23\AC8\RGB2_SUB23ACT8F16.jpg,1,1,0.6104233264923096
407,23,8,31,D:\Skripsi\Experiment\data\raw\RGB2\S23\AC8\RGB2_SUB23ACT8F31.jpg,1,1,0.6654965281486511
408,23,8,46,D:\Skripsi\Experiment\data\raw\RGB2\S23\AC8\RGB2_SUB23ACT8F46.jpg,1,1,0.7198507785797119
409,23,8,61,D:\Skripsi\Experiment\data\raw\RGB2\S23\AC8\RGB2_SUB23ACT8F61.jpg,1,1,0.6523944139480591
410,23,8,76,D:\Skripsi\Experiment\data\raw\RGB2\S23\AC8\RGB2_SUB23ACT8F76.jpg,1,1,0.6293014883995056
411,23,8,91,D:\Skripsi\Experiment\data\raw\RGB2\S23\AC8\RGB2_SUB23ACT8F91.jpg,1,1,0.6998726725578308
412,23,9,1,D:\Skripsi\Experiment\data\raw\RGB2\S23\AC9\RGB2_SUB23ACT9F1.jpg,1,1,0.513655424118042
413,23,9,106,D:\Skripsi\Experiment\data\raw\RGB2\S23\AC9\RGB2_SUB23ACT9F106.jpg,1,0,0.47306445240974426
414,23,9,121,D:\Skripsi\Experiment\data\raw\RGB2\S23\AC9\RGB2_SUB23ACT9F121.jpg,1,1,0.7206567525863647
415,23,9,136,D:\Skripsi\Experiment\data\raw\RGB2\S23\AC9\RGB2_SUB23ACT9F136.jpg,1,1,0.6674039363861084
416,23,9,16,D:\Skripsi\Experiment\data\raw\RGB2\S23\AC9\RGB2_SUB23ACT9F16.jpg,1,1,0.6312726736068726
417,23,9,31,D:\Skripsi\Experiment\data\raw\RGB2\S23\AC9\RGB2_SUB23ACT9F31.jpg,1,1,0.6297420263290405
418,23,9,46,D:\Skripsi\Experiment\data\raw\RGB2\S23\AC9\RGB2_SUB23ACT9F46.jpg,1,1,0.6544237732887268
419,23,9,61,D:\Skripsi\Experiment\data\raw\RGB2\S23\AC9\RGB2_SUB23ACT9F61.jpg,1,1,0.6365547776222229
420,23,9,76,D:\Skripsi\Experiment\data\raw\RGB2\S23\AC9\RGB2_SUB23ACT9F76.jpg,1,1,0.529089093208313
421,23,9,91,D:\Skripsi\Experiment\data\raw\RGB2\S23\AC9\RGB2_SUB23ACT9F91.jpg,1,1,0.5947103500366211
422,24,1,1,D:\Skripsi\Experiment\data\raw\RGB2\S24\AC1\RGB2_SUB24ACT1F1.jpg,0,0,0.4152967631816864
423,24,1,106,D:\Skripsi\Experiment\data\raw\RGB2\S24\AC1\RGB2_SUB24ACT1F106.jpg,0,1,0.5013590455055237
424,24,1,16,D:\Skripsi\Experiment\data\raw\RGB2\S24\AC1\RGB2_SUB24ACT1F16.jpg,0,0,0.3222745954990387
425,24,1,31,D:\Skripsi\Experiment\data\raw\RGB2\S24\AC1\RGB2_SUB24ACT1F31.jpg,0,1,0.61316978931427
426,24,1,46,D:\Skripsi\Experiment\data\raw\RGB2\S24\AC1\RGB2_SUB24ACT1F46.jpg,0,1,0.5144302248954773
427,24,1,61,D:\Skripsi\Experiment\data\raw\RGB2\S24\AC1\RGB2_SUB24ACT1F61.jpg,0,1,0.5105507373809814
428,24,1,76,D:\Skripsi\Experiment\data\raw\RGB2\S24\AC1\RGB2_SUB24ACT1F76.jpg,0,1,0.6627938747406006
429,24,1,91,D:\Skripsi\Experiment\data\raw\RGB2\S24\AC1\RGB2_SUB24ACT1F91.jpg,0,1,0.5571390390396118
430,24,5,1,D:\Skripsi\Experiment\data\raw\RGB2\S24\AC5\RGB2_SUB24ACT5F1.jpg,1,1,0.6246505379676819
431,24,5,106,D:\Skripsi\Experiment\data\raw\RGB2\S24\AC5\RGB2_SUB24ACT5F106.jpg,1,1,0.5914192795753479
432,24,5,16,D:\Skripsi\Experiment\data\raw\RGB2\S24\AC5\RGB2_SUB24ACT5F16.jpg,1,1,0.5556630492210388
433,24,5,31,D:\Skripsi\Experiment\data\raw\RGB2\S24\AC5\RGB2_SUB24ACT5F31.jpg,1,1,0.5084492564201355
434,24,5,46,D:\Skripsi\Experiment\data\raw\RGB2\S24\AC5\RGB2_SUB24ACT5F46.jpg,1,1,0.5236630439758301
435,24,5,61,D:\Skripsi\Experiment\data\raw\RGB2\S24\AC5\RGB2_SUB24ACT5F61.jpg,1,1,0.5383906960487366
436,24,5,76,D:\Skripsi\Experiment\data\raw\RGB2\S24\AC5\RGB2_SUB24ACT5F76.jpg,1,0,0.4785388112068176
437,24,5,91,D:\Skripsi\Experiment\data\raw\RGB2\S24\AC5\RGB2_SUB24ACT5F91.jpg,1,0,0.44921427965164185
438,24,6,1,D:\Skripsi\Experiment\data\raw\RGB2\S24\AC6\RGB2_SUB24ACT6F1.jpg,1,1,0.6735703945159912
439,24,6,16,D:\Skripsi\Experiment\data\raw\RGB2\S24\AC6\RGB2_SUB24ACT6F16.jpg,1,1,0.6665558218955994
440,24,6,31,D:\Skripsi\Experiment\data\raw\RGB2\S24\AC6\RGB2_SUB24ACT6F31.jpg,1,1,0.6269519329071045
441,24,6,46,D:\Skripsi\Experiment\data\raw\RGB2\S24\AC6\RGB2_SUB24ACT6F46.jpg,1,1,0.6966519355773926
442,24,6,61,D:\Skripsi\Experiment\data\raw\RGB2\S24\AC6\RGB2_SUB24ACT6F61.jpg,1,1,0.7012622952461243
443,24,6,76,D:\Skripsi\Experiment\data\raw\RGB2\S24\AC6\RGB2_SUB24ACT6F76.jpg,1,1,0.6751822233200073
444,24,6,91,D:\Skripsi\Experiment\data\raw\RGB2\S24\AC6\RGB2_SUB24ACT6F91.jpg,1,1,0.7378818988800049
445,24,7,1,D:\Skripsi\Experiment\data\raw\RGB2\S24\AC7\RGB2_SUB24ACT7F1.jpg,1,1,0.6683874726295471
446,24,7,106,D:\Skripsi\Experiment\data\raw\RGB2\S24\AC7\RGB2_SUB24ACT7F106.jpg,1,1,0.6072757840156555
447,24,7,121,D:\Skripsi\Experiment\data\raw\RGB2\S24\AC7\RGB2_SUB24ACT7F121.jpg,1,1,0.5400170087814331
448,24,7,136,D:\Skripsi\Experiment\data\raw\RGB2\S24\AC7\RGB2_SUB24ACT7F136.jpg,1,1,0.5577441453933716
449,24,7,151,D:\Skripsi\Experiment\data\raw\RGB2\S24\AC7\RGB2_SUB24ACT7F151.jpg,1,0,0.48151299357414246
450,24,7,16,D:\Skripsi\Experiment\data\raw\RGB2\S24\AC7\RGB2_SUB24ACT7F16.jpg,1,1,0.6388471722602844
451,24,7,31,D:\Skripsi\Experiment\data\raw\RGB2\S24\AC7\RGB2_SUB24ACT7F31.jpg,1,0,0.4624808728694916
452,24,7,46,D:\Skripsi\Experiment\data\raw\RGB2\S24\AC7\RGB2_SUB24ACT7F46.jpg,1,1,0.5341029167175293
453,24,7,61,D:\Skripsi\Experiment\data\raw\RGB2\S24\AC7\RGB2_SUB24ACT7F61.jpg,1,1,0.5016135573387146
454,24,7,76,D:\Skripsi\Experiment\data\raw\RGB2\S24\AC7\RGB2_SUB24ACT7F76.jpg,1,1,0.5484424829483032
455,24,7,91,D:\Skripsi\Experiment\data\raw\RGB2\S24\AC7\RGB2_SUB24ACT7F91.jpg,1,0,0.46676313877105713
456,24,8,1,D:\Skripsi\Experiment\data\raw\RGB2\S24\AC8\RGB2_SUB24ACT8F1.jpg,1,1,0.6437022686004639
457,24,8,106,D:\Skripsi\Experiment\data\raw\RGB2\S24\AC8\RGB2_SUB24ACT8F106.jpg,1,1,0.6458466053009033
458,24,8,121,D:\Skripsi\Experiment\data\raw\RGB2\S24\AC8\RGB2_SUB24ACT8F121.jpg,1,1,0.5868388414382935
459,24,8,136,D:\Skripsi\Experiment\data\raw\RGB2\S24\AC8\RGB2_SUB24ACT8F136.jpg,1,1,0.5843439698219299
460,24,8,151,D:\Skripsi\Experiment\data\raw\RGB2\S24\AC8\RGB2_SUB24ACT8F151.jpg,1,1,0.5377269387245178
461,24,8,16,D:\Skripsi\Experiment\data\raw\RGB2\S24\AC8\RGB2_SUB24ACT8F16.jpg,1,1,0.6163362860679626
462,24,8,31,D:\Skripsi\Experiment\data\raw\RGB2\S24\AC8\RGB2_SUB24ACT8F31.jpg,1,1,0.7114505171775818
463,24,8,46,D:\Skripsi\Experiment\data\raw\RGB2\S24\AC8\RGB2_SUB24ACT8F46.jpg,1,1,0.6625536680221558
464,24,8,61,D:\Skripsi\Experiment\data\raw\RGB2\S24\AC8\RGB2_SUB24ACT8F61.jpg,1,1,0.6583730578422546
465,24,8,76,D:\Skripsi\Experiment\data\raw\RGB2\S24\AC8\RGB2_SUB24ACT8F76.jpg,1,1,0.5917060375213623
466,24,8,91,D:\Skripsi\Experiment\data\raw\RGB2\S24\AC8\RGB2_SUB24ACT8F91.jpg,1,1,0.5880148410797119
467,24,9,1,D:\Skripsi\Experiment\data\raw\RGB2\S24\AC9\RGB2_SUB24ACT9F1.jpg,1,1,0.5114874243736267
468,24,9,106,D:\Skripsi\Experiment\data\raw\RGB2\S24\AC9\RGB2_SUB24ACT9F106.jpg,1,1,0.6629630327224731
469,24,9,121,D:\Skripsi\Experiment\data\raw\RGB2\S24\AC9\RGB2_SUB24ACT9F121.jpg,1,1,0.6942618489265442
470,24,9,136,D:\Skripsi\Experiment\data\raw\RGB2\S24\AC9\RGB2_SUB24ACT9F136.jpg,1,1,0.5694804191589355
471,24,9,16,D:\Skripsi\Experiment\data\raw\RGB2\S24\AC9\RGB2_SUB24ACT9F16.jpg,1,1,0.6224464178085327
472,24,9,31,D:\Skripsi\Experiment\data\raw\RGB2\S24\AC9\RGB2_SUB24ACT9F31.jpg,1,1,0.6455947756767273
473,24,9,46,D:\Skripsi\Experiment\data\raw\RGB2\S24\AC9\RGB2_SUB24ACT9F46.jpg,1,1,0.6641737818717957
474,24,9,61,D:\Skripsi\Experiment\data\raw\RGB2\S24\AC9\RGB2_SUB24ACT9F61.jpg,1,1,0.5903544425964355
475,24,9,76,D:\Skripsi\Experiment\data\raw\RGB2\S24\AC9\RGB2_SUB24ACT9F76.jpg,1,0,0.4758376479148865
476,24,9,91,D:\Skripsi\Experiment\data\raw\RGB2\S24\AC9\RGB2_SUB24ACT9F91.jpg,1,1,0.5796020030975342
477,25,1,1,D:\Skripsi\Experiment\data\raw\RGB2\S25\AC1\RGB2_SUB25ACT1F1.jpg,0,0,0.4391562342643738
478,25,1,106,D:\Skripsi\Experiment\data\raw\RGB2\S25\AC1\RGB2_SUB25ACT1F106.jpg,0,1,0.52182936668396
479,25,1,121,D:\Skripsi\Experiment\data\raw\RGB2\S25\AC1\RGB2_SUB25ACT1F121.jpg,0,0,0.47558534145355225
480,25,1,136,D:\Skripsi\Experiment\data\raw\RGB2\S25\AC1\RGB2_SUB25ACT1F136.jpg,0,1,0.6005850434303284
481,25,1,16,D:\Skripsi\Experiment\data\raw\RGB2\S25\AC1\RGB2_SUB25ACT1F16.jpg,0,0,0.4800015687942505
482,25,1,31,D:\Skripsi\Experiment\data\raw\RGB2\S25\AC1\RGB2_SUB25ACT1F31.jpg,0,0,0.47648534178733826
483,25,1,46,D:\Skripsi\Experiment\data\raw\RGB2\S25\AC1\RGB2_SUB25ACT1F46.jpg,0,0,0.4450762867927551
484,25,1,61,D:\Skripsi\Experiment\data\raw\RGB2\S25\AC1\RGB2_SUB25ACT1F61.jpg,0,0,0.478127121925354
485,25,1,76,D:\Skripsi\Experiment\data\raw\RGB2\S25\AC1\RGB2_SUB25ACT1F76.jpg,0,1,0.5115326046943665
486,25,1,91,D:\Skripsi\Experiment\data\raw\RGB2\S25\AC1\RGB2_SUB25ACT1F91.jpg,0,1,0.5903099775314331
487,25,5,1,D:\Skripsi\Experiment\data\raw\RGB2\S25\AC5\RGB2_SUB25ACT5F1.jpg,1,1,0.5741868615150452
488,25,5,106,D:\Skripsi\Experiment\data\raw\RGB2\S25\AC5\RGB2_SUB25ACT5F106.jpg,1,0,0.4854518473148346
489,25,5,121,D:\Skripsi\Experiment\data\raw\RGB2\S25\AC5\RGB2_SUB25ACT5F121.jpg,1,0,0.34427592158317566
490,25,5,136,D:\Skripsi\Experiment\data\raw\RGB2\S25\AC5\RGB2_SUB25ACT5F136.jpg,1,0,0.36982735991477966
491,25,5,16,D:\Skripsi\Experiment\data\raw\RGB2\S25\AC5\RGB2_SUB25ACT5F16.jpg,1,1,0.6204785108566284
492,25,5,31,D:\Skripsi\Experiment\data\raw\RGB2\S25\AC5\RGB2_SUB25ACT5F31.jpg,1,1,0.7121528387069702
493,25,5,46,D:\Skripsi\Experiment\data\raw\RGB2\S25\AC5\RGB2_SUB25ACT5F46.jpg,1,1,0.606421172618866
494,25,5,61,D:\Skripsi\Experiment\data\raw\RGB2\S25\AC5\RGB2_SUB25ACT5F61.jpg,1,1,0.6530396938323975
495,25,5,76,D:\Skripsi\Experiment\data\raw\RGB2\S25\AC5\RGB2_SUB25ACT5F76.jpg,1,1,0.6993050575256348
496,25,5,91,D:\Skripsi\Experiment\data\raw\RGB2\S25\AC5\RGB2_SUB25ACT5F91.jpg,1,0,0.3924444913864136
497,25,6,1,D:\Skripsi\Experiment\data\raw\RGB2\S25\AC6\RGB2_SUB25ACT6F1.jpg,1,0,0.32361647486686707
498,25,6,16,D:\Skripsi\Experiment\data\raw\RGB2\S25\AC6\RGB2_SUB25ACT6F16.jpg,1,0,0.3372705578804016
499,25,6,31,D:\Skripsi\Experiment\data\raw\RGB2\S25\AC6\RGB2_SUB25ACT6F31.jpg,1,0,0.37046319246292114
500,25,6,46,D:\Skripsi\Experiment\data\raw\RGB2\S25\AC6\RGB2_SUB25ACT6F46.jpg,1,0,0.3595650792121887
501,25,6,61,D:\Skripsi\Experiment\data\raw\RGB2\S25\AC6\RGB2_SUB25ACT6F61.jpg,1,0,0.39891207218170166
502,25,6,76,D:\Skripsi\Experiment\data\raw\RGB2\S25\AC6\RGB2_SUB25ACT6F76.jpg,1,0,0.33163008093833923
503,25,6,91,D:\Skripsi\Experiment\data\raw\RGB2\S25\AC6\RGB2_SUB25ACT6F91.jpg,1,0,0.3256457448005676
504,25,7,1,D:\Skripsi\Experiment\data\raw\RGB2\S25\AC7\RGB2_SUB25ACT7F1.jpg,1,1,0.6847959756851196
505,25,7,16,D:\Skripsi\Experiment\data\raw\RGB2\S25\AC7\RGB2_SUB25ACT7F16.jpg,1,1,0.5348195433616638
506,25,7,31,D:\Skripsi\Experiment\data\raw\RGB2\S25\AC7\RGB2_SUB25ACT7F31.jpg,1,1,0.5240962505340576
507,25,7,46,D:\Skripsi\Experiment\data\raw\RGB2\S25\AC7\RGB2_SUB25ACT7F46.jpg,1,1,0.8054003715515137
508,25,7,61,D:\Skripsi\Experiment\data\raw\RGB2\S25\AC7\RGB2_SUB25ACT7F61.jpg,1,1,0.5897437334060669
509,25,7,76,D:\Skripsi\Experiment\data\raw\RGB2\S25\AC7\RGB2_SUB25ACT7F76.jpg,1,1,0.6175976395606995
510,25,8,1,D:\Skripsi\Experiment\data\raw\RGB2\S25\AC8\RGB2_SUB25ACT8F1.jpg,1,1,0.6203314065933228
511,25,8,106,D:\Skripsi\Experiment\data\raw\RGB2\S25\AC8\RGB2_SUB25ACT8F106.jpg,1,1,0.5009293556213379
512,25,8,16,D:\Skripsi\Experiment\data\raw\RGB2\S25\AC8\RGB2_SUB25ACT8F16.jpg,1,1,0.627883791923523
513,25,8,31,D:\Skripsi\Experiment\data\raw\RGB2\S25\AC8\RGB2_SUB25ACT8F31.jpg,1,1,0.5361592173576355
514,25,8,46,D:\Skripsi\Experiment\data\raw\RGB2\S25\AC8\RGB2_SUB25ACT8F46.jpg,1,1,0.5659335851669312
515,25,8,61,D:\Skripsi\Experiment\data\raw\RGB2\S25\AC8\RGB2_SUB25ACT8F61.jpg,1,1,0.6186867952346802
516,25,8,76,D:\Skripsi\Experiment\data\raw\RGB2\S25\AC8\RGB2_SUB25ACT8F76.jpg,1,0,0.4347976744174957
517,25,8,91,D:\Skripsi\Experiment\data\raw\RGB2\S25\AC8\RGB2_SUB25ACT8F91.jpg,1,1,0.5312090516090393
518,25,9,1,D:\Skripsi\Experiment\data\raw\RGB2\S25\AC9\RGB2_SUB25ACT9F1.jpg,1,0,0.3438314199447632
519,25,9,16,D:\Skripsi\Experiment\data\raw\RGB2\S25\AC9\RGB2_SUB25ACT9F16.jpg,1,1,0.5350241661071777
520,25,9,31,D:\Skripsi\Experiment\data\raw\RGB2\S25\AC9\RGB2_SUB25ACT9F31.jpg,1,0,0.46391981840133667
521,25,9,46,D:\Skripsi\Experiment\data\raw\RGB2\S25\AC9\RGB2_SUB25ACT9F46.jpg,1,0,0.4863818883895874
522,25,9,61,D:\Skripsi\Experiment\data\raw\RGB2\S25\AC9\RGB2_SUB25ACT9F61.jpg,1,0,0.4505053758621216
523,25,9,76,D:\Skripsi\Experiment\data\raw\RGB2\S25\AC9\RGB2_SUB25ACT9F76.jpg,1,0,0.44080057740211487
524,26,1,1,D:\Skripsi\Experiment\data\raw\RGB2\S26\AC1\RGB2_SUB26ACT1F1.jpg,0,0,0.41252294182777405
525,26,1,106,D:\Skripsi\Experiment\data\raw\RGB2\S26\AC1\RGB2_SUB26ACT1F106.jpg,0,0,0.3514789044857025
526,26,1,16,D:\Skripsi\Experiment\data\raw\RGB2\S26\AC1\RGB2_SUB26ACT1F16.jpg,0,0,0.4248707592487335
527,26,1,31,D:\Skripsi\Experiment\data\raw\RGB2\S26\AC1\RGB2_SUB26ACT1F31.jpg,0,0,0.3379663825035095
528,26,1,46,D:\Skripsi\Experiment\data\raw\RGB2\S26\AC1\RGB2_SUB26ACT1F46.jpg,0,1,0.5720685720443726
529,26,1,61,D:\Skripsi\Experiment\data\raw\RGB2\S26\AC1\RGB2_SUB26ACT1F61.jpg,0,0,0.3846592903137207
530,26,1,76,D:\Skripsi\Experiment\data\raw\RGB2\S26\AC1\RGB2_SUB26ACT1F76.jpg,0,0,0.4508541226387024
531,26,1,91,D:\Skripsi\Experiment\data\raw\RGB2\S26\AC1\RGB2_SUB26ACT1F91.jpg,0,0,0.48471927642822266
532,26,5,1,D:\Skripsi\Experiment\data\raw\RGB2\S26\AC5\RGB2_SUB26ACT5F1.jpg,1,1,0.5687171816825867
533,26,5,16,D:\Skripsi\Experiment\data\raw\RGB2\S26\AC5\RGB2_SUB26ACT5F16.jpg,1,1,0.5951440334320068
534,26,5,31,D:\Skripsi\Experiment\data\raw\RGB2\S26\AC5\RGB2_SUB26ACT5F31.jpg,1,1,0.6937752962112427
535,26,5,46,D:\Skripsi\Experiment\data\raw\RGB2\S26\AC5\RGB2_SUB26ACT5F46.jpg,1,1,0.6384880542755127
536,26,5,61,D:\Skripsi\Experiment\data\raw\RGB2\S26\AC5\RGB2_SUB26ACT5F61.jpg,1,1,0.6269553303718567
537,26,5,76,D:\Skripsi\Experiment\data\raw\RGB2\S26\AC5\RGB2_SUB26ACT5F76.jpg,1,1,0.6506807804107666
538,26,6,1,D:\Skripsi\Experiment\data\raw\RGB2\S26\AC6\RGB2_SUB26ACT6F1.jpg,1,1,0.5752264857292175
539,26,6,16,D:\Skripsi\Experiment\data\raw\RGB2\S26\AC6\RGB2_SUB26ACT6F16.jpg,1,1,0.5373497009277344
540,26,6,31,D:\Skripsi\Experiment\data\raw\RGB2\S26\AC6\RGB2_SUB26ACT6F31.jpg,1,1,0.5157786011695862
541,26,6,46,D:\Skripsi\Experiment\data\raw\RGB2\S26\AC6\RGB2_SUB26ACT6F46.jpg,1,1,0.6202539205551147
542,26,6,61,D:\Skripsi\Experiment\data\raw\RGB2\S26\AC6\RGB2_SUB26ACT6F61.jpg,1,0,0.48829036951065063
543,26,6,76,D:\Skripsi\Experiment\data\raw\RGB2\S26\AC6\RGB2_SUB26ACT6F76.jpg,1,1,0.6494420170783997
544,26,6,91,D:\Skripsi\Experiment\data\raw\RGB2\S26\AC6\RGB2_SUB26ACT6F91.jpg,1,1,0.5531566739082336
545,26,7,1,D:\Skripsi\Experiment\data\raw\RGB2\S26\AC7\RGB2_SUB26ACT7F1.jpg,1,1,0.5481332540512085
546,26,7,106,D:\Skripsi\Experiment\data\raw\RGB2\S26\AC7\RGB2_SUB26ACT7F106.jpg,1,1,0.6187830567359924
547,26,7,121,D:\Skripsi\Experiment\data\raw\RGB2\S26\AC7\RGB2_SUB26ACT7F121.jpg,1,1,0.6178427338600159
548,26,7,136,D:\Skripsi\Experiment\data\raw\RGB2\S26\AC7\RGB2_SUB26ACT7F136.jpg,1,1,0.6123108267784119
549,26,7,151,D:\Skripsi\Experiment\data\raw\RGB2\S26\AC7\RGB2_SUB26ACT7F151.jpg,1,1,0.5864044427871704
550,26,7,16,D:\Skripsi\Experiment\data\raw\RGB2\S26\AC7\RGB2_SUB26ACT7F16.jpg,1,0,0.49104374647140503
551,26,7,166,D:\Skripsi\Experiment\data\raw\RGB2\S26\AC7\RGB2_SUB26ACT7F166.jpg,1,1,0.5653996467590332
552,26,7,31,D:\Skripsi\Experiment\data\raw\RGB2\S26\AC7\RGB2_SUB26ACT7F31.jpg,1,1,0.691388726234436
553,26,7,46,D:\Skripsi\Experiment\data\raw\RGB2\S26\AC7\RGB2_SUB26ACT7F46.jpg,1,1,0.6805897355079651
554,26,7,61,D:\Skripsi\Experiment\data\raw\RGB2\S26\AC7\RGB2_SUB26ACT7F61.jpg,1,1,0.6227633953094482
555,26,7,76,D:\Skripsi\Experiment\data\raw\RGB2\S26\AC7\RGB2_SUB26ACT7F76.jpg,1,1,0.7128642201423645
556,26,7,91,D:\Skripsi\Experiment\data\raw\RGB2\S26\AC7\RGB2_SUB26ACT7F91.jpg,1,1,0.7170453667640686
557,26,8,1,D:\Skripsi\Experiment\data\raw\RGB2\S26\AC8\RGB2_SUB26ACT8F1.jpg,1,1,0.5453133583068848
558,26,8,106,D:\Skripsi\Experiment\data\raw\RGB2\S26\AC8\RGB2_SUB26ACT8F106.jpg,1,1,0.5189656615257263
559,26,8,16,D:\Skripsi\Experiment\data\raw\RGB2\S26\AC8\RGB2_SUB26ACT8F16.jpg,1,0,0.4580446183681488
560,26,8,31,D:\Skripsi\Experiment\data\raw\RGB2\S26\AC8\RGB2_SUB26ACT8F31.jpg,1,0,0.43171820044517517
561,26,8,46,D:\Skripsi\Experiment\data\raw\RGB2\S26\AC8\RGB2_SUB26ACT8F46.jpg,1,0,0.47078344225883484
562,26,8,61,D:\Skripsi\Experiment\data\raw\RGB2\S26\AC8\RGB2_SUB26ACT8F61.jpg,1,0,0.4737423062324524
563,26,8,76,D:\Skripsi\Experiment\data\raw\RGB2\S26\AC8\RGB2_SUB26ACT8F76.jpg,1,0,0.4128448963165283
564,26,8,91,D:\Skripsi\Experiment\data\raw\RGB2\S26\AC8\RGB2_SUB26ACT8F91.jpg,1,1,0.5617144703865051
565,26,9,1,D:\Skripsi\Experiment\data\raw\RGB2\S26\AC9\RGB2_SUB26ACT9F1.jpg,1,0,0.28697216510772705
566,26,9,106,D:\Skripsi\Experiment\data\raw\RGB2\S26\AC9\RGB2_SUB26ACT9F106.jpg,1,1,0.5105385780334473
567,26,9,121,D:\Skripsi\Experiment\data\raw\RGB2\S26\AC9\RGB2_SUB26ACT9F121.jpg,1,1,0.5529769062995911
568,26,9,16,D:\Skripsi\Experiment\data\raw\RGB2\S26\AC9\RGB2_SUB26ACT9F16.jpg,1,1,0.5054594874382019
569,26,9,31,D:\Skripsi\Experiment\data\raw\RGB2\S26\AC9\RGB2_SUB26ACT9F31.jpg,1,1,0.5648486018180847
570,26,9,46,D:\Skripsi\Experiment\data\raw\RGB2\S26\AC9\RGB2_SUB26ACT9F46.jpg,1,1,0.6305585503578186
571,26,9,61,D:\Skripsi\Experiment\data\raw\RGB2\S26\AC9\RGB2_SUB26ACT9F61.jpg,1,1,0.5413378477096558
572,26,9,76,D:\Skripsi\Experiment\data\raw\RGB2\S26\AC9\RGB2_SUB26ACT9F76.jpg,1,1,0.7062419652938843
573,26,9,91,D:\Skripsi\Experiment\data\raw\RGB2\S26\AC9\RGB2_SUB26ACT9F91.jpg,1,1,0.6330506801605225
574,28,1,1,D:\Skripsi\Experiment\data\raw\RGB2\S28\AC1\RGB2_SUB28ACT1F1.jpg,0,1,0.5956288576126099
575,28,1,106,D:\Skripsi\Experiment\data\raw\RGB2\S28\AC1\RGB2_SUB28ACT1F106.jpg,0,1,0.5620980262756348
576,28,1,121,D:\Skripsi\Experiment\data\raw\RGB2\S28\AC1\RGB2_SUB28ACT1F121.jpg,0,0,0.49963825941085815
577,28,1,16,D:\Skripsi\Experiment\data\raw\RGB2\S28\AC1\RGB2_SUB28ACT1F16.jpg,0,1,0.6181401610374451
578,28,1,31,D:\Skripsi\Experiment\data\raw\RGB2\S28\AC1\RGB2_SUB28ACT1F31.jpg,0,1,0.5712684392929077
579,28,1,46,D:\Skripsi\Experiment\data\raw\RGB2\S28\AC1\RGB2_SUB28ACT1F46.jpg,0,1,0.5172053575515747
580,28,1,61,D:\Skripsi\Experiment\data\raw\RGB2\S28\AC1\RGB2_SUB28ACT1F61.jpg,0,1,0.5960556864738464
581,28,1,76,D:\Skripsi\Experiment\data\raw\RGB2\S28\AC1\RGB2_SUB28ACT1F76.jpg,0,1,0.5004521608352661
582,28,1,91,D:\Skripsi\Experiment\data\raw\RGB2\S28\AC1\RGB2_SUB28ACT1F91.jpg,0,0,0.4590870141983032
583,28,5,1,D:\Skripsi\Experiment\data\raw\RGB2\S28\AC5\RGB2_SUB28ACT5F1.jpg,1,1,0.6124666929244995
584,28,5,106,D:\Skripsi\Experiment\data\raw\RGB2\S28\AC5\RGB2_SUB28ACT5F106.jpg,1,0,0.4586259126663208
585,28,5,121,D:\Skripsi\Experiment\data\raw\RGB2\S28\AC5\RGB2_SUB28ACT5F121.jpg,1,0,0.35184699296951294
586,28,5,136,D:\Skripsi\Experiment\data\raw\RGB2\S28\AC5\RGB2_SUB28ACT5F136.jpg,1,0,0.41772696375846863
587,28,5,151,D:\Skripsi\Experiment\data\raw\RGB2\S28\AC5\RGB2_SUB28ACT5F151.jpg,1,0,0.4284334182739258
588,28,5,16,D:\Skripsi\Experiment\data\raw\RGB2\S28\AC5\RGB2_SUB28ACT5F16.jpg,1,1,0.5196620225906372
589,28,5,31,D:\Skripsi\Experiment\data\raw\RGB2\S28\AC5\RGB2_SUB28ACT5F31.jpg,1,1,0.5252206921577454
590,28,5,46,D:\Skripsi\Experiment\data\raw\RGB2\S28\AC5\RGB2_SUB28ACT5F46.jpg,1,0,0.46264296770095825
591,28,5,61,D:\Skripsi\Experiment\data\raw\RGB2\S28\AC5\RGB2_SUB28ACT5F61.jpg,1,1,0.5240312218666077
592,28,5,76,D:\Skripsi\Experiment\data\raw\RGB2\S28\AC5\RGB2_SUB28ACT5F76.jpg,1,0,0.4894881844520569
593,28,5,91,D:\Skripsi\Experiment\data\raw\RGB2\S28\AC5\RGB2_SUB28ACT5F91.jpg,1,1,0.5161418914794922
594,28,6,1,D:\Skripsi\Experiment\data\raw\RGB2\S28\AC6\RGB2_SUB28ACT6F1.jpg,1,0,0.49490585923194885
595,28,6,106,D:\Skripsi\Experiment\data\raw\RGB2\S28\AC6\RGB2_SUB28ACT6F106.jpg,1,0,0.48006752133369446
596,28,6,16,D:\Skripsi\Experiment\data\raw\RGB2\S28\AC6\RGB2_SUB28ACT6F16.jpg,1,1,0.5203100442886353
597,28,6,31,D:\Skripsi\Experiment\data\raw\RGB2\S28\AC6\RGB2_SUB28ACT6F31.jpg,1,1,0.5292019844055176
598,28,6,46,D:\Skripsi\Experiment\data\raw\RGB2\S28\AC6\RGB2_SUB28ACT6F46.jpg,1,1,0.5341888070106506
599,28,6,61,D:\Skripsi\Experiment\data\raw\RGB2\S28\AC6\RGB2_SUB28ACT6F61.jpg,1,0,0.3572443425655365
600,28,6,76,D:\Skripsi\Experiment\data\raw\RGB2\S28\AC6\RGB2_SUB28ACT6F76.jpg,1,0,0.3729039430618286
601,28,6,91,D:\Skripsi\Experiment\data\raw\RGB2\S28\AC6\RGB2_SUB28ACT6F91.jpg,1,0,0.37234804034233093
602,28,7,1,D:\Skripsi\Experiment\data\raw\RGB2\S28\AC7\RGB2_SUB28ACT7F1.jpg,1,1,0.5019791722297668
603,28,7,106,D:\Skripsi\Experiment\data\raw\RGB2\S28\AC7\RGB2_SUB28ACT7F106.jpg,1,1,0.6368491053581238
604,28,7,121,D:\Skripsi\Experiment\data\raw\RGB2\S28\AC7\RGB2_SUB28ACT7F121.jpg,1,1,0.5986509919166565
605,28,7,136,D:\Skripsi\Experiment\data\raw\RGB2\S28\AC7\RGB2_SUB28ACT7F136.jpg,1,1,0.622025191783905
606,28,7,151,D:\Skripsi\Experiment\data\raw\RGB2\S28\AC7\RGB2_SUB28ACT7F151.jpg,1,1,0.7079824209213257
607,28,7,16,D:\Skripsi\Experiment\data\raw\RGB2\S28\AC7\RGB2_SUB28ACT7F16.jpg,1,1,0.5510294437408447
608,28,7,31,D:\Skripsi\Experiment\data\raw\RGB2\S28\AC7\RGB2_SUB28ACT7F31.jpg,1,1,0.5991172194480896
609,28,7,46,D:\Skripsi\Experiment\data\raw\RGB2\S28\AC7\RGB2_SUB28ACT7F46.jpg,1,1,0.6065521836280823
610,28,7,61,D:\Skripsi\Experiment\data\raw\RGB2\S28\AC7\RGB2_SUB28ACT7F61.jpg,1,1,0.6103700995445251
611,28,7,76,D:\Skripsi\Experiment\data\raw\RGB2\S28\AC7\RGB2_SUB28ACT7F76.jpg,1,1,0.5989801287651062
612,28,7,91,D:\Skripsi\Experiment\data\raw\RGB2\S28\AC7\RGB2_SUB28ACT7F91.jpg,1,1,0.6601572632789612
613,28,8,1,D:\Skripsi\Experiment\data\raw\RGB2\S28\AC8\RGB2_SUB28ACT8F1.jpg,1,1,0.6933601498603821
614,28,8,106,D:\Skripsi\Experiment\data\raw\RGB2\S28\AC8\RGB2_SUB28ACT8F106.jpg,1,1,0.6048730611801147
615,28,8,16,D:\Skripsi\Experiment\data\raw\RGB2\S28\AC8\RGB2_SUB28ACT8F16.jpg,1,1,0.5682878494262695
616,28,8,31,D:\Skripsi\Experiment\data\raw\RGB2\S28\AC8\RGB2_SUB28ACT8F31.jpg,1,1,0.5215941071510315
617,28,8,46,D:\Skripsi\Experiment\data\raw\RGB2\S28\AC8\RGB2_SUB28ACT8F46.jpg,1,1,0.521401584148407
618,28,8,61,D:\Skripsi\Experiment\data\raw\RGB2\S28\AC8\RGB2_SUB28ACT8F61.jpg,1,1,0.6417839527130127
619,28,8,76,D:\Skripsi\Experiment\data\raw\RGB2\S28\AC8\RGB2_SUB28ACT8F76.jpg,1,1,0.5427460670471191
620,28,8,91,D:\Skripsi\Experiment\data\raw\RGB2\S28\AC8\RGB2_SUB28ACT8F91.jpg,1,1,0.5928412079811096
621,28,9,1,D:\Skripsi\Experiment\data\raw\RGB2\S28\AC9\RGB2_SUB28ACT9F1.jpg,1,1,0.77277010679245
622,28,9,106,D:\Skripsi\Experiment\data\raw\RGB2\S28\AC9\RGB2_SUB28ACT9F106.jpg,1,1,0.560590386390686
623,28,9,121,D:\Skripsi\Experiment\data\raw\RGB2\S28\AC9\RGB2_SUB28ACT9F121.jpg,1,1,0.5115347504615784
624,28,9,136,D:\Skripsi\Experiment\data\raw\RGB2\S28\AC9\RGB2_SUB28ACT9F136.jpg,1,1,0.5496330261230469
625,28,9,151,D:\Skripsi\Experiment\data\raw\RGB2\S28\AC9\RGB2_SUB28ACT9F151.jpg,1,0,0.4336729645729065
626,28,9,16,D:\Skripsi\Experiment\data\raw\RGB2\S28\AC9\RGB2_SUB28ACT9F16.jpg,1,1,0.7041367292404175
627,28,9,31,D:\Skripsi\Experiment\data\raw\RGB2\S28\AC9\RGB2_SUB28ACT9F31.jpg,1,1,0.6994935870170593
628,28,9,46,D:\Skripsi\Experiment\data\raw\RGB2\S28\AC9\RGB2_SUB28ACT9F46.jpg,1,1,0.7377796769142151
629,28,9,61,D:\Skripsi\Experiment\data\raw\RGB2\S28\AC9\RGB2_SUB28ACT9F61.jpg,1,1,0.6332533955574036
630,28,9,76,D:\Skripsi\Experiment\data\raw\RGB2\S28\AC9\RGB2_SUB28ACT9F76.jpg,1,1,0.7303531765937805
631,28,9,91,D:\Skripsi\Experiment\data\raw\RGB2\S28\AC9\RGB2_SUB28ACT9F91.jpg,1,1,0.7049133777618408
632,29,1,1,D:\Skripsi\Experiment\data\raw\RGB2\S29\AC1\RGB2_SUB29ACT1F1.jpg,0,1,0.6902137398719788
633,29,1,106,D:\Skripsi\Experiment\data\raw\RGB2\S29\AC1\RGB2_SUB29ACT1F106.jpg,0,0,0.41168853640556335
634,29,1,121,D:\Skripsi\Experiment\data\raw\RGB2\S29\AC1\RGB2_SUB29ACT1F121.jpg,0,0,0.46287310123443604
635,29,1,16,D:\Skripsi\Experiment\data\raw\RGB2\S29\AC1\RGB2_SUB29ACT1F16.jpg,0,1,0.7503077983856201
636,29,1,31,D:\Skripsi\Experiment\data\raw\RGB2\S29\AC1\RGB2_SUB29ACT1F31.jpg,0,0,0.38078680634498596
637,29,1,46,D:\Skripsi\Experiment\data\raw\RGB2\S29\AC1\RGB2_SUB29ACT1F46.jpg,0,0,0.38453587889671326
638,29,1,61,D:\Skripsi\Experiment\data\raw\RGB2\S29\AC1\RGB2_SUB29ACT1F61.jpg,0,0,0.4508528411388397
639,29,1,76,D:\Skripsi\Experiment\data\raw\RGB2\S29\AC1\RGB2_SUB29ACT1F76.jpg,0,0,0.35168638825416565
640,29,1,91,D:\Skripsi\Experiment\data\raw\RGB2\S29\AC1\RGB2_SUB29ACT1F91.jpg,0,0,0.3983210325241089
641,29,5,1,D:\Skripsi\Experiment\data\raw\RGB2\S29\AC5\RGB2_SUB29ACT5F1.jpg,1,1,0.5770056843757629
642,29,5,106,D:\Skripsi\Experiment\data\raw\RGB2\S29\AC5\RGB2_SUB29ACT5F106.jpg,1,1,0.5508020520210266
643,29,5,121,D:\Skripsi\Experiment\data\raw\RGB2\S29\AC5\RGB2_SUB29ACT5F121.jpg,1,1,0.5212999582290649
644,29,5,16,D:\Skripsi\Experiment\data\raw\RGB2\S29\AC5\RGB2_SUB29ACT5F16.jpg,1,1,0.5880621075630188
645,29,5,31,D:\Skripsi\Experiment\data\raw\RGB2\S29\AC5\RGB2_SUB29ACT5F31.jpg,1,1,0.6244385838508606
646,29,5,46,D:\Skripsi\Experiment\data\raw\RGB2\S29\AC5\RGB2_SUB29ACT5F46.jpg,1,1,0.6309707164764404
647,29,5,61,D:\Skripsi\Experiment\data\raw\RGB2\S29\AC5\RGB2_SUB29ACT5F61.jpg,1,1,0.6483016014099121
648,29,5,76,D:\Skripsi\Experiment\data\raw\RGB2\S29\AC5\RGB2_SUB29ACT5F76.jpg,1,0,0.4639322757720947
649,29,5,91,D:\Skripsi\Experiment\data\raw\RGB2\S29\AC5\RGB2_SUB29ACT5F91.jpg,1,1,0.616179347038269
650,29,6,1,D:\Skripsi\Experiment\data\raw\RGB2\S29\AC6\RGB2_SUB29ACT6F1.jpg,1,0,0.327724426984787
651,29,6,106,D:\Skripsi\Experiment\data\raw\RGB2\S29\AC6\RGB2_SUB29ACT6F106.jpg,1,0,0.43299955129623413
652,29,6,16,D:\Skripsi\Experiment\data\raw\RGB2\S29\AC6\RGB2_SUB29ACT6F16.jpg,1,1,0.6060196161270142
653,29,6,31,D:\Skripsi\Experiment\data\raw\RGB2\S29\AC6\RGB2_SUB29ACT6F31.jpg,1,0,0.46623286604881287
654,29,6,46,D:\Skripsi\Experiment\data\raw\RGB2\S29\AC6\RGB2_SUB29ACT6F46.jpg,1,1,0.6625999212265015
655,29,6,61,D:\Skripsi\Experiment\data\raw\RGB2\S29\AC6\RGB2_SUB29ACT6F61.jpg,1,1,0.6585642099380493
656,29,6,76,D:\Skripsi\Experiment\data\raw\RGB2\S29\AC6\RGB2_SUB29ACT6F76.jpg,1,0,0.47992780804634094
657,29,6,91,D:\Skripsi\Experiment\data\raw\RGB2\S29\AC6\RGB2_SUB29ACT6F91.jpg,1,1,0.5221600532531738
658,29,7,1,D:\Skripsi\Experiment\data\raw\RGB2\S29\AC7\RGB2_SUB29ACT7F1.jpg,1,0,0.484979510307312
659,29,7,106,D:\Skripsi\Experiment\data\raw\RGB2\S29\AC7\RGB2_SUB29ACT7F106.jpg,1,1,0.5302713513374329
660,29,7,121,D:\Skripsi\Experiment\data\raw\RGB2\S29\AC7\RGB2_SUB29ACT7F121.jpg,1,0,0.46044525504112244
661,29,7,16,D:\Skripsi\Experiment\data\raw\RGB2\S29\AC7\RGB2_SUB29ACT7F16.jpg,1,0,0.4695996344089508
662,29,7,31,D:\Skripsi\Experiment\data\raw\RGB2\S29\AC7\RGB2_SUB29ACT7F31.jpg,1,0,0.4516323208808899
663,29,7,46,D:\Skripsi\Experiment\data\raw\RGB2\S29\AC7\RGB2_SUB29ACT7F46.jpg,1,0,0.4749547243118286
664,29,7,61,D:\Skripsi\Experiment\data\raw\RGB2\S29\AC7\RGB2_SUB29ACT7F61.jpg,1,0,0.4701933264732361
665,29,7,76,D:\Skripsi\Experiment\data\raw\RGB2\S29\AC7\RGB2_SUB29ACT7F76.jpg,1,0,0.4640629291534424
666,29,7,91,D:\Skripsi\Experiment\data\raw\RGB2\S29\AC7\RGB2_SUB29ACT7F91.jpg,1,1,0.5187771320343018
667,29,8,1,D:\Skripsi\Experiment\data\raw\RGB2\S29\AC8\RGB2_SUB29ACT8F1.jpg,1,0,0.4300335645675659
668,29,8,106,D:\Skripsi\Experiment\data\raw\RGB2\S29\AC8\RGB2_SUB29ACT8F106.jpg,1,0,0.4574161469936371
669,29,8,121,D:\Skripsi\Experiment\data\raw\RGB2\S29\AC8\RGB2_SUB29ACT8F121.jpg,1,1,0.5165196657180786
670,29,8,136,D:\Skripsi\Experiment\data\raw\RGB2\S29\AC8\RGB2_SUB29ACT8F136.jpg,1,1,0.5356529951095581
671,29,8,151,D:\Skripsi\Experiment\data\raw\RGB2\S29\AC8\RGB2_SUB29ACT8F151.jpg,1,0,0.4159233570098877
672,29,8,16,D:\Skripsi\Experiment\data\raw\RGB2\S29\AC8\RGB2_SUB29ACT8F16.jpg,1,0,0.37618330121040344
673,29,8,31,D:\Skripsi\Experiment\data\raw\RGB2\S29\AC8\RGB2_SUB29ACT8F31.jpg,1,0,0.28080007433891296
674,29,8,46,D:\Skripsi\Experiment\data\raw\RGB2\S29\AC8\RGB2_SUB29ACT8F46.jpg,1,0,0.33291542530059814
675,29,8,61,D:\Skripsi\Experiment\data\raw\RGB2\S29\AC8\RGB2_SUB29ACT8F61.jpg,1,0,0.45835602283477783
676,29,8,76,D:\Skripsi\Experiment\data\raw\RGB2\S29\AC8\RGB2_SUB29ACT8F76.jpg,1,0,0.4106191098690033
677,29,8,91,D:\Skripsi\Experiment\data\raw\RGB2\S29\AC8\RGB2_SUB29ACT8F91.jpg,1,0,0.4676932990550995
678,29,9,1,D:\Skripsi\Experiment\data\raw\RGB2\S29\AC9\RGB2_SUB29ACT9F1.jpg,1,1,0.5692648887634277
679,29,9,106,D:\Skripsi\Experiment\data\raw\RGB2\S29\AC9\RGB2_SUB29ACT9F106.jpg,1,1,0.685975193977356
680,29,9,121,D:\Skripsi\Experiment\data\raw\RGB2\S29\AC9\RGB2_SUB29ACT9F121.jpg,1,1,0.6320944428443909
681,29,9,136,D:\Skripsi\Experiment\data\raw\RGB2\S29\AC9\RGB2_SUB29ACT9F136.jpg,1,0,0.45310544967651367
682,29,9,151,D:\Skripsi\Experiment\data\raw\RGB2\S29\AC9\RGB2_SUB29ACT9F151.jpg,1,1,0.5775110125541687
683,29,9,16,D:\Skripsi\Experiment\data\raw\RGB2\S29\AC9\RGB2_SUB29ACT9F16.jpg,1,1,0.6370859146118164
684,29,9,31,D:\Skripsi\Experiment\data\raw\RGB2\S29\AC9\RGB2_SUB29ACT9F31.jpg,1,1,0.5392717123031616
685,29,9,46,D:\Skripsi\Experiment\data\raw\RGB2\S29\AC9\RGB2_SUB29ACT9F46.jpg,1,1,0.6704387068748474
686,29,9,61,D:\Skripsi\Experiment\data\raw\RGB2\S29\AC9\RGB2_SUB29ACT9F61.jpg,1,1,0.5172203183174133
687,29,9,76,D:\Skripsi\Experiment\data\raw\RGB2\S29\AC9\RGB2_SUB29ACT9F76.jpg,1,1,0.5955270528793335
688,29,9,91,D:\Skripsi\Experiment\data\raw\RGB2\S29\AC9\RGB2_SUB29ACT9F91.jpg,1,1,0.6821997761726379
689,30,1,1,D:\Skripsi\Experiment\data\raw\RGB2\S30\AC1\RGB2_SUB30ACT1F1.jpg,0,1,0.5145496129989624
690,30,1,106,D:\Skripsi\Experiment\data\raw\RGB2\S30\AC1\RGB2_SUB30ACT1F106.jpg,0,0,0.39642924070358276
691,30,1,16,D:\Skripsi\Experiment\data\raw\RGB2\S30\AC1\RGB2_SUB30ACT1F16.jpg,0,0,0.3534812033176422
692,30,1,31,D:\Skripsi\Experiment\data\raw\RGB2\S30\AC1\RGB2_SUB30ACT1F31.jpg,0,1,0.5145766735076904
693,30,1,46,D:\Skripsi\Experiment\data\raw\RGB2\S30\AC1\RGB2_SUB30ACT1F46.jpg,0,0,0.42244061827659607
694,30,1,61,D:\Skripsi\Experiment\data\raw\RGB2\S30\AC1\RGB2_SUB30ACT1F61.jpg,0,0,0.4158968925476074
695,30,1,76,D:\Skripsi\Experiment\data\raw\RGB2\S30\AC1\RGB2_SUB30ACT1F76.jpg,0,0,0.329522967338562
696,30,1,91,D:\Skripsi\Experiment\data\raw\RGB2\S30\AC1\RGB2_SUB30ACT1F91.jpg,0,0,0.46803903579711914
697,30,5,1,D:\Skripsi\Experiment\data\raw\RGB2\S30\AC5\RGB2_SUB30ACT5F1.jpg,1,0,0.4846617877483368
698,30,5,106,D:\Skripsi\Experiment\data\raw\RGB2\S30\AC5\RGB2_SUB30ACT5F106.jpg,1,1,0.5044697523117065
699,30,5,16,D:\Skripsi\Experiment\data\raw\RGB2\S30\AC5\RGB2_SUB30ACT5F16.jpg,1,0,0.4409133791923523
700,30,5,31,D:\Skripsi\Experiment\data\raw\RGB2\S30\AC5\RGB2_SUB30ACT5F31.jpg,1,1,0.50101238489151
701,30,5,46,D:\Skripsi\Experiment\data\raw\RGB2\S30\AC5\RGB2_SUB30ACT5F46.jpg,1,0,0.4473084509372711
702,30,5,61,D:\Skripsi\Experiment\data\raw\RGB2\S30\AC5\RGB2_SUB30ACT5F61.jpg,1,0,0.40871351957321167
703,30,5,76,D:\Skripsi\Experiment\data\raw\RGB2\S30\AC5\RGB2_SUB30ACT5F76.jpg,1,0,0.4708092212677002
704,30,5,91,D:\Skripsi\Experiment\data\raw\RGB2\S30\AC5\RGB2_SUB30ACT5F91.jpg,1,0,0.4478560984134674
705,30,6,1,D:\Skripsi\Experiment\data\raw\RGB2\S30\AC6\RGB2_SUB30ACT6F1.jpg,1,0,0.3936121165752411
706,30,6,106,D:\Skripsi\Experiment\data\raw\RGB2\S30\AC6\RGB2_SUB30ACT6F106.jpg,1,0,0.37787604331970215
707,30,6,121,D:\Skripsi\Experiment\data\raw\RGB2\S30\AC6\RGB2_SUB30ACT6F121.jpg,1,0,0.45701104402542114
708,30,6,16,D:\Skripsi\Experiment\data\raw\RGB2\S30\AC6\RGB2_SUB30ACT6F16.jpg,1,1,0.5259740352630615
709,30,6,31,D:\Skripsi\Experiment\data\raw\RGB2\S30\AC6\RGB2_SUB30ACT6F31.jpg,1,0,0.41023731231689453
710,30,6,46,D:\Skripsi\Experiment\data\raw\RGB2\S30\AC6\RGB2_SUB30ACT6F46.jpg,1,0,0.4802113175392151
711,30,6,61,D:\Skripsi\Experiment\data\raw\RGB2\S30\AC6\RGB2_SUB30ACT6F61.jpg,1,0,0.444915235042572
712,30,6,76,D:\Skripsi\Experiment\data\raw\RGB2\S30\AC6\RGB2_SUB30ACT6F76.jpg,1,0,0.4583383798599243
713,30,6,91,D:\Skripsi\Experiment\data\raw\RGB2\S30\AC6\RGB2_SUB30ACT6F91.jpg,1,0,0.4271436333656311
714,30,7,1,D:\Skripsi\Experiment\data\raw\RGB2\S30\AC7\RGB2_SUB30ACT7F1.jpg,1,0,0.4461413025856018
715,30,7,106,D:\Skripsi\Experiment\data\raw\RGB2\S30\AC7\RGB2_SUB30ACT7F106.jpg,1,1,0.5901056528091431
716,30,7,121,D:\Skripsi\Experiment\data\raw\RGB2\S30\AC7\RGB2_SUB30ACT7F121.jpg,1,1,0.6974335312843323
717,30,7,136,D:\Skripsi\Experiment\data\raw\RGB2\S30\AC7\RGB2_SUB30ACT7F136.jpg,1,1,0.6391851902008057
718,30,7,151,D:\Skripsi\Experiment\data\raw\RGB2\S30\AC7\RGB2_SUB30ACT7F151.jpg,1,1,0.6766552925109863
719,30,7,16,D:\Skripsi\Experiment\data\raw\RGB2\S30\AC7\RGB2_SUB30ACT7F16.jpg,1,1,0.5180909633636475
720,30,7,166,D:\Skripsi\Experiment\data\raw\RGB2\S30\AC7\RGB2_SUB30ACT7F166.jpg,1,1,0.573920726776123
721,30,7,31,D:\Skripsi\Experiment\data\raw\RGB2\S30\AC7\RGB2_SUB30ACT7F31.jpg,1,0,0.4318685531616211
722,30,7,46,D:\Skripsi\Experiment\data\raw\RGB2\S30\AC7\RGB2_SUB30ACT7F46.jpg,1,1,0.5222838521003723
723,30,7,61,D:\Skripsi\Experiment\data\raw\RGB2\S30\AC7\RGB2_SUB30ACT7F61.jpg,1,1,0.6072283387184143
724,30,7,76,D:\Skripsi\Experiment\data\raw\RGB2\S30\AC7\RGB2_SUB30ACT7F76.jpg,1,1,0.5835748910903931
725,30,7,91,D:\Skripsi\Experiment\data\raw\RGB2\S30\AC7\RGB2_SUB30ACT7F91.jpg,1,1,0.5765737891197205
726,30,8,1,D:\Skripsi\Experiment\data\raw\RGB2\S30\AC8\RGB2_SUB30ACT8F1.jpg,1,1,0.6200551390647888
727,30,8,106,D:\Skripsi\Experiment\data\raw\RGB2\S30\AC8\RGB2_SUB30ACT8F106.jpg,1,1,0.5479645729064941
728,30,8,121,D:\Skripsi\Experiment\data\raw\RGB2\S30\AC8\RGB2_SUB30ACT8F121.jpg,1,1,0.6654397249221802
729,30,8,136,D:\Skripsi\Experiment\data\raw\RGB2\S30\AC8\RGB2_SUB30ACT8F136.jpg,1,1,0.6970120072364807
730,30,8,16,D:\Skripsi\Experiment\data\raw\RGB2\S30\AC8\RGB2_SUB30ACT8F16.jpg,1,1,0.5145087242126465
731,30,8,31,D:\Skripsi\Experiment\data\raw\RGB2\S30\AC8\RGB2_SUB30ACT8F31.jpg,1,0,0.4319130778312683
732,30,8,46,D:\Skripsi\Experiment\data\raw\RGB2\S30\AC8\RGB2_SUB30ACT8F46.jpg,1,1,0.5761266946792603
733,30,8,61,D:\Skripsi\Experiment\data\raw\RGB2\S30\AC8\RGB2_SUB30ACT8F61.jpg,1,0,0.47599026560783386
734,30,8,76,D:\Skripsi\Experiment\data\raw\RGB2\S30\AC8\RGB2_SUB30ACT8F76.jpg,1,1,0.5367187261581421
735,30,8,91,D:\Skripsi\Experiment\data\raw\RGB2\S30\AC8\RGB2_SUB30ACT8F91.jpg,1,0,0.4110797345638275
736,30,9,1,D:\Skripsi\Experiment\data\raw\RGB2\S30\AC9\RGB2_SUB30ACT9F1.jpg,1,1,0.6360766887664795
737,30,9,106,D:\Skripsi\Experiment\data\raw\RGB2\S30\AC9\RGB2_SUB30ACT9F106.jpg,1,1,0.6908343434333801
738,30,9,121,D:\Skripsi\Experiment\data\raw\RGB2\S30\AC9\RGB2_SUB30ACT9F121.jpg,1,1,0.5401008129119873
739,30,9,16,D:\Skripsi\Experiment\data\raw\RGB2\S30\AC9\RGB2_SUB30ACT9F16.jpg,1,1,0.5942800045013428
740,30,9,31,D:\Skripsi\Experiment\data\raw\RGB2\S30\AC9\RGB2_SUB30ACT9F31.jpg,1,1,0.5297801494598389
741,30,9,46,D:\Skripsi\Experiment\data\raw\RGB2\S30\AC9\RGB2_SUB30ACT9F46.jpg,1,0,0.46070247888565063
742,30,9,61,D:\Skripsi\Experiment\data\raw\RGB2\S30\AC9\RGB2_SUB30ACT9F61.jpg,1,0,0.4830700755119324
743,30,9,76,D:\Skripsi\Experiment\data\raw\RGB2\S30\AC9\RGB2_SUB30ACT9F76.jpg,1,0,0.4249171316623688
744,30,9,91,D:\Skripsi\Experiment\data\raw\RGB2\S30\AC9\RGB2_SUB30ACT9F91.jpg,1,1,0.5932549238204956
745,31,1,1,D:\Skripsi\Experiment\data\raw\RGB2\S31\AC1\RGB2_SUB31ACT1F1.jpg,0,0,0.4573960304260254
746,31,1,16,D:\Skripsi\Experiment\data\raw\RGB2\S31\AC1\RGB2_SUB31ACT1F16.jpg,0,1,0.5611674785614014
747,31,1,31,D:\Skripsi\Experiment\data\raw\RGB2\S31\AC1\RGB2_SUB31ACT1F31.jpg,0,0,0.385562539100647
748,31,1,46,D:\Skripsi\Experiment\data\raw\RGB2\S31\AC1\RGB2_SUB31ACT1F46.jpg,0,1,0.5578181147575378
749,31,1,61,D:\Skripsi\Experiment\data\raw\RGB2\S31\AC1\RGB2_SUB31ACT1F61.jpg,0,1,0.5688165426254272
750,31,1,76,D:\Skripsi\Experiment\data\raw\RGB2\S31\AC1\RGB2_SUB31ACT1F76.jpg,0,0,0.4068324863910675
751,31,1,91,D:\Skripsi\Experiment\data\raw\RGB2\S31\AC1\RGB2_SUB31ACT1F91.jpg,0,1,0.6484814286231995
752,31,5,1,D:\Skripsi\Experiment\data\raw\RGB2\S31\AC5\RGB2_SUB31ACT5F1.jpg,1,0,0.4968906044960022
753,31,5,16,D:\Skripsi\Experiment\data\raw\RGB2\S31\AC5\RGB2_SUB31ACT5F16.jpg,1,1,0.5555886030197144
754,31,5,31,D:\Skripsi\Experiment\data\raw\RGB2\S31\AC5\RGB2_SUB31ACT5F31.jpg,1,1,0.6170300245285034
755,31,5,46,D:\Skripsi\Experiment\data\raw\RGB2\S31\AC5\RGB2_SUB31ACT5F46.jpg,1,1,0.549052357673645
756,31,5,61,D:\Skripsi\Experiment\data\raw\RGB2\S31\AC5\RGB2_SUB31ACT5F61.jpg,1,1,0.5375598073005676
757,31,5,76,D:\Skripsi\Experiment\data\raw\RGB2\S31\AC5\RGB2_SUB31ACT5F76.jpg,1,1,0.5627725124359131
758,31,5,91,D:\Skripsi\Experiment\data\raw\RGB2\S31\AC5\RGB2_SUB31ACT5F91.jpg,1,0,0.4759799540042877
759,31,6,1,D:\Skripsi\Experiment\data\raw\RGB2\S31\AC6\RGB2_SUB31ACT6F1.jpg,1,0,0.3890953063964844
760,31,6,16,D:\Skripsi\Experiment\data\raw\RGB2\S31\AC6\RGB2_SUB31ACT6F16.jpg,1,1,0.5662872791290283
761,31,6,31,D:\Skripsi\Experiment\data\raw\RGB2\S31\AC6\RGB2_SUB31ACT6F31.jpg,1,1,0.7023311257362366
762,31,6,46,D:\Skripsi\Experiment\data\raw\RGB2\S31\AC6\RGB2_SUB31ACT6F46.jpg,1,0,0.49348941445350647
763,31,6,61,D:\Skripsi\Experiment\data\raw\RGB2\S31\AC6\RGB2_SUB31ACT6F61.jpg,1,1,0.5129343271255493
764,31,6,76,D:\Skripsi\Experiment\data\raw\RGB2\S31\AC6\RGB2_SUB31ACT6F76.jpg,1,1,0.5962628126144409
765,31,7,1,D:\Skripsi\Experiment\data\raw\RGB2\S31\AC7\RGB2_SUB31ACT7F1.jpg,1,1,0.6063801050186157
766,31,7,106,D:\Skripsi\Experiment\data\raw\RGB2\S31\AC7\RGB2_SUB31ACT7F106.jpg,1,1,0.5435122847557068
767,31,7,16,D:\Skripsi\Experiment\data\raw\RGB2\S31\AC7\RGB2_SUB31ACT7F16.jpg,1,1,0.5761011838912964
768,31,7,31,D:\Skripsi\Experiment\data\raw\RGB2\S31\AC7\RGB2_SUB31ACT7F31.jpg,1,1,0.6467320919036865
769,31,7,46,D:\Skripsi\Experiment\data\raw\RGB2\S31\AC7\RGB2_SUB31ACT7F46.jpg,1,1,0.6297752857208252
770,31,7,61,D:\Skripsi\Experiment\data\raw\RGB2\S31\AC7\RGB2_SUB31ACT7F61.jpg,1,1,0.5805361866950989
771,31,7,76,D:\Skripsi\Experiment\data\raw\RGB2\S31\AC7\RGB2_SUB31ACT7F76.jpg,1,1,0.6206777095794678
772,31,7,91,D:\Skripsi\Experiment\data\raw\RGB2\S31\AC7\RGB2_SUB31ACT7F91.jpg,1,0,0.42076197266578674
773,31,8,1,D:\Skripsi\Experiment\data\raw\RGB2\S31\AC8\RGB2_SUB31ACT8F1.jpg,1,1,0.5543884634971619
774,31,8,106,D:\Skripsi\Experiment\data\raw\RGB2\S31\AC8\RGB2_SUB31ACT8F106.jpg,1,0,0.4338645040988922
775,31,8,121,D:\Skripsi\Experiment\data\raw\RGB2\S31\AC8\RGB2_SUB31ACT8F121.jpg,1,1,0.5278335809707642
776,31,8,16,D:\Skripsi\Experiment\data\raw\RGB2\S31\AC8\RGB2_SUB31ACT8F16.jpg,1,1,0.5774968862533569
777,31,8,31,D:\Skripsi\Experiment\data\raw\RGB2\S31\AC8\RGB2_SUB31ACT8F31.jpg,1,1,0.6466395854949951
778,31,8,46,D:\Skripsi\Experiment\data\raw\RGB2\S31\AC8\RGB2_SUB31ACT8F46.jpg,1,1,0.5370756387710571
779,31,8,61,D:\Skripsi\Experiment\data\raw\RGB2\S31\AC8\RGB2_SUB31ACT8F61.jpg,1,1,0.5332568883895874
780,31,8,76,D:\Skripsi\Experiment\data\raw\RGB2\S31\AC8\RGB2_SUB31ACT8F76.jpg,1,1,0.6172291040420532
781,31,8,91,D:\Skripsi\Experiment\data\raw\RGB2\S31\AC8\RGB2_SUB31ACT8F91.jpg,1,1,0.587363600730896
782,31,9,1,D:\Skripsi\Experiment\data\raw\RGB2\S31\AC9\RGB2_SUB31ACT9F1.jpg,1,1,0.6037917733192444
783,31,9,106,D:\Skripsi\Experiment\data\raw\RGB2\S31\AC9\RGB2_SUB31ACT9F106.jpg,1,1,0.5474663376808167
784,31,9,121,D:\Skripsi\Experiment\data\raw\RGB2\S31\AC9\RGB2_SUB31ACT9F121.jpg,1,1,0.5672684907913208
785,31,9,136,D:\Skripsi\Experiment\data\raw\RGB2\S31\AC9\RGB2_SUB31ACT9F136.jpg,1,1,0.5964703559875488
786,31,9,16,D:\Skripsi\Experiment\data\raw\RGB2\S31\AC9\RGB2_SUB31ACT9F16.jpg,1,1,0.5249181389808655
787,31,9,31,D:\Skripsi\Experiment\data\raw\RGB2\S31\AC9\RGB2_SUB31ACT9F31.jpg,1,1,0.6680008769035339
788,31,9,46,D:\Skripsi\Experiment\data\raw\RGB2\S31\AC9\RGB2_SUB31ACT9F46.jpg,1,1,0.5991417169570923
789,31,9,61,D:\Skripsi\Experiment\data\raw\RGB2\S31\AC9\RGB2_SUB31ACT9F61.jpg,1,1,0.5959060788154602
790,31,9,76,D:\Skripsi\Experiment\data\raw\RGB2\S31\AC9\RGB2_SUB31ACT9F76.jpg,1,1,0.5252549052238464
791,31,9,91,D:\Skripsi\Experiment\data\raw\RGB2\S31\AC9\RGB2_SUB31ACT9F91.jpg,1,0,0.4997972249984741
792,32,1,1,D:\Skripsi\Experiment\data\raw\RGB2\S32\AC1\RGB2_SUB32ACT1F1.jpg,0,1,0.6815395951271057
793,32,1,16,D:\Skripsi\Experiment\data\raw\RGB2\S32\AC1\RGB2_SUB32ACT1F16.jpg,0,1,0.6240371465682983
794,32,1,31,D:\Skripsi\Experiment\data\raw\RGB2\S32\AC1\RGB2_SUB32ACT1F31.jpg,0,0,0.42852717638015747
795,32,1,46,D:\Skripsi\Experiment\data\raw\RGB2\S32\AC1\RGB2_SUB32ACT1F46.jpg,0,0,0.4428805410861969
796,32,1,61,D:\Skripsi\Experiment\data\raw\RGB2\S32\AC1\RGB2_SUB32ACT1F61.jpg,0,0,0.3894997239112854
797,32,1,76,D:\Skripsi\Experiment\data\raw\RGB2\S32\AC1\RGB2_SUB32ACT1F76.jpg,0,0,0.4197820723056793
798,32,1,91,D:\Skripsi\Experiment\data\raw\RGB2\S32\AC1\RGB2_SUB32ACT1F91.jpg,0,0,0.47335198521614075
799,32,5,1,D:\Skripsi\Experiment\data\raw\RGB2\S32\AC5\RGB2_SUB32ACT5F1.jpg,1,1,0.7382199764251709
800,32,5,16,D:\Skripsi\Experiment\data\raw\RGB2\S32\AC5\RGB2_SUB32ACT5F16.jpg,1,1,0.6654186844825745
801,32,5,31,D:\Skripsi\Experiment\data\raw\RGB2\S32\AC5\RGB2_SUB32ACT5F31.jpg,1,1,0.6532082557678223
802,32,5,46,D:\Skripsi\Experiment\data\raw\RGB2\S32\AC5\RGB2_SUB32ACT5F46.jpg,1,1,0.7292208075523376
803,32,5,61,D:\Skripsi\Experiment\data\raw\RGB2\S32\AC5\RGB2_SUB32ACT5F61.jpg,1,1,0.6521437168121338
804,32,5,76,D:\Skripsi\Experiment\data\raw\RGB2\S32\AC5\RGB2_SUB32ACT5F76.jpg,1,1,0.6357074975967407
805,32,5,91,D:\Skripsi\Experiment\data\raw\RGB2\S32\AC5\RGB2_SUB32ACT5F91.jpg,1,1,0.5816830992698669
806,32,6,1,D:\Skripsi\Experiment\data\raw\RGB2\S32\AC6\RGB2_SUB32ACT6F1.jpg,1,0,0.34397900104522705
807,32,6,16,D:\Skripsi\Experiment\data\raw\RGB2\S32\AC6\RGB2_SUB32ACT6F16.jpg,1,0,0.45882976055145264
808,32,6,31,D:\Skripsi\Experiment\data\raw\RGB2\S32\AC6\RGB2_SUB32ACT6F31.jpg,1,0,0.43860891461372375
809,32,6,46,D:\Skripsi\Experiment\data\raw\RGB2\S32\AC6\RGB2_SUB32ACT6F46.jpg,1,1,0.54115229845047
810,32,6,61,D:\Skripsi\Experiment\data\raw\RGB2\S32\AC6\RGB2_SUB32ACT6F61.jpg,1,0,0.4895629286766052
811,32,6,76,D:\Skripsi\Experiment\data\raw\RGB2\S32\AC6\RGB2_SUB32ACT6F76.jpg,1,0,0.47849100828170776
812,32,6,91,D:\Skripsi\Experiment\data\raw\RGB2\S32\AC6\RGB2_SUB32ACT6F91.jpg,1,1,0.5059880614280701
813,32,7,1,D:\Skripsi\Experiment\data\raw\RGB2\S32\AC7\RGB2_SUB32ACT7F1.jpg,1,1,0.6390565633773804
814,32,7,16,D:\Skripsi\Experiment\data\raw\RGB2\S32\AC7\RGB2_SUB32ACT7F16.jpg,1,1,0.7519684433937073
815,32,7,31,D:\Skripsi\Experiment\data\raw\RGB2\S32\AC7\RGB2_SUB32ACT7F31.jpg,1,1,0.6812424063682556
816,32,7,46,D:\Skripsi\Experiment\data\raw\RGB2\S32\AC7\RGB2_SUB32ACT7F46.jpg,1,1,0.7223483920097351
817,32,7,61,D:\Skripsi\Experiment\data\raw\RGB2\S32\AC7\RGB2_SUB32ACT7F61.jpg,1,1,0.5915317535400391
818,32,7,76,D:\Skripsi\Experiment\data\raw\RGB2\S32\AC7\RGB2_SUB32ACT7F76.jpg,1,1,0.6197513341903687
819,32,7,91,D:\Skripsi\Experiment\data\raw\RGB2\S32\AC7\RGB2_SUB32ACT7F91.jpg,1,1,0.6110065579414368
820,32,8,1,D:\Skripsi\Experiment\data\raw\RGB2\S32\AC8\RGB2_SUB32ACT8F1.jpg,1,1,0.5640296936035156
821,32,8,16,D:\Skripsi\Experiment\data\raw\RGB2\S32\AC8\RGB2_SUB32ACT8F16.jpg,1,1,0.5964480638504028
822,32,8,31,D:\Skripsi\Experiment\data\raw\RGB2\S32\AC8\RGB2_SUB32ACT8F31.jpg,1,1,0.5300396084785461
823,32,8,46,D:\Skripsi\Experiment\data\raw\RGB2\S32\AC8\RGB2_SUB32ACT8F46.jpg,1,1,0.5187343955039978
824,32,8,61,D:\Skripsi\Experiment\data\raw\RGB2\S32\AC8\RGB2_SUB32ACT8F61.jpg,1,1,0.6886681914329529
825,32,8,76,D:\Skripsi\Experiment\data\raw\RGB2\S32\AC8\RGB2_SUB32ACT8F76.jpg,1,1,0.7301936149597168
826,32,9,1,D:\Skripsi\Experiment\data\raw\RGB2\S32\AC9\RGB2_SUB32ACT9F1.jpg,1,1,0.517005980014801
827,32,9,16,D:\Skripsi\Experiment\data\raw\RGB2\S32\AC9\RGB2_SUB32ACT9F16.jpg,1,1,0.536481499671936
828,32,9,31,D:\Skripsi\Experiment\data\raw\RGB2\S32\AC9\RGB2_SUB32ACT9F31.jpg,1,1,0.5079885125160217
829,32,9,46,D:\Skripsi\Experiment\data\raw\RGB2\S32\AC9\RGB2_SUB32ACT9F46.jpg,1,1,0.5635360479354858
830,32,9,61,D:\Skripsi\Experiment\data\raw\RGB2\S32\AC9\RGB2_SUB32ACT9F61.jpg,1,1,0.5517311692237854
831,33,1,1,D:\Skripsi\Experiment\data\raw\RGB2\S33\AC1\RGB2_SUB33ACT1F1.jpg,0,0,0.4231233596801758
832,33,1,16,D:\Skripsi\Experiment\data\raw\RGB2\S33\AC1\RGB2_SUB33ACT1F16.jpg,0,0,0.4658315181732178
833,33,1,31,D:\Skripsi\Experiment\data\raw\RGB2\S33\AC1\RGB2_SUB33ACT1F31.jpg,0,0,0.468866229057312
834,33,1,46,D:\Skripsi\Experiment\data\raw\RGB2\S33\AC1\RGB2_SUB33ACT1F46.jpg,0,1,0.5105084776878357
835,33,1,61,D:\Skripsi\Experiment\data\raw\RGB2\S33\AC1\RGB2_SUB33ACT1F61.jpg,0,0,0.49654537439346313
836,33,1,76,D:\Skripsi\Experiment\data\raw\RGB2\S33\AC1\RGB2_SUB33ACT1F76.jpg,0,0,0.4135201871395111
837,33,5,1,D:\Skripsi\Experiment\data\raw\RGB2\S33\AC5\RGB2_SUB33ACT5F1.jpg,1,1,0.6661505103111267
838,33,5,16,D:\Skripsi\Experiment\data\raw\RGB2\S33\AC5\RGB2_SUB33ACT5F16.jpg,1,1,0.7497367262840271
839,33,5,31,D:\Skripsi\Experiment\data\raw\RGB2\S33\AC5\RGB2_SUB33ACT5F31.jpg,1,1,0.5765520334243774
840,33,5,46,D:\Skripsi\Experiment\data\raw\RGB2\S33\AC5\RGB2_SUB33ACT5F46.jpg,1,1,0.6463119387626648
841,33,5,61,D:\Skripsi\Experiment\data\raw\RGB2\S33\AC5\RGB2_SUB33ACT5F61.jpg,1,0,0.4931185245513916
842,33,5,76,D:\Skripsi\Experiment\data\raw\RGB2\S33\AC5\RGB2_SUB33ACT5F76.jpg,1,1,0.5089306831359863
843,33,6,1,D:\Skripsi\Experiment\data\raw\RGB2\S33\AC6\RGB2_SUB33ACT6F1.jpg,1,1,0.5006458759307861
844,33,6,16,D:\Skripsi\Experiment\data\raw\RGB2\S33\AC6\RGB2_SUB33ACT6F16.jpg,1,1,0.5051591396331787
845,33,6,31,D:\Skripsi\Experiment\data\raw\RGB2\S33\AC6\RGB2_SUB33ACT6F31.jpg,1,1,0.5083833336830139
846,33,6,46,D:\Skripsi\Experiment\data\raw\RGB2\S33\AC6\RGB2_SUB33ACT6F46.jpg,1,1,0.5536157488822937
847,33,6,61,D:\Skripsi\Experiment\data\raw\RGB2\S33\AC6\RGB2_SUB33ACT6F61.jpg,1,1,0.6260531544685364
848,33,6,76,D:\Skripsi\Experiment\data\raw\RGB2\S33\AC6\RGB2_SUB33ACT6F76.jpg,1,1,0.5956669449806213
849,33,7,1,D:\Skripsi\Experiment\data\raw\RGB2\S33\AC7\RGB2_SUB33ACT7F1.jpg,1,1,0.608697772026062
850,33,7,16,D:\Skripsi\Experiment\data\raw\RGB2\S33\AC7\RGB2_SUB33ACT7F16.jpg,1,1,0.6279345750808716
851,33,7,31,D:\Skripsi\Experiment\data\raw\RGB2\S33\AC7\RGB2_SUB33ACT7F31.jpg,1,1,0.7364159226417542
852,33,7,46,D:\Skripsi\Experiment\data\raw\RGB2\S33\AC7\RGB2_SUB33ACT7F46.jpg,1,0,0.46797269582748413
853,33,7,61,D:\Skripsi\Experiment\data\raw\RGB2\S33\AC7\RGB2_SUB33ACT7F61.jpg,1,0,0.4509444236755371
854,33,7,76,D:\Skripsi\Experiment\data\raw\RGB2\S33\AC7\RGB2_SUB33ACT7F76.jpg,1,0,0.4297507703304291
855,33,7,91,D:\Skripsi\Experiment\data\raw\RGB2\S33\AC7\RGB2_SUB33ACT7F91.jpg,1,0,0.4735838770866394
856,33,8,1,D:\Skripsi\Experiment\data\raw\RGB2\S33\AC8\RGB2_SUB33ACT8F1.jpg,1,1,0.669793426990509
857,33,8,106,D:\Skripsi\Experiment\data\raw\RGB2\S33\AC8\RGB2_SUB33ACT8F106.jpg,1,1,0.5295959711074829
858,33,8,16,D:\Skripsi\Experiment\data\raw\RGB2\S33\AC8\RGB2_SUB33ACT8F16.jpg,1,1,0.6345987319946289
859,33,8,31,D:\Skripsi\Experiment\data\raw\RGB2\S33\AC8\RGB2_SUB33ACT8F31.jpg,1,1,0.5534523725509644
860,33,8,46,D:\Skripsi\Experiment\data\raw\RGB2\S33\AC8\RGB2_SUB33ACT8F46.jpg,1,1,0.5914086699485779
861,33,8,61,D:\Skripsi\Experiment\data\raw\RGB2\S33\AC8\RGB2_SUB33ACT8F61.jpg,1,1,0.5155531167984009
862,33,8,76,D:\Skripsi\Experiment\data\raw\RGB2\S33\AC8\RGB2_SUB33ACT8F76.jpg,1,0,0.2610252797603607
863,33,8,91,D:\Skripsi\Experiment\data\raw\RGB2\S33\AC8\RGB2_SUB33ACT8F91.jpg,1,0,0.3449152708053589
864,33,9,1,D:\Skripsi\Experiment\data\raw\RGB2\S33\AC9\RGB2_SUB33ACT9F1.jpg,1,1,0.5791133642196655
865,33,9,16,D:\Skripsi\Experiment\data\raw\RGB2\S33\AC9\RGB2_SUB33ACT9F16.jpg,1,1,0.5701286792755127
866,33,9,31,D:\Skripsi\Experiment\data\raw\RGB2\S33\AC9\RGB2_SUB33ACT9F31.jpg,1,0,0.4468061923980713
867,33,9,46,D:\Skripsi\Experiment\data\raw\RGB2\S33\AC9\RGB2_SUB33ACT9F46.jpg,1,1,0.5469992756843567
868,33,9,61,D:\Skripsi\Experiment\data\raw\RGB2\S33\AC9\RGB2_SUB33ACT9F61.jpg,1,1,0.527090311050415
869,33,9,76,D:\Skripsi\Experiment\data\raw\RGB2\S33\AC9\RGB2_SUB33ACT9F76.jpg,1,1,0.5339240431785583
870,33,9,91,D:\Skripsi\Experiment\data\raw\RGB2\S33\AC9\RGB2_SUB33ACT9F91.jpg,1,1,0.556025505065918
871,34,1,1,D:\Skripsi\Experiment\data\raw\RGB2\S34\AC1\RGB2_SUB34ACT1F1.jpg,0,0,0.46779751777648926
872,34,1,16,D:\Skripsi\Experiment\data\raw\RGB2\S34\AC1\RGB2_SUB34ACT1F16.jpg,0,1,0.5206865668296814
873,34,1,31,D:\Skripsi\Experiment\data\raw\RGB2\S34\AC1\RGB2_SUB34ACT1F31.jpg,0,0,0.4829607307910919
874,34,1,46,D:\Skripsi\Experiment\data\raw\RGB2\S34\AC1\RGB2_SUB34ACT1F46.jpg,0,1,0.5594825744628906
875,34,1,61,D:\Skripsi\Experiment\data\raw\RGB2\S34\AC1\RGB2_SUB34ACT1F61.jpg,0,0,0.48970234394073486
876,34,5,1,D:\Skripsi\Experiment\data\raw\RGB2\S34\AC5\RGB2_SUB34ACT5F1.jpg,1,1,0.6073575615882874
877,34,5,16,D:\Skripsi\Experiment\data\raw\RGB2\S34\AC5\RGB2_SUB34ACT5F16.jpg,1,1,0.5886947512626648
878,34,5,31,D:\Skripsi\Experiment\data\raw\RGB2\S34\AC5\RGB2_SUB34ACT5F31.jpg,1,1,0.5767998695373535
879,34,5,46,D:\Skripsi\Experiment\data\raw\RGB2\S34\AC5\RGB2_SUB34ACT5F46.jpg,1,1,0.5441500544548035
880,34,5,61,D:\Skripsi\Experiment\data\raw\RGB2\S34\AC5\RGB2_SUB34ACT5F61.jpg,1,1,0.5245052576065063
881,34,5,76,D:\Skripsi\Experiment\data\raw\RGB2\S34\AC5\RGB2_SUB34ACT5F76.jpg,1,0,0.4570678174495697
882,34,6,1,D:\Skripsi\Experiment\data\raw\RGB2\S34\AC6\RGB2_SUB34ACT6F1.jpg,1,1,0.5686384439468384
883,34,6,16,D:\Skripsi\Experiment\data\raw\RGB2\S34\AC6\RGB2_SUB34ACT6F16.jpg,1,1,0.5396137237548828
884,34,6,31,D:\Skripsi\Experiment\data\raw\RGB2\S34\AC6\RGB2_SUB34ACT6F31.jpg,1,1,0.6274247765541077
885,34,6,46,D:\Skripsi\Experiment\data\raw\RGB2\S34\AC6\RGB2_SUB34ACT6F46.jpg,1,1,0.5516118407249451
886,34,6,61,D:\Skripsi\Experiment\data\raw\RGB2\S34\AC6\RGB2_SUB34ACT6F61.jpg,1,1,0.6772106289863586
887,34,7,1,D:\Skripsi\Experiment\data\raw\RGB2\S34\AC7\RGB2_SUB34ACT7F1.jpg,1,1,0.5979732275009155
888,34,7,16,D:\Skripsi\Experiment\data\raw\RGB2\S34\AC7\RGB2_SUB34ACT7F16.jpg,1,1,0.5710603594779968
889,34,7,31,D:\Skripsi\Experiment\data\raw\RGB2\S34\AC7\RGB2_SUB34ACT7F31.jpg,1,1,0.5926356911659241
890,34,7,46,D:\Skripsi\Experiment\data\raw\RGB2\S34\AC7\RGB2_SUB34ACT7F46.jpg,1,1,0.5620625615119934
891,34,7,61,D:\Skripsi\Experiment\data\raw\RGB2\S34\AC7\RGB2_SUB34ACT7F61.jpg,1,1,0.5751833319664001
892,34,7,76,D:\Skripsi\Experiment\data\raw\RGB2\S34\AC7\RGB2_SUB34ACT7F76.jpg,1,1,0.5379877090454102
893,34,8,1,D:\Skripsi\Experiment\data\raw\RGB2\S34\AC8\RGB2_SUB34ACT8F1.jpg,1,1,0.5575984716415405
894,34,8,16,D:\Skripsi\Experiment\data\raw\RGB2\S34\AC8\RGB2_SUB34ACT8F16.jpg,1,1,0.5702797174453735
895,34,8,31,D:\Skripsi\Experiment\data\raw\RGB2\S34\AC8\RGB2_SUB34ACT8F31.jpg,1,1,0.5587584972381592
896,34,8,46,D:\Skripsi\Experiment\data\raw\RGB2\S34\AC8\RGB2_SUB34ACT8F46.jpg,1,1,0.6108751893043518
897,34,8,61,D:\Skripsi\Experiment\data\raw\RGB2\S34\AC8\RGB2_SUB34ACT8F61.jpg,1,1,0.6910406351089478
898,34,8,76,D:\Skripsi\Experiment\data\raw\RGB2\S34\AC8\RGB2_SUB34ACT8F76.jpg,1,1,0.5538625121116638
899,34,8,91,D:\Skripsi\Experiment\data\raw\RGB2\S34\AC8\RGB2_SUB34ACT8F91.jpg,1,0,0.4806874394416809
900,34,9,1,D:\Skripsi\Experiment\data\raw\RGB2\S34\AC9\RGB2_SUB34ACT9F1.jpg,1,1,0.6682099103927612
901,34,9,16,D:\Skripsi\Experiment\data\raw\RGB2\S34\AC9\RGB2_SUB34ACT9F16.jpg,1,0,0.4727665185928345
902,34,9,31,D:\Skripsi\Experiment\data\raw\RGB2\S34\AC9\RGB2_SUB34ACT9F31.jpg,1,1,0.6334413290023804
903,34,9,46,D:\Skripsi\Experiment\data\raw\RGB2\S34\AC9\RGB2_SUB34ACT9F46.jpg,1,1,0.6535561680793762
904,34,9,61,D:\Skripsi\Experiment\data\raw\RGB2\S34\AC9\RGB2_SUB34ACT9F61.jpg,1,1,0.6409854292869568
905,34,9,76,D:\Skripsi\Experiment\data\raw\RGB2\S34\AC9\RGB2_SUB34ACT9F76.jpg,1,1,0.5976002812385559
906,35,1,1,D:\Skripsi\Experiment\data\raw\RGB2\S35\AC1\RGB2_SUB35ACT1F1.jpg,0,0,0.4669834077358246
907,35,1,106,D:\Skripsi\Experiment\data\raw\RGB2\S35\AC1\RGB2_SUB35ACT1F106.jpg,0,0,0.478107750415802
908,35,1,121,D:\Skripsi\Experiment\data\raw\RGB2\S35\AC1\RGB2_SUB35ACT1F121.jpg,0,0,0.42777004837989807
909,35,1,16,D:\Skripsi\Experiment\data\raw\RGB2\S35\AC1\RGB2_SUB35ACT1F16.jpg,0,1,0.5973923802375793
910,35,1,31,D:\Skripsi\Experiment\data\raw\RGB2\S35\AC1\RGB2_SUB35ACT1F31.jpg,0,0,0.41572266817092896
911,35,1,46,D:\Skripsi\Experiment\data\raw\RGB2\S35\AC1\RGB2_SUB35ACT1F46.jpg,0,1,0.5107036232948303
912,35,1,61,D:\Skripsi\Experiment\data\raw\RGB2\S35\AC1\RGB2_SUB35ACT1F61.jpg,0,0,0.4804748296737671
913,35,1,76,D:\Skripsi\Experiment\data\raw\RGB2\S35\AC1\RGB2_SUB35ACT1F76.jpg,0,0,0.46684372425079346
914,35,1,91,D:\Skripsi\Experiment\data\raw\RGB2\S35\AC1\RGB2_SUB35ACT1F91.jpg,0,0,0.4442121386528015
915,35,5,1,D:\Skripsi\Experiment\data\raw\RGB2\S35\AC5\RGB2_SUB35ACT5F1.jpg,1,0,0.3861185908317566
916,35,5,106,D:\Skripsi\Experiment\data\raw\RGB2\S35\AC5\RGB2_SUB35ACT5F106.jpg,1,0,0.36839377880096436
917,35,5,16,D:\Skripsi\Experiment\data\raw\RGB2\S35\AC5\RGB2_SUB35ACT5F16.jpg,1,0,0.4030601978302002
918,35,5,31,D:\Skripsi\Experiment\data\raw\RGB2\S35\AC5\RGB2_SUB35ACT5F31.jpg,1,0,0.38642555475234985
919,35,5,46,D:\Skripsi\Experiment\data\raw\RGB2\S35\AC5\RGB2_SUB35ACT5F46.jpg,1,0,0.4711145758628845
920,35,5,61,D:\Skripsi\Experiment\data\raw\RGB2\S35\AC5\RGB2_SUB35ACT5F61.jpg,1,0,0.35163164138793945
921,35,5,76,D:\Skripsi\Experiment\data\raw\RGB2\S35\AC5\RGB2_SUB35ACT5F76.jpg,1,0,0.43799108266830444
922,35,5,91,D:\Skripsi\Experiment\data\raw\RGB2\S35\AC5\RGB2_SUB35ACT5F91.jpg,1,0,0.3546062409877777
923,35,6,1,D:\Skripsi\Experiment\data\raw\RGB2\S35\AC6\RGB2_SUB35ACT6F1.jpg,1,1,0.7050744295120239
924,35,6,106,D:\Skripsi\Experiment\data\raw\RGB2\S35\AC6\RGB2_SUB35ACT6F106.jpg,1,1,0.6561506390571594
925,35,6,121,D:\Skripsi\Experiment\data\raw\RGB2\S35\AC6\RGB2_SUB35ACT6F121.jpg,1,1,0.7651782035827637
926,35,6,136,D:\Skripsi\Experiment\data\raw\RGB2\S35\AC6\RGB2_SUB35ACT6F136.jpg,1,1,0.6427584290504456
927,35,6,151,D:\Skripsi\Experiment\data\raw\RGB2\S35\AC6\RGB2_SUB35ACT6F151.jpg,1,1,0.6353883743286133
928,35,6,16,D:\Skripsi\Experiment\data\raw\RGB2\S35\AC6\RGB2_SUB35ACT6F16.jpg,1,1,0.6492151021957397
929,35,6,166,D:\Skripsi\Experiment\data\raw\RGB2\S35\AC6\RGB2_SUB35ACT6F166.jpg,1,1,0.8091310858726501
930,35,6,31,D:\Skripsi\Experiment\data\raw\RGB2\S35\AC6\RGB2_SUB35ACT6F31.jpg,1,1,0.714195191860199
931,35,6,46,D:\Skripsi\Experiment\data\raw\RGB2\S35\AC6\RGB2_SUB35ACT6F46.jpg,1,1,0.6612776517868042
932,35,6,61,D:\Skripsi\Experiment\data\raw\RGB2\S35\AC6\RGB2_SUB35ACT6F61.jpg,1,1,0.7605487108230591
933,35,6,76,D:\Skripsi\Experiment\data\raw\RGB2\S35\AC6\RGB2_SUB35ACT6F76.jpg,1,1,0.7354673743247986
934,35,6,91,D:\Skripsi\Experiment\data\raw\RGB2\S35\AC6\RGB2_SUB35ACT6F91.jpg,1,1,0.7093210220336914
935,35,7,1,D:\Skripsi\Experiment\data\raw\RGB2\S35\AC7\RGB2_SUB35ACT7F1.jpg,1,1,0.6034067869186401
936,35,7,106,D:\Skripsi\Experiment\data\raw\RGB2\S35\AC7\RGB2_SUB35ACT7F106.jpg,1,0,0.3556937277317047
937,35,7,121,D:\Skripsi\Experiment\data\raw\RGB2\S35\AC7\RGB2_SUB35ACT7F121.jpg,1,1,0.5785678029060364
938,35,7,136,D:\Skripsi\Experiment\data\raw\RGB2\S35\AC7\RGB2_SUB35ACT7F136.jpg,1,1,0.5405396223068237
939,35,7,151,D:\Skripsi\Experiment\data\raw\RGB2\S35\AC7\RGB2_SUB35ACT7F151.jpg,1,0,0.3739944100379944
940,35,7,16,D:\Skripsi\Experiment\data\raw\RGB2\S35\AC7\RGB2_SUB35ACT7F16.jpg,1,1,0.5870695114135742
941,35,7,166,D:\Skripsi\Experiment\data\raw\RGB2\S35\AC7\RGB2_SUB35ACT7F166.jpg,1,0,0.33517181873321533
942,35,7,181,D:\Skripsi\Experiment\data\raw\RGB2\S35\AC7\RGB2_SUB35ACT7F181.jpg,1,1,0.5060193538665771
943,35,7,31,D:\Skripsi\Experiment\data\raw\RGB2\S35\AC7\RGB2_SUB35ACT7F31.jpg,1,1,0.516640305519104
944,35,7,46,D:\Skripsi\Experiment\data\raw\RGB2\S35\AC7\RGB2_SUB35ACT7F46.jpg,1,1,0.5061497092247009
945,35,7,61,D:\Skripsi\Experiment\data\raw\RGB2\S35\AC7\RGB2_SUB35ACT7F61.jpg,1,1,0.5073671936988831
946,35,7,76,D:\Skripsi\Experiment\data\raw\RGB2\S35\AC7\RGB2_SUB35ACT7F76.jpg,1,0,0.40442946553230286
947,35,7,91,D:\Skripsi\Experiment\data\raw\RGB2\S35\AC7\RGB2_SUB35ACT7F91.jpg,1,0,0.419173926115036
948,35,8,1,D:\Skripsi\Experiment\data\raw\RGB2\S35\AC8\RGB2_SUB35ACT8F1.jpg,1,1,0.5798386335372925
949,35,8,106,D:\Skripsi\Experiment\data\raw\RGB2\S35\AC8\RGB2_SUB35ACT8F106.jpg,1,0,0.4499642550945282
950,35,8,16,D:\Skripsi\Experiment\data\raw\RGB2\S35\AC8\RGB2_SUB35ACT8F16.jpg,1,0,0.4876849055290222
951,35,8,31,D:\Skripsi\Experiment\data\raw\RGB2\S35\AC8\RGB2_SUB35ACT8F31.jpg,1,0,0.4949377179145813
952,35,8,46,D:\Skripsi\Experiment\data\raw\RGB2\S35\AC8\RGB2_SUB35ACT8F46.jpg,1,0,0.4930042028427124
953,35,8,61,D:\Skripsi\Experiment\data\raw\RGB2\S35\AC8\RGB2_SUB35ACT8F61.jpg,1,1,0.5173940658569336
954,35,8,76,D:\Skripsi\Experiment\data\raw\RGB2\S35\AC8\RGB2_SUB35ACT8F76.jpg,1,1,0.6125119924545288
955,35,8,91,D:\Skripsi\Experiment\data\raw\RGB2\S35\AC8\RGB2_SUB35ACT8F91.jpg,1,1,0.6642610430717468
956,35,9,1,D:\Skripsi\Experiment\data\raw\RGB2\S35\AC9\RGB2_SUB35ACT9F1.jpg,1,0,0.38719120621681213
957,35,9,106,D:\Skripsi\Experiment\data\raw\RGB2\S35\AC9\RGB2_SUB35ACT9F106.jpg,1,1,0.6729761958122253
958,35,9,121,D:\Skripsi\Experiment\data\raw\RGB2\S35\AC9\RGB2_SUB35ACT9F121.jpg,1,1,0.6679829955101013
959,35,9,16,D:\Skripsi\Experiment\data\raw\RGB2\S35\AC9\RGB2_SUB35ACT9F16.jpg,1,1,0.5877460837364197
960,35,9,31,D:\Skripsi\Experiment\data\raw\RGB2\S35\AC9\RGB2_SUB35ACT9F31.jpg,1,1,0.6894504427909851
961,35,9,46,D:\Skripsi\Experiment\data\raw\RGB2\S35\AC9\RGB2_SUB35ACT9F46.jpg,1,1,0.7766760587692261
962,35,9,61,D:\Skripsi\Experiment\data\raw\RGB2\S35\AC9\RGB2_SUB35ACT9F61.jpg,1,1,0.6320521235466003
963,35,9,76,D:\Skripsi\Experiment\data\raw\RGB2\S35\AC9\RGB2_SUB35ACT9F76.jpg,1,1,0.6748874187469482
964,35,9,91,D:\Skripsi\Experiment\data\raw\RGB2\S35\AC9\RGB2_SUB35ACT9F91.jpg,1,1,0.7242178320884705
965,36,1,1,D:\Skripsi\Experiment\data\raw\RGB2\S36\AC1\RGB2_SUB36ACT1F1.jpg,0,1,0.5179943442344666
966,36,1,106,D:\Skripsi\Experiment\data\raw\RGB2\S36\AC1\RGB2_SUB36ACT1F106.jpg,0,1,0.5743598937988281
967,36,1,121,D:\Skripsi\Experiment\data\raw\RGB2\S36\AC1\RGB2_SUB36ACT1F121.jpg,0,1,0.5247876644134521
968,36,1,16,D:\Skripsi\Experiment\data\raw\RGB2\S36\AC1\RGB2_SUB36ACT1F16.jpg,0,1,0.7150279879570007
969,36,1,31,D:\Skripsi\Experiment\data\raw\RGB2\S36\AC1\RGB2_SUB36ACT1F31.jpg,0,1,0.6221030354499817
970,36,1,46,D:\Skripsi\Experiment\data\raw\RGB2\S36\AC1\RGB2_SUB36ACT1F46.jpg,0,1,0.5378164649009705
971,36,1,61,D:\Skripsi\Experiment\data\raw\RGB2\S36\AC1\RGB2_SUB36ACT1F61.jpg,0,1,0.5023820400238037
972,36,1,76,D:\Skripsi\Experiment\data\raw\RGB2\S36\AC1\RGB2_SUB36ACT1F76.jpg,0,1,0.6446936130523682
973,36,1,91,D:\Skripsi\Experiment\data\raw\RGB2\S36\AC1\RGB2_SUB36ACT1F91.jpg,0,1,0.624235987663269
974,36,5,1,D:\Skripsi\Experiment\data\raw\RGB2\S36\AC5\RGB2_SUB36ACT5F1.jpg,1,1,0.7491940855979919
975,36,5,106,D:\Skripsi\Experiment\data\raw\RGB2\S36\AC5\RGB2_SUB36ACT5F106.jpg,1,1,0.597588062286377
976,36,5,121,D:\Skripsi\Experiment\data\raw\RGB2\S36\AC5\RGB2_SUB36ACT5F121.jpg,1,1,0.5592188835144043
977,36,5,136,D:\Skripsi\Experiment\data\raw\RGB2\S36\AC5\RGB2_SUB36ACT5F136.jpg,1,1,0.5942520499229431
978,36,5,16,D:\Skripsi\Experiment\data\raw\RGB2\S36\AC5\RGB2_SUB36ACT5F16.jpg,1,1,0.6260303854942322
979,36,5,31,D:\Skripsi\Experiment\data\raw\RGB2\S36\AC5\RGB2_SUB36ACT5F31.jpg,1,1,0.5800921320915222
980,36,5,46,D:\Skripsi\Experiment\data\raw\RGB2\S36\AC5\RGB2_SUB36ACT5F46.jpg,1,1,0.7416949272155762
981,36,5,61,D:\Skripsi\Experiment\data\raw\RGB2\S36\AC5\RGB2_SUB36ACT5F61.jpg,1,1,0.6807903051376343
982,36,5,76,D:\Skripsi\Experiment\data\raw\RGB2\S36\AC5\RGB2_SUB36ACT5F76.jpg,1,1,0.7000427842140198
983,36,5,91,D:\Skripsi\Experiment\data\raw\RGB2\S36\AC5\RGB2_SUB36ACT5F91.jpg,1,1,0.5721674561500549
984,36,6,1,D:\Skripsi\Experiment\data\raw\RGB2\S36\AC6\RGB2_SUB36ACT6F1.jpg,1,1,0.5627394318580627
985,36,6,16,D:\Skripsi\Experiment\data\raw\RGB2\S36\AC6\RGB2_SUB36ACT6F16.jpg,1,1,0.6579232215881348
986,36,6,31,D:\Skripsi\Experiment\data\raw\RGB2\S36\AC6\RGB2_SUB36ACT6F31.jpg,1,1,0.554415762424469
987,36,6,46,D:\Skripsi\Experiment\data\raw\RGB2\S36\AC6\RGB2_SUB36ACT6F46.jpg,1,1,0.5810064077377319
988,36,6,61,D:\Skripsi\Experiment\data\raw\RGB2\S36\AC6\RGB2_SUB36ACT6F61.jpg,1,1,0.6646499633789062
989,36,6,76,D:\Skripsi\Experiment\data\raw\RGB2\S36\AC6\RGB2_SUB36ACT6F76.jpg,1,1,0.5725239515304565
990,36,6,91,D:\Skripsi\Experiment\data\raw\RGB2\S36\AC6\RGB2_SUB36ACT6F91.jpg,1,0,0.4307232201099396
991,36,7,1,D:\Skripsi\Experiment\data\raw\RGB2\S36\AC7\RGB2_SUB36ACT7F1.jpg,1,1,0.6631239652633667
992,36,7,106,D:\Skripsi\Experiment\data\raw\RGB2\S36\AC7\RGB2_SUB36ACT7F106.jpg,1,1,0.6120741963386536
993,36,7,121,D:\Skripsi\Experiment\data\raw\RGB2\S36\AC7\RGB2_SUB36ACT7F121.jpg,1,1,0.6202678680419922
994,36,7,16,D:\Skripsi\Experiment\data\raw\RGB2\S36\AC7\RGB2_SUB36ACT7F16.jpg,1,1,0.6419519186019897
995,36,7,31,D:\Skripsi\Experiment\data\raw\RGB2\S36\AC7\RGB2_SUB36ACT7F31.jpg,1,1,0.6538148522377014
996,36,7,46,D:\Skripsi\Experiment\data\raw\RGB2\S36\AC7\RGB2_SUB36ACT7F46.jpg,1,1,0.6130396723747253
997,36,7,61,D:\Skripsi\Experiment\data\raw\RGB2\S36\AC7\RGB2_SUB36ACT7F61.jpg,1,0,0.47803995013237
998,36,7,76,D:\Skripsi\Experiment\data\raw\RGB2\S36\AC7\RGB2_SUB36ACT7F76.jpg,1,1,0.666792631149292
999,36,7,91,D:\Skripsi\Experiment\data\raw\RGB2\S36\AC7\RGB2_SUB36ACT7F91.jpg,1,0,0.4362597167491913
1000,36,8,1,D:\Skripsi\Experiment\data\raw\RGB2\S36\AC8\RGB2_SUB36ACT8F1.jpg,1,1,0.5853326916694641
1001,36,8,106,D:\Skripsi\Experiment\data\raw\RGB2\S36\AC8\RGB2_SUB36ACT8F106.jpg,1,1,0.6004602909088135
1002,36,8,121,D:\Skripsi\Experiment\data\raw\RGB2\S36\AC8\RGB2_SUB36ACT8F121.jpg,1,1,0.5989686846733093
1003,36,8,136,D:\Skripsi\Experiment\data\raw\RGB2\S36\AC8\RGB2_SUB36ACT8F136.jpg,1,0,0.46202051639556885
1004,36,8,16,D:\Skripsi\Experiment\data\raw\RGB2\S36\AC8\RGB2_SUB36ACT8F16.jpg,1,1,0.5615997910499573
1005,36,8,31,D:\Skripsi\Experiment\data\raw\RGB2\S36\AC8\RGB2_SUB36ACT8F31.jpg,1,0,0.4856449365615845
1006,36,8,46,D:\Skripsi\Experiment\data\raw\RGB2\S36\AC8\RGB2_SUB36ACT8F46.jpg,1,1,0.5185456871986389
1007,36,8,61,D:\Skripsi\Experiment\data\raw\RGB2\S36\AC8\RGB2_SUB36ACT8F61.jpg,1,0,0.42768508195877075
1008,36,8,76,D:\Skripsi\Experiment\data\raw\RGB2\S36\AC8\RGB2_SUB36ACT8F76.jpg,1,0,0.3995230793952942
1009,36,8,91,D:\Skripsi\Experiment\data\raw\RGB2\S36\AC8\RGB2_SUB36ACT8F91.jpg,1,0,0.4909590184688568
1010,36,9,1,D:\Skripsi\Experiment\data\raw\RGB2\S36\AC9\RGB2_SUB36ACT9F1.jpg,1,1,0.6531590819358826
1011,36,9,106,D:\Skripsi\Experiment\data\raw\RGB2\S36\AC9\RGB2_SUB36ACT9F106.jpg,1,1,0.5628045201301575
1012,36,9,121,D:\Skripsi\Experiment\data\raw\RGB2\S36\AC9\RGB2_SUB36ACT9F121.jpg,1,1,0.6140678524971008
1013,36,9,136,D:\Skripsi\Experiment\data\raw\RGB2\S36\AC9\RGB2_SUB36ACT9F136.jpg,1,1,0.5237203240394592
1014,36,9,151,D:\Skripsi\Experiment\data\raw\RGB2\S36\AC9\RGB2_SUB36ACT9F151.jpg,1,1,0.639851987361908
1015,36,9,16,D:\Skripsi\Experiment\data\raw\RGB2\S36\AC9\RGB2_SUB36ACT9F16.jpg,1,1,0.6464435458183289
1016,36,9,31,D:\Skripsi\Experiment\data\raw\RGB2\S36\AC9\RGB2_SUB36ACT9F31.jpg,1,1,0.5737069249153137
1017,36,9,46,D:\Skripsi\Experiment\data\raw\RGB2\S36\AC9\RGB2_SUB36ACT9F46.jpg,1,1,0.6176469326019287
1018,36,9,61,D:\Skripsi\Experiment\data\raw\RGB2\S36\AC9\RGB2_SUB36ACT9F61.jpg,1,1,0.5658557415008545
1019,36,9,76,D:\Skripsi\Experiment\data\raw\RGB2\S36\AC9\RGB2_SUB36ACT9F76.jpg,1,1,0.6145867109298706
1020,36,9,91,D:\Skripsi\Experiment\data\raw\RGB2\S36\AC9\RGB2_SUB36ACT9F91.jpg,1,1,0.6568211317062378
1021,37,1,1,D:\Skripsi\Experiment\data\raw\RGB2\S37\AC1\RGB2_SUB37ACT1F1.jpg,0,0,0.3958616852760315
1022,37,1,106,D:\Skripsi\Experiment\data\raw\RGB2\S37\AC1\RGB2_SUB37ACT1F106.jpg,0,0,0.30143991112709045
1023,37,1,121,D:\Skripsi\Experiment\data\raw\RGB2\S37\AC1\RGB2_SUB37ACT1F121.jpg,0,0,0.37919124960899353
1024,37,1,136,D:\Skripsi\Experiment\data\raw\RGB2\S37\AC1\RGB2_SUB37ACT1F136.jpg,0,0,0.29197749495506287
1025,37,1,16,D:\Skripsi\Experiment\data\raw\RGB2\S37\AC1\RGB2_SUB37ACT1F16.jpg,0,0,0.3643684983253479
1026,37,1,31,D:\Skripsi\Experiment\data\raw\RGB2\S37\AC1\RGB2_SUB37ACT1F31.jpg,0,0,0.3616645336151123
1027,37,1,46,D:\Skripsi\Experiment\data\raw\RGB2\S37\AC1\RGB2_SUB37ACT1F46.jpg,0,0,0.3946356475353241
1028,37,1,61,D:\Skripsi\Experiment\data\raw\RGB2\S37\AC1\RGB2_SUB37ACT1F61.jpg,0,0,0.3477902114391327
1029,37,1,76,D:\Skripsi\Experiment\data\raw\RGB2\S37\AC1\RGB2_SUB37ACT1F76.jpg,0,0,0.35079365968704224
1030,37,1,91,D:\Skripsi\Experiment\data\raw\RGB2\S37\AC1\RGB2_SUB37ACT1F91.jpg,0,0,0.38505616784095764
1031,37,5,1,D:\Skripsi\Experiment\data\raw\RGB2\S37\AC5\RGB2_SUB37ACT5F1.jpg,1,1,0.7380005717277527
1032,37,5,106,D:\Skripsi\Experiment\data\raw\RGB2\S37\AC5\RGB2_SUB37ACT5F106.jpg,1,0,0.402127206325531
1033,37,5,121,D:\Skripsi\Experiment\data\raw\RGB2\S37\AC5\RGB2_SUB37ACT5F121.jpg,1,0,0.38011106848716736
1034,37,5,16,D:\Skripsi\Experiment\data\raw\RGB2\S37\AC5\RGB2_SUB37ACT5F16.jpg,1,1,0.6527189612388611
1035,37,5,31,D:\Skripsi\Experiment\data\raw\RGB2\S37\AC5\RGB2_SUB37ACT5F31.jpg,1,1,0.5590818524360657
1036,37,5,46,D:\Skripsi\Experiment\data\raw\RGB2\S37\AC5\RGB2_SUB37ACT5F46.jpg,1,0,0.4130606949329376
1037,37,5,61,D:\Skripsi\Experiment\data\raw\RGB2\S37\AC5\RGB2_SUB37ACT5F61.jpg,1,0,0.3300553858280182
1038,37,5,76,D:\Skripsi\Experiment\data\raw\RGB2\S37\AC5\RGB2_SUB37ACT5F76.jpg,1,0,0.4676935076713562
1039,37,5,91,D:\Skripsi\Experiment\data\raw\RGB2\S37\AC5\RGB2_SUB37ACT5F91.jpg,1,0,0.4604440927505493
1040,37,6,1,D:\Skripsi\Experiment\data\raw\RGB2\S37\AC6\RGB2_SUB37ACT6F1.jpg,1,0,0.46786585450172424
1041,37,6,106,D:\Skripsi\Experiment\data\raw\RGB2\S37\AC6\RGB2_SUB37ACT6F106.jpg,1,0,0.49142828583717346
1042,37,6,121,D:\Skripsi\Experiment\data\raw\RGB2\S37\AC6\RGB2_SUB37ACT6F121.jpg,1,0,0.4650091826915741
1043,37,6,136,D:\Skripsi\Experiment\data\raw\RGB2\S37\AC6\RGB2_SUB37ACT6F136.jpg,1,1,0.5029966235160828
1044,37,6,16,D:\Skripsi\Experiment\data\raw\RGB2\S37\AC6\RGB2_SUB37ACT6F16.jpg,1,0,0.41750040650367737
1045,37,6,31,D:\Skripsi\Experiment\data\raw\RGB2\S37\AC6\RGB2_SUB37ACT6F31.jpg,1,0,0.32292452454566956
1046,37,6,46,D:\Skripsi\Experiment\data\raw\RGB2\S37\AC6\RGB2_SUB37ACT6F46.jpg,1,1,0.6140674948692322
1047,37,6,61,D:\Skripsi\Experiment\data\raw\RGB2\S37\AC6\RGB2_SUB37ACT6F61.jpg,1,0,0.4488910734653473
1048,37,6,76,D:\Skripsi\Experiment\data\raw\RGB2\S37\AC6\RGB2_SUB37ACT6F76.jpg,1,1,0.6312740445137024
1049,37,6,91,D:\Skripsi\Experiment\data\raw\RGB2\S37\AC6\RGB2_SUB37ACT6F91.jpg,1,1,0.6057259440422058
1050,37,7,1,D:\Skripsi\Experiment\data\raw\RGB2\S37\AC7\RGB2_SUB37ACT7F1.jpg,1,1,0.6283188462257385
1051,37,7,106,D:\Skripsi\Experiment\data\raw\RGB2\S37\AC7\RGB2_SUB37ACT7F106.jpg,1,1,0.5972449779510498
1052,37,7,121,D:\Skripsi\Experiment\data\raw\RGB2\S37\AC7\RGB2_SUB37ACT7F121.jpg,1,1,0.6074555516242981
1053,37,7,136,D:\Skripsi\Experiment\data\raw\RGB2\S37\AC7\RGB2_SUB37ACT7F136.jpg,1,1,0.5601553320884705
1054,37,7,151,D:\Skripsi\Experiment\data\raw\RGB2\S37\AC7\RGB2_SUB37ACT7F151.jpg,1,1,0.6065606474876404
1055,37,7,16,D:\Skripsi\Experiment\data\raw\RGB2\S37\AC7\RGB2_SUB37ACT7F16.jpg,1,1,0.5921860337257385
1056,37,7,166,D:\Skripsi\Experiment\data\raw\RGB2\S37\AC7\RGB2_SUB37ACT7F166.jpg,1,1,0.6083168983459473
1057,37,7,31,D:\Skripsi\Experiment\data\raw\RGB2\S37\AC7\RGB2_SUB37ACT7F31.jpg,1,0,0.4997473657131195
1058,37,7,46,D:\Skripsi\Experiment\data\raw\RGB2\S37\AC7\RGB2_SUB37ACT7F46.jpg,1,0,0.42584100365638733
1059,37,7,61,D:\Skripsi\Experiment\data\raw\RGB2\S37\AC7\RGB2_SUB37ACT7F61.jpg,1,1,0.559755802154541
1060,37,7,76,D:\Skripsi\Experiment\data\raw\RGB2\S37\AC7\RGB2_SUB37ACT7F76.jpg,1,1,0.5852400660514832
1061,37,7,91,D:\Skripsi\Experiment\data\raw\RGB2\S37\AC7\RGB2_SUB37ACT7F91.jpg,1,1,0.7197098731994629
1062,37,8,1,D:\Skripsi\Experiment\data\raw\RGB2\S37\AC8\RGB2_SUB37ACT8F1.jpg,1,1,0.5870137810707092
1063,37,8,106,D:\Skripsi\Experiment\data\raw\RGB2\S37\AC8\RGB2_SUB37ACT8F106.jpg,1,1,0.7201403975486755
1064,37,8,121,D:\Skripsi\Experiment\data\raw\RGB2\S37\AC8\RGB2_SUB37ACT8F121.jpg,1,1,0.6691983938217163
1065,37,8,136,D:\Skripsi\Experiment\data\raw\RGB2\S37\AC8\RGB2_SUB37ACT8F136.jpg,1,1,0.702155351638794
1066,37,8,151,D:\Skripsi\Experiment\data\raw\RGB2\S37\AC8\RGB2_SUB37ACT8F151.jpg,1,1,0.5897847414016724
1067,37,8,16,D:\Skripsi\Experiment\data\raw\RGB2\S37\AC8\RGB2_SUB37ACT8F16.jpg,1,1,0.6386557817459106
1068,37,8,166,D:\Skripsi\Experiment\data\raw\RGB2\S37\AC8\RGB2_SUB37ACT8F166.jpg,1,0,0.4898005425930023
1069,37,8,31,D:\Skripsi\Experiment\data\raw\RGB2\S37\AC8\RGB2_SUB37ACT8F31.jpg,1,1,0.6072146892547607
1070,37,8,46,D:\Skripsi\Experiment\data\raw\RGB2\S37\AC8\RGB2_SUB37ACT8F46.jpg,1,1,0.6656044721603394
1071,37,8,61,D:\Skripsi\Experiment\data\raw\RGB2\S37\AC8\RGB2_SUB37ACT8F61.jpg,1,1,0.6215585470199585
1072,37,8,76,D:\Skripsi\Experiment\data\raw\RGB2\S37\AC8\RGB2_SUB37ACT8F76.jpg,1,0,0.4552467465400696
1073,37,8,91,D:\Skripsi\Experiment\data\raw\RGB2\S37\AC8\RGB2_SUB37ACT8F91.jpg,1,1,0.6051478385925293
1074,37,9,1,D:\Skripsi\Experiment\data\raw\RGB2\S37\AC9\RGB2_SUB37ACT9F1.jpg,1,1,0.6988666653633118
1075,37,9,106,D:\Skripsi\Experiment\data\raw\RGB2\S37\AC9\RGB2_SUB37ACT9F106.jpg,1,1,0.5817312598228455
1076,37,9,121,D:\Skripsi\Experiment\data\raw\RGB2\S37\AC9\RGB2_SUB37ACT9F121.jpg,1,1,0.6061671376228333
1077,37,9,136,D:\Skripsi\Experiment\data\raw\RGB2\S37\AC9\RGB2_SUB37ACT9F136.jpg,1,1,0.7418721914291382
1078,37,9,151,D:\Skripsi\Experiment\data\raw\RGB2\S37\AC9\RGB2_SUB37ACT9F151.jpg,1,0,0.49133560061454773
1079,37,9,16,D:\Skripsi\Experiment\data\raw\RGB2\S37\AC9\RGB2_SUB37ACT9F16.jpg,1,1,0.640059232711792
1080,37,9,166,D:\Skripsi\Experiment\data\raw\RGB2\S37\AC9\RGB2_SUB37ACT9F166.jpg,1,1,0.6614581346511841
1081,37,9,31,D:\Skripsi\Experiment\data\raw\RGB2\S37\AC9\RGB2_SUB37ACT9F31.jpg,1,1,0.5597997903823853
1082,37,9,46,D:\Skripsi\Experiment\data\raw\RGB2\S37\AC9\RGB2_SUB37ACT9F46.jpg,1,1,0.5462511777877808
1083,37,9,61,D:\Skripsi\Experiment\data\raw\RGB2\S37\AC9\RGB2_SUB37ACT9F61.jpg,1,1,0.6973395347595215
1084,37,9,76,D:\Skripsi\Experiment\data\raw\RGB2\S37\AC9\RGB2_SUB37ACT9F76.jpg,1,1,0.6533384323120117
1085,37,9,91,D:\Skripsi\Experiment\data\raw\RGB2\S37\AC9\RGB2_SUB37ACT9F91.jpg,1,1,0.6518059372901917
1086,38,1,1,D:\Skripsi\Experiment\data\raw\RGB2\S38\AC1\RGB2_SUB38ACT1F1.jpg,0,0,0.4917510449886322
1087,38,1,106,D:\Skripsi\Experiment\data\raw\RGB2\S38\AC1\RGB2_SUB38ACT1F106.jpg,0,0,0.42905470728874207
1088,38,1,121,D:\Skripsi\Experiment\data\raw\RGB2\S38\AC1\RGB2_SUB38ACT1F121.jpg,0,0,0.32973402738571167
1089,38,1,16,D:\Skripsi\Experiment\data\raw\RGB2\S38\AC1\RGB2_SUB38ACT1F16.jpg,0,0,0.39716818928718567
1090,38,1,31,D:\Skripsi\Experiment\data\raw\RGB2\S38\AC1\RGB2_SUB38ACT1F31.jpg,0,0,0.4874425232410431
1091,38,1,46,D:\Skripsi\Experiment\data\raw\RGB2\S38\AC1\RGB2_SUB38ACT1F46.jpg,0,0,0.44408878684043884
1092,38,1,61,D:\Skripsi\Experiment\data\raw\RGB2\S38\AC1\RGB2_SUB38ACT1F61.jpg,0,0,0.49072739481925964
1093,38,1,76,D:\Skripsi\Experiment\data\raw\RGB2\S38\AC1\RGB2_SUB38ACT1F76.jpg,0,1,0.5304341912269592
1094,38,1,91,D:\Skripsi\Experiment\data\raw\RGB2\S38\AC1\RGB2_SUB38ACT1F91.jpg,0,1,0.6032130122184753
1095,38,5,1,D:\Skripsi\Experiment\data\raw\RGB2\S38\AC5\RGB2_SUB38ACT5F1.jpg,1,0,0.37543752789497375
1096,38,5,106,D:\Skripsi\Experiment\data\raw\RGB2\S38\AC5\RGB2_SUB38ACT5F106.jpg,1,1,0.5202978253364563
1097,38,5,16,D:\Skripsi\Experiment\data\raw\RGB2\S38\AC5\RGB2_SUB38ACT5F16.jpg,1,0,0.40219733119010925
1098,38,5,31,D:\Skripsi\Experiment\data\raw\RGB2\S38\AC5\RGB2_SUB38ACT5F31.jpg,1,0,0.38915160298347473
1099,38,5,46,D:\Skripsi\Experiment\data\raw\RGB2\S38\AC5\RGB2_SUB38ACT5F46.jpg,1,0,0.33025771379470825
1100,38,5,61,D:\Skripsi\Experiment\data\raw\RGB2\S38\AC5\RGB2_SUB38ACT5F61.jpg,1,0,0.4075244665145874
1101,38,5,76,D:\Skripsi\Experiment\data\raw\RGB2\S38\AC5\RGB2_SUB38ACT5F76.jpg,1,1,0.5999813675880432
1102,38,5,91,D:\Skripsi\Experiment\data\raw\RGB2\S38\AC5\RGB2_SUB38ACT5F91.jpg,1,1,0.5562458038330078
1103,38,6,1,D:\Skripsi\Experiment\data\raw\RGB2\S38\AC6\RGB2_SUB38ACT6F1.jpg,1,1,0.7857559323310852
1104,38,6,106,D:\Skripsi\Experiment\data\raw\RGB2\S38\AC6\RGB2_SUB38ACT6F106.jpg,1,1,0.6535359025001526
1105,38,6,16,D:\Skripsi\Experiment\data\raw\RGB2\S38\AC6\RGB2_SUB38ACT6F16.jpg,1,1,0.711184561252594
1106,38,6,31,D:\Skripsi\Experiment\data\raw\RGB2\S38\AC6\RGB2_SUB38ACT6F31.jpg,1,1,0.5833391547203064
1107,38,6,46,D:\Skripsi\Experiment\data\raw\RGB2\S38\AC6\RGB2_SUB38ACT6F46.jpg,1,1,0.6762850880622864
1108,38,6,61,D:\Skripsi\Experiment\data\raw\RGB2\S38\AC6\RGB2_SUB38ACT6F61.jpg,1,1,0.7927411794662476
1109,38,6,76,D:\Skripsi\Experiment\data\raw\RGB2\S38\AC6\RGB2_SUB38ACT6F76.jpg,1,1,0.659139096736908
1110,38,6,91,D:\Skripsi\Experiment\data\raw\RGB2\S38\AC6\RGB2_SUB38ACT6F91.jpg,1,1,0.6450173258781433
1111,38,7,1,D:\Skripsi\Experiment\data\raw\RGB2\S38\AC7\RGB2_SUB38ACT7F1.jpg,1,1,0.7238215804100037
1112,38,7,106,D:\Skripsi\Experiment\data\raw\RGB2\S38\AC7\RGB2_SUB38ACT7F106.jpg,1,1,0.6782792806625366
1113,38,7,121,D:\Skripsi\Experiment\data\raw\RGB2\S38\AC7\RGB2_SUB38ACT7F121.jpg,1,1,0.6148640513420105
1114,38,7,16,D:\Skripsi\Experiment\data\raw\RGB2\S38\AC7\RGB2_SUB38ACT7F16.jpg,1,1,0.616916298866272
1115,38,7,31,D:\Skripsi\Experiment\data\raw\RGB2\S38\AC7\RGB2_SUB38ACT7F31.jpg,1,1,0.7455654144287109
1116,38,7,46,D:\Skripsi\Experiment\data\raw\RGB2\S38\AC7\RGB2_SUB38ACT7F46.jpg,1,1,0.7924918532371521
1117,38,7,61,D:\Skripsi\Experiment\data\raw\RGB2\S38\AC7\RGB2_SUB38ACT7F61.jpg,1,1,0.709432065486908
1118,38,7,76,D:\Skripsi\Experiment\data\raw\RGB2\S38\AC7\RGB2_SUB38ACT7F76.jpg,1,1,0.5647629499435425
1119,38,7,91,D:\Skripsi\Experiment\data\raw\RGB2\S38\AC7\RGB2_SUB38ACT7F91.jpg,1,1,0.5984995365142822
1120,38,8,1,D:\Skripsi\Experiment\data\raw\RGB2\S38\AC8\RGB2_SUB38ACT8F1.jpg,1,1,0.52633136510849
1121,38,8,106,D:\Skripsi\Experiment\data\raw\RGB2\S38\AC8\RGB2_SUB38ACT8F106.jpg,1,1,0.5868046879768372
1122,38,8,121,D:\Skripsi\Experiment\data\raw\RGB2\S38\AC8\RGB2_SUB38ACT8F121.jpg,1,1,0.534555971622467
1123,38,8,16,D:\Skripsi\Experiment\data\raw\RGB2\S38\AC8\RGB2_SUB38ACT8F16.jpg,1,0,0.4404795169830322
1124,38,8,31,D:\Skripsi\Experiment\data\raw\RGB2\S38\AC8\RGB2_SUB38ACT8F31.jpg,1,0,0.4567587673664093
1125,38,8,46,D:\Skripsi\Experiment\data\raw\RGB2\S38\AC8\RGB2_SUB38ACT8F46.jpg,1,1,0.5715955495834351
1126,38,8,61,D:\Skripsi\Experiment\data\raw\RGB2\S38\AC8\RGB2_SUB38ACT8F61.jpg,1,1,0.542952835559845
1127,38,8,76,D:\Skripsi\Experiment\data\raw\RGB2\S38\AC8\RGB2_SUB38ACT8F76.jpg,1,0,0.4750728905200958
1128,38,8,91,D:\Skripsi\Experiment\data\raw\RGB2\S38\AC8\RGB2_SUB38ACT8F91.jpg,1,1,0.5784499645233154
1129,38,9,1,D:\Skripsi\Experiment\data\raw\RGB2\S38\AC9\RGB2_SUB38ACT9F1.jpg,1,1,0.5198436975479126
1130,38,9,106,D:\Skripsi\Experiment\data\raw\RGB2\S38\AC9\RGB2_SUB38ACT9F106.jpg,1,0,0.4656570255756378
1131,38,9,121,D:\Skripsi\Experiment\data\raw\RGB2\S38\AC9\RGB2_SUB38ACT9F121.jpg,1,0,0.3453705906867981
1132,38,9,16,D:\Skripsi\Experiment\data\raw\RGB2\S38\AC9\RGB2_SUB38ACT9F16.jpg,1,1,0.5579962730407715
1133,38,9,31,D:\Skripsi\Experiment\data\raw\RGB2\S38\AC9\RGB2_SUB38ACT9F31.jpg,1,1,0.5622164607048035
1134,38,9,46,D:\Skripsi\Experiment\data\raw\RGB2\S38\AC9\RGB2_SUB38ACT9F46.jpg,1,0,0.47813674807548523
1135,38,9,61,D:\Skripsi\Experiment\data\raw\RGB2\S38\AC9\RGB2_SUB38ACT9F61.jpg,1,0,0.4813375174999237
1136,38,9,76,D:\Skripsi\Experiment\data\raw\RGB2\S38\AC9\RGB2_SUB38ACT9F76.jpg,1,0,0.46088454127311707
1137,38,9,91,D:\Skripsi\Experiment\data\raw\RGB2\S38\AC9\RGB2_SUB38ACT9F91.jpg,1,0,0.4472668766975403
1138,39,1,1,D:\Skripsi\Experiment\data\raw\RGB2\S39\AC1\RGB2_SUB39ACT1F1.jpg,0,0,0.49795740842819214
1139,39,1,16,D:\Skripsi\Experiment\data\raw\RGB2\S39\AC1\RGB2_SUB39ACT1F16.jpg,0,1,0.5135095715522766
1140,39,1,31,D:\Skripsi\Experiment\data\raw\RGB2\S39\AC1\RGB2_SUB39ACT1F31.jpg,0,0,0.47193336486816406
1141,39,1,46,D:\Skripsi\Experiment\data\raw\RGB2\S39\AC1\RGB2_SUB39ACT1F46.jpg,0,0,0.4346674084663391
1142,39,1,61,D:\Skripsi\Experiment\data\raw\RGB2\S39\AC1\RGB2_SUB39ACT1F61.jpg,0,0,0.41202789545059204
1143,39,1,76,D:\Skripsi\Experiment\data\raw\RGB2\S39\AC1\RGB2_SUB39ACT1F76.jpg,0,0,0.47282594442367554
1144,39,1,91,D:\Skripsi\Experiment\data\raw\RGB2\S39\AC1\RGB2_SUB39ACT1F91.jpg,0,0,0.49885228276252747
1145,39,5,1,D:\Skripsi\Experiment\data\raw\RGB2\S39\AC5\RGB2_SUB39ACT5F1.jpg,1,1,0.6339898109436035
1146,39,5,16,D:\Skripsi\Experiment\data\raw\RGB2\S39\AC5\RGB2_SUB39ACT5F16.jpg,1,1,0.5717542767524719
1147,39,5,31,D:\Skripsi\Experiment\data\raw\RGB2\S39\AC5\RGB2_SUB39ACT5F31.jpg,1,1,0.5415025949478149
1148,39,5,46,D:\Skripsi\Experiment\data\raw\RGB2\S39\AC5\RGB2_SUB39ACT5F46.jpg,1,1,0.5778630375862122
1149,39,5,61,D:\Skripsi\Experiment\data\raw\RGB2\S39\AC5\RGB2_SUB39ACT5F61.jpg,1,1,0.7037521004676819
1150,39,5,76,D:\Skripsi\Experiment\data\raw\RGB2\S39\AC5\RGB2_SUB39ACT5F76.jpg,1,1,0.6451265215873718
1151,39,5,91,D:\Skripsi\Experiment\data\raw\RGB2\S39\AC5\RGB2_SUB39ACT5F91.jpg,1,1,0.6415493488311768
1152,39,6,1,D:\Skripsi\Experiment\data\raw\RGB2\S39\AC6\RGB2_SUB39ACT6F1.jpg,1,1,0.6628807783126831
1153,39,6,106,D:\Skripsi\Experiment\data\raw\RGB2\S39\AC6\RGB2_SUB39ACT6F106.jpg,1,1,0.652379035949707
1154,39,6,16,D:\Skripsi\Experiment\data\raw\RGB2\S39\AC6\RGB2_SUB39ACT6F16.jpg,1,1,0.7520372867584229
1155,39,6,31,D:\Skripsi\Experiment\data\raw\RGB2\S39\AC6\RGB2_SUB39ACT6F31.jpg,1,1,0.7197147011756897
1156,39,6,46,D:\Skripsi\Experiment\data\raw\RGB2\S39\AC6\RGB2_SUB39ACT6F46.jpg,1,1,0.7515946626663208
1157,39,6,61,D:\Skripsi\Experiment\data\raw\RGB2\S39\AC6\RGB2_SUB39ACT6F61.jpg,1,1,0.7051939368247986
1158,39,6,76,D:\Skripsi\Experiment\data\raw\RGB2\S39\AC6\RGB2_SUB39ACT6F76.jpg,1,1,0.5866016149520874
1159,39,6,91,D:\Skripsi\Experiment\data\raw\RGB2\S39\AC6\RGB2_SUB39ACT6F91.jpg,1,1,0.7047179341316223
1160,39,7,1,D:\Skripsi\Experiment\data\raw\RGB2\S39\AC7\RGB2_SUB39ACT7F1.jpg,1,1,0.8466549515724182
1161,39,7,16,D:\Skripsi\Experiment\data\raw\RGB2\S39\AC7\RGB2_SUB39ACT7F16.jpg,1,1,0.6974853873252869
1162,39,7,31,D:\Skripsi\Experiment\data\raw\RGB2\S39\AC7\RGB2_SUB39ACT7F31.jpg,1,0,0.4489940404891968
1163,39,7,46,D:\Skripsi\Experiment\data\raw\RGB2\S39\AC7\RGB2_SUB39ACT7F46.jpg,1,1,0.6086660027503967
1164,39,7,61,D:\Skripsi\Experiment\data\raw\RGB2\S39\AC7\RGB2_SUB39ACT7F61.jpg,1,1,0.6013285517692566
1165,39,7,76,D:\Skripsi\Experiment\data\raw\RGB2\S39\AC7\RGB2_SUB39ACT7F76.jpg,1,1,0.730832576751709
1166,39,7,91,D:\Skripsi\Experiment\data\raw\RGB2\S39\AC7\RGB2_SUB39ACT7F91.jpg,1,1,0.7487715482711792
1167,39,8,1,D:\Skripsi\Experiment\data\raw\RGB2\S39\AC8\RGB2_SUB39ACT8F1.jpg,1,0,0.40497899055480957
1168,39,8,106,D:\Skripsi\Experiment\data\raw\RGB2\S39\AC8\RGB2_SUB39ACT8F106.jpg,1,0,0.3668307960033417
1169,39,8,121,D:\Skripsi\Experiment\data\raw\RGB2\S39\AC8\RGB2_SUB39ACT8F121.jpg,1,0,0.3319402039051056
1170,39,8,136,D:\Skripsi\Experiment\data\raw\RGB2\S39\AC8\RGB2_SUB39ACT8F136.jpg,1,1,0.5375927090644836
1171,39,8,16,D:\Skripsi\Experiment\data\raw\RGB2\S39\AC8\RGB2_SUB39ACT8F16.jpg,1,1,0.5478503108024597
1172,39,8,31,D:\Skripsi\Experiment\data\raw\RGB2\S39\AC8\RGB2_SUB39ACT8F31.jpg,1,1,0.5278518199920654
1173,39,8,46,D:\Skripsi\Experiment\data\raw\RGB2\S39\AC8\RGB2_SUB39ACT8F46.jpg,1,0,0.411913126707077
1174,39,8,61,D:\Skripsi\Experiment\data\raw\RGB2\S39\AC8\RGB2_SUB39ACT8F61.jpg,1,1,0.5045596361160278
1175,39,8,76,D:\Skripsi\Experiment\data\raw\RGB2\S39\AC8\RGB2_SUB39ACT8F76.jpg,1,0,0.4786211848258972
1176,39,8,91,D:\Skripsi\Experiment\data\raw\RGB2\S39\AC8\RGB2_SUB39ACT8F91.jpg,1,1,0.6905089616775513
1177,39,9,1,D:\Skripsi\Experiment\data\raw\RGB2\S39\AC9\RGB2_SUB39ACT9F1.jpg,1,1,0.5792216062545776
1178,39,9,106,D:\Skripsi\Experiment\data\raw\RGB2\S39\AC9\RGB2_SUB39ACT9F106.jpg,1,1,0.602878212928772
1179,39,9,121,D:\Skripsi\Experiment\data\raw\RGB2\S39\AC9\RGB2_SUB39ACT9F121.jpg,1,0,0.4281279146671295
1180,39,9,16,D:\Skripsi\Experiment\data\raw\RGB2\S39\AC9\RGB2_SUB39ACT9F16.jpg,1,1,0.5167340040206909
1181,39,9,31,D:\Skripsi\Experiment\data\raw\RGB2\S39\AC9\RGB2_SUB39ACT9F31.jpg,1,1,0.5666497945785522
1182,39,9,46,D:\Skripsi\Experiment\data\raw\RGB2\S39\AC9\RGB2_SUB39ACT9F46.jpg,1,1,0.6250262260437012
1183,39,9,61,D:\Skripsi\Experiment\data\raw\RGB2\S39\AC9\RGB2_SUB39ACT9F61.jpg,1,1,0.6588716506958008
1184,39,9,76,D:\Skripsi\Experiment\data\raw\RGB2\S39\AC9\RGB2_SUB39ACT9F76.jpg,1,1,0.6198252439498901
1185,39,9,91,D:\Skripsi\Experiment\data\raw\RGB2\S39\AC9\RGB2_SUB39ACT9F91.jpg,1,1,0.6297369599342346
1186,40,1,1,D:\Skripsi\Experiment\data\raw\RGB2\S40\AC1\RGB2_SUB40ACT1F1.jpg,0,0,0.36468926072120667
1187,40,1,106,D:\Skripsi\Experiment\data\raw\RGB2\S40\AC1\RGB2_SUB40ACT1F106.jpg,0,0,0.38601455092430115
1188,40,1,121,D:\Skripsi\Experiment\data\raw\RGB2\S40\AC1\RGB2_SUB40ACT1F121.jpg,0,0,0.3119688034057617
1189,40,1,16,D:\Skripsi\Experiment\data\raw\RGB2\S40\AC1\RGB2_SUB40ACT1F16.jpg,0,1,0.5341971516609192
1190,40,1,31,D:\Skripsi\Experiment\data\raw\RGB2\S40\AC1\RGB2_SUB40ACT1F31.jpg,0,1,0.5915480256080627
1191,40,1,46,D:\Skripsi\Experiment\data\raw\RGB2\S40\AC1\RGB2_SUB40ACT1F46.jpg,0,0,0.45660364627838135
1192,40,1,61,D:\Skripsi\Experiment\data\raw\RGB2\S40\AC1\RGB2_SUB40ACT1F61.jpg,0,0,0.37518736720085144
1193,40,1,76,D:\Skripsi\Experiment\data\raw\RGB2\S40\AC1\RGB2_SUB40ACT1F76.jpg,0,0,0.2933739423751831
1194,40,1,91,D:\Skripsi\Experiment\data\raw\RGB2\S40\AC1\RGB2_SUB40ACT1F91.jpg,0,0,0.39589279890060425
1195,40,5,1,D:\Skripsi\Experiment\data\raw\RGB2\S40\AC5\RGB2_SUB40ACT5F1.jpg,1,1,0.5451273322105408
1196,40,5,106,D:\Skripsi\Experiment\data\raw\RGB2\S40\AC5\RGB2_SUB40ACT5F106.jpg,1,0,0.4214192032814026
1197,40,5,16,D:\Skripsi\Experiment\data\raw\RGB2\S40\AC5\RGB2_SUB40ACT5F16.jpg,1,0,0.4862518012523651
1198,40,5,31,D:\Skripsi\Experiment\data\raw\RGB2\S40\AC5\RGB2_SUB40ACT5F31.jpg,1,1,0.5272712111473083
1199,40,5,46,D:\Skripsi\Experiment\data\raw\RGB2\S40\AC5\RGB2_SUB40ACT5F46.jpg,1,1,0.6274101734161377
1200,40,5,61,D:\Skripsi\Experiment\data\raw\RGB2\S40\AC5\RGB2_SUB40ACT5F61.jpg,1,1,0.523682713508606
1201,40,5,76,D:\Skripsi\Experiment\data\raw\RGB2\S40\AC5\RGB2_SUB40ACT5F76.jpg,1,1,0.6166162490844727
1202,40,5,91,D:\Skripsi\Experiment\data\raw\RGB2\S40\AC5\RGB2_SUB40ACT5F91.jpg,1,1,0.5194633603096008
1203,40,6,1,D:\Skripsi\Experiment\data\raw\RGB2\S40\AC6\RGB2_SUB40ACT6F1.jpg,1,1,0.5029793381690979
1204,40,6,106,D:\Skripsi\Experiment\data\raw\RGB2\S40\AC6\RGB2_SUB40ACT6F106.jpg,1,1,0.6717079877853394
1205,40,6,121,D:\Skripsi\Experiment\data\raw\RGB2\S40\AC6\RGB2_SUB40ACT6F121.jpg,1,1,0.5177269577980042
1206,40,6,136,D:\Skripsi\Experiment\data\raw\RGB2\S40\AC6\RGB2_SUB40ACT6F136.jpg,1,0,0.472068190574646
1207,40,6,16,D:\Skripsi\Experiment\data\raw\RGB2\S40\AC6\RGB2_SUB40ACT6F16.jpg,1,1,0.5350630879402161
1208,40,6,31,D:\Skripsi\Experiment\data\raw\RGB2\S40\AC6\RGB2_SUB40ACT6F31.jpg,1,1,0.5999128818511963
1209,40,6,46,D:\Skripsi\Experiment\data\raw\RGB2\S40\AC6\RGB2_SUB40ACT6F46.jpg,1,1,0.7468663454055786
1210,40,6,61,D:\Skripsi\Experiment\data\raw\RGB2\S40\AC6\RGB2_SUB40ACT6F61.jpg,1,1,0.7259725332260132
1211,40,6,76,D:\Skripsi\Experiment\data\raw\RGB2\S40\AC6\RGB2_SUB40ACT6F76.jpg,1,1,0.7490490078926086
1212,40,6,91,D:\Skripsi\Experiment\data\raw\RGB2\S40\AC6\RGB2_SUB40ACT6F91.jpg,1,1,0.7233827114105225
1213,40,7,1,D:\Skripsi\Experiment\data\raw\RGB2\S40\AC7\RGB2_SUB40ACT7F1.jpg,1,1,0.5143269896507263
1214,40,7,106,D:\Skripsi\Experiment\data\raw\RGB2\S40\AC7\RGB2_SUB40ACT7F106.jpg,1,0,0.19168543815612793
1215,40,7,121,D:\Skripsi\Experiment\data\raw\RGB2\S40\AC7\RGB2_SUB40ACT7F121.jpg,1,0,0.3633165657520294
1216,40,7,136,D:\Skripsi\Experiment\data\raw\RGB2\S40\AC7\RGB2_SUB40ACT7F136.jpg,1,0,0.2836574912071228
1217,40,7,151,D:\Skripsi\Experiment\data\raw\RGB2\S40\AC7\RGB2_SUB40ACT7F151.jpg,1,0,0.3107360899448395
1218,40,7,16,D:\Skripsi\Experiment\data\raw\RGB2\S40\AC7\RGB2_SUB40ACT7F16.jpg,1,0,0.43462300300598145
1219,40,7,166,D:\Skripsi\Experiment\data\raw\RGB2\S40\AC7\RGB2_SUB40ACT7F166.jpg,1,0,0.45060938596725464
1220,40,7,181,D:\Skripsi\Experiment\data\raw\RGB2\S40\AC7\RGB2_SUB40ACT7F181.jpg,1,0,0.4339202046394348
1221,40,7,196,D:\Skripsi\Experiment\data\raw\RGB2\S40\AC7\RGB2_SUB40ACT7F196.jpg,1,0,0.3023287355899811
1222,40,7,211,D:\Skripsi\Experiment\data\raw\RGB2\S40\AC7\RGB2_SUB40ACT7F211.jpg,1,1,0.6291694641113281
1223,40,7,226,D:\Skripsi\Experiment\data\raw\RGB2\S40\AC7\RGB2_SUB40ACT7F226.jpg,1,1,0.6247981190681458
1224,40,7,31,D:\Skripsi\Experiment\data\raw\RGB2\S40\AC7\RGB2_SUB40ACT7F31.jpg,1,0,0.395572304725647
1225,40,7,46,D:\Skripsi\Experiment\data\raw\RGB2\S40\AC7\RGB2_SUB40ACT7F46.jpg,1,0,0.4321111738681793
1226,40,7,61,D:\Skripsi\Experiment\data\raw\RGB2\S40\AC7\RGB2_SUB40ACT7F61.jpg,1,0,0.2969154417514801
1227,40,7,76,D:\Skripsi\Experiment\data\raw\RGB2\S40\AC7\RGB2_SUB40ACT7F76.jpg,1,1,0.500627338886261
1228,40,7,91,D:\Skripsi\Experiment\data\raw\RGB2\S40\AC7\RGB2_SUB40ACT7F91.jpg,1,0,0.35869938135147095
1229,40,8,1,D:\Skripsi\Experiment\data\raw\RGB2\S40\AC8\RGB2_SUB40ACT8F1.jpg,1,1,0.6009646058082581
1230,40,8,106,D:\Skripsi\Experiment\data\raw\RGB2\S40\AC8\RGB2_SUB40ACT8F106.jpg,1,1,0.5814918875694275
1231,40,8,121,D:\Skripsi\Experiment\data\raw\RGB2\S40\AC8\RGB2_SUB40ACT8F121.jpg,1,1,0.6157761812210083
1232,40,8,136,D:\Skripsi\Experiment\data\raw\RGB2\S40\AC8\RGB2_SUB40ACT8F136.jpg,1,1,0.6653972864151001
1233,40,8,151,D:\Skripsi\Experiment\data\raw\RGB2\S40\AC8\RGB2_SUB40ACT8F151.jpg,1,1,0.6197499632835388
1234,40,8,16,D:\Skripsi\Experiment\data\raw\RGB2\S40\AC8\RGB2_SUB40ACT8F16.jpg,1,1,0.6776173114776611
1235,40,8,166,D:\Skripsi\Experiment\data\raw\RGB2\S40\AC8\RGB2_SUB40ACT8F166.jpg,1,1,0.5543098449707031
1236,40,8,181,D:\Skripsi\Experiment\data\raw\RGB2\S40\AC8\RGB2_SUB40ACT8F181.jpg,1,1,0.6333516240119934
1237,40,8,31,D:\Skripsi\Experiment\data\raw\RGB2\S40\AC8\RGB2_SUB40ACT8F31.jpg,1,0,0.3847445249557495
1238,40,8,46,D:\Skripsi\Experiment\data\raw\RGB2\S40\AC8\RGB2_SUB40ACT8F46.jpg,1,1,0.5697559714317322
1239,40,8,61,D:\Skripsi\Experiment\data\raw\RGB2\S40\AC8\RGB2_SUB40ACT8F61.jpg,1,1,0.5812106728553772
1240,40,8,76,D:\Skripsi\Experiment\data\raw\RGB2\S40\AC8\RGB2_SUB40ACT8F76.jpg,1,1,0.5466662645339966
1241,40,8,91,D:\Skripsi\Experiment\data\raw\RGB2\S40\AC8\RGB2_SUB40ACT8F91.jpg,1,1,0.5751684308052063
1242,40,9,1,D:\Skripsi\Experiment\data\raw\RGB2\S40\AC9\RGB2_SUB40ACT9F1.jpg,1,1,0.5088030695915222
1243,40,9,106,D:\Skripsi\Experiment\data\raw\RGB2\S40\AC9\RGB2_SUB40ACT9F106.jpg,1,1,0.6130507588386536
1244,40,9,121,D:\Skripsi\Experiment\data\raw\RGB2\S40\AC9\RGB2_SUB40ACT9F121.jpg,1,1,0.6105818152427673
1245,40,9,136,D:\Skripsi\Experiment\data\raw\RGB2\S40\AC9\RGB2_SUB40ACT9F136.jpg,1,1,0.6342830061912537
1246,40,9,16,D:\Skripsi\Experiment\data\raw\RGB2\S40\AC9\RGB2_SUB40ACT9F16.jpg,1,1,0.5958699584007263
1247,40,9,31,D:\Skripsi\Experiment\data\raw\RGB2\S40\AC9\RGB2_SUB40ACT9F31.jpg,1,0,0.48308172821998596
1248,40,9,46,D:\Skripsi\Experiment\data\raw\RGB2\S40\AC9\RGB2_SUB40ACT9F46.jpg,1,1,0.5653366446495056
1249,40,9,61,D:\Skripsi\Experiment\data\raw\RGB2\S40\AC9\RGB2_SUB40ACT9F61.jpg,1,1,0.5196810960769653
1250,40,9,76,D:\Skripsi\Experiment\data\raw\RGB2\S40\AC9\RGB2_SUB40ACT9F76.jpg,1,1,0.5484987497329712
1251,40,9,91,D:\Skripsi\Experiment\data\raw\RGB2\S40\AC9\RGB2_SUB40ACT9F91.jpg,1,1,0.5927333831787109
1252,43,1,1,D:\Skripsi\Experiment\data\raw\RGB2\S43\AC1\RGB2_SUB43ACT1F1.jpg,0,1,0.503980278968811
1253,43,1,106,D:\Skripsi\Experiment\data\raw\RGB2\S43\AC1\RGB2_SUB43ACT1F106.jpg,0,1,0.5383710861206055
1254,43,1,121,D:\Skripsi\Experiment\data\raw\RGB2\S43\AC1\RGB2_SUB43ACT1F121.jpg,0,1,0.5544929504394531
1255,43,1,136,D:\Skripsi\Experiment\data\raw\RGB2\S43\AC1\RGB2_SUB43ACT1F136.jpg,0,0,0.45163819193840027
1256,43,1,151,D:\Skripsi\Experiment\data\raw\RGB2\S43\AC1\RGB2_SUB43ACT1F151.jpg,0,1,0.5205501914024353
1257,43,1,16,D:\Skripsi\Experiment\data\raw\RGB2\S43\AC1\RGB2_SUB43ACT1F16.jpg,0,0,0.4602457284927368
1258,43,1,166,D:\Skripsi\Experiment\data\raw\RGB2\S43\AC1\RGB2_SUB43ACT1F166.jpg,0,1,0.5085375905036926
1259,43,1,181,D:\Skripsi\Experiment\data\raw\RGB2\S43\AC1\RGB2_SUB43ACT1F181.jpg,0,0,0.49266359210014343
1260,43,1,31,D:\Skripsi\Experiment\data\raw\RGB2\S43\AC1\RGB2_SUB43ACT1F31.jpg,0,0,0.44504618644714355
1261,43,1,46,D:\Skripsi\Experiment\data\raw\RGB2\S43\AC1\RGB2_SUB43ACT1F46.jpg,0,1,0.5067217946052551
1262,43,1,61,D:\Skripsi\Experiment\data\raw\RGB2\S43\AC1\RGB2_SUB43ACT1F61.jpg,0,1,0.5075754523277283
1263,43,1,76,D:\Skripsi\Experiment\data\raw\RGB2\S43\AC1\RGB2_SUB43ACT1F76.jpg,0,1,0.5362484455108643
1264,43,1,91,D:\Skripsi\Experiment\data\raw\RGB2\S43\AC1\RGB2_SUB43ACT1F91.jpg,0,0,0.44561341404914856
1265,43,5,1,D:\Skripsi\Experiment\data\raw\RGB2\S43\AC5\RGB2_SUB43ACT5F1.jpg,1,1,0.5640168786048889
1266,43,5,106,D:\Skripsi\Experiment\data\raw\RGB2\S43\AC5\RGB2_SUB43ACT5F106.jpg,1,1,0.50617915391922
1267,43,5,121,D:\Skripsi\Experiment\data\raw\RGB2\S43\AC5\RGB2_SUB43ACT5F121.jpg,1,1,0.5833085179328918
1268,43,5,136,D:\Skripsi\Experiment\data\raw\RGB2\S43\AC5\RGB2_SUB43ACT5F136.jpg,1,1,0.5778432488441467
1269,43,5,151,D:\Skripsi\Experiment\data\raw\RGB2\S43\AC5\RGB2_SUB43ACT5F151.jpg,1,1,0.7149414420127869
1270,43,5,16,D:\Skripsi\Experiment\data\raw\RGB2\S43\AC5\RGB2_SUB43ACT5F16.jpg,1,1,0.5560588240623474
1271,43,5,166,D:\Skripsi\Experiment\data\raw\RGB2\S43\AC5\RGB2_SUB43ACT5F166.jpg,1,1,0.550432562828064
1272,43,5,181,D:\Skripsi\Experiment\data\raw\RGB2\S43\AC5\RGB2_SUB43ACT5F181.jpg,1,1,0.5947258472442627
1273,43,5,31,D:\Skripsi\Experiment\data\raw\RGB2\S43\AC5\RGB2_SUB43ACT5F31.jpg,1,1,0.5714132189750671
1274,43,5,46,D:\Skripsi\Experiment\data\raw\RGB2\S43\AC5\RGB2_SUB43ACT5F46.jpg,1,1,0.5832202434539795
1275,43,5,61,D:\Skripsi\Experiment\data\raw\RGB2\S43\AC5\RGB2_SUB43ACT5F61.jpg,1,1,0.5885266661643982
1276,43,5,76,D:\Skripsi\Experiment\data\raw\RGB2\S43\AC5\RGB2_SUB43ACT5F76.jpg,1,1,0.5491064190864563
1277,43,5,91,D:\Skripsi\Experiment\data\raw\RGB2\S43\AC5\RGB2_SUB43ACT5F91.jpg,1,1,0.7153531908988953
1278,43,6,1,D:\Skripsi\Experiment\data\raw\RGB2\S43\AC6\RGB2_SUB43ACT6F1.jpg,1,1,0.5709735155105591
1279,43,6,106,D:\Skripsi\Experiment\data\raw\RGB2\S43\AC6\RGB2_SUB43ACT6F106.jpg,1,1,0.5910531282424927
1280,43,6,121,D:\Skripsi\Experiment\data\raw\RGB2\S43\AC6\RGB2_SUB43ACT6F121.jpg,1,1,0.5470778346061707
1281,43,6,136,D:\Skripsi\Experiment\data\raw\RGB2\S43\AC6\RGB2_SUB43ACT6F136.jpg,1,1,0.5212993025779724
1282,43,6,151,D:\Skripsi\Experiment\data\raw\RGB2\S43\AC6\RGB2_SUB43ACT6F151.jpg,1,1,0.5164384245872498
1283,43,6,16,D:\Skripsi\Experiment\data\raw\RGB2\S43\AC6\RGB2_SUB43ACT6F16.jpg,1,0,0.3531494736671448
1284,43,6,166,D:\Skripsi\Experiment\data\raw\RGB2\S43\AC6\RGB2_SUB43ACT6F166.jpg,1,1,0.5880618095397949
1285,43,6,181,D:\Skripsi\Experiment\data\raw\RGB2\S43\AC6\RGB2_SUB43ACT6F181.jpg,1,1,0.5406966805458069
1286,43,6,196,D:\Skripsi\Experiment\data\raw\RGB2\S43\AC6\RGB2_SUB43ACT6F196.jpg,1,1,0.5461902022361755
1287,43,6,31,D:\Skripsi\Experiment\data\raw\RGB2\S43\AC6\RGB2_SUB43ACT6F31.jpg,1,0,0.447684645652771
1288,43,6,46,D:\Skripsi\Experiment\data\raw\RGB2\S43\AC6\RGB2_SUB43ACT6F46.jpg,1,0,0.4429015517234802
1289,43,6,61,D:\Skripsi\Experiment\data\raw\RGB2\S43\AC6\RGB2_SUB43ACT6F61.jpg,1,1,0.5548880100250244
1290,43,6,76,D:\Skripsi\Experiment\data\raw\RGB2\S43\AC6\RGB2_SUB43ACT6F76.jpg,1,1,0.5075676441192627
1291,43,6,91,D:\Skripsi\Experiment\data\raw\RGB2\S43\AC6\RGB2_SUB43ACT6F91.jpg,1,0,0.49701598286628723
1292,43,7,1,D:\Skripsi\Experiment\data\raw\RGB2\S43\AC7\RGB2_SUB43ACT7F1.jpg,1,1,0.50255286693573
1293,43,7,106,D:\Skripsi\Experiment\data\raw\RGB2\S43\AC7\RGB2_SUB43ACT7F106.jpg,1,0,0.42401617765426636
1294,43,7,121,D:\Skripsi\Experiment\data\raw\RGB2\S43\AC7\RGB2_SUB43ACT7F121.jpg,1,0,0.3690023720264435
1295,43,7,136,D:\Skripsi\Experiment\data\raw\RGB2\S43\AC7\RGB2_SUB43ACT7F136.jpg,1,0,0.44037196040153503
1296,43,7,151,D:\Skripsi\Experiment\data\raw\RGB2\S43\AC7\RGB2_SUB43ACT7F151.jpg,1,0,0.44852328300476074
1297,43,7,16,D:\Skripsi\Experiment\data\raw\RGB2\S43\AC7\RGB2_SUB43ACT7F16.jpg,1,0,0.3627990782260895
1298,43,7,166,D:\Skripsi\Experiment\data\raw\RGB2\S43\AC7\RGB2_SUB43ACT7F166.jpg,1,0,0.4584648013114929
1299,43,7,181,D:\Skripsi\Experiment\data\raw\RGB2\S43\AC7\RGB2_SUB43ACT7F181.jpg,1,0,0.4376576244831085
1300,43,7,196,D:\Skripsi\Experiment\data\raw\RGB2\S43\AC7\RGB2_SUB43ACT7F196.jpg,1,0,0.4308943748474121
1301,43,7,211,D:\Skripsi\Experiment\data\raw\RGB2\S43\AC7\RGB2_SUB43ACT7F211.jpg,1,0,0.454732745885849
1302,43,7,31,D:\Skripsi\Experiment\data\raw\RGB2\S43\AC7\RGB2_SUB43ACT7F31.jpg,1,0,0.4812050759792328
1303,43,7,46,D:\Skripsi\Experiment\data\raw\RGB2\S43\AC7\RGB2_SUB43ACT7F46.jpg,1,0,0.4791184663772583
1304,43,7,61,D:\Skripsi\Experiment\data\raw\RGB2\S43\AC7\RGB2_SUB43ACT7F61.jpg,1,0,0.38635769486427307
1305,43,7,76,D:\Skripsi\Experiment\data\raw\RGB2\S43\AC7\RGB2_SUB43ACT7F76.jpg,1,0,0.45667266845703125
1306,43,7,91,D:\Skripsi\Experiment\data\raw\RGB2\S43\AC7\RGB2_SUB43ACT7F91.jpg,1,0,0.4173091650009155
1307,43,8,1,D:\Skripsi\Experiment\data\raw\RGB2\S43\AC8\RGB2_SUB43ACT8F1.jpg,1,0,0.4380219280719757
1308,43,8,106,D:\Skripsi\Experiment\data\raw\RGB2\S43\AC8\RGB2_SUB43ACT8F106.jpg,1,1,0.5135272741317749
1309,43,8,121,D:\Skripsi\Experiment\data\raw\RGB2\S43\AC8\RGB2_SUB43ACT8F121.jpg,1,0,0.42007648944854736
1310,43,8,136,D:\Skripsi\Experiment\data\raw\RGB2\S43\AC8\RGB2_SUB43ACT8F136.jpg,1,0,0.4000993072986603
1311,43,8,151,D:\Skripsi\Experiment\data\raw\RGB2\S43\AC8\RGB2_SUB43ACT8F151.jpg,1,0,0.419424444437027
1312,43,8,16,D:\Skripsi\Experiment\data\raw\RGB2\S43\AC8\RGB2_SUB43ACT8F16.jpg,1,1,0.5194627046585083
1313,43,8,166,D:\Skripsi\Experiment\data\raw\RGB2\S43\AC8\RGB2_SUB43ACT8F166.jpg,1,1,0.5774357914924622
1314,43,8,181,D:\Skripsi\Experiment\data\raw\RGB2\S43\AC8\RGB2_SUB43ACT8F181.jpg,1,1,0.510691225528717
1315,43,8,196,D:\Skripsi\Experiment\data\raw\RGB2\S43\AC8\RGB2_SUB43ACT8F196.jpg,1,0,0.4996156394481659
1316,43,8,211,D:\Skripsi\Experiment\data\raw\RGB2\S43\AC8\RGB2_SUB43ACT8F211.jpg,1,1,0.5369897484779358
1317,43,8,226,D:\Skripsi\Experiment\data\raw\RGB2\S43\AC8\RGB2_SUB43ACT8F226.jpg,1,0,0.4802405536174774
1318,43,8,241,D:\Skripsi\Experiment\data\raw\RGB2\S43\AC8\RGB2_SUB43ACT8F241.jpg,1,0,0.4530320167541504
1319,43,8,256,D:\Skripsi\Experiment\data\raw\RGB2\S43\AC8\RGB2_SUB43ACT8F256.jpg,1,0,0.40050870180130005
1320,43,8,31,D:\Skripsi\Experiment\data\raw\RGB2\S43\AC8\RGB2_SUB43ACT8F31.jpg,1,0,0.4279293417930603
1321,43,8,46,D:\Skripsi\Experiment\data\raw\RGB2\S43\AC8\RGB2_SUB43ACT8F46.jpg,1,0,0.3917917311191559
1322,43,8,61,D:\Skripsi\Experiment\data\raw\RGB2\S43\AC8\RGB2_SUB43ACT8F61.jpg,1,1,0.5071842670440674
1323,43,8,76,D:\Skripsi\Experiment\data\raw\RGB2\S43\AC8\RGB2_SUB43ACT8F76.jpg,1,1,0.5180385708808899
1324,43,8,91,D:\Skripsi\Experiment\data\raw\RGB2\S43\AC8\RGB2_SUB43ACT8F91.jpg,1,0,0.3287712335586548
1325,43,9,1,D:\Skripsi\Experiment\data\raw\RGB2\S43\AC9\RGB2_SUB43ACT9F1.jpg,1,0,0.49294817447662354
1326,43,9,106,D:\Skripsi\Experiment\data\raw\RGB2\S43\AC9\RGB2_SUB43ACT9F106.jpg,1,1,0.5350213050842285
1327,43,9,121,D:\Skripsi\Experiment\data\raw\RGB2\S43\AC9\RGB2_SUB43ACT9F121.jpg,1,1,0.5544682145118713
1328,43,9,136,D:\Skripsi\Experiment\data\raw\RGB2\S43\AC9\RGB2_SUB43ACT9F136.jpg,1,0,0.48447656631469727
1329,43,9,151,D:\Skripsi\Experiment\data\raw\RGB2\S43\AC9\RGB2_SUB43ACT9F151.jpg,1,1,0.5226125717163086
1330,43,9,16,D:\Skripsi\Experiment\data\raw\RGB2\S43\AC9\RGB2_SUB43ACT9F16.jpg,1,1,0.5595502853393555
1331,43,9,166,D:\Skripsi\Experiment\data\raw\RGB2\S43\AC9\RGB2_SUB43ACT9F166.jpg,1,1,0.7507153749465942
1332,43,9,31,D:\Skripsi\Experiment\data\raw\RGB2\S43\AC9\RGB2_SUB43ACT9F31.jpg,1,0,0.4487195611000061
1333,43,9,46,D:\Skripsi\Experiment\data\raw\RGB2\S43\AC9\RGB2_SUB43ACT9F46.jpg,1,1,0.6392815709114075
1334,43,9,61,D:\Skripsi\Experiment\data\raw\RGB2\S43\AC9\RGB2_SUB43ACT9F61.jpg,1,1,0.7274904847145081
1335,43,9,76,D:\Skripsi\Experiment\data\raw\RGB2\S43\AC9\RGB2_SUB43ACT9F76.jpg,1,1,0.6429916024208069
1336,43,9,91,D:\Skripsi\Experiment\data\raw\RGB2\S43\AC9\RGB2_SUB43ACT9F91.jpg,1,1,0.5508672595024109
1337,44,1,1,D:\Skripsi\Experiment\data\raw\RGB2\S44\AC1\RGB2_SUB44ACT1F1.jpg,0,0,0.416833758354187
1338,44,1,106,D:\Skripsi\Experiment\data\raw\RGB2\S44\AC1\RGB2_SUB44ACT1F106.jpg,0,1,0.5098418593406677
1339,44,1,121,D:\Skripsi\Experiment\data\raw\RGB2\S44\AC1\RGB2_SUB44ACT1F121.jpg,0,0,0.4874471127986908
1340,44,1,136,D:\Skripsi\Experiment\data\raw\RGB2\S44\AC1\RGB2_SUB44ACT1F136.jpg,0,0,0.3078449070453644
1341,44,1,151,D:\Skripsi\Experiment\data\raw\RGB2\S44\AC1\RGB2_SUB44ACT1F151.jpg,0,0,0.4395650327205658
1342,44,1,16,D:\Skripsi\Experiment\data\raw\RGB2\S44\AC1\RGB2_SUB44ACT1F16.jpg,0,1,0.5128402709960938
1343,44,1,31,D:\Skripsi\Experiment\data\raw\RGB2\S44\AC1\RGB2_SUB44ACT1F31.jpg,0,0,0.41954270005226135
1344,44,1,46,D:\Skripsi\Experiment\data\raw\RGB2\S44\AC1\RGB2_SUB44ACT1F46.jpg,0,0,0.45160889625549316
1345,44,1,61,D:\Skripsi\Experiment\data\raw\RGB2\S44\AC1\RGB2_SUB44ACT1F61.jpg,0,0,0.3865286409854889
1346,44,1,76,D:\Skripsi\Experiment\data\raw\RGB2\S44\AC1\RGB2_SUB44ACT1F76.jpg,0,0,0.3870141804218292
1347,44,1,91,D:\Skripsi\Experiment\data\raw\RGB2\S44\AC1\RGB2_SUB44ACT1F91.jpg,0,1,0.5400810241699219
1348,44,5,1,D:\Skripsi\Experiment\data\raw\RGB2\S44\AC5\RGB2_SUB44ACT5F1.jpg,1,1,0.670595109462738
1349,44,5,106,D:\Skripsi\Experiment\data\raw\RGB2\S44\AC5\RGB2_SUB44ACT5F106.jpg,1,1,0.6368815898895264
1350,44,5,121,D:\Skripsi\Experiment\data\raw\RGB2\S44\AC5\RGB2_SUB44ACT5F121.jpg,1,1,0.6791967749595642
1351,44,5,136,D:\Skripsi\Experiment\data\raw\RGB2\S44\AC5\RGB2_SUB44ACT5F136.jpg,1,1,0.5685250163078308
1352,44,5,16,D:\Skripsi\Experiment\data\raw\RGB2\S44\AC5\RGB2_SUB44ACT5F16.jpg,1,1,0.6278141736984253
1353,44,5,31,D:\Skripsi\Experiment\data\raw\RGB2\S44\AC5\RGB2_SUB44ACT5F31.jpg,1,1,0.5487812161445618
1354,44,5,46,D:\Skripsi\Experiment\data\raw\RGB2\S44\AC5\RGB2_SUB44ACT5F46.jpg,1,1,0.6354677677154541
1355,44,5,61,D:\Skripsi\Experiment\data\raw\RGB2\S44\AC5\RGB2_SUB44ACT5F61.jpg,1,1,0.608185350894928
1356,44,5,76,D:\Skripsi\Experiment\data\raw\RGB2\S44\AC5\RGB2_SUB44ACT5F76.jpg,1,1,0.6046682000160217
1357,44,5,91,D:\Skripsi\Experiment\data\raw\RGB2\S44\AC5\RGB2_SUB44ACT5F91.jpg,1,1,0.700715959072113
1358,44,6,1,D:\Skripsi\Experiment\data\raw\RGB2\S44\AC6\RGB2_SUB44ACT6F1.jpg,1,1,0.5947086215019226
1359,44,6,106,D:\Skripsi\Experiment\data\raw\RGB2\S44\AC6\RGB2_SUB44ACT6F106.jpg,1,1,0.6333527565002441
1360,44,6,121,D:\Skripsi\Experiment\data\raw\RGB2\S44\AC6\RGB2_SUB44ACT6F121.jpg,1,1,0.5695360898971558
1361,44,6,136,D:\Skripsi\Experiment\data\raw\RGB2\S44\AC6\RGB2_SUB44ACT6F136.jpg,1,0,0.463617742061615
1362,44,6,16,D:\Skripsi\Experiment\data\raw\RGB2\S44\AC6\RGB2_SUB44ACT6F16.jpg,1,1,0.5878274440765381
1363,44,6,31,D:\Skripsi\Experiment\data\raw\RGB2\S44\AC6\RGB2_SUB44ACT6F31.jpg,1,0,0.42768892645835876
1364,44,6,46,D:\Skripsi\Experiment\data\raw\RGB2\S44\AC6\RGB2_SUB44ACT6F46.jpg,1,1,0.5826816558837891
1365,44,6,61,D:\Skripsi\Experiment\data\raw\RGB2\S44\AC6\RGB2_SUB44ACT6F61.jpg,1,0,0.4793086647987366
1366,44,6,76,D:\Skripsi\Experiment\data\raw\RGB2\S44\AC6\RGB2_SUB44ACT6F76.jpg,1,1,0.6242595314979553
1367,44,6,91,D:\Skripsi\Experiment\data\raw\RGB2\S44\AC6\RGB2_SUB44ACT6F91.jpg,1,0,0.4644721448421478
1368,44,7,1,D:\Skripsi\Experiment\data\raw\RGB2\S44\AC7\RGB2_SUB44ACT7F1.jpg,1,1,0.511676549911499
1369,44,7,106,D:\Skripsi\Experiment\data\raw\RGB2\S44\AC7\RGB2_SUB44ACT7F106.jpg,1,1,0.6226356625556946
1370,44,7,121,D:\Skripsi\Experiment\data\raw\RGB2\S44\AC7\RGB2_SUB44ACT7F121.jpg,1,1,0.586053192615509
1371,44,7,136,D:\Skripsi\Experiment\data\raw\RGB2\S44\AC7\RGB2_SUB44ACT7F136.jpg,1,1,0.6192988753318787
1372,44,7,151,D:\Skripsi\Experiment\data\raw\RGB2\S44\AC7\RGB2_SUB44ACT7F151.jpg,1,1,0.6220381259918213
1373,44,7,16,D:\Skripsi\Experiment\data\raw\RGB2\S44\AC7\RGB2_SUB44ACT7F16.jpg,1,1,0.5485141277313232
1374,44,7,31,D:\Skripsi\Experiment\data\raw\RGB2\S44\AC7\RGB2_SUB44ACT7F31.jpg,1,1,0.6098911166191101
1375,44,7,46,D:\Skripsi\Experiment\data\raw\RGB2\S44\AC7\RGB2_SUB44ACT7F46.jpg,1,0,0.48596206307411194
1376,44,7,61,D:\Skripsi\Experiment\data\raw\RGB2\S44\AC7\RGB2_SUB44ACT7F61.jpg,1,0,0.4975687861442566
1377,44,7,76,D:\Skripsi\Experiment\data\raw\RGB2\S44\AC7\RGB2_SUB44ACT7F76.jpg,1,1,0.5707107782363892
1378,44,7,91,D:\Skripsi\Experiment\data\raw\RGB2\S44\AC7\RGB2_SUB44ACT7F91.jpg,1,1,0.5896843671798706
1379,44,8,1,D:\Skripsi\Experiment\data\raw\RGB2\S44\AC8\RGB2_SUB44ACT8F1.jpg,1,0,0.42116183042526245
1380,44,8,106,D:\Skripsi\Experiment\data\raw\RGB2\S44\AC8\RGB2_SUB44ACT8F106.jpg,1,0,0.4787592887878418
1381,44,8,121,D:\Skripsi\Experiment\data\raw\RGB2\S44\AC8\RGB2_SUB44ACT8F121.jpg,1,1,0.5623642206192017
1382,44,8,136,D:\Skripsi\Experiment\data\raw\RGB2\S44\AC8\RGB2_SUB44ACT8F136.jpg,1,1,0.530491828918457
1383,44,8,151,D:\Skripsi\Experiment\data\raw\RGB2\S44\AC8\RGB2_SUB44ACT8F151.jpg,1,1,0.6087594032287598
1384,44,8,16,D:\Skripsi\Experiment\data\raw\RGB2\S44\AC8\RGB2_SUB44ACT8F16.jpg,1,1,0.562111496925354
1385,44,8,166,D:\Skripsi\Experiment\data\raw\RGB2\S44\AC8\RGB2_SUB44ACT8F166.jpg,1,1,0.5832573771476746
1386,44,8,181,D:\Skripsi\Experiment\data\raw\RGB2\S44\AC8\RGB2_SUB44ACT8F181.jpg,1,1,0.5805463790893555
1387,44,8,31,D:\Skripsi\Experiment\data\raw\RGB2\S44\AC8\RGB2_SUB44ACT8F31.jpg,1,0,0.43870410323143005
1388,44,8,46,D:\Skripsi\Experiment\data\raw\RGB2\S44\AC8\RGB2_SUB44ACT8F46.jpg,1,0,0.3467806279659271
1389,44,8,61,D:\Skripsi\Experiment\data\raw\RGB2\S44\AC8\RGB2_SUB44ACT8F61.jpg,1,0,0.4177060127258301
1390,44,8,76,D:\Skripsi\Experiment\data\raw\RGB2\S44\AC8\RGB2_SUB44ACT8F76.jpg,1,0,0.4294793903827667
1391,44,8,91,D:\Skripsi\Experiment\data\raw\RGB2\S44\AC8\RGB2_SUB44ACT8F91.jpg,1,0,0.36765798926353455
1392,44,9,1,D:\Skripsi\Experiment\data\raw\RGB2\S44\AC9\RGB2_SUB44ACT9F1.jpg,1,1,0.5801862478256226
1393,44,9,106,D:\Skripsi\Experiment\data\raw\RGB2\S44\AC9\RGB2_SUB44ACT9F106.jpg,1,1,0.5158982276916504
1394,44,9,121,D:\Skripsi\Experiment\data\raw\RGB2\S44\AC9\RGB2_SUB44ACT9F121.jpg,1,1,0.602837085723877
1395,44,9,136,D:\Skripsi\Experiment\data\raw\RGB2\S44\AC9\RGB2_SUB44ACT9F136.jpg,1,1,0.6439831256866455
1396,44,9,151,D:\Skripsi\Experiment\data\raw\RGB2\S44\AC9\RGB2_SUB44ACT9F151.jpg,1,1,0.5837027430534363
1397,44,9,16,D:\Skripsi\Experiment\data\raw\RGB2\S44\AC9\RGB2_SUB44ACT9F16.jpg,1,1,0.5500361919403076
1398,44,9,166,D:\Skripsi\Experiment\data\raw\RGB2\S44\AC9\RGB2_SUB44ACT9F166.jpg,1,0,0.4908866584300995
1399,44,9,181,D:\Skripsi\Experiment\data\raw\RGB2\S44\AC9\RGB2_SUB44ACT9F181.jpg,1,1,0.6015272736549377
1400,44,9,196,D:\Skripsi\Experiment\data\raw\RGB2\S44\AC9\RGB2_SUB44ACT9F196.jpg,1,1,0.642264723777771
1401,44,9,31,D:\Skripsi\Experiment\data\raw\RGB2\S44\AC9\RGB2_SUB44ACT9F31.jpg,1,1,0.641447901725769
1402,44,9,46,D:\Skripsi\Experiment\data\raw\RGB2\S44\AC9\RGB2_SUB44ACT9F46.jpg,1,0,0.4316200613975525
1403,44,9,61,D:\Skripsi\Experiment\data\raw\RGB2\S44\AC9\RGB2_SUB44ACT9F61.jpg,1,1,0.6718994379043579
1404,44,9,76,D:\Skripsi\Experiment\data\raw\RGB2\S44\AC9\RGB2_SUB44ACT9F76.jpg,1,1,0.5936994552612305
1405,44,9,91,D:\Skripsi\Experiment\data\raw\RGB2\S44\AC9\RGB2_SUB44ACT9F91.jpg,1,1,0.5753752589225769
1406,45,1,1,D:\Skripsi\Experiment\data\raw\RGB2\S45\AC1\RGB2_SUB45ACT1F1.jpg,0,0,0.328404039144516
1407,45,1,106,D:\Skripsi\Experiment\data\raw\RGB2\S45\AC1\RGB2_SUB45ACT1F106.jpg,0,0,0.39414528012275696
1408,45,1,121,D:\Skripsi\Experiment\data\raw\RGB2\S45\AC1\RGB2_SUB45ACT1F121.jpg,0,0,0.46705201268196106
1409,45,1,136,D:\Skripsi\Experiment\data\raw\RGB2\S45\AC1\RGB2_SUB45ACT1F136.jpg,0,0,0.49460369348526
1410,45,1,151,D:\Skripsi\Experiment\data\raw\RGB2\S45\AC1\RGB2_SUB45ACT1F151.jpg,0,0,0.48762965202331543
1411,45,1,16,D:\Skripsi\Experiment\data\raw\RGB2\S45\AC1\RGB2_SUB45ACT1F16.jpg,0,0,0.35306307673454285
1412,45,1,166,D:\Skripsi\Experiment\data\raw\RGB2\S45\AC1\RGB2_SUB45ACT1F166.jpg,0,1,0.5323795080184937
1413,45,1,31,D:\Skripsi\Experiment\data\raw\RGB2\S45\AC1\RGB2_SUB45ACT1F31.jpg,0,0,0.36139801144599915
1414,45,1,46,D:\Skripsi\Experiment\data\raw\RGB2\S45\AC1\RGB2_SUB45ACT1F46.jpg,0,0,0.323007196187973
1415,45,1,61,D:\Skripsi\Experiment\data\raw\RGB2\S45\AC1\RGB2_SUB45ACT1F61.jpg,0,0,0.3250325918197632
1416,45,1,76,D:\Skripsi\Experiment\data\raw\RGB2\S45\AC1\RGB2_SUB45ACT1F76.jpg,0,0,0.41913414001464844
1417,45,1,91,D:\Skripsi\Experiment\data\raw\RGB2\S45\AC1\RGB2_SUB45ACT1F91.jpg,0,0,0.42046451568603516
1418,45,5,1,D:\Skripsi\Experiment\data\raw\RGB2\S45\AC5\RGB2_SUB45ACT5F1.jpg,1,0,0.46943992376327515
1419,45,5,106,D:\Skripsi\Experiment\data\raw\RGB2\S45\AC5\RGB2_SUB45ACT5F106.jpg,1,1,0.5326557755470276
1420,45,5,16,D:\Skripsi\Experiment\data\raw\RGB2\S45\AC5\RGB2_SUB45ACT5F16.jpg,1,1,0.5881794095039368
1421,45,5,31,D:\Skripsi\Experiment\data\raw\RGB2\S45\AC5\RGB2_SUB45ACT5F31.jpg,1,0,0.4645748436450958
1422,45,5,46,D:\Skripsi\Experiment\data\raw\RGB2\S45\AC5\RGB2_SUB45ACT5F46.jpg,1,1,0.5420668125152588
1423,45,5,61,D:\Skripsi\Experiment\data\raw\RGB2\S45\AC5\RGB2_SUB45ACT5F61.jpg,1,1,0.6530027389526367
1424,45,5,76,D:\Skripsi\Experiment\data\raw\RGB2\S45\AC5\RGB2_SUB45ACT5F76.jpg,1,0,0.4857605993747711
1425,45,5,91,D:\Skripsi\Experiment\data\raw\RGB2\S45\AC5\RGB2_SUB45ACT5F91.jpg,1,1,0.5601574182510376
1426,45,6,1,D:\Skripsi\Experiment\data\raw\RGB2\S45\AC6\RGB2_SUB45ACT6F1.jpg,1,0,0.42756733298301697
1427,45,6,106,D:\Skripsi\Experiment\data\raw\RGB2\S45\AC6\RGB2_SUB45ACT6F106.jpg,1,0,0.47199973464012146
1428,45,6,121,D:\Skripsi\Experiment\data\raw\RGB2\S45\AC6\RGB2_SUB45ACT6F121.jpg,1,1,0.5624324679374695
1429,45,6,136,D:\Skripsi\Experiment\data\raw\RGB2\S45\AC6\RGB2_SUB45ACT6F136.jpg,1,1,0.5902404189109802
1430,45,6,151,D:\Skripsi\Experiment\data\raw\RGB2\S45\AC6\RGB2_SUB45ACT6F151.jpg,1,1,0.6135446429252625
1431,45,6,16,D:\Skripsi\Experiment\data\raw\RGB2\S45\AC6\RGB2_SUB45ACT6F16.jpg,1,0,0.45091894268989563
1432,45,6,31,D:\Skripsi\Experiment\data\raw\RGB2\S45\AC6\RGB2_SUB45ACT6F31.jpg,1,0,0.41727977991104126
1433,45,6,46,D:\Skripsi\Experiment\data\raw\RGB2\S45\AC6\RGB2_SUB45ACT6F46.jpg,1,0,0.46439769864082336
1434,45,6,61,D:\Skripsi\Experiment\data\raw\RGB2\S45\AC6\RGB2_SUB45ACT6F61.jpg,1,0,0.45081964135169983
1435,45,6,76,D:\Skripsi\Experiment\data\raw\RGB2\S45\AC6\RGB2_SUB45ACT6F76.jpg,1,1,0.5977720022201538
1436,45,6,91,D:\Skripsi\Experiment\data\raw\RGB2\S45\AC6\RGB2_SUB45ACT6F91.jpg,1,1,0.564306378364563
1437,45,7,1,D:\Skripsi\Experiment\data\raw\RGB2\S45\AC7\RGB2_SUB45ACT7F1.jpg,1,0,0.43473827838897705
1438,45,7,106,D:\Skripsi\Experiment\data\raw\RGB2\S45\AC7\RGB2_SUB45ACT7F106.jpg,1,0,0.4408232867717743
1439,45,7,121,D:\Skripsi\Experiment\data\raw\RGB2\S45\AC7\RGB2_SUB45ACT7F121.jpg,1,1,0.5196323394775391
1440,45,7,136,D:\Skripsi\Experiment\data\raw\RGB2\S45\AC7\RGB2_SUB45ACT7F136.jpg,1,1,0.5758509039878845
1441,45,7,151,D:\Skripsi\Experiment\data\raw\RGB2\S45\AC7\RGB2_SUB45ACT7F151.jpg,1,0,0.46842992305755615
1442,45,7,16,D:\Skripsi\Experiment\data\raw\RGB2\S45\AC7\RGB2_SUB45ACT7F16.jpg,1,1,0.5763764977455139
1443,45,7,166,D:\Skripsi\Experiment\data\raw\RGB2\S45\AC7\RGB2_SUB45ACT7F166.jpg,1,1,0.5505525469779968
1444,45,7,181,D:\Skripsi\Experiment\data\raw\RGB2\S45\AC7\RGB2_SUB45ACT7F181.jpg,1,1,0.5824249982833862
1445,45,7,196,D:\Skripsi\Experiment\data\raw\RGB2\S45\AC7\RGB2_SUB45ACT7F196.jpg,1,1,0.5162800550460815
1446,45,7,31,D:\Skripsi\Experiment\data\raw\RGB2\S45\AC7\RGB2_SUB45ACT7F31.jpg,1,0,0.4648258686065674
1447,45,7,46,D:\Skripsi\Experiment\data\raw\RGB2\S45\AC7\RGB2_SUB45ACT7F46.jpg,1,1,0.5249679088592529
1448,45,7,61,D:\Skripsi\Experiment\data\raw\RGB2\S45\AC7\RGB2_SUB45ACT7F61.jpg,1,0,0.46442487835884094
1449,45,7,76,D:\Skripsi\Experiment\data\raw\RGB2\S45\AC7\RGB2_SUB45ACT7F76.jpg,1,1,0.5055505037307739
1450,45,7,91,D:\Skripsi\Experiment\data\raw\RGB2\S45\AC7\RGB2_SUB45ACT7F91.jpg,1,0,0.4308091402053833
1451,45,8,1,D:\Skripsi\Experiment\data\raw\RGB2\S45\AC8\RGB2_SUB45ACT8F1.jpg,1,0,0.4538958966732025
1452,45,8,106,D:\Skripsi\Experiment\data\raw\RGB2\S45\AC8\RGB2_SUB45ACT8F106.jpg,1,1,0.5637710690498352
1453,45,8,121,D:\Skripsi\Experiment\data\raw\RGB2\S45\AC8\RGB2_SUB45ACT8F121.jpg,1,0,0.40486815571784973
1454,45,8,136,D:\Skripsi\Experiment\data\raw\RGB2\S45\AC8\RGB2_SUB45ACT8F136.jpg,1,1,0.5357474088668823
1455,45,8,151,D:\Skripsi\Experiment\data\raw\RGB2\S45\AC8\RGB2_SUB45ACT8F151.jpg,1,1,0.6293488144874573
1456,45,8,16,D:\Skripsi\Experiment\data\raw\RGB2\S45\AC8\RGB2_SUB45ACT8F16.jpg,1,1,0.6409546732902527
1457,45,8,166,D:\Skripsi\Experiment\data\raw\RGB2\S45\AC8\RGB2_SUB45ACT8F166.jpg,1,0,0.4990776777267456
1458,45,8,181,D:\Skripsi\Experiment\data\raw\RGB2\S45\AC8\RGB2_SUB45ACT8F181.jpg,1,1,0.5426530838012695
1459,45,8,196,D:\Skripsi\Experiment\data\raw\RGB2\S45\AC8\RGB2_SUB45ACT8F196.jpg,1,1,0.531042218208313
1460,45,8,211,D:\Skripsi\Experiment\data\raw\RGB2\S45\AC8\RGB2_SUB45ACT8F211.jpg,1,0,0.4823789894580841
1461,45,8,31,D:\Skripsi\Experiment\data\raw\RGB2\S45\AC8\RGB2_SUB45ACT8F31.jpg,1,1,0.5187367796897888
1462,45,8,46,D:\Skripsi\Experiment\data\raw\RGB2\S45\AC8\RGB2_SUB45ACT8F46.jpg,1,1,0.5496416687965393
1463,45,8,61,D:\Skripsi\Experiment\data\raw\RGB2\S45\AC8\RGB2_SUB45ACT8F61.jpg,1,1,0.6112231612205505
1464,45,8,76,D:\Skripsi\Experiment\data\raw\RGB2\S45\AC8\RGB2_SUB45ACT8F76.jpg,1,1,0.6150474548339844
1465,45,8,91,D:\Skripsi\Experiment\data\raw\RGB2\S45\AC8\RGB2_SUB45ACT8F91.jpg,1,0,0.4951068162918091
1466,45,9,1,D:\Skripsi\Experiment\data\raw\RGB2\S45\AC9\RGB2_SUB45ACT9F1.jpg,1,1,0.6072692275047302
1467,45,9,106,D:\Skripsi\Experiment\data\raw\RGB2\S45\AC9\RGB2_SUB45ACT9F106.jpg,1,0,0.4675646424293518
1468,45,9,121,D:\Skripsi\Experiment\data\raw\RGB2\S45\AC9\RGB2_SUB45ACT9F121.jpg,1,0,0.385469913482666
1469,45,9,136,D:\Skripsi\Experiment\data\raw\RGB2\S45\AC9\RGB2_SUB45ACT9F136.jpg,1,0,0.3935909867286682
1470,45,9,151,D:\Skripsi\Experiment\data\raw\RGB2\S45\AC9\RGB2_SUB45ACT9F151.jpg,1,1,0.518105149269104
1471,45,9,16,D:\Skripsi\Experiment\data\raw\RGB2\S45\AC9\RGB2_SUB45ACT9F16.jpg,1,0,0.49626287817955017
1472,45,9,166,D:\Skripsi\Experiment\data\raw\RGB2\S45\AC9\RGB2_SUB45ACT9F166.jpg,1,0,0.35189998149871826
1473,45,9,181,D:\Skripsi\Experiment\data\raw\RGB2\S45\AC9\RGB2_SUB45ACT9F181.jpg,1,0,0.4399062693119049
1474,45,9,196,D:\Skripsi\Experiment\data\raw\RGB2\S45\AC9\RGB2_SUB45ACT9F196.jpg,1,0,0.3763076364994049
1475,45,9,211,D:\Skripsi\Experiment\data\raw\RGB2\S45\AC9\RGB2_SUB45ACT9F211.jpg,1,1,0.5782719850540161
1476,45,9,226,D:\Skripsi\Experiment\data\raw\RGB2\S45\AC9\RGB2_SUB45ACT9F226.jpg,1,1,0.6127777099609375
1477,45,9,31,D:\Skripsi\Experiment\data\raw\RGB2\S45\AC9\RGB2_SUB45ACT9F31.jpg,1,0,0.48791688680648804
1478,45,9,46,D:\Skripsi\Experiment\data\raw\RGB2\S45\AC9\RGB2_SUB45ACT9F46.jpg,1,1,0.5640942454338074
1479,45,9,61,D:\Skripsi\Experiment\data\raw\RGB2\S45\AC9\RGB2_SUB45ACT9F61.jpg,1,0,0.3895902633666992
1480,45,9,76,D:\Skripsi\Experiment\data\raw\RGB2\S45\AC9\RGB2_SUB45ACT9F76.jpg,1,0,0.38308343291282654
1481,45,9,91,D:\Skripsi\Experiment\data\raw\RGB2\S45\AC9\RGB2_SUB45ACT9F91.jpg,1,0,0.27430200576782227
1482,46,1,1,D:\Skripsi\Experiment\data\raw\RGB2\S46\AC1\RGB2_SUB46ACT1F1.jpg,0,0,0.438514769077301
1483,46,1,106,D:\Skripsi\Experiment\data\raw\RGB2\S46\AC1\RGB2_SUB46ACT1F106.jpg,0,0,0.350568562746048
1484,46,1,121,D:\Skripsi\Experiment\data\raw\RGB2\S46\AC1\RGB2_SUB46ACT1F121.jpg,0,0,0.3864784836769104
1485,46,1,136,D:\Skripsi\Experiment\data\raw\RGB2\S46\AC1\RGB2_SUB46ACT1F136.jpg,0,0,0.45701634883880615
1486,46,1,151,D:\Skripsi\Experiment\data\raw\RGB2\S46\AC1\RGB2_SUB46ACT1F151.jpg,0,1,0.5880686640739441
1487,46,1,16,D:\Skripsi\Experiment\data\raw\RGB2\S46\AC1\RGB2_SUB46ACT1F16.jpg,0,0,0.3882569670677185
1488,46,1,166,D:\Skripsi\Experiment\data\raw\RGB2\S46\AC1\RGB2_SUB46ACT1F166.jpg,0,0,0.4270040988922119
1489,46,1,181,D:\Skripsi\Experiment\data\raw\RGB2\S46\AC1\RGB2_SUB46ACT1F181.jpg,0,0,0.3427397310733795
1490,46,1,196,D:\Skripsi\Experiment\data\raw\RGB2\S46\AC1\RGB2_SUB46ACT1F196.jpg,0,0,0.45454567670822144
1491,46,1,211,D:\Skripsi\Experiment\data\raw\RGB2\S46\AC1\RGB2_SUB46ACT1F211.jpg,0,1,0.5023080110549927
1492,46,1,226,D:\Skripsi\Experiment\data\raw\RGB2\S46\AC1\RGB2_SUB46ACT1F226.jpg,0,1,0.528725802898407
1493,46,1,241,D:\Skripsi\Experiment\data\raw\RGB2\S46\AC1\RGB2_SUB46ACT1F241.jpg,0,0,0.34071847796440125
1494,46,1,256,D:\Skripsi\Experiment\data\raw\RGB2\S46\AC1\RGB2_SUB46ACT1F256.jpg,0,1,0.5009193420410156
1495,46,1,31,D:\Skripsi\Experiment\data\raw\RGB2\S46\AC1\RGB2_SUB46ACT1F31.jpg,0,0,0.40109285712242126
1496,46,1,46,D:\Skripsi\Experiment\data\raw\RGB2\S46\AC1\RGB2_SUB46ACT1F46.jpg,0,1,0.5243523120880127
1497,46,1,61,D:\Skripsi\Experiment\data\raw\RGB2\S46\AC1\RGB2_SUB46ACT1F61.jpg,0,1,0.5082910060882568
1498,46,1,76,D:\Skripsi\Experiment\data\raw\RGB2\S46\AC1\RGB2_SUB46ACT1F76.jpg,0,0,0.3815830945968628
1499,46,1,91,D:\Skripsi\Experiment\data\raw\RGB2\S46\AC1\RGB2_SUB46ACT1F91.jpg,0,0,0.39138853549957275
1500,46,5,1,D:\Skripsi\Experiment\data\raw\RGB2\S46\AC5\RGB2_SUB46ACT5F1.jpg,1,1,0.6075368523597717
1501,46,5,106,D:\Skripsi\Experiment\data\raw\RGB2\S46\AC5\RGB2_SUB46ACT5F106.jpg,1,0,0.4858410358428955
1502,46,5,121,D:\Skripsi\Experiment\data\raw\RGB2\S46\AC5\RGB2_SUB46ACT5F121.jpg,1,0,0.4771859645843506
1503,46,5,16,D:\Skripsi\Experiment\data\raw\RGB2\S46\AC5\RGB2_SUB46ACT5F16.jpg,1,1,0.5618136525154114
1504,46,5,31,D:\Skripsi\Experiment\data\raw\RGB2\S46\AC5\RGB2_SUB46ACT5F31.jpg,1,1,0.559136688709259
1505,46,5,46,D:\Skripsi\Experiment\data\raw\RGB2\S46\AC5\RGB2_SUB46ACT5F46.jpg,1,1,0.5734639167785645
1506,46,5,61,D:\Skripsi\Experiment\data\raw\RGB2\S46\AC5\RGB2_SUB46ACT5F61.jpg,1,0,0.47871097922325134
1507,46,5,76,D:\Skripsi\Experiment\data\raw\RGB2\S46\AC5\RGB2_SUB46ACT5F76.jpg,1,1,0.5740931034088135
1508,46,5,91,D:\Skripsi\Experiment\data\raw\RGB2\S46\AC5\RGB2_SUB46ACT5F91.jpg,1,1,0.5675618052482605
1509,46,6,1,D:\Skripsi\Experiment\data\raw\RGB2\S46\AC6\RGB2_SUB46ACT6F1.jpg,1,1,0.7109230756759644
1510,46,6,106,D:\Skripsi\Experiment\data\raw\RGB2\S46\AC6\RGB2_SUB46ACT6F106.jpg,1,1,0.5379087328910828
1511,46,6,121,D:\Skripsi\Experiment\data\raw\RGB2\S46\AC6\RGB2_SUB46ACT6F121.jpg,1,1,0.6021090149879456
1512,46,6,136,D:\Skripsi\Experiment\data\raw\RGB2\S46\AC6\RGB2_SUB46ACT6F136.jpg,1,1,0.5265344381332397
1513,46,6,16,D:\Skripsi\Experiment\data\raw\RGB2\S46\AC6\RGB2_SUB46ACT6F16.jpg,1,1,0.5615214109420776
1514,46,6,31,D:\Skripsi\Experiment\data\raw\RGB2\S46\AC6\RGB2_SUB46ACT6F31.jpg,1,0,0.405215322971344
1515,46,6,46,D:\Skripsi\Experiment\data\raw\RGB2\S46\AC6\RGB2_SUB46ACT6F46.jpg,1,0,0.42258796095848083
1516,46,6,61,D:\Skripsi\Experiment\data\raw\RGB2\S46\AC6\RGB2_SUB46ACT6F61.jpg,1,0,0.47326937317848206
1517,46,6,76,D:\Skripsi\Experiment\data\raw\RGB2\S46\AC6\RGB2_SUB46ACT6F76.jpg,1,0,0.4614851474761963
1518,46,6,91,D:\Skripsi\Experiment\data\raw\RGB2\S46\AC6\RGB2_SUB46ACT6F91.jpg,1,0,0.47369518876075745
1519,46,7,1,D:\Skripsi\Experiment\data\raw\RGB2\S46\AC7\RGB2_SUB46ACT7F1.jpg,1,1,0.5303090214729309
1520,46,7,106,D:\Skripsi\Experiment\data\raw\RGB2\S46\AC7\RGB2_SUB46ACT7F106.jpg,1,0,0.4919915497303009
1521,46,7,121,D:\Skripsi\Experiment\data\raw\RGB2\S46\AC7\RGB2_SUB46ACT7F121.jpg,1,1,0.5556519627571106
1522,46,7,136,D:\Skripsi\Experiment\data\raw\RGB2\S46\AC7\RGB2_SUB46ACT7F136.jpg,1,1,0.5292143821716309
1523,46,7,16,D:\Skripsi\Experiment\data\raw\RGB2\S46\AC7\RGB2_SUB46ACT7F16.jpg,1,1,0.5812556147575378
1524,46,7,31,D:\Skripsi\Experiment\data\raw\RGB2\S46\AC7\RGB2_SUB46ACT7F31.jpg,1,1,0.6001908779144287
1525,46,7,46,D:\Skripsi\Experiment\data\raw\RGB2\S46\AC7\RGB2_SUB46ACT7F46.jpg,1,1,0.5871134996414185
1526,46,7,61,D:\Skripsi\Experiment\data\raw\RGB2\S46\AC7\RGB2_SUB46ACT7F61.jpg,1,1,0.7087791562080383
1527,46,7,76,D:\Skripsi\Experiment\data\raw\RGB2\S46\AC7\RGB2_SUB46ACT7F76.jpg,1,1,0.6010041236877441
1528,46,7,91,D:\Skripsi\Experiment\data\raw\RGB2\S46\AC7\RGB2_SUB46ACT7F91.jpg,1,1,0.6155290007591248
1529,46,8,1,D:\Skripsi\Experiment\data\raw\RGB2\S46\AC8\RGB2_SUB46ACT8F1.jpg,1,0,0.4162772297859192
1530,46,8,106,D:\Skripsi\Experiment\data\raw\RGB2\S46\AC8\RGB2_SUB46ACT8F106.jpg,1,0,0.3704891800880432
1531,46,8,121,D:\Skripsi\Experiment\data\raw\RGB2\S46\AC8\RGB2_SUB46ACT8F121.jpg,1,0,0.3348482847213745
1532,46,8,136,D:\Skripsi\Experiment\data\raw\RGB2\S46\AC8\RGB2_SUB46ACT8F136.jpg,1,0,0.40625736117362976
1533,46,8,151,D:\Skripsi\Experiment\data\raw\RGB2\S46\AC8\RGB2_SUB46ACT8F151.jpg,1,0,0.398855060338974
1534,46,8,16,D:\Skripsi\Experiment\data\raw\RGB2\S46\AC8\RGB2_SUB46ACT8F16.jpg,1,0,0.3628852367401123
1535,46,8,31,D:\Skripsi\Experiment\data\raw\RGB2\S46\AC8\RGB2_SUB46ACT8F31.jpg,1,0,0.3789537250995636
1536,46,8,46,D:\Skripsi\Experiment\data\raw\RGB2\S46\AC8\RGB2_SUB46ACT8F46.jpg,1,0,0.4257739186286926
1537,46,8,61,D:\Skripsi\Experiment\data\raw\RGB2\S46\AC8\RGB2_SUB46ACT8F61.jpg,1,0,0.36771339178085327
1538,46,8,76,D:\Skripsi\Experiment\data\raw\RGB2\S46\AC8\RGB2_SUB46ACT8F76.jpg,1,0,0.3883090615272522
1539,46,8,91,D:\Skripsi\Experiment\data\raw\RGB2\S46\AC8\RGB2_SUB46ACT8F91.jpg,1,0,0.4240272641181946
1540,46,9,1,D:\Skripsi\Experiment\data\raw\RGB2\S46\AC9\RGB2_SUB46ACT9F1.jpg,1,0,0.4619353711605072
1541,46,9,16,D:\Skripsi\Experiment\data\raw\RGB2\S46\AC9\RGB2_SUB46ACT9F16.jpg,1,0,0.3599817752838135
1542,46,9,31,D:\Skripsi\Experiment\data\raw\RGB2\S46\AC9\RGB2_SUB46ACT9F31.jpg,1,0,0.36706778407096863
1543,46,9,46,D:\Skripsi\Experiment\data\raw\RGB2\S46\AC9\RGB2_SUB46ACT9F46.jpg,1,0,0.40160953998565674
1544,46,9,61,D:\Skripsi\Experiment\data\raw\RGB2\S46\AC9\RGB2_SUB46ACT9F61.jpg,1,0,0.43371403217315674
1545,46,9,76,D:\Skripsi\Experiment\data\raw\RGB2\S46\AC9\RGB2_SUB46ACT9F76.jpg,1,0,0.42705458402633667
1546,47,1,1,D:\Skripsi\Experiment\data\raw\RGB2\S47\AC1\RGB2_SUB47ACT1F1.jpg,0,0,0.4150039255619049
1547,47,1,106,D:\Skripsi\Experiment\data\raw\RGB2\S47\AC1\RGB2_SUB47ACT1F106.jpg,0,0,0.3257732391357422
1548,47,1,121,D:\Skripsi\Experiment\data\raw\RGB2\S47\AC1\RGB2_SUB47ACT1F121.jpg,0,0,0.34692347049713135
1549,47,1,136,D:\Skripsi\Experiment\data\raw\RGB2\S47\AC1\RGB2_SUB47ACT1F136.jpg,0,0,0.2724562883377075
1550,47,1,151,D:\Skripsi\Experiment\data\raw\RGB2\S47\AC1\RGB2_SUB47ACT1F151.jpg,0,0,0.44074368476867676
1551,47,1,16,D:\Skripsi\Experiment\data\raw\RGB2\S47\AC1\RGB2_SUB47ACT1F16.jpg,0,0,0.3340587615966797
1552,47,1,166,D:\Skripsi\Experiment\data\raw\RGB2\S47\AC1\RGB2_SUB47ACT1F166.jpg,0,0,0.468450665473938
1553,47,1,181,D:\Skripsi\Experiment\data\raw\RGB2\S47\AC1\RGB2_SUB47ACT1F181.jpg,0,0,0.42255663871765137
1554,47,1,196,D:\Skripsi\Experiment\data\raw\RGB2\S47\AC1\RGB2_SUB47ACT1F196.jpg,0,0,0.4658716022968292
1555,47,1,31,D:\Skripsi\Experiment\data\raw\RGB2\S47\AC1\RGB2_SUB47ACT1F31.jpg,0,0,0.419616162776947
1556,47,1,46,D:\Skripsi\Experiment\data\raw\RGB2\S47\AC1\RGB2_SUB47ACT1F46.jpg,0,0,0.35325169563293457
1557,47,1,61,D:\Skripsi\Experiment\data\raw\RGB2\S47\AC1\RGB2_SUB47ACT1F61.jpg,0,0,0.35139304399490356
1558,47,1,76,D:\Skripsi\Experiment\data\raw\RGB2\S47\AC1\RGB2_SUB47ACT1F76.jpg,0,0,0.35875457525253296
1559,47,1,91,D:\Skripsi\Experiment\data\raw\RGB2\S47\AC1\RGB2_SUB47ACT1F91.jpg,0,0,0.33101779222488403
1560,47,5,1,D:\Skripsi\Experiment\data\raw\RGB2\S47\AC5\RGB2_SUB47ACT5F1.jpg,1,0,0.48606303334236145
1561,47,5,16,D:\Skripsi\Experiment\data\raw\RGB2\S47\AC5\RGB2_SUB47ACT5F16.jpg,1,1,0.6541327238082886
1562,47,5,31,D:\Skripsi\Experiment\data\raw\RGB2\S47\AC5\RGB2_SUB47ACT5F31.jpg,1,1,0.5950965881347656
1563,47,5,46,D:\Skripsi\Experiment\data\raw\RGB2\S47\AC5\RGB2_SUB47ACT5F46.jpg,1,1,0.607303261756897
1564,47,5,61,D:\Skripsi\Experiment\data\raw\RGB2\S47\AC5\RGB2_SUB47ACT5F61.jpg,1,0,0.4824112355709076
1565,47,5,76,D:\Skripsi\Experiment\data\raw\RGB2\S47\AC5\RGB2_SUB47ACT5F76.jpg,1,0,0.48702454566955566
1566,47,5,91,D:\Skripsi\Experiment\data\raw\RGB2\S47\AC5\RGB2_SUB47ACT5F91.jpg,1,1,0.6144105792045593
1567,47,6,1,D:\Skripsi\Experiment\data\raw\RGB2\S47\AC6\RGB2_SUB47ACT6F1.jpg,1,0,0.4457246959209442
1568,47,6,106,D:\Skripsi\Experiment\data\raw\RGB2\S47\AC6\RGB2_SUB47ACT6F106.jpg,1,1,0.5038910508155823
1569,47,6,16,D:\Skripsi\Experiment\data\raw\RGB2\S47\AC6\RGB2_SUB47ACT6F16.jpg,1,1,0.579307496547699
1570,47,6,31,D:\Skripsi\Experiment\data\raw\RGB2\S47\AC6\RGB2_SUB47ACT6F31.jpg,1,0,0.49227258563041687
1571,47,6,46,D:\Skripsi\Experiment\data\raw\RGB2\S47\AC6\RGB2_SUB47ACT6F46.jpg,1,0,0.4106569290161133
1572,47,6,61,D:\Skripsi\Experiment\data\raw\RGB2\S47\AC6\RGB2_SUB47ACT6F61.jpg,1,1,0.5349282622337341
1573,47,6,76,D:\Skripsi\Experiment\data\raw\RGB2\S47\AC6\RGB2_SUB47ACT6F76.jpg,1,1,0.5512416958808899
1574,47,6,91,D:\Skripsi\Experiment\data\raw\RGB2\S47\AC6\RGB2_SUB47ACT6F91.jpg,1,1,0.5392243266105652
1575,47,7,1,D:\Skripsi\Experiment\data\raw\RGB2\S47\AC7\RGB2_SUB47ACT7F1.jpg,1,1,0.5175842642784119
1576,47,7,106,D:\Skripsi\Experiment\data\raw\RGB2\S47\AC7\RGB2_SUB47ACT7F106.jpg,1,0,0.44406750798225403
1577,47,7,121,D:\Skripsi\Experiment\data\raw\RGB2\S47\AC7\RGB2_SUB47ACT7F121.jpg,1,1,0.5220217108726501
1578,47,7,136,D:\Skripsi\Experiment\data\raw\RGB2\S47\AC7\RGB2_SUB47ACT7F136.jpg,1,0,0.3958319425582886
1579,47,7,151,D:\Skripsi\Experiment\data\raw\RGB2\S47\AC7\RGB2_SUB47ACT7F151.jpg,1,1,0.5223408341407776
1580,47,7,16,D:\Skripsi\Experiment\data\raw\RGB2\S47\AC7\RGB2_SUB47ACT7F16.jpg,1,0,0.3987339735031128
1581,47,7,166,D:\Skripsi\Experiment\data\raw\RGB2\S47\AC7\RGB2_SUB47ACT7F166.jpg,1,0,0.42619794607162476
1582,47,7,31,D:\Skripsi\Experiment\data\raw\RGB2\S47\AC7\RGB2_SUB47ACT7F31.jpg,1,0,0.33855918049812317
1583,47,7,46,D:\Skripsi\Experiment\data\raw\RGB2\S47\AC7\RGB2_SUB47ACT7F46.jpg,1,0,0.4446370303630829
1584,47,7,61,D:\Skripsi\Experiment\data\raw\RGB2\S47\AC7\RGB2_SUB47ACT7F61.jpg,1,0,0.38099566102027893
1585,47,7,76,D:\Skripsi\Experiment\data\raw\RGB2\S47\AC7\RGB2_SUB47ACT7F76.jpg,1,0,0.40341904759407043
1586,47,7,91,D:\Skripsi\Experiment\data\raw\RGB2\S47\AC7\RGB2_SUB47ACT7F91.jpg,1,0,0.3769591152667999
1587,47,8,1,D:\Skripsi\Experiment\data\raw\RGB2\S47\AC8\RGB2_SUB47ACT8F1.jpg,1,0,0.44526004791259766
1588,47,8,106,D:\Skripsi\Experiment\data\raw\RGB2\S47\AC8\RGB2_SUB47ACT8F106.jpg,1,0,0.4687440097332001
1589,47,8,121,D:\Skripsi\Experiment\data\raw\RGB2\S47\AC8\RGB2_SUB47ACT8F121.jpg,1,0,0.4012622833251953
1590,47,8,136,D:\Skripsi\Experiment\data\raw\RGB2\S47\AC8\RGB2_SUB47ACT8F136.jpg,1,1,0.507966160774231
1591,47,8,151,D:\Skripsi\Experiment\data\raw\RGB2\S47\AC8\RGB2_SUB47ACT8F151.jpg,1,0,0.4999917447566986
1592,47,8,16,D:\Skripsi\Experiment\data\raw\RGB2\S47\AC8\RGB2_SUB47ACT8F16.jpg,1,0,0.47950372099876404
1593,47,8,31,D:\Skripsi\Experiment\data\raw\RGB2\S47\AC8\RGB2_SUB47ACT8F31.jpg,1,0,0.46882885694503784
1594,47,8,46,D:\Skripsi\Experiment\data\raw\RGB2\S47\AC8\RGB2_SUB47ACT8F46.jpg,1,0,0.49918195605278015
1595,47,8,61,D:\Skripsi\Experiment\data\raw\RGB2\S47\AC8\RGB2_SUB47ACT8F61.jpg,1,1,0.5250930786132812
1596,47,8,76,D:\Skripsi\Experiment\data\raw\RGB2\S47\AC8\RGB2_SUB47ACT8F76.jpg,1,0,0.46559324860572815
1597,47,8,91,D:\Skripsi\Experiment\data\raw\RGB2\S47\AC8\RGB2_SUB47ACT8F91.jpg,1,0,0.462639182806015
1598,47,9,1,D:\Skripsi\Experiment\data\raw\RGB2\S47\AC9\RGB2_SUB47ACT9F1.jpg,1,1,0.5176669955253601
1599,47,9,106,D:\Skripsi\Experiment\data\raw\RGB2\S47\AC9\RGB2_SUB47ACT9F106.jpg,1,1,0.5719770193099976
1600,47,9,121,D:\Skripsi\Experiment\data\raw\RGB2\S47\AC9\RGB2_SUB47ACT9F121.jpg,1,0,0.35505762696266174
1601,47,9,136,D:\Skripsi\Experiment\data\raw\RGB2\S47\AC9\RGB2_SUB47ACT9F136.jpg,1,1,0.6836501955986023
1602,47,9,151,D:\Skripsi\Experiment\data\raw\RGB2\S47\AC9\RGB2_SUB47ACT9F151.jpg,1,0,0.45449721813201904
1603,47,9,16,D:\Skripsi\Experiment\data\raw\RGB2\S47\AC9\RGB2_SUB47ACT9F16.jpg,1,1,0.5928266048431396
1604,47,9,31,D:\Skripsi\Experiment\data\raw\RGB2\S47\AC9\RGB2_SUB47ACT9F31.jpg,1,1,0.5524173378944397
1605,47,9,46,D:\Skripsi\Experiment\data\raw\RGB2\S47\AC9\RGB2_SUB47ACT9F46.jpg,1,1,0.5787316560745239
1606,47,9,61,D:\Skripsi\Experiment\data\raw\RGB2\S47\AC9\RGB2_SUB47ACT9F61.jpg,1,1,0.5236804485321045
1607,47,9,76,D:\Skripsi\Experiment\data\raw\RGB2\S47\AC9\RGB2_SUB47ACT9F76.jpg,1,1,0.6547269821166992
1608,47,9,91,D:\Skripsi\Experiment\data\raw\RGB2\S47\AC9\RGB2_SUB47ACT9F91.jpg,1,1,0.6309535503387451
1609,48,1,1,D:\Skripsi\Experiment\data\raw\RGB2\S48\AC1\RGB2_SUB48ACT1F1.jpg,0,0,0.47622233629226685
1610,48,1,106,D:\Skripsi\Experiment\data\raw\RGB2\S48\AC1\RGB2_SUB48ACT1F106.jpg,0,1,0.5459705591201782
1611,48,1,121,D:\Skripsi\Experiment\data\raw\RGB2\S48\AC1\RGB2_SUB48ACT1F121.jpg,0,1,0.5276786684989929
1612,48,1,16,D:\Skripsi\Experiment\data\raw\RGB2\S48\AC1\RGB2_SUB48ACT1F16.jpg,0,1,0.5330329537391663
1613,48,1,31,D:\Skripsi\Experiment\data\raw\RGB2\S48\AC1\RGB2_SUB48ACT1F31.jpg,0,1,0.5824483036994934
1614,48,1,46,D:\Skripsi\Experiment\data\raw\RGB2\S48\AC1\RGB2_SUB48ACT1F46.jpg,0,1,0.5217177867889404
1615,48,1,61,D:\Skripsi\Experiment\data\raw\RGB2\S48\AC1\RGB2_SUB48ACT1F61.jpg,0,1,0.5482880473136902
1616,48,1,76,D:\Skripsi\Experiment\data\raw\RGB2\S48\AC1\RGB2_SUB48ACT1F76.jpg,0,1,0.557712972164154
1617,48,1,91,D:\Skripsi\Experiment\data\raw\RGB2\S48\AC1\RGB2_SUB48ACT1F91.jpg,0,1,0.5200972557067871
1618,48,5,1,D:\Skripsi\Experiment\data\raw\RGB2\S48\AC5\RGB2_SUB48ACT5F1.jpg,1,0,0.469258576631546
1619,48,5,106,D:\Skripsi\Experiment\data\raw\RGB2\S48\AC5\RGB2_SUB48ACT5F106.jpg,1,1,0.5298876166343689
1620,48,5,121,D:\Skripsi\Experiment\data\raw\RGB2\S48\AC5\RGB2_SUB48ACT5F121.jpg,1,1,0.5526543855667114
1621,48,5,136,D:\Skripsi\Experiment\data\raw\RGB2\S48\AC5\RGB2_SUB48ACT5F136.jpg,1,0,0.45444202423095703
1622,48,5,16,D:\Skripsi\Experiment\data\raw\RGB2\S48\AC5\RGB2_SUB48ACT5F16.jpg,1,1,0.6281939744949341
1623,48,5,31,D:\Skripsi\Experiment\data\raw\RGB2\S48\AC5\RGB2_SUB48ACT5F31.jpg,1,1,0.7592267394065857
1624,48,5,46,D:\Skripsi\Experiment\data\raw\RGB2\S48\AC5\RGB2_SUB48ACT5F46.jpg,1,1,0.621152937412262
1625,48,5,61,D:\Skripsi\Experiment\data\raw\RGB2\S48\AC5\RGB2_SUB48ACT5F61.jpg,1,1,0.6691260933876038
1626,48,5,76,D:\Skripsi\Experiment\data\raw\RGB2\S48\AC5\RGB2_SUB48ACT5F76.jpg,1,1,0.6837621927261353
1627,48,5,91,D:\Skripsi\Experiment\data\raw\RGB2\S48\AC5\RGB2_SUB48ACT5F91.jpg,1,1,0.7101781368255615
1628,48,6,1,D:\Skripsi\Experiment\data\raw\RGB2\S48\AC6\RGB2_SUB48ACT6F1.jpg,1,0,0.4884241223335266
1629,48,6,16,D:\Skripsi\Experiment\data\raw\RGB2\S48\AC6\RGB2_SUB48ACT6F16.jpg,1,1,0.535797119140625
1630,48,6,31,D:\Skripsi\Experiment\data\raw\RGB2\S48\AC6\RGB2_SUB48ACT6F31.jpg,1,1,0.6086121797561646
1631,48,6,46,D:\Skripsi\Experiment\data\raw\RGB2\S48\AC6\RGB2_SUB48ACT6F46.jpg,1,1,0.5693935751914978
1632,48,6,61,D:\Skripsi\Experiment\data\raw\RGB2\S48\AC6\RGB2_SUB48ACT6F61.jpg,1,1,0.6129064559936523
1633,48,6,76,D:\Skripsi\Experiment\data\raw\RGB2\S48\AC6\RGB2_SUB48ACT6F76.jpg,1,0,0.46333014965057373
1634,48,6,91,D:\Skripsi\Experiment\data\raw\RGB2\S48\AC6\RGB2_SUB48ACT6F91.jpg,1,1,0.5424066781997681
1635,48,7,1,D:\Skripsi\Experiment\data\raw\RGB2\S48\AC7\RGB2_SUB48ACT7F1.jpg,1,0,0.3340803384780884
1636,48,7,106,D:\Skripsi\Experiment\data\raw\RGB2\S48\AC7\RGB2_SUB48ACT7F106.jpg,1,0,0.4760631322860718
1637,48,7,121,D:\Skripsi\Experiment\data\raw\RGB2\S48\AC7\RGB2_SUB48ACT7F121.jpg,1,1,0.5505771040916443
1638,48,7,136,D:\Skripsi\Experiment\data\raw\RGB2\S48\AC7\RGB2_SUB48ACT7F136.jpg,1,0,0.44879409670829773
1639,48,7,151,D:\Skripsi\Experiment\data\raw\RGB2\S48\AC7\RGB2_SUB48ACT7F151.jpg,1,1,0.520715057849884
1640,48,7,16,D:\Skripsi\Experiment\data\raw\RGB2\S48\AC7\RGB2_SUB48ACT7F16.jpg,1,0,0.44837120175361633
1641,48,7,166,D:\Skripsi\Experiment\data\raw\RGB2\S48\AC7\RGB2_SUB48ACT7F166.jpg,1,1,0.6370143294334412
1642,48,7,181,D:\Skripsi\Experiment\data\raw\RGB2\S48\AC7\RGB2_SUB48ACT7F181.jpg,1,1,0.6722888946533203
1643,48,7,31,D:\Skripsi\Experiment\data\raw\RGB2\S48\AC7\RGB2_SUB48ACT7F31.jpg,1,1,0.5327717065811157
1644,48,7,46,D:\Skripsi\Experiment\data\raw\RGB2\S48\AC7\RGB2_SUB48ACT7F46.jpg,1,0,0.4045407772064209
1645,48,7,61,D:\Skripsi\Experiment\data\raw\RGB2\S48\AC7\RGB2_SUB48ACT7F61.jpg,1,1,0.6208946108818054
1646,48,7,76,D:\Skripsi\Experiment\data\raw\RGB2\S48\AC7\RGB2_SUB48ACT7F76.jpg,1,0,0.44025400280952454
1647,48,7,91,D:\Skripsi\Experiment\data\raw\RGB2\S48\AC7\RGB2_SUB48ACT7F91.jpg,1,1,0.6693779826164246
1648,48,8,1,D:\Skripsi\Experiment\data\raw\RGB2\S48\AC8\RGB2_SUB48ACT8F1.jpg,1,1,0.6453863382339478
1649,48,8,106,D:\Skripsi\Experiment\data\raw\RGB2\S48\AC8\RGB2_SUB48ACT8F106.jpg,1,1,0.6468304395675659
1650,48,8,121,D:\Skripsi\Experiment\data\raw\RGB2\S48\AC8\RGB2_SUB48ACT8F121.jpg,1,0,0.4908696711063385
1651,48,8,136,D:\Skripsi\Experiment\data\raw\RGB2\S48\AC8\RGB2_SUB48ACT8F136.jpg,1,0,0.4656723439693451
1652,48,8,151,D:\Skripsi\Experiment\data\raw\RGB2\S48\AC8\RGB2_SUB48ACT8F151.jpg,1,1,0.5547489523887634
1653,48,8,16,D:\Skripsi\Experiment\data\raw\RGB2\S48\AC8\RGB2_SUB48ACT8F16.jpg,1,1,0.5492093563079834
1654,48,8,166,D:\Skripsi\Experiment\data\raw\RGB2\S48\AC8\RGB2_SUB48ACT8F166.jpg,1,1,0.5620604157447815
1655,48,8,181,D:\Skripsi\Experiment\data\raw\RGB2\S48\AC8\RGB2_SUB48ACT8F181.jpg,1,1,0.5666605234146118
1656,48,8,31,D:\Skripsi\Experiment\data\raw\RGB2\S48\AC8\RGB2_SUB48ACT8F31.jpg,1,1,0.5496836304664612
1657,48,8,46,D:\Skripsi\Experiment\data\raw\RGB2\S48\AC8\RGB2_SUB48ACT8F46.jpg,1,1,0.628423810005188
1658,48,8,61,D:\Skripsi\Experiment\data\raw\RGB2\S48\AC8\RGB2_SUB48ACT8F61.jpg,1,1,0.5045366287231445
1659,48,8,76,D:\Skripsi\Experiment\data\raw\RGB2\S48\AC8\RGB2_SUB48ACT8F76.jpg,1,1,0.5976167917251587
1660,48,8,91,D:\Skripsi\Experiment\data\raw\RGB2\S48\AC8\RGB2_SUB48ACT8F91.jpg,1,1,0.5015963912010193
1661,48,9,1,D:\Skripsi\Experiment\data\raw\RGB2\S48\AC9\RGB2_SUB48ACT9F1.jpg,1,1,0.5723085403442383
1662,48,9,106,D:\Skripsi\Experiment\data\raw\RGB2\S48\AC9\RGB2_SUB48ACT9F106.jpg,1,1,0.8282514214515686
1663,48,9,121,D:\Skripsi\Experiment\data\raw\RGB2\S48\AC9\RGB2_SUB48ACT9F121.jpg,1,1,0.5827386379241943
1664,48,9,136,D:\Skripsi\Experiment\data\raw\RGB2\S48\AC9\RGB2_SUB48ACT9F136.jpg,1,1,0.6844624280929565
1665,48,9,151,D:\Skripsi\Experiment\data\raw\RGB2\S48\AC9\RGB2_SUB48ACT9F151.jpg,1,1,0.5026373267173767
1666,48,9,16,D:\Skripsi\Experiment\data\raw\RGB2\S48\AC9\RGB2_SUB48ACT9F16.jpg,1,1,0.6750302910804749
1667,48,9,166,D:\Skripsi\Experiment\data\raw\RGB2\S48\AC9\RGB2_SUB48ACT9F166.jpg,1,1,0.541049063205719
1668,48,9,31,D:\Skripsi\Experiment\data\raw\RGB2\S48\AC9\RGB2_SUB48ACT9F31.jpg,1,1,0.6621096730232239
1669,48,9,46,D:\Skripsi\Experiment\data\raw\RGB2\S48\AC9\RGB2_SUB48ACT9F46.jpg,1,1,0.7276251912117004
1670,48,9,61,D:\Skripsi\Experiment\data\raw\RGB2\S48\AC9\RGB2_SUB48ACT9F61.jpg,1,1,0.6894819140434265
1671,48,9,76,D:\Skripsi\Experiment\data\raw\RGB2\S48\AC9\RGB2_SUB48ACT9F76.jpg,1,1,0.6061971187591553
1672,48,9,91,D:\Skripsi\Experiment\data\raw\RGB2\S48\AC9\RGB2_SUB48ACT9F91.jpg,1,1,0.7954814434051514
1673,49,1,1,D:\Skripsi\Experiment\data\raw\RGB2\S49\AC1\RGB2_SUB49ACT1F1.jpg,0,1,0.5872130393981934
1674,49,1,106,D:\Skripsi\Experiment\data\raw\RGB2\S49\AC1\RGB2_SUB49ACT1F106.jpg,0,0,0.4907483160495758
1675,49,1,121,D:\Skripsi\Experiment\data\raw\RGB2\S49\AC1\RGB2_SUB49ACT1F121.jpg,0,1,0.5456951856613159
1676,49,1,136,D:\Skripsi\Experiment\data\raw\RGB2\S49\AC1\RGB2_SUB49ACT1F136.jpg,0,1,0.5732664465904236
1677,49,1,151,D:\Skripsi\Experiment\data\raw\RGB2\S49\AC1\RGB2_SUB49ACT1F151.jpg,0,0,0.4387381672859192
1678,49,1,16,D:\Skripsi\Experiment\data\raw\RGB2\S49\AC1\RGB2_SUB49ACT1F16.jpg,0,1,0.560333788394928
1679,49,1,166,D:\Skripsi\Experiment\data\raw\RGB2\S49\AC1\RGB2_SUB49ACT1F166.jpg,0,1,0.5333939790725708
1680,49,1,31,D:\Skripsi\Experiment\data\raw\RGB2\S49\AC1\RGB2_SUB49ACT1F31.jpg,0,1,0.5150727033615112
1681,49,1,46,D:\Skripsi\Experiment\data\raw\RGB2\S49\AC1\RGB2_SUB49ACT1F46.jpg,0,1,0.5664693713188171
1682,49,1,61,D:\Skripsi\Experiment\data\raw\RGB2\S49\AC1\RGB2_SUB49ACT1F61.jpg,0,1,0.5114935636520386
1683,49,1,76,D:\Skripsi\Experiment\data\raw\RGB2\S49\AC1\RGB2_SUB49ACT1F76.jpg,0,1,0.5079249143600464
1684,49,1,91,D:\Skripsi\Experiment\data\raw\RGB2\S49\AC1\RGB2_SUB49ACT1F91.jpg,0,1,0.5186304450035095
1685,49,5,1,D:\Skripsi\Experiment\data\raw\RGB2\S49\AC5\RGB2_SUB49ACT5F1.jpg,1,0,0.48481622338294983
1686,49,5,106,D:\Skripsi\Experiment\data\raw\RGB2\S49\AC5\RGB2_SUB49ACT5F106.jpg,1,1,0.5935302972793579
1687,49,5,121,D:\Skripsi\Experiment\data\raw\RGB2\S49\AC5\RGB2_SUB49ACT5F121.jpg,1,1,0.5169298648834229
1688,49,5,136,D:\Skripsi\Experiment\data\raw\RGB2\S49\AC5\RGB2_SUB49ACT5F136.jpg,1,1,0.7290329337120056
1689,49,5,151,D:\Skripsi\Experiment\data\raw\RGB2\S49\AC5\RGB2_SUB49ACT5F151.jpg,1,0,0.40592098236083984
1690,49,5,16,D:\Skripsi\Experiment\data\raw\RGB2\S49\AC5\RGB2_SUB49ACT5F16.jpg,1,1,0.5833784937858582
1691,49,5,166,D:\Skripsi\Experiment\data\raw\RGB2\S49\AC5\RGB2_SUB49ACT5F166.jpg,1,1,0.5171531438827515
1692,49,5,31,D:\Skripsi\Experiment\data\raw\RGB2\S49\AC5\RGB2_SUB49ACT5F31.jpg,1,0,0.48125386238098145
1693,49,5,46,D:\Skripsi\Experiment\data\raw\RGB2\S49\AC5\RGB2_SUB49ACT5F46.jpg,1,0,0.4275469183921814
1694,49,5,61,D:\Skripsi\Experiment\data\raw\RGB2\S49\AC5\RGB2_SUB49ACT5F61.jpg,1,0,0.45434507727622986
1695,49,5,76,D:\Skripsi\Experiment\data\raw\RGB2\S49\AC5\RGB2_SUB49ACT5F76.jpg,1,1,0.6100417971611023
1696,49,5,91,D:\Skripsi\Experiment\data\raw\RGB2\S49\AC5\RGB2_SUB49ACT5F91.jpg,1,1,0.5467737913131714
1697,49,6,1,D:\Skripsi\Experiment\data\raw\RGB2\S49\AC6\RGB2_SUB49ACT6F1.jpg,1,1,0.5135194063186646
1698,49,6,106,D:\Skripsi\Experiment\data\raw\RGB2\S49\AC6\RGB2_SUB49ACT6F106.jpg,1,0,0.4824032783508301
1699,49,6,121,D:\Skripsi\Experiment\data\raw\RGB2\S49\AC6\RGB2_SUB49ACT6F121.jpg,1,0,0.33619701862335205
1700,49,6,136,D:\Skripsi\Experiment\data\raw\RGB2\S49\AC6\RGB2_SUB49ACT6F136.jpg,1,1,0.5338081121444702
1701,49,6,151,D:\Skripsi\Experiment\data\raw\RGB2\S49\AC6\RGB2_SUB49ACT6F151.jpg,1,1,0.5357418656349182
1702,49,6,16,D:\Skripsi\Experiment\data\raw\RGB2\S49\AC6\RGB2_SUB49ACT6F16.jpg,1,1,0.5179736614227295
1703,49,6,166,D:\Skripsi\Experiment\data\raw\RGB2\S49\AC6\RGB2_SUB49ACT6F166.jpg,1,0,0.4104759693145752
1704,49,6,181,D:\Skripsi\Experiment\data\raw\RGB2\S49\AC6\RGB2_SUB49ACT6F181.jpg,1,1,0.5654454231262207
1705,49,6,31,D:\Skripsi\Experiment\data\raw\RGB2\S49\AC6\RGB2_SUB49ACT6F31.jpg,1,0,0.45226630568504333
1706,49,6,46,D:\Skripsi\Experiment\data\raw\RGB2\S49\AC6\RGB2_SUB49ACT6F46.jpg,1,1,0.5544746518135071
1707,49,6,61,D:\Skripsi\Experiment\data\raw\RGB2\S49\AC6\RGB2_SUB49ACT6F61.jpg,1,1,0.5882935523986816
1708,49,6,76,D:\Skripsi\Experiment\data\raw\RGB2\S49\AC6\RGB2_SUB49ACT6F76.jpg,1,1,0.5251544713973999
1709,49,6,91,D:\Skripsi\Experiment\data\raw\RGB2\S49\AC6\RGB2_SUB49ACT6F91.jpg,1,1,0.5320425033569336
1710,49,7,1,D:\Skripsi\Experiment\data\raw\RGB2\S49\AC7\RGB2_SUB49ACT7F1.jpg,1,0,0.4077589213848114
1711,49,7,106,D:\Skripsi\Experiment\data\raw\RGB2\S49\AC7\RGB2_SUB49ACT7F106.jpg,1,1,0.6489130854606628
1712,49,7,121,D:\Skripsi\Experiment\data\raw\RGB2\S49\AC7\RGB2_SUB49ACT7F121.jpg,1,1,0.6358650922775269
1713,49,7,136,D:\Skripsi\Experiment\data\raw\RGB2\S49\AC7\RGB2_SUB49ACT7F136.jpg,1,1,0.5440032482147217
1714,49,7,16,D:\Skripsi\Experiment\data\raw\RGB2\S49\AC7\RGB2_SUB49ACT7F16.jpg,1,1,0.5128995180130005
1715,49,7,31,D:\Skripsi\Experiment\data\raw\RGB2\S49\AC7\RGB2_SUB49ACT7F31.jpg,1,1,0.5664337873458862
1716,49,7,46,D:\Skripsi\Experiment\data\raw\RGB2\S49\AC7\RGB2_SUB49ACT7F46.jpg,1,1,0.6259688138961792
1717,49,7,61,D:\Skripsi\Experiment\data\raw\RGB2\S49\AC7\RGB2_SUB49ACT7F61.jpg,1,1,0.6717683672904968
1718,49,7,76,D:\Skripsi\Experiment\data\raw\RGB2\S49\AC7\RGB2_SUB49ACT7F76.jpg,1,1,0.6601226329803467
1719,49,7,91,D:\Skripsi\Experiment\data\raw\RGB2\S49\AC7\RGB2_SUB49ACT7F91.jpg,1,1,0.6513990163803101
1720,49,8,1,D:\Skripsi\Experiment\data\raw\RGB2\S49\AC8\RGB2_SUB49ACT8F1.jpg,1,1,0.5494935512542725
1721,49,8,106,D:\Skripsi\Experiment\data\raw\RGB2\S49\AC8\RGB2_SUB49ACT8F106.jpg,1,1,0.559731662273407
1722,49,8,121,D:\Skripsi\Experiment\data\raw\RGB2\S49\AC8\RGB2_SUB49ACT8F121.jpg,1,1,0.574739396572113
1723,49,8,136,D:\Skripsi\Experiment\data\raw\RGB2\S49\AC8\RGB2_SUB49ACT8F136.jpg,1,0,0.40439334511756897
1724,49,8,151,D:\Skripsi\Experiment\data\raw\RGB2\S49\AC8\RGB2_SUB49ACT8F151.jpg,1,1,0.6646344065666199
1725,49,8,16,D:\Skripsi\Experiment\data\raw\RGB2\S49\AC8\RGB2_SUB49ACT8F16.jpg,1,1,0.5558883547782898
1726,49,8,166,D:\Skripsi\Experiment\data\raw\RGB2\S49\AC8\RGB2_SUB49ACT8F166.jpg,1,0,0.3790227770805359
1727,49,8,181,D:\Skripsi\Experiment\data\raw\RGB2\S49\AC8\RGB2_SUB49ACT8F181.jpg,1,0,0.42565688490867615
1728,49,8,196,D:\Skripsi\Experiment\data\raw\RGB2\S49\AC8\RGB2_SUB49ACT8F196.jpg,1,0,0.471415638923645
1729,49,8,211,D:\Skripsi\Experiment\data\raw\RGB2\S49\AC8\RGB2_SUB49ACT8F211.jpg,1,1,0.521396279335022
1730,49,8,31,D:\Skripsi\Experiment\data\raw\RGB2\S49\AC8\RGB2_SUB49ACT8F31.jpg,1,0,0.4638608694076538
1731,49,8,46,D:\Skripsi\Experiment\data\raw\RGB2\S49\AC8\RGB2_SUB49ACT8F46.jpg,1,0,0.4790019392967224
1732,49,8,61,D:\Skripsi\Experiment\data\raw\RGB2\S49\AC8\RGB2_SUB49ACT8F61.jpg,1,1,0.5479829907417297
1733,49,8,76,D:\Skripsi\Experiment\data\raw\RGB2\S49\AC8\RGB2_SUB49ACT8F76.jpg,1,1,0.6048082113265991
1734,49,8,91,D:\Skripsi\Experiment\data\raw\RGB2\S49\AC8\RGB2_SUB49ACT8F91.jpg,1,1,0.5001420378684998
1735,49,9,1,D:\Skripsi\Experiment\data\raw\RGB2\S49\AC9\RGB2_SUB49ACT9F1.jpg,1,1,0.657831072807312
1736,49,9,106,D:\Skripsi\Experiment\data\raw\RGB2\S49\AC9\RGB2_SUB49ACT9F106.jpg,1,0,0.38594794273376465
1737,49,9,121,D:\Skripsi\Experiment\data\raw\RGB2\S49\AC9\RGB2_SUB49ACT9F121.jpg,1,1,0.6646643877029419
1738,49,9,136,D:\Skripsi\Experiment\data\raw\RGB2\S49\AC9\RGB2_SUB49ACT9F136.jpg,1,1,0.7152061462402344
1739,49,9,151,D:\Skripsi\Experiment\data\raw\RGB2\S49\AC9\RGB2_SUB49ACT9F151.jpg,1,1,0.6677144765853882
1740,49,9,16,D:\Skripsi\Experiment\data\raw\RGB2\S49\AC9\RGB2_SUB49ACT9F16.jpg,1,0,0.4533245265483856
1741,49,9,166,D:\Skripsi\Experiment\data\raw\RGB2\S49\AC9\RGB2_SUB49ACT9F166.jpg,1,0,0.46089300513267517
1742,49,9,181,D:\Skripsi\Experiment\data\raw\RGB2\S49\AC9\RGB2_SUB49ACT9F181.jpg,1,0,0.47205299139022827
1743,49,9,196,D:\Skripsi\Experiment\data\raw\RGB2\S49\AC9\RGB2_SUB49ACT9F196.jpg,1,1,0.6145489811897278
1744,49,9,31,D:\Skripsi\Experiment\data\raw\RGB2\S49\AC9\RGB2_SUB49ACT9F31.jpg,1,1,0.582653820514679
1745,49,9,46,D:\Skripsi\Experiment\data\raw\RGB2\S49\AC9\RGB2_SUB49ACT9F46.jpg,1,0,0.46905550360679626
1746,49,9,61,D:\Skripsi\Experiment\data\raw\RGB2\S49\AC9\RGB2_SUB49ACT9F61.jpg,1,0,0.4208090901374817
1747,49,9,76,D:\Skripsi\Experiment\data\raw\RGB2\S49\AC9\RGB2_SUB49ACT9F76.jpg,1,0,0.4488068222999573
1748,49,9,91,D:\Skripsi\Experiment\data\raw\RGB2\S49\AC9\RGB2_SUB49ACT9F91.jpg,1,0,0.375246524810791
1749,5,1,1,D:\Skripsi\Experiment\data\raw\RGB2\S5\AC1\RGB2_SUB5ACT1F1.jpg,0,0,0.40395742654800415
1750,5,1,106,D:\Skripsi\Experiment\data\raw\RGB2\S5\AC1\RGB2_SUB5ACT1F106.jpg,0,0,0.46228736639022827
1751,5,1,121,D:\Skripsi\Experiment\data\raw\RGB2\S5\AC1\RGB2_SUB5ACT1F121.jpg,0,0,0.41331008076667786
1752,5,1,136,D:\Skripsi\Experiment\data\raw\RGB2\S5\AC1\RGB2_SUB5ACT1F136.jpg,0,1,0.5229030847549438
1753,5,1,16,D:\Skripsi\Experiment\data\raw\RGB2\S5\AC1\RGB2_SUB5ACT1F16.jpg,0,0,0.39843064546585083
1754,5,1,31,D:\Skripsi\Experiment\data\raw\RGB2\S5\AC1\RGB2_SUB5ACT1F31.jpg,0,0,0.44392281770706177
1755,5,1,46,D:\Skripsi\Experiment\data\raw\RGB2\S5\AC1\RGB2_SUB5ACT1F46.jpg,0,0,0.4848833680152893
1756,5,1,61,D:\Skripsi\Experiment\data\raw\RGB2\S5\AC1\RGB2_SUB5ACT1F61.jpg,0,1,0.5259373784065247
1757,5,1,76,D:\Skripsi\Experiment\data\raw\RGB2\S5\AC1\RGB2_SUB5ACT1F76.jpg,0,0,0.43935003876686096
1758,5,1,91,D:\Skripsi\Experiment\data\raw\RGB2\S5\AC1\RGB2_SUB5ACT1F91.jpg,0,0,0.4800010919570923
1759,5,5,1,D:\Skripsi\Experiment\data\raw\RGB2\S5\AC5\RGB2_SUB5ACT5F1.jpg,1,0,0.4794771075248718
1760,5,5,106,D:\Skripsi\Experiment\data\raw\RGB2\S5\AC5\RGB2_SUB5ACT5F106.jpg,1,0,0.40749627351760864
1761,5,5,121,D:\Skripsi\Experiment\data\raw\RGB2\S5\AC5\RGB2_SUB5ACT5F121.jpg,1,1,0.5315454602241516
1762,5,5,16,D:\Skripsi\Experiment\data\raw\RGB2\S5\AC5\RGB2_SUB5ACT5F16.jpg,1,1,0.6554273366928101
1763,5,5,31,D:\Skripsi\Experiment\data\raw\RGB2\S5\AC5\RGB2_SUB5ACT5F31.jpg,1,1,0.5661788582801819
1764,5,5,46,D:\Skripsi\Experiment\data\raw\RGB2\S5\AC5\RGB2_SUB5ACT5F46.jpg,1,1,0.6001868844032288
1765,5,5,61,D:\Skripsi\Experiment\data\raw\RGB2\S5\AC5\RGB2_SUB5ACT5F61.jpg,1,0,0.4282759726047516
1766,5,5,76,D:\Skripsi\Experiment\data\raw\RGB2\S5\AC5\RGB2_SUB5ACT5F76.jpg,1,0,0.49135687947273254
1767,5,5,91,D:\Skripsi\Experiment\data\raw\RGB2\S5\AC5\RGB2_SUB5ACT5F91.jpg,1,1,0.5194222927093506
1768,5,6,1,D:\Skripsi\Experiment\data\raw\RGB2\S5\AC6\RGB2_SUB5ACT6F1.jpg,1,1,0.6591628789901733
1769,5,6,106,D:\Skripsi\Experiment\data\raw\RGB2\S5\AC6\RGB2_SUB5ACT6F106.jpg,1,1,0.6642232537269592
1770,5,6,121,D:\Skripsi\Experiment\data\raw\RGB2\S5\AC6\RGB2_SUB5ACT6F121.jpg,1,1,0.6169936060905457
1771,5,6,136,D:\Skripsi\Experiment\data\raw\RGB2\S5\AC6\RGB2_SUB5ACT6F136.jpg,1,0,0.40756580233573914
1772,5,6,16,D:\Skripsi\Experiment\data\raw\RGB2\S5\AC6\RGB2_SUB5ACT6F16.jpg,1,1,0.5723298192024231
1773,5,6,31,D:\Skripsi\Experiment\data\raw\RGB2\S5\AC6\RGB2_SUB5ACT6F31.jpg,1,1,0.6439689993858337
1774,5,6,46,D:\Skripsi\Experiment\data\raw\RGB2\S5\AC6\RGB2_SUB5ACT6F46.jpg,1,1,0.6139820218086243
1775,5,6,61,D:\Skripsi\Experiment\data\raw\RGB2\S5\AC6\RGB2_SUB5ACT6F61.jpg,1,1,0.5252358913421631
1776,5,6,76,D:\Skripsi\Experiment\data\raw\RGB2\S5\AC6\RGB2_SUB5ACT6F76.jpg,1,1,0.6882681250572205
1777,5,6,91,D:\Skripsi\Experiment\data\raw\RGB2\S5\AC6\RGB2_SUB5ACT6F91.jpg,1,1,0.6485021710395813
1778,5,7,1,D:\Skripsi\Experiment\data\raw\RGB2\S5\AC7\RGB2_SUB5ACT7F1.jpg,1,1,0.5505863428115845
1779,5,7,106,D:\Skripsi\Experiment\data\raw\RGB2\S5\AC7\RGB2_SUB5ACT7F106.jpg,1,1,0.6010670065879822
1780,5,7,121,D:\Skripsi\Experiment\data\raw\RGB2\S5\AC7\RGB2_SUB5ACT7F121.jpg,1,1,0.6502076387405396
1781,5,7,136,D:\Skripsi\Experiment\data\raw\RGB2\S5\AC7\RGB2_SUB5ACT7F136.jpg,1,1,0.6195791959762573
1782,5,7,151,D:\Skripsi\Experiment\data\raw\RGB2\S5\AC7\RGB2_SUB5ACT7F151.jpg,1,1,0.6364731788635254
1783,5,7,16,D:\Skripsi\Experiment\data\raw\RGB2\S5\AC7\RGB2_SUB5ACT7F16.jpg,1,1,0.5589325428009033
1784,5,7,31,D:\Skripsi\Experiment\data\raw\RGB2\S5\AC7\RGB2_SUB5ACT7F31.jpg,1,1,0.5982013940811157
1785,5,7,46,D:\Skripsi\Experiment\data\raw\RGB2\S5\AC7\RGB2_SUB5ACT7F46.jpg,1,0,0.4152488112449646
1786,5,7,61,D:\Skripsi\Experiment\data\raw\RGB2\S5\AC7\RGB2_SUB5ACT7F61.jpg,1,1,0.5543885231018066
1787,5,7,76,D:\Skripsi\Experiment\data\raw\RGB2\S5\AC7\RGB2_SUB5ACT7F76.jpg,1,1,0.5480117797851562
1788,5,7,91,D:\Skripsi\Experiment\data\raw\RGB2\S5\AC7\RGB2_SUB5ACT7F91.jpg,1,0,0.47048142552375793
1789,5,8,1,D:\Skripsi\Experiment\data\raw\RGB2\S5\AC8\RGB2_SUB5ACT8F1.jpg,1,0,0.43348240852355957
1790,5,8,106,D:\Skripsi\Experiment\data\raw\RGB2\S5\AC8\RGB2_SUB5ACT8F106.jpg,1,0,0.46513131260871887
1791,5,8,121,D:\Skripsi\Experiment\data\raw\RGB2\S5\AC8\RGB2_SUB5ACT8F121.jpg,1,0,0.48355427384376526
1792,5,8,136,D:\Skripsi\Experiment\data\raw\RGB2\S5\AC8\RGB2_SUB5ACT8F136.jpg,1,0,0.4239717423915863
1793,5,8,151,D:\Skripsi\Experiment\data\raw\RGB2\S5\AC8\RGB2_SUB5ACT8F151.jpg,1,0,0.3512240946292877
1794,5,8,16,D:\Skripsi\Experiment\data\raw\RGB2\S5\AC8\RGB2_SUB5ACT8F16.jpg,1,1,0.5820522308349609
1795,5,8,31,D:\Skripsi\Experiment\data\raw\RGB2\S5\AC8\RGB2_SUB5ACT8F31.jpg,1,1,0.5597314834594727
1796,5,8,46,D:\Skripsi\Experiment\data\raw\RGB2\S5\AC8\RGB2_SUB5ACT8F46.jpg,1,0,0.4172329604625702
1797,5,8,61,D:\Skripsi\Experiment\data\raw\RGB2\S5\AC8\RGB2_SUB5ACT8F61.jpg,1,0,0.43485140800476074
1798,5,8,76,D:\Skripsi\Experiment\data\raw\RGB2\S5\AC8\RGB2_SUB5ACT8F76.jpg,1,0,0.38687843084335327
1799,5,8,91,D:\Skripsi\Experiment\data\raw\RGB2\S5\AC8\RGB2_SUB5ACT8F91.jpg,1,0,0.36783525347709656
1800,5,9,1,D:\Skripsi\Experiment\data\raw\RGB2\S5\AC9\RGB2_SUB5ACT9F1.jpg,1,1,0.5235806703567505
1801,5,9,106,D:\Skripsi\Experiment\data\raw\RGB2\S5\AC9\RGB2_SUB5ACT9F106.jpg,1,0,0.46242737770080566
1802,5,9,121,D:\Skripsi\Experiment\data\raw\RGB2\S5\AC9\RGB2_SUB5ACT9F121.jpg,1,0,0.4386572241783142
1803,5,9,136,D:\Skripsi\Experiment\data\raw\RGB2\S5\AC9\RGB2_SUB5ACT9F136.jpg,1,0,0.3975835144519806
1804,5,9,151,D:\Skripsi\Experiment\data\raw\RGB2\S5\AC9\RGB2_SUB5ACT9F151.jpg,1,0,0.4015863239765167
1805,5,9,16,D:\Skripsi\Experiment\data\raw\RGB2\S5\AC9\RGB2_SUB5ACT9F16.jpg,1,0,0.4846924841403961
1806,5,9,166,D:\Skripsi\Experiment\data\raw\RGB2\S5\AC9\RGB2_SUB5ACT9F166.jpg,1,0,0.483833372592926
1807,5,9,31,D:\Skripsi\Experiment\data\raw\RGB2\S5\AC9\RGB2_SUB5ACT9F31.jpg,1,0,0.46334108710289
1808,5,9,46,D:\Skripsi\Experiment\data\raw\RGB2\S5\AC9\RGB2_SUB5ACT9F46.jpg,1,0,0.4943661391735077
1809,5,9,61,D:\Skripsi\Experiment\data\raw\RGB2\S5\AC9\RGB2_SUB5ACT9F61.jpg,1,0,0.3991267681121826
1810,5,9,76,D:\Skripsi\Experiment\data\raw\RGB2\S5\AC9\RGB2_SUB5ACT9F76.jpg,1,0,0.3477434813976288
1811,5,9,91,D:\Skripsi\Experiment\data\raw\RGB2\S5\AC9\RGB2_SUB5ACT9F91.jpg,1,0,0.3725365698337555
1812,50,1,1,D:\Skripsi\Experiment\data\raw\RGB2\S50\AC1\RGB2_SUB50ACT1F1.jpg,0,0,0.49094605445861816
1813,50,1,106,D:\Skripsi\Experiment\data\raw\RGB2\S50\AC1\RGB2_SUB50ACT1F106.jpg,0,0,0.45591142773628235
1814,50,1,16,D:\Skripsi\Experiment\data\raw\RGB2\S50\AC1\RGB2_SUB50ACT1F16.jpg,0,1,0.550783097743988
1815,50,1,31,D:\Skripsi\Experiment\data\raw\RGB2\S50\AC1\RGB2_SUB50ACT1F31.jpg,0,1,0.5682615041732788
1816,50,1,46,D:\Skripsi\Experiment\data\raw\RGB2\S50\AC1\RGB2_SUB50ACT1F46.jpg,0,1,0.5351997017860413
1817,50,1,61,D:\Skripsi\Experiment\data\raw\RGB2\S50\AC1\RGB2_SUB50ACT1F61.jpg,0,0,0.4358152151107788
1818,50,1,76,D:\Skripsi\Experiment\data\raw\RGB2\S50\AC1\RGB2_SUB50ACT1F76.jpg,0,0,0.39177972078323364
1819,50,1,91,D:\Skripsi\Experiment\data\raw\RGB2\S50\AC1\RGB2_SUB50ACT1F91.jpg,0,0,0.41545990109443665
1820,50,5,1,D:\Skripsi\Experiment\data\raw\RGB2\S50\AC5\RGB2_SUB50ACT5F1.jpg,1,1,0.5819194912910461
1821,50,5,106,D:\Skripsi\Experiment\data\raw\RGB2\S50\AC5\RGB2_SUB50ACT5F106.jpg,1,1,0.5441029071807861
1822,50,5,121,D:\Skripsi\Experiment\data\raw\RGB2\S50\AC5\RGB2_SUB50ACT5F121.jpg,1,0,0.39598241448402405
1823,50,5,16,D:\Skripsi\Experiment\data\raw\RGB2\S50\AC5\RGB2_SUB50ACT5F16.jpg,1,1,0.5932550430297852
1824,50,5,31,D:\Skripsi\Experiment\data\raw\RGB2\S50\AC5\RGB2_SUB50ACT5F31.jpg,1,1,0.5944010615348816
1825,50,5,46,D:\Skripsi\Experiment\data\raw\RGB2\S50\AC5\RGB2_SUB50ACT5F46.jpg,1,1,0.5808488726615906
1826,50,5,61,D:\Skripsi\Experiment\data\raw\RGB2\S50\AC5\RGB2_SUB50ACT5F61.jpg,1,0,0.4346119165420532
1827,50,5,76,D:\Skripsi\Experiment\data\raw\RGB2\S50\AC5\RGB2_SUB50ACT5F76.jpg,1,0,0.4979437589645386
1828,50,5,91,D:\Skripsi\Experiment\data\raw\RGB2\S50\AC5\RGB2_SUB50ACT5F91.jpg,1,0,0.446296751499176
1829,50,6,1,D:\Skripsi\Experiment\data\raw\RGB2\S50\AC6\RGB2_SUB50ACT6F1.jpg,1,0,0.44980791211128235
1830,50,6,106,D:\Skripsi\Experiment\data\raw\RGB2\S50\AC6\RGB2_SUB50ACT6F106.jpg,1,0,0.41327783465385437
1831,50,6,121,D:\Skripsi\Experiment\data\raw\RGB2\S50\AC6\RGB2_SUB50ACT6F121.jpg,1,1,0.5664278268814087
1832,50,6,136,D:\Skripsi\Experiment\data\raw\RGB2\S50\AC6\RGB2_SUB50ACT6F136.jpg,1,1,0.5378961563110352
1833,50,6,16,D:\Skripsi\Experiment\data\raw\RGB2\S50\AC6\RGB2_SUB50ACT6F16.jpg,1,0,0.4964563250541687
1834,50,6,31,D:\Skripsi\Experiment\data\raw\RGB2\S50\AC6\RGB2_SUB50ACT6F31.jpg,1,1,0.5504815578460693
1835,50,6,46,D:\Skripsi\Experiment\data\raw\RGB2\S50\AC6\RGB2_SUB50ACT6F46.jpg,1,1,0.5385902523994446
1836,50,6,61,D:\Skripsi\Experiment\data\raw\RGB2\S50\AC6\RGB2_SUB50ACT6F61.jpg,1,0,0.47044581174850464
1837,50,6,76,D:\Skripsi\Experiment\data\raw\RGB2\S50\AC6\RGB2_SUB50ACT6F76.jpg,1,0,0.3327923119068146
1838,50,6,91,D:\Skripsi\Experiment\data\raw\RGB2\S50\AC6\RGB2_SUB50ACT6F91.jpg,1,0,0.4667893648147583
1839,50,7,1,D:\Skripsi\Experiment\data\raw\RGB2\S50\AC7\RGB2_SUB50ACT7F1.jpg,1,1,0.565216600894928
1840,50,7,106,D:\Skripsi\Experiment\data\raw\RGB2\S50\AC7\RGB2_SUB50ACT7F106.jpg,1,0,0.4588557481765747
1841,50,7,121,D:\Skripsi\Experiment\data\raw\RGB2\S50\AC7\RGB2_SUB50ACT7F121.jpg,1,1,0.6183677911758423
1842,50,7,136,D:\Skripsi\Experiment\data\raw\RGB2\S50\AC7\RGB2_SUB50ACT7F136.jpg,1,1,0.5664434432983398
1843,50,7,16,D:\Skripsi\Experiment\data\raw\RGB2\S50\AC7\RGB2_SUB50ACT7F16.jpg,1,0,0.4068191647529602
1844,50,7,31,D:\Skripsi\Experiment\data\raw\RGB2\S50\AC7\RGB2_SUB50ACT7F31.jpg,1,0,0.49690595269203186
1845,50,7,46,D:\Skripsi\Experiment\data\raw\RGB2\S50\AC7\RGB2_SUB50ACT7F46.jpg,1,0,0.4892922639846802
1846,50,7,61,D:\Skripsi\Experiment\data\raw\RGB2\S50\AC7\RGB2_SUB50ACT7F61.jpg,1,1,0.571313738822937
1847,50,7,76,D:\Skripsi\Experiment\data\raw\RGB2\S50\AC7\RGB2_SUB50ACT7F76.jpg,1,1,0.5787228345870972
1848,50,7,91,D:\Skripsi\Experiment\data\raw\RGB2\S50\AC7\RGB2_SUB50ACT7F91.jpg,1,1,0.5708515048027039
1849,50,8,1,D:\Skripsi\Experiment\data\raw\RGB2\S50\AC8\RGB2_SUB50ACT8F1.jpg,1,1,0.5924533605575562
1850,50,8,106,D:\Skripsi\Experiment\data\raw\RGB2\S50\AC8\RGB2_SUB50ACT8F106.jpg,1,0,0.46284353733062744
1851,50,8,121,D:\Skripsi\Experiment\data\raw\RGB2\S50\AC8\RGB2_SUB50ACT8F121.jpg,1,0,0.4181777834892273
1852,50,8,136,D:\Skripsi\Experiment\data\raw\RGB2\S50\AC8\RGB2_SUB50ACT8F136.jpg,1,0,0.42949044704437256
1853,50,8,151,D:\Skripsi\Experiment\data\raw\RGB2\S50\AC8\RGB2_SUB50ACT8F151.jpg,1,0,0.4881811738014221
1854,50,8,16,D:\Skripsi\Experiment\data\raw\RGB2\S50\AC8\RGB2_SUB50ACT8F16.jpg,1,0,0.4235464930534363
1855,50,8,166,D:\Skripsi\Experiment\data\raw\RGB2\S50\AC8\RGB2_SUB50ACT8F166.jpg,1,0,0.4923233091831207
1856,50,8,181,D:\Skripsi\Experiment\data\raw\RGB2\S50\AC8\RGB2_SUB50ACT8F181.jpg,1,0,0.468787282705307
1857,50,8,196,D:\Skripsi\Experiment\data\raw\RGB2\S50\AC8\RGB2_SUB50ACT8F196.jpg,1,1,0.6369698643684387
1858,50,8,211,D:\Skripsi\Experiment\data\raw\RGB2\S50\AC8\RGB2_SUB50ACT8F211.jpg,1,1,0.5420535802841187
1859,50,8,31,D:\Skripsi\Experiment\data\raw\RGB2\S50\AC8\RGB2_SUB50ACT8F31.jpg,1,1,0.5292195081710815
1860,50,8,46,D:\Skripsi\Experiment\data\raw\RGB2\S50\AC8\RGB2_SUB50ACT8F46.jpg,1,1,0.5650357007980347
1861,50,8,61,D:\Skripsi\Experiment\data\raw\RGB2\S50\AC8\RGB2_SUB50ACT8F61.jpg,1,0,0.4935697317123413
1862,50,8,76,D:\Skripsi\Experiment\data\raw\RGB2\S50\AC8\RGB2_SUB50ACT8F76.jpg,1,0,0.4682968556880951
1863,50,8,91,D:\Skripsi\Experiment\data\raw\RGB2\S50\AC8\RGB2_SUB50ACT8F91.jpg,1,1,0.5039302110671997
1864,50,9,1,D:\Skripsi\Experiment\data\raw\RGB2\S50\AC9\RGB2_SUB50ACT9F1.jpg,1,1,0.5390193462371826
1865,50,9,106,D:\Skripsi\Experiment\data\raw\RGB2\S50\AC9\RGB2_SUB50ACT9F106.jpg,1,1,0.5646448135375977
1866,50,9,121,D:\Skripsi\Experiment\data\raw\RGB2\S50\AC9\RGB2_SUB50ACT9F121.jpg,1,1,0.5487229228019714
1867,50,9,136,D:\Skripsi\Experiment\data\raw\RGB2\S50\AC9\RGB2_SUB50ACT9F136.jpg,1,1,0.5600972771644592
1868,50,9,151,D:\Skripsi\Experiment\data\raw\RGB2\S50\AC9\RGB2_SUB50ACT9F151.jpg,1,0,0.43558821082115173
1869,50,9,16,D:\Skripsi\Experiment\data\raw\RGB2\S50\AC9\RGB2_SUB50ACT9F16.jpg,1,1,0.6677705645561218
1870,50,9,166,D:\Skripsi\Experiment\data\raw\RGB2\S50\AC9\RGB2_SUB50ACT9F166.jpg,1,0,0.40694567561149597
1871,50,9,181,D:\Skripsi\Experiment\data\raw\RGB2\S50\AC9\RGB2_SUB50ACT9F181.jpg,1,0,0.4381389915943146
1872,50,9,31,D:\Skripsi\Experiment\data\raw\RGB2\S50\AC9\RGB2_SUB50ACT9F31.jpg,1,1,0.5944308638572693
1873,50,9,46,D:\Skripsi\Experiment\data\raw\RGB2\S50\AC9\RGB2_SUB50ACT9F46.jpg,1,0,0.4761650264263153
1874,50,9,61,D:\Skripsi\Experiment\data\raw\RGB2\S50\AC9\RGB2_SUB50ACT9F61.jpg,1,1,0.6214256286621094
1875,50,9,76,D:\Skripsi\Experiment\data\raw\RGB2\S50\AC9\RGB2_SUB50ACT9F76.jpg,1,1,0.6348710060119629
1876,50,9,91,D:\Skripsi\Experiment\data\raw\RGB2\S50\AC9\RGB2_SUB50ACT9F91.jpg,1,1,0.5235111713409424
1877,6,1,1,D:\Skripsi\Experiment\data\raw\RGB2\S6\AC1\RGB2_SUB6ACT1F1.jpg,0,1,0.5094993114471436
1878,6,1,106,D:\Skripsi\Experiment\data\raw\RGB2\S6\AC1\RGB2_SUB6ACT1F106.jpg,0,1,0.6671057343482971
1879,6,1,121,D:\Skripsi\Experiment\data\raw\RGB2\S6\AC1\RGB2_SUB6ACT1F121.jpg,0,1,0.6320810317993164
1880,6,1,136,D:\Skripsi\Experiment\data\raw\RGB2\S6\AC1\RGB2_SUB6ACT1F136.jpg,0,1,0.5991297364234924
1881,6,1,16,D:\Skripsi\Experiment\data\raw\RGB2\S6\AC1\RGB2_SUB6ACT1F16.jpg,0,1,0.6552632451057434
1882,6,1,31,D:\Skripsi\Experiment\data\raw\RGB2\S6\AC1\RGB2_SUB6ACT1F31.jpg,0,1,0.7212398648262024
1883,6,1,46,D:\Skripsi\Experiment\data\raw\RGB2\S6\AC1\RGB2_SUB6ACT1F46.jpg,0,1,0.5843417644500732
1884,6,1,61,D:\Skripsi\Experiment\data\raw\RGB2\S6\AC1\RGB2_SUB6ACT1F61.jpg,0,1,0.5568902492523193
1885,6,1,76,D:\Skripsi\Experiment\data\raw\RGB2\S6\AC1\RGB2_SUB6ACT1F76.jpg,0,1,0.627589762210846
1886,6,1,91,D:\Skripsi\Experiment\data\raw\RGB2\S6\AC1\RGB2_SUB6ACT1F91.jpg,0,0,0.4758181571960449
1887,6,5,1,D:\Skripsi\Experiment\data\raw\RGB2\S6\AC5\RGB2_SUB6ACT5F1.jpg,1,1,0.7602536678314209
1888,6,5,106,D:\Skripsi\Experiment\data\raw\RGB2\S6\AC5\RGB2_SUB6ACT5F106.jpg,1,1,0.6201611757278442
1889,6,5,121,D:\Skripsi\Experiment\data\raw\RGB2\S6\AC5\RGB2_SUB6ACT5F121.jpg,1,1,0.6132074594497681
1890,6,5,136,D:\Skripsi\Experiment\data\raw\RGB2\S6\AC5\RGB2_SUB6ACT5F136.jpg,1,1,0.6175342202186584
1891,6,5,16,D:\Skripsi\Experiment\data\raw\RGB2\S6\AC5\RGB2_SUB6ACT5F16.jpg,1,1,0.697119951248169
1892,6,5,31,D:\Skripsi\Experiment\data\raw\RGB2\S6\AC5\RGB2_SUB6ACT5F31.jpg,1,1,0.7975959777832031
1893,6,5,46,D:\Skripsi\Experiment\data\raw\RGB2\S6\AC5\RGB2_SUB6ACT5F46.jpg,1,1,0.6219130158424377
1894,6,5,61,D:\Skripsi\Experiment\data\raw\RGB2\S6\AC5\RGB2_SUB6ACT5F61.jpg,1,1,0.6623712182044983
1895,6,5,76,D:\Skripsi\Experiment\data\raw\RGB2\S6\AC5\RGB2_SUB6ACT5F76.jpg,1,1,0.6562827229499817
1896,6,5,91,D:\Skripsi\Experiment\data\raw\RGB2\S6\AC5\RGB2_SUB6ACT5F91.jpg,1,1,0.6117274761199951
1897,6,6,1,D:\Skripsi\Experiment\data\raw\RGB2\S6\AC6\RGB2_SUB6ACT6F1.jpg,1,1,0.7106015086174011
1898,6,6,106,D:\Skripsi\Experiment\data\raw\RGB2\S6\AC6\RGB2_SUB6ACT6F106.jpg,1,1,0.7195113897323608
1899,6,6,121,D:\Skripsi\Experiment\data\raw\RGB2\S6\AC6\RGB2_SUB6ACT6F121.jpg,1,1,0.7173095345497131
1900,6,6,136,D:\Skripsi\Experiment\data\raw\RGB2\S6\AC6\RGB2_SUB6ACT6F136.jpg,1,1,0.5610064268112183
1901,6,6,151,D:\Skripsi\Experiment\data\raw\RGB2\S6\AC6\RGB2_SUB6ACT6F151.jpg,1,1,0.7782848477363586
1902,6,6,16,D:\Skripsi\Experiment\data\raw\RGB2\S6\AC6\RGB2_SUB6ACT6F16.jpg,1,1,0.7904839515686035
1903,6,6,31,D:\Skripsi\Experiment\data\raw\RGB2\S6\AC6\RGB2_SUB6ACT6F31.jpg,1,1,0.7070972919464111
1904,6,6,46,D:\Skripsi\Experiment\data\raw\RGB2\S6\AC6\RGB2_SUB6ACT6F46.jpg,1,1,0.6402397155761719
1905,6,6,61,D:\Skripsi\Experiment\data\raw\RGB2\S6\AC6\RGB2_SUB6ACT6F61.jpg,1,1,0.6523500084877014
1906,6,6,76,D:\Skripsi\Experiment\data\raw\RGB2\S6\AC6\RGB2_SUB6ACT6F76.jpg,1,1,0.7376883625984192
1907,6,6,91,D:\Skripsi\Experiment\data\raw\RGB2\S6\AC6\RGB2_SUB6ACT6F91.jpg,1,1,0.7593033909797668
1908,6,7,1,D:\Skripsi\Experiment\data\raw\RGB2\S6\AC7\RGB2_SUB6ACT7F1.jpg,1,1,0.8041473031044006
1909,6,7,106,D:\Skripsi\Experiment\data\raw\RGB2\S6\AC7\RGB2_SUB6ACT7F106.jpg,1,1,0.6976820230484009
1910,6,7,121,D:\Skripsi\Experiment\data\raw\RGB2\S6\AC7\RGB2_SUB6ACT7F121.jpg,1,1,0.6280826926231384
1911,6,7,136,D:\Skripsi\Experiment\data\raw\RGB2\S6\AC7\RGB2_SUB6ACT7F136.jpg,1,1,0.5665757060050964
1912,6,7,16,D:\Skripsi\Experiment\data\raw\RGB2\S6\AC7\RGB2_SUB6ACT7F16.jpg,1,1,0.7830622792243958
1913,6,7,31,D:\Skripsi\Experiment\data\raw\RGB2\S6\AC7\RGB2_SUB6ACT7F31.jpg,1,1,0.7806116938591003
1914,6,7,46,D:\Skripsi\Experiment\data\raw\RGB2\S6\AC7\RGB2_SUB6ACT7F46.jpg,1,1,0.7606577277183533
1915,6,7,61,D:\Skripsi\Experiment\data\raw\RGB2\S6\AC7\RGB2_SUB6ACT7F61.jpg,1,1,0.7668260335922241
1916,6,7,76,D:\Skripsi\Experiment\data\raw\RGB2\S6\AC7\RGB2_SUB6ACT7F76.jpg,1,1,0.6953194737434387
1917,6,7,91,D:\Skripsi\Experiment\data\raw\RGB2\S6\AC7\RGB2_SUB6ACT7F91.jpg,1,1,0.5804243087768555
1918,6,8,1,D:\Skripsi\Experiment\data\raw\RGB2\S6\AC8\RGB2_SUB6ACT8F1.jpg,1,1,0.592805802822113
1919,6,8,106,D:\Skripsi\Experiment\data\raw\RGB2\S6\AC8\RGB2_SUB6ACT8F106.jpg,1,1,0.599085807800293
1920,6,8,121,D:\Skripsi\Experiment\data\raw\RGB2\S6\AC8\RGB2_SUB6ACT8F121.jpg,1,1,0.7246990203857422
1921,6,8,136,D:\Skripsi\Experiment\data\raw\RGB2\S6\AC8\RGB2_SUB6ACT8F136.jpg,1,1,0.7533507943153381
1922,6,8,151,D:\Skripsi\Experiment\data\raw\RGB2\S6\AC8\RGB2_SUB6ACT8F151.jpg,1,1,0.8075355291366577
1923,6,8,16,D:\Skripsi\Experiment\data\raw\RGB2\S6\AC8\RGB2_SUB6ACT8F16.jpg,1,1,0.5003448128700256
1924,6,8,31,D:\Skripsi\Experiment\data\raw\RGB2\S6\AC8\RGB2_SUB6ACT8F31.jpg,1,1,0.5653120875358582
1925,6,8,46,D:\Skripsi\Experiment\data\raw\RGB2\S6\AC8\RGB2_SUB6ACT8F46.jpg,1,1,0.5737741589546204
1926,6,8,61,D:\Skripsi\Experiment\data\raw\RGB2\S6\AC8\RGB2_SUB6ACT8F61.jpg,1,1,0.5047178268432617
1927,6,8,76,D:\Skripsi\Experiment\data\raw\RGB2\S6\AC8\RGB2_SUB6ACT8F76.jpg,1,0,0.4183894395828247
1928,6,8,91,D:\Skripsi\Experiment\data\raw\RGB2\S6\AC8\RGB2_SUB6ACT8F91.jpg,1,1,0.6455581784248352
1929,6,9,1,D:\Skripsi\Experiment\data\raw\RGB2\S6\AC9\RGB2_SUB6ACT9F1.jpg,1,1,0.664642870426178
1930,6,9,106,D:\Skripsi\Experiment\data\raw\RGB2\S6\AC9\RGB2_SUB6ACT9F106.jpg,1,1,0.7079501748085022
1931,6,9,121,D:\Skripsi\Experiment\data\raw\RGB2\S6\AC9\RGB2_SUB6ACT9F121.jpg,1,1,0.6885271072387695
1932,6,9,136,D:\Skripsi\Experiment\data\raw\RGB2\S6\AC9\RGB2_SUB6ACT9F136.jpg,1,1,0.8473414778709412
1933,6,9,151,D:\Skripsi\Experiment\data\raw\RGB2\S6\AC9\RGB2_SUB6ACT9F151.jpg,1,1,0.5625670552253723
1934,6,9,16,D:\Skripsi\Experiment\data\raw\RGB2\S6\AC9\RGB2_SUB6ACT9F16.jpg,1,1,0.7674910426139832
1935,6,9,166,D:\Skripsi\Experiment\data\raw\RGB2\S6\AC9\RGB2_SUB6ACT9F166.jpg,1,1,0.693660318851471
1936,6,9,31,D:\Skripsi\Experiment\data\raw\RGB2\S6\AC9\RGB2_SUB6ACT9F31.jpg,1,1,0.6814352869987488
1937,6,9,46,D:\Skripsi\Experiment\data\raw\RGB2\S6\AC9\RGB2_SUB6ACT9F46.jpg,1,1,0.6081481575965881
1938,6,9,61,D:\Skripsi\Experiment\data\raw\RGB2\S6\AC9\RGB2_SUB6ACT9F61.jpg,1,1,0.687438428401947
1939,6,9,76,D:\Skripsi\Experiment\data\raw\RGB2\S6\AC9\RGB2_SUB6ACT9F76.jpg,1,1,0.6434018015861511
1940,6,9,91,D:\Skripsi\Experiment\data\raw\RGB2\S6\AC9\RGB2_SUB6ACT9F91.jpg,1,1,0.6942663788795471
1941,7,1,1,D:\Skripsi\Experiment\data\raw\RGB2\S7\AC1\RGB2_SUB7ACT1F1.jpg,0,0,0.43409162759780884
1942,7,1,106,D:\Skripsi\Experiment\data\raw\RGB2\S7\AC1\RGB2_SUB7ACT1F106.jpg,0,0,0.4092258810997009
1943,7,1,121,D:\Skripsi\Experiment\data\raw\RGB2\S7\AC1\RGB2_SUB7ACT1F121.jpg,0,0,0.4551064670085907
1944,7,1,16,D:\Skripsi\Experiment\data\raw\RGB2\S7\AC1\RGB2_SUB7ACT1F16.jpg,0,1,0.529234766960144
1945,7,1,31,D:\Skripsi\Experiment\data\raw\RGB2\S7\AC1\RGB2_SUB7ACT1F31.jpg,0,0,0.49066996574401855
1946,7,1,46,D:\Skripsi\Experiment\data\raw\RGB2\S7\AC1\RGB2_SUB7ACT1F46.jpg,0,1,0.571509838104248
1947,7,1,61,D:\Skripsi\Experiment\data\raw\RGB2\S7\AC1\RGB2_SUB7ACT1F61.jpg,0,1,0.5282836556434631
1948,7,1,76,D:\Skripsi\Experiment\data\raw\RGB2\S7\AC1\RGB2_SUB7ACT1F76.jpg,0,1,0.5288403630256653
1949,7,1,91,D:\Skripsi\Experiment\data\raw\RGB2\S7\AC1\RGB2_SUB7ACT1F91.jpg,0,0,0.49957096576690674
1950,7,5,1,D:\Skripsi\Experiment\data\raw\RGB2\S7\AC5\RGB2_SUB7ACT5F1.jpg,1,1,0.6196078658103943
1951,7,5,106,D:\Skripsi\Experiment\data\raw\RGB2\S7\AC5\RGB2_SUB7ACT5F106.jpg,1,1,0.6588055491447449
1952,7,5,121,D:\Skripsi\Experiment\data\raw\RGB2\S7\AC5\RGB2_SUB7ACT5F121.jpg,1,1,0.5464521646499634
1953,7,5,16,D:\Skripsi\Experiment\data\raw\RGB2\S7\AC5\RGB2_SUB7ACT5F16.jpg,1,1,0.5504642128944397
1954,7,5,31,D:\Skripsi\Experiment\data\raw\RGB2\S7\AC5\RGB2_SUB7ACT5F31.jpg,1,1,0.5552433133125305
1955,7,5,46,D:\Skripsi\Experiment\data\raw\RGB2\S7\AC5\RGB2_SUB7ACT5F46.jpg,1,0,0.49787116050720215
1956,7,5,61,D:\Skripsi\Experiment\data\raw\RGB2\S7\AC5\RGB2_SUB7ACT5F61.jpg,1,1,0.7013751864433289
1957,7,5,76,D:\Skripsi\Experiment\data\raw\RGB2\S7\AC5\RGB2_SUB7ACT5F76.jpg,1,1,0.5189585089683533
1958,7,5,91,D:\Skripsi\Experiment\data\raw\RGB2\S7\AC5\RGB2_SUB7ACT5F91.jpg,1,1,0.5627071857452393
1959,7,6,1,D:\Skripsi\Experiment\data\raw\RGB2\S7\AC6\RGB2_SUB7ACT6F1.jpg,1,1,0.6004115343093872
1960,7,6,106,D:\Skripsi\Experiment\data\raw\RGB2\S7\AC6\RGB2_SUB7ACT6F106.jpg,1,1,0.5100191831588745
1961,7,6,121,D:\Skripsi\Experiment\data\raw\RGB2\S7\AC6\RGB2_SUB7ACT6F121.jpg,1,1,0.5278106331825256
1962,7,6,136,D:\Skripsi\Experiment\data\raw\RGB2\S7\AC6\RGB2_SUB7ACT6F136.jpg,1,1,0.5515013337135315
1963,7,6,16,D:\Skripsi\Experiment\data\raw\RGB2\S7\AC6\RGB2_SUB7ACT6F16.jpg,1,1,0.5779502391815186
1964,7,6,31,D:\Skripsi\Experiment\data\raw\RGB2\S7\AC6\RGB2_SUB7ACT6F31.jpg,1,1,0.5911615490913391
1965,7,6,46,D:\Skripsi\Experiment\data\raw\RGB2\S7\AC6\RGB2_SUB7ACT6F46.jpg,1,1,0.5295258164405823
1966,7,6,61,D:\Skripsi\Experiment\data\raw\RGB2\S7\AC6\RGB2_SUB7ACT6F61.jpg,1,1,0.5556363463401794
1967,7,6,76,D:\Skripsi\Experiment\data\raw\RGB2\S7\AC6\RGB2_SUB7ACT6F76.jpg,1,0,0.47875547409057617
1968,7,6,91,D:\Skripsi\Experiment\data\raw\RGB2\S7\AC6\RGB2_SUB7ACT6F91.jpg,1,1,0.5055536031723022
1969,7,7,1,D:\Skripsi\Experiment\data\raw\RGB2\S7\AC7\RGB2_SUB7ACT7F1.jpg,1,0,0.4184311330318451
1970,7,7,106,D:\Skripsi\Experiment\data\raw\RGB2\S7\AC7\RGB2_SUB7ACT7F106.jpg,1,1,0.5377435684204102
1971,7,7,121,D:\Skripsi\Experiment\data\raw\RGB2\S7\AC7\RGB2_SUB7ACT7F121.jpg,1,0,0.481779545545578
1972,7,7,136,D:\Skripsi\Experiment\data\raw\RGB2\S7\AC7\RGB2_SUB7ACT7F136.jpg,1,1,0.5795599818229675
1973,7,7,151,D:\Skripsi\Experiment\data\raw\RGB2\S7\AC7\RGB2_SUB7ACT7F151.jpg,1,1,0.5120865702629089
1974,7,7,16,D:\Skripsi\Experiment\data\raw\RGB2\S7\AC7\RGB2_SUB7ACT7F16.jpg,1,1,0.5966246128082275
1975,7,7,31,D:\Skripsi\Experiment\data\raw\RGB2\S7\AC7\RGB2_SUB7ACT7F31.jpg,1,0,0.4693964421749115
1976,7,7,46,D:\Skripsi\Experiment\data\raw\RGB2\S7\AC7\RGB2_SUB7ACT7F46.jpg,1,1,0.6353055238723755
1977,7,7,61,D:\Skripsi\Experiment\data\raw\RGB2\S7\AC7\RGB2_SUB7ACT7F61.jpg,1,1,0.6164027452468872
1978,7,7,76,D:\Skripsi\Experiment\data\raw\RGB2\S7\AC7\RGB2_SUB7ACT7F76.jpg,1,0,0.44780778884887695
1979,7,7,91,D:\Skripsi\Experiment\data\raw\RGB2\S7\AC7\RGB2_SUB7ACT7F91.jpg,1,1,0.5797590613365173
1980,7,8,1,D:\Skripsi\Experiment\data\raw\RGB2\S7\AC8\RGB2_SUB7ACT8F1.jpg,1,0,0.343853235244751
1981,7,8,106,D:\Skripsi\Experiment\data\raw\RGB2\S7\AC8\RGB2_SUB7ACT8F106.jpg,1,0,0.490395724773407
1982,7,8,121,D:\Skripsi\Experiment\data\raw\RGB2\S7\AC8\RGB2_SUB7ACT8F121.jpg,1,0,0.42757269740104675
1983,7,8,136,D:\Skripsi\Experiment\data\raw\RGB2\S7\AC8\RGB2_SUB7ACT8F136.jpg,1,1,0.516577959060669
1984,7,8,16,D:\Skripsi\Experiment\data\raw\RGB2\S7\AC8\RGB2_SUB7ACT8F16.jpg,1,0,0.36594685912132263
1985,7,8,31,D:\Skripsi\Experiment\data\raw\RGB2\S7\AC8\RGB2_SUB7ACT8F31.jpg,1,0,0.4197237491607666
1986,7,8,46,D:\Skripsi\Experiment\data\raw\RGB2\S7\AC8\RGB2_SUB7ACT8F46.jpg,1,1,0.5763624310493469
1987,7,8,61,D:\Skripsi\Experiment\data\raw\RGB2\S7\AC8\RGB2_SUB7ACT8F61.jpg,1,1,0.5895148515701294
1988,7,8,76,D:\Skripsi\Experiment\data\raw\RGB2\S7\AC8\RGB2_SUB7ACT8F76.jpg,1,0,0.4602782130241394
1989,7,8,91,D:\Skripsi\Experiment\data\raw\RGB2\S7\AC8\RGB2_SUB7ACT8F91.jpg,1,0,0.44315123558044434
1990,7,9,1,D:\Skripsi\Experiment\data\raw\RGB2\S7\AC9\RGB2_SUB7ACT9F1.jpg,1,0,0.41642001271247864
1991,7,9,106,D:\Skripsi\Experiment\data\raw\RGB2\S7\AC9\RGB2_SUB7ACT9F106.jpg,1,1,0.5050195455551147
1992,7,9,121,D:\Skripsi\Experiment\data\raw\RGB2\S7\AC9\RGB2_SUB7ACT9F121.jpg,1,1,0.6123448610305786
1993,7,9,136,D:\Skripsi\Experiment\data\raw\RGB2\S7\AC9\RGB2_SUB7ACT9F136.jpg,1,1,0.5114184021949768
1994,7,9,16,D:\Skripsi\Experiment\data\raw\RGB2\S7\AC9\RGB2_SUB7ACT9F16.jpg,1,0,0.45338109135627747
1995,7,9,31,D:\Skripsi\Experiment\data\raw\RGB2\S7\AC9\RGB2_SUB7ACT9F31.jpg,1,1,0.5619388222694397
1996,7,9,46,D:\Skripsi\Experiment\data\raw\RGB2\S7\AC9\RGB2_SUB7ACT9F46.jpg,1,1,0.54185551404953
1997,7,9,61,D:\Skripsi\Experiment\data\raw\RGB2\S7\AC9\RGB2_SUB7ACT9F61.jpg,1,1,0.6975814700126648
1998,7,9,76,D:\Skripsi\Experiment\data\raw\RGB2\S7\AC9\RGB2_SUB7ACT9F76.jpg,1,0,0.4538433849811554
1999,7,9,91,D:\Skripsi\Experiment\data\raw\RGB2\S7\AC9\RGB2_SUB7ACT9F91.jpg,1,0,0.4911768138408661
2000,9,1,1,D:\Skripsi\Experiment\data\raw\RGB2\S9\AC1\RGB2_SUB9ACT1F1.jpg,0,0,0.3988111615180969
2001,9,1,106,D:\Skripsi\Experiment\data\raw\RGB2\S9\AC1\RGB2_SUB9ACT1F106.jpg,0,0,0.4755503833293915
2002,9,1,121,D:\Skripsi\Experiment\data\raw\RGB2\S9\AC1\RGB2_SUB9ACT1F121.jpg,0,1,0.6111452579498291
2003,9,1,136,D:\Skripsi\Experiment\data\raw\RGB2\S9\AC1\RGB2_SUB9ACT1F136.jpg,0,1,0.5560938715934753
2004,9,1,151,D:\Skripsi\Experiment\data\raw\RGB2\S9\AC1\RGB2_SUB9ACT1F151.jpg,0,0,0.4721677601337433
2005,9,1,16,D:\Skripsi\Experiment\data\raw\RGB2\S9\AC1\RGB2_SUB9ACT1F16.jpg,0,0,0.369306743144989
2006,9,1,31,D:\Skripsi\Experiment\data\raw\RGB2\S9\AC1\RGB2_SUB9ACT1F31.jpg,0,0,0.3975425660610199
2007,9,1,46,D:\Skripsi\Experiment\data\raw\RGB2\S9\AC1\RGB2_SUB9ACT1F46.jpg,0,0,0.32695233821868896
2008,9,1,61,D:\Skripsi\Experiment\data\raw\RGB2\S9\AC1\RGB2_SUB9ACT1F61.jpg,0,0,0.30444544553756714
2009,9,1,76,D:\Skripsi\Experiment\data\raw\RGB2\S9\AC1\RGB2_SUB9ACT1F76.jpg,0,1,0.656650722026825
2010,9,1,91,D:\Skripsi\Experiment\data\raw\RGB2\S9\AC1\RGB2_SUB9ACT1F91.jpg,0,1,0.7108185887336731
2011,9,5,1,D:\Skripsi\Experiment\data\raw\RGB2\S9\AC5\RGB2_SUB9ACT5F1.jpg,1,1,0.5516445636749268
2012,9,5,106,D:\Skripsi\Experiment\data\raw\RGB2\S9\AC5\RGB2_SUB9ACT5F106.jpg,1,1,0.6095651984214783
2013,9,5,121,D:\Skripsi\Experiment\data\raw\RGB2\S9\AC5\RGB2_SUB9ACT5F121.jpg,1,1,0.6237374544143677
2014,9,5,136,D:\Skripsi\Experiment\data\raw\RGB2\S9\AC5\RGB2_SUB9ACT5F136.jpg,1,1,0.5854952931404114
2015,9,5,151,D:\Skripsi\Experiment\data\raw\RGB2\S9\AC5\RGB2_SUB9ACT5F151.jpg,1,1,0.5707449316978455
2016,9,5,16,D:\Skripsi\Experiment\data\raw\RGB2\S9\AC5\RGB2_SUB9ACT5F16.jpg,1,1,0.6139349937438965
2017,9,5,31,D:\Skripsi\Experiment\data\raw\RGB2\S9\AC5\RGB2_SUB9ACT5F31.jpg,1,1,0.6033080816268921
2018,9,5,46,D:\Skripsi\Experiment\data\raw\RGB2\S9\AC5\RGB2_SUB9ACT5F46.jpg,1,1,0.5831313729286194
2019,9,5,61,D:\Skripsi\Experiment\data\raw\RGB2\S9\AC5\RGB2_SUB9ACT5F61.jpg,1,1,0.5294696688652039
2020,9,5,76,D:\Skripsi\Experiment\data\raw\RGB2\S9\AC5\RGB2_SUB9ACT5F76.jpg,1,1,0.5699012279510498
2021,9,5,91,D:\Skripsi\Experiment\data\raw\RGB2\S9\AC5\RGB2_SUB9ACT5F91.jpg,1,1,0.6369507312774658
2022,9,6,1,D:\Skripsi\Experiment\data\raw\RGB2\S9\AC6\RGB2_SUB9ACT6F1.jpg,1,1,0.622844398021698
2023,9,6,106,D:\Skripsi\Experiment\data\raw\RGB2\S9\AC6\RGB2_SUB9ACT6F106.jpg,1,1,0.6953274607658386
2024,9,6,121,D:\Skripsi\Experiment\data\raw\RGB2\S9\AC6\RGB2_SUB9ACT6F121.jpg,1,1,0.5820032954216003
2025,9,6,136,D:\Skripsi\Experiment\data\raw\RGB2\S9\AC6\RGB2_SUB9ACT6F136.jpg,1,1,0.5585974454879761
2026,9,6,16,D:\Skripsi\Experiment\data\raw\RGB2\S9\AC6\RGB2_SUB9ACT6F16.jpg,1,1,0.5366436839103699
2027,9,6,31,D:\Skripsi\Experiment\data\raw\RGB2\S9\AC6\RGB2_SUB9ACT6F31.jpg,1,1,0.5691561698913574
2028,9,6,46,D:\Skripsi\Experiment\data\raw\RGB2\S9\AC6\RGB2_SUB9ACT6F46.jpg,1,1,0.6475071310997009
2029,9,6,61,D:\Skripsi\Experiment\data\raw\RGB2\S9\AC6\RGB2_SUB9ACT6F61.jpg,1,1,0.592275083065033
2030,9,6,76,D:\Skripsi\Experiment\data\raw\RGB2\S9\AC6\RGB2_SUB9ACT6F76.jpg,1,1,0.735386848449707
2031,9,6,91,D:\Skripsi\Experiment\data\raw\RGB2\S9\AC6\RGB2_SUB9ACT6F91.jpg,1,1,0.647826075553894
2032,9,7,1,D:\Skripsi\Experiment\data\raw\RGB2\S9\AC7\RGB2_SUB9ACT7F1.jpg,1,1,0.6224750280380249
2033,9,7,106,D:\Skripsi\Experiment\data\raw\RGB2\S9\AC7\RGB2_SUB9ACT7F106.jpg,1,1,0.5402394533157349
2034,9,7,121,D:\Skripsi\Experiment\data\raw\RGB2\S9\AC7\RGB2_SUB9ACT7F121.jpg,1,1,0.500604510307312
2035,9,7,136,D:\Skripsi\Experiment\data\raw\RGB2\S9\AC7\RGB2_SUB9ACT7F136.jpg,1,0,0.49085062742233276
2036,9,7,151,D:\Skripsi\Experiment\data\raw\RGB2\S9\AC7\RGB2_SUB9ACT7F151.jpg,1,1,0.5438618659973145
2037,9,7,16,D:\Skripsi\Experiment\data\raw\RGB2\S9\AC7\RGB2_SUB9ACT7F16.jpg,1,1,0.5653102993965149
2038,9,7,166,D:\Skripsi\Experiment\data\raw\RGB2\S9\AC7\RGB2_SUB9ACT7F166.jpg,1,0,0.4833945035934448
2039,9,7,181,D:\Skripsi\Experiment\data\raw\RGB2\S9\AC7\RGB2_SUB9ACT7F181.jpg,1,0,0.47974130511283875
2040,9,7,196,D:\Skripsi\Experiment\data\raw\RGB2\S9\AC7\RGB2_SUB9ACT7F196.jpg,1,1,0.509255051612854
2041,9,7,31,D:\Skripsi\Experiment\data\raw\RGB2\S9\AC7\RGB2_SUB9ACT7F31.jpg,1,1,0.5633220076560974
2042,9,7,46,D:\Skripsi\Experiment\data\raw\RGB2\S9\AC7\RGB2_SUB9ACT7F46.jpg,1,1,0.5603402256965637
2043,9,7,61,D:\Skripsi\Experiment\data\raw\RGB2\S9\AC7\RGB2_SUB9ACT7F61.jpg,1,0,0.443712055683136
2044,9,7,76,D:\Skripsi\Experiment\data\raw\RGB2\S9\AC7\RGB2_SUB9ACT7F76.jpg,1,1,0.5245867967605591
2045,9,7,91,D:\Skripsi\Experiment\data\raw\RGB2\S9\AC7\RGB2_SUB9ACT7F91.jpg,1,0,0.47836339473724365
2046,9,8,1,D:\Skripsi\Experiment\data\raw\RGB2\S9\AC8\RGB2_SUB9ACT8F1.jpg,1,1,0.6751619577407837
2047,9,8,106,D:\Skripsi\Experiment\data\raw\RGB2\S9\AC8\RGB2_SUB9ACT8F106.jpg,1,1,0.5676311254501343
2048,9,8,121,D:\Skripsi\Experiment\data\raw\RGB2\S9\AC8\RGB2_SUB9ACT8F121.jpg,1,1,0.608024001121521
2049,9,8,136,D:\Skripsi\Experiment\data\raw\RGB2\S9\AC8\RGB2_SUB9ACT8F136.jpg,1,1,0.652805745601654
2050,9,8,16,D:\Skripsi\Experiment\data\raw\RGB2\S9\AC8\RGB2_SUB9ACT8F16.jpg,1,0,0.41495779156684875
2051,9,8,31,D:\Skripsi\Experiment\data\raw\RGB2\S9\AC8\RGB2_SUB9ACT8F31.jpg,1,0,0.4417876899242401
2052,9,8,46,D:\Skripsi\Experiment\data\raw\RGB2\S9\AC8\RGB2_SUB9ACT8F46.jpg,1,1,0.5225421786308289
2053,9,8,61,D:\Skripsi\Experiment\data\raw\RGB2\S9\AC8\RGB2_SUB9ACT8F61.jpg,1,1,0.5244637131690979
2054,9,8,76,D:\Skripsi\Experiment\data\raw\RGB2\S9\AC8\RGB2_SUB9ACT8F76.jpg,1,0,0.4716280996799469
2055,9,8,91,D:\Skripsi\Experiment\data\raw\RGB2\S9\AC8\RGB2_SUB9ACT8F91.jpg,1,0,0.4602265954017639
2056,9,9,1,D:\Skripsi\Experiment\data\raw\RGB2\S9\AC9\RGB2_SUB9ACT9F1.jpg,1,1,0.6032575368881226
2057,9,9,106,D:\Skripsi\Experiment\data\raw\RGB2\S9\AC9\RGB2_SUB9ACT9F106.jpg,1,1,0.6405922174453735
2058,9,9,121,D:\Skripsi\Experiment\data\raw\RGB2\S9\AC9\RGB2_SUB9ACT9F121.jpg,1,1,0.6516598463058472
2059,9,9,136,D:\Skripsi\Experiment\data\raw\RGB2\S9\AC9\RGB2_SUB9ACT9F136.jpg,1,1,0.7672137022018433
2060,9,9,151,D:\Skripsi\Experiment\data\raw\RGB2\S9\AC9\RGB2_SUB9ACT9F151.jpg,1,1,0.6314369440078735
2061,9,9,16,D:\Skripsi\Experiment\data\raw\RGB2\S9\AC9\RGB2_SUB9ACT9F16.jpg,1,1,0.5672649145126343
2062,9,9,31,D:\Skripsi\Experiment\data\raw\RGB2\S9\AC9\RGB2_SUB9ACT9F31.jpg,1,1,0.6139147877693176
2063,9,9,46,D:\Skripsi\Experiment\data\raw\RGB2\S9\AC9\RGB2_SUB9ACT9F46.jpg,1,1,0.5525103211402893
2064,9,9,61,D:\Skripsi\Experiment\data\raw\RGB2\S9\AC9\RGB2_SUB9ACT9F61.jpg,1,1,0.5316988825798035
2065,9,9,76,D:\Skripsi\Experiment\data\raw\RGB2\S9\AC9\RGB2_SUB9ACT9F76.jpg,1,1,0.6013513803482056
2066,9,9,91,D:\Skripsi\Experiment\data\raw\RGB2\S9\AC9\RGB2_SUB9ACT9F91.jpg,1,1,0.6355858445167542
