row_index,subject_id,activity_id,frame,filepath,label,prediction,prob_phone
0,12,1,1,D:\Skripsi\Experiment\data\raw\RGB1\S12\AC1\RGB1_SUB12ACT1F1.jpg,0,0,0.2459356039762497
1,12,1,106,D:\Skripsi\Experiment\data\raw\RGB1\S12\AC1\RGB1_SUB12ACT1F106.jpg,0,1,0.5080825090408325
2,12,1,121,D:\Skripsi\Experiment\data\raw\RGB1\S12\AC1\RGB1_SUB12ACT1F121.jpg,0,0,0.3101317584514618
3,12,1,136,D:\Skripsi\Experiment\data\raw\RGB1\S12\AC1\RGB1_SUB12ACT1F136.jpg,0,0,0.3972522020339966
4,12,1,151,D:\Skripsi\Experiment\data\raw\RGB1\S12\AC1\RGB1_SUB12ACT1F151.jpg,0,0,0.1987435668706894
5,12,1,16,D:\Skripsi\Experiment\data\raw\RGB1\S12\AC1\RGB1_SUB12ACT1F16.jpg,0,0,0.3673745393753052
6,12,1,31,D:\Skripsi\Experiment\data\raw\RGB1\S12\AC1\RGB1_SUB12ACT1F31.jpg,0,0,0.25988003611564636
7,12,1,46,D:\Skripsi\Experiment\data\raw\RGB1\S12\AC1\RGB1_SUB12ACT1F46.jpg,0,0,0.3156203329563141
8,12,1,61,D:\Skripsi\Experiment\data\raw\RGB1\S12\AC1\RGB1_SUB12ACT1F61.jpg,0,0,0.30652478337287903
9,12,1,76,D:\Skripsi\Experiment\data\raw\RGB1\S12\AC1\RGB1_SUB12ACT1F76.jpg,0,0,0.45016980171203613
10,12,1,91,D:\Skripsi\Experiment\data\raw\RGB1\S12\AC1\RGB1_SUB12ACT1F91.jpg,0,1,0.5767389535903931
11,12,5,1,D:\Skripsi\Experiment\data\raw\RGB1\S12\AC5\RGB1_SUB12ACT5F1.jpg,1,0,0.36413460969924927
12,12,5,106,D:\Skripsi\Experiment\data\raw\RGB1\S12\AC5\RGB1_SUB12ACT5F106.jpg,1,0,0.36799347400665283
13,12,5,121,D:\Skripsi\Experiment\data\raw\RGB1\S12\AC5\RGB1_SUB12ACT5F121.jpg,1,0,0.4304428994655609
14,12,5,136,D:\Skripsi\Experiment\data\raw\RGB1\S12\AC5\RGB1_SUB12ACT5F136.jpg,1,1,0.5467261075973511
15,12,5,16,D:\Skripsi\Experiment\data\raw\RGB1\S12\AC5\RGB1_SUB12ACT5F16.jpg,1,0,0.4977169930934906
16,12,5,31,D:\Skripsi\Experiment\data\raw\RGB1\S12\AC5\RGB1_SUB12ACT5F31.jpg,1,0,0.37214091420173645
17,12,5,46,D:\Skripsi\Experiment\data\raw\RGB1\S12\AC5\RGB1_SUB12ACT5F46.jpg,1,1,0.547991931438446
18,12,5,61,D:\Skripsi\Experiment\data\raw\RGB1\S12\AC5\RGB1_SUB12ACT5F61.jpg,1,1,0.6081205606460571
19,12,5,76,D:\Skripsi\Experiment\data\raw\RGB1\S12\AC5\RGB1_SUB12ACT5F76.jpg,1,0,0.41729554533958435
20,12,5,91,D:\Skripsi\Experiment\data\raw\RGB1\S12\AC5\RGB1_SUB12ACT5F91.jpg,1,0,0.49737709760665894
21,12,6,1,D:\Skripsi\Experiment\data\raw\RGB1\S12\AC6\RGB1_SUB12ACT6F1.jpg,1,0,0.43921607732772827
22,12,6,106,D:\Skripsi\Experiment\data\raw\RGB1\S12\AC6\RGB1_SUB12ACT6F106.jpg,1,0,0.48956015706062317
23,12,6,121,D:\Skripsi\Experiment\data\raw\RGB1\S12\AC6\RGB1_SUB12ACT6F121.jpg,1,0,0.43630504608154297
24,12,6,136,D:\Skripsi\Experiment\data\raw\RGB1\S12\AC6\RGB1_SUB12ACT6F136.jpg,1,0,0.4246467053890228
25,12,6,151,D:\Skripsi\Experiment\data\raw\RGB1\S12\AC6\RGB1_SUB12ACT6F151.jpg,1,0,0.47754713892936707
26,12,6,16,D:\Skripsi\Experiment\data\raw\RGB1\S12\AC6\RGB1_SUB12ACT6F16.jpg,1,0,0.3874628245830536
27,12,6,166,D:\Skripsi\Experiment\data\raw\RGB1\S12\AC6\RGB1_SUB12ACT6F166.jpg,1,0,0.3596675992012024
28,12,6,181,D:\Skripsi\Experiment\data\raw\RGB1\S12\AC6\RGB1_SUB12ACT6F181.jpg,1,1,0.5617541074752808
29,12,6,196,D:\Skripsi\Experiment\data\raw\RGB1\S12\AC6\RGB1_SUB12ACT6F196.jpg,1,0,0.4656970500946045
30,12,6,31,D:\Skripsi\Experiment\data\raw\RGB1\S12\AC6\RGB1_SUB12ACT6F31.jpg,1,1,0.6478502750396729
31,12,6,46,D:\Skripsi\Experiment\data\raw\RGB1\S12\AC6\RGB1_SUB12ACT6F46.jpg,1,0,0.45914462208747864
32,12,6,61,D:\Skripsi\Experiment\data\raw\RGB1\S12\AC6\RGB1_SUB12ACT6F61.jpg,1,1,0.6016520261764526
33,12,6,76,D:\Skripsi\Experiment\data\raw\RGB1\S12\AC6\RGB1_SUB12ACT6F76.jpg,1,0,0.4460379481315613
34,12,6,91,D:\Skripsi\Experiment\data\raw\RGB1\S12\AC6\RGB1_SUB12ACT6F91.jpg,1,0,0.4033314287662506
35,12,7,1,D:\Skripsi\Experiment\data\raw\RGB1\S12\AC7\RGB1_SUB12ACT7F1.jpg,1,0,0.28578102588653564
36,12,7,106,D:\Skripsi\Experiment\data\raw\RGB1\S12\AC7\RGB1_SUB12ACT7F106.jpg,1,0,0.41289079189300537
37,12,7,121,D:\Skripsi\Experiment\data\raw\RGB1\S12\AC7\RGB1_SUB12ACT7F121.jpg,1,0,0.46455222368240356
38,12,7,136,D:\Skripsi\Experiment\data\raw\RGB1\S12\AC7\RGB1_SUB12ACT7F136.jpg,1,0,0.4979948401451111
39,12,7,151,D:\Skripsi\Experiment\data\raw\RGB1\S12\AC7\RGB1_SUB12ACT7F151.jpg,1,0,0.35015928745269775
40,12,7,16,D:\Skripsi\Experiment\data\raw\RGB1\S12\AC7\RGB1_SUB12ACT7F16.jpg,1,0,0.262539267539978
41,12,7,166,D:\Skripsi\Experiment\data\raw\RGB1\S12\AC7\RGB1_SUB12ACT7F166.jpg,1,0,0.23110038042068481
42,12,7,181,D:\Skripsi\Experiment\data\raw\RGB1\S12\AC7\RGB1_SUB12ACT7F181.jpg,1,0,0.42283108830451965
43,12,7,196,D:\Skripsi\Experiment\data\raw\RGB1\S12\AC7\RGB1_SUB12ACT7F196.jpg,1,0,0.48986533284187317
44,12,7,211,D:\Skripsi\Experiment\data\raw\RGB1\S12\AC7\RGB1_SUB12ACT7F211.jpg,1,1,0.5665903687477112
45,12,7,226,D:\Skripsi\Experiment\data\raw\RGB1\S12\AC7\RGB1_SUB12ACT7F226.jpg,1,0,0.4331362843513489
46,12,7,31,D:\Skripsi\Experiment\data\raw\RGB1\S12\AC7\RGB1_SUB12ACT7F31.jpg,1,0,0.4126622676849365
47,12,7,46,D:\Skripsi\Experiment\data\raw\RGB1\S12\AC7\RGB1_SUB12ACT7F46.jpg,1,0,0.24944926798343658
48,12,7,61,D:\Skripsi\Experiment\data\raw\RGB1\S12\AC7\RGB1_SUB12ACT7F61.jpg,1,0,0.29800736904144287
49,12,7,76,D:\Skripsi\Experiment\data\raw\RGB1\S12\AC7\RGB1_SUB12ACT7F76.jpg,1,0,0.2961925268173218
50,12,7,91,D:\Skripsi\Experiment\data\raw\RGB1\S12\AC7\RGB1_SUB12ACT7F91.jpg,1,0,0.2723928987979889
51,12,8,1,D:\Skripsi\Experiment\data\raw\RGB1\S12\AC8\RGB1_SUB12ACT8F1.jpg,1,1,0.5170556902885437
52,12,8,106,D:\Skripsi\Experiment\data\raw\RGB1\S12\AC8\RGB1_SUB12ACT8F106.jpg,1,0,0.45726922154426575
53,12,8,121,D:\Skripsi\Experiment\data\raw\RGB1\S12\AC8\RGB1_SUB12ACT8F121.jpg,1,0,0.34080734848976135
54,12,8,136,D:\Skripsi\Experiment\data\raw\RGB1\S12\AC8\RGB1_SUB12ACT8F136.jpg,1,1,0.500220775604248
55,12,8,151,D:\Skripsi\Experiment\data\raw\RGB1\S12\AC8\RGB1_SUB12ACT8F151.jpg,1,0,0.33012068271636963
56,12,8,16,D:\Skripsi\Experiment\data\raw\RGB1\S12\AC8\RGB1_SUB12ACT8F16.jpg,1,1,0.5818432569503784
57,12,8,31,D:\Skripsi\Experiment\data\raw\RGB1\S12\AC8\RGB1_SUB12ACT8F31.jpg,1,0,0.4639466106891632
58,12,8,46,D:\Skripsi\Experiment\data\raw\RGB1\S12\AC8\RGB1_SUB12ACT8F46.jpg,1,1,0.5514317750930786
59,12,8,61,D:\Skripsi\Experiment\data\raw\RGB1\S12\AC8\RGB1_SUB12ACT8F61.jpg,1,0,0.38551607728004456
60,12,8,76,D:\Skripsi\Experiment\data\raw\RGB1\S12\AC8\RGB1_SUB12ACT8F76.jpg,1,1,0.5382124185562134
61,12,8,91,D:\Skripsi\Experiment\data\raw\RGB1\S12\AC8\RGB1_SUB12ACT8F91.jpg,1,1,0.5351369380950928
62,12,9,1,D:\Skripsi\Experiment\data\raw\RGB1\S12\AC9\RGB1_SUB12ACT9F1.jpg,1,1,0.5096310377120972
63,12,9,106,D:\Skripsi\Experiment\data\raw\RGB1\S12\AC9\RGB1_SUB12ACT9F106.jpg,1,1,0.6300154328346252
64,12,9,121,D:\Skripsi\Experiment\data\raw\RGB1\S12\AC9\RGB1_SUB12ACT9F121.jpg,1,0,0.4127333462238312
65,12,9,136,D:\Skripsi\Experiment\data\raw\RGB1\S12\AC9\RGB1_SUB12ACT9F136.jpg,1,1,0.6066877841949463
66,12,9,151,D:\Skripsi\Experiment\data\raw\RGB1\S12\AC9\RGB1_SUB12ACT9F151.jpg,1,1,0.573569655418396
67,12,9,16,D:\Skripsi\Experiment\data\raw\RGB1\S12\AC9\RGB1_SUB12ACT9F16.jpg,1,1,0.568734884262085
68,12,9,166,D:\Skripsi\Experiment\data\raw\RGB1\S12\AC9\RGB1_SUB12ACT9F166.jpg,1,0,0.49261271953582764
69,12,9,31,D:\Skripsi\Experiment\data\raw\RGB1\S12\AC9\RGB1_SUB12ACT9F31.jpg,1,0,0.42768192291259766
70,12,9,46,D:\Skripsi\Experiment\data\raw\RGB1\S12\AC9\RGB1_SUB12ACT9F46.jpg,1,0,0.441576212644577
71,12,9,61,D:\Skripsi\Experiment\data\raw\RGB1\S12\AC9\RGB1_SUB12ACT9F61.jpg,1,0,0.39788511395454407
72,12,9,76,D:\Skripsi\Experiment\data\raw\RGB1\S12\AC9\RGB1_SUB12ACT9F76.jpg,1,0,0.49107280373573303
73,12,9,91,D:\Skripsi\Experiment\data\raw\RGB1\S12\AC9\RGB1_SUB12ACT9F91.jpg,1,1,0.6102768182754517
74,13,1,1,D:\Skripsi\Experiment\data\raw\RGB1\S13\AC1\RGB1_SUB13ACT1F1.jpg,0,0,0.4826129376888275
75,13,1,106,D:\Skripsi\Experiment\data\raw\RGB1\S13\AC1\RGB1_SUB13ACT1F106.jpg,0,0,0.32010114192962646
76,13,1,121,D:\Skripsi\Experiment\data\raw\RGB1\S13\AC1\RGB1_SUB13ACT1F121.jpg,0,0,0.3196105659008026
77,13,1,16,D:\Skripsi\Experiment\data\raw\RGB1\S13\AC1\RGB1_SUB13ACT1F16.jpg,0,0,0.425814688205719
78,13,1,31,D:\Skripsi\Experiment\data\raw\RGB1\S13\AC1\RGB1_SUB13ACT1F31.jpg,0,0,0.4122246503829956
79,13,1,46,D:\Skripsi\Experiment\data\raw\RGB1\S13\AC1\RGB1_SUB13ACT1F46.jpg,0,0,0.2841927111148834
80,13,1,61,D:\Skripsi\Experiment\data\raw\RGB1\S13\AC1\RGB1_SUB13ACT1F61.jpg,0,0,0.40616461634635925
81,13,1,76,D:\Skripsi\Experiment\data\raw\RGB1\S13\AC1\RGB1_SUB13ACT1F76.jpg,0,0,0.2550981938838959
82,13,1,91,D:\Skripsi\Experiment\data\raw\RGB1\S13\AC1\RGB1_SUB13ACT1F91.jpg,0,0,0.4036157727241516
83,13,5,1,D:\Skripsi\Experiment\data\raw\RGB1\S13\AC5\RGB1_SUB13ACT5F1.jpg,1,1,0.5970394611358643
84,13,5,106,D:\Skripsi\Experiment\data\raw\RGB1\S13\AC5\RGB1_SUB13ACT5F106.jpg,1,1,0.5959951281547546
85,13,5,121,D:\Skripsi\Experiment\data\raw\RGB1\S13\AC5\RGB1_SUB13ACT5F121.jpg,1,1,0.507712721824646
86,13,5,16,D:\Skripsi\Experiment\data\raw\RGB1\S13\AC5\RGB1_SUB13ACT5F16.jpg,1,1,0.5487945675849915
87,13,5,31,D:\Skripsi\Experiment\data\raw\RGB1\S13\AC5\RGB1_SUB13ACT5F31.jpg,1,0,0.47107842564582825
88,13,5,46,D:\Skripsi\Experiment\data\raw\RGB1\S13\AC5\RGB1_SUB13ACT5F46.jpg,1,0,0.47922518849372864
89,13,5,61,D:\Skripsi\Experiment\data\raw\RGB1\S13\AC5\RGB1_SUB13ACT5F61.jpg,1,1,0.5609342455863953
90,13,5,76,D:\Skripsi\Experiment\data\raw\RGB1\S13\AC5\RGB1_SUB13ACT5F76.jpg,1,1,0.5987866520881653
91,13,5,91,D:\Skripsi\Experiment\data\raw\RGB1\S13\AC5\RGB1_SUB13ACT5F91.jpg,1,1,0.5545971989631653
92,13,6,1,D:\Skripsi\Experiment\data\raw\RGB1\S13\AC6\RGB1_SUB13ACT6F1.jpg,1,1,0.5094773173332214
93,13,6,106,D:\Skripsi\Experiment\data\raw\RGB1\S13\AC6\RGB1_SUB13ACT6F106.jpg,1,0,0.49208346009254456
94,13,6,16,D:\Skripsi\Experiment\data\raw\RGB1\S13\AC6\RGB1_SUB13ACT6F16.jpg,1,0,0.4385708272457123
95,13,6,31,D:\Skripsi\Experiment\data\raw\RGB1\S13\AC6\RGB1_SUB13ACT6F31.jpg,1,0,0.4824371337890625
96,13,6,46,D:\Skripsi\Experiment\data\raw\RGB1\S13\AC6\RGB1_SUB13ACT6F46.jpg,1,1,0.5189505815505981
97,13,6,61,D:\Skripsi\Experiment\data\raw\RGB1\S13\AC6\RGB1_SUB13ACT6F61.jpg,1,0,0.4990924000740051
98,13,6,76,D:\Skripsi\Experiment\data\raw\RGB1\S13\AC6\RGB1_SUB13ACT6F76.jpg,1,0,0.4280247390270233
99,13,6,91,D:\Skripsi\Experiment\data\raw\RGB1\S13\AC6\RGB1_SUB13ACT6F91.jpg,1,1,0.5072704553604126
100,13,7,1,D:\Skripsi\Experiment\data\raw\RGB1\S13\AC7\RGB1_SUB13ACT7F1.jpg,1,0,0.37081724405288696
101,13,7,106,D:\Skripsi\Experiment\data\raw\RGB1\S13\AC7\RGB1_SUB13ACT7F106.jpg,1,0,0.40741240978240967
102,13,7,121,D:\Skripsi\Experiment\data\raw\RGB1\S13\AC7\RGB1_SUB13ACT7F121.jpg,1,1,0.5654822587966919
103,13,7,136,D:\Skripsi\Experiment\data\raw\RGB1\S13\AC7\RGB1_SUB13ACT7F136.jpg,1,1,0.5151209831237793
104,13,7,16,D:\Skripsi\Experiment\data\raw\RGB1\S13\AC7\RGB1_SUB13ACT7F16.jpg,1,1,0.5364820957183838
105,13,7,31,D:\Skripsi\Experiment\data\raw\RGB1\S13\AC7\RGB1_SUB13ACT7F31.jpg,1,1,0.56386399269104
106,13,7,46,D:\Skripsi\Experiment\data\raw\RGB1\S13\AC7\RGB1_SUB13ACT7F46.jpg,1,0,0.4173472821712494
107,13,7,61,D:\Skripsi\Experiment\data\raw\RGB1\S13\AC7\RGB1_SUB13ACT7F61.jpg,1,1,0.5871142745018005
108,13,7,76,D:\Skripsi\Experiment\data\raw\RGB1\S13\AC7\RGB1_SUB13ACT7F76.jpg,1,0,0.4601643681526184
109,13,7,91,D:\Skripsi\Experiment\data\raw\RGB1\S13\AC7\RGB1_SUB13ACT7F91.jpg,1,0,0.3748743534088135
110,13,8,1,D:\Skripsi\Experiment\data\raw\RGB1\S13\AC8\RGB1_SUB13ACT8F1.jpg,1,0,0.34962552785873413
111,13,8,106,D:\Skripsi\Experiment\data\raw\RGB1\S13\AC8\RGB1_SUB13ACT8F106.jpg,1,0,0.3227488398551941
112,13,8,121,D:\Skripsi\Experiment\data\raw\RGB1\S13\AC8\RGB1_SUB13ACT8F121.jpg,1,0,0.4018179178237915
113,13,8,136,D:\Skripsi\Experiment\data\raw\RGB1\S13\AC8\RGB1_SUB13ACT8F136.jpg,1,0,0.4385513663291931
114,13,8,16,D:\Skripsi\Experiment\data\raw\RGB1\S13\AC8\RGB1_SUB13ACT8F16.jpg,1,0,0.3931807577610016
115,13,8,31,D:\Skripsi\Experiment\data\raw\RGB1\S13\AC8\RGB1_SUB13ACT8F31.jpg,1,0,0.39196720719337463
116,13,8,46,D:\Skripsi\Experiment\data\raw\RGB1\S13\AC8\RGB1_SUB13ACT8F46.jpg,1,0,0.28888821601867676
117,13,8,61,D:\Skripsi\Experiment\data\raw\RGB1\S13\AC8\RGB1_SUB13ACT8F61.jpg,1,0,0.4583735466003418
118,13,8,76,D:\Skripsi\Experiment\data\raw\RGB1\S13\AC8\RGB1_SUB13ACT8F76.jpg,1,0,0.4890271723270416
119,13,8,91,D:\Skripsi\Experiment\data\raw\RGB1\S13\AC8\RGB1_SUB13ACT8F91.jpg,1,0,0.47179359197616577
120,13,9,1,D:\Skripsi\Experiment\data\raw\RGB1\S13\AC9\RGB1_SUB13ACT9F1.jpg,1,0,0.34320640563964844
121,13,9,106,D:\Skripsi\Experiment\data\raw\RGB1\S13\AC9\RGB1_SUB13ACT9F106.jpg,1,1,0.5157710313796997
122,13,9,121,D:\Skripsi\Experiment\data\raw\RGB1\S13\AC9\RGB1_SUB13ACT9F121.jpg,1,0,0.36013615131378174
123,13,9,136,D:\Skripsi\Experiment\data\raw\RGB1\S13\AC9\RGB1_SUB13ACT9F136.jpg,1,1,0.6536228656768799
124,13,9,151,D:\Skripsi\Experiment\data\raw\RGB1\S13\AC9\RGB1_SUB13ACT9F151.jpg,1,1,0.5310639142990112
125,13,9,16,D:\Skripsi\Experiment\data\raw\RGB1\S13\AC9\RGB1_SUB13ACT9F16.jpg,1,0,0.43908026814460754
126,13,9,166,D:\Skripsi\Experiment\data\raw\RGB1\S13\AC9\RGB1_SUB13ACT9F166.jpg,1,0,0.46458497643470764
127,13,9,181,D:\Skripsi\Experiment\data\raw\RGB1\S13\AC9\RGB1_SUB13ACT9F181.jpg,1,0,0.49692320823669434
128,13,9,31,D:\Skripsi\Experiment\data\raw\RGB1\S13\AC9\RGB1_SUB13ACT9F31.jpg,1,0,0.4618574380874634
129,13,9,46,D:\Skripsi\Experiment\data\raw\RGB1\S13\AC9\RGB1_SUB13ACT9F46.jpg,1,0,0.35634759068489075
130,13,9,61,D:\Skripsi\Experiment\data\raw\RGB1\S13\AC9\RGB1_SUB13ACT9F61.jpg,1,1,0.5683483481407166
131,13,9,76,D:\Skripsi\Experiment\data\raw\RGB1\S13\AC9\RGB1_SUB13ACT9F76.jpg,1,1,0.5370281338691711
132,13,9,91,D:\Skripsi\Experiment\data\raw\RGB1\S13\AC9\RGB1_SUB13ACT9F91.jpg,1,0,0.46681198477745056
133,14,1,1,D:\Skripsi\Experiment\data\raw\RGB1\S14\AC1\RGB1_SUB14ACT1F1.jpg,0,1,0.5230039358139038
134,14,1,106,D:\Skripsi\Experiment\data\raw\RGB1\S14\AC1\RGB1_SUB14ACT1F106.jpg,0,0,0.43373537063598633
135,14,1,16,D:\Skripsi\Experiment\data\raw\RGB1\S14\AC1\RGB1_SUB14ACT1F16.jpg,0,1,0.5834324359893799
136,14,1,31,D:\Skripsi\Experiment\data\raw\RGB1\S14\AC1\RGB1_SUB14ACT1F31.jpg,0,1,0.5419269800186157
137,14,1,46,D:\Skripsi\Experiment\data\raw\RGB1\S14\AC1\RGB1_SUB14ACT1F46.jpg,0,1,0.5232197046279907
138,14,1,61,D:\Skripsi\Experiment\data\raw\RGB1\S14\AC1\RGB1_SUB14ACT1F61.jpg,0,1,0.6824459433555603
139,14,1,76,D:\Skripsi\Experiment\data\raw\RGB1\S14\AC1\RGB1_SUB14ACT1F76.jpg,0,1,0.5857163071632385
140,14,1,91,D:\Skripsi\Experiment\data\raw\RGB1\S14\AC1\RGB1_SUB14ACT1F91.jpg,0,1,0.6234065294265747
141,14,5,1,D:\Skripsi\Experiment\data\raw\RGB1\S14\AC5\RGB1_SUB14ACT5F1.jpg,1,0,0.459635466337204
142,14,5,106,D:\Skripsi\Experiment\data\raw\RGB1\S14\AC5\RGB1_SUB14ACT5F106.jpg,1,1,0.5390951633453369
143,14,5,121,D:\Skripsi\Experiment\data\raw\RGB1\S14\AC5\RGB1_SUB14ACT5F121.jpg,1,0,0.4166296720504761
144,14,5,16,D:\Skripsi\Experiment\data\raw\RGB1\S14\AC5\RGB1_SUB14ACT5F16.jpg,1,0,0.3779394328594208
145,14,5,31,D:\Skripsi\Experiment\data\raw\RGB1\S14\AC5\RGB1_SUB14ACT5F31.jpg,1,0,0.47600534558296204
146,14,5,46,D:\Skripsi\Experiment\data\raw\RGB1\S14\AC5\RGB1_SUB14ACT5F46.jpg,1,0,0.3973856568336487
147,14,5,61,D:\Skripsi\Experiment\data\raw\RGB1\S14\AC5\RGB1_SUB14ACT5F61.jpg,1,1,0.5356594324111938
148,14,5,76,D:\Skripsi\Experiment\data\raw\RGB1\S14\AC5\RGB1_SUB14ACT5F76.jpg,1,1,0.5141062140464783
149,14,5,91,D:\Skripsi\Experiment\data\raw\RGB1\S14\AC5\RGB1_SUB14ACT5F91.jpg,1,0,0.47002848982810974
150,14,6,1,D:\Skripsi\Experiment\data\raw\RGB1\S14\AC6\RGB1_SUB14ACT6F1.jpg,1,0,0.42522361874580383
151,14,6,106,D:\Skripsi\Experiment\data\raw\RGB1\S14\AC6\RGB1_SUB14ACT6F106.jpg,1,1,0.5221500396728516
152,14,6,16,D:\Skripsi\Experiment\data\raw\RGB1\S14\AC6\RGB1_SUB14ACT6F16.jpg,1,0,0.446883887052536
153,14,6,31,D:\Skripsi\Experiment\data\raw\RGB1\S14\AC6\RGB1_SUB14ACT6F31.jpg,1,0,0.4277799129486084
154,14,6,46,D:\Skripsi\Experiment\data\raw\RGB1\S14\AC6\RGB1_SUB14ACT6F46.jpg,1,0,0.4134571850299835
155,14,6,61,D:\Skripsi\Experiment\data\raw\RGB1\S14\AC6\RGB1_SUB14ACT6F61.jpg,1,0,0.40805116295814514
156,14,6,76,D:\Skripsi\Experiment\data\raw\RGB1\S14\AC6\RGB1_SUB14ACT6F76.jpg,1,1,0.5999645590782166
157,14,6,91,D:\Skripsi\Experiment\data\raw\RGB1\S14\AC6\RGB1_SUB14ACT6F91.jpg,1,1,0.5407917499542236
158,14,7,1,D:\Skripsi\Experiment\data\raw\RGB1\S14\AC7\RGB1_SUB14ACT7F1.jpg,1,0,0.35761895775794983
159,14,7,106,D:\Skripsi\Experiment\data\raw\RGB1\S14\AC7\RGB1_SUB14ACT7F106.jpg,1,1,0.6295377016067505
160,14,7,16,D:\Skripsi\Experiment\data\raw\RGB1\S14\AC7\RGB1_SUB14ACT7F16.jpg,1,1,0.5777230262756348
161,14,7,31,D:\Skripsi\Experiment\data\raw\RGB1\S14\AC7\RGB1_SUB14ACT7F31.jpg,1,1,0.7025849223136902
162,14,7,46,D:\Skripsi\Experiment\data\raw\RGB1\S14\AC7\RGB1_SUB14ACT7F46.jpg,1,1,0.6544528603553772
163,14,7,61,D:\Skripsi\Experiment\data\raw\RGB1\S14\AC7\RGB1_SUB14ACT7F61.jpg,1,1,0.5803382992744446
164,14,7,76,D:\Skripsi\Experiment\data\raw\RGB1\S14\AC7\RGB1_SUB14ACT7F76.jpg,1,1,0.6120656728744507
165,14,7,91,D:\Skripsi\Experiment\data\raw\RGB1\S14\AC7\RGB1_SUB14ACT7F91.jpg,1,1,0.6332848072052002
166,14,8,1,D:\Skripsi\Experiment\data\raw\RGB1\S14\AC8\RGB1_SUB14ACT8F1.jpg,1,0,0.4493292570114136
167,14,8,106,D:\Skripsi\Experiment\data\raw\RGB1\S14\AC8\RGB1_SUB14ACT8F106.jpg,1,0,0.48933541774749756
168,14,8,121,D:\Skripsi\Experiment\data\raw\RGB1\S14\AC8\RGB1_SUB14ACT8F121.jpg,1,1,0.550028920173645
169,14,8,136,D:\Skripsi\Experiment\data\raw\RGB1\S14\AC8\RGB1_SUB14ACT8F136.jpg,1,0,0.4235379099845886
170,14,8,16,D:\Skripsi\Experiment\data\raw\RGB1\S14\AC8\RGB1_SUB14ACT8F16.jpg,1,0,0.4381937086582184
171,14,8,31,D:\Skripsi\Experiment\data\raw\RGB1\S14\AC8\RGB1_SUB14ACT8F31.jpg,1,0,0.4605077803134918
172,14,8,46,D:\Skripsi\Experiment\data\raw\RGB1\S14\AC8\RGB1_SUB14ACT8F46.jpg,1,0,0.47582098841667175
173,14,8,61,D:\Skripsi\Experiment\data\raw\RGB1\S14\AC8\RGB1_SUB14ACT8F61.jpg,1,0,0.4692216217517853
174,14,8,76,D:\Skripsi\Experiment\data\raw\RGB1\S14\AC8\RGB1_SUB14ACT8F76.jpg,1,0,0.4687119722366333
175,14,8,91,D:\Skripsi\Experiment\data\raw\RGB1\S14\AC8\RGB1_SUB14ACT8F91.jpg,1,0,0.4628978669643402
176,14,9,1,D:\Skripsi\Experiment\data\raw\RGB1\S14\AC9\RGB1_SUB14ACT9F1.jpg,1,0,0.4755104184150696
177,14,9,106,D:\Skripsi\Experiment\data\raw\RGB1\S14\AC9\RGB1_SUB14ACT9F106.jpg,1,1,0.637487530708313
178,14,9,121,D:\Skripsi\Experiment\data\raw\RGB1\S14\AC9\RGB1_SUB14ACT9F121.jpg,1,1,0.5965499877929688
179,14,9,136,D:\Skripsi\Experiment\data\raw\RGB1\S14\AC9\RGB1_SUB14ACT9F136.jpg,1,1,0.6379952430725098
180,14,9,16,D:\Skripsi\Experiment\data\raw\RGB1\S14\AC9\RGB1_SUB14ACT9F16.jpg,1,0,0.496076375246048
181,14,9,31,D:\Skripsi\Experiment\data\raw\RGB1\S14\AC9\RGB1_SUB14ACT9F31.jpg,1,1,0.7209128141403198
182,14,9,46,D:\Skripsi\Experiment\data\raw\RGB1\S14\AC9\RGB1_SUB14ACT9F46.jpg,1,1,0.5551873445510864
183,14,9,61,D:\Skripsi\Experiment\data\raw\RGB1\S14\AC9\RGB1_SUB14ACT9F61.jpg,1,1,0.6325650215148926
184,14,9,76,D:\Skripsi\Experiment\data\raw\RGB1\S14\AC9\RGB1_SUB14ACT9F76.jpg,1,1,0.6217153072357178
185,14,9,91,D:\Skripsi\Experiment\data\raw\RGB1\S14\AC9\RGB1_SUB14ACT9F91.jpg,1,1,0.6791313886642456
186,16,1,1,D:\Skripsi\Experiment\data\raw\RGB1\S16\AC1\RGB1_SUB16ACT1F1.jpg,0,1,0.5202639698982239
187,16,1,106,D:\Skripsi\Experiment\data\raw\RGB1\S16\AC1\RGB1_SUB16ACT1F106.jpg,0,0,0.4707637131214142
188,16,1,121,D:\Skripsi\Experiment\data\raw\RGB1\S16\AC1\RGB1_SUB16ACT1F121.jpg,0,1,0.50760418176651
189,16,1,16,D:\Skripsi\Experiment\data\raw\RGB1\S16\AC1\RGB1_SUB16ACT1F16.jpg,0,1,0.5294696092605591
190,16,1,31,D:\Skripsi\Experiment\data\raw\RGB1\S16\AC1\RGB1_SUB16ACT1F31.jpg,0,0,0.453766405582428
191,16,1,46,D:\Skripsi\Experiment\data\raw\RGB1\S16\AC1\RGB1_SUB16ACT1F46.jpg,0,1,0.5125720500946045
192,16,1,61,D:\Skripsi\Experiment\data\raw\RGB1\S16\AC1\RGB1_SUB16ACT1F61.jpg,0,1,0.5285818576812744
193,16,1,76,D:\Skripsi\Experiment\data\raw\RGB1\S16\AC1\RGB1_SUB16ACT1F76.jpg,0,1,0.5579026341438293
194,16,1,91,D:\Skripsi\Experiment\data\raw\RGB1\S16\AC1\RGB1_SUB16ACT1F91.jpg,0,0,0.47621428966522217
195,16,5,1,D:\Skripsi\Experiment\data\raw\RGB1\S16\AC5\RGB1_SUB16ACT5F1.jpg,1,1,0.5194293260574341
196,16,5,106,D:\Skripsi\Experiment\data\raw\RGB1\S16\AC5\RGB1_SUB16ACT5F106.jpg,1,0,0.28363943099975586
197,16,5,16,D:\Skripsi\Experiment\data\raw\RGB1\S16\AC5\RGB1_SUB16ACT5F16.jpg,1,1,0.6082111597061157
198,16,5,31,D:\Skripsi\Experiment\data\raw\RGB1\S16\AC5\RGB1_SUB16ACT5F31.jpg,1,1,0.5453457236289978
199,16,5,46,D:\Skripsi\Experiment\data\raw\RGB1\S16\AC5\RGB1_SUB16ACT5F46.jpg,1,1,0.5344251990318298
200,16,5,61,D:\Skripsi\Experiment\data\raw\RGB1\S16\AC5\RGB1_SUB16ACT5F61.jpg,1,0,0.4162198007106781
201,16,5,76,D:\Skripsi\Experiment\data\raw\RGB1\S16\AC5\RGB1_SUB16ACT5F76.jpg,1,0,0.41874149441719055
202,16,5,91,D:\Skripsi\Experiment\data\raw\RGB1\S16\AC5\RGB1_SUB16ACT5F91.jpg,1,0,0.41850870847702026
203,16,6,1,D:\Skripsi\Experiment\data\raw\RGB1\S16\AC6\RGB1_SUB16ACT6F1.jpg,1,0,0.38438573479652405
204,16,6,106,D:\Skripsi\Experiment\data\raw\RGB1\S16\AC6\RGB1_SUB16ACT6F106.jpg,1,0,0.42692628502845764
205,16,6,16,D:\Skripsi\Experiment\data\raw\RGB1\S16\AC6\RGB1_SUB16ACT6F16.jpg,1,0,0.30611470341682434
206,16,6,31,D:\Skripsi\Experiment\data\raw\RGB1\S16\AC6\RGB1_SUB16ACT6F31.jpg,1,0,0.29481247067451477
207,16,6,46,D:\Skripsi\Experiment\data\raw\RGB1\S16\AC6\RGB1_SUB16ACT6F46.jpg,1,0,0.3247678875923157
208,16,6,61,D:\Skripsi\Experiment\data\raw\RGB1\S16\AC6\RGB1_SUB16ACT6F61.jpg,1,0,0.4342731535434723
209,16,6,76,D:\Skripsi\Experiment\data\raw\RGB1\S16\AC6\RGB1_SUB16ACT6F76.jpg,1,0,0.2901768982410431
210,16,6,91,D:\Skripsi\Experiment\data\raw\RGB1\S16\AC6\RGB1_SUB16ACT6F91.jpg,1,0,0.32588279247283936
211,16,7,1,D:\Skripsi\Experiment\data\raw\RGB1\S16\AC7\RGB1_SUB16ACT7F1.jpg,1,0,0.4941622018814087
212,16,7,106,D:\Skripsi\Experiment\data\raw\RGB1\S16\AC7\RGB1_SUB16ACT7F106.jpg,1,0,0.4926246404647827
213,16,7,121,D:\Skripsi\Experiment\data\raw\RGB1\S16\AC7\RGB1_SUB16ACT7F121.jpg,1,1,0.5783978700637817
214,16,7,16,D:\Skripsi\Experiment\data\raw\RGB1\S16\AC7\RGB1_SUB16ACT7F16.jpg,1,0,0.4282814860343933
215,16,7,31,D:\Skripsi\Experiment\data\raw\RGB1\S16\AC7\RGB1_SUB16ACT7F31.jpg,1,0,0.4178627133369446
216,16,7,46,D:\Skripsi\Experiment\data\raw\RGB1\S16\AC7\RGB1_SUB16ACT7F46.jpg,1,1,0.5411466360092163
217,16,7,61,D:\Skripsi\Experiment\data\raw\RGB1\S16\AC7\RGB1_SUB16ACT7F61.jpg,1,0,0.3954083323478699
218,16,7,76,D:\Skripsi\Experiment\data\raw\RGB1\S16\AC7\RGB1_SUB16ACT7F76.jpg,1,1,0.5219365358352661
219,16,7,91,D:\Skripsi\Experiment\data\raw\RGB1\S16\AC7\RGB1_SUB16ACT7F91.jpg,1,1,0.5039913654327393
220,16,8,1,D:\Skripsi\Experiment\data\raw\RGB1\S16\AC8\RGB1_SUB16ACT8F1.jpg,1,1,0.501954197883606
221,16,8,106,D:\Skripsi\Experiment\data\raw\RGB1\S16\AC8\RGB1_SUB16ACT8F106.jpg,1,0,0.4577012062072754
222,16,8,121,D:\Skripsi\Experiment\data\raw\RGB1\S16\AC8\RGB1_SUB16ACT8F121.jpg,1,1,0.5516924262046814
223,16,8,16,D:\Skripsi\Experiment\data\raw\RGB1\S16\AC8\RGB1_SUB16ACT8F16.jpg,1,1,0.5681809782981873
224,16,8,31,D:\Skripsi\Experiment\data\raw\RGB1\S16\AC8\RGB1_SUB16ACT8F31.jpg,1,0,0.4619695246219635
225,16,8,46,D:\Skripsi\Experiment\data\raw\RGB1\S16\AC8\RGB1_SUB16ACT8F46.jpg,1,0,0.49252498149871826
226,16,8,61,D:\Skripsi\Experiment\data\raw\RGB1\S16\AC8\RGB1_SUB16ACT8F61.jpg,1,1,0.5217434763908386
227,16,8,76,D:\Skripsi\Experiment\data\raw\RGB1\S16\AC8\RGB1_SUB16ACT8F76.jpg,1,1,0.5786983966827393
228,16,8,91,D:\Skripsi\Experiment\data\raw\RGB1\S16\AC8\RGB1_SUB16ACT8F91.jpg,1,1,0.5520706176757812
229,16,9,1,D:\Skripsi\Experiment\data\raw\RGB1\S16\AC9\RGB1_SUB16ACT9F1.jpg,1,0,0.3957946300506592
230,16,9,106,D:\Skripsi\Experiment\data\raw\RGB1\S16\AC9\RGB1_SUB16ACT9F106.jpg,1,0,0.33229416608810425
231,16,9,121,D:\Skripsi\Experiment\data\raw\RGB1\S16\AC9\RGB1_SUB16ACT9F121.jpg,1,0,0.37043866515159607
232,16,9,16,D:\Skripsi\Experiment\data\raw\RGB1\S16\AC9\RGB1_SUB16ACT9F16.jpg,1,0,0.39190587401390076
233,16,9,31,D:\Skripsi\Experiment\data\raw\RGB1\S16\AC9\RGB1_SUB16ACT9F31.jpg,1,1,0.5185744166374207
234,16,9,46,D:\Skripsi\Experiment\data\raw\RGB1\S16\AC9\RGB1_SUB16ACT9F46.jpg,1,1,0.5332047343254089
235,16,9,61,D:\Skripsi\Experiment\data\raw\RGB1\S16\AC9\RGB1_SUB16ACT9F61.jpg,1,1,0.5971883535385132
236,16,9,76,D:\Skripsi\Experiment\data\raw\RGB1\S16\AC9\RGB1_SUB16ACT9F76.jpg,1,1,0.5243635773658752
237,16,9,91,D:\Skripsi\Experiment\data\raw\RGB1\S16\AC9\RGB1_SUB16ACT9F91.jpg,1,0,0.43569833040237427
238,18,1,1,D:\Skripsi\Experiment\data\raw\RGB1\S18\AC1\RGB1_SUB18ACT1F1.jpg,0,0,0.36819711327552795
239,18,1,106,D:\Skripsi\Experiment\data\raw\RGB1\S18\AC1\RGB1_SUB18ACT1F106.jpg,0,0,0.3316795229911804
240,18,1,121,D:\Skripsi\Experiment\data\raw\RGB1\S18\AC1\RGB1_SUB18ACT1F121.jpg,0,0,0.4155083894729614
241,18,1,136,D:\Skripsi\Experiment\data\raw\RGB1\S18\AC1\RGB1_SUB18ACT1F136.jpg,0,0,0.3655308783054352
242,18,1,16,D:\Skripsi\Experiment\data\raw\RGB1\S18\AC1\RGB1_SUB18ACT1F16.jpg,0,0,0.33884650468826294
243,18,1,31,D:\Skripsi\Experiment\data\raw\RGB1\S18\AC1\RGB1_SUB18ACT1F31.jpg,0,0,0.31067463755607605
244,18,1,46,D:\Skripsi\Experiment\data\raw\RGB1\S18\AC1\RGB1_SUB18ACT1F46.jpg,0,0,0.334730327129364
245,18,1,61,D:\Skripsi\Experiment\data\raw\RGB1\S18\AC1\RGB1_SUB18ACT1F61.jpg,0,0,0.25258541107177734
246,18,1,76,D:\Skripsi\Experiment\data\raw\RGB1\S18\AC1\RGB1_SUB18ACT1F76.jpg,0,0,0.41952478885650635
247,18,1,91,D:\Skripsi\Experiment\data\raw\RGB1\S18\AC1\RGB1_SUB18ACT1F91.jpg,0,0,0.28935983777046204
248,18,5,1,D:\Skripsi\Experiment\data\raw\RGB1\S18\AC5\RGB1_SUB18ACT5F1.jpg,1,0,0.43513113260269165
249,18,5,106,D:\Skripsi\Experiment\data\raw\RGB1\S18\AC5\RGB1_SUB18ACT5F106.jpg,1,1,0.5042271614074707
250,18,5,121,D:\Skripsi\Experiment\data\raw\RGB1\S18\AC5\RGB1_SUB18ACT5F121.jpg,1,0,0.36247655749320984
251,18,5,136,D:\Skripsi\Experiment\data\raw\RGB1\S18\AC5\RGB1_SUB18ACT5F136.jpg,1,0,0.37326857447624207
252,18,5,151,D:\Skripsi\Experiment\data\raw\RGB1\S18\AC5\RGB1_SUB18ACT5F151.jpg,1,0,0.3765135407447815
253,18,5,16,D:\Skripsi\Experiment\data\raw\RGB1\S18\AC5\RGB1_SUB18ACT5F16.jpg,1,0,0.47101470828056335
254,18,5,31,D:\Skripsi\Experiment\data\raw\RGB1\S18\AC5\RGB1_SUB18ACT5F31.jpg,1,0,0.46363744139671326
255,18,5,46,D:\Skripsi\Experiment\data\raw\RGB1\S18\AC5\RGB1_SUB18ACT5F46.jpg,1,0,0.429745614528656
256,18,5,61,D:\Skripsi\Experiment\data\raw\RGB1\S18\AC5\RGB1_SUB18ACT5F61.jpg,1,0,0.4390672445297241
257,18,5,76,D:\Skripsi\Experiment\data\raw\RGB1\S18\AC5\RGB1_SUB18ACT5F76.jpg,1,1,0.5803431868553162
258,18,5,91,D:\Skripsi\Experiment\data\raw\RGB1\S18\AC5\RGB1_SUB18ACT5F91.jpg,1,0,0.4801676571369171
259,18,6,1,D:\Skripsi\Experiment\data\raw\RGB1\S18\AC6\RGB1_SUB18ACT6F1.jpg,1,0,0.4284515678882599
260,18,6,106,D:\Skripsi\Experiment\data\raw\RGB1\S18\AC6\RGB1_SUB18ACT6F106.jpg,1,1,0.5310615301132202
261,18,6,121,D:\Skripsi\Experiment\data\raw\RGB1\S18\AC6\RGB1_SUB18ACT6F121.jpg,1,1,0.546913743019104
262,18,6,136,D:\Skripsi\Experiment\data\raw\RGB1\S18\AC6\RGB1_SUB18ACT6F136.jpg,1,0,0.47506311535835266
263,18,6,151,D:\Skripsi\Experiment\data\raw\RGB1\S18\AC6\RGB1_SUB18ACT6F151.jpg,1,0,0.39218470454216003
264,18,6,16,D:\Skripsi\Experiment\data\raw\RGB1\S18\AC6\RGB1_SUB18ACT6F16.jpg,1,0,0.4179938733577728
265,18,6,31,D:\Skripsi\Experiment\data\raw\RGB1\S18\AC6\RGB1_SUB18ACT6F31.jpg,1,0,0.4643052816390991
266,18,6,46,D:\Skripsi\Experiment\data\raw\RGB1\S18\AC6\RGB1_SUB18ACT6F46.jpg,1,0,0.49840855598449707
267,18,6,61,D:\Skripsi\Experiment\data\raw\RGB1\S18\AC6\RGB1_SUB18ACT6F61.jpg,1,0,0.44481196999549866
268,18,6,76,D:\Skripsi\Experiment\data\raw\RGB1\S18\AC6\RGB1_SUB18ACT6F76.jpg,1,0,0.4549984335899353
269,18,6,91,D:\Skripsi\Experiment\data\raw\RGB1\S18\AC6\RGB1_SUB18ACT6F91.jpg,1,0,0.3034086227416992
270,18,7,1,D:\Skripsi\Experiment\data\raw\RGB1\S18\AC7\RGB1_SUB18ACT7F1.jpg,1,0,0.47299903631210327
271,18,7,106,D:\Skripsi\Experiment\data\raw\RGB1\S18\AC7\RGB1_SUB18ACT7F106.jpg,1,1,0.5188436508178711
272,18,7,121,D:\Skripsi\Experiment\data\raw\RGB1\S18\AC7\RGB1_SUB18ACT7F121.jpg,1,1,0.5152062177658081
273,18,7,136,D:\Skripsi\Experiment\data\raw\RGB1\S18\AC7\RGB1_SUB18ACT7F136.jpg,1,1,0.6079882979393005
274,18,7,151,D:\Skripsi\Experiment\data\raw\RGB1\S18\AC7\RGB1_SUB18ACT7F151.jpg,1,1,0.5232852697372437
275,18,7,16,D:\Skripsi\Experiment\data\raw\RGB1\S18\AC7\RGB1_SUB18ACT7F16.jpg,1,1,0.5595133304595947
276,18,7,166,D:\Skripsi\Experiment\data\raw\RGB1\S18\AC7\RGB1_SUB18ACT7F166.jpg,1,1,0.6955304741859436
277,18,7,181,D:\Skripsi\Experiment\data\raw\RGB1\S18\AC7\RGB1_SUB18ACT7F181.jpg,1,1,0.6013303995132446
278,18,7,31,D:\Skripsi\Experiment\data\raw\RGB1\S18\AC7\RGB1_SUB18ACT7F31.jpg,1,1,0.5792156457901001
279,18,7,46,D:\Skripsi\Experiment\data\raw\RGB1\S18\AC7\RGB1_SUB18ACT7F46.jpg,1,1,0.6037290096282959
280,18,7,61,D:\Skripsi\Experiment\data\raw\RGB1\S18\AC7\RGB1_SUB18ACT7F61.jpg,1,1,0.6035903096199036
281,18,7,76,D:\Skripsi\Experiment\data\raw\RGB1\S18\AC7\RGB1_SUB18ACT7F76.jpg,1,1,0.527012825012207
282,18,7,91,D:\Skripsi\Experiment\data\raw\RGB1\S18\AC7\RGB1_SUB18ACT7F91.jpg,1,1,0.614700973033905
283,18,8,1,D:\Skripsi\Experiment\data\raw\RGB1\S18\AC8\RGB1_SUB18ACT8F1.jpg,1,0,0.45919743180274963
284,18,8,106,D:\Skripsi\Experiment\data\raw\RGB1\S18\AC8\RGB1_SUB18ACT8F106.jpg,1,1,0.5140401124954224
285,18,8,121,D:\Skripsi\Experiment\data\raw\RGB1\S18\AC8\RGB1_SUB18ACT8F121.jpg,1,1,0.5945389866828918
286,18,8,136,D:\Skripsi\Experiment\data\raw\RGB1\S18\AC8\RGB1_SUB18ACT8F136.jpg,1,1,0.5156516432762146
287,18,8,151,D:\Skripsi\Experiment\data\raw\RGB1\S18\AC8\RGB1_SUB18ACT8F151.jpg,1,1,0.5659238696098328
288,18,8,16,D:\Skripsi\Experiment\data\raw\RGB1\S18\AC8\RGB1_SUB18ACT8F16.jpg,1,0,0.4949630796909332
289,18,8,166,D:\Skripsi\Experiment\data\raw\RGB1\S18\AC8\RGB1_SUB18ACT8F166.jpg,1,0,0.4911435842514038
290,18,8,181,D:\Skripsi\Experiment\data\raw\RGB1\S18\AC8\RGB1_SUB18ACT8F181.jpg,1,0,0.40930604934692383
291,18,8,196,D:\Skripsi\Experiment\data\raw\RGB1\S18\AC8\RGB1_SUB18ACT8F196.jpg,1,1,0.6149723529815674
292,18,8,211,D:\Skripsi\Experiment\data\raw\RGB1\S18\AC8\RGB1_SUB18ACT8F211.jpg,1,1,0.543129563331604
293,18,8,31,D:\Skripsi\Experiment\data\raw\RGB1\S18\AC8\RGB1_SUB18ACT8F31.jpg,1,1,0.5323442220687866
294,18,8,46,D:\Skripsi\Experiment\data\raw\RGB1\S18\AC8\RGB1_SUB18ACT8F46.jpg,1,0,0.4938667118549347
295,18,8,61,D:\Skripsi\Experiment\data\raw\RGB1\S18\AC8\RGB1_SUB18ACT8F61.jpg,1,1,0.5641475915908813
296,18,8,76,D:\Skripsi\Experiment\data\raw\RGB1\S18\AC8\RGB1_SUB18ACT8F76.jpg,1,1,0.6147472262382507
297,18,8,91,D:\Skripsi\Experiment\data\raw\RGB1\S18\AC8\RGB1_SUB18ACT8F91.jpg,1,1,0.5929322242736816
298,18,9,1,D:\Skripsi\Experiment\data\raw\RGB1\S18\AC9\RGB1_SUB18ACT9F1.jpg,1,0,0.3861066401004791
299,18,9,106,D:\Skripsi\Experiment\data\raw\RGB1\S18\AC9\RGB1_SUB18ACT9F106.jpg,1,1,0.5437461733818054
300,18,9,121,D:\Skripsi\Experiment\data\raw\RGB1\S18\AC9\RGB1_SUB18ACT9F121.jpg,1,0,0.4302893579006195
301,18,9,136,D:\Skripsi\Experiment\data\raw\RGB1\S18\AC9\RGB1_SUB18ACT9F136.jpg,1,0,0.48648494482040405
302,18,9,151,D:\Skripsi\Experiment\data\raw\RGB1\S18\AC9\RGB1_SUB18ACT9F151.jpg,1,0,0.47521939873695374
303,18,9,16,D:\Skripsi\Experiment\data\raw\RGB1\S18\AC9\RGB1_SUB18ACT9F16.jpg,1,1,0.5145284533500671
304,18,9,31,D:\Skripsi\Experiment\data\raw\RGB1\S18\AC9\RGB1_SUB18ACT9F31.jpg,1,0,0.4543609023094177
305,18,9,46,D:\Skripsi\Experiment\data\raw\RGB1\S18\AC9\RGB1_SUB18ACT9F46.jpg,1,0,0.47323721647262573
306,18,9,61,D:\Skripsi\Experiment\data\raw\RGB1\S18\AC9\RGB1_SUB18ACT9F61.jpg,1,1,0.5025303959846497
307,18,9,76,D:\Skripsi\Experiment\data\raw\RGB1\S18\AC9\RGB1_SUB18ACT9F76.jpg,1,1,0.5376976132392883
308,18,9,91,D:\Skripsi\Experiment\data\raw\RGB1\S18\AC9\RGB1_SUB18ACT9F91.jpg,1,1,0.5473086833953857
309,19,1,1,D:\Skripsi\Experiment\data\raw\RGB1\S19\AC1\RGB1_SUB19ACT1F1.jpg,0,1,0.5207511782646179
310,19,1,106,D:\Skripsi\Experiment\data\raw\RGB1\S19\AC1\RGB1_SUB19ACT1F106.jpg,0,1,0.6109641790390015
311,19,1,121,D:\Skripsi\Experiment\data\raw\RGB1\S19\AC1\RGB1_SUB19ACT1F121.jpg,0,1,0.6254370212554932
312,19,1,16,D:\Skripsi\Experiment\data\raw\RGB1\S19\AC1\RGB1_SUB19ACT1F16.jpg,0,1,0.5162826776504517
313,19,1,31,D:\Skripsi\Experiment\data\raw\RGB1\S19\AC1\RGB1_SUB19ACT1F31.jpg,0,1,0.5379145741462708
314,19,1,46,D:\Skripsi\Experiment\data\raw\RGB1\S19\AC1\RGB1_SUB19ACT1F46.jpg,0,1,0.5228008031845093
315,19,1,61,D:\Skripsi\Experiment\data\raw\RGB1\S19\AC1\RGB1_SUB19ACT1F61.jpg,0,1,0.5645515322685242
316,19,1,76,D:\Skripsi\Experiment\data\raw\RGB1\S19\AC1\RGB1_SUB19ACT1F76.jpg,0,0,0.48607686161994934
317,19,1,91,D:\Skripsi\Experiment\data\raw\RGB1\S19\AC1\RGB1_SUB19ACT1F91.jpg,0,1,0.5066080689430237
318,19,5,1,D:\Skripsi\Experiment\data\raw\RGB1\S19\AC5\RGB1_SUB19ACT5F1.jpg,1,1,0.5624318718910217
319,19,5,106,D:\Skripsi\Experiment\data\raw\RGB1\S19\AC5\RGB1_SUB19ACT5F106.jpg,1,1,0.5632661581039429
320,19,5,16,D:\Skripsi\Experiment\data\raw\RGB1\S19\AC5\RGB1_SUB19ACT5F16.jpg,1,1,0.5829809308052063
321,19,5,31,D:\Skripsi\Experiment\data\raw\RGB1\S19\AC5\RGB1_SUB19ACT5F31.jpg,1,1,0.5574465394020081
322,19,5,46,D:\Skripsi\Experiment\data\raw\RGB1\S19\AC5\RGB1_SUB19ACT5F46.jpg,1,1,0.525572657585144
323,19,5,61,D:\Skripsi\Experiment\data\raw\RGB1\S19\AC5\RGB1_SUB19ACT5F61.jpg,1,1,0.5512297749519348
324,19,5,76,D:\Skripsi\Experiment\data\raw\RGB1\S19\AC5\RGB1_SUB19ACT5F76.jpg,1,1,0.6133347153663635
325,19,5,91,D:\Skripsi\Experiment\data\raw\RGB1\S19\AC5\RGB1_SUB19ACT5F91.jpg,1,1,0.59514319896698
326,19,6,1,D:\Skripsi\Experiment\data\raw\RGB1\S19\AC6\RGB1_SUB19ACT6F1.jpg,1,0,0.469853013753891
327,19,6,106,D:\Skripsi\Experiment\data\raw\RGB1\S19\AC6\RGB1_SUB19ACT6F106.jpg,1,1,0.6238023042678833
328,19,6,121,D:\Skripsi\Experiment\data\raw\RGB1\S19\AC6\RGB1_SUB19ACT6F121.jpg,1,1,0.5854341387748718
329,19,6,16,D:\Skripsi\Experiment\data\raw\RGB1\S19\AC6\RGB1_SUB19ACT6F16.jpg,1,1,0.5224966406822205
330,19,6,31,D:\Skripsi\Experiment\data\raw\RGB1\S19\AC6\RGB1_SUB19ACT6F31.jpg,1,1,0.6002092957496643
331,19,6,46,D:\Skripsi\Experiment\data\raw\RGB1\S19\AC6\RGB1_SUB19ACT6F46.jpg,1,1,0.5381208062171936
332,19,6,61,D:\Skripsi\Experiment\data\raw\RGB1\S19\AC6\RGB1_SUB19ACT6F61.jpg,1,1,0.6450055241584778
333,19,6,76,D:\Skripsi\Experiment\data\raw\RGB1\S19\AC6\RGB1_SUB19ACT6F76.jpg,1,1,0.5718412399291992
334,19,6,91,D:\Skripsi\Experiment\data\raw\RGB1\S19\AC6\RGB1_SUB19ACT6F91.jpg,1,1,0.5333354473114014
335,19,7,1,D:\Skripsi\Experiment\data\raw\RGB1\S19\AC7\RGB1_SUB19ACT7F1.jpg,1,1,0.573362410068512
336,19,7,106,D:\Skripsi\Experiment\data\raw\RGB1\S19\AC7\RGB1_SUB19ACT7F106.jpg,1,0,0.46493467688560486
337,19,7,121,D:\Skripsi\Experiment\data\raw\RGB1\S19\AC7\RGB1_SUB19ACT7F121.jpg,1,1,0.5093459486961365
338,19,7,136,D:\Skripsi\Experiment\data\raw\RGB1\S19\AC7\RGB1_SUB19ACT7F136.jpg,1,1,0.5412608981132507
339,19,7,16,D:\Skripsi\Experiment\data\raw\RGB1\S19\AC7\RGB1_SUB19ACT7F16.jpg,1,1,0.5921168327331543
340,19,7,31,D:\Skripsi\Experiment\data\raw\RGB1\S19\AC7\RGB1_SUB19ACT7F31.jpg,1,1,0.5938434600830078
341,19,7,46,D:\Skripsi\Experiment\data\raw\RGB1\S19\AC7\RGB1_SUB19ACT7F46.jpg,1,1,0.5023046135902405
342,19,7,61,D:\Skripsi\Experiment\data\raw\RGB1\S19\AC7\RGB1_SUB19ACT7F61.jpg,1,1,0.5634854435920715
343,19,7,76,D:\Skripsi\Experiment\data\raw\RGB1\S19\AC7\RGB1_SUB19ACT7F76.jpg,1,0,0.49160048365592957
344,19,7,91,D:\Skripsi\Experiment\data\raw\RGB1\S19\AC7\RGB1_SUB19ACT7F91.jpg,1,1,0.5780825018882751
345,19,8,1,D:\Skripsi\Experiment\data\raw\RGB1\S19\AC8\RGB1_SUB19ACT8F1.jpg,1,0,0.4712144434452057
346,19,8,106,D:\Skripsi\Experiment\data\raw\RGB1\S19\AC8\RGB1_SUB19ACT8F106.jpg,1,1,0.5468559861183167
347,19,8,121,D:\Skripsi\Experiment\data\raw\RGB1\S19\AC8\RGB1_SUB19ACT8F121.jpg,1,1,0.5389357805252075
348,19,8,136,D:\Skripsi\Experiment\data\raw\RGB1\S19\AC8\RGB1_SUB19ACT8F136.jpg,1,0,0.4827795922756195
349,19,8,151,D:\Skripsi\Experiment\data\raw\RGB1\S19\AC8\RGB1_SUB19ACT8F151.jpg,1,0,0.49035248160362244
350,19,8,16,D:\Skripsi\Experiment\data\raw\RGB1\S19\AC8\RGB1_SUB19ACT8F16.jpg,1,1,0.5955033898353577
351,19,8,31,D:\Skripsi\Experiment\data\raw\RGB1\S19\AC8\RGB1_SUB19ACT8F31.jpg,1,1,0.5484621524810791
352,19,8,46,D:\Skripsi\Experiment\data\raw\RGB1\S19\AC8\RGB1_SUB19ACT8F46.jpg,1,1,0.5290402770042419
353,19,8,61,D:\Skripsi\Experiment\data\raw\RGB1\S19\AC8\RGB1_SUB19ACT8F61.jpg,1,1,0.5140411853790283
354,19,8,76,D:\Skripsi\Experiment\data\raw\RGB1\S19\AC8\RGB1_SUB19ACT8F76.jpg,1,1,0.5466178059577942
355,19,8,91,D:\Skripsi\Experiment\data\raw\RGB1\S19\AC8\RGB1_SUB19ACT8F91.jpg,1,1,0.5877587795257568
356,19,9,1,D:\Skripsi\Experiment\data\raw\RGB1\S19\AC9\RGB1_SUB19ACT9F1.jpg,1,1,0.521111249923706
357,19,9,16,D:\Skripsi\Experiment\data\raw\RGB1\S19\AC9\RGB1_SUB19ACT9F16.jpg,1,0,0.42941731214523315
358,19,9,31,D:\Skripsi\Experiment\data\raw\RGB1\S19\AC9\RGB1_SUB19ACT9F31.jpg,1,1,0.5436475872993469
359,19,9,46,D:\Skripsi\Experiment\data\raw\RGB1\S19\AC9\RGB1_SUB19ACT9F46.jpg,1,1,0.569033145904541
360,19,9,61,D:\Skripsi\Experiment\data\raw\RGB1\S19\AC9\RGB1_SUB19ACT9F61.jpg,1,1,0.520531952381134
361,19,9,76,D:\Skripsi\Experiment\data\raw\RGB1\S19\AC9\RGB1_SUB19ACT9F76.jpg,1,1,0.5527372360229492
362,19,9,91,D:\Skripsi\Experiment\data\raw\RGB1\S19\AC9\RGB1_SUB19ACT9F91.jpg,1,1,0.5940291881561279
363,23,1,1,D:\Skripsi\Experiment\data\raw\RGB1\S23\AC1\RGB1_SUB23ACT1F1.jpg,0,0,0.25326836109161377
364,23,1,106,D:\Skripsi\Experiment\data\raw\RGB1\S23\AC1\RGB1_SUB23ACT1F106.jpg,0,0,0.3623461127281189
365,23,1,121,D:\Skripsi\Experiment\data\raw\RGB1\S23\AC1\RGB1_SUB23ACT1F121.jpg,0,0,0.324714332818985
366,23,1,136,D:\Skripsi\Experiment\data\raw\RGB1\S23\AC1\RGB1_SUB23ACT1F136.jpg,0,0,0.45144930481910706
367,23,1,16,D:\Skripsi\Experiment\data\raw\RGB1\S23\AC1\RGB1_SUB23ACT1F16.jpg,0,0,0.2740626335144043
368,23,1,31,D:\Skripsi\Experiment\data\raw\RGB1\S23\AC1\RGB1_SUB23ACT1F31.jpg,0,0,0.34252309799194336
369,23,1,46,D:\Skripsi\Experiment\data\raw\RGB1\S23\AC1\RGB1_SUB23ACT1F46.jpg,0,0,0.34856677055358887
370,23,1,61,D:\Skripsi\Experiment\data\raw\RGB1\S23\AC1\RGB1_SUB23ACT1F61.jpg,0,0,0.3143753409385681
371,23,1,76,D:\Skripsi\Experiment\data\raw\RGB1\S23\AC1\RGB1_SUB23ACT1F76.jpg,0,0,0.3352990448474884
372,23,1,91,D:\Skripsi\Experiment\data\raw\RGB1\S23\AC1\RGB1_SUB23ACT1F91.jpg,0,0,0.2570168972015381
373,23,5,1,D:\Skripsi\Experiment\data\raw\RGB1\S23\AC5\RGB1_SUB23ACT5F1.jpg,1,1,0.6178064346313477
374,23,5,106,D:\Skripsi\Experiment\data\raw\RGB1\S23\AC5\RGB1_SUB23ACT5F106.jpg,1,1,0.6146882176399231
375,23,5,121,D:\Skripsi\Experiment\data\raw\RGB1\S23\AC5\RGB1_SUB23ACT5F121.jpg,1,1,0.5202370285987854
376,23,5,136,D:\Skripsi\Experiment\data\raw\RGB1\S23\AC5\RGB1_SUB23ACT5F136.jpg,1,0,0.4970378577709198
377,23,5,16,D:\Skripsi\Experiment\data\raw\RGB1\S23\AC5\RGB1_SUB23ACT5F16.jpg,1,1,0.7324711680412292
378,23,5,31,D:\Skripsi\Experiment\data\raw\RGB1\S23\AC5\RGB1_SUB23ACT5F31.jpg,1,1,0.6651882529258728
379,23,5,46,D:\Skripsi\Experiment\data\raw\RGB1\S23\AC5\RGB1_SUB23ACT5F46.jpg,1,1,0.614253580570221
380,23,5,61,D:\Skripsi\Experiment\data\raw\RGB1\S23\AC5\RGB1_SUB23ACT5F61.jpg,1,1,0.6956232190132141
381,23,5,76,D:\Skripsi\Experiment\data\raw\RGB1\S23\AC5\RGB1_SUB23ACT5F76.jpg,1,1,0.6030473709106445
382,23,5,91,D:\Skripsi\Experiment\data\raw\RGB1\S23\AC5\RGB1_SUB23ACT5F91.jpg,1,0,0.4537280797958374
383,23,6,1,D:\Skripsi\Experiment\data\raw\RGB1\S23\AC6\RGB1_SUB23ACT6F1.jpg,1,0,0.4554099440574646
384,23,6,106,D:\Skripsi\Experiment\data\raw\RGB1\S23\AC6\RGB1_SUB23ACT6F106.jpg,1,1,0.5188141465187073
385,23,6,121,D:\Skripsi\Experiment\data\raw\RGB1\S23\AC6\RGB1_SUB23ACT6F121.jpg,1,0,0.4663926362991333
386,23,6,16,D:\Skripsi\Experiment\data\raw\RGB1\S23\AC6\RGB1_SUB23ACT6F16.jpg,1,0,0.4454272985458374
387,23,6,31,D:\Skripsi\Experiment\data\raw\RGB1\S23\AC6\RGB1_SUB23ACT6F31.jpg,1,0,0.3235871195793152
388,23,6,46,D:\Skripsi\Experiment\data\raw\RGB1\S23\AC6\RGB1_SUB23ACT6F46.jpg,1,0,0.38806217908859253
389,23,6,61,D:\Skripsi\Experiment\data\raw\RGB1\S23\AC6\RGB1_SUB23ACT6F61.jpg,1,0,0.43906939029693604
390,23,6,76,D:\Skripsi\Experiment\data\raw\RGB1\S23\AC6\RGB1_SUB23ACT6F76.jpg,1,0,0.4725947678089142
391,23,6,91,D:\Skripsi\Experiment\data\raw\RGB1\S23\AC6\RGB1_SUB23ACT6F91.jpg,1,0,0.49144285917282104
392,23,7,1,D:\Skripsi\Experiment\data\raw\RGB1\S23\AC7\RGB1_SUB23ACT7F1.jpg,1,1,0.5136383175849915
393,23,7,106,D:\Skripsi\Experiment\data\raw\RGB1\S23\AC7\RGB1_SUB23ACT7F106.jpg,1,0,0.42875537276268005
394,23,7,121,D:\Skripsi\Experiment\data\raw\RGB1\S23\AC7\RGB1_SUB23ACT7F121.jpg,1,1,0.5473843812942505
395,23,7,136,D:\Skripsi\Experiment\data\raw\RGB1\S23\AC7\RGB1_SUB23ACT7F136.jpg,1,0,0.4498007595539093
396,23,7,16,D:\Skripsi\Experiment\data\raw\RGB1\S23\AC7\RGB1_SUB23ACT7F16.jpg,1,1,0.5926306843757629
397,23,7,31,D:\Skripsi\Experiment\data\raw\RGB1\S23\AC7\RGB1_SUB23ACT7F31.jpg,1,1,0.5492181181907654
398,23,7,46,D:\Skripsi\Experiment\data\raw\RGB1\S23\AC7\RGB1_SUB23ACT7F46.jpg,1,0,0.4760866165161133
399,23,7,61,D:\Skripsi\Experiment\data\raw\RGB1\S23\AC7\RGB1_SUB23ACT7F61.jpg,1,0,0.4231090247631073
400,23,7,76,D:\Skripsi\Experiment\data\raw\RGB1\S23\AC7\RGB1_SUB23ACT7F76.jpg,1,1,0.5368896722793579
401,23,7,91,D:\Skripsi\Experiment\data\raw\RGB1\S23\AC7\RGB1_SUB23ACT7F91.jpg,1,0,0.48117735981941223
402,23,8,1,D:\Skripsi\Experiment\data\raw\RGB1\S23\AC8\RGB1_SUB23ACT8F1.jpg,1,1,0.5267007350921631
403,23,8,106,D:\Skripsi\Experiment\data\raw\RGB1\S23\AC8\RGB1_SUB23ACT8F106.jpg,1,0,0.39981183409690857
404,23,8,121,D:\Skripsi\Experiment\data\raw\RGB1\S23\AC8\RGB1_SUB23ACT8F121.jpg,1,0,0.4051550328731537
405,23,8,136,D:\Skripsi\Experiment\data\raw\RGB1\S23\AC8\RGB1_SUB23ACT8F136.jpg,1,0,0.4259214997291565
406,23,8,16,D:\Skripsi\Experiment\data\raw\RGB1\S23\AC8\RGB1_SUB23ACT8F16.jpg,1,1,0.5182430148124695
407,23,8,31,D:\Skripsi\Experiment\data\raw\RGB1\S23\AC8\RGB1_SUB23ACT8F31.jpg,1,0,0.467602014541626
408,23,8,46,D:\Skripsi\Experiment\data\raw\RGB1\S23\AC8\RGB1_SUB23ACT8F46.jpg,1,1,0.5217245817184448
409,23,8,61,D:\Skripsi\Experiment\data\raw\RGB1\S23\AC8\RGB1_SUB23ACT8F61.jpg,1,0,0.3485713005065918
410,23,8,76,D:\Skripsi\Experiment\data\raw\RGB1\S23\AC8\RGB1_SUB23ACT8F76.jpg,1,1,0.5472031831741333
411,23,8,91,D:\Skripsi\Experiment\data\raw\RGB1\S23\AC8\RGB1_SUB23ACT8F91.jpg,1,1,0.5694966316223145
412,23,9,1,D:\Skripsi\Experiment\data\raw\RGB1\S23\AC9\RGB1_SUB23ACT9F1.jpg,1,0,0.44983717799186707
413,23,9,106,D:\Skripsi\Experiment\data\raw\RGB1\S23\AC9\RGB1_SUB23ACT9F106.jpg,1,0,0.4476168155670166
414,23,9,121,D:\Skripsi\Experiment\data\raw\RGB1\S23\AC9\RGB1_SUB23ACT9F121.jpg,1,0,0.49769046902656555
415,23,9,136,D:\Skripsi\Experiment\data\raw\RGB1\S23\AC9\RGB1_SUB23ACT9F136.jpg,1,0,0.43962395191192627
416,23,9,16,D:\Skripsi\Experiment\data\raw\RGB1\S23\AC9\RGB1_SUB23ACT9F16.jpg,1,0,0.4293608069419861
417,23,9,31,D:\Skripsi\Experiment\data\raw\RGB1\S23\AC9\RGB1_SUB23ACT9F31.jpg,1,0,0.4205053150653839
418,23,9,46,D:\Skripsi\Experiment\data\raw\RGB1\S23\AC9\RGB1_SUB23ACT9F46.jpg,1,0,0.46427109837532043
419,23,9,61,D:\Skripsi\Experiment\data\raw\RGB1\S23\AC9\RGB1_SUB23ACT9F61.jpg,1,0,0.4966614544391632
420,23,9,76,D:\Skripsi\Experiment\data\raw\RGB1\S23\AC9\RGB1_SUB23ACT9F76.jpg,1,0,0.4191981256008148
421,23,9,91,D:\Skripsi\Experiment\data\raw\RGB1\S23\AC9\RGB1_SUB23ACT9F91.jpg,1,0,0.4423307180404663
422,24,1,1,D:\Skripsi\Experiment\data\raw\RGB1\S24\AC1\RGB1_SUB24ACT1F1.jpg,0,0,0.4094633460044861
423,24,1,106,D:\Skripsi\Experiment\data\raw\RGB1\S24\AC1\RGB1_SUB24ACT1F106.jpg,0,0,0.26866912841796875
424,24,1,16,D:\Skripsi\Experiment\data\raw\RGB1\S24\AC1\RGB1_SUB24ACT1F16.jpg,0,0,0.2928541600704193
425,24,1,31,D:\Skripsi\Experiment\data\raw\RGB1\S24\AC1\RGB1_SUB24ACT1F31.jpg,0,0,0.43193748593330383
426,24,1,46,D:\Skripsi\Experiment\data\raw\RGB1\S24\AC1\RGB1_SUB24ACT1F46.jpg,0,0,0.49730902910232544
427,24,1,61,D:\Skripsi\Experiment\data\raw\RGB1\S24\AC1\RGB1_SUB24ACT1F61.jpg,0,0,0.43035465478897095
428,24,1,76,D:\Skripsi\Experiment\data\raw\RGB1\S24\AC1\RGB1_SUB24ACT1F76.jpg,0,0,0.39459681510925293
429,24,1,91,D:\Skripsi\Experiment\data\raw\RGB1\S24\AC1\RGB1_SUB24ACT1F91.jpg,0,0,0.32605960965156555
430,24,5,1,D:\Skripsi\Experiment\data\raw\RGB1\S24\AC5\RGB1_SUB24ACT5F1.jpg,1,0,0.39413902163505554
431,24,5,106,D:\Skripsi\Experiment\data\raw\RGB1\S24\AC5\RGB1_SUB24ACT5F106.jpg,1,1,0.581775426864624
432,24,5,16,D:\Skripsi\Experiment\data\raw\RGB1\S24\AC5\RGB1_SUB24ACT5F16.jpg,1,0,0.3281993865966797
433,24,5,31,D:\Skripsi\Experiment\data\raw\RGB1\S24\AC5\RGB1_SUB24ACT5F31.jpg,1,0,0.417633593082428
434,24,5,46,D:\Skripsi\Experiment\data\raw\RGB1\S24\AC5\RGB1_SUB24ACT5F46.jpg,1,0,0.32466819882392883
435,24,5,61,D:\Skripsi\Experiment\data\raw\RGB1\S24\AC5\RGB1_SUB24ACT5F61.jpg,1,0,0.3570931553840637
436,24,5,76,D:\Skripsi\Experiment\data\raw\RGB1\S24\AC5\RGB1_SUB24ACT5F76.jpg,1,0,0.2963666319847107
437,24,5,91,D:\Skripsi\Experiment\data\raw\RGB1\S24\AC5\RGB1_SUB24ACT5F91.jpg,1,1,0.5026234984397888
438,24,6,1,D:\Skripsi\Experiment\data\raw\RGB1\S24\AC6\RGB1_SUB24ACT6F1.jpg,1,1,0.5235362648963928
439,24,6,16,D:\Skripsi\Experiment\data\raw\RGB1\S24\AC6\RGB1_SUB24ACT6F16.jpg,1,1,0.5830735564231873
440,24,6,31,D:\Skripsi\Experiment\data\raw\RGB1\S24\AC6\RGB1_SUB24ACT6F31.jpg,1,1,0.5327363610267639
441,24,6,46,D:\Skripsi\Experiment\data\raw\RGB1\S24\AC6\RGB1_SUB24ACT6F46.jpg,1,1,0.6028693914413452
442,24,6,61,D:\Skripsi\Experiment\data\raw\RGB1\S24\AC6\RGB1_SUB24ACT6F61.jpg,1,1,0.5339474678039551
443,24,6,76,D:\Skripsi\Experiment\data\raw\RGB1\S24\AC6\RGB1_SUB24ACT6F76.jpg,1,1,0.5246431827545166
444,24,6,91,D:\Skripsi\Experiment\data\raw\RGB1\S24\AC6\RGB1_SUB24ACT6F91.jpg,1,1,0.5474862456321716
445,24,7,1,D:\Skripsi\Experiment\data\raw\RGB1\S24\AC7\RGB1_SUB24ACT7F1.jpg,1,1,0.573814332485199
446,24,7,106,D:\Skripsi\Experiment\data\raw\RGB1\S24\AC7\RGB1_SUB24ACT7F106.jpg,1,1,0.5655032396316528
447,24,7,121,D:\Skripsi\Experiment\data\raw\RGB1\S24\AC7\RGB1_SUB24ACT7F121.jpg,1,1,0.5919750332832336
448,24,7,136,D:\Skripsi\Experiment\data\raw\RGB1\S24\AC7\RGB1_SUB24ACT7F136.jpg,1,1,0.5338540077209473
449,24,7,151,D:\Skripsi\Experiment\data\raw\RGB1\S24\AC7\RGB1_SUB24ACT7F151.jpg,1,1,0.5766644477844238
450,24,7,16,D:\Skripsi\Experiment\data\raw\RGB1\S24\AC7\RGB1_SUB24ACT7F16.jpg,1,1,0.5636580586433411
451,24,7,31,D:\Skripsi\Experiment\data\raw\RGB1\S24\AC7\RGB1_SUB24ACT7F31.jpg,1,1,0.6189213991165161
452,24,7,46,D:\Skripsi\Experiment\data\raw\RGB1\S24\AC7\RGB1_SUB24ACT7F46.jpg,1,1,0.5383198261260986
453,24,7,61,D:\Skripsi\Experiment\data\raw\RGB1\S24\AC7\RGB1_SUB24ACT7F61.jpg,1,1,0.6037906408309937
454,24,7,76,D:\Skripsi\Experiment\data\raw\RGB1\S24\AC7\RGB1_SUB24ACT7F76.jpg,1,1,0.5931677222251892
455,24,7,91,D:\Skripsi\Experiment\data\raw\RGB1\S24\AC7\RGB1_SUB24ACT7F91.jpg,1,1,0.6087825298309326
456,24,8,1,D:\Skripsi\Experiment\data\raw\RGB1\S24\AC8\RGB1_SUB24ACT8F1.jpg,1,0,0.33089593052864075
457,24,8,106,D:\Skripsi\Experiment\data\raw\RGB1\S24\AC8\RGB1_SUB24ACT8F106.jpg,1,0,0.3858807384967804
458,24,8,121,D:\Skripsi\Experiment\data\raw\RGB1\S24\AC8\RGB1_SUB24ACT8F121.jpg,1,0,0.35544875264167786
459,24,8,136,D:\Skripsi\Experiment\data\raw\RGB1\S24\AC8\RGB1_SUB24ACT8F136.jpg,1,0,0.4446231424808502
460,24,8,151,D:\Skripsi\Experiment\data\raw\RGB1\S24\AC8\RGB1_SUB24ACT8F151.jpg,1,0,0.4168895483016968
461,24,8,16,D:\Skripsi\Experiment\data\raw\RGB1\S24\AC8\RGB1_SUB24ACT8F16.jpg,1,0,0.3857737183570862
462,24,8,31,D:\Skripsi\Experiment\data\raw\RGB1\S24\AC8\RGB1_SUB24ACT8F31.jpg,1,0,0.3573915958404541
463,24,8,46,D:\Skripsi\Experiment\data\raw\RGB1\S24\AC8\RGB1_SUB24ACT8F46.jpg,1,0,0.41320228576660156
464,24,8,61,D:\Skripsi\Experiment\data\raw\RGB1\S24\AC8\RGB1_SUB24ACT8F61.jpg,1,0,0.4844752252101898
465,24,8,76,D:\Skripsi\Experiment\data\raw\RGB1\S24\AC8\RGB1_SUB24ACT8F76.jpg,1,0,0.41007357835769653
466,24,8,91,D:\Skripsi\Experiment\data\raw\RGB1\S24\AC8\RGB1_SUB24ACT8F91.jpg,1,0,0.42086273431777954
467,24,9,1,D:\Skripsi\Experiment\data\raw\RGB1\S24\AC9\RGB1_SUB24ACT9F1.jpg,1,1,0.559472382068634
468,24,9,106,D:\Skripsi\Experiment\data\raw\RGB1\S24\AC9\RGB1_SUB24ACT9F106.jpg,1,0,0.46169090270996094
469,24,9,121,D:\Skripsi\Experiment\data\raw\RGB1\S24\AC9\RGB1_SUB24ACT9F121.jpg,1,0,0.4563102722167969
470,24,9,136,D:\Skripsi\Experiment\data\raw\RGB1\S24\AC9\RGB1_SUB24ACT9F136.jpg,1,0,0.44330692291259766
471,24,9,16,D:\Skripsi\Experiment\data\raw\RGB1\S24\AC9\RGB1_SUB24ACT9F16.jpg,1,0,0.4823722243309021
472,24,9,31,D:\Skripsi\Experiment\data\raw\RGB1\S24\AC9\RGB1_SUB24ACT9F31.jpg,1,0,0.46953389048576355
473,24,9,46,D:\Skripsi\Experiment\data\raw\RGB1\S24\AC9\RGB1_SUB24ACT9F46.jpg,1,0,0.49961334466934204
474,24,9,61,D:\Skripsi\Experiment\data\raw\RGB1\S24\AC9\RGB1_SUB24ACT9F61.jpg,1,1,0.5643216371536255
475,24,9,76,D:\Skripsi\Experiment\data\raw\RGB1\S24\AC9\RGB1_SUB24ACT9F76.jpg,1,0,0.44096627831459045
476,24,9,91,D:\Skripsi\Experiment\data\raw\RGB1\S24\AC9\RGB1_SUB24ACT9F91.jpg,1,0,0.4462409019470215
477,25,1,1,D:\Skripsi\Experiment\data\raw\RGB1\S25\AC1\RGB1_SUB25ACT1F1.jpg,0,0,0.3751753270626068
478,25,1,106,D:\Skripsi\Experiment\data\raw\RGB1\S25\AC1\RGB1_SUB25ACT1F106.jpg,0,1,0.5461172461509705
479,25,1,121,D:\Skripsi\Experiment\data\raw\RGB1\S25\AC1\RGB1_SUB25ACT1F121.jpg,0,1,0.5111268162727356
480,25,1,136,D:\Skripsi\Experiment\data\raw\RGB1\S25\AC1\RGB1_SUB25ACT1F136.jpg,0,1,0.5384170413017273
481,25,1,16,D:\Skripsi\Experiment\data\raw\RGB1\S25\AC1\RGB1_SUB25ACT1F16.jpg,0,1,0.5374733209609985
482,25,1,31,D:\Skripsi\Experiment\data\raw\RGB1\S25\AC1\RGB1_SUB25ACT1F31.jpg,0,0,0.358612984418869
483,25,1,46,D:\Skripsi\Experiment\data\raw\RGB1\S25\AC1\RGB1_SUB25ACT1F46.jpg,0,0,0.4648852050304413
484,25,1,61,D:\Skripsi\Experiment\data\raw\RGB1\S25\AC1\RGB1_SUB25ACT1F61.jpg,0,1,0.5387794375419617
485,25,1,76,D:\Skripsi\Experiment\data\raw\RGB1\S25\AC1\RGB1_SUB25ACT1F76.jpg,0,0,0.473990797996521
486,25,1,91,D:\Skripsi\Experiment\data\raw\RGB1\S25\AC1\RGB1_SUB25ACT1F91.jpg,0,0,0.40202969312667847
487,25,5,1,D:\Skripsi\Experiment\data\raw\RGB1\S25\AC5\RGB1_SUB25ACT5F1.jpg,1,1,0.6522955894470215
488,25,5,106,D:\Skripsi\Experiment\data\raw\RGB1\S25\AC5\RGB1_SUB25ACT5F106.jpg,1,1,0.6237328052520752
489,25,5,121,D:\Skripsi\Experiment\data\raw\RGB1\S25\AC5\RGB1_SUB25ACT5F121.jpg,1,1,0.6443485617637634
490,25,5,136,D:\Skripsi\Experiment\data\raw\RGB1\S25\AC5\RGB1_SUB25ACT5F136.jpg,1,1,0.5465472340583801
491,25,5,16,D:\Skripsi\Experiment\data\raw\RGB1\S25\AC5\RGB1_SUB25ACT5F16.jpg,1,1,0.6693452000617981
492,25,5,31,D:\Skripsi\Experiment\data\raw\RGB1\S25\AC5\RGB1_SUB25ACT5F31.jpg,1,1,0.5132228136062622
493,25,5,46,D:\Skripsi\Experiment\data\raw\RGB1\S25\AC5\RGB1_SUB25ACT5F46.jpg,1,0,0.45012056827545166
494,25,5,61,D:\Skripsi\Experiment\data\raw\RGB1\S25\AC5\RGB1_SUB25ACT5F61.jpg,1,1,0.5909525156021118
495,25,5,76,D:\Skripsi\Experiment\data\raw\RGB1\S25\AC5\RGB1_SUB25ACT5F76.jpg,1,0,0.476735383272171
496,25,5,91,D:\Skripsi\Experiment\data\raw\RGB1\S25\AC5\RGB1_SUB25ACT5F91.jpg,1,0,0.43912336230278015
497,25,6,1,D:\Skripsi\Experiment\data\raw\RGB1\S25\AC6\RGB1_SUB25ACT6F1.jpg,1,0,0.45664069056510925
498,25,6,16,D:\Skripsi\Experiment\data\raw\RGB1\S25\AC6\RGB1_SUB25ACT6F16.jpg,1,1,0.5289389491081238
499,25,6,31,D:\Skripsi\Experiment\data\raw\RGB1\S25\AC6\RGB1_SUB25ACT6F31.jpg,1,0,0.4260852634906769
500,25,6,46,D:\Skripsi\Experiment\data\raw\RGB1\S25\AC6\RGB1_SUB25ACT6F46.jpg,1,0,0.4053140878677368
501,25,6,61,D:\Skripsi\Experiment\data\raw\RGB1\S25\AC6\RGB1_SUB25ACT6F61.jpg,1,1,0.5502031445503235
502,25,6,76,D:\Skripsi\Experiment\data\raw\RGB1\S25\AC6\RGB1_SUB25ACT6F76.jpg,1,1,0.5842648148536682
503,25,6,91,D:\Skripsi\Experiment\data\raw\RGB1\S25\AC6\RGB1_SUB25ACT6F91.jpg,1,1,0.5800925493240356
504,25,7,1,D:\Skripsi\Experiment\data\raw\RGB1\S25\AC7\RGB1_SUB25ACT7F1.jpg,1,1,0.5382562279701233
505,25,7,16,D:\Skripsi\Experiment\data\raw\RGB1\S25\AC7\RGB1_SUB25ACT7F16.jpg,1,1,0.6096353530883789
506,25,7,31,D:\Skripsi\Experiment\data\raw\RGB1\S25\AC7\RGB1_SUB25ACT7F31.jpg,1,1,0.5890416502952576
507,25,7,46,D:\Skripsi\Experiment\data\raw\RGB1\S25\AC7\RGB1_SUB25ACT7F46.jpg,1,1,0.5174241065979004
508,25,7,61,D:\Skripsi\Experiment\data\raw\RGB1\S25\AC7\RGB1_SUB25ACT7F61.jpg,1,1,0.5761096477508545
509,25,7,76,D:\Skripsi\Experiment\data\raw\RGB1\S25\AC7\RGB1_SUB25ACT7F76.jpg,1,1,0.5479541420936584
510,25,8,1,D:\Skripsi\Experiment\data\raw\RGB1\S25\AC8\RGB1_SUB25ACT8F1.jpg,1,1,0.6135797500610352
511,25,8,106,D:\Skripsi\Experiment\data\raw\RGB1\S25\AC8\RGB1_SUB25ACT8F106.jpg,1,1,0.5258355736732483
512,25,8,16,D:\Skripsi\Experiment\data\raw\RGB1\S25\AC8\RGB1_SUB25ACT8F16.jpg,1,0,0.4871370196342468
513,25,8,31,D:\Skripsi\Experiment\data\raw\RGB1\S25\AC8\RGB1_SUB25ACT8F31.jpg,1,1,0.6188462972640991
514,25,8,46,D:\Skripsi\Experiment\data\raw\RGB1\S25\AC8\RGB1_SUB25ACT8F46.jpg,1,1,0.5787143707275391
515,25,8,61,D:\Skripsi\Experiment\data\raw\RGB1\S25\AC8\RGB1_SUB25ACT8F61.jpg,1,1,0.5174529552459717
516,25,8,76,D:\Skripsi\Experiment\data\raw\RGB1\S25\AC8\RGB1_SUB25ACT8F76.jpg,1,1,0.625697910785675
517,25,8,91,D:\Skripsi\Experiment\data\raw\RGB1\S25\AC8\RGB1_SUB25ACT8F91.jpg,1,1,0.661804735660553
518,25,9,1,D:\Skripsi\Experiment\data\raw\RGB1\S25\AC9\RGB1_SUB25ACT9F1.jpg,1,1,0.6378803253173828
519,25,9,16,D:\Skripsi\Experiment\data\raw\RGB1\S25\AC9\RGB1_SUB25ACT9F16.jpg,1,0,0.4727759063243866
520,25,9,31,D:\Skripsi\Experiment\data\raw\RGB1\S25\AC9\RGB1_SUB25ACT9F31.jpg,1,1,0.5247085690498352
521,25,9,46,D:\Skripsi\Experiment\data\raw\RGB1\S25\AC9\RGB1_SUB25ACT9F46.jpg,1,1,0.5432553291320801
522,25,9,61,D:\Skripsi\Experiment\data\raw\RGB1\S25\AC9\RGB1_SUB25ACT9F61.jpg,1,0,0.42375504970550537
523,25,9,76,D:\Skripsi\Experiment\data\raw\RGB1\S25\AC9\RGB1_SUB25ACT9F76.jpg,1,0,0.4636661112308502
524,26,1,1,D:\Skripsi\Experiment\data\raw\RGB1\S26\AC1\RGB1_SUB26ACT1F1.jpg,0,0,0.47349813580513
525,26,1,106,D:\Skripsi\Experiment\data\raw\RGB1\S26\AC1\RGB1_SUB26ACT1F106.jpg,0,1,0.5288015604019165
526,26,1,16,D:\Skripsi\Experiment\data\raw\RGB1\S26\AC1\RGB1_SUB26ACT1F16.jpg,0,0,0.49507880210876465
527,26,1,31,D:\Skripsi\Experiment\data\raw\RGB1\S26\AC1\RGB1_SUB26ACT1F31.jpg,0,1,0.552480936050415
528,26,1,46,D:\Skripsi\Experiment\data\raw\RGB1\S26\AC1\RGB1_SUB26ACT1F46.jpg,0,0,0.4846212565898895
529,26,1,61,D:\Skripsi\Experiment\data\raw\RGB1\S26\AC1\RGB1_SUB26ACT1F61.jpg,0,1,0.5108743906021118
530,26,1,76,D:\Skripsi\Experiment\data\raw\RGB1\S26\AC1\RGB1_SUB26ACT1F76.jpg,0,1,0.55728679895401
531,26,1,91,D:\Skripsi\Experiment\data\raw\RGB1\S26\AC1\RGB1_SUB26ACT1F91.jpg,0,1,0.6109432578086853
532,26,5,1,D:\Skripsi\Experiment\data\raw\RGB1\S26\AC5\RGB1_SUB26ACT5F1.jpg,1,1,0.5409238934516907
533,26,5,16,D:\Skripsi\Experiment\data\raw\RGB1\S26\AC5\RGB1_SUB26ACT5F16.jpg,1,1,0.5886222720146179
534,26,5,31,D:\Skripsi\Experiment\data\raw\RGB1\S26\AC5\RGB1_SUB26ACT5F31.jpg,1,1,0.6372277140617371
535,26,5,46,D:\Skripsi\Experiment\data\raw\RGB1\S26\AC5\RGB1_SUB26ACT5F46.jpg,1,1,0.5020891427993774
536,26,5,61,D:\Skripsi\Experiment\data\raw\RGB1\S26\AC5\RGB1_SUB26ACT5F61.jpg,1,1,0.562749445438385
537,26,5,76,D:\Skripsi\Experiment\data\raw\RGB1\S26\AC5\RGB1_SUB26ACT5F76.jpg,1,0,0.48916304111480713
538,26,6,1,D:\Skripsi\Experiment\data\raw\RGB1\S26\AC6\RGB1_SUB26ACT6F1.jpg,1,1,0.6521719098091125
539,26,6,16,D:\Skripsi\Experiment\data\raw\RGB1\S26\AC6\RGB1_SUB26ACT6F16.jpg,1,1,0.6960176825523376
540,26,6,31,D:\Skripsi\Experiment\data\raw\RGB1\S26\AC6\RGB1_SUB26ACT6F31.jpg,1,1,0.5575262904167175
541,26,6,46,D:\Skripsi\Experiment\data\raw\RGB1\S26\AC6\RGB1_SUB26ACT6F46.jpg,1,1,0.5851348638534546
542,26,6,61,D:\Skripsi\Experiment\data\raw\RGB1\S26\AC6\RGB1_SUB26ACT6F61.jpg,1,1,0.6487066149711609
543,26,6,76,D:\Skripsi\Experiment\data\raw\RGB1\S26\AC6\RGB1_SUB26ACT6F76.jpg,1,1,0.7095222473144531
544,26,6,91,D:\Skripsi\Experiment\data\raw\RGB1\S26\AC6\RGB1_SUB26ACT6F91.jpg,1,1,0.5829519629478455
545,26,7,1,D:\Skripsi\Experiment\data\raw\RGB1\S26\AC7\RGB1_SUB26ACT7F1.jpg,1,1,0.6366585493087769
546,26,7,106,D:\Skripsi\Experiment\data\raw\RGB1\S26\AC7\RGB1_SUB26ACT7F106.jpg,1,1,0.6903481483459473
547,26,7,121,D:\Skripsi\Experiment\data\raw\RGB1\S26\AC7\RGB1_SUB26ACT7F121.jpg,1,1,0.5866349935531616
548,26,7,136,D:\Skripsi\Experiment\data\raw\RGB1\S26\AC7\RGB1_SUB26ACT7F136.jpg,1,1,0.7209883332252502
549,26,7,151,D:\Skripsi\Experiment\data\raw\RGB1\S26\AC7\RGB1_SUB26ACT7F151.jpg,1,1,0.736844539642334
550,26,7,16,D:\Skripsi\Experiment\data\raw\RGB1\S26\AC7\RGB1_SUB26ACT7F16.jpg,1,1,0.5409209132194519
551,26,7,166,D:\Skripsi\Experiment\data\raw\RGB1\S26\AC7\RGB1_SUB26ACT7F166.jpg,1,1,0.5917477607727051
552,26,7,31,D:\Skripsi\Experiment\data\raw\RGB1\S26\AC7\RGB1_SUB26ACT7F31.jpg,1,1,0.6198431849479675
553,26,7,46,D:\Skripsi\Experiment\data\raw\RGB1\S26\AC7\RGB1_SUB26ACT7F46.jpg,1,1,0.5778710842132568
554,26,7,61,D:\Skripsi\Experiment\data\raw\RGB1\S26\AC7\RGB1_SUB26ACT7F61.jpg,1,1,0.548358142375946
555,26,7,76,D:\Skripsi\Experiment\data\raw\RGB1\S26\AC7\RGB1_SUB26ACT7F76.jpg,1,1,0.631343424320221
556,26,7,91,D:\Skripsi\Experiment\data\raw\RGB1\S26\AC7\RGB1_SUB26ACT7F91.jpg,1,1,0.6855982542037964
557,26,8,1,D:\Skripsi\Experiment\data\raw\RGB1\S26\AC8\RGB1_SUB26ACT8F1.jpg,1,1,0.5052177309989929
558,26,8,106,D:\Skripsi\Experiment\data\raw\RGB1\S26\AC8\RGB1_SUB26ACT8F106.jpg,1,1,0.6602146625518799
559,26,8,16,D:\Skripsi\Experiment\data\raw\RGB1\S26\AC8\RGB1_SUB26ACT8F16.jpg,1,1,0.6742761135101318
560,26,8,31,D:\Skripsi\Experiment\data\raw\RGB1\S26\AC8\RGB1_SUB26ACT8F31.jpg,1,1,0.6733649373054504
561,26,8,46,D:\Skripsi\Experiment\data\raw\RGB1\S26\AC8\RGB1_SUB26ACT8F46.jpg,1,1,0.7021374106407166
562,26,8,61,D:\Skripsi\Experiment\data\raw\RGB1\S26\AC8\RGB1_SUB26ACT8F61.jpg,1,1,0.6266137957572937
563,26,8,76,D:\Skripsi\Experiment\data\raw\RGB1\S26\AC8\RGB1_SUB26ACT8F76.jpg,1,1,0.6318278908729553
564,26,8,91,D:\Skripsi\Experiment\data\raw\RGB1\S26\AC8\RGB1_SUB26ACT8F91.jpg,1,1,0.6440672874450684
565,26,9,1,D:\Skripsi\Experiment\data\raw\RGB1\S26\AC9\RGB1_SUB26ACT9F1.jpg,1,1,0.5595207214355469
566,26,9,106,D:\Skripsi\Experiment\data\raw\RGB1\S26\AC9\RGB1_SUB26ACT9F106.jpg,1,1,0.5745282173156738
567,26,9,121,D:\Skripsi\Experiment\data\raw\RGB1\S26\AC9\RGB1_SUB26ACT9F121.jpg,1,1,0.5326677560806274
568,26,9,16,D:\Skripsi\Experiment\data\raw\RGB1\S26\AC9\RGB1_SUB26ACT9F16.jpg,1,1,0.5978908538818359
569,26,9,31,D:\Skripsi\Experiment\data\raw\RGB1\S26\AC9\RGB1_SUB26ACT9F31.jpg,1,1,0.5891234874725342
570,26,9,46,D:\Skripsi\Experiment\data\raw\RGB1\S26\AC9\RGB1_SUB26ACT9F46.jpg,1,1,0.5661345720291138
571,26,9,61,D:\Skripsi\Experiment\data\raw\RGB1\S26\AC9\RGB1_SUB26ACT9F61.jpg,1,1,0.5323899388313293
572,26,9,76,D:\Skripsi\Experiment\data\raw\RGB1\S26\AC9\RGB1_SUB26ACT9F76.jpg,1,1,0.6073340177536011
573,26,9,91,D:\Skripsi\Experiment\data\raw\RGB1\S26\AC9\RGB1_SUB26ACT9F91.jpg,1,1,0.6647776961326599
574,28,1,1,D:\Skripsi\Experiment\data\raw\RGB1\S28\AC1\RGB1_SUB28ACT1F1.jpg,0,0,0.4131285846233368
575,28,1,106,D:\Skripsi\Experiment\data\raw\RGB1\S28\AC1\RGB1_SUB28ACT1F106.jpg,0,0,0.4163132309913635
576,28,1,121,D:\Skripsi\Experiment\data\raw\RGB1\S28\AC1\RGB1_SUB28ACT1F121.jpg,0,0,0.43905574083328247
577,28,1,16,D:\Skripsi\Experiment\data\raw\RGB1\S28\AC1\RGB1_SUB28ACT1F16.jpg,0,0,0.4113028347492218
578,28,1,31,D:\Skripsi\Experiment\data\raw\RGB1\S28\AC1\RGB1_SUB28ACT1F31.jpg,0,0,0.4902879595756531
579,28,1,46,D:\Skripsi\Experiment\data\raw\RGB1\S28\AC1\RGB1_SUB28ACT1F46.jpg,0,0,0.4654294550418854
580,28,1,61,D:\Skripsi\Experiment\data\raw\RGB1\S28\AC1\RGB1_SUB28ACT1F61.jpg,0,0,0.3582991063594818
581,28,1,76,D:\Skripsi\Experiment\data\raw\RGB1\S28\AC1\RGB1_SUB28ACT1F76.jpg,0,0,0.47559770941734314
582,28,1,91,D:\Skripsi\Experiment\data\raw\RGB1\S28\AC1\RGB1_SUB28ACT1F91.jpg,0,0,0.4220435917377472
583,28,5,1,D:\Skripsi\Experiment\data\raw\RGB1\S28\AC5\RGB1_SUB28ACT5F1.jpg,1,1,0.5136601328849792
584,28,5,106,D:\Skripsi\Experiment\data\raw\RGB1\S28\AC5\RGB1_SUB28ACT5F106.jpg,1,0,0.4978530704975128
585,28,5,121,D:\Skripsi\Experiment\data\raw\RGB1\S28\AC5\RGB1_SUB28ACT5F121.jpg,1,0,0.4117544889450073
586,28,5,136,D:\Skripsi\Experiment\data\raw\RGB1\S28\AC5\RGB1_SUB28ACT5F136.jpg,1,0,0.3881649374961853
587,28,5,151,D:\Skripsi\Experiment\data\raw\RGB1\S28\AC5\RGB1_SUB28ACT5F151.jpg,1,0,0.4775163531303406
588,28,5,16,D:\Skripsi\Experiment\data\raw\RGB1\S28\AC5\RGB1_SUB28ACT5F16.jpg,1,0,0.4355536103248596
589,28,5,31,D:\Skripsi\Experiment\data\raw\RGB1\S28\AC5\RGB1_SUB28ACT5F31.jpg,1,0,0.47958651185035706
590,28,5,46,D:\Skripsi\Experiment\data\raw\RGB1\S28\AC5\RGB1_SUB28ACT5F46.jpg,1,1,0.5115535259246826
591,28,5,61,D:\Skripsi\Experiment\data\raw\RGB1\S28\AC5\RGB1_SUB28ACT5F61.jpg,1,0,0.4015691578388214
592,28,5,76,D:\Skripsi\Experiment\data\raw\RGB1\S28\AC5\RGB1_SUB28ACT5F76.jpg,1,0,0.3356856405735016
593,28,5,91,D:\Skripsi\Experiment\data\raw\RGB1\S28\AC5\RGB1_SUB28ACT5F91.jpg,1,0,0.42760175466537476
594,28,6,1,D:\Skripsi\Experiment\data\raw\RGB1\S28\AC6\RGB1_SUB28ACT6F1.jpg,1,1,0.6017004251480103
595,28,6,106,D:\Skripsi\Experiment\data\raw\RGB1\S28\AC6\RGB1_SUB28ACT6F106.jpg,1,0,0.47280773520469666
596,28,6,16,D:\Skripsi\Experiment\data\raw\RGB1\S28\AC6\RGB1_SUB28ACT6F16.jpg,1,1,0.5867865085601807
597,28,6,31,D:\Skripsi\Experiment\data\raw\RGB1\S28\AC6\RGB1_SUB28ACT6F31.jpg,1,0,0.4295240640640259
598,28,6,46,D:\Skripsi\Experiment\data\raw\RGB1\S28\AC6\RGB1_SUB28ACT6F46.jpg,1,1,0.5709545612335205
599,28,6,61,D:\Skripsi\Experiment\data\raw\RGB1\S28\AC6\RGB1_SUB28ACT6F61.jpg,1,1,0.525705873966217
600,28,6,76,D:\Skripsi\Experiment\data\raw\RGB1\S28\AC6\RGB1_SUB28ACT6F76.jpg,1,1,0.6121602058410645
601,28,6,91,D:\Skripsi\Experiment\data\raw\RGB1\S28\AC6\RGB1_SUB28ACT6F91.jpg,1,0,0.4348791539669037
602,28,7,1,D:\Skripsi\Experiment\data\raw\RGB1\S28\AC7\RGB1_SUB28ACT7F1.jpg,1,1,0.5139973759651184
603,28,7,106,D:\Skripsi\Experiment\data\raw\RGB1\S28\AC7\RGB1_SUB28ACT7F106.jpg,1,1,0.5972495079040527
604,28,7,121,D:\Skripsi\Experiment\data\raw\RGB1\S28\AC7\RGB1_SUB28ACT7F121.jpg,1,1,0.6177167296409607
605,28,7,136,D:\Skripsi\Experiment\data\raw\RGB1\S28\AC7\RGB1_SUB28ACT7F136.jpg,1,0,0.4788661301136017
606,28,7,151,D:\Skripsi\Experiment\data\raw\RGB1\S28\AC7\RGB1_SUB28ACT7F151.jpg,1,1,0.531534731388092
607,28,7,16,D:\Skripsi\Experiment\data\raw\RGB1\S28\AC7\RGB1_SUB28ACT7F16.jpg,1,0,0.4334728419780731
608,28,7,31,D:\Skripsi\Experiment\data\raw\RGB1\S28\AC7\RGB1_SUB28ACT7F31.jpg,1,1,0.5957471132278442
609,28,7,46,D:\Skripsi\Experiment\data\raw\RGB1\S28\AC7\RGB1_SUB28ACT7F46.jpg,1,1,0.5525153279304504
610,28,7,61,D:\Skripsi\Experiment\data\raw\RGB1\S28\AC7\RGB1_SUB28ACT7F61.jpg,1,1,0.5409530401229858
611,28,7,76,D:\Skripsi\Experiment\data\raw\RGB1\S28\AC7\RGB1_SUB28ACT7F76.jpg,1,1,0.5896331071853638
612,28,7,91,D:\Skripsi\Experiment\data\raw\RGB1\S28\AC7\RGB1_SUB28ACT7F91.jpg,1,1,0.515119194984436
613,28,8,1,D:\Skripsi\Experiment\data\raw\RGB1\S28\AC8\RGB1_SUB28ACT8F1.jpg,1,0,0.47126370668411255
614,28,8,106,D:\Skripsi\Experiment\data\raw\RGB1\S28\AC8\RGB1_SUB28ACT8F106.jpg,1,1,0.5577986836433411
615,28,8,16,D:\Skripsi\Experiment\data\raw\RGB1\S28\AC8\RGB1_SUB28ACT8F16.jpg,1,0,0.48940950632095337
616,28,8,31,D:\Skripsi\Experiment\data\raw\RGB1\S28\AC8\RGB1_SUB28ACT8F31.jpg,1,0,0.3776511251926422
617,28,8,46,D:\Skripsi\Experiment\data\raw\RGB1\S28\AC8\RGB1_SUB28ACT8F46.jpg,1,0,0.44310832023620605
618,28,8,61,D:\Skripsi\Experiment\data\raw\RGB1\S28\AC8\RGB1_SUB28ACT8F61.jpg,1,1,0.505647599697113
619,28,8,76,D:\Skripsi\Experiment\data\raw\RGB1\S28\AC8\RGB1_SUB28ACT8F76.jpg,1,0,0.4684811234474182
620,28,8,91,D:\Skripsi\Experiment\data\raw\RGB1\S28\AC8\RGB1_SUB28ACT8F91.jpg,1,1,0.5752257704734802
621,28,9,1,D:\Skripsi\Experiment\data\raw\RGB1\S28\AC9\RGB1_SUB28ACT9F1.jpg,1,0,0.489039808511734
622,28,9,106,D:\Skripsi\Experiment\data\raw\RGB1\S28\AC9\RGB1_SUB28ACT9F106.jpg,1,0,0.4014071226119995
623,28,9,121,D:\Skripsi\Experiment\data\raw\RGB1\S28\AC9\RGB1_SUB28ACT9F121.jpg,1,0,0.49989503622055054
624,28,9,136,D:\Skripsi\Experiment\data\raw\RGB1\S28\AC9\RGB1_SUB28ACT9F136.jpg,1,1,0.5194467306137085
625,28,9,151,D:\Skripsi\Experiment\data\raw\RGB1\S28\AC9\RGB1_SUB28ACT9F151.jpg,1,1,0.5303788185119629
626,28,9,16,D:\Skripsi\Experiment\data\raw\RGB1\S28\AC9\RGB1_SUB28ACT9F16.jpg,1,1,0.5165075659751892
627,28,9,31,D:\Skripsi\Experiment\data\raw\RGB1\S28\AC9\RGB1_SUB28ACT9F31.jpg,1,0,0.47009143233299255
628,28,9,46,D:\Skripsi\Experiment\data\raw\RGB1\S28\AC9\RGB1_SUB28ACT9F46.jpg,1,0,0.44743579626083374
629,28,9,61,D:\Skripsi\Experiment\data\raw\RGB1\S28\AC9\RGB1_SUB28ACT9F61.jpg,1,1,0.51082444190979
630,28,9,76,D:\Skripsi\Experiment\data\raw\RGB1\S28\AC9\RGB1_SUB28ACT9F76.jpg,1,0,0.47280824184417725
631,28,9,91,D:\Skripsi\Experiment\data\raw\RGB1\S28\AC9\RGB1_SUB28ACT9F91.jpg,1,1,0.5145198106765747
632,29,1,1,D:\Skripsi\Experiment\data\raw\RGB1\S29\AC1\RGB1_SUB29ACT1F1.jpg,0,0,0.4985831081867218
633,29,1,106,D:\Skripsi\Experiment\data\raw\RGB1\S29\AC1\RGB1_SUB29ACT1F106.jpg,0,0,0.4206426739692688
634,29,1,121,D:\Skripsi\Experiment\data\raw\RGB1\S29\AC1\RGB1_SUB29ACT1F121.jpg,0,0,0.4355759918689728
635,29,1,16,D:\Skripsi\Experiment\data\raw\RGB1\S29\AC1\RGB1_SUB29ACT1F16.jpg,0,0,0.3407420814037323
636,29,1,31,D:\Skripsi\Experiment\data\raw\RGB1\S29\AC1\RGB1_SUB29ACT1F31.jpg,0,0,0.3532456159591675
637,29,1,46,D:\Skripsi\Experiment\data\raw\RGB1\S29\AC1\RGB1_SUB29ACT1F46.jpg,0,1,0.6130424737930298
638,29,1,61,D:\Skripsi\Experiment\data\raw\RGB1\S29\AC1\RGB1_SUB29ACT1F61.jpg,0,0,0.4156908690929413
639,29,1,76,D:\Skripsi\Experiment\data\raw\RGB1\S29\AC1\RGB1_SUB29ACT1F76.jpg,0,0,0.443541944026947
640,29,1,91,D:\Skripsi\Experiment\data\raw\RGB1\S29\AC1\RGB1_SUB29ACT1F91.jpg,0,1,0.5374980568885803
641,29,5,1,D:\Skripsi\Experiment\data\raw\RGB1\S29\AC5\RGB1_SUB29ACT5F1.jpg,1,1,0.5293776988983154
642,29,5,106,D:\Skripsi\Experiment\data\raw\RGB1\S29\AC5\RGB1_SUB29ACT5F106.jpg,1,1,0.5155161619186401
643,29,5,121,D:\Skripsi\Experiment\data\raw\RGB1\S29\AC5\RGB1_SUB29ACT5F121.jpg,1,0,0.4513218402862549
644,29,5,16,D:\Skripsi\Experiment\data\raw\RGB1\S29\AC5\RGB1_SUB29ACT5F16.jpg,1,1,0.633462131023407
645,29,5,31,D:\Skripsi\Experiment\data\raw\RGB1\S29\AC5\RGB1_SUB29ACT5F31.jpg,1,1,0.6071042418479919
646,29,5,46,D:\Skripsi\Experiment\data\raw\RGB1\S29\AC5\RGB1_SUB29ACT5F46.jpg,1,0,0.3524169623851776
647,29,5,61,D:\Skripsi\Experiment\data\raw\RGB1\S29\AC5\RGB1_SUB29ACT5F61.jpg,1,1,0.7066324949264526
648,29,5,76,D:\Skripsi\Experiment\data\raw\RGB1\S29\AC5\RGB1_SUB29ACT5F76.jpg,1,1,0.5609312653541565
649,29,5,91,D:\Skripsi\Experiment\data\raw\RGB1\S29\AC5\RGB1_SUB29ACT5F91.jpg,1,1,0.52998948097229
650,29,6,1,D:\Skripsi\Experiment\data\raw\RGB1\S29\AC6\RGB1_SUB29ACT6F1.jpg,1,1,0.7398538589477539
651,29,6,106,D:\Skripsi\Experiment\data\raw\RGB1\S29\AC6\RGB1_SUB29ACT6F106.jpg,1,0,0.41990822553634644
652,29,6,16,D:\Skripsi\Experiment\data\raw\RGB1\S29\AC6\RGB1_SUB29ACT6F16.jpg,1,1,0.7669685482978821
653,29,6,31,D:\Skripsi\Experiment\data\raw\RGB1\S29\AC6\RGB1_SUB29ACT6F31.jpg,1,1,0.6804266571998596
654,29,6,46,D:\Skripsi\Experiment\data\raw\RGB1\S29\AC6\RGB1_SUB29ACT6F46.jpg,1,1,0.6026815176010132
655,29,6,61,D:\Skripsi\Experiment\data\raw\RGB1\S29\AC6\RGB1_SUB29ACT6F61.jpg,1,1,0.6457902193069458
656,29,6,76,D:\Skripsi\Experiment\data\raw\RGB1\S29\AC6\RGB1_SUB29ACT6F76.jpg,1,1,0.616847813129425
657,29,6,91,D:\Skripsi\Experiment\data\raw\RGB1\S29\AC6\RGB1_SUB29ACT6F91.jpg,1,1,0.5011301040649414
658,29,7,1,D:\Skripsi\Experiment\data\raw\RGB1\S29\AC7\RGB1_SUB29ACT7F1.jpg,1,0,0.4945903718471527
659,29,7,106,D:\Skripsi\Experiment\data\raw\RGB1\S29\AC7\RGB1_SUB29ACT7F106.jpg,1,1,0.5429257154464722
660,29,7,121,D:\Skripsi\Experiment\data\raw\RGB1\S29\AC7\RGB1_SUB29ACT7F121.jpg,1,1,0.5638043880462646
661,29,7,16,D:\Skripsi\Experiment\data\raw\RGB1\S29\AC7\RGB1_SUB29ACT7F16.jpg,1,1,0.5674816370010376
662,29,7,31,D:\Skripsi\Experiment\data\raw\RGB1\S29\AC7\RGB1_SUB29ACT7F31.jpg,1,1,0.5440697073936462
663,29,7,46,D:\Skripsi\Experiment\data\raw\RGB1\S29\AC7\RGB1_SUB29ACT7F46.jpg,1,1,0.5537981986999512
664,29,7,61,D:\Skripsi\Experiment\data\raw\RGB1\S29\AC7\RGB1_SUB29ACT7F61.jpg,1,1,0.5824233293533325
665,29,7,76,D:\Skripsi\Experiment\data\raw\RGB1\S29\AC7\RGB1_SUB29ACT7F76.jpg,1,1,0.5382662415504456
666,29,7,91,D:\Skripsi\Experiment\data\raw\RGB1\S29\AC7\RGB1_SUB29ACT7F91.jpg,1,1,0.5283847451210022
667,29,8,1,D:\Skripsi\Experiment\data\raw\RGB1\S29\AC8\RGB1_SUB29ACT8F1.jpg,1,1,0.5419634580612183
668,29,8,106,D:\Skripsi\Experiment\data\raw\RGB1\S29\AC8\RGB1_SUB29ACT8F106.jpg,1,0,0.4939141571521759
669,29,8,121,D:\Skripsi\Experiment\data\raw\RGB1\S29\AC8\RGB1_SUB29ACT8F121.jpg,1,0,0.46820175647735596
670,29,8,136,D:\Skripsi\Experiment\data\raw\RGB1\S29\AC8\RGB1_SUB29ACT8F136.jpg,1,1,0.5983908772468567
671,29,8,151,D:\Skripsi\Experiment\data\raw\RGB1\S29\AC8\RGB1_SUB29ACT8F151.jpg,1,1,0.6111457943916321
672,29,8,16,D:\Skripsi\Experiment\data\raw\RGB1\S29\AC8\RGB1_SUB29ACT8F16.jpg,1,1,0.5007730722427368
673,29,8,31,D:\Skripsi\Experiment\data\raw\RGB1\S29\AC8\RGB1_SUB29ACT8F31.jpg,1,0,0.45000988245010376
674,29,8,46,D:\Skripsi\Experiment\data\raw\RGB1\S29\AC8\RGB1_SUB29ACT8F46.jpg,1,0,0.47471511363983154
675,29,8,61,D:\Skripsi\Experiment\data\raw\RGB1\S29\AC8\RGB1_SUB29ACT8F61.jpg,1,1,0.5300077199935913
676,29,8,76,D:\Skripsi\Experiment\data\raw\RGB1\S29\AC8\RGB1_SUB29ACT8F76.jpg,1,0,0.44638773798942566
677,29,8,91,D:\Skripsi\Experiment\data\raw\RGB1\S29\AC8\RGB1_SUB29ACT8F91.jpg,1,0,0.49806544184684753
678,29,9,1,D:\Skripsi\Experiment\data\raw\RGB1\S29\AC9\RGB1_SUB29ACT9F1.jpg,1,1,0.6234803795814514
679,29,9,106,D:\Skripsi\Experiment\data\raw\RGB1\S29\AC9\RGB1_SUB29ACT9F106.jpg,1,1,0.5938503742218018
680,29,9,121,D:\Skripsi\Experiment\data\raw\RGB1\S29\AC9\RGB1_SUB29ACT9F121.jpg,1,1,0.6309247016906738
681,29,9,136,D:\Skripsi\Experiment\data\raw\RGB1\S29\AC9\RGB1_SUB29ACT9F136.jpg,1,1,0.5149646401405334
682,29,9,151,D:\Skripsi\Experiment\data\raw\RGB1\S29\AC9\RGB1_SUB29ACT9F151.jpg,1,1,0.5349956154823303
683,29,9,16,D:\Skripsi\Experiment\data\raw\RGB1\S29\AC9\RGB1_SUB29ACT9F16.jpg,1,1,0.5779584646224976
684,29,9,31,D:\Skripsi\Experiment\data\raw\RGB1\S29\AC9\RGB1_SUB29ACT9F31.jpg,1,1,0.6207273602485657
685,29,9,46,D:\Skripsi\Experiment\data\raw\RGB1\S29\AC9\RGB1_SUB29ACT9F46.jpg,1,1,0.5810984373092651
686,29,9,61,D:\Skripsi\Experiment\data\raw\RGB1\S29\AC9\RGB1_SUB29ACT9F61.jpg,1,1,0.6229584217071533
687,29,9,76,D:\Skripsi\Experiment\data\raw\RGB1\S29\AC9\RGB1_SUB29ACT9F76.jpg,1,1,0.5912507176399231
688,29,9,91,D:\Skripsi\Experiment\data\raw\RGB1\S29\AC9\RGB1_SUB29ACT9F91.jpg,1,1,0.5238445401191711
689,30,1,1,D:\Skripsi\Experiment\data\raw\RGB1\S30\AC1\RGB1_SUB30ACT1F1.jpg,0,0,0.36391425132751465
690,30,1,106,D:\Skripsi\Experiment\data\raw\RGB1\S30\AC1\RGB1_SUB30ACT1F106.jpg,0,1,0.5536405444145203
691,30,1,16,D:\Skripsi\Experiment\data\raw\RGB1\S30\AC1\RGB1_SUB30ACT1F16.jpg,0,0,0.47359931468963623
692,30,1,31,D:\Skripsi\Experiment\data\raw\RGB1\S30\AC1\RGB1_SUB30ACT1F31.jpg,0,0,0.4957515001296997
693,30,1,46,D:\Skripsi\Experiment\data\raw\RGB1\S30\AC1\RGB1_SUB30ACT1F46.jpg,0,1,0.5694364905357361
694,30,1,61,D:\Skripsi\Experiment\data\raw\RGB1\S30\AC1\RGB1_SUB30ACT1F61.jpg,0,0,0.44551512598991394
695,30,1,76,D:\Skripsi\Experiment\data\raw\RGB1\S30\AC1\RGB1_SUB30ACT1F76.jpg,0,1,0.5235516428947449
696,30,1,91,D:\Skripsi\Experiment\data\raw\RGB1\S30\AC1\RGB1_SUB30ACT1F91.jpg,0,1,0.5524613261222839
697,30,5,1,D:\Skripsi\Experiment\data\raw\RGB1\S30\AC5\RGB1_SUB30ACT5F1.jpg,1,0,0.4330057203769684
698,30,5,106,D:\Skripsi\Experiment\data\raw\RGB1\S30\AC5\RGB1_SUB30ACT5F106.jpg,1,1,0.5272001028060913
699,30,5,16,D:\Skripsi\Experiment\data\raw\RGB1\S30\AC5\RGB1_SUB30ACT5F16.jpg,1,0,0.3957390785217285
700,30,5,31,D:\Skripsi\Experiment\data\raw\RGB1\S30\AC5\RGB1_SUB30ACT5F31.jpg,1,0,0.41704434156417847
701,30,5,46,D:\Skripsi\Experiment\data\raw\RGB1\S30\AC5\RGB1_SUB30ACT5F46.jpg,1,0,0.47147712111473083
702,30,5,61,D:\Skripsi\Experiment\data\raw\RGB1\S30\AC5\RGB1_SUB30ACT5F61.jpg,1,0,0.4078022837638855
703,30,5,76,D:\Skripsi\Experiment\data\raw\RGB1\S30\AC5\RGB1_SUB30ACT5F76.jpg,1,0,0.4364597797393799
704,30,5,91,D:\Skripsi\Experiment\data\raw\RGB1\S30\AC5\RGB1_SUB30ACT5F91.jpg,1,0,0.4575536549091339
705,30,6,1,D:\Skripsi\Experiment\data\raw\RGB1\S30\AC6\RGB1_SUB30ACT6F1.jpg,1,0,0.3758131265640259
706,30,6,106,D:\Skripsi\Experiment\data\raw\RGB1\S30\AC6\RGB1_SUB30ACT6F106.jpg,1,0,0.44651633501052856
707,30,6,121,D:\Skripsi\Experiment\data\raw\RGB1\S30\AC6\RGB1_SUB30ACT6F121.jpg,1,0,0.4069463610649109
708,30,6,16,D:\Skripsi\Experiment\data\raw\RGB1\S30\AC6\RGB1_SUB30ACT6F16.jpg,1,0,0.4265991151332855
709,30,6,31,D:\Skripsi\Experiment\data\raw\RGB1\S30\AC6\RGB1_SUB30ACT6F31.jpg,1,0,0.41787031292915344
710,30,6,46,D:\Skripsi\Experiment\data\raw\RGB1\S30\AC6\RGB1_SUB30ACT6F46.jpg,1,0,0.46503472328186035
711,30,6,61,D:\Skripsi\Experiment\data\raw\RGB1\S30\AC6\RGB1_SUB30ACT6F61.jpg,1,0,0.4293181896209717
712,30,6,76,D:\Skripsi\Experiment\data\raw\RGB1\S30\AC6\RGB1_SUB30ACT6F76.jpg,1,0,0.420798122882843
713,30,6,91,D:\Skripsi\Experiment\data\raw\RGB1\S30\AC6\RGB1_SUB30ACT6F91.jpg,1,0,0.4212917685508728
714,30,7,1,D:\Skripsi\Experiment\data\raw\RGB1\S30\AC7\RGB1_SUB30ACT7F1.jpg,1,1,0.5044155120849609
715,30,7,106,D:\Skripsi\Experiment\data\raw\RGB1\S30\AC7\RGB1_SUB30ACT7F106.jpg,1,0,0.47883251309394836
716,30,7,121,D:\Skripsi\Experiment\data\raw\RGB1\S30\AC7\RGB1_SUB30ACT7F121.jpg,1,1,0.5724869966506958
717,30,7,136,D:\Skripsi\Experiment\data\raw\RGB1\S30\AC7\RGB1_SUB30ACT7F136.jpg,1,1,0.5095316171646118
718,30,7,151,D:\Skripsi\Experiment\data\raw\RGB1\S30\AC7\RGB1_SUB30ACT7F151.jpg,1,1,0.600957453250885
719,30,7,16,D:\Skripsi\Experiment\data\raw\RGB1\S30\AC7\RGB1_SUB30ACT7F16.jpg,1,1,0.5147994160652161
720,30,7,166,D:\Skripsi\Experiment\data\raw\RGB1\S30\AC7\RGB1_SUB30ACT7F166.jpg,1,1,0.5825986862182617
721,30,7,31,D:\Skripsi\Experiment\data\raw\RGB1\S30\AC7\RGB1_SUB30ACT7F31.jpg,1,0,0.48194360733032227
722,30,7,46,D:\Skripsi\Experiment\data\raw\RGB1\S30\AC7\RGB1_SUB30ACT7F46.jpg,1,0,0.494491845369339
723,30,7,61,D:\Skripsi\Experiment\data\raw\RGB1\S30\AC7\RGB1_SUB30ACT7F61.jpg,1,0,0.49637988209724426
724,30,7,76,D:\Skripsi\Experiment\data\raw\RGB1\S30\AC7\RGB1_SUB30ACT7F76.jpg,1,1,0.566239058971405
725,30,7,91,D:\Skripsi\Experiment\data\raw\RGB1\S30\AC7\RGB1_SUB30ACT7F91.jpg,1,1,0.5459551215171814
726,30,8,1,D:\Skripsi\Experiment\data\raw\RGB1\S30\AC8\RGB1_SUB30ACT8F1.jpg,1,0,0.4267464876174927
727,30,8,106,D:\Skripsi\Experiment\data\raw\RGB1\S30\AC8\RGB1_SUB30ACT8F106.jpg,1,1,0.5048882365226746
728,30,8,121,D:\Skripsi\Experiment\data\raw\RGB1\S30\AC8\RGB1_SUB30ACT8F121.jpg,1,1,0.5966533422470093
729,30,8,136,D:\Skripsi\Experiment\data\raw\RGB1\S30\AC8\RGB1_SUB30ACT8F136.jpg,1,0,0.4956759810447693
730,30,8,16,D:\Skripsi\Experiment\data\raw\RGB1\S30\AC8\RGB1_SUB30ACT8F16.jpg,1,0,0.3834739625453949
731,30,8,31,D:\Skripsi\Experiment\data\raw\RGB1\S30\AC8\RGB1_SUB30ACT8F31.jpg,1,0,0.40499818325042725
732,30,8,46,D:\Skripsi\Experiment\data\raw\RGB1\S30\AC8\RGB1_SUB30ACT8F46.jpg,1,0,0.4938131868839264
733,30,8,61,D:\Skripsi\Experiment\data\raw\RGB1\S30\AC8\RGB1_SUB30ACT8F61.jpg,1,0,0.4268139898777008
734,30,8,76,D:\Skripsi\Experiment\data\raw\RGB1\S30\AC8\RGB1_SUB30ACT8F76.jpg,1,1,0.5350834131240845
735,30,8,91,D:\Skripsi\Experiment\data\raw\RGB1\S30\AC8\RGB1_SUB30ACT8F91.jpg,1,0,0.4800136089324951
736,30,9,1,D:\Skripsi\Experiment\data\raw\RGB1\S30\AC9\RGB1_SUB30ACT9F1.jpg,1,1,0.509904146194458
737,30,9,106,D:\Skripsi\Experiment\data\raw\RGB1\S30\AC9\RGB1_SUB30ACT9F106.jpg,1,0,0.4928967356681824
738,30,9,121,D:\Skripsi\Experiment\data\raw\RGB1\S30\AC9\RGB1_SUB30ACT9F121.jpg,1,1,0.5566341280937195
739,30,9,16,D:\Skripsi\Experiment\data\raw\RGB1\S30\AC9\RGB1_SUB30ACT9F16.jpg,1,1,0.5119762420654297
740,30,9,31,D:\Skripsi\Experiment\data\raw\RGB1\S30\AC9\RGB1_SUB30ACT9F31.jpg,1,1,0.6014572381973267
741,30,9,46,D:\Skripsi\Experiment\data\raw\RGB1\S30\AC9\RGB1_SUB30ACT9F46.jpg,1,1,0.6007172465324402
742,30,9,61,D:\Skripsi\Experiment\data\raw\RGB1\S30\AC9\RGB1_SUB30ACT9F61.jpg,1,1,0.521905243396759
743,30,9,76,D:\Skripsi\Experiment\data\raw\RGB1\S30\AC9\RGB1_SUB30ACT9F76.jpg,1,0,0.3909417986869812
744,30,9,91,D:\Skripsi\Experiment\data\raw\RGB1\S30\AC9\RGB1_SUB30ACT9F91.jpg,1,0,0.4150039255619049
745,31,1,1,D:\Skripsi\Experiment\data\raw\RGB1\S31\AC1\RGB1_SUB31ACT1F1.jpg,0,0,0.3606799840927124
746,31,1,16,D:\Skripsi\Experiment\data\raw\RGB1\S31\AC1\RGB1_SUB31ACT1F16.jpg,0,0,0.46171239018440247
747,31,1,31,D:\Skripsi\Experiment\data\raw\RGB1\S31\AC1\RGB1_SUB31ACT1F31.jpg,0,0,0.46252477169036865
748,31,1,46,D:\Skripsi\Experiment\data\raw\RGB1\S31\AC1\RGB1_SUB31ACT1F46.jpg,0,0,0.4193289875984192
749,31,1,61,D:\Skripsi\Experiment\data\raw\RGB1\S31\AC1\RGB1_SUB31ACT1F61.jpg,0,1,0.5444992184638977
750,31,1,76,D:\Skripsi\Experiment\data\raw\RGB1\S31\AC1\RGB1_SUB31ACT1F76.jpg,0,1,0.5263991355895996
751,31,1,91,D:\Skripsi\Experiment\data\raw\RGB1\S31\AC1\RGB1_SUB31ACT1F91.jpg,0,0,0.4356285035610199
752,31,9,1,D:\Skripsi\Experiment\data\raw\RGB1\S31\AC10\RGB1_SUB31ACT10F1.jpg,1,0,0.4037483036518097
753,31,9,106,D:\Skripsi\Experiment\data\raw\RGB1\S31\AC10\RGB1_SUB31ACT10F106.jpg,1,0,0.2976920008659363
754,31,9,121,D:\Skripsi\Experiment\data\raw\RGB1\S31\AC10\RGB1_SUB31ACT10F121.jpg,1,0,0.3720012605190277
755,31,9,136,D:\Skripsi\Experiment\data\raw\RGB1\S31\AC10\RGB1_SUB31ACT10F136.jpg,1,0,0.2880414128303528
756,31,9,16,D:\Skripsi\Experiment\data\raw\RGB1\S31\AC10\RGB1_SUB31ACT10F16.jpg,1,0,0.351207971572876
757,31,9,31,D:\Skripsi\Experiment\data\raw\RGB1\S31\AC10\RGB1_SUB31ACT10F31.jpg,1,0,0.39765414595603943
758,31,9,46,D:\Skripsi\Experiment\data\raw\RGB1\S31\AC10\RGB1_SUB31ACT10F46.jpg,1,0,0.38914191722869873
759,31,9,61,D:\Skripsi\Experiment\data\raw\RGB1\S31\AC10\RGB1_SUB31ACT10F61.jpg,1,0,0.40336114168167114
760,31,9,76,D:\Skripsi\Experiment\data\raw\RGB1\S31\AC10\RGB1_SUB31ACT10F76.jpg,1,0,0.4048781394958496
761,31,9,91,D:\Skripsi\Experiment\data\raw\RGB1\S31\AC10\RGB1_SUB31ACT10F91.jpg,1,0,0.26216575503349304
762,31,5,1,D:\Skripsi\Experiment\data\raw\RGB1\S31\AC5\RGB1_SUB31ACT5F1.jpg,1,0,0.47319191694259644
763,31,5,16,D:\Skripsi\Experiment\data\raw\RGB1\S31\AC5\RGB1_SUB31ACT5F16.jpg,1,1,0.5370092391967773
764,31,5,31,D:\Skripsi\Experiment\data\raw\RGB1\S31\AC5\RGB1_SUB31ACT5F31.jpg,1,1,0.5382589101791382
765,31,5,46,D:\Skripsi\Experiment\data\raw\RGB1\S31\AC5\RGB1_SUB31ACT5F46.jpg,1,1,0.5778810381889343
766,31,5,61,D:\Skripsi\Experiment\data\raw\RGB1\S31\AC5\RGB1_SUB31ACT5F61.jpg,1,0,0.4976411759853363
767,31,5,76,D:\Skripsi\Experiment\data\raw\RGB1\S31\AC5\RGB1_SUB31ACT5F76.jpg,1,1,0.5533115267753601
768,31,5,91,D:\Skripsi\Experiment\data\raw\RGB1\S31\AC5\RGB1_SUB31ACT5F91.jpg,1,1,0.5722578167915344
769,31,6,1,D:\Skripsi\Experiment\data\raw\RGB1\S31\AC6\RGB1_SUB31ACT6F1.jpg,1,0,0.33438220620155334
770,31,6,16,D:\Skripsi\Experiment\data\raw\RGB1\S31\AC6\RGB1_SUB31ACT6F16.jpg,1,1,0.5237541794776917
771,31,6,31,D:\Skripsi\Experiment\data\raw\RGB1\S31\AC6\RGB1_SUB31ACT6F31.jpg,1,0,0.4544242024421692
772,31,6,46,D:\Skripsi\Experiment\data\raw\RGB1\S31\AC6\RGB1_SUB31ACT6F46.jpg,1,1,0.5185530185699463
773,31,6,61,D:\Skripsi\Experiment\data\raw\RGB1\S31\AC6\RGB1_SUB31ACT6F61.jpg,1,1,0.5928203463554382
774,31,6,76,D:\Skripsi\Experiment\data\raw\RGB1\S31\AC6\RGB1_SUB31ACT6F76.jpg,1,0,0.417838454246521
775,31,7,1,D:\Skripsi\Experiment\data\raw\RGB1\S31\AC7\RGB1_SUB31ACT7F1.jpg,1,0,0.3652941882610321
776,31,7,106,D:\Skripsi\Experiment\data\raw\RGB1\S31\AC7\RGB1_SUB31ACT7F106.jpg,1,1,0.5286452174186707
777,31,7,16,D:\Skripsi\Experiment\data\raw\RGB1\S31\AC7\RGB1_SUB31ACT7F16.jpg,1,0,0.4599187672138214
778,31,7,31,D:\Skripsi\Experiment\data\raw\RGB1\S31\AC7\RGB1_SUB31ACT7F31.jpg,1,0,0.47538667917251587
779,31,7,46,D:\Skripsi\Experiment\data\raw\RGB1\S31\AC7\RGB1_SUB31ACT7F46.jpg,1,0,0.44285377860069275
780,31,7,61,D:\Skripsi\Experiment\data\raw\RGB1\S31\AC7\RGB1_SUB31ACT7F61.jpg,1,0,0.49908050894737244
781,31,7,76,D:\Skripsi\Experiment\data\raw\RGB1\S31\AC7\RGB1_SUB31ACT7F76.jpg,1,0,0.4274965226650238
782,31,7,91,D:\Skripsi\Experiment\data\raw\RGB1\S31\AC7\RGB1_SUB31ACT7F91.jpg,1,1,0.5440913438796997
783,31,8,1,D:\Skripsi\Experiment\data\raw\RGB1\S31\AC8\RGB1_SUB31ACT8F1.jpg,1,1,0.6228867173194885
784,31,8,106,D:\Skripsi\Experiment\data\raw\RGB1\S31\AC8\RGB1_SUB31ACT8F106.jpg,1,1,0.5278012156486511
785,31,8,121,D:\Skripsi\Experiment\data\raw\RGB1\S31\AC8\RGB1_SUB31ACT8F121.jpg,1,1,0.6492010951042175
786,31,8,16,D:\Skripsi\Experiment\data\raw\RGB1\S31\AC8\RGB1_SUB31ACT8F16.jpg,1,1,0.6585622429847717
787,31,8,31,D:\Skripsi\Experiment\data\raw\RGB1\S31\AC8\RGB1_SUB31ACT8F31.jpg,1,1,0.6103774905204773
788,31,8,46,D:\Skripsi\Experiment\data\raw\RGB1\S31\AC8\RGB1_SUB31ACT8F46.jpg,1,1,0.5975353121757507
789,31,8,61,D:\Skripsi\Experiment\data\raw\RGB1\S31\AC8\RGB1_SUB31ACT8F61.jpg,1,1,0.577160656452179
790,31,8,76,D:\Skripsi\Experiment\data\raw\RGB1\S31\AC8\RGB1_SUB31ACT8F76.jpg,1,1,0.6919453144073486
791,31,8,91,D:\Skripsi\Experiment\data\raw\RGB1\S31\AC8\RGB1_SUB31ACT8F91.jpg,1,0,0.48778727650642395
792,32,1,1,D:\Skripsi\Experiment\data\raw\RGB1\S32\AC1\RGB1_SUB32ACT1F1.jpg,0,1,0.6234003305435181
793,32,1,16,D:\Skripsi\Experiment\data\raw\RGB1\S32\AC1\RGB1_SUB32ACT1F16.jpg,0,0,0.40144941210746765
794,32,1,31,D:\Skripsi\Experiment\data\raw\RGB1\S32\AC1\RGB1_SUB32ACT1F31.jpg,0,0,0.4239456355571747
795,32,1,46,D:\Skripsi\Experiment\data\raw\RGB1\S32\AC1\RGB1_SUB32ACT1F46.jpg,0,1,0.5016533136367798
796,32,1,61,D:\Skripsi\Experiment\data\raw\RGB1\S32\AC1\RGB1_SUB32ACT1F61.jpg,0,0,0.4572843015193939
797,32,1,76,D:\Skripsi\Experiment\data\raw\RGB1\S32\AC1\RGB1_SUB32ACT1F76.jpg,0,0,0.45104357600212097
798,32,1,91,D:\Skripsi\Experiment\data\raw\RGB1\S32\AC1\RGB1_SUB32ACT1F91.jpg,0,0,0.42989838123321533
799,32,5,1,D:\Skripsi\Experiment\data\raw\RGB1\S32\AC5\RGB1_SUB32ACT5F1.jpg,1,1,0.6075388193130493
800,32,5,16,D:\Skripsi\Experiment\data\raw\RGB1\S32\AC5\RGB1_SUB32ACT5F16.jpg,1,1,0.6011474132537842
801,32,5,31,D:\Skripsi\Experiment\data\raw\RGB1\S32\AC5\RGB1_SUB32ACT5F31.jpg,1,1,0.5821162462234497
802,32,5,46,D:\Skripsi\Experiment\data\raw\RGB1\S32\AC5\RGB1_SUB32ACT5F46.jpg,1,1,0.5598613023757935
803,32,5,61,D:\Skripsi\Experiment\data\raw\RGB1\S32\AC5\RGB1_SUB32ACT5F61.jpg,1,1,0.5772382020950317
804,32,5,76,D:\Skripsi\Experiment\data\raw\RGB1\S32\AC5\RGB1_SUB32ACT5F76.jpg,1,0,0.4640478491783142
805,32,5,91,D:\Skripsi\Experiment\data\raw\RGB1\S32\AC5\RGB1_SUB32ACT5F91.jpg,1,0,0.49277302622795105
806,32,6,1,D:\Skripsi\Experiment\data\raw\RGB1\S32\AC6\RGB1_SUB32ACT6F1.jpg,1,0,0.43966057896614075
807,32,6,16,D:\Skripsi\Experiment\data\raw\RGB1\S32\AC6\RGB1_SUB32ACT6F16.jpg,1,0,0.40092718601226807
808,32,6,31,D:\Skripsi\Experiment\data\raw\RGB1\S32\AC6\RGB1_SUB32ACT6F31.jpg,1,1,0.5119492411613464
809,32,6,46,D:\Skripsi\Experiment\data\raw\RGB1\S32\AC6\RGB1_SUB32ACT6F46.jpg,1,0,0.4417206346988678
810,32,6,61,D:\Skripsi\Experiment\data\raw\RGB1\S32\AC6\RGB1_SUB32ACT6F61.jpg,1,0,0.49877938628196716
811,32,6,76,D:\Skripsi\Experiment\data\raw\RGB1\S32\AC6\RGB1_SUB32ACT6F76.jpg,1,1,0.5861533880233765
812,32,6,91,D:\Skripsi\Experiment\data\raw\RGB1\S32\AC6\RGB1_SUB32ACT6F91.jpg,1,1,0.535612165927887
813,32,7,1,D:\Skripsi\Experiment\data\raw\RGB1\S32\AC7\RGB1_SUB32ACT7F1.jpg,1,1,0.5323678255081177
814,32,7,16,D:\Skripsi\Experiment\data\raw\RGB1\S32\AC7\RGB1_SUB32ACT7F16.jpg,1,1,0.5476170182228088
815,32,7,31,D:\Skripsi\Experiment\data\raw\RGB1\S32\AC7\RGB1_SUB32ACT7F31.jpg,1,1,0.5227529406547546
816,32,7,46,D:\Skripsi\Experiment\data\raw\RGB1\S32\AC7\RGB1_SUB32ACT7F46.jpg,1,0,0.4807222783565521
817,32,7,61,D:\Skripsi\Experiment\data\raw\RGB1\S32\AC7\RGB1_SUB32ACT7F61.jpg,1,1,0.5879319310188293
818,32,7,76,D:\Skripsi\Experiment\data\raw\RGB1\S32\AC7\RGB1_SUB32ACT7F76.jpg,1,1,0.668926477432251
819,32,7,91,D:\Skripsi\Experiment\data\raw\RGB1\S32\AC7\RGB1_SUB32ACT7F91.jpg,1,1,0.6344971656799316
820,32,8,1,D:\Skripsi\Experiment\data\raw\RGB1\S32\AC8\RGB1_SUB32ACT8F1.jpg,1,0,0.49484923481941223
821,32,8,16,D:\Skripsi\Experiment\data\raw\RGB1\S32\AC8\RGB1_SUB32ACT8F16.jpg,1,1,0.6042884588241577
822,32,8,31,D:\Skripsi\Experiment\data\raw\RGB1\S32\AC8\RGB1_SUB32ACT8F31.jpg,1,1,0.5773283243179321
823,32,8,46,D:\Skripsi\Experiment\data\raw\RGB1\S32\AC8\RGB1_SUB32ACT8F46.jpg,1,1,0.5189626216888428
824,32,8,61,D:\Skripsi\Experiment\data\raw\RGB1\S32\AC8\RGB1_SUB32ACT8F61.jpg,1,1,0.5907331109046936
825,32,8,76,D:\Skripsi\Experiment\data\raw\RGB1\S32\AC8\RGB1_SUB32ACT8F76.jpg,1,1,0.6417205929756165
826,32,9,1,D:\Skripsi\Experiment\data\raw\RGB1\S32\AC9\RGB1_SUB32ACT9F1.jpg,1,1,0.6308316588401794
827,32,9,16,D:\Skripsi\Experiment\data\raw\RGB1\S32\AC9\RGB1_SUB32ACT9F16.jpg,1,1,0.6443207859992981
828,32,9,31,D:\Skripsi\Experiment\data\raw\RGB1\S32\AC9\RGB1_SUB32ACT9F31.jpg,1,1,0.5096015930175781
829,32,9,46,D:\Skripsi\Experiment\data\raw\RGB1\S32\AC9\RGB1_SUB32ACT9F46.jpg,1,1,0.5294610857963562
830,32,9,61,D:\Skripsi\Experiment\data\raw\RGB1\S32\AC9\RGB1_SUB32ACT9F61.jpg,1,1,0.6019975543022156
831,33,1,1,D:\Skripsi\Experiment\data\raw\RGB1\S33\AC1\RGB1_SUB33ACT1F1.jpg,0,0,0.48737838864326477
832,33,1,16,D:\Skripsi\Experiment\data\raw\RGB1\S33\AC1\RGB1_SUB33ACT1F16.jpg,0,1,0.5900403261184692
833,33,1,31,D:\Skripsi\Experiment\data\raw\RGB1\S33\AC1\RGB1_SUB33ACT1F31.jpg,0,1,0.6062334775924683
834,33,1,46,D:\Skripsi\Experiment\data\raw\RGB1\S33\AC1\RGB1_SUB33ACT1F46.jpg,0,1,0.5487431287765503
835,33,1,61,D:\Skripsi\Experiment\data\raw\RGB1\S33\AC1\RGB1_SUB33ACT1F61.jpg,0,1,0.5631131529808044
836,33,1,76,D:\Skripsi\Experiment\data\raw\RGB1\S33\AC1\RGB1_SUB33ACT1F76.jpg,0,1,0.5009443759918213
837,33,5,1,D:\Skripsi\Experiment\data\raw\RGB1\S33\AC5\RGB1_SUB33ACT5F1.jpg,1,1,0.591289758682251
838,33,5,16,D:\Skripsi\Experiment\data\raw\RGB1\S33\AC5\RGB1_SUB33ACT5F16.jpg,1,1,0.5740410089492798
839,33,5,31,D:\Skripsi\Experiment\data\raw\RGB1\S33\AC5\RGB1_SUB33ACT5F31.jpg,1,1,0.6084765195846558
840,33,5,46,D:\Skripsi\Experiment\data\raw\RGB1\S33\AC5\RGB1_SUB33ACT5F46.jpg,1,1,0.5646622180938721
841,33,5,61,D:\Skripsi\Experiment\data\raw\RGB1\S33\AC5\RGB1_SUB33ACT5F61.jpg,1,1,0.5172901153564453
842,33,5,76,D:\Skripsi\Experiment\data\raw\RGB1\S33\AC5\RGB1_SUB33ACT5F76.jpg,1,1,0.6352645754814148
843,33,6,1,D:\Skripsi\Experiment\data\raw\RGB1\S33\AC6\RGB1_SUB33ACT6F1.jpg,1,1,0.5997995734214783
844,33,6,16,D:\Skripsi\Experiment\data\raw\RGB1\S33\AC6\RGB1_SUB33ACT6F16.jpg,1,1,0.5118029117584229
845,33,6,31,D:\Skripsi\Experiment\data\raw\RGB1\S33\AC6\RGB1_SUB33ACT6F31.jpg,1,1,0.6122976541519165
846,33,6,46,D:\Skripsi\Experiment\data\raw\RGB1\S33\AC6\RGB1_SUB33ACT6F46.jpg,1,1,0.5794100165367126
847,33,6,61,D:\Skripsi\Experiment\data\raw\RGB1\S33\AC6\RGB1_SUB33ACT6F61.jpg,1,0,0.4528633654117584
848,33,6,76,D:\Skripsi\Experiment\data\raw\RGB1\S33\AC6\RGB1_SUB33ACT6F76.jpg,1,1,0.6069719195365906
849,33,7,1,D:\Skripsi\Experiment\data\raw\RGB1\S33\AC7\RGB1_SUB33ACT7F1.jpg,1,1,0.5197138786315918
850,33,7,16,D:\Skripsi\Experiment\data\raw\RGB1\S33\AC7\RGB1_SUB33ACT7F16.jpg,1,1,0.5999966859817505
851,33,7,31,D:\Skripsi\Experiment\data\raw\RGB1\S33\AC7\RGB1_SUB33ACT7F31.jpg,1,0,0.4900166988372803
852,33,7,46,D:\Skripsi\Experiment\data\raw\RGB1\S33\AC7\RGB1_SUB33ACT7F46.jpg,1,0,0.4650682210922241
853,33,7,61,D:\Skripsi\Experiment\data\raw\RGB1\S33\AC7\RGB1_SUB33ACT7F61.jpg,1,0,0.4261244535446167
854,33,7,76,D:\Skripsi\Experiment\data\raw\RGB1\S33\AC7\RGB1_SUB33ACT7F76.jpg,1,1,0.5498721599578857
855,33,7,91,D:\Skripsi\Experiment\data\raw\RGB1\S33\AC7\RGB1_SUB33ACT7F91.jpg,1,1,0.6615476608276367
856,33,8,1,D:\Skripsi\Experiment\data\raw\RGB1\S33\AC8\RGB1_SUB33ACT8F1.jpg,1,0,0.4971211552619934
857,33,8,106,D:\Skripsi\Experiment\data\raw\RGB1\S33\AC8\RGB1_SUB33ACT8F106.jpg,1,0,0.44304612278938293
858,33,8,16,D:\Skripsi\Experiment\data\raw\RGB1\S33\AC8\RGB1_SUB33ACT8F16.jpg,1,0,0.48029085993766785
859,33,8,31,D:\Skripsi\Experiment\data\raw\RGB1\S33\AC8\RGB1_SUB33ACT8F31.jpg,1,1,0.5417456030845642
860,33,8,46,D:\Skripsi\Experiment\data\raw\RGB1\S33\AC8\RGB1_SUB33ACT8F46.jpg,1,0,0.4547635316848755
861,33,8,61,D:\Skripsi\Experiment\data\raw\RGB1\S33\AC8\RGB1_SUB33ACT8F61.jpg,1,0,0.4013512134552002
862,33,8,76,D:\Skripsi\Experiment\data\raw\RGB1\S33\AC8\RGB1_SUB33ACT8F76.jpg,1,1,0.5290959477424622
863,33,8,91,D:\Skripsi\Experiment\data\raw\RGB1\S33\AC8\RGB1_SUB33ACT8F91.jpg,1,0,0.40901485085487366
864,33,9,1,D:\Skripsi\Experiment\data\raw\RGB1\S33\AC9\RGB1_SUB33ACT9F1.jpg,1,0,0.4564994275569916
865,33,9,16,D:\Skripsi\Experiment\data\raw\RGB1\S33\AC9\RGB1_SUB33ACT9F16.jpg,1,1,0.5246906876564026
866,33,9,31,D:\Skripsi\Experiment\data\raw\RGB1\S33\AC9\RGB1_SUB33ACT9F31.jpg,1,1,0.5451978445053101
867,33,9,46,D:\Skripsi\Experiment\data\raw\RGB1\S33\AC9\RGB1_SUB33ACT9F46.jpg,1,1,0.5264654159545898
868,33,9,61,D:\Skripsi\Experiment\data\raw\RGB1\S33\AC9\RGB1_SUB33ACT9F61.jpg,1,1,0.6619399785995483
869,33,9,76,D:\Skripsi\Experiment\data\raw\RGB1\S33\AC9\RGB1_SUB33ACT9F76.jpg,1,1,0.5582159757614136
870,33,9,91,D:\Skripsi\Experiment\data\raw\RGB1\S33\AC9\RGB1_SUB33ACT9F91.jpg,1,1,0.5797551870346069
871,34,1,1,D:\Skripsi\Experiment\data\raw\RGB1\S34\AC1\RGB1_SUB34ACT1F1.jpg,0,0,0.36142897605895996
872,34,1,16,D:\Skripsi\Experiment\data\raw\RGB1\S34\AC1\RGB1_SUB34ACT1F16.jpg,0,0,0.3663206100463867
873,34,1,31,D:\Skripsi\Experiment\data\raw\RGB1\S34\AC1\RGB1_SUB34ACT1F31.jpg,0,0,0.3988039791584015
874,34,1,46,D:\Skripsi\Experiment\data\raw\RGB1\S34\AC1\RGB1_SUB34ACT1F46.jpg,0,0,0.2926797568798065
875,34,1,61,D:\Skripsi\Experiment\data\raw\RGB1\S34\AC1\RGB1_SUB34ACT1F61.jpg,0,0,0.39756378531455994
876,34,5,1,D:\Skripsi\Experiment\data\raw\RGB1\S34\AC5\RGB1_SUB34ACT5F1.jpg,1,0,0.4185534715652466
877,34,5,16,D:\Skripsi\Experiment\data\raw\RGB1\S34\AC5\RGB1_SUB34ACT5F16.jpg,1,0,0.45616742968559265
878,34,5,31,D:\Skripsi\Experiment\data\raw\RGB1\S34\AC5\RGB1_SUB34ACT5F31.jpg,1,1,0.5704894065856934
879,34,5,46,D:\Skripsi\Experiment\data\raw\RGB1\S34\AC5\RGB1_SUB34ACT5F46.jpg,1,1,0.5764479637145996
880,34,5,61,D:\Skripsi\Experiment\data\raw\RGB1\S34\AC5\RGB1_SUB34ACT5F61.jpg,1,1,0.5230100750923157
881,34,5,76,D:\Skripsi\Experiment\data\raw\RGB1\S34\AC5\RGB1_SUB34ACT5F76.jpg,1,0,0.46881788969039917
882,34,6,1,D:\Skripsi\Experiment\data\raw\RGB1\S34\AC6\RGB1_SUB34ACT6F1.jpg,1,0,0.4286930561065674
883,34,6,16,D:\Skripsi\Experiment\data\raw\RGB1\S34\AC6\RGB1_SUB34ACT6F16.jpg,1,0,0.4701911211013794
884,34,6,31,D:\Skripsi\Experiment\data\raw\RGB1\S34\AC6\RGB1_SUB34ACT6F31.jpg,1,1,0.5241021513938904
885,34,6,46,D:\Skripsi\Experiment\data\raw\RGB1\S34\AC6\RGB1_SUB34ACT6F46.jpg,1,0,0.4942534267902374
886,34,6,61,D:\Skripsi\Experiment\data\raw\RGB1\S34\AC6\RGB1_SUB34ACT6F61.jpg,1,1,0.650153636932373
887,34,7,1,D:\Skripsi\Experiment\data\raw\RGB1\S34\AC7\RGB1_SUB34ACT7F1.jpg,1,1,0.5091618299484253
888,34,7,16,D:\Skripsi\Experiment\data\raw\RGB1\S34\AC7\RGB1_SUB34ACT7F16.jpg,1,0,0.39266660809516907
889,34,7,31,D:\Skripsi\Experiment\data\raw\RGB1\S34\AC7\RGB1_SUB34ACT7F31.jpg,1,0,0.4571286737918854
890,34,7,46,D:\Skripsi\Experiment\data\raw\RGB1\S34\AC7\RGB1_SUB34ACT7F46.jpg,1,1,0.5718070268630981
891,34,7,61,D:\Skripsi\Experiment\data\raw\RGB1\S34\AC7\RGB1_SUB34ACT7F61.jpg,1,1,0.5298526287078857
892,34,7,76,D:\Skripsi\Experiment\data\raw\RGB1\S34\AC7\RGB1_SUB34ACT7F76.jpg,1,1,0.5111282467842102
893,34,8,1,D:\Skripsi\Experiment\data\raw\RGB1\S34\AC8\RGB1_SUB34ACT8F1.jpg,1,0,0.4585118591785431
894,34,8,16,D:\Skripsi\Experiment\data\raw\RGB1\S34\AC8\RGB1_SUB34ACT8F16.jpg,1,0,0.40307727456092834
895,34,8,31,D:\Skripsi\Experiment\data\raw\RGB1\S34\AC8\RGB1_SUB34ACT8F31.jpg,1,0,0.4477277100086212
896,34,8,46,D:\Skripsi\Experiment\data\raw\RGB1\S34\AC8\RGB1_SUB34ACT8F46.jpg,1,0,0.48469579219818115
897,34,8,61,D:\Skripsi\Experiment\data\raw\RGB1\S34\AC8\RGB1_SUB34ACT8F61.jpg,1,0,0.44016599655151367
898,34,8,76,D:\Skripsi\Experiment\data\raw\RGB1\S34\AC8\RGB1_SUB34ACT8F76.jpg,1,1,0.5257877707481384
899,34,8,91,D:\Skripsi\Experiment\data\raw\RGB1\S34\AC8\RGB1_SUB34ACT8F91.jpg,1,1,0.5715809464454651
900,34,9,1,D:\Skripsi\Experiment\data\raw\RGB1\S34\AC9\RGB1_SUB34ACT9F1.jpg,1,1,0.5899333357810974
901,34,9,16,D:\Skripsi\Experiment\data\raw\RGB1\S34\AC9\RGB1_SUB34ACT9F16.jpg,1,1,0.5652623772621155
902,34,9,31,D:\Skripsi\Experiment\data\raw\RGB1\S34\AC9\RGB1_SUB34ACT9F31.jpg,1,1,0.6573089361190796
903,34,9,46,D:\Skripsi\Experiment\data\raw\RGB1\S34\AC9\RGB1_SUB34ACT9F46.jpg,1,1,0.5636242628097534
904,34,9,61,D:\Skripsi\Experiment\data\raw\RGB1\S34\AC9\RGB1_SUB34ACT9F61.jpg,1,1,0.5353320240974426
905,34,9,76,D:\Skripsi\Experiment\data\raw\RGB1\S34\AC9\RGB1_SUB34ACT9F76.jpg,1,1,0.6278257369995117
906,35,1,1,D:\Skripsi\Experiment\data\raw\RGB1\S35\AC1\RGB1_SUB35ACT1F1.jpg,0,1,0.5438529253005981
907,35,1,106,D:\Skripsi\Experiment\data\raw\RGB1\S35\AC1\RGB1_SUB35ACT1F106.jpg,0,0,0.4895215332508087
908,35,1,121,D:\Skripsi\Experiment\data\raw\RGB1\S35\AC1\RGB1_SUB35ACT1F121.jpg,0,0,0.4905421733856201
909,35,1,16,D:\Skripsi\Experiment\data\raw\RGB1\S35\AC1\RGB1_SUB35ACT1F16.jpg,0,0,0.3738710582256317
910,35,1,31,D:\Skripsi\Experiment\data\raw\RGB1\S35\AC1\RGB1_SUB35ACT1F31.jpg,0,0,0.3481716513633728
911,35,1,46,D:\Skripsi\Experiment\data\raw\RGB1\S35\AC1\RGB1_SUB35ACT1F46.jpg,0,0,0.4479113817214966
912,35,1,61,D:\Skripsi\Experiment\data\raw\RGB1\S35\AC1\RGB1_SUB35ACT1F61.jpg,0,1,0.5115454196929932
913,35,1,76,D:\Skripsi\Experiment\data\raw\RGB1\S35\AC1\RGB1_SUB35ACT1F76.jpg,0,1,0.5143906474113464
914,35,1,91,D:\Skripsi\Experiment\data\raw\RGB1\S35\AC1\RGB1_SUB35ACT1F91.jpg,0,0,0.4339333176612854
915,35,5,1,D:\Skripsi\Experiment\data\raw\RGB1\S35\AC5\RGB1_SUB35ACT5F1.jpg,1,0,0.4439314603805542
916,35,5,106,D:\Skripsi\Experiment\data\raw\RGB1\S35\AC5\RGB1_SUB35ACT5F106.jpg,1,0,0.42126673460006714
917,35,5,16,D:\Skripsi\Experiment\data\raw\RGB1\S35\AC5\RGB1_SUB35ACT5F16.jpg,1,1,0.5184264183044434
918,35,5,31,D:\Skripsi\Experiment\data\raw\RGB1\S35\AC5\RGB1_SUB35ACT5F31.jpg,1,1,0.5080807209014893
919,35,5,46,D:\Skripsi\Experiment\data\raw\RGB1\S35\AC5\RGB1_SUB35ACT5F46.jpg,1,0,0.42968666553497314
920,35,5,61,D:\Skripsi\Experiment\data\raw\RGB1\S35\AC5\RGB1_SUB35ACT5F61.jpg,1,0,0.41383227705955505
921,35,5,76,D:\Skripsi\Experiment\data\raw\RGB1\S35\AC5\RGB1_SUB35ACT5F76.jpg,1,0,0.3846229314804077
922,35,5,91,D:\Skripsi\Experiment\data\raw\RGB1\S35\AC5\RGB1_SUB35ACT5F91.jpg,1,0,0.3338789641857147
923,35,6,1,D:\Skripsi\Experiment\data\raw\RGB1\S35\AC6\RGB1_SUB35ACT6F1.jpg,1,0,0.48820292949676514
924,35,6,106,D:\Skripsi\Experiment\data\raw\RGB1\S35\AC6\RGB1_SUB35ACT6F106.jpg,1,0,0.4302632808685303
925,35,6,121,D:\Skripsi\Experiment\data\raw\RGB1\S35\AC6\RGB1_SUB35ACT6F121.jpg,1,1,0.5244602560997009
926,35,6,136,D:\Skripsi\Experiment\data\raw\RGB1\S35\AC6\RGB1_SUB35ACT6F136.jpg,1,0,0.4698445498943329
927,35,6,151,D:\Skripsi\Experiment\data\raw\RGB1\S35\AC6\RGB1_SUB35ACT6F151.jpg,1,0,0.4560337960720062
928,35,6,16,D:\Skripsi\Experiment\data\raw\RGB1\S35\AC6\RGB1_SUB35ACT6F16.jpg,1,0,0.4166434407234192
929,35,6,166,D:\Skripsi\Experiment\data\raw\RGB1\S35\AC6\RGB1_SUB35ACT6F166.jpg,1,0,0.4708843231201172
930,35,6,31,D:\Skripsi\Experiment\data\raw\RGB1\S35\AC6\RGB1_SUB35ACT6F31.jpg,1,0,0.4643034040927887
931,35,6,46,D:\Skripsi\Experiment\data\raw\RGB1\S35\AC6\RGB1_SUB35ACT6F46.jpg,1,0,0.4758070111274719
932,35,6,61,D:\Skripsi\Experiment\data\raw\RGB1\S35\AC6\RGB1_SUB35ACT6F61.jpg,1,0,0.4594933092594147
933,35,6,76,D:\Skripsi\Experiment\data\raw\RGB1\S35\AC6\RGB1_SUB35ACT6F76.jpg,1,0,0.4963829517364502
934,35,6,91,D:\Skripsi\Experiment\data\raw\RGB1\S35\AC6\RGB1_SUB35ACT6F91.jpg,1,1,0.5745732188224792
935,35,7,1,D:\Skripsi\Experiment\data\raw\RGB1\S35\AC7\RGB1_SUB35ACT7F1.jpg,1,1,0.5834745764732361
936,35,7,106,D:\Skripsi\Experiment\data\raw\RGB1\S35\AC7\RGB1_SUB35ACT7F106.jpg,1,1,0.6276280283927917
937,35,7,121,D:\Skripsi\Experiment\data\raw\RGB1\S35\AC7\RGB1_SUB35ACT7F121.jpg,1,1,0.5357860326766968
938,35,7,136,D:\Skripsi\Experiment\data\raw\RGB1\S35\AC7\RGB1_SUB35ACT7F136.jpg,1,1,0.5610041618347168
939,35,7,151,D:\Skripsi\Experiment\data\raw\RGB1\S35\AC7\RGB1_SUB35ACT7F151.jpg,1,0,0.4686131775379181
940,35,7,16,D:\Skripsi\Experiment\data\raw\RGB1\S35\AC7\RGB1_SUB35ACT7F16.jpg,1,0,0.44452139735221863
941,35,7,166,D:\Skripsi\Experiment\data\raw\RGB1\S35\AC7\RGB1_SUB35ACT7F166.jpg,1,1,0.5471321940422058
942,35,7,181,D:\Skripsi\Experiment\data\raw\RGB1\S35\AC7\RGB1_SUB35ACT7F181.jpg,1,0,0.4381331205368042
943,35,7,31,D:\Skripsi\Experiment\data\raw\RGB1\S35\AC7\RGB1_SUB35ACT7F31.jpg,1,1,0.5616664290428162
944,35,7,46,D:\Skripsi\Experiment\data\raw\RGB1\S35\AC7\RGB1_SUB35ACT7F46.jpg,1,1,0.5795677304267883
945,35,7,61,D:\Skripsi\Experiment\data\raw\RGB1\S35\AC7\RGB1_SUB35ACT7F61.jpg,1,0,0.41538429260253906
946,35,7,76,D:\Skripsi\Experiment\data\raw\RGB1\S35\AC7\RGB1_SUB35ACT7F76.jpg,1,1,0.5453406572341919
947,35,7,91,D:\Skripsi\Experiment\data\raw\RGB1\S35\AC7\RGB1_SUB35ACT7F91.jpg,1,1,0.5341192483901978
948,35,8,1,D:\Skripsi\Experiment\data\raw\RGB1\S35\AC8\RGB1_SUB35ACT8F1.jpg,1,0,0.4826738238334656
949,35,8,106,D:\Skripsi\Experiment\data\raw\RGB1\S35\AC8\RGB1_SUB35ACT8F106.jpg,1,0,0.45076507329940796
950,35,8,16,D:\Skripsi\Experiment\data\raw\RGB1\S35\AC8\RGB1_SUB35ACT8F16.jpg,1,0,0.4062615633010864
951,35,8,31,D:\Skripsi\Experiment\data\raw\RGB1\S35\AC8\RGB1_SUB35ACT8F31.jpg,1,0,0.3807561993598938
952,35,8,46,D:\Skripsi\Experiment\data\raw\RGB1\S35\AC8\RGB1_SUB35ACT8F46.jpg,1,0,0.3891245126724243
953,35,8,61,D:\Skripsi\Experiment\data\raw\RGB1\S35\AC8\RGB1_SUB35ACT8F61.jpg,1,0,0.42536988854408264
954,35,8,76,D:\Skripsi\Experiment\data\raw\RGB1\S35\AC8\RGB1_SUB35ACT8F76.jpg,1,0,0.44252637028694153
955,35,8,91,D:\Skripsi\Experiment\data\raw\RGB1\S35\AC8\RGB1_SUB35ACT8F91.jpg,1,0,0.40361565351486206
956,35,9,1,D:\Skripsi\Experiment\data\raw\RGB1\S35\AC9\RGB1_SUB35ACT9F1.jpg,1,0,0.48777779936790466
957,35,9,106,D:\Skripsi\Experiment\data\raw\RGB1\S35\AC9\RGB1_SUB35ACT9F106.jpg,1,1,0.5595377683639526
958,35,9,121,D:\Skripsi\Experiment\data\raw\RGB1\S35\AC9\RGB1_SUB35ACT9F121.jpg,1,1,0.6536974906921387
959,35,9,16,D:\Skripsi\Experiment\data\raw\RGB1\S35\AC9\RGB1_SUB35ACT9F16.jpg,1,0,0.48748940229415894
960,35,9,31,D:\Skripsi\Experiment\data\raw\RGB1\S35\AC9\RGB1_SUB35ACT9F31.jpg,1,0,0.43885302543640137
961,35,9,46,D:\Skripsi\Experiment\data\raw\RGB1\S35\AC9\RGB1_SUB35ACT9F46.jpg,1,0,0.4946286380290985
962,35,9,61,D:\Skripsi\Experiment\data\raw\RGB1\S35\AC9\RGB1_SUB35ACT9F61.jpg,1,0,0.41335001587867737
963,35,9,76,D:\Skripsi\Experiment\data\raw\RGB1\S35\AC9\RGB1_SUB35ACT9F76.jpg,1,1,0.5494649410247803
964,35,9,91,D:\Skripsi\Experiment\data\raw\RGB1\S35\AC9\RGB1_SUB35ACT9F91.jpg,1,1,0.6146888136863708
965,36,1,1,D:\Skripsi\Experiment\data\raw\RGB1\S36\AC1\RGB1_SUB36ACT1F1.jpg,0,1,0.5741724967956543
966,36,1,106,D:\Skripsi\Experiment\data\raw\RGB1\S36\AC1\RGB1_SUB36ACT1F106.jpg,0,1,0.5978123545646667
967,36,1,121,D:\Skripsi\Experiment\data\raw\RGB1\S36\AC1\RGB1_SUB36ACT1F121.jpg,0,1,0.5400537848472595
968,36,1,16,D:\Skripsi\Experiment\data\raw\RGB1\S36\AC1\RGB1_SUB36ACT1F16.jpg,0,1,0.6285426616668701
969,36,1,31,D:\Skripsi\Experiment\data\raw\RGB1\S36\AC1\RGB1_SUB36ACT1F31.jpg,0,1,0.6131198406219482
970,36,1,46,D:\Skripsi\Experiment\data\raw\RGB1\S36\AC1\RGB1_SUB36ACT1F46.jpg,0,0,0.48306336998939514
971,36,1,61,D:\Skripsi\Experiment\data\raw\RGB1\S36\AC1\RGB1_SUB36ACT1F61.jpg,0,0,0.4718537926673889
972,36,1,76,D:\Skripsi\Experiment\data\raw\RGB1\S36\AC1\RGB1_SUB36ACT1F76.jpg,0,0,0.4981248378753662
973,36,1,91,D:\Skripsi\Experiment\data\raw\RGB1\S36\AC1\RGB1_SUB36ACT1F91.jpg,0,1,0.6159012913703918
974,36,5,1,D:\Skripsi\Experiment\data\raw\RGB1\S36\AC5\RGB1_SUB36ACT5F1.jpg,1,1,0.5712859034538269
975,36,5,106,D:\Skripsi\Experiment\data\raw\RGB1\S36\AC5\RGB1_SUB36ACT5F106.jpg,1,1,0.5387025475502014
976,36,5,121,D:\Skripsi\Experiment\data\raw\RGB1\S36\AC5\RGB1_SUB36ACT5F121.jpg,1,1,0.6231710910797119
977,36,5,136,D:\Skripsi\Experiment\data\raw\RGB1\S36\AC5\RGB1_SUB36ACT5F136.jpg,1,0,0.4539673626422882
978,36,5,16,D:\Skripsi\Experiment\data\raw\RGB1\S36\AC5\RGB1_SUB36ACT5F16.jpg,1,1,0.6254379153251648
979,36,5,31,D:\Skripsi\Experiment\data\raw\RGB1\S36\AC5\RGB1_SUB36ACT5F31.jpg,1,1,0.5475905537605286
980,36,5,46,D:\Skripsi\Experiment\data\raw\RGB1\S36\AC5\RGB1_SUB36ACT5F46.jpg,1,1,0.5906280875205994
981,36,5,61,D:\Skripsi\Experiment\data\raw\RGB1\S36\AC5\RGB1_SUB36ACT5F61.jpg,1,1,0.560097873210907
982,36,5,76,D:\Skripsi\Experiment\data\raw\RGB1\S36\AC5\RGB1_SUB36ACT5F76.jpg,1,1,0.5988325476646423
983,36,5,91,D:\Skripsi\Experiment\data\raw\RGB1\S36\AC5\RGB1_SUB36ACT5F91.jpg,1,1,0.603769838809967
984,36,6,1,D:\Skripsi\Experiment\data\raw\RGB1\S36\AC6\RGB1_SUB36ACT6F1.jpg,1,1,0.6492428183555603
985,36,6,16,D:\Skripsi\Experiment\data\raw\RGB1\S36\AC6\RGB1_SUB36ACT6F16.jpg,1,1,0.6930214166641235
986,36,6,31,D:\Skripsi\Experiment\data\raw\RGB1\S36\AC6\RGB1_SUB36ACT6F31.jpg,1,1,0.6632872819900513
987,36,6,46,D:\Skripsi\Experiment\data\raw\RGB1\S36\AC6\RGB1_SUB36ACT6F46.jpg,1,1,0.5400059819221497
988,36,6,61,D:\Skripsi\Experiment\data\raw\RGB1\S36\AC6\RGB1_SUB36ACT6F61.jpg,1,1,0.7218989133834839
989,36,6,76,D:\Skripsi\Experiment\data\raw\RGB1\S36\AC6\RGB1_SUB36ACT6F76.jpg,1,1,0.7545931339263916
990,36,6,91,D:\Skripsi\Experiment\data\raw\RGB1\S36\AC6\RGB1_SUB36ACT6F91.jpg,1,1,0.6159228682518005
991,36,7,1,D:\Skripsi\Experiment\data\raw\RGB1\S36\AC7\RGB1_SUB36ACT7F1.jpg,1,1,0.6229612827301025
992,36,7,106,D:\Skripsi\Experiment\data\raw\RGB1\S36\AC7\RGB1_SUB36ACT7F106.jpg,1,1,0.5699021220207214
993,36,7,121,D:\Skripsi\Experiment\data\raw\RGB1\S36\AC7\RGB1_SUB36ACT7F121.jpg,1,1,0.6602776646614075
994,36,7,16,D:\Skripsi\Experiment\data\raw\RGB1\S36\AC7\RGB1_SUB36ACT7F16.jpg,1,1,0.6467921137809753
995,36,7,31,D:\Skripsi\Experiment\data\raw\RGB1\S36\AC7\RGB1_SUB36ACT7F31.jpg,1,1,0.6401349902153015
996,36,7,46,D:\Skripsi\Experiment\data\raw\RGB1\S36\AC7\RGB1_SUB36ACT7F46.jpg,1,1,0.6305148601531982
997,36,7,61,D:\Skripsi\Experiment\data\raw\RGB1\S36\AC7\RGB1_SUB36ACT7F61.jpg,1,1,0.5903658270835876
998,36,7,76,D:\Skripsi\Experiment\data\raw\RGB1\S36\AC7\RGB1_SUB36ACT7F76.jpg,1,1,0.5641316175460815
999,36,7,91,D:\Skripsi\Experiment\data\raw\RGB1\S36\AC7\RGB1_SUB36ACT7F91.jpg,1,1,0.6280128359794617
1000,36,8,1,D:\Skripsi\Experiment\data\raw\RGB1\S36\AC8\RGB1_SUB36ACT8F1.jpg,1,1,0.6052050590515137
1001,36,8,106,D:\Skripsi\Experiment\data\raw\RGB1\S36\AC8\RGB1_SUB36ACT8F106.jpg,1,1,0.6062874794006348
1002,36,8,121,D:\Skripsi\Experiment\data\raw\RGB1\S36\AC8\RGB1_SUB36ACT8F121.jpg,1,1,0.6702510118484497
1003,36,8,136,D:\Skripsi\Experiment\data\raw\RGB1\S36\AC8\RGB1_SUB36ACT8F136.jpg,1,1,0.5492104291915894
1004,36,8,16,D:\Skripsi\Experiment\data\raw\RGB1\S36\AC8\RGB1_SUB36ACT8F16.jpg,1,1,0.6907198429107666
1005,36,8,31,D:\Skripsi\Experiment\data\raw\RGB1\S36\AC8\RGB1_SUB36ACT8F31.jpg,1,1,0.6073179841041565
1006,36,8,46,D:\Skripsi\Experiment\data\raw\RGB1\S36\AC8\RGB1_SUB36ACT8F46.jpg,1,1,0.6359550356864929
1007,36,8,61,D:\Skripsi\Experiment\data\raw\RGB1\S36\AC8\RGB1_SUB36ACT8F61.jpg,1,0,0.47499677538871765
1008,36,8,76,D:\Skripsi\Experiment\data\raw\RGB1\S36\AC8\RGB1_SUB36ACT8F76.jpg,1,0,0.478994756937027
1009,36,8,91,D:\Skripsi\Experiment\data\raw\RGB1\S36\AC8\RGB1_SUB36ACT8F91.jpg,1,1,0.5570762753486633
1010,36,9,1,D:\Skripsi\Experiment\data\raw\RGB1\S36\AC9\RGB1_SUB36ACT9F1.jpg,1,1,0.5911931991577148
1011,36,9,106,D:\Skripsi\Experiment\data\raw\RGB1\S36\AC9\RGB1_SUB36ACT9F106.jpg,1,1,0.5842248797416687
1012,36,9,121,D:\Skripsi\Experiment\data\raw\RGB1\S36\AC9\RGB1_SUB36ACT9F121.jpg,1,1,0.5210030674934387
1013,36,9,136,D:\Skripsi\Experiment\data\raw\RGB1\S36\AC9\RGB1_SUB36ACT9F136.jpg,1,1,0.5678884387016296
1014,36,9,151,D:\Skripsi\Experiment\data\raw\RGB1\S36\AC9\RGB1_SUB36ACT9F151.jpg,1,0,0.40037959814071655
1015,36,9,16,D:\Skripsi\Experiment\data\raw\RGB1\S36\AC9\RGB1_SUB36ACT9F16.jpg,1,1,0.5798503160476685
1016,36,9,31,D:\Skripsi\Experiment\data\raw\RGB1\S36\AC9\RGB1_SUB36ACT9F31.jpg,1,1,0.6233823895454407
1017,36,9,46,D:\Skripsi\Experiment\data\raw\RGB1\S36\AC9\RGB1_SUB36ACT9F46.jpg,1,1,0.5218356251716614
1018,36,9,61,D:\Skripsi\Experiment\data\raw\RGB1\S36\AC9\RGB1_SUB36ACT9F61.jpg,1,1,0.5008556246757507
1019,36,9,76,D:\Skripsi\Experiment\data\raw\RGB1\S36\AC9\RGB1_SUB36ACT9F76.jpg,1,1,0.5003400444984436
1020,36,9,91,D:\Skripsi\Experiment\data\raw\RGB1\S36\AC9\RGB1_SUB36ACT9F91.jpg,1,1,0.5891691446304321
1021,37,1,1,D:\Skripsi\Experiment\data\raw\RGB1\S37\AC1\RGB1_SUB37ACT1F1.jpg,0,1,0.5502115488052368
1022,37,1,106,D:\Skripsi\Experiment\data\raw\RGB1\S37\AC1\RGB1_SUB37ACT1F106.jpg,0,1,0.5307967662811279
1023,37,1,121,D:\Skripsi\Experiment\data\raw\RGB1\S37\AC1\RGB1_SUB37ACT1F121.jpg,0,1,0.5195438861846924
1024,37,1,136,D:\Skripsi\Experiment\data\raw\RGB1\S37\AC1\RGB1_SUB37ACT1F136.jpg,0,1,0.546004593372345
1025,37,1,16,D:\Skripsi\Experiment\data\raw\RGB1\S37\AC1\RGB1_SUB37ACT1F16.jpg,0,1,0.5105158090591431
1026,37,1,31,D:\Skripsi\Experiment\data\raw\RGB1\S37\AC1\RGB1_SUB37ACT1F31.jpg,0,1,0.5095599889755249
1027,37,1,46,D:\Skripsi\Experiment\data\raw\RGB1\S37\AC1\RGB1_SUB37ACT1F46.jpg,0,0,0.48909276723861694
1028,37,1,61,D:\Skripsi\Experiment\data\raw\RGB1\S37\AC1\RGB1_SUB37ACT1F61.jpg,0,0,0.48449504375457764
1029,37,1,76,D:\Skripsi\Experiment\data\raw\RGB1\S37\AC1\RGB1_SUB37ACT1F76.jpg,0,1,0.5353549122810364
1030,37,1,91,D:\Skripsi\Experiment\data\raw\RGB1\S37\AC1\RGB1_SUB37ACT1F91.jpg,0,1,0.5700669288635254
1031,37,5,1,D:\Skripsi\Experiment\data\raw\RGB1\S37\AC5\RGB1_SUB37ACT5F1.jpg,1,1,0.6134459972381592
1032,37,5,106,D:\Skripsi\Experiment\data\raw\RGB1\S37\AC5\RGB1_SUB37ACT5F106.jpg,1,1,0.5030277371406555
1033,37,5,121,D:\Skripsi\Experiment\data\raw\RGB1\S37\AC5\RGB1_SUB37ACT5F121.jpg,1,1,0.5180184841156006
1034,37,5,16,D:\Skripsi\Experiment\data\raw\RGB1\S37\AC5\RGB1_SUB37ACT5F16.jpg,1,1,0.5028673410415649
1035,37,5,31,D:\Skripsi\Experiment\data\raw\RGB1\S37\AC5\RGB1_SUB37ACT5F31.jpg,1,1,0.607257068157196
1036,37,5,46,D:\Skripsi\Experiment\data\raw\RGB1\S37\AC5\RGB1_SUB37ACT5F46.jpg,1,1,0.5814759731292725
1037,37,5,61,D:\Skripsi\Experiment\data\raw\RGB1\S37\AC5\RGB1_SUB37ACT5F61.jpg,1,1,0.5245590209960938
1038,37,5,76,D:\Skripsi\Experiment\data\raw\RGB1\S37\AC5\RGB1_SUB37ACT5F76.jpg,1,0,0.4760013520717621
1039,37,5,91,D:\Skripsi\Experiment\data\raw\RGB1\S37\AC5\RGB1_SUB37ACT5F91.jpg,1,0,0.47437775135040283
1040,37,6,1,D:\Skripsi\Experiment\data\raw\RGB1\S37\AC6\RGB1_SUB37ACT6F1.jpg,1,1,0.5808584690093994
1041,37,6,106,D:\Skripsi\Experiment\data\raw\RGB1\S37\AC6\RGB1_SUB37ACT6F106.jpg,1,1,0.629798948764801
1042,37,6,121,D:\Skripsi\Experiment\data\raw\RGB1\S37\AC6\RGB1_SUB37ACT6F121.jpg,1,1,0.5969913005828857
1043,37,6,136,D:\Skripsi\Experiment\data\raw\RGB1\S37\AC6\RGB1_SUB37ACT6F136.jpg,1,1,0.5240820646286011
1044,37,6,16,D:\Skripsi\Experiment\data\raw\RGB1\S37\AC6\RGB1_SUB37ACT6F16.jpg,1,1,0.6685775518417358
1045,37,6,31,D:\Skripsi\Experiment\data\raw\RGB1\S37\AC6\RGB1_SUB37ACT6F31.jpg,1,1,0.622048556804657
1046,37,6,46,D:\Skripsi\Experiment\data\raw\RGB1\S37\AC6\RGB1_SUB37ACT6F46.jpg,1,1,0.6547166109085083
1047,37,6,61,D:\Skripsi\Experiment\data\raw\RGB1\S37\AC6\RGB1_SUB37ACT6F61.jpg,1,1,0.6971288919448853
1048,37,6,76,D:\Skripsi\Experiment\data\raw\RGB1\S37\AC6\RGB1_SUB37ACT6F76.jpg,1,1,0.6218236684799194
1049,37,6,91,D:\Skripsi\Experiment\data\raw\RGB1\S37\AC6\RGB1_SUB37ACT6F91.jpg,1,1,0.5770662426948547
1050,37,7,1,D:\Skripsi\Experiment\data\raw\RGB1\S37\AC7\RGB1_SUB37ACT7F1.jpg,1,1,0.5056346654891968
1051,37,7,106,D:\Skripsi\Experiment\data\raw\RGB1\S37\AC7\RGB1_SUB37ACT7F106.jpg,1,1,0.7498343586921692
1052,37,7,121,D:\Skripsi\Experiment\data\raw\RGB1\S37\AC7\RGB1_SUB37ACT7F121.jpg,1,1,0.6482676863670349
1053,37,7,136,D:\Skripsi\Experiment\data\raw\RGB1\S37\AC7\RGB1_SUB37ACT7F136.jpg,1,1,0.7307945489883423
1054,37,7,151,D:\Skripsi\Experiment\data\raw\RGB1\S37\AC7\RGB1_SUB37ACT7F151.jpg,1,1,0.6357913613319397
1055,37,7,16,D:\Skripsi\Experiment\data\raw\RGB1\S37\AC7\RGB1_SUB37ACT7F16.jpg,1,1,0.609531044960022
1056,37,7,166,D:\Skripsi\Experiment\data\raw\RGB1\S37\AC7\RGB1_SUB37ACT7F166.jpg,1,1,0.5561327338218689
1057,37,7,31,D:\Skripsi\Experiment\data\raw\RGB1\S37\AC7\RGB1_SUB37ACT7F31.jpg,1,1,0.5310028195381165
1058,37,7,46,D:\Skripsi\Experiment\data\raw\RGB1\S37\AC7\RGB1_SUB37ACT7F46.jpg,1,1,0.5231032371520996
1059,37,7,61,D:\Skripsi\Experiment\data\raw\RGB1\S37\AC7\RGB1_SUB37ACT7F61.jpg,1,1,0.5704246759414673
1060,37,7,76,D:\Skripsi\Experiment\data\raw\RGB1\S37\AC7\RGB1_SUB37ACT7F76.jpg,1,1,0.6385484337806702
1061,37,7,91,D:\Skripsi\Experiment\data\raw\RGB1\S37\AC7\RGB1_SUB37ACT7F91.jpg,1,1,0.6839547157287598
1062,37,8,1,D:\Skripsi\Experiment\data\raw\RGB1\S37\AC8\RGB1_SUB37ACT8F1.jpg,1,1,0.6090590953826904
1063,37,8,106,D:\Skripsi\Experiment\data\raw\RGB1\S37\AC8\RGB1_SUB37ACT8F106.jpg,1,1,0.6793986558914185
1064,37,8,121,D:\Skripsi\Experiment\data\raw\RGB1\S37\AC8\RGB1_SUB37ACT8F121.jpg,1,1,0.6479690670967102
1065,37,8,136,D:\Skripsi\Experiment\data\raw\RGB1\S37\AC8\RGB1_SUB37ACT8F136.jpg,1,1,0.6054112911224365
1066,37,8,151,D:\Skripsi\Experiment\data\raw\RGB1\S37\AC8\RGB1_SUB37ACT8F151.jpg,1,1,0.6912785172462463
1067,37,8,16,D:\Skripsi\Experiment\data\raw\RGB1\S37\AC8\RGB1_SUB37ACT8F16.jpg,1,1,0.5657708644866943
1068,37,8,166,D:\Skripsi\Experiment\data\raw\RGB1\S37\AC8\RGB1_SUB37ACT8F166.jpg,1,1,0.5425763726234436
1069,37,8,31,D:\Skripsi\Experiment\data\raw\RGB1\S37\AC8\RGB1_SUB37ACT8F31.jpg,1,1,0.6374544501304626
1070,37,8,46,D:\Skripsi\Experiment\data\raw\RGB1\S37\AC8\RGB1_SUB37ACT8F46.jpg,1,1,0.627438485622406
1071,37,8,61,D:\Skripsi\Experiment\data\raw\RGB1\S37\AC8\RGB1_SUB37ACT8F61.jpg,1,1,0.5902041792869568
1072,37,8,76,D:\Skripsi\Experiment\data\raw\RGB1\S37\AC8\RGB1_SUB37ACT8F76.jpg,1,0,0.46539968252182007
1073,37,8,91,D:\Skripsi\Experiment\data\raw\RGB1\S37\AC8\RGB1_SUB37ACT8F91.jpg,1,0,0.4929645359516144
1074,37,9,1,D:\Skripsi\Experiment\data\raw\RGB1\S37\AC9\RGB1_SUB37ACT9F1.jpg,1,1,0.5359801650047302
1075,37,9,106,D:\Skripsi\Experiment\data\raw\RGB1\S37\AC9\RGB1_SUB37ACT9F106.jpg,1,1,0.6851380467414856
1076,37,9,121,D:\Skripsi\Experiment\data\raw\RGB1\S37\AC9\RGB1_SUB37ACT9F121.jpg,1,1,0.6326788663864136
1077,37,9,136,D:\Skripsi\Experiment\data\raw\RGB1\S37\AC9\RGB1_SUB37ACT9F136.jpg,1,1,0.5253086090087891
1078,37,9,151,D:\Skripsi\Experiment\data\raw\RGB1\S37\AC9\RGB1_SUB37ACT9F151.jpg,1,1,0.640211284160614
1079,37,9,16,D:\Skripsi\Experiment\data\raw\RGB1\S37\AC9\RGB1_SUB37ACT9F16.jpg,1,1,0.6203257441520691
1080,37,9,166,D:\Skripsi\Experiment\data\raw\RGB1\S37\AC9\RGB1_SUB37ACT9F166.jpg,1,0,0.4715143144130707
1081,37,9,31,D:\Skripsi\Experiment\data\raw\RGB1\S37\AC9\RGB1_SUB37ACT9F31.jpg,1,1,0.7098185420036316
1082,37,9,46,D:\Skripsi\Experiment\data\raw\RGB1\S37\AC9\RGB1_SUB37ACT9F46.jpg,1,1,0.6526435613632202
1083,37,9,61,D:\Skripsi\Experiment\data\raw\RGB1\S37\AC9\RGB1_SUB37ACT9F61.jpg,1,1,0.6402664184570312
1084,37,9,76,D:\Skripsi\Experiment\data\raw\RGB1\S37\AC9\RGB1_SUB37ACT9F76.jpg,1,1,0.6160874366760254
1085,37,9,91,D:\Skripsi\Experiment\data\raw\RGB1\S37\AC9\RGB1_SUB37ACT9F91.jpg,1,1,0.6780742406845093
1086,38,1,1,D:\Skripsi\Experiment\data\raw\RGB1\S38\AC1\RGB1_SUB38ACT1F1.jpg,0,1,0.5112118721008301
1087,38,1,106,D:\Skripsi\Experiment\data\raw\RGB1\S38\AC1\RGB1_SUB38ACT1F106.jpg,0,0,0.47303879261016846
1088,38,1,121,D:\Skripsi\Experiment\data\raw\RGB1\S38\AC1\RGB1_SUB38ACT1F121.jpg,0,0,0.45688071846961975
1089,38,1,16,D:\Skripsi\Experiment\data\raw\RGB1\S38\AC1\RGB1_SUB38ACT1F16.jpg,0,0,0.4993102252483368
1090,38,1,31,D:\Skripsi\Experiment\data\raw\RGB1\S38\AC1\RGB1_SUB38ACT1F31.jpg,0,0,0.4704551696777344
1091,38,1,46,D:\Skripsi\Experiment\data\raw\RGB1\S38\AC1\RGB1_SUB38ACT1F46.jpg,0,1,0.5174671411514282
1092,38,1,61,D:\Skripsi\Experiment\data\raw\RGB1\S38\AC1\RGB1_SUB38ACT1F61.jpg,0,1,0.5371121764183044
1093,38,1,76,D:\Skripsi\Experiment\data\raw\RGB1\S38\AC1\RGB1_SUB38ACT1F76.jpg,0,1,0.5711289048194885
1094,38,1,91,D:\Skripsi\Experiment\data\raw\RGB1\S38\AC1\RGB1_SUB38ACT1F91.jpg,0,1,0.5477499961853027
1095,38,5,1,D:\Skripsi\Experiment\data\raw\RGB1\S38\AC5\RGB1_SUB38ACT5F1.jpg,1,1,0.5308297276496887
1096,38,5,106,D:\Skripsi\Experiment\data\raw\RGB1\S38\AC5\RGB1_SUB38ACT5F106.jpg,1,0,0.4663247764110565
1097,38,5,16,D:\Skripsi\Experiment\data\raw\RGB1\S38\AC5\RGB1_SUB38ACT5F16.jpg,1,1,0.5154694318771362
1098,38,5,31,D:\Skripsi\Experiment\data\raw\RGB1\S38\AC5\RGB1_SUB38ACT5F31.jpg,1,0,0.4923013746738434
1099,38,5,46,D:\Skripsi\Experiment\data\raw\RGB1\S38\AC5\RGB1_SUB38ACT5F46.jpg,1,1,0.5481983423233032
1100,38,5,61,D:\Skripsi\Experiment\data\raw\RGB1\S38\AC5\RGB1_SUB38ACT5F61.jpg,1,1,0.5649508237838745
1101,38,5,76,D:\Skripsi\Experiment\data\raw\RGB1\S38\AC5\RGB1_SUB38ACT5F76.jpg,1,0,0.4841006100177765
1102,38,5,91,D:\Skripsi\Experiment\data\raw\RGB1\S38\AC5\RGB1_SUB38ACT5F91.jpg,1,0,0.4149476885795593
1103,38,6,1,D:\Skripsi\Experiment\data\raw\RGB1\S38\AC6\RGB1_SUB38ACT6F1.jpg,1,1,0.5457987189292908
1104,38,6,106,D:\Skripsi\Experiment\data\raw\RGB1\S38\AC6\RGB1_SUB38ACT6F106.jpg,1,1,0.580673098564148
1105,38,6,16,D:\Skripsi\Experiment\data\raw\RGB1\S38\AC6\RGB1_SUB38ACT6F16.jpg,1,1,0.5527863502502441
1106,38,6,31,D:\Skripsi\Experiment\data\raw\RGB1\S38\AC6\RGB1_SUB38ACT6F31.jpg,1,0,0.4739471971988678
1107,38,6,46,D:\Skripsi\Experiment\data\raw\RGB1\S38\AC6\RGB1_SUB38ACT6F46.jpg,1,1,0.5673723220825195
1108,38,6,61,D:\Skripsi\Experiment\data\raw\RGB1\S38\AC6\RGB1_SUB38ACT6F61.jpg,1,1,0.5439844727516174
1109,38,6,76,D:\Skripsi\Experiment\data\raw\RGB1\S38\AC6\RGB1_SUB38ACT6F76.jpg,1,0,0.4885103404521942
1110,38,6,91,D:\Skripsi\Experiment\data\raw\RGB1\S38\AC6\RGB1_SUB38ACT6F91.jpg,1,1,0.5656532049179077
1111,38,7,1,D:\Skripsi\Experiment\data\raw\RGB1\S38\AC7\RGB1_SUB38ACT7F1.jpg,1,1,0.6265907883644104
1112,38,7,106,D:\Skripsi\Experiment\data\raw\RGB1\S38\AC7\RGB1_SUB38ACT7F106.jpg,1,1,0.5360406041145325
1113,38,7,121,D:\Skripsi\Experiment\data\raw\RGB1\S38\AC7\RGB1_SUB38ACT7F121.jpg,1,0,0.4846714735031128
1114,38,7,16,D:\Skripsi\Experiment\data\raw\RGB1\S38\AC7\RGB1_SUB38ACT7F16.jpg,1,1,0.6074458956718445
1115,38,7,31,D:\Skripsi\Experiment\data\raw\RGB1\S38\AC7\RGB1_SUB38ACT7F31.jpg,1,1,0.6794103980064392
1116,38,7,46,D:\Skripsi\Experiment\data\raw\RGB1\S38\AC7\RGB1_SUB38ACT7F46.jpg,1,1,0.536636471748352
1117,38,7,61,D:\Skripsi\Experiment\data\raw\RGB1\S38\AC7\RGB1_SUB38ACT7F61.jpg,1,0,0.4618663191795349
1118,38,7,76,D:\Skripsi\Experiment\data\raw\RGB1\S38\AC7\RGB1_SUB38ACT7F76.jpg,1,0,0.4689903259277344
1119,38,7,91,D:\Skripsi\Experiment\data\raw\RGB1\S38\AC7\RGB1_SUB38ACT7F91.jpg,1,0,0.4033060669898987
1120,38,8,1,D:\Skripsi\Experiment\data\raw\RGB1\S38\AC8\RGB1_SUB38ACT8F1.jpg,1,1,0.7006254196166992
1121,38,8,106,D:\Skripsi\Experiment\data\raw\RGB1\S38\AC8\RGB1_SUB38ACT8F106.jpg,1,1,0.6343556642532349
1122,38,8,121,D:\Skripsi\Experiment\data\raw\RGB1\S38\AC8\RGB1_SUB38ACT8F121.jpg,1,1,0.5463880300521851
1123,38,8,16,D:\Skripsi\Experiment\data\raw\RGB1\S38\AC8\RGB1_SUB38ACT8F16.jpg,1,1,0.6188135743141174
1124,38,8,31,D:\Skripsi\Experiment\data\raw\RGB1\S38\AC8\RGB1_SUB38ACT8F31.jpg,1,1,0.6332133412361145
1125,38,8,46,D:\Skripsi\Experiment\data\raw\RGB1\S38\AC8\RGB1_SUB38ACT8F46.jpg,1,1,0.6834861040115356
1126,38,8,61,D:\Skripsi\Experiment\data\raw\RGB1\S38\AC8\RGB1_SUB38ACT8F61.jpg,1,1,0.691604733467102
1127,38,8,76,D:\Skripsi\Experiment\data\raw\RGB1\S38\AC8\RGB1_SUB38ACT8F76.jpg,1,1,0.6863572597503662
1128,38,8,91,D:\Skripsi\Experiment\data\raw\RGB1\S38\AC8\RGB1_SUB38ACT8F91.jpg,1,1,0.7464808821678162
1129,38,9,1,D:\Skripsi\Experiment\data\raw\RGB1\S38\AC9\RGB1_SUB38ACT9F1.jpg,1,1,0.5756272673606873
1130,38,9,106,D:\Skripsi\Experiment\data\raw\RGB1\S38\AC9\RGB1_SUB38ACT9F106.jpg,1,1,0.5512273907661438
1131,38,9,121,D:\Skripsi\Experiment\data\raw\RGB1\S38\AC9\RGB1_SUB38ACT9F121.jpg,1,1,0.5820622444152832
1132,38,9,16,D:\Skripsi\Experiment\data\raw\RGB1\S38\AC9\RGB1_SUB38ACT9F16.jpg,1,1,0.5208059549331665
1133,38,9,31,D:\Skripsi\Experiment\data\raw\RGB1\S38\AC9\RGB1_SUB38ACT9F31.jpg,1,1,0.5082642436027527
1134,38,9,46,D:\Skripsi\Experiment\data\raw\RGB1\S38\AC9\RGB1_SUB38ACT9F46.jpg,1,1,0.5774891972541809
1135,38,9,61,D:\Skripsi\Experiment\data\raw\RGB1\S38\AC9\RGB1_SUB38ACT9F61.jpg,1,1,0.5995262861251831
1136,38,9,76,D:\Skripsi\Experiment\data\raw\RGB1\S38\AC9\RGB1_SUB38ACT9F76.jpg,1,1,0.5493316054344177
1137,38,9,91,D:\Skripsi\Experiment\data\raw\RGB1\S38\AC9\RGB1_SUB38ACT9F91.jpg,1,1,0.620194673538208
1138,39,1,1,D:\Skripsi\Experiment\data\raw\RGB1\S39\AC1\RGB1_SUB39ACT1F1.jpg,0,1,0.6174238324165344
1139,39,1,16,D:\Skripsi\Experiment\data\raw\RGB1\S39\AC1\RGB1_SUB39ACT1F16.jpg,0,1,0.6203135251998901
1140,39,1,31,D:\Skripsi\Experiment\data\raw\RGB1\S39\AC1\RGB1_SUB39ACT1F31.jpg,0,1,0.528645396232605
1141,39,1,46,D:\Skripsi\Experiment\data\raw\RGB1\S39\AC1\RGB1_SUB39ACT1F46.jpg,0,1,0.519943118095398
1142,39,1,61,D:\Skripsi\Experiment\data\raw\RGB1\S39\AC1\RGB1_SUB39ACT1F61.jpg,0,1,0.5451432466506958
1143,39,1,76,D:\Skripsi\Experiment\data\raw\RGB1\S39\AC1\RGB1_SUB39ACT1F76.jpg,0,1,0.5986247658729553
1144,39,1,91,D:\Skripsi\Experiment\data\raw\RGB1\S39\AC1\RGB1_SUB39ACT1F91.jpg,0,1,0.5365589261054993
1145,39,5,1,D:\Skripsi\Experiment\data\raw\RGB1\S39\AC5\RGB1_SUB39ACT5F1.jpg,1,0,0.48603156208992004
1146,39,5,16,D:\Skripsi\Experiment\data\raw\RGB1\S39\AC5\RGB1_SUB39ACT5F16.jpg,1,1,0.6392163634300232
1147,39,5,31,D:\Skripsi\Experiment\data\raw\RGB1\S39\AC5\RGB1_SUB39ACT5F31.jpg,1,0,0.47752293944358826
1148,39,5,46,D:\Skripsi\Experiment\data\raw\RGB1\S39\AC5\RGB1_SUB39ACT5F46.jpg,1,1,0.5247794389724731
1149,39,5,61,D:\Skripsi\Experiment\data\raw\RGB1\S39\AC5\RGB1_SUB39ACT5F61.jpg,1,1,0.526723325252533
1150,39,5,76,D:\Skripsi\Experiment\data\raw\RGB1\S39\AC5\RGB1_SUB39ACT5F76.jpg,1,0,0.4905872642993927
1151,39,5,91,D:\Skripsi\Experiment\data\raw\RGB1\S39\AC5\RGB1_SUB39ACT5F91.jpg,1,0,0.3822796046733856
1152,39,6,1,D:\Skripsi\Experiment\data\raw\RGB1\S39\AC6\RGB1_SUB39ACT6F1.jpg,1,1,0.5753596425056458
1153,39,6,106,D:\Skripsi\Experiment\data\raw\RGB1\S39\AC6\RGB1_SUB39ACT6F106.jpg,1,1,0.607305109500885
1154,39,6,16,D:\Skripsi\Experiment\data\raw\RGB1\S39\AC6\RGB1_SUB39ACT6F16.jpg,1,1,0.5631349086761475
1155,39,6,31,D:\Skripsi\Experiment\data\raw\RGB1\S39\AC6\RGB1_SUB39ACT6F31.jpg,1,1,0.5302338004112244
1156,39,6,46,D:\Skripsi\Experiment\data\raw\RGB1\S39\AC6\RGB1_SUB39ACT6F46.jpg,1,1,0.5671125650405884
1157,39,6,61,D:\Skripsi\Experiment\data\raw\RGB1\S39\AC6\RGB1_SUB39ACT6F61.jpg,1,1,0.5357038974761963
1158,39,6,76,D:\Skripsi\Experiment\data\raw\RGB1\S39\AC6\RGB1_SUB39ACT6F76.jpg,1,1,0.5429455637931824
1159,39,6,91,D:\Skripsi\Experiment\data\raw\RGB1\S39\AC6\RGB1_SUB39ACT6F91.jpg,1,1,0.6026015877723694
1160,39,7,1,D:\Skripsi\Experiment\data\raw\RGB1\S39\AC7\RGB1_SUB39ACT7F1.jpg,1,0,0.4902936816215515
1161,39,7,16,D:\Skripsi\Experiment\data\raw\RGB1\S39\AC7\RGB1_SUB39ACT7F16.jpg,1,0,0.46938252449035645
1162,39,7,31,D:\Skripsi\Experiment\data\raw\RGB1\S39\AC7\RGB1_SUB39ACT7F31.jpg,1,0,0.4422512948513031
1163,39,7,46,D:\Skripsi\Experiment\data\raw\RGB1\S39\AC7\RGB1_SUB39ACT7F46.jpg,1,1,0.5746986865997314
1164,39,7,61,D:\Skripsi\Experiment\data\raw\RGB1\S39\AC7\RGB1_SUB39ACT7F61.jpg,1,0,0.493356317281723
1165,39,7,76,D:\Skripsi\Experiment\data\raw\RGB1\S39\AC7\RGB1_SUB39ACT7F76.jpg,1,1,0.696508526802063
1166,39,7,91,D:\Skripsi\Experiment\data\raw\RGB1\S39\AC7\RGB1_SUB39ACT7F91.jpg,1,0,0.4718138873577118
1167,39,8,1,D:\Skripsi\Experiment\data\raw\RGB1\S39\AC8\RGB1_SUB39ACT8F1.jpg,1,1,0.6265668869018555
1168,39,8,106,D:\Skripsi\Experiment\data\raw\RGB1\S39\AC8\RGB1_SUB39ACT8F106.jpg,1,1,0.5305266380310059
1169,39,8,121,D:\Skripsi\Experiment\data\raw\RGB1\S39\AC8\RGB1_SUB39ACT8F121.jpg,1,1,0.5539100766181946
1170,39,8,136,D:\Skripsi\Experiment\data\raw\RGB1\S39\AC8\RGB1_SUB39ACT8F136.jpg,1,1,0.6743099093437195
1171,39,8,16,D:\Skripsi\Experiment\data\raw\RGB1\S39\AC8\RGB1_SUB39ACT8F16.jpg,1,1,0.6508787870407104
1172,39,8,31,D:\Skripsi\Experiment\data\raw\RGB1\S39\AC8\RGB1_SUB39ACT8F31.jpg,1,1,0.6043973565101624
1173,39,8,46,D:\Skripsi\Experiment\data\raw\RGB1\S39\AC8\RGB1_SUB39ACT8F46.jpg,1,1,0.5526371598243713
1174,39,8,61,D:\Skripsi\Experiment\data\raw\RGB1\S39\AC8\RGB1_SUB39ACT8F61.jpg,1,1,0.5431936979293823
1175,39,8,76,D:\Skripsi\Experiment\data\raw\RGB1\S39\AC8\RGB1_SUB39ACT8F76.jpg,1,1,0.7256153225898743
1176,39,8,91,D:\Skripsi\Experiment\data\raw\RGB1\S39\AC8\RGB1_SUB39ACT8F91.jpg,1,0,0.4412193298339844
1177,39,9,1,D:\Skripsi\Experiment\data\raw\RGB1\S39\AC9\RGB1_SUB39ACT9F1.jpg,1,1,0.5669689178466797
1178,39,9,106,D:\Skripsi\Experiment\data\raw\RGB1\S39\AC9\RGB1_SUB39ACT9F106.jpg,1,0,0.4165422022342682
1179,39,9,121,D:\Skripsi\Experiment\data\raw\RGB1\S39\AC9\RGB1_SUB39ACT9F121.jpg,1,0,0.4691098928451538
1180,39,9,16,D:\Skripsi\Experiment\data\raw\RGB1\S39\AC9\RGB1_SUB39ACT9F16.jpg,1,1,0.5525577664375305
1181,39,9,31,D:\Skripsi\Experiment\data\raw\RGB1\S39\AC9\RGB1_SUB39ACT9F31.jpg,1,1,0.5049412250518799
1182,39,9,46,D:\Skripsi\Experiment\data\raw\RGB1\S39\AC9\RGB1_SUB39ACT9F46.jpg,1,1,0.6093769669532776
1183,39,9,61,D:\Skripsi\Experiment\data\raw\RGB1\S39\AC9\RGB1_SUB39ACT9F61.jpg,1,0,0.47426265478134155
1184,39,9,76,D:\Skripsi\Experiment\data\raw\RGB1\S39\AC9\RGB1_SUB39ACT9F76.jpg,1,1,0.5520544648170471
1185,39,9,91,D:\Skripsi\Experiment\data\raw\RGB1\S39\AC9\RGB1_SUB39ACT9F91.jpg,1,1,0.6014273762702942
1186,40,1,1,D:\Skripsi\Experiment\data\raw\RGB1\S40\AC1\RGB1_SUB40ACT1F1.jpg,0,1,0.5754626989364624
1187,40,1,106,D:\Skripsi\Experiment\data\raw\RGB1\S40\AC1\RGB1_SUB40ACT1F106.jpg,0,0,0.4696888029575348
1188,40,1,121,D:\Skripsi\Experiment\data\raw\RGB1\S40\AC1\RGB1_SUB40ACT1F121.jpg,0,0,0.4634314477443695
1189,40,1,16,D:\Skripsi\Experiment\data\raw\RGB1\S40\AC1\RGB1_SUB40ACT1F16.jpg,0,1,0.5122961401939392
1190,40,1,31,D:\Skripsi\Experiment\data\raw\RGB1\S40\AC1\RGB1_SUB40ACT1F31.jpg,0,0,0.42981529235839844
1191,40,1,46,D:\Skripsi\Experiment\data\raw\RGB1\S40\AC1\RGB1_SUB40ACT1F46.jpg,0,0,0.4168316721916199
1192,40,1,61,D:\Skripsi\Experiment\data\raw\RGB1\S40\AC1\RGB1_SUB40ACT1F61.jpg,0,1,0.5636821985244751
1193,40,1,76,D:\Skripsi\Experiment\data\raw\RGB1\S40\AC1\RGB1_SUB40ACT1F76.jpg,0,1,0.5061026215553284
1194,40,1,91,D:\Skripsi\Experiment\data\raw\RGB1\S40\AC1\RGB1_SUB40ACT1F91.jpg,0,1,0.5395159721374512
1195,40,5,1,D:\Skripsi\Experiment\data\raw\RGB1\S40\AC5\RGB1_SUB40ACT5F1.jpg,1,1,0.6368753910064697
1196,40,5,106,D:\Skripsi\Experiment\data\raw\RGB1\S40\AC5\RGB1_SUB40ACT5F106.jpg,1,1,0.5202678442001343
1197,40,5,16,D:\Skripsi\Experiment\data\raw\RGB1\S40\AC5\RGB1_SUB40ACT5F16.jpg,1,1,0.6187878251075745
1198,40,5,31,D:\Skripsi\Experiment\data\raw\RGB1\S40\AC5\RGB1_SUB40ACT5F31.jpg,1,1,0.5925795435905457
1199,40,5,46,D:\Skripsi\Experiment\data\raw\RGB1\S40\AC5\RGB1_SUB40ACT5F46.jpg,1,1,0.5167899131774902
1200,40,5,61,D:\Skripsi\Experiment\data\raw\RGB1\S40\AC5\RGB1_SUB40ACT5F61.jpg,1,0,0.4809487462043762
1201,40,5,76,D:\Skripsi\Experiment\data\raw\RGB1\S40\AC5\RGB1_SUB40ACT5F76.jpg,1,1,0.5019052028656006
1202,40,5,91,D:\Skripsi\Experiment\data\raw\RGB1\S40\AC5\RGB1_SUB40ACT5F91.jpg,1,0,0.46237713098526
1203,40,6,1,D:\Skripsi\Experiment\data\raw\RGB1\S40\AC6\RGB1_SUB40ACT6F1.jpg,1,0,0.48361942172050476
1204,40,6,106,D:\Skripsi\Experiment\data\raw\RGB1\S40\AC6\RGB1_SUB40ACT6F106.jpg,1,0,0.38828960061073303
1205,40,6,121,D:\Skripsi\Experiment\data\raw\RGB1\S40\AC6\RGB1_SUB40ACT6F121.jpg,1,0,0.4568113088607788
1206,40,6,136,D:\Skripsi\Experiment\data\raw\RGB1\S40\AC6\RGB1_SUB40ACT6F136.jpg,1,0,0.4719347059726715
1207,40,6,16,D:\Skripsi\Experiment\data\raw\RGB1\S40\AC6\RGB1_SUB40ACT6F16.jpg,1,0,0.3173641562461853
1208,40,6,31,D:\Skripsi\Experiment\data\raw\RGB1\S40\AC6\RGB1_SUB40ACT6F31.jpg,1,0,0.3368341624736786
1209,40,6,46,D:\Skripsi\Experiment\data\raw\RGB1\S40\AC6\RGB1_SUB40ACT6F46.jpg,1,0,0.4120846092700958
1210,40,6,61,D:\Skripsi\Experiment\data\raw\RGB1\S40\AC6\RGB1_SUB40ACT6F61.jpg,1,0,0.2911200523376465
1211,40,6,76,D:\Skripsi\Experiment\data\raw\RGB1\S40\AC6\RGB1_SUB40ACT6F76.jpg,1,0,0.33034786581993103
1212,40,6,91,D:\Skripsi\Experiment\data\raw\RGB1\S40\AC6\RGB1_SUB40ACT6F91.jpg,1,0,0.39220407605171204
1213,40,7,1,D:\Skripsi\Experiment\data\raw\RGB1\S40\AC7\RGB1_SUB40ACT7F1.jpg,1,1,0.5145294070243835
1214,40,7,106,D:\Skripsi\Experiment\data\raw\RGB1\S40\AC7\RGB1_SUB40ACT7F106.jpg,1,0,0.47554898262023926
1215,40,7,121,D:\Skripsi\Experiment\data\raw\RGB1\S40\AC7\RGB1_SUB40ACT7F121.jpg,1,1,0.5220714211463928
1216,40,7,136,D:\Skripsi\Experiment\data\raw\RGB1\S40\AC7\RGB1_SUB40ACT7F136.jpg,1,0,0.4639124274253845
1217,40,7,151,D:\Skripsi\Experiment\data\raw\RGB1\S40\AC7\RGB1_SUB40ACT7F151.jpg,1,1,0.5259382724761963
1218,40,7,16,D:\Skripsi\Experiment\data\raw\RGB1\S40\AC7\RGB1_SUB40ACT7F16.jpg,1,0,0.31241631507873535
1219,40,7,166,D:\Skripsi\Experiment\data\raw\RGB1\S40\AC7\RGB1_SUB40ACT7F166.jpg,1,0,0.4705873429775238
1220,40,7,181,D:\Skripsi\Experiment\data\raw\RGB1\S40\AC7\RGB1_SUB40ACT7F181.jpg,1,0,0.4743782877922058
1221,40,7,196,D:\Skripsi\Experiment\data\raw\RGB1\S40\AC7\RGB1_SUB40ACT7F196.jpg,1,1,0.6230124831199646
1222,40,7,211,D:\Skripsi\Experiment\data\raw\RGB1\S40\AC7\RGB1_SUB40ACT7F211.jpg,1,1,0.5798323750495911
1223,40,7,226,D:\Skripsi\Experiment\data\raw\RGB1\S40\AC7\RGB1_SUB40ACT7F226.jpg,1,1,0.5874764323234558
1224,40,7,31,D:\Skripsi\Experiment\data\raw\RGB1\S40\AC7\RGB1_SUB40ACT7F31.jpg,1,0,0.37330329418182373
1225,40,7,46,D:\Skripsi\Experiment\data\raw\RGB1\S40\AC7\RGB1_SUB40ACT7F46.jpg,1,1,0.5918585658073425
1226,40,7,61,D:\Skripsi\Experiment\data\raw\RGB1\S40\AC7\RGB1_SUB40ACT7F61.jpg,1,1,0.5184715390205383
1227,40,7,76,D:\Skripsi\Experiment\data\raw\RGB1\S40\AC7\RGB1_SUB40ACT7F76.jpg,1,0,0.4858970642089844
1228,40,7,91,D:\Skripsi\Experiment\data\raw\RGB1\S40\AC7\RGB1_SUB40ACT7F91.jpg,1,0,0.46210771799087524
1229,40,8,1,D:\Skripsi\Experiment\data\raw\RGB1\S40\AC8\RGB1_SUB40ACT8F1.jpg,1,0,0.4943002462387085
1230,40,8,106,D:\Skripsi\Experiment\data\raw\RGB1\S40\AC8\RGB1_SUB40ACT8F106.jpg,1,0,0.4828330874443054
1231,40,8,121,D:\Skripsi\Experiment\data\raw\RGB1\S40\AC8\RGB1_SUB40ACT8F121.jpg,1,1,0.5006442666053772
1232,40,8,136,D:\Skripsi\Experiment\data\raw\RGB1\S40\AC8\RGB1_SUB40ACT8F136.jpg,1,0,0.45396170020103455
1233,40,8,151,D:\Skripsi\Experiment\data\raw\RGB1\S40\AC8\RGB1_SUB40ACT8F151.jpg,1,0,0.3550606966018677
1234,40,8,16,D:\Skripsi\Experiment\data\raw\RGB1\S40\AC8\RGB1_SUB40ACT8F16.jpg,1,1,0.560766875743866
1235,40,8,166,D:\Skripsi\Experiment\data\raw\RGB1\S40\AC8\RGB1_SUB40ACT8F166.jpg,1,0,0.4018767476081848
1236,40,8,181,D:\Skripsi\Experiment\data\raw\RGB1\S40\AC8\RGB1_SUB40ACT8F181.jpg,1,0,0.43856877088546753
1237,40,8,31,D:\Skripsi\Experiment\data\raw\RGB1\S40\AC8\RGB1_SUB40ACT8F31.jpg,1,1,0.6551516652107239
1238,40,8,46,D:\Skripsi\Experiment\data\raw\RGB1\S40\AC8\RGB1_SUB40ACT8F46.jpg,1,1,0.5696620941162109
1239,40,8,61,D:\Skripsi\Experiment\data\raw\RGB1\S40\AC8\RGB1_SUB40ACT8F61.jpg,1,0,0.4425424635410309
1240,40,8,76,D:\Skripsi\Experiment\data\raw\RGB1\S40\AC8\RGB1_SUB40ACT8F76.jpg,1,1,0.5020760297775269
1241,40,8,91,D:\Skripsi\Experiment\data\raw\RGB1\S40\AC8\RGB1_SUB40ACT8F91.jpg,1,0,0.4764094650745392
1242,40,9,1,D:\Skripsi\Experiment\data\raw\RGB1\S40\AC9\RGB1_SUB40ACT9F1.jpg,1,1,0.5240851640701294
1243,40,9,106,D:\Skripsi\Experiment\data\raw\RGB1\S40\AC9\RGB1_SUB40ACT9F106.jpg,1,0,0.42767223715782166
1244,40,9,121,D:\Skripsi\Experiment\data\raw\RGB1\S40\AC9\RGB1_SUB40ACT9F121.jpg,1,0,0.4106578826904297
1245,40,9,136,D:\Skripsi\Experiment\data\raw\RGB1\S40\AC9\RGB1_SUB40ACT9F136.jpg,1,1,0.5366433262825012
1246,40,9,16,D:\Skripsi\Experiment\data\raw\RGB1\S40\AC9\RGB1_SUB40ACT9F16.jpg,1,1,0.539320707321167
1247,40,9,31,D:\Skripsi\Experiment\data\raw\RGB1\S40\AC9\RGB1_SUB40ACT9F31.jpg,1,1,0.5802648663520813
1248,40,9,46,D:\Skripsi\Experiment\data\raw\RGB1\S40\AC9\RGB1_SUB40ACT9F46.jpg,1,0,0.47683945298194885
1249,40,9,61,D:\Skripsi\Experiment\data\raw\RGB1\S40\AC9\RGB1_SUB40ACT9F61.jpg,1,1,0.5536090731620789
1250,40,9,76,D:\Skripsi\Experiment\data\raw\RGB1\S40\AC9\RGB1_SUB40ACT9F76.jpg,1,1,0.5082721710205078
1251,40,9,91,D:\Skripsi\Experiment\data\raw\RGB1\S40\AC9\RGB1_SUB40ACT9F91.jpg,1,0,0.46804866194725037
1252,43,1,1,D:\Skripsi\Experiment\data\raw\RGB1\S43\AC1\RGB1_SUB43ACT1F1.jpg,0,1,0.5888339281082153
1253,43,1,106,D:\Skripsi\Experiment\data\raw\RGB1\S43\AC1\RGB1_SUB43ACT1F106.jpg,0,1,0.6591559052467346
1254,43,1,121,D:\Skripsi\Experiment\data\raw\RGB1\S43\AC1\RGB1_SUB43ACT1F121.jpg,0,1,0.59897381067276
1255,43,1,136,D:\Skripsi\Experiment\data\raw\RGB1\S43\AC1\RGB1_SUB43ACT1F136.jpg,0,0,0.48170801997184753
1256,43,1,151,D:\Skripsi\Experiment\data\raw\RGB1\S43\AC1\RGB1_SUB43ACT1F151.jpg,0,0,0.47908204793930054
1257,43,1,16,D:\Skripsi\Experiment\data\raw\RGB1\S43\AC1\RGB1_SUB43ACT1F16.jpg,0,1,0.6103183031082153
1258,43,1,166,D:\Skripsi\Experiment\data\raw\RGB1\S43\AC1\RGB1_SUB43ACT1F166.jpg,0,0,0.4534889757633209
1259,43,1,181,D:\Skripsi\Experiment\data\raw\RGB1\S43\AC1\RGB1_SUB43ACT1F181.jpg,0,0,0.41214147210121155
1260,43,1,31,D:\Skripsi\Experiment\data\raw\RGB1\S43\AC1\RGB1_SUB43ACT1F31.jpg,0,1,0.5765079259872437
1261,43,1,46,D:\Skripsi\Experiment\data\raw\RGB1\S43\AC1\RGB1_SUB43ACT1F46.jpg,0,1,0.5512738227844238
1262,43,1,61,D:\Skripsi\Experiment\data\raw\RGB1\S43\AC1\RGB1_SUB43ACT1F61.jpg,0,1,0.5847034454345703
1263,43,1,76,D:\Skripsi\Experiment\data\raw\RGB1\S43\AC1\RGB1_SUB43ACT1F76.jpg,0,1,0.6214476227760315
1264,43,1,91,D:\Skripsi\Experiment\data\raw\RGB1\S43\AC1\RGB1_SUB43ACT1F91.jpg,0,1,0.6299178004264832
1265,43,5,1,D:\Skripsi\Experiment\data\raw\RGB1\S43\AC5\RGB1_SUB43ACT5F1.jpg,1,1,0.517596960067749
1266,43,5,106,D:\Skripsi\Experiment\data\raw\RGB1\S43\AC5\RGB1_SUB43ACT5F106.jpg,1,0,0.47450873255729675
1267,43,5,121,D:\Skripsi\Experiment\data\raw\RGB1\S43\AC5\RGB1_SUB43ACT5F121.jpg,1,1,0.5396993160247803
1268,43,5,136,D:\Skripsi\Experiment\data\raw\RGB1\S43\AC5\RGB1_SUB43ACT5F136.jpg,1,0,0.3576711118221283
1269,43,5,151,D:\Skripsi\Experiment\data\raw\RGB1\S43\AC5\RGB1_SUB43ACT5F151.jpg,1,1,0.520610511302948
1270,43,5,16,D:\Skripsi\Experiment\data\raw\RGB1\S43\AC5\RGB1_SUB43ACT5F16.jpg,1,1,0.5086233615875244
1271,43,5,166,D:\Skripsi\Experiment\data\raw\RGB1\S43\AC5\RGB1_SUB43ACT5F166.jpg,1,1,0.5040085911750793
1272,43,5,181,D:\Skripsi\Experiment\data\raw\RGB1\S43\AC5\RGB1_SUB43ACT5F181.jpg,1,1,0.5233167409896851
1273,43,5,31,D:\Skripsi\Experiment\data\raw\RGB1\S43\AC5\RGB1_SUB43ACT5F31.jpg,1,1,0.5283807516098022
1274,43,5,46,D:\Skripsi\Experiment\data\raw\RGB1\S43\AC5\RGB1_SUB43ACT5F46.jpg,1,1,0.6541215777397156
1275,43,5,61,D:\Skripsi\Experiment\data\raw\RGB1\S43\AC5\RGB1_SUB43ACT5F61.jpg,1,1,0.5510550141334534
1276,43,5,76,D:\Skripsi\Experiment\data\raw\RGB1\S43\AC5\RGB1_SUB43ACT5F76.jpg,1,1,0.6454702615737915
1277,43,5,91,D:\Skripsi\Experiment\data\raw\RGB1\S43\AC5\RGB1_SUB43ACT5F91.jpg,1,1,0.6429441571235657
1278,43,6,1,D:\Skripsi\Experiment\data\raw\RGB1\S43\AC6\RGB1_SUB43ACT6F1.jpg,1,0,0.42902493476867676
1279,43,6,106,D:\Skripsi\Experiment\data\raw\RGB1\S43\AC6\RGB1_SUB43ACT6F106.jpg,1,1,0.6611915826797485
1280,43,6,121,D:\Skripsi\Experiment\data\raw\RGB1\S43\AC6\RGB1_SUB43ACT6F121.jpg,1,1,0.6766706705093384
1281,43,6,136,D:\Skripsi\Experiment\data\raw\RGB1\S43\AC6\RGB1_SUB43ACT6F136.jpg,1,1,0.621952474117279
1282,43,6,151,D:\Skripsi\Experiment\data\raw\RGB1\S43\AC6\RGB1_SUB43ACT6F151.jpg,1,1,0.5163464546203613
1283,43,6,16,D:\Skripsi\Experiment\data\raw\RGB1\S43\AC6\RGB1_SUB43ACT6F16.jpg,1,0,0.4467654824256897
1284,43,6,166,D:\Skripsi\Experiment\data\raw\RGB1\S43\AC6\RGB1_SUB43ACT6F166.jpg,1,1,0.5943080186843872
1285,43,6,181,D:\Skripsi\Experiment\data\raw\RGB1\S43\AC6\RGB1_SUB43ACT6F181.jpg,1,1,0.566290020942688
1286,43,6,196,D:\Skripsi\Experiment\data\raw\RGB1\S43\AC6\RGB1_SUB43ACT6F196.jpg,1,1,0.6384308934211731
1287,43,6,31,D:\Skripsi\Experiment\data\raw\RGB1\S43\AC6\RGB1_SUB43ACT6F31.jpg,1,1,0.5103146433830261
1288,43,6,46,D:\Skripsi\Experiment\data\raw\RGB1\S43\AC6\RGB1_SUB43ACT6F46.jpg,1,1,0.544596254825592
1289,43,6,61,D:\Skripsi\Experiment\data\raw\RGB1\S43\AC6\RGB1_SUB43ACT6F61.jpg,1,1,0.6105989217758179
1290,43,6,76,D:\Skripsi\Experiment\data\raw\RGB1\S43\AC6\RGB1_SUB43ACT6F76.jpg,1,1,0.6144046187400818
1291,43,6,91,D:\Skripsi\Experiment\data\raw\RGB1\S43\AC6\RGB1_SUB43ACT6F91.jpg,1,1,0.6454845666885376
1292,43,7,1,D:\Skripsi\Experiment\data\raw\RGB1\S43\AC7\RGB1_SUB43ACT7F1.jpg,1,1,0.6116920709609985
1293,43,7,106,D:\Skripsi\Experiment\data\raw\RGB1\S43\AC7\RGB1_SUB43ACT7F106.jpg,1,1,0.6388543248176575
1294,43,7,121,D:\Skripsi\Experiment\data\raw\RGB1\S43\AC7\RGB1_SUB43ACT7F121.jpg,1,1,0.6283617615699768
1295,43,7,136,D:\Skripsi\Experiment\data\raw\RGB1\S43\AC7\RGB1_SUB43ACT7F136.jpg,1,1,0.5999534726142883
1296,43,7,151,D:\Skripsi\Experiment\data\raw\RGB1\S43\AC7\RGB1_SUB43ACT7F151.jpg,1,1,0.574349582195282
1297,43,7,16,D:\Skripsi\Experiment\data\raw\RGB1\S43\AC7\RGB1_SUB43ACT7F16.jpg,1,1,0.6560531854629517
1298,43,7,166,D:\Skripsi\Experiment\data\raw\RGB1\S43\AC7\RGB1_SUB43ACT7F166.jpg,1,1,0.731238842010498
1299,43,7,181,D:\Skripsi\Experiment\data\raw\RGB1\S43\AC7\RGB1_SUB43ACT7F181.jpg,1,1,0.8247802257537842
1300,43,7,196,D:\Skripsi\Experiment\data\raw\RGB1\S43\AC7\RGB1_SUB43ACT7F196.jpg,1,1,0.7980442643165588
1301,43,7,211,D:\Skripsi\Experiment\data\raw\RGB1\S43\AC7\RGB1_SUB43ACT7F211.jpg,1,1,0.7708150744438171
1302,43,7,31,D:\Skripsi\Experiment\data\raw\RGB1\S43\AC7\RGB1_SUB43ACT7F31.jpg,1,1,0.6668524742126465
1303,43,7,46,D:\Skripsi\Experiment\data\raw\RGB1\S43\AC7\RGB1_SUB43ACT7F46.jpg,1,1,0.6887251734733582
1304,43,7,61,D:\Skripsi\Experiment\data\raw\RGB1\S43\AC7\RGB1_SUB43ACT7F61.jpg,1,1,0.6076090335845947
1305,43,7,76,D:\Skripsi\Experiment\data\raw\RGB1\S43\AC7\RGB1_SUB43ACT7F76.jpg,1,1,0.540712296962738
1306,43,7,91,D:\Skripsi\Experiment\data\raw\RGB1\S43\AC7\RGB1_SUB43ACT7F91.jpg,1,1,0.6026880741119385
1307,43,8,1,D:\Skripsi\Experiment\data\raw\RGB1\S43\AC8\RGB1_SUB43ACT8F1.jpg,1,1,0.6962222456932068
1308,43,8,106,D:\Skripsi\Experiment\data\raw\RGB1\S43\AC8\RGB1_SUB43ACT8F106.jpg,1,0,0.4774089455604553
1309,43,8,121,D:\Skripsi\Experiment\data\raw\RGB1\S43\AC8\RGB1_SUB43ACT8F121.jpg,1,1,0.5659592747688293
1310,43,8,136,D:\Skripsi\Experiment\data\raw\RGB1\S43\AC8\RGB1_SUB43ACT8F136.jpg,1,0,0.4068402647972107
1311,43,8,151,D:\Skripsi\Experiment\data\raw\RGB1\S43\AC8\RGB1_SUB43ACT8F151.jpg,1,0,0.46734586358070374
1312,43,8,16,D:\Skripsi\Experiment\data\raw\RGB1\S43\AC8\RGB1_SUB43ACT8F16.jpg,1,1,0.6543978452682495
1313,43,8,166,D:\Skripsi\Experiment\data\raw\RGB1\S43\AC8\RGB1_SUB43ACT8F166.jpg,1,0,0.4820084571838379
1314,43,8,181,D:\Skripsi\Experiment\data\raw\RGB1\S43\AC8\RGB1_SUB43ACT8F181.jpg,1,0,0.4376697540283203
1315,43,8,196,D:\Skripsi\Experiment\data\raw\RGB1\S43\AC8\RGB1_SUB43ACT8F196.jpg,1,0,0.4811982810497284
1316,43,8,211,D:\Skripsi\Experiment\data\raw\RGB1\S43\AC8\RGB1_SUB43ACT8F211.jpg,1,1,0.5554255247116089
1317,43,8,226,D:\Skripsi\Experiment\data\raw\RGB1\S43\AC8\RGB1_SUB43ACT8F226.jpg,1,1,0.5184608101844788
1318,43,8,241,D:\Skripsi\Experiment\data\raw\RGB1\S43\AC8\RGB1_SUB43ACT8F241.jpg,1,1,0.5492839813232422
1319,43,8,256,D:\Skripsi\Experiment\data\raw\RGB1\S43\AC8\RGB1_SUB43ACT8F256.jpg,1,0,0.45133689045906067
1320,43,8,31,D:\Skripsi\Experiment\data\raw\RGB1\S43\AC8\RGB1_SUB43ACT8F31.jpg,1,1,0.6733375191688538
1321,43,8,46,D:\Skripsi\Experiment\data\raw\RGB1\S43\AC8\RGB1_SUB43ACT8F46.jpg,1,1,0.627962589263916
1322,43,8,61,D:\Skripsi\Experiment\data\raw\RGB1\S43\AC8\RGB1_SUB43ACT8F61.jpg,1,1,0.6550942659378052
1323,43,8,76,D:\Skripsi\Experiment\data\raw\RGB1\S43\AC8\RGB1_SUB43ACT8F76.jpg,1,1,0.6614286303520203
1324,43,8,91,D:\Skripsi\Experiment\data\raw\RGB1\S43\AC8\RGB1_SUB43ACT8F91.jpg,1,1,0.5633772611618042
1325,43,9,1,D:\Skripsi\Experiment\data\raw\RGB1\S43\AC9\RGB1_SUB43ACT9F1.jpg,1,1,0.5591373443603516
1326,43,9,106,D:\Skripsi\Experiment\data\raw\RGB1\S43\AC9\RGB1_SUB43ACT9F106.jpg,1,0,0.4609084129333496
1327,43,9,121,D:\Skripsi\Experiment\data\raw\RGB1\S43\AC9\RGB1_SUB43ACT9F121.jpg,1,0,0.49061018228530884
1328,43,9,136,D:\Skripsi\Experiment\data\raw\RGB1\S43\AC9\RGB1_SUB43ACT9F136.jpg,1,1,0.6162367463111877
1329,43,9,151,D:\Skripsi\Experiment\data\raw\RGB1\S43\AC9\RGB1_SUB43ACT9F151.jpg,1,1,0.5219694375991821
1330,43,9,16,D:\Skripsi\Experiment\data\raw\RGB1\S43\AC9\RGB1_SUB43ACT9F16.jpg,1,1,0.5323107838630676
1331,43,9,166,D:\Skripsi\Experiment\data\raw\RGB1\S43\AC9\RGB1_SUB43ACT9F166.jpg,1,1,0.5209687352180481
1332,43,9,31,D:\Skripsi\Experiment\data\raw\RGB1\S43\AC9\RGB1_SUB43ACT9F31.jpg,1,1,0.5368642210960388
1333,43,9,46,D:\Skripsi\Experiment\data\raw\RGB1\S43\AC9\RGB1_SUB43ACT9F46.jpg,1,1,0.5302447080612183
1334,43,9,61,D:\Skripsi\Experiment\data\raw\RGB1\S43\AC9\RGB1_SUB43ACT9F61.jpg,1,0,0.40292489528656006
1335,43,9,76,D:\Skripsi\Experiment\data\raw\RGB1\S43\AC9\RGB1_SUB43ACT9F76.jpg,1,0,0.4615052044391632
1336,43,9,91,D:\Skripsi\Experiment\data\raw\RGB1\S43\AC9\RGB1_SUB43ACT9F91.jpg,1,0,0.41634953022003174
1337,44,1,1,D:\Skripsi\Experiment\data\raw\RGB1\S44\AC1\RGB1_SUB44ACT1F1.jpg,0,0,0.47522497177124023
1338,44,1,106,D:\Skripsi\Experiment\data\raw\RGB1\S44\AC1\RGB1_SUB44ACT1F106.jpg,0,0,0.4796643853187561
1339,44,1,121,D:\Skripsi\Experiment\data\raw\RGB1\S44\AC1\RGB1_SUB44ACT1F121.jpg,0,0,0.49140915274620056
1340,44,1,136,D:\Skripsi\Experiment\data\raw\RGB1\S44\AC1\RGB1_SUB44ACT1F136.jpg,0,1,0.5252586007118225
1341,44,1,151,D:\Skripsi\Experiment\data\raw\RGB1\S44\AC1\RGB1_SUB44ACT1F151.jpg,0,1,0.5373463034629822
1342,44,1,16,D:\Skripsi\Experiment\data\raw\RGB1\S44\AC1\RGB1_SUB44ACT1F16.jpg,0,0,0.4086863100528717
1343,44,1,31,D:\Skripsi\Experiment\data\raw\RGB1\S44\AC1\RGB1_SUB44ACT1F31.jpg,0,0,0.42824485898017883
1344,44,1,46,D:\Skripsi\Experiment\data\raw\RGB1\S44\AC1\RGB1_SUB44ACT1F46.jpg,0,1,0.5085080862045288
1345,44,1,61,D:\Skripsi\Experiment\data\raw\RGB1\S44\AC1\RGB1_SUB44ACT1F61.jpg,0,0,0.39760735630989075
1346,44,1,76,D:\Skripsi\Experiment\data\raw\RGB1\S44\AC1\RGB1_SUB44ACT1F76.jpg,0,0,0.38008275628089905
1347,44,1,91,D:\Skripsi\Experiment\data\raw\RGB1\S44\AC1\RGB1_SUB44ACT1F91.jpg,0,0,0.38476628065109253
1348,44,5,1,D:\Skripsi\Experiment\data\raw\RGB1\S44\AC5\RGB1_SUB44ACT5F1.jpg,1,1,0.7229698300361633
1349,44,5,106,D:\Skripsi\Experiment\data\raw\RGB1\S44\AC5\RGB1_SUB44ACT5F106.jpg,1,1,0.6705750226974487
1350,44,5,121,D:\Skripsi\Experiment\data\raw\RGB1\S44\AC5\RGB1_SUB44ACT5F121.jpg,1,1,0.6188654899597168
1351,44,5,136,D:\Skripsi\Experiment\data\raw\RGB1\S44\AC5\RGB1_SUB44ACT5F136.jpg,1,1,0.6457085013389587
1352,44,5,16,D:\Skripsi\Experiment\data\raw\RGB1\S44\AC5\RGB1_SUB44ACT5F16.jpg,1,1,0.5856220126152039
1353,44,5,31,D:\Skripsi\Experiment\data\raw\RGB1\S44\AC5\RGB1_SUB44ACT5F31.jpg,1,1,0.5780473947525024
1354,44,5,46,D:\Skripsi\Experiment\data\raw\RGB1\S44\AC5\RGB1_SUB44ACT5F46.jpg,1,1,0.6343718767166138
1355,44,5,61,D:\Skripsi\Experiment\data\raw\RGB1\S44\AC5\RGB1_SUB44ACT5F61.jpg,1,1,0.6804314851760864
1356,44,5,76,D:\Skripsi\Experiment\data\raw\RGB1\S44\AC5\RGB1_SUB44ACT5F76.jpg,1,1,0.626685380935669
1357,44,5,91,D:\Skripsi\Experiment\data\raw\RGB1\S44\AC5\RGB1_SUB44ACT5F91.jpg,1,1,0.624657154083252
1358,44,6,1,D:\Skripsi\Experiment\data\raw\RGB1\S44\AC6\RGB1_SUB44ACT6F1.jpg,1,1,0.5745906233787537
1359,44,6,106,D:\Skripsi\Experiment\data\raw\RGB1\S44\AC6\RGB1_SUB44ACT6F106.jpg,1,1,0.5830796957015991
1360,44,6,121,D:\Skripsi\Experiment\data\raw\RGB1\S44\AC6\RGB1_SUB44ACT6F121.jpg,1,1,0.6895352005958557
1361,44,6,136,D:\Skripsi\Experiment\data\raw\RGB1\S44\AC6\RGB1_SUB44ACT6F136.jpg,1,0,0.47803062200546265
1362,44,6,16,D:\Skripsi\Experiment\data\raw\RGB1\S44\AC6\RGB1_SUB44ACT6F16.jpg,1,1,0.6378074288368225
1363,44,6,31,D:\Skripsi\Experiment\data\raw\RGB1\S44\AC6\RGB1_SUB44ACT6F31.jpg,1,1,0.5811179876327515
1364,44,6,46,D:\Skripsi\Experiment\data\raw\RGB1\S44\AC6\RGB1_SUB44ACT6F46.jpg,1,1,0.6614535450935364
1365,44,6,61,D:\Skripsi\Experiment\data\raw\RGB1\S44\AC6\RGB1_SUB44ACT6F61.jpg,1,1,0.6115488409996033
1366,44,6,76,D:\Skripsi\Experiment\data\raw\RGB1\S44\AC6\RGB1_SUB44ACT6F76.jpg,1,1,0.6237360835075378
1367,44,6,91,D:\Skripsi\Experiment\data\raw\RGB1\S44\AC6\RGB1_SUB44ACT6F91.jpg,1,1,0.6342977285385132
1368,44,7,1,D:\Skripsi\Experiment\data\raw\RGB1\S44\AC7\RGB1_SUB44ACT7F1.jpg,1,0,0.4747518002986908
1369,44,7,106,D:\Skripsi\Experiment\data\raw\RGB1\S44\AC7\RGB1_SUB44ACT7F106.jpg,1,1,0.5613557696342468
1370,44,7,121,D:\Skripsi\Experiment\data\raw\RGB1\S44\AC7\RGB1_SUB44ACT7F121.jpg,1,1,0.5046794414520264
1371,44,7,136,D:\Skripsi\Experiment\data\raw\RGB1\S44\AC7\RGB1_SUB44ACT7F136.jpg,1,1,0.5239475965499878
1372,44,7,151,D:\Skripsi\Experiment\data\raw\RGB1\S44\AC7\RGB1_SUB44ACT7F151.jpg,1,1,0.5048506855964661
1373,44,7,16,D:\Skripsi\Experiment\data\raw\RGB1\S44\AC7\RGB1_SUB44ACT7F16.jpg,1,0,0.46857649087905884
1374,44,7,31,D:\Skripsi\Experiment\data\raw\RGB1\S44\AC7\RGB1_SUB44ACT7F31.jpg,1,1,0.5036087036132812
1375,44,7,46,D:\Skripsi\Experiment\data\raw\RGB1\S44\AC7\RGB1_SUB44ACT7F46.jpg,1,1,0.5909228324890137
1376,44,7,61,D:\Skripsi\Experiment\data\raw\RGB1\S44\AC7\RGB1_SUB44ACT7F61.jpg,1,1,0.5641141533851624
1377,44,7,76,D:\Skripsi\Experiment\data\raw\RGB1\S44\AC7\RGB1_SUB44ACT7F76.jpg,1,1,0.5336042642593384
1378,44,7,91,D:\Skripsi\Experiment\data\raw\RGB1\S44\AC7\RGB1_SUB44ACT7F91.jpg,1,0,0.45100823044776917
1379,44,8,1,D:\Skripsi\Experiment\data\raw\RGB1\S44\AC8\RGB1_SUB44ACT8F1.jpg,1,0,0.4942789077758789
1380,44,8,106,D:\Skripsi\Experiment\data\raw\RGB1\S44\AC8\RGB1_SUB44ACT8F106.jpg,1,1,0.5632199645042419
1381,44,8,121,D:\Skripsi\Experiment\data\raw\RGB1\S44\AC8\RGB1_SUB44ACT8F121.jpg,1,0,0.45439961552619934
1382,44,8,136,D:\Skripsi\Experiment\data\raw\RGB1\S44\AC8\RGB1_SUB44ACT8F136.jpg,1,1,0.6301249861717224
1383,44,8,151,D:\Skripsi\Experiment\data\raw\RGB1\S44\AC8\RGB1_SUB44ACT8F151.jpg,1,1,0.5738402605056763
1384,44,8,16,D:\Skripsi\Experiment\data\raw\RGB1\S44\AC8\RGB1_SUB44ACT8F16.jpg,1,1,0.6136507391929626
1385,44,8,166,D:\Skripsi\Experiment\data\raw\RGB1\S44\AC8\RGB1_SUB44ACT8F166.jpg,1,1,0.6155858635902405
1386,44,8,181,D:\Skripsi\Experiment\data\raw\RGB1\S44\AC8\RGB1_SUB44ACT8F181.jpg,1,0,0.38627558946609497
1387,44,8,31,D:\Skripsi\Experiment\data\raw\RGB1\S44\AC8\RGB1_SUB44ACT8F31.jpg,1,1,0.5956193804740906
1388,44,8,46,D:\Skripsi\Experiment\data\raw\RGB1\S44\AC8\RGB1_SUB44ACT8F46.jpg,1,1,0.5095672607421875
1389,44,8,61,D:\Skripsi\Experiment\data\raw\RGB1\S44\AC8\RGB1_SUB44ACT8F61.jpg,1,1,0.5298261642456055
1390,44,8,76,D:\Skripsi\Experiment\data\raw\RGB1\S44\AC8\RGB1_SUB44ACT8F76.jpg,1,1,0.5639272332191467
1391,44,8,91,D:\Skripsi\Experiment\data\raw\RGB1\S44\AC8\RGB1_SUB44ACT8F91.jpg,1,1,0.522150456905365
1392,44,9,1,D:\Skripsi\Experiment\data\raw\RGB1\S44\AC9\RGB1_SUB44ACT9F1.jpg,1,1,0.5479178428649902
1393,44,9,106,D:\Skripsi\Experiment\data\raw\RGB1\S44\AC9\RGB1_SUB44ACT9F106.jpg,1,1,0.5761688947677612
1394,44,9,121,D:\Skripsi\Experiment\data\raw\RGB1\S44\AC9\RGB1_SUB44ACT9F121.jpg,1,1,0.5806301236152649
1395,44,9,136,D:\Skripsi\Experiment\data\raw\RGB1\S44\AC9\RGB1_SUB44ACT9F136.jpg,1,1,0.5833596587181091
1396,44,9,151,D:\Skripsi\Experiment\data\raw\RGB1\S44\AC9\RGB1_SUB44ACT9F151.jpg,1,1,0.554363489151001
1397,44,9,16,D:\Skripsi\Experiment\data\raw\RGB1\S44\AC9\RGB1_SUB44ACT9F16.jpg,1,1,0.5821639895439148
1398,44,9,166,D:\Skripsi\Experiment\data\raw\RGB1\S44\AC9\RGB1_SUB44ACT9F166.jpg,1,1,0.5770916938781738
1399,44,9,181,D:\Skripsi\Experiment\data\raw\RGB1\S44\AC9\RGB1_SUB44ACT9F181.jpg,1,1,0.5313619375228882
1400,44,9,196,D:\Skripsi\Experiment\data\raw\RGB1\S44\AC9\RGB1_SUB44ACT9F196.jpg,1,1,0.6295618414878845
1401,44,9,31,D:\Skripsi\Experiment\data\raw\RGB1\S44\AC9\RGB1_SUB44ACT9F31.jpg,1,1,0.5028479695320129
1402,44,9,46,D:\Skripsi\Experiment\data\raw\RGB1\S44\AC9\RGB1_SUB44ACT9F46.jpg,1,1,0.5961290597915649
1403,44,9,61,D:\Skripsi\Experiment\data\raw\RGB1\S44\AC9\RGB1_SUB44ACT9F61.jpg,1,1,0.5407961010932922
1404,44,9,76,D:\Skripsi\Experiment\data\raw\RGB1\S44\AC9\RGB1_SUB44ACT9F76.jpg,1,1,0.5161277055740356
1405,44,9,91,D:\Skripsi\Experiment\data\raw\RGB1\S44\AC9\RGB1_SUB44ACT9F91.jpg,1,1,0.5725739002227783
1406,45,1,1,D:\Skripsi\Experiment\data\raw\RGB1\S45\AC1\RGB1_SUB45ACT1F1.jpg,0,1,0.5185707211494446
1407,45,1,106,D:\Skripsi\Experiment\data\raw\RGB1\S45\AC1\RGB1_SUB45ACT1F106.jpg,0,0,0.46870216727256775
1408,45,1,121,D:\Skripsi\Experiment\data\raw\RGB1\S45\AC1\RGB1_SUB45ACT1F121.jpg,0,0,0.41844961047172546
1409,45,1,136,D:\Skripsi\Experiment\data\raw\RGB1\S45\AC1\RGB1_SUB45ACT1F136.jpg,0,0,0.34319424629211426
1410,45,1,151,D:\Skripsi\Experiment\data\raw\RGB1\S45\AC1\RGB1_SUB45ACT1F151.jpg,0,0,0.41246089339256287
1411,45,1,16,D:\Skripsi\Experiment\data\raw\RGB1\S45\AC1\RGB1_SUB45ACT1F16.jpg,0,0,0.49456921219825745
1412,45,1,166,D:\Skripsi\Experiment\data\raw\RGB1\S45\AC1\RGB1_SUB45ACT1F166.jpg,0,0,0.34665530920028687
1413,45,1,31,D:\Skripsi\Experiment\data\raw\RGB1\S45\AC1\RGB1_SUB45ACT1F31.jpg,0,0,0.43536460399627686
1414,45,1,46,D:\Skripsi\Experiment\data\raw\RGB1\S45\AC1\RGB1_SUB45ACT1F46.jpg,0,0,0.47227099537849426
1415,45,1,61,D:\Skripsi\Experiment\data\raw\RGB1\S45\AC1\RGB1_SUB45ACT1F61.jpg,0,0,0.4876795709133148
1416,45,1,76,D:\Skripsi\Experiment\data\raw\RGB1\S45\AC1\RGB1_SUB45ACT1F76.jpg,0,0,0.40794605016708374
1417,45,1,91,D:\Skripsi\Experiment\data\raw\RGB1\S45\AC1\RGB1_SUB45ACT1F91.jpg,0,0,0.42850738763809204
1418,45,5,1,D:\Skripsi\Experiment\data\raw\RGB1\S45\AC5\RGB1_SUB45ACT5F1.jpg,1,0,0.43502476811408997
1419,45,5,106,D:\Skripsi\Experiment\data\raw\RGB1\S45\AC5\RGB1_SUB45ACT5F106.jpg,1,1,0.5176381468772888
1420,45,5,16,D:\Skripsi\Experiment\data\raw\RGB1\S45\AC5\RGB1_SUB45ACT5F16.jpg,1,1,0.5710102915763855
1421,45,5,31,D:\Skripsi\Experiment\data\raw\RGB1\S45\AC5\RGB1_SUB45ACT5F31.jpg,1,0,0.47717249393463135
1422,45,5,46,D:\Skripsi\Experiment\data\raw\RGB1\S45\AC5\RGB1_SUB45ACT5F46.jpg,1,0,0.3858391344547272
1423,45,5,61,D:\Skripsi\Experiment\data\raw\RGB1\S45\AC5\RGB1_SUB45ACT5F61.jpg,1,0,0.4773399829864502
1424,45,5,76,D:\Skripsi\Experiment\data\raw\RGB1\S45\AC5\RGB1_SUB45ACT5F76.jpg,1,1,0.5866900682449341
1425,45,5,91,D:\Skripsi\Experiment\data\raw\RGB1\S45\AC5\RGB1_SUB45ACT5F91.jpg,1,1,0.6259213089942932
1426,45,6,1,D:\Skripsi\Experiment\data\raw\RGB1\S45\AC6\RGB1_SUB45ACT6F1.jpg,1,0,0.4659155011177063
1427,45,6,106,D:\Skripsi\Experiment\data\raw\RGB1\S45\AC6\RGB1_SUB45ACT6F106.jpg,1,0,0.3590950071811676
1428,45,6,121,D:\Skripsi\Experiment\data\raw\RGB1\S45\AC6\RGB1_SUB45ACT6F121.jpg,1,0,0.4251304864883423
1429,45,6,136,D:\Skripsi\Experiment\data\raw\RGB1\S45\AC6\RGB1_SUB45ACT6F136.jpg,1,0,0.33793750405311584
1430,45,6,151,D:\Skripsi\Experiment\data\raw\RGB1\S45\AC6\RGB1_SUB45ACT6F151.jpg,1,0,0.37907370924949646
1431,45,6,16,D:\Skripsi\Experiment\data\raw\RGB1\S45\AC6\RGB1_SUB45ACT6F16.jpg,1,0,0.39450642466545105
1432,45,6,31,D:\Skripsi\Experiment\data\raw\RGB1\S45\AC6\RGB1_SUB45ACT6F31.jpg,1,0,0.37192606925964355
1433,45,6,46,D:\Skripsi\Experiment\data\raw\RGB1\S45\AC6\RGB1_SUB45ACT6F46.jpg,1,0,0.38310760259628296
1434,45,6,61,D:\Skripsi\Experiment\data\raw\RGB1\S45\AC6\RGB1_SUB45ACT6F61.jpg,1,0,0.33788180351257324
1435,45,6,76,D:\Skripsi\Experiment\data\raw\RGB1\S45\AC6\RGB1_SUB45ACT6F76.jpg,1,0,0.41001075506210327
1436,45,6,91,D:\Skripsi\Experiment\data\raw\RGB1\S45\AC6\RGB1_SUB45ACT6F91.jpg,1,0,0.3889048993587494
1437,45,7,1,D:\Skripsi\Experiment\data\raw\RGB1\S45\AC7\RGB1_SUB45ACT7F1.jpg,1,0,0.43620726466178894
1438,45,7,106,D:\Skripsi\Experiment\data\raw\RGB1\S45\AC7\RGB1_SUB45ACT7F106.jpg,1,1,0.6588177680969238
1439,45,7,121,D:\Skripsi\Experiment\data\raw\RGB1\S45\AC7\RGB1_SUB45ACT7F121.jpg,1,1,0.5366955399513245
1440,45,7,136,D:\Skripsi\Experiment\data\raw\RGB1\S45\AC7\RGB1_SUB45ACT7F136.jpg,1,1,0.5839893221855164
1441,45,7,151,D:\Skripsi\Experiment\data\raw\RGB1\S45\AC7\RGB1_SUB45ACT7F151.jpg,1,1,0.5580868124961853
1442,45,7,16,D:\Skripsi\Experiment\data\raw\RGB1\S45\AC7\RGB1_SUB45ACT7F16.jpg,1,0,0.4134620428085327
1443,45,7,166,D:\Skripsi\Experiment\data\raw\RGB1\S45\AC7\RGB1_SUB45ACT7F166.jpg,1,1,0.571861743927002
1444,45,7,181,D:\Skripsi\Experiment\data\raw\RGB1\S45\AC7\RGB1_SUB45ACT7F181.jpg,1,1,0.6265442371368408
1445,45,7,196,D:\Skripsi\Experiment\data\raw\RGB1\S45\AC7\RGB1_SUB45ACT7F196.jpg,1,1,0.5276694893836975
1446,45,7,31,D:\Skripsi\Experiment\data\raw\RGB1\S45\AC7\RGB1_SUB45ACT7F31.jpg,1,1,0.6722896099090576
1447,45,7,46,D:\Skripsi\Experiment\data\raw\RGB1\S45\AC7\RGB1_SUB45ACT7F46.jpg,1,0,0.44277292490005493
1448,45,7,61,D:\Skripsi\Experiment\data\raw\RGB1\S45\AC7\RGB1_SUB45ACT7F61.jpg,1,1,0.5508257150650024
1449,45,7,76,D:\Skripsi\Experiment\data\raw\RGB1\S45\AC7\RGB1_SUB45ACT7F76.jpg,1,1,0.557292103767395
1450,45,7,91,D:\Skripsi\Experiment\data\raw\RGB1\S45\AC7\RGB1_SUB45ACT7F91.jpg,1,1,0.6746746301651001
1451,45,8,1,D:\Skripsi\Experiment\data\raw\RGB1\S45\AC8\RGB1_SUB45ACT8F1.jpg,1,1,0.6162185668945312
1452,45,8,106,D:\Skripsi\Experiment\data\raw\RGB1\S45\AC8\RGB1_SUB45ACT8F106.jpg,1,0,0.4697679877281189
1453,45,8,121,D:\Skripsi\Experiment\data\raw\RGB1\S45\AC8\RGB1_SUB45ACT8F121.jpg,1,1,0.532820463180542
1454,45,8,136,D:\Skripsi\Experiment\data\raw\RGB1\S45\AC8\RGB1_SUB45ACT8F136.jpg,1,0,0.45606687664985657
1455,45,8,151,D:\Skripsi\Experiment\data\raw\RGB1\S45\AC8\RGB1_SUB45ACT8F151.jpg,1,1,0.5309057831764221
1456,45,8,16,D:\Skripsi\Experiment\data\raw\RGB1\S45\AC8\RGB1_SUB45ACT8F16.jpg,1,1,0.5384954810142517
1457,45,8,166,D:\Skripsi\Experiment\data\raw\RGB1\S45\AC8\RGB1_SUB45ACT8F166.jpg,1,1,0.5605566501617432
1458,45,8,181,D:\Skripsi\Experiment\data\raw\RGB1\S45\AC8\RGB1_SUB45ACT8F181.jpg,1,0,0.48093563318252563
1459,45,8,196,D:\Skripsi\Experiment\data\raw\RGB1\S45\AC8\RGB1_SUB45ACT8F196.jpg,1,0,0.48854970932006836
1460,45,8,211,D:\Skripsi\Experiment\data\raw\RGB1\S45\AC8\RGB1_SUB45ACT8F211.jpg,1,0,0.3704129755496979
1461,45,8,31,D:\Skripsi\Experiment\data\raw\RGB1\S45\AC8\RGB1_SUB45ACT8F31.jpg,1,1,0.568512499332428
1462,45,8,46,D:\Skripsi\Experiment\data\raw\RGB1\S45\AC8\RGB1_SUB45ACT8F46.jpg,1,1,0.5690088868141174
1463,45,8,61,D:\Skripsi\Experiment\data\raw\RGB1\S45\AC8\RGB1_SUB45ACT8F61.jpg,1,1,0.5695883631706238
1464,45,8,76,D:\Skripsi\Experiment\data\raw\RGB1\S45\AC8\RGB1_SUB45ACT8F76.jpg,1,1,0.5248571038246155
1465,45,8,91,D:\Skripsi\Experiment\data\raw\RGB1\S45\AC8\RGB1_SUB45ACT8F91.jpg,1,1,0.5162875652313232
1466,45,9,1,D:\Skripsi\Experiment\data\raw\RGB1\S45\AC9\RGB1_SUB45ACT9F1.jpg,1,0,0.47557196021080017
1467,45,9,106,D:\Skripsi\Experiment\data\raw\RGB1\S45\AC9\RGB1_SUB45ACT9F106.jpg,1,1,0.5309644937515259
1468,45,9,121,D:\Skripsi\Experiment\data\raw\RGB1\S45\AC9\RGB1_SUB45ACT9F121.jpg,1,0,0.4455863833427429
1469,45,9,136,D:\Skripsi\Experiment\data\raw\RGB1\S45\AC9\RGB1_SUB45ACT9F136.jpg,1,0,0.473606675863266
1470,45,9,151,D:\Skripsi\Experiment\data\raw\RGB1\S45\AC9\RGB1_SUB45ACT9F151.jpg,1,0,0.41302934288978577
1471,45,9,16,D:\Skripsi\Experiment\data\raw\RGB1\S45\AC9\RGB1_SUB45ACT9F16.jpg,1,0,0.38562992215156555
1472,45,9,166,D:\Skripsi\Experiment\data\raw\RGB1\S45\AC9\RGB1_SUB45ACT9F166.jpg,1,0,0.40639564394950867
1473,45,9,181,D:\Skripsi\Experiment\data\raw\RGB1\S45\AC9\RGB1_SUB45ACT9F181.jpg,1,0,0.48029157519340515
1474,45,9,196,D:\Skripsi\Experiment\data\raw\RGB1\S45\AC9\RGB1_SUB45ACT9F196.jpg,1,0,0.34007182717323303
1475,45,9,211,D:\Skripsi\Experiment\data\raw\RGB1\S45\AC9\RGB1_SUB45ACT9F211.jpg,1,0,0.40655583143234253
1476,45,9,226,D:\Skripsi\Experiment\data\raw\RGB1\S45\AC9\RGB1_SUB45ACT9F226.jpg,1,0,0.4310220181941986
1477,45,9,31,D:\Skripsi\Experiment\data\raw\RGB1\S45\AC9\RGB1_SUB45ACT9F31.jpg,1,1,0.5954565405845642
1478,45,9,46,D:\Skripsi\Experiment\data\raw\RGB1\S45\AC9\RGB1_SUB45ACT9F46.jpg,1,0,0.49985307455062866
1479,45,9,61,D:\Skripsi\Experiment\data\raw\RGB1\S45\AC9\RGB1_SUB45ACT9F61.jpg,1,1,0.5505189895629883
1480,45,9,76,D:\Skripsi\Experiment\data\raw\RGB1\S45\AC9\RGB1_SUB45ACT9F76.jpg,1,1,0.5075527429580688
1481,45,9,91,D:\Skripsi\Experiment\data\raw\RGB1\S45\AC9\RGB1_SUB45ACT9F91.jpg,1,1,0.6146656274795532
1482,46,1,1,D:\Skripsi\Experiment\data\raw\RGB1\S46\AC1\RGB1_SUB46ACT1F1.jpg,0,0,0.4529184103012085
1483,46,1,106,D:\Skripsi\Experiment\data\raw\RGB1\S46\AC1\RGB1_SUB46ACT1F106.jpg,0,1,0.5157290101051331
1484,46,1,121,D:\Skripsi\Experiment\data\raw\RGB1\S46\AC1\RGB1_SUB46ACT1F121.jpg,0,0,0.4607057273387909
1485,46,1,136,D:\Skripsi\Experiment\data\raw\RGB1\S46\AC1\RGB1_SUB46ACT1F136.jpg,0,0,0.33643099665641785
1486,46,1,151,D:\Skripsi\Experiment\data\raw\RGB1\S46\AC1\RGB1_SUB46ACT1F151.jpg,0,0,0.4644792079925537
1487,46,1,16,D:\Skripsi\Experiment\data\raw\RGB1\S46\AC1\RGB1_SUB46ACT1F16.jpg,0,0,0.44722214341163635
1488,46,1,166,D:\Skripsi\Experiment\data\raw\RGB1\S46\AC1\RGB1_SUB46ACT1F166.jpg,0,0,0.41774553060531616
1489,46,1,181,D:\Skripsi\Experiment\data\raw\RGB1\S46\AC1\RGB1_SUB46ACT1F181.jpg,0,0,0.45569756627082825
1490,46,1,196,D:\Skripsi\Experiment\data\raw\RGB1\S46\AC1\RGB1_SUB46ACT1F196.jpg,0,0,0.4741886258125305
1491,46,1,211,D:\Skripsi\Experiment\data\raw\RGB1\S46\AC1\RGB1_SUB46ACT1F211.jpg,0,0,0.4719386696815491
1492,46,1,226,D:\Skripsi\Experiment\data\raw\RGB1\S46\AC1\RGB1_SUB46ACT1F226.jpg,0,1,0.5661389231681824
1493,46,1,241,D:\Skripsi\Experiment\data\raw\RGB1\S46\AC1\RGB1_SUB46ACT1F241.jpg,0,1,0.5245033502578735
1494,46,1,256,D:\Skripsi\Experiment\data\raw\RGB1\S46\AC1\RGB1_SUB46ACT1F256.jpg,0,1,0.5201892256736755
1495,46,1,31,D:\Skripsi\Experiment\data\raw\RGB1\S46\AC1\RGB1_SUB46ACT1F31.jpg,0,0,0.42396271228790283
1496,46,1,46,D:\Skripsi\Experiment\data\raw\RGB1\S46\AC1\RGB1_SUB46ACT1F46.jpg,0,0,0.4173675775527954
1497,46,1,61,D:\Skripsi\Experiment\data\raw\RGB1\S46\AC1\RGB1_SUB46ACT1F61.jpg,0,1,0.5372759699821472
1498,46,1,76,D:\Skripsi\Experiment\data\raw\RGB1\S46\AC1\RGB1_SUB46ACT1F76.jpg,0,0,0.48209303617477417
1499,46,1,91,D:\Skripsi\Experiment\data\raw\RGB1\S46\AC1\RGB1_SUB46ACT1F91.jpg,0,1,0.5290274024009705
1500,46,5,1,D:\Skripsi\Experiment\data\raw\RGB1\S46\AC5\RGB1_SUB46ACT5F1.jpg,1,0,0.4960135519504547
1501,46,5,106,D:\Skripsi\Experiment\data\raw\RGB1\S46\AC5\RGB1_SUB46ACT5F106.jpg,1,1,0.5590295791625977
1502,46,5,121,D:\Skripsi\Experiment\data\raw\RGB1\S46\AC5\RGB1_SUB46ACT5F121.jpg,1,0,0.44972842931747437
1503,46,5,16,D:\Skripsi\Experiment\data\raw\RGB1\S46\AC5\RGB1_SUB46ACT5F16.jpg,1,0,0.45609211921691895
1504,46,5,31,D:\Skripsi\Experiment\data\raw\RGB1\S46\AC5\RGB1_SUB46ACT5F31.jpg,1,0,0.4939501881599426
1505,46,5,46,D:\Skripsi\Experiment\data\raw\RGB1\S46\AC5\RGB1_SUB46ACT5F46.jpg,1,0,0.48388805985450745
1506,46,5,61,D:\Skripsi\Experiment\data\raw\RGB1\S46\AC5\RGB1_SUB46ACT5F61.jpg,1,0,0.49123427271842957
1507,46,5,76,D:\Skripsi\Experiment\data\raw\RGB1\S46\AC5\RGB1_SUB46ACT5F76.jpg,1,0,0.4730643630027771
1508,46,5,91,D:\Skripsi\Experiment\data\raw\RGB1\S46\AC5\RGB1_SUB46ACT5F91.jpg,1,0,0.4168008267879486
1509,46,6,1,D:\Skripsi\Experiment\data\raw\RGB1\S46\AC6\RGB1_SUB46ACT6F1.jpg,1,1,0.5299044847488403
1510,46,6,106,D:\Skripsi\Experiment\data\raw\RGB1\S46\AC6\RGB1_SUB46ACT6F106.jpg,1,1,0.5847585201263428
1511,46,6,121,D:\Skripsi\Experiment\data\raw\RGB1\S46\AC6\RGB1_SUB46ACT6F121.jpg,1,1,0.5542178153991699
1512,46,6,136,D:\Skripsi\Experiment\data\raw\RGB1\S46\AC6\RGB1_SUB46ACT6F136.jpg,1,1,0.5209858417510986
1513,46,6,16,D:\Skripsi\Experiment\data\raw\RGB1\S46\AC6\RGB1_SUB46ACT6F16.jpg,1,1,0.5225727558135986
1514,46,6,31,D:\Skripsi\Experiment\data\raw\RGB1\S46\AC6\RGB1_SUB46ACT6F31.jpg,1,1,0.5560245513916016
1515,46,6,46,D:\Skripsi\Experiment\data\raw\RGB1\S46\AC6\RGB1_SUB46ACT6F46.jpg,1,1,0.5448483824729919
1516,46,6,61,D:\Skripsi\Experiment\data\raw\RGB1\S46\AC6\RGB1_SUB46ACT6F61.jpg,1,1,0.5431388020515442
1517,46,6,76,D:\Skripsi\Experiment\data\raw\RGB1\S46\AC6\RGB1_SUB46ACT6F76.jpg,1,1,0.5162613391876221
1518,46,6,91,D:\Skripsi\Experiment\data\raw\RGB1\S46\AC6\RGB1_SUB46ACT6F91.jpg,1,1,0.529695451259613
1519,46,7,1,D:\Skripsi\Experiment\data\raw\RGB1\S46\AC7\RGB1_SUB46ACT7F1.jpg,1,1,0.6001186370849609
1520,46,7,106,D:\Skripsi\Experiment\data\raw\RGB1\S46\AC7\RGB1_SUB46ACT7F106.jpg,1,1,0.5439237356185913
1521,46,7,121,D:\Skripsi\Experiment\data\raw\RGB1\S46\AC7\RGB1_SUB46ACT7F121.jpg,1,1,0.6094053983688354
1522,46,7,136,D:\Skripsi\Experiment\data\raw\RGB1\S46\AC7\RGB1_SUB46ACT7F136.jpg,1,1,0.5876928567886353
1523,46,7,16,D:\Skripsi\Experiment\data\raw\RGB1\S46\AC7\RGB1_SUB46ACT7F16.jpg,1,1,0.6279115676879883
1524,46,7,31,D:\Skripsi\Experiment\data\raw\RGB1\S46\AC7\RGB1_SUB46ACT7F31.jpg,1,1,0.5535073280334473
1525,46,7,46,D:\Skripsi\Experiment\data\raw\RGB1\S46\AC7\RGB1_SUB46ACT7F46.jpg,1,1,0.5328088998794556
1526,46,7,61,D:\Skripsi\Experiment\data\raw\RGB1\S46\AC7\RGB1_SUB46ACT7F61.jpg,1,1,0.6089297533035278
1527,46,7,76,D:\Skripsi\Experiment\data\raw\RGB1\S46\AC7\RGB1_SUB46ACT7F76.jpg,1,1,0.5842766165733337
1528,46,7,91,D:\Skripsi\Experiment\data\raw\RGB1\S46\AC7\RGB1_SUB46ACT7F91.jpg,1,1,0.6430495977401733
1529,46,8,1,D:\Skripsi\Experiment\data\raw\RGB1\S46\AC8\RGB1_SUB46ACT8F1.jpg,1,1,0.5296865105628967
1530,46,8,106,D:\Skripsi\Experiment\data\raw\RGB1\S46\AC8\RGB1_SUB46ACT8F106.jpg,1,1,0.5768591165542603
1531,46,8,121,D:\Skripsi\Experiment\data\raw\RGB1\S46\AC8\RGB1_SUB46ACT8F121.jpg,1,1,0.5348227620124817
1532,46,8,136,D:\Skripsi\Experiment\data\raw\RGB1\S46\AC8\RGB1_SUB46ACT8F136.jpg,1,0,0.44678208231925964
1533,46,8,151,D:\Skripsi\Experiment\data\raw\RGB1\S46\AC8\RGB1_SUB46ACT8F151.jpg,1,1,0.503219723701477
1534,46,8,16,D:\Skripsi\Experiment\data\raw\RGB1\S46\AC8\RGB1_SUB46ACT8F16.jpg,1,1,0.5612919926643372
1535,46,8,31,D:\Skripsi\Experiment\data\raw\RGB1\S46\AC8\RGB1_SUB46ACT8F31.jpg,1,1,0.5025869607925415
1536,46,8,46,D:\Skripsi\Experiment\data\raw\RGB1\S46\AC8\RGB1_SUB46ACT8F46.jpg,1,1,0.5471381545066833
1537,46,8,61,D:\Skripsi\Experiment\data\raw\RGB1\S46\AC8\RGB1_SUB46ACT8F61.jpg,1,1,0.5545849800109863
1538,46,8,76,D:\Skripsi\Experiment\data\raw\RGB1\S46\AC8\RGB1_SUB46ACT8F76.jpg,1,1,0.583365261554718
1539,46,8,91,D:\Skripsi\Experiment\data\raw\RGB1\S46\AC8\RGB1_SUB46ACT8F91.jpg,1,1,0.5050038695335388
1540,46,9,1,D:\Skripsi\Experiment\data\raw\RGB1\S46\AC9\RGB1_SUB46ACT9F1.jpg,1,1,0.5207973718643188
1541,46,9,16,D:\Skripsi\Experiment\data\raw\RGB1\S46\AC9\RGB1_SUB46ACT9F16.jpg,1,0,0.3996180593967438
1542,46,9,31,D:\Skripsi\Experiment\data\raw\RGB1\S46\AC9\RGB1_SUB46ACT9F31.jpg,1,0,0.4324510395526886
1543,46,9,46,D:\Skripsi\Experiment\data\raw\RGB1\S46\AC9\RGB1_SUB46ACT9F46.jpg,1,1,0.5288586020469666
1544,46,9,61,D:\Skripsi\Experiment\data\raw\RGB1\S46\AC9\RGB1_SUB46ACT9F61.jpg,1,0,0.4936807155609131
1545,46,9,76,D:\Skripsi\Experiment\data\raw\RGB1\S46\AC9\RGB1_SUB46ACT9F76.jpg,1,1,0.6439357995986938
1546,47,1,1,D:\Skripsi\Experiment\data\raw\RGB1\S47\AC1\RGB1_SUB47ACT1F1.jpg,0,0,0.3593488931655884
1547,47,1,106,D:\Skripsi\Experiment\data\raw\RGB1\S47\AC1\RGB1_SUB47ACT1F106.jpg,0,0,0.2991258502006531
1548,47,1,121,D:\Skripsi\Experiment\data\raw\RGB1\S47\AC1\RGB1_SUB47ACT1F121.jpg,0,0,0.4584929347038269
1549,47,1,136,D:\Skripsi\Experiment\data\raw\RGB1\S47\AC1\RGB1_SUB47ACT1F136.jpg,0,0,0.4619120657444
1550,47,1,151,D:\Skripsi\Experiment\data\raw\RGB1\S47\AC1\RGB1_SUB47ACT1F151.jpg,0,0,0.3904421627521515
1551,47,1,16,D:\Skripsi\Experiment\data\raw\RGB1\S47\AC1\RGB1_SUB47ACT1F16.jpg,0,0,0.3434307873249054
1552,47,1,166,D:\Skripsi\Experiment\data\raw\RGB1\S47\AC1\RGB1_SUB47ACT1F166.jpg,0,1,0.5327968597412109
1553,47,1,181,D:\Skripsi\Experiment\data\raw\RGB1\S47\AC1\RGB1_SUB47ACT1F181.jpg,0,1,0.5392701625823975
1554,47,1,196,D:\Skripsi\Experiment\data\raw\RGB1\S47\AC1\RGB1_SUB47ACT1F196.jpg,0,1,0.523398220539093
1555,47,1,31,D:\Skripsi\Experiment\data\raw\RGB1\S47\AC1\RGB1_SUB47ACT1F31.jpg,0,1,0.5613119602203369
1556,47,1,46,D:\Skripsi\Experiment\data\raw\RGB1\S47\AC1\RGB1_SUB47ACT1F46.jpg,0,0,0.4501776695251465
1557,47,1,61,D:\Skripsi\Experiment\data\raw\RGB1\S47\AC1\RGB1_SUB47ACT1F61.jpg,0,0,0.3504576086997986
1558,47,1,76,D:\Skripsi\Experiment\data\raw\RGB1\S47\AC1\RGB1_SUB47ACT1F76.jpg,0,0,0.3825928866863251
1559,47,1,91,D:\Skripsi\Experiment\data\raw\RGB1\S47\AC1\RGB1_SUB47ACT1F91.jpg,0,0,0.30743733048439026
1560,47,5,1,D:\Skripsi\Experiment\data\raw\RGB1\S47\AC5\RGB1_SUB47ACT5F1.jpg,1,0,0.48523998260498047
1561,47,5,16,D:\Skripsi\Experiment\data\raw\RGB1\S47\AC5\RGB1_SUB47ACT5F16.jpg,1,1,0.5322201251983643
1562,47,5,31,D:\Skripsi\Experiment\data\raw\RGB1\S47\AC5\RGB1_SUB47ACT5F31.jpg,1,0,0.482388436794281
1563,47,5,46,D:\Skripsi\Experiment\data\raw\RGB1\S47\AC5\RGB1_SUB47ACT5F46.jpg,1,1,0.5785701870918274
1564,47,5,61,D:\Skripsi\Experiment\data\raw\RGB1\S47\AC5\RGB1_SUB47ACT5F61.jpg,1,0,0.4473099112510681
1565,47,5,76,D:\Skripsi\Experiment\data\raw\RGB1\S47\AC5\RGB1_SUB47ACT5F76.jpg,1,0,0.46505206823349
1566,47,5,91,D:\Skripsi\Experiment\data\raw\RGB1\S47\AC5\RGB1_SUB47ACT5F91.jpg,1,1,0.5516462326049805
1567,47,6,1,D:\Skripsi\Experiment\data\raw\RGB1\S47\AC6\RGB1_SUB47ACT6F1.jpg,1,0,0.39411619305610657
1568,47,6,106,D:\Skripsi\Experiment\data\raw\RGB1\S47\AC6\RGB1_SUB47ACT6F106.jpg,1,1,0.5608415007591248
1569,47,6,16,D:\Skripsi\Experiment\data\raw\RGB1\S47\AC6\RGB1_SUB47ACT6F16.jpg,1,1,0.6428777575492859
1570,47,6,31,D:\Skripsi\Experiment\data\raw\RGB1\S47\AC6\RGB1_SUB47ACT6F31.jpg,1,1,0.5835283994674683
1571,47,6,46,D:\Skripsi\Experiment\data\raw\RGB1\S47\AC6\RGB1_SUB47ACT6F46.jpg,1,0,0.4864843785762787
1572,47,6,61,D:\Skripsi\Experiment\data\raw\RGB1\S47\AC6\RGB1_SUB47ACT6F61.jpg,1,1,0.5138430595397949
1573,47,6,76,D:\Skripsi\Experiment\data\raw\RGB1\S47\AC6\RGB1_SUB47ACT6F76.jpg,1,1,0.5430924296379089
1574,47,6,91,D:\Skripsi\Experiment\data\raw\RGB1\S47\AC6\RGB1_SUB47ACT6F91.jpg,1,0,0.48262444138526917
1575,47,7,1,D:\Skripsi\Experiment\data\raw\RGB1\S47\AC7\RGB1_SUB47ACT7F1.jpg,1,1,0.7175422310829163
1576,47,7,106,D:\Skripsi\Experiment\data\raw\RGB1\S47\AC7\RGB1_SUB47ACT7F106.jpg,1,1,0.5625598430633545
1577,47,7,121,D:\Skripsi\Experiment\data\raw\RGB1\S47\AC7\RGB1_SUB47ACT7F121.jpg,1,0,0.47756388783454895
1578,47,7,136,D:\Skripsi\Experiment\data\raw\RGB1\S47\AC7\RGB1_SUB47ACT7F136.jpg,1,0,0.44678795337677
1579,47,7,151,D:\Skripsi\Experiment\data\raw\RGB1\S47\AC7\RGB1_SUB47ACT7F151.jpg,1,1,0.5438264608383179
1580,47,7,16,D:\Skripsi\Experiment\data\raw\RGB1\S47\AC7\RGB1_SUB47ACT7F16.jpg,1,1,0.6679227352142334
1581,47,7,166,D:\Skripsi\Experiment\data\raw\RGB1\S47\AC7\RGB1_SUB47ACT7F166.jpg,1,0,0.3905184864997864
1582,47,7,31,D:\Skripsi\Experiment\data\raw\RGB1\S47\AC7\RGB1_SUB47ACT7F31.jpg,1,1,0.5486510396003723
1583,47,7,46,D:\Skripsi\Experiment\data\raw\RGB1\S47\AC7\RGB1_SUB47ACT7F46.jpg,1,1,0.6026983857154846
1584,47,7,61,D:\Skripsi\Experiment\data\raw\RGB1\S47\AC7\RGB1_SUB47ACT7F61.jpg,1,1,0.6661881804466248
1585,47,7,76,D:\Skripsi\Experiment\data\raw\RGB1\S47\AC7\RGB1_SUB47ACT7F76.jpg,1,1,0.608653724193573
1586,47,7,91,D:\Skripsi\Experiment\data\raw\RGB1\S47\AC7\RGB1_SUB47ACT7F91.jpg,1,0,0.49249860644340515
1587,47,8,1,D:\Skripsi\Experiment\data\raw\RGB1\S47\AC8\RGB1_SUB47ACT8F1.jpg,1,1,0.5290956497192383
1588,47,8,106,D:\Skripsi\Experiment\data\raw\RGB1\S47\AC8\RGB1_SUB47ACT8F106.jpg,1,1,0.5725029706954956
1589,47,8,121,D:\Skripsi\Experiment\data\raw\RGB1\S47\AC8\RGB1_SUB47ACT8F121.jpg,1,0,0.4913003742694855
1590,47,8,136,D:\Skripsi\Experiment\data\raw\RGB1\S47\AC8\RGB1_SUB47ACT8F136.jpg,1,1,0.6558718085289001
1591,47,8,151,D:\Skripsi\Experiment\data\raw\RGB1\S47\AC8\RGB1_SUB47ACT8F151.jpg,1,1,0.5380679368972778
1592,47,8,16,D:\Skripsi\Experiment\data\raw\RGB1\S47\AC8\RGB1_SUB47ACT8F16.jpg,1,0,0.4300927221775055
1593,47,8,31,D:\Skripsi\Experiment\data\raw\RGB1\S47\AC8\RGB1_SUB47ACT8F31.jpg,1,1,0.5034207105636597
1594,47,8,46,D:\Skripsi\Experiment\data\raw\RGB1\S47\AC8\RGB1_SUB47ACT8F46.jpg,1,1,0.5197757482528687
1595,47,8,61,D:\Skripsi\Experiment\data\raw\RGB1\S47\AC8\RGB1_SUB47ACT8F61.jpg,1,1,0.5688645839691162
1596,47,8,76,D:\Skripsi\Experiment\data\raw\RGB1\S47\AC8\RGB1_SUB47ACT8F76.jpg,1,0,0.4877780079841614
1597,47,8,91,D:\Skripsi\Experiment\data\raw\RGB1\S47\AC8\RGB1_SUB47ACT8F91.jpg,1,0,0.45041096210479736
1598,47,9,1,D:\Skripsi\Experiment\data\raw\RGB1\S47\AC9\RGB1_SUB47ACT9F1.jpg,1,1,0.5963732600212097
1599,47,9,106,D:\Skripsi\Experiment\data\raw\RGB1\S47\AC9\RGB1_SUB47ACT9F106.jpg,1,1,0.5070873498916626
1600,47,9,121,D:\Skripsi\Experiment\data\raw\RGB1\S47\AC9\RGB1_SUB47ACT9F121.jpg,1,1,0.5239474177360535
1601,47,9,136,D:\Skripsi\Experiment\data\raw\RGB1\S47\AC9\RGB1_SUB47ACT9F136.jpg,1,1,0.5334877967834473
1602,47,9,151,D:\Skripsi\Experiment\data\raw\RGB1\S47\AC9\RGB1_SUB47ACT9F151.jpg,1,1,0.6778155565261841
1603,47,9,16,D:\Skripsi\Experiment\data\raw\RGB1\S47\AC9\RGB1_SUB47ACT9F16.jpg,1,1,0.5821359157562256
1604,47,9,31,D:\Skripsi\Experiment\data\raw\RGB1\S47\AC9\RGB1_SUB47ACT9F31.jpg,1,1,0.5563974976539612
1605,47,9,46,D:\Skripsi\Experiment\data\raw\RGB1\S47\AC9\RGB1_SUB47ACT9F46.jpg,1,1,0.554161012172699
1606,47,9,61,D:\Skripsi\Experiment\data\raw\RGB1\S47\AC9\RGB1_SUB47ACT9F61.jpg,1,1,0.6655335426330566
1607,47,9,76,D:\Skripsi\Experiment\data\raw\RGB1\S47\AC9\RGB1_SUB47ACT9F76.jpg,1,1,0.6409919261932373
1608,47,9,91,D:\Skripsi\Experiment\data\raw\RGB1\S47\AC9\RGB1_SUB47ACT9F91.jpg,1,1,0.5923646092414856
1609,48,1,1,D:\Skripsi\Experiment\data\raw\RGB1\S48\AC1\RGB1_SUB48ACT1F1.jpg,0,1,0.5085253715515137
1610,48,1,106,D:\Skripsi\Experiment\data\raw\RGB1\S48\AC1\RGB1_SUB48ACT1F106.jpg,0,1,0.6574956178665161
1611,48,1,121,D:\Skripsi\Experiment\data\raw\RGB1\S48\AC1\RGB1_SUB48ACT1F121.jpg,0,1,0.669503390789032
1612,48,1,16,D:\Skripsi\Experiment\data\raw\RGB1\S48\AC1\RGB1_SUB48ACT1F16.jpg,0,1,0.5852158665657043
1613,48,1,31,D:\Skripsi\Experiment\data\raw\RGB1\S48\AC1\RGB1_SUB48ACT1F31.jpg,0,1,0.5921100378036499
1614,48,1,46,D:\Skripsi\Experiment\data\raw\RGB1\S48\AC1\RGB1_SUB48ACT1F46.jpg,0,1,0.5540249347686768
1615,48,1,61,D:\Skripsi\Experiment\data\raw\RGB1\S48\AC1\RGB1_SUB48ACT1F61.jpg,0,1,0.6717734932899475
1616,48,1,76,D:\Skripsi\Experiment\data\raw\RGB1\S48\AC1\RGB1_SUB48ACT1F76.jpg,0,1,0.7514733076095581
1617,48,1,91,D:\Skripsi\Experiment\data\raw\RGB1\S48\AC1\RGB1_SUB48ACT1F91.jpg,0,1,0.5219854712486267
1618,48,5,1,D:\Skripsi\Experiment\data\raw\RGB1\S48\AC5\RGB1_SUB48ACT5F1.jpg,1,1,0.6150866150856018
1619,48,5,106,D:\Skripsi\Experiment\data\raw\RGB1\S48\AC5\RGB1_SUB48ACT5F106.jpg,1,1,0.6554133296012878
1620,48,5,121,D:\Skripsi\Experiment\data\raw\RGB1\S48\AC5\RGB1_SUB48ACT5F121.jpg,1,1,0.6250045299530029
1621,48,5,136,D:\Skripsi\Experiment\data\raw\RGB1\S48\AC5\RGB1_SUB48ACT5F136.jpg,1,1,0.586749255657196
1622,48,5,16,D:\Skripsi\Experiment\data\raw\RGB1\S48\AC5\RGB1_SUB48ACT5F16.jpg,1,1,0.6600231528282166
1623,48,5,31,D:\Skripsi\Experiment\data\raw\RGB1\S48\AC5\RGB1_SUB48ACT5F31.jpg,1,1,0.5560557246208191
1624,48,5,46,D:\Skripsi\Experiment\data\raw\RGB1\S48\AC5\RGB1_SUB48ACT5F46.jpg,1,1,0.581096351146698
1625,48,5,61,D:\Skripsi\Experiment\data\raw\RGB1\S48\AC5\RGB1_SUB48ACT5F61.jpg,1,1,0.6882516741752625
1626,48,5,76,D:\Skripsi\Experiment\data\raw\RGB1\S48\AC5\RGB1_SUB48ACT5F76.jpg,1,1,0.6008381843566895
1627,48,5,91,D:\Skripsi\Experiment\data\raw\RGB1\S48\AC5\RGB1_SUB48ACT5F91.jpg,1,1,0.6699716448783875
1628,48,6,1,D:\Skripsi\Experiment\data\raw\RGB1\S48\AC6\RGB1_SUB48ACT6F1.jpg,1,1,0.6623532176017761
1629,48,6,16,D:\Skripsi\Experiment\data\raw\RGB1\S48\AC6\RGB1_SUB48ACT6F16.jpg,1,1,0.5915977358818054
1630,48,6,31,D:\Skripsi\Experiment\data\raw\RGB1\S48\AC6\RGB1_SUB48ACT6F31.jpg,1,1,0.6488103866577148
1631,48,6,46,D:\Skripsi\Experiment\data\raw\RGB1\S48\AC6\RGB1_SUB48ACT6F46.jpg,1,1,0.6566733717918396
1632,48,6,61,D:\Skripsi\Experiment\data\raw\RGB1\S48\AC6\RGB1_SUB48ACT6F61.jpg,1,1,0.5848031640052795
1633,48,6,76,D:\Skripsi\Experiment\data\raw\RGB1\S48\AC6\RGB1_SUB48ACT6F76.jpg,1,1,0.5871495604515076
1634,48,6,91,D:\Skripsi\Experiment\data\raw\RGB1\S48\AC6\RGB1_SUB48ACT6F91.jpg,1,1,0.5560910105705261
1635,48,7,1,D:\Skripsi\Experiment\data\raw\RGB1\S48\AC7\RGB1_SUB48ACT7F1.jpg,1,1,0.622006356716156
1636,48,7,106,D:\Skripsi\Experiment\data\raw\RGB1\S48\AC7\RGB1_SUB48ACT7F106.jpg,1,1,0.6002371907234192
1637,48,7,121,D:\Skripsi\Experiment\data\raw\RGB1\S48\AC7\RGB1_SUB48ACT7F121.jpg,1,0,0.4942079782485962
1638,48,7,136,D:\Skripsi\Experiment\data\raw\RGB1\S48\AC7\RGB1_SUB48ACT7F136.jpg,1,1,0.5580934882164001
1639,48,7,151,D:\Skripsi\Experiment\data\raw\RGB1\S48\AC7\RGB1_SUB48ACT7F151.jpg,1,1,0.5723621249198914
1640,48,7,16,D:\Skripsi\Experiment\data\raw\RGB1\S48\AC7\RGB1_SUB48ACT7F16.jpg,1,1,0.5640532374382019
1641,48,7,166,D:\Skripsi\Experiment\data\raw\RGB1\S48\AC7\RGB1_SUB48ACT7F166.jpg,1,0,0.45327264070510864
1642,48,7,181,D:\Skripsi\Experiment\data\raw\RGB1\S48\AC7\RGB1_SUB48ACT7F181.jpg,1,1,0.570384681224823
1643,48,7,31,D:\Skripsi\Experiment\data\raw\RGB1\S48\AC7\RGB1_SUB48ACT7F31.jpg,1,0,0.49860575795173645
1644,48,7,46,D:\Skripsi\Experiment\data\raw\RGB1\S48\AC7\RGB1_SUB48ACT7F46.jpg,1,1,0.6219483613967896
1645,48,7,61,D:\Skripsi\Experiment\data\raw\RGB1\S48\AC7\RGB1_SUB48ACT7F61.jpg,1,1,0.6099259853363037
1646,48,7,76,D:\Skripsi\Experiment\data\raw\RGB1\S48\AC7\RGB1_SUB48ACT7F76.jpg,1,1,0.6914553046226501
1647,48,7,91,D:\Skripsi\Experiment\data\raw\RGB1\S48\AC7\RGB1_SUB48ACT7F91.jpg,1,1,0.7224768400192261
1648,48,8,1,D:\Skripsi\Experiment\data\raw\RGB1\S48\AC8\RGB1_SUB48ACT8F1.jpg,1,1,0.5848138928413391
1649,48,8,106,D:\Skripsi\Experiment\data\raw\RGB1\S48\AC8\RGB1_SUB48ACT8F106.jpg,1,1,0.5840569734573364
1650,48,8,121,D:\Skripsi\Experiment\data\raw\RGB1\S48\AC8\RGB1_SUB48ACT8F121.jpg,1,1,0.5812064409255981
1651,48,8,136,D:\Skripsi\Experiment\data\raw\RGB1\S48\AC8\RGB1_SUB48ACT8F136.jpg,1,1,0.57585608959198
1652,48,8,151,D:\Skripsi\Experiment\data\raw\RGB1\S48\AC8\RGB1_SUB48ACT8F151.jpg,1,1,0.6524409651756287
1653,48,8,16,D:\Skripsi\Experiment\data\raw\RGB1\S48\AC8\RGB1_SUB48ACT8F16.jpg,1,1,0.5321108102798462
1654,48,8,166,D:\Skripsi\Experiment\data\raw\RGB1\S48\AC8\RGB1_SUB48ACT8F166.jpg,1,1,0.7157694101333618
1655,48,8,181,D:\Skripsi\Experiment\data\raw\RGB1\S48\AC8\RGB1_SUB48ACT8F181.jpg,1,1,0.6501729488372803
1656,48,8,31,D:\Skripsi\Experiment\data\raw\RGB1\S48\AC8\RGB1_SUB48ACT8F31.jpg,1,1,0.6131062507629395
1657,48,8,46,D:\Skripsi\Experiment\data\raw\RGB1\S48\AC8\RGB1_SUB48ACT8F46.jpg,1,1,0.7406820058822632
1658,48,8,61,D:\Skripsi\Experiment\data\raw\RGB1\S48\AC8\RGB1_SUB48ACT8F61.jpg,1,1,0.6248186230659485
1659,48,8,76,D:\Skripsi\Experiment\data\raw\RGB1\S48\AC8\RGB1_SUB48ACT8F76.jpg,1,1,0.6228179335594177
1660,48,8,91,D:\Skripsi\Experiment\data\raw\RGB1\S48\AC8\RGB1_SUB48ACT8F91.jpg,1,1,0.6408401131629944
1661,48,9,1,D:\Skripsi\Experiment\data\raw\RGB1\S48\AC9\RGB1_SUB48ACT9F1.jpg,1,1,0.7276224493980408
1662,48,9,106,D:\Skripsi\Experiment\data\raw\RGB1\S48\AC9\RGB1_SUB48ACT9F106.jpg,1,1,0.6242795586585999
1663,48,9,121,D:\Skripsi\Experiment\data\raw\RGB1\S48\AC9\RGB1_SUB48ACT9F121.jpg,1,1,0.6209961771965027
1664,48,9,136,D:\Skripsi\Experiment\data\raw\RGB1\S48\AC9\RGB1_SUB48ACT9F136.jpg,1,1,0.663912832736969
1665,48,9,151,D:\Skripsi\Experiment\data\raw\RGB1\S48\AC9\RGB1_SUB48ACT9F151.jpg,1,1,0.5965726375579834
1666,48,9,16,D:\Skripsi\Experiment\data\raw\RGB1\S48\AC9\RGB1_SUB48ACT9F16.jpg,1,1,0.6852893829345703
1667,48,9,166,D:\Skripsi\Experiment\data\raw\RGB1\S48\AC9\RGB1_SUB48ACT9F166.jpg,1,1,0.563869059085846
1668,48,9,31,D:\Skripsi\Experiment\data\raw\RGB1\S48\AC9\RGB1_SUB48ACT9F31.jpg,1,1,0.5969521403312683
1669,48,9,46,D:\Skripsi\Experiment\data\raw\RGB1\S48\AC9\RGB1_SUB48ACT9F46.jpg,1,1,0.543825089931488
1670,48,9,61,D:\Skripsi\Experiment\data\raw\RGB1\S48\AC9\RGB1_SUB48ACT9F61.jpg,1,1,0.5781994462013245
1671,48,9,76,D:\Skripsi\Experiment\data\raw\RGB1\S48\AC9\RGB1_SUB48ACT9F76.jpg,1,1,0.5855844616889954
1672,48,9,91,D:\Skripsi\Experiment\data\raw\RGB1\S48\AC9\RGB1_SUB48ACT9F91.jpg,1,1,0.6797115206718445
1673,49,1,1,D:\Skripsi\Experiment\data\raw\RGB1\S49\AC1\RGB1_SUB49ACT1F1.jpg,0,1,0.6207916736602783
1674,49,1,106,D:\Skripsi\Experiment\data\raw\RGB1\S49\AC1\RGB1_SUB49ACT1F106.jpg,0,0,0.47585830092430115
1675,49,1,121,D:\Skripsi\Experiment\data\raw\RGB1\S49\AC1\RGB1_SUB49ACT1F121.jpg,0,0,0.48841649293899536
1676,49,1,136,D:\Skripsi\Experiment\data\raw\RGB1\S49\AC1\RGB1_SUB49ACT1F136.jpg,0,0,0.47527068853378296
1677,49,1,151,D:\Skripsi\Experiment\data\raw\RGB1\S49\AC1\RGB1_SUB49ACT1F151.jpg,0,0,0.44311973452568054
1678,49,1,16,D:\Skripsi\Experiment\data\raw\RGB1\S49\AC1\RGB1_SUB49ACT1F16.jpg,0,1,0.5294615626335144
1679,49,1,166,D:\Skripsi\Experiment\data\raw\RGB1\S49\AC1\RGB1_SUB49ACT1F166.jpg,0,0,0.4713374972343445
1680,49,1,31,D:\Skripsi\Experiment\data\raw\RGB1\S49\AC1\RGB1_SUB49ACT1F31.jpg,0,0,0.4826206564903259
1681,49,1,46,D:\Skripsi\Experiment\data\raw\RGB1\S49\AC1\RGB1_SUB49ACT1F46.jpg,0,0,0.4742630422115326
1682,49,1,61,D:\Skripsi\Experiment\data\raw\RGB1\S49\AC1\RGB1_SUB49ACT1F61.jpg,0,1,0.5002829432487488
1683,49,1,76,D:\Skripsi\Experiment\data\raw\RGB1\S49\AC1\RGB1_SUB49ACT1F76.jpg,0,1,0.5578393340110779
1684,49,1,91,D:\Skripsi\Experiment\data\raw\RGB1\S49\AC1\RGB1_SUB49ACT1F91.jpg,0,0,0.49463096261024475
1685,49,5,1,D:\Skripsi\Experiment\data\raw\RGB1\S49\AC5\RGB1_SUB49ACT5F1.jpg,1,1,0.5506930351257324
1686,49,5,106,D:\Skripsi\Experiment\data\raw\RGB1\S49\AC5\RGB1_SUB49ACT5F106.jpg,1,1,0.6757308840751648
1687,49,5,121,D:\Skripsi\Experiment\data\raw\RGB1\S49\AC5\RGB1_SUB49ACT5F121.jpg,1,1,0.5625013709068298
1688,49,5,136,D:\Skripsi\Experiment\data\raw\RGB1\S49\AC5\RGB1_SUB49ACT5F136.jpg,1,1,0.5804346203804016
1689,49,5,151,D:\Skripsi\Experiment\data\raw\RGB1\S49\AC5\RGB1_SUB49ACT5F151.jpg,1,1,0.536134660243988
1690,49,5,16,D:\Skripsi\Experiment\data\raw\RGB1\S49\AC5\RGB1_SUB49ACT5F16.jpg,1,1,0.5414636135101318
1691,49,5,166,D:\Skripsi\Experiment\data\raw\RGB1\S49\AC5\RGB1_SUB49ACT5F166.jpg,1,0,0.46938803791999817
1692,49,5,31,D:\Skripsi\Experiment\data\raw\RGB1\S49\AC5\RGB1_SUB49ACT5F31.jpg,1,1,0.6734943985939026
1693,49,5,46,D:\Skripsi\Experiment\data\raw\RGB1\S49\AC5\RGB1_SUB49ACT5F46.jpg,1,1,0.7018262147903442
1694,49,5,61,D:\Skripsi\Experiment\data\raw\RGB1\S49\AC5\RGB1_SUB49ACT5F61.jpg,1,1,0.7138716578483582
1695,49,5,76,D:\Skripsi\Experiment\data\raw\RGB1\S49\AC5\RGB1_SUB49ACT5F76.jpg,1,1,0.6035416722297668
1696,49,5,91,D:\Skripsi\Experiment\data\raw\RGB1\S49\AC5\RGB1_SUB49ACT5F91.jpg,1,1,0.6302242875099182
1697,49,6,1,D:\Skripsi\Experiment\data\raw\RGB1\S49\AC6\RGB1_SUB49ACT6F1.jpg,1,1,0.5617731809616089
1698,49,6,106,D:\Skripsi\Experiment\data\raw\RGB1\S49\AC6\RGB1_SUB49ACT6F106.jpg,1,1,0.5483348369598389
1699,49,6,121,D:\Skripsi\Experiment\data\raw\RGB1\S49\AC6\RGB1_SUB49ACT6F121.jpg,1,1,0.5804940462112427
1700,49,6,136,D:\Skripsi\Experiment\data\raw\RGB1\S49\AC6\RGB1_SUB49ACT6F136.jpg,1,1,0.5710281729698181
1701,49,6,151,D:\Skripsi\Experiment\data\raw\RGB1\S49\AC6\RGB1_SUB49ACT6F151.jpg,1,1,0.5615102052688599
1702,49,6,16,D:\Skripsi\Experiment\data\raw\RGB1\S49\AC6\RGB1_SUB49ACT6F16.jpg,1,1,0.5991987586021423
1703,49,6,166,D:\Skripsi\Experiment\data\raw\RGB1\S49\AC6\RGB1_SUB49ACT6F166.jpg,1,1,0.749072790145874
1704,49,6,181,D:\Skripsi\Experiment\data\raw\RGB1\S49\AC6\RGB1_SUB49ACT6F181.jpg,1,1,0.6167194247245789
1705,49,6,31,D:\Skripsi\Experiment\data\raw\RGB1\S49\AC6\RGB1_SUB49ACT6F31.jpg,1,1,0.5542961359024048
1706,49,6,46,D:\Skripsi\Experiment\data\raw\RGB1\S49\AC6\RGB1_SUB49ACT6F46.jpg,1,1,0.5868907570838928
1707,49,6,61,D:\Skripsi\Experiment\data\raw\RGB1\S49\AC6\RGB1_SUB49ACT6F61.jpg,1,1,0.6197723746299744
1708,49,6,76,D:\Skripsi\Experiment\data\raw\RGB1\S49\AC6\RGB1_SUB49ACT6F76.jpg,1,1,0.5239813923835754
1709,49,6,91,D:\Skripsi\Experiment\data\raw\RGB1\S49\AC6\RGB1_SUB49ACT6F91.jpg,1,1,0.6021098494529724
1710,49,7,1,D:\Skripsi\Experiment\data\raw\RGB1\S49\AC7\RGB1_SUB49ACT7F1.jpg,1,1,0.5118438601493835
1711,49,7,106,D:\Skripsi\Experiment\data\raw\RGB1\S49\AC7\RGB1_SUB49ACT7F106.jpg,1,0,0.47715333104133606
1712,49,7,121,D:\Skripsi\Experiment\data\raw\RGB1\S49\AC7\RGB1_SUB49ACT7F121.jpg,1,1,0.505193829536438
1713,49,7,136,D:\Skripsi\Experiment\data\raw\RGB1\S49\AC7\RGB1_SUB49ACT7F136.jpg,1,0,0.46635085344314575
1714,49,7,16,D:\Skripsi\Experiment\data\raw\RGB1\S49\AC7\RGB1_SUB49ACT7F16.jpg,1,1,0.5075241923332214
1715,49,7,31,D:\Skripsi\Experiment\data\raw\RGB1\S49\AC7\RGB1_SUB49ACT7F31.jpg,1,1,0.5855776071548462
1716,49,7,46,D:\Skripsi\Experiment\data\raw\RGB1\S49\AC7\RGB1_SUB49ACT7F46.jpg,1,1,0.6071004271507263
1717,49,7,61,D:\Skripsi\Experiment\data\raw\RGB1\S49\AC7\RGB1_SUB49ACT7F61.jpg,1,1,0.5557020902633667
1718,49,7,76,D:\Skripsi\Experiment\data\raw\RGB1\S49\AC7\RGB1_SUB49ACT7F76.jpg,1,1,0.5367415547370911
1719,49,7,91,D:\Skripsi\Experiment\data\raw\RGB1\S49\AC7\RGB1_SUB49ACT7F91.jpg,1,1,0.5209410190582275
1720,49,8,1,D:\Skripsi\Experiment\data\raw\RGB1\S49\AC8\RGB1_SUB49ACT8F1.jpg,1,1,0.5355463624000549
1721,49,8,106,D:\Skripsi\Experiment\data\raw\RGB1\S49\AC8\RGB1_SUB49ACT8F106.jpg,1,1,0.5746062994003296
1722,49,8,121,D:\Skripsi\Experiment\data\raw\RGB1\S49\AC8\RGB1_SUB49ACT8F121.jpg,1,1,0.5229784846305847
1723,49,8,136,D:\Skripsi\Experiment\data\raw\RGB1\S49\AC8\RGB1_SUB49ACT8F136.jpg,1,1,0.5123845934867859
1724,49,8,151,D:\Skripsi\Experiment\data\raw\RGB1\S49\AC8\RGB1_SUB49ACT8F151.jpg,1,0,0.49865636229515076
1725,49,8,16,D:\Skripsi\Experiment\data\raw\RGB1\S49\AC8\RGB1_SUB49ACT8F16.jpg,1,1,0.5061326026916504
1726,49,8,166,D:\Skripsi\Experiment\data\raw\RGB1\S49\AC8\RGB1_SUB49ACT8F166.jpg,1,0,0.4513043463230133
1727,49,8,181,D:\Skripsi\Experiment\data\raw\RGB1\S49\AC8\RGB1_SUB49ACT8F181.jpg,1,0,0.44231411814689636
1728,49,8,196,D:\Skripsi\Experiment\data\raw\RGB1\S49\AC8\RGB1_SUB49ACT8F196.jpg,1,1,0.5036306977272034
1729,49,8,211,D:\Skripsi\Experiment\data\raw\RGB1\S49\AC8\RGB1_SUB49ACT8F211.jpg,1,1,0.5223950743675232
1730,49,8,31,D:\Skripsi\Experiment\data\raw\RGB1\S49\AC8\RGB1_SUB49ACT8F31.jpg,1,1,0.5646876692771912
1731,49,8,46,D:\Skripsi\Experiment\data\raw\RGB1\S49\AC8\RGB1_SUB49ACT8F46.jpg,1,1,0.5477398037910461
1732,49,8,61,D:\Skripsi\Experiment\data\raw\RGB1\S49\AC8\RGB1_SUB49ACT8F61.jpg,1,0,0.4525837004184723
1733,49,8,76,D:\Skripsi\Experiment\data\raw\RGB1\S49\AC8\RGB1_SUB49ACT8F76.jpg,1,1,0.6159529685974121
1734,49,8,91,D:\Skripsi\Experiment\data\raw\RGB1\S49\AC8\RGB1_SUB49ACT8F91.jpg,1,0,0.48833081126213074
1735,49,9,1,D:\Skripsi\Experiment\data\raw\RGB1\S49\AC9\RGB1_SUB49ACT9F1.jpg,1,1,0.5623957514762878
1736,49,9,106,D:\Skripsi\Experiment\data\raw\RGB1\S49\AC9\RGB1_SUB49ACT9F106.jpg,1,0,0.46172475814819336
1737,49,9,121,D:\Skripsi\Experiment\data\raw\RGB1\S49\AC9\RGB1_SUB49ACT9F121.jpg,1,0,0.4270341992378235
1738,49,9,136,D:\Skripsi\Experiment\data\raw\RGB1\S49\AC9\RGB1_SUB49ACT9F136.jpg,1,0,0.4455679953098297
1739,49,9,151,D:\Skripsi\Experiment\data\raw\RGB1\S49\AC9\RGB1_SUB49ACT9F151.jpg,1,0,0.49133649468421936
1740,49,9,16,D:\Skripsi\Experiment\data\raw\RGB1\S49\AC9\RGB1_SUB49ACT9F16.jpg,1,1,0.5334700345993042
1741,49,9,166,D:\Skripsi\Experiment\data\raw\RGB1\S49\AC9\RGB1_SUB49ACT9F166.jpg,1,0,0.4493659734725952
1742,49,9,181,D:\Skripsi\Experiment\data\raw\RGB1\S49\AC9\RGB1_SUB49ACT9F181.jpg,1,0,0.4685329496860504
1743,49,9,196,D:\Skripsi\Experiment\data\raw\RGB1\S49\AC9\RGB1_SUB49ACT9F196.jpg,1,1,0.5086624622344971
1744,49,9,31,D:\Skripsi\Experiment\data\raw\RGB1\S49\AC9\RGB1_SUB49ACT9F31.jpg,1,0,0.49837958812713623
1745,49,9,46,D:\Skripsi\Experiment\data\raw\RGB1\S49\AC9\RGB1_SUB49ACT9F46.jpg,1,1,0.5307707190513611
1746,49,9,61,D:\Skripsi\Experiment\data\raw\RGB1\S49\AC9\RGB1_SUB49ACT9F61.jpg,1,1,0.5823359489440918
1747,49,9,76,D:\Skripsi\Experiment\data\raw\RGB1\S49\AC9\RGB1_SUB49ACT9F76.jpg,1,0,0.44244420528411865
1748,49,9,91,D:\Skripsi\Experiment\data\raw\RGB1\S49\AC9\RGB1_SUB49ACT9F91.jpg,1,0,0.4896121919155121
1749,5,1,1,D:\Skripsi\Experiment\data\raw\RGB1\S5\AC1\RGB1_SUB5ACT1F1.jpg,0,0,0.4492979645729065
1750,5,1,106,D:\Skripsi\Experiment\data\raw\RGB1\S5\AC1\RGB1_SUB5ACT1F106.jpg,0,1,0.6405728459358215
1751,5,1,121,D:\Skripsi\Experiment\data\raw\RGB1\S5\AC1\RGB1_SUB5ACT1F121.jpg,0,1,0.592387855052948
1752,5,1,136,D:\Skripsi\Experiment\data\raw\RGB1\S5\AC1\RGB1_SUB5ACT1F136.jpg,0,1,0.549268901348114
1753,5,1,16,D:\Skripsi\Experiment\data\raw\RGB1\S5\AC1\RGB1_SUB5ACT1F16.jpg,0,0,0.4690568745136261
1754,5,1,31,D:\Skripsi\Experiment\data\raw\RGB1\S5\AC1\RGB1_SUB5ACT1F31.jpg,0,1,0.5385904908180237
1755,5,1,46,D:\Skripsi\Experiment\data\raw\RGB1\S5\AC1\RGB1_SUB5ACT1F46.jpg,0,1,0.5369616150856018
1756,5,1,61,D:\Skripsi\Experiment\data\raw\RGB1\S5\AC1\RGB1_SUB5ACT1F61.jpg,0,1,0.513451874256134
1757,5,1,76,D:\Skripsi\Experiment\data\raw\RGB1\S5\AC1\RGB1_SUB5ACT1F76.jpg,0,1,0.6445897221565247
1758,5,1,91,D:\Skripsi\Experiment\data\raw\RGB1\S5\AC1\RGB1_SUB5ACT1F91.jpg,0,1,0.5582964420318604
1759,5,5,1,D:\Skripsi\Experiment\data\raw\RGB1\S5\AC5\RGB1_SUB5ACT5F1.jpg,1,1,0.5026203989982605
1760,5,5,106,D:\Skripsi\Experiment\data\raw\RGB1\S5\AC5\RGB1_SUB5ACT5F106.jpg,1,1,0.5818844437599182
1761,5,5,121,D:\Skripsi\Experiment\data\raw\RGB1\S5\AC5\RGB1_SUB5ACT5F121.jpg,1,1,0.5131762623786926
1762,5,5,16,D:\Skripsi\Experiment\data\raw\RGB1\S5\AC5\RGB1_SUB5ACT5F16.jpg,1,1,0.5445104241371155
1763,5,5,31,D:\Skripsi\Experiment\data\raw\RGB1\S5\AC5\RGB1_SUB5ACT5F31.jpg,1,0,0.4242617189884186
1764,5,5,46,D:\Skripsi\Experiment\data\raw\RGB1\S5\AC5\RGB1_SUB5ACT5F46.jpg,1,0,0.47367551922798157
1765,5,5,61,D:\Skripsi\Experiment\data\raw\RGB1\S5\AC5\RGB1_SUB5ACT5F61.jpg,1,1,0.601182222366333
1766,5,5,76,D:\Skripsi\Experiment\data\raw\RGB1\S5\AC5\RGB1_SUB5ACT5F76.jpg,1,1,0.5810620188713074
1767,5,5,91,D:\Skripsi\Experiment\data\raw\RGB1\S5\AC5\RGB1_SUB5ACT5F91.jpg,1,1,0.5639771223068237
1768,5,6,1,D:\Skripsi\Experiment\data\raw\RGB1\S5\AC6\RGB1_SUB5ACT6F1.jpg,1,1,0.690481960773468
1769,5,6,106,D:\Skripsi\Experiment\data\raw\RGB1\S5\AC6\RGB1_SUB5ACT6F106.jpg,1,1,0.534320592880249
1770,5,6,121,D:\Skripsi\Experiment\data\raw\RGB1\S5\AC6\RGB1_SUB5ACT6F121.jpg,1,1,0.6045089364051819
1771,5,6,136,D:\Skripsi\Experiment\data\raw\RGB1\S5\AC6\RGB1_SUB5ACT6F136.jpg,1,1,0.5022458434104919
1772,5,6,16,D:\Skripsi\Experiment\data\raw\RGB1\S5\AC6\RGB1_SUB5ACT6F16.jpg,1,1,0.5285994410514832
1773,5,6,31,D:\Skripsi\Experiment\data\raw\RGB1\S5\AC6\RGB1_SUB5ACT6F31.jpg,1,1,0.6090356707572937
1774,5,6,46,D:\Skripsi\Experiment\data\raw\RGB1\S5\AC6\RGB1_SUB5ACT6F46.jpg,1,1,0.5324860215187073
1775,5,6,61,D:\Skripsi\Experiment\data\raw\RGB1\S5\AC6\RGB1_SUB5ACT6F61.jpg,1,1,0.5685388445854187
1776,5,6,76,D:\Skripsi\Experiment\data\raw\RGB1\S5\AC6\RGB1_SUB5ACT6F76.jpg,1,1,0.6371499300003052
1777,5,6,91,D:\Skripsi\Experiment\data\raw\RGB1\S5\AC6\RGB1_SUB5ACT6F91.jpg,1,1,0.5841207504272461
1778,5,7,1,D:\Skripsi\Experiment\data\raw\RGB1\S5\AC7\RGB1_SUB5ACT7F1.jpg,1,1,0.5940154194831848
1779,5,7,106,D:\Skripsi\Experiment\data\raw\RGB1\S5\AC7\RGB1_SUB5ACT7F106.jpg,1,1,0.6135610342025757
1780,5,7,121,D:\Skripsi\Experiment\data\raw\RGB1\S5\AC7\RGB1_SUB5ACT7F121.jpg,1,1,0.6297083497047424
1781,5,7,136,D:\Skripsi\Experiment\data\raw\RGB1\S5\AC7\RGB1_SUB5ACT7F136.jpg,1,1,0.5296452045440674
1782,5,7,151,D:\Skripsi\Experiment\data\raw\RGB1\S5\AC7\RGB1_SUB5ACT7F151.jpg,1,1,0.5435349941253662
1783,5,7,16,D:\Skripsi\Experiment\data\raw\RGB1\S5\AC7\RGB1_SUB5ACT7F16.jpg,1,1,0.6524830460548401
1784,5,7,31,D:\Skripsi\Experiment\data\raw\RGB1\S5\AC7\RGB1_SUB5ACT7F31.jpg,1,1,0.503339946269989
1785,5,7,46,D:\Skripsi\Experiment\data\raw\RGB1\S5\AC7\RGB1_SUB5ACT7F46.jpg,1,1,0.6658411622047424
1786,5,7,61,D:\Skripsi\Experiment\data\raw\RGB1\S5\AC7\RGB1_SUB5ACT7F61.jpg,1,1,0.5091705322265625
1787,5,7,76,D:\Skripsi\Experiment\data\raw\RGB1\S5\AC7\RGB1_SUB5ACT7F76.jpg,1,1,0.5900479555130005
1788,5,7,91,D:\Skripsi\Experiment\data\raw\RGB1\S5\AC7\RGB1_SUB5ACT7F91.jpg,1,1,0.5529124736785889
1789,5,8,1,D:\Skripsi\Experiment\data\raw\RGB1\S5\AC8\RGB1_SUB5ACT8F1.jpg,1,1,0.5813481211662292
1790,5,8,106,D:\Skripsi\Experiment\data\raw\RGB1\S5\AC8\RGB1_SUB5ACT8F106.jpg,1,1,0.5112816095352173
1791,5,8,121,D:\Skripsi\Experiment\data\raw\RGB1\S5\AC8\RGB1_SUB5ACT8F121.jpg,1,1,0.5263625979423523
1792,5,8,136,D:\Skripsi\Experiment\data\raw\RGB1\S5\AC8\RGB1_SUB5ACT8F136.jpg,1,1,0.6382307410240173
1793,5,8,151,D:\Skripsi\Experiment\data\raw\RGB1\S5\AC8\RGB1_SUB5ACT8F151.jpg,1,1,0.5896909236907959
1794,5,8,16,D:\Skripsi\Experiment\data\raw\RGB1\S5\AC8\RGB1_SUB5ACT8F16.jpg,1,1,0.5413849949836731
1795,5,8,31,D:\Skripsi\Experiment\data\raw\RGB1\S5\AC8\RGB1_SUB5ACT8F31.jpg,1,1,0.5426726937294006
1796,5,8,46,D:\Skripsi\Experiment\data\raw\RGB1\S5\AC8\RGB1_SUB5ACT8F46.jpg,1,1,0.5219446420669556
1797,5,8,61,D:\Skripsi\Experiment\data\raw\RGB1\S5\AC8\RGB1_SUB5ACT8F61.jpg,1,1,0.6405064463615417
1798,5,8,76,D:\Skripsi\Experiment\data\raw\RGB1\S5\AC8\RGB1_SUB5ACT8F76.jpg,1,1,0.6210984587669373
1799,5,8,91,D:\Skripsi\Experiment\data\raw\RGB1\S5\AC8\RGB1_SUB5ACT8F91.jpg,1,1,0.5864370465278625
1800,5,9,1,D:\Skripsi\Experiment\data\raw\RGB1\S5\AC9\RGB1_SUB5ACT9F1.jpg,1,1,0.5977417826652527
1801,5,9,106,D:\Skripsi\Experiment\data\raw\RGB1\S5\AC9\RGB1_SUB5ACT9F106.jpg,1,1,0.6149908304214478
1802,5,9,121,D:\Skripsi\Experiment\data\raw\RGB1\S5\AC9\RGB1_SUB5ACT9F121.jpg,1,1,0.58472740650177
1803,5,9,136,D:\Skripsi\Experiment\data\raw\RGB1\S5\AC9\RGB1_SUB5ACT9F136.jpg,1,1,0.5362040400505066
1804,5,9,151,D:\Skripsi\Experiment\data\raw\RGB1\S5\AC9\RGB1_SUB5ACT9F151.jpg,1,1,0.552605152130127
1805,5,9,16,D:\Skripsi\Experiment\data\raw\RGB1\S5\AC9\RGB1_SUB5ACT9F16.jpg,1,0,0.47818800806999207
1806,5,9,166,D:\Skripsi\Experiment\data\raw\RGB1\S5\AC9\RGB1_SUB5ACT9F166.jpg,1,1,0.604611337184906
1807,5,9,31,D:\Skripsi\Experiment\data\raw\RGB1\S5\AC9\RGB1_SUB5ACT9F31.jpg,1,0,0.48926278948783875
1808,5,9,46,D:\Skripsi\Experiment\data\raw\RGB1\S5\AC9\RGB1_SUB5ACT9F46.jpg,1,1,0.5362554788589478
1809,5,9,61,D:\Skripsi\Experiment\data\raw\RGB1\S5\AC9\RGB1_SUB5ACT9F61.jpg,1,0,0.48150306940078735
1810,5,9,76,D:\Skripsi\Experiment\data\raw\RGB1\S5\AC9\RGB1_SUB5ACT9F76.jpg,1,1,0.616207480430603
1811,5,9,91,D:\Skripsi\Experiment\data\raw\RGB1\S5\AC9\RGB1_SUB5ACT9F91.jpg,1,1,0.6957896947860718
1812,50,1,1,D:\Skripsi\Experiment\data\raw\RGB1\S50\AC1\RGB1_SUB50ACT1F1.jpg,0,0,0.47229278087615967
1813,50,1,106,D:\Skripsi\Experiment\data\raw\RGB1\S50\AC1\RGB1_SUB50ACT1F106.jpg,0,0,0.434308797121048
1814,50,1,16,D:\Skripsi\Experiment\data\raw\RGB1\S50\AC1\RGB1_SUB50ACT1F16.jpg,0,0,0.48919007182121277
1815,50,1,31,D:\Skripsi\Experiment\data\raw\RGB1\S50\AC1\RGB1_SUB50ACT1F31.jpg,0,0,0.4653030335903168
1816,50,1,46,D:\Skripsi\Experiment\data\raw\RGB1\S50\AC1\RGB1_SUB50ACT1F46.jpg,0,0,0.3699483573436737
1817,50,1,61,D:\Skripsi\Experiment\data\raw\RGB1\S50\AC1\RGB1_SUB50ACT1F61.jpg,0,0,0.4306375980377197
1818,50,1,76,D:\Skripsi\Experiment\data\raw\RGB1\S50\AC1\RGB1_SUB50ACT1F76.jpg,0,0,0.4098221957683563
1819,50,1,91,D:\Skripsi\Experiment\data\raw\RGB1\S50\AC1\RGB1_SUB50ACT1F91.jpg,0,1,0.5615288615226746
1820,50,5,1,D:\Skripsi\Experiment\data\raw\RGB1\S50\AC5\RGB1_SUB50ACT5F1.jpg,1,0,0.49143001437187195
1821,50,5,106,D:\Skripsi\Experiment\data\raw\RGB1\S50\AC5\RGB1_SUB50ACT5F106.jpg,1,0,0.48919984698295593
1822,50,5,121,D:\Skripsi\Experiment\data\raw\RGB1\S50\AC5\RGB1_SUB50ACT5F121.jpg,1,1,0.5366308689117432
1823,50,5,16,D:\Skripsi\Experiment\data\raw\RGB1\S50\AC5\RGB1_SUB50ACT5F16.jpg,1,1,0.6636009812355042
1824,50,5,31,D:\Skripsi\Experiment\data\raw\RGB1\S50\AC5\RGB1_SUB50ACT5F31.jpg,1,1,0.5015645027160645
1825,50,5,46,D:\Skripsi\Experiment\data\raw\RGB1\S50\AC5\RGB1_SUB50ACT5F46.jpg,1,0,0.4221583902835846
1826,50,5,61,D:\Skripsi\Experiment\data\raw\RGB1\S50\AC5\RGB1_SUB50ACT5F61.jpg,1,1,0.5896369218826294
1827,50,5,76,D:\Skripsi\Experiment\data\raw\RGB1\S50\AC5\RGB1_SUB50ACT5F76.jpg,1,1,0.5229154229164124
1828,50,5,91,D:\Skripsi\Experiment\data\raw\RGB1\S50\AC5\RGB1_SUB50ACT5F91.jpg,1,1,0.5116736888885498
1829,50,6,1,D:\Skripsi\Experiment\data\raw\RGB1\S50\AC6\RGB1_SUB50ACT6F1.jpg,1,1,0.5303036570549011
1830,50,6,106,D:\Skripsi\Experiment\data\raw\RGB1\S50\AC6\RGB1_SUB50ACT6F106.jpg,1,1,0.5353575348854065
1831,50,6,121,D:\Skripsi\Experiment\data\raw\RGB1\S50\AC6\RGB1_SUB50ACT6F121.jpg,1,0,0.4652898907661438
1832,50,6,136,D:\Skripsi\Experiment\data\raw\RGB1\S50\AC6\RGB1_SUB50ACT6F136.jpg,1,0,0.4575672745704651
1833,50,6,16,D:\Skripsi\Experiment\data\raw\RGB1\S50\AC6\RGB1_SUB50ACT6F16.jpg,1,1,0.502954363822937
1834,50,6,31,D:\Skripsi\Experiment\data\raw\RGB1\S50\AC6\RGB1_SUB50ACT6F31.jpg,1,0,0.4578979015350342
1835,50,6,46,D:\Skripsi\Experiment\data\raw\RGB1\S50\AC6\RGB1_SUB50ACT6F46.jpg,1,1,0.5735008716583252
1836,50,6,61,D:\Skripsi\Experiment\data\raw\RGB1\S50\AC6\RGB1_SUB50ACT6F61.jpg,1,0,0.4240776598453522
1837,50,6,76,D:\Skripsi\Experiment\data\raw\RGB1\S50\AC6\RGB1_SUB50ACT6F76.jpg,1,1,0.6237349510192871
1838,50,6,91,D:\Skripsi\Experiment\data\raw\RGB1\S50\AC6\RGB1_SUB50ACT6F91.jpg,1,1,0.5690279603004456
1839,50,7,1,D:\Skripsi\Experiment\data\raw\RGB1\S50\AC7\RGB1_SUB50ACT7F1.jpg,1,0,0.42902591824531555
1840,50,7,106,D:\Skripsi\Experiment\data\raw\RGB1\S50\AC7\RGB1_SUB50ACT7F106.jpg,1,1,0.6107452511787415
1841,50,7,121,D:\Skripsi\Experiment\data\raw\RGB1\S50\AC7\RGB1_SUB50ACT7F121.jpg,1,0,0.49449506402015686
1842,50,7,136,D:\Skripsi\Experiment\data\raw\RGB1\S50\AC7\RGB1_SUB50ACT7F136.jpg,1,0,0.48720136284828186
1843,50,7,16,D:\Skripsi\Experiment\data\raw\RGB1\S50\AC7\RGB1_SUB50ACT7F16.jpg,1,0,0.4477832615375519
1844,50,7,31,D:\Skripsi\Experiment\data\raw\RGB1\S50\AC7\RGB1_SUB50ACT7F31.jpg,1,1,0.5136297345161438
1845,50,7,46,D:\Skripsi\Experiment\data\raw\RGB1\S50\AC7\RGB1_SUB50ACT7F46.jpg,1,0,0.4984866976737976
1846,50,7,61,D:\Skripsi\Experiment\data\raw\RGB1\S50\AC7\RGB1_SUB50ACT7F61.jpg,1,1,0.5333799719810486
1847,50,7,76,D:\Skripsi\Experiment\data\raw\RGB1\S50\AC7\RGB1_SUB50ACT7F76.jpg,1,1,0.5034505724906921
1848,50,7,91,D:\Skripsi\Experiment\data\raw\RGB1\S50\AC7\RGB1_SUB50ACT7F91.jpg,1,1,0.5910254716873169
1849,50,8,1,D:\Skripsi\Experiment\data\raw\RGB1\S50\AC8\RGB1_SUB50ACT8F1.jpg,1,0,0.4447828233242035
1850,50,8,106,D:\Skripsi\Experiment\data\raw\RGB1\S50\AC8\RGB1_SUB50ACT8F106.jpg,1,0,0.46977323293685913
1851,50,8,121,D:\Skripsi\Experiment\data\raw\RGB1\S50\AC8\RGB1_SUB50ACT8F121.jpg,1,0,0.4940769672393799
1852,50,8,136,D:\Skripsi\Experiment\data\raw\RGB1\S50\AC8\RGB1_SUB50ACT8F136.jpg,1,1,0.533011794090271
1853,50,8,151,D:\Skripsi\Experiment\data\raw\RGB1\S50\AC8\RGB1_SUB50ACT8F151.jpg,1,0,0.47978487610816956
1854,50,8,16,D:\Skripsi\Experiment\data\raw\RGB1\S50\AC8\RGB1_SUB50ACT8F16.jpg,1,1,0.5748893022537231
1855,50,8,166,D:\Skripsi\Experiment\data\raw\RGB1\S50\AC8\RGB1_SUB50ACT8F166.jpg,1,0,0.4467501640319824
1856,50,8,181,D:\Skripsi\Experiment\data\raw\RGB1\S50\AC8\RGB1_SUB50ACT8F181.jpg,1,0,0.4862929880619049
1857,50,8,196,D:\Skripsi\Experiment\data\raw\RGB1\S50\AC8\RGB1_SUB50ACT8F196.jpg,1,0,0.4930723011493683
1858,50,8,211,D:\Skripsi\Experiment\data\raw\RGB1\S50\AC8\RGB1_SUB50ACT8F211.jpg,1,1,0.5267555713653564
1859,50,8,31,D:\Skripsi\Experiment\data\raw\RGB1\S50\AC8\RGB1_SUB50ACT8F31.jpg,1,0,0.45884349942207336
1860,50,8,46,D:\Skripsi\Experiment\data\raw\RGB1\S50\AC8\RGB1_SUB50ACT8F46.jpg,1,1,0.6307725310325623
1861,50,8,61,D:\Skripsi\Experiment\data\raw\RGB1\S50\AC8\RGB1_SUB50ACT8F61.jpg,1,1,0.5997945070266724
1862,50,8,76,D:\Skripsi\Experiment\data\raw\RGB1\S50\AC8\RGB1_SUB50ACT8F76.jpg,1,0,0.4817909598350525
1863,50,8,91,D:\Skripsi\Experiment\data\raw\RGB1\S50\AC8\RGB1_SUB50ACT8F91.jpg,1,1,0.5128394365310669
1864,50,9,1,D:\Skripsi\Experiment\data\raw\RGB1\S50\AC9\RGB1_SUB50ACT9F1.jpg,1,1,0.5360803008079529
1865,50,9,106,D:\Skripsi\Experiment\data\raw\RGB1\S50\AC9\RGB1_SUB50ACT9F106.jpg,1,1,0.6368242502212524
1866,50,9,121,D:\Skripsi\Experiment\data\raw\RGB1\S50\AC9\RGB1_SUB50ACT9F121.jpg,1,0,0.41376590728759766
1867,50,9,136,D:\Skripsi\Experiment\data\raw\RGB1\S50\AC9\RGB1_SUB50ACT9F136.jpg,1,1,0.607679545879364
1868,50,9,151,D:\Skripsi\Experiment\data\raw\RGB1\S50\AC9\RGB1_SUB50ACT9F151.jpg,1,1,0.6437320709228516
1869,50,9,16,D:\Skripsi\Experiment\data\raw\RGB1\S50\AC9\RGB1_SUB50ACT9F16.jpg,1,0,0.49062272906303406
1870,50,9,166,D:\Skripsi\Experiment\data\raw\RGB1\S50\AC9\RGB1_SUB50ACT9F166.jpg,1,1,0.6405957937240601
1871,50,9,181,D:\Skripsi\Experiment\data\raw\RGB1\S50\AC9\RGB1_SUB50ACT9F181.jpg,1,1,0.6128566861152649
1872,50,9,31,D:\Skripsi\Experiment\data\raw\RGB1\S50\AC9\RGB1_SUB50ACT9F31.jpg,1,0,0.49736925959587097
1873,50,9,46,D:\Skripsi\Experiment\data\raw\RGB1\S50\AC9\RGB1_SUB50ACT9F46.jpg,1,1,0.6299717426300049
1874,50,9,61,D:\Skripsi\Experiment\data\raw\RGB1\S50\AC9\RGB1_SUB50ACT9F61.jpg,1,1,0.5473654270172119
1875,50,9,76,D:\Skripsi\Experiment\data\raw\RGB1\S50\AC9\RGB1_SUB50ACT9F76.jpg,1,1,0.6108027696609497
1876,50,9,91,D:\Skripsi\Experiment\data\raw\RGB1\S50\AC9\RGB1_SUB50ACT9F91.jpg,1,1,0.5736954212188721
1877,6,1,1,D:\Skripsi\Experiment\data\raw\RGB1\S6\AC1\RGB1_SUB6ACT1F1.jpg,0,1,0.5018613934516907
1878,6,1,106,D:\Skripsi\Experiment\data\raw\RGB1\S6\AC1\RGB1_SUB6ACT1F106.jpg,0,0,0.4235866963863373
1879,6,1,121,D:\Skripsi\Experiment\data\raw\RGB1\S6\AC1\RGB1_SUB6ACT1F121.jpg,0,0,0.49044734239578247
1880,6,1,136,D:\Skripsi\Experiment\data\raw\RGB1\S6\AC1\RGB1_SUB6ACT1F136.jpg,0,0,0.36026531457901
1881,6,1,16,D:\Skripsi\Experiment\data\raw\RGB1\S6\AC1\RGB1_SUB6ACT1F16.jpg,0,1,0.5261000990867615
1882,6,1,31,D:\Skripsi\Experiment\data\raw\RGB1\S6\AC1\RGB1_SUB6ACT1F31.jpg,0,1,0.5673010349273682
1883,6,1,46,D:\Skripsi\Experiment\data\raw\RGB1\S6\AC1\RGB1_SUB6ACT1F46.jpg,0,0,0.44071391224861145
1884,6,1,61,D:\Skripsi\Experiment\data\raw\RGB1\S6\AC1\RGB1_SUB6ACT1F61.jpg,0,1,0.5329232811927795
1885,6,1,76,D:\Skripsi\Experiment\data\raw\RGB1\S6\AC1\RGB1_SUB6ACT1F76.jpg,0,0,0.4748382866382599
1886,6,1,91,D:\Skripsi\Experiment\data\raw\RGB1\S6\AC1\RGB1_SUB6ACT1F91.jpg,0,1,0.5314863324165344
1887,6,5,1,D:\Skripsi\Experiment\data\raw\RGB1\S6\AC5\RGB1_SUB6ACT5F1.jpg,1,0,0.48251569271087646
1888,6,5,106,D:\Skripsi\Experiment\data\raw\RGB1\S6\AC5\RGB1_SUB6ACT5F106.jpg,1,1,0.5649501085281372
1889,6,5,121,D:\Skripsi\Experiment\data\raw\RGB1\S6\AC5\RGB1_SUB6ACT5F121.jpg,1,0,0.48302945494651794
1890,6,5,136,D:\Skripsi\Experiment\data\raw\RGB1\S6\AC5\RGB1_SUB6ACT5F136.jpg,1,1,0.5858120322227478
1891,6,5,16,D:\Skripsi\Experiment\data\raw\RGB1\S6\AC5\RGB1_SUB6ACT5F16.jpg,1,0,0.4161519408226013
1892,6,5,31,D:\Skripsi\Experiment\data\raw\RGB1\S6\AC5\RGB1_SUB6ACT5F31.jpg,1,1,0.5138460993766785
1893,6,5,46,D:\Skripsi\Experiment\data\raw\RGB1\S6\AC5\RGB1_SUB6ACT5F46.jpg,1,0,0.4704488217830658
1894,6,5,61,D:\Skripsi\Experiment\data\raw\RGB1\S6\AC5\RGB1_SUB6ACT5F61.jpg,1,1,0.5230098366737366
1895,6,5,76,D:\Skripsi\Experiment\data\raw\RGB1\S6\AC5\RGB1_SUB6ACT5F76.jpg,1,1,0.5599051713943481
1896,6,5,91,D:\Skripsi\Experiment\data\raw\RGB1\S6\AC5\RGB1_SUB6ACT5F91.jpg,1,1,0.5896139740943909
1897,6,6,1,D:\Skripsi\Experiment\data\raw\RGB1\S6\AC6\RGB1_SUB6ACT6F1.jpg,1,1,0.6518573760986328
1898,6,6,106,D:\Skripsi\Experiment\data\raw\RGB1\S6\AC6\RGB1_SUB6ACT6F106.jpg,1,0,0.4789254665374756
1899,6,6,121,D:\Skripsi\Experiment\data\raw\RGB1\S6\AC6\RGB1_SUB6ACT6F121.jpg,1,1,0.6575027108192444
1900,6,6,136,D:\Skripsi\Experiment\data\raw\RGB1\S6\AC6\RGB1_SUB6ACT6F136.jpg,1,0,0.3411876857280731
1901,6,6,151,D:\Skripsi\Experiment\data\raw\RGB1\S6\AC6\RGB1_SUB6ACT6F151.jpg,1,1,0.6111542582511902
1902,6,6,16,D:\Skripsi\Experiment\data\raw\RGB1\S6\AC6\RGB1_SUB6ACT6F16.jpg,1,1,0.5905382633209229
1903,6,6,31,D:\Skripsi\Experiment\data\raw\RGB1\S6\AC6\RGB1_SUB6ACT6F31.jpg,1,1,0.6058703064918518
1904,6,6,46,D:\Skripsi\Experiment\data\raw\RGB1\S6\AC6\RGB1_SUB6ACT6F46.jpg,1,0,0.48386046290397644
1905,6,6,61,D:\Skripsi\Experiment\data\raw\RGB1\S6\AC6\RGB1_SUB6ACT6F61.jpg,1,0,0.449861079454422
1906,6,6,76,D:\Skripsi\Experiment\data\raw\RGB1\S6\AC6\RGB1_SUB6ACT6F76.jpg,1,0,0.4965928792953491
1907,6,6,91,D:\Skripsi\Experiment\data\raw\RGB1\S6\AC6\RGB1_SUB6ACT6F91.jpg,1,0,0.40770912170410156
1908,6,7,1,D:\Skripsi\Experiment\data\raw\RGB1\S6\AC7\RGB1_SUB6ACT7F1.jpg,1,1,0.5410144925117493
1909,6,7,106,D:\Skripsi\Experiment\data\raw\RGB1\S6\AC7\RGB1_SUB6ACT7F106.jpg,1,1,0.5821095108985901
1910,6,7,121,D:\Skripsi\Experiment\data\raw\RGB1\S6\AC7\RGB1_SUB6ACT7F121.jpg,1,1,0.5114341378211975
1911,6,7,136,D:\Skripsi\Experiment\data\raw\RGB1\S6\AC7\RGB1_SUB6ACT7F136.jpg,1,1,0.6525185108184814
1912,6,7,16,D:\Skripsi\Experiment\data\raw\RGB1\S6\AC7\RGB1_SUB6ACT7F16.jpg,1,1,0.599973201751709
1913,6,7,31,D:\Skripsi\Experiment\data\raw\RGB1\S6\AC7\RGB1_SUB6ACT7F31.jpg,1,1,0.5783101320266724
1914,6,7,46,D:\Skripsi\Experiment\data\raw\RGB1\S6\AC7\RGB1_SUB6ACT7F46.jpg,1,1,0.6131685972213745
1915,6,7,61,D:\Skripsi\Experiment\data\raw\RGB1\S6\AC7\RGB1_SUB6ACT7F61.jpg,1,1,0.516897976398468
1916,6,7,76,D:\Skripsi\Experiment\data\raw\RGB1\S6\AC7\RGB1_SUB6ACT7F76.jpg,1,1,0.620124101638794
1917,6,7,91,D:\Skripsi\Experiment\data\raw\RGB1\S6\AC7\RGB1_SUB6ACT7F91.jpg,1,0,0.4765346050262451
1918,6,8,1,D:\Skripsi\Experiment\data\raw\RGB1\S6\AC8\RGB1_SUB6ACT8F1.jpg,1,0,0.30470916628837585
1919,6,8,106,D:\Skripsi\Experiment\data\raw\RGB1\S6\AC8\RGB1_SUB6ACT8F106.jpg,1,0,0.41310593485832214
1920,6,8,121,D:\Skripsi\Experiment\data\raw\RGB1\S6\AC8\RGB1_SUB6ACT8F121.jpg,1,1,0.5525454878807068
1921,6,8,136,D:\Skripsi\Experiment\data\raw\RGB1\S6\AC8\RGB1_SUB6ACT8F136.jpg,1,0,0.3813175559043884
1922,6,8,151,D:\Skripsi\Experiment\data\raw\RGB1\S6\AC8\RGB1_SUB6ACT8F151.jpg,1,0,0.4755726754665375
1923,6,8,16,D:\Skripsi\Experiment\data\raw\RGB1\S6\AC8\RGB1_SUB6ACT8F16.jpg,1,1,0.5344634652137756
1924,6,8,31,D:\Skripsi\Experiment\data\raw\RGB1\S6\AC8\RGB1_SUB6ACT8F31.jpg,1,0,0.41499584913253784
1925,6,8,46,D:\Skripsi\Experiment\data\raw\RGB1\S6\AC8\RGB1_SUB6ACT8F46.jpg,1,1,0.5030561089515686
1926,6,8,61,D:\Skripsi\Experiment\data\raw\RGB1\S6\AC8\RGB1_SUB6ACT8F61.jpg,1,0,0.492174357175827
1927,6,8,76,D:\Skripsi\Experiment\data\raw\RGB1\S6\AC8\RGB1_SUB6ACT8F76.jpg,1,0,0.45180219411849976
1928,6,8,91,D:\Skripsi\Experiment\data\raw\RGB1\S6\AC8\RGB1_SUB6ACT8F91.jpg,1,0,0.42701098322868347
1929,6,9,1,D:\Skripsi\Experiment\data\raw\RGB1\S6\AC9\RGB1_SUB6ACT9F1.jpg,1,0,0.4361398220062256
1930,6,9,106,D:\Skripsi\Experiment\data\raw\RGB1\S6\AC9\RGB1_SUB6ACT9F106.jpg,1,1,0.5575541853904724
1931,6,9,121,D:\Skripsi\Experiment\data\raw\RGB1\S6\AC9\RGB1_SUB6ACT9F121.jpg,1,0,0.3564031720161438
1932,6,9,136,D:\Skripsi\Experiment\data\raw\RGB1\S6\AC9\RGB1_SUB6ACT9F136.jpg,1,1,0.5864785313606262
1933,6,9,151,D:\Skripsi\Experiment\data\raw\RGB1\S6\AC9\RGB1_SUB6ACT9F151.jpg,1,1,0.531694233417511
1934,6,9,16,D:\Skripsi\Experiment\data\raw\RGB1\S6\AC9\RGB1_SUB6ACT9F16.jpg,1,0,0.4944145679473877
1935,6,9,166,D:\Skripsi\Experiment\data\raw\RGB1\S6\AC9\RGB1_SUB6ACT9F166.jpg,1,1,0.5594300627708435
1936,6,9,31,D:\Skripsi\Experiment\data\raw\RGB1\S6\AC9\RGB1_SUB6ACT9F31.jpg,1,0,0.4708334505558014
1937,6,9,46,D:\Skripsi\Experiment\data\raw\RGB1\S6\AC9\RGB1_SUB6ACT9F46.jpg,1,1,0.5561433434486389
1938,6,9,61,D:\Skripsi\Experiment\data\raw\RGB1\S6\AC9\RGB1_SUB6ACT9F61.jpg,1,1,0.5749821662902832
1939,6,9,76,D:\Skripsi\Experiment\data\raw\RGB1\S6\AC9\RGB1_SUB6ACT9F76.jpg,1,1,0.5041347146034241
1940,6,9,91,D:\Skripsi\Experiment\data\raw\RGB1\S6\AC9\RGB1_SUB6ACT9F91.jpg,1,0,0.4606473743915558
1941,7,1,1,D:\Skripsi\Experiment\data\raw\RGB1\S7\AC1\RGB1_SUB7ACT1F1.jpg,0,0,0.36486655473709106
1942,7,1,106,D:\Skripsi\Experiment\data\raw\RGB1\S7\AC1\RGB1_SUB7ACT1F106.jpg,0,0,0.4460722506046295
1943,7,1,121,D:\Skripsi\Experiment\data\raw\RGB1\S7\AC1\RGB1_SUB7ACT1F121.jpg,0,1,0.5150615572929382
1944,7,1,16,D:\Skripsi\Experiment\data\raw\RGB1\S7\AC1\RGB1_SUB7ACT1F16.jpg,0,1,0.5068137049674988
1945,7,1,31,D:\Skripsi\Experiment\data\raw\RGB1\S7\AC1\RGB1_SUB7ACT1F31.jpg,0,1,0.572141170501709
1946,7,1,46,D:\Skripsi\Experiment\data\raw\RGB1\S7\AC1\RGB1_SUB7ACT1F46.jpg,0,0,0.4915553629398346
1947,7,1,61,D:\Skripsi\Experiment\data\raw\RGB1\S7\AC1\RGB1_SUB7ACT1F61.jpg,0,1,0.533107578754425
1948,7,1,76,D:\Skripsi\Experiment\data\raw\RGB1\S7\AC1\RGB1_SUB7ACT1F76.jpg,0,0,0.4736360013484955
1949,7,1,91,D:\Skripsi\Experiment\data\raw\RGB1\S7\AC1\RGB1_SUB7ACT1F91.jpg,0,0,0.43921199440956116
1950,7,5,1,D:\Skripsi\Experiment\data\raw\RGB1\S7\AC5\RGB1_SUB7ACT5F1.jpg,1,0,0.4571971297264099
1951,7,5,106,D:\Skripsi\Experiment\data\raw\RGB1\S7\AC5\RGB1_SUB7ACT5F106.jpg,1,1,0.5174587965011597
1952,7,5,121,D:\Skripsi\Experiment\data\raw\RGB1\S7\AC5\RGB1_SUB7ACT5F121.jpg,1,1,0.64898282289505
1953,7,5,16,D:\Skripsi\Experiment\data\raw\RGB1\S7\AC5\RGB1_SUB7ACT5F16.jpg,1,1,0.6031972169876099
1954,7,5,31,D:\Skripsi\Experiment\data\raw\RGB1\S7\AC5\RGB1_SUB7ACT5F31.jpg,1,1,0.596644937992096
1955,7,5,46,D:\Skripsi\Experiment\data\raw\RGB1\S7\AC5\RGB1_SUB7ACT5F46.jpg,1,1,0.5755541920661926
1956,7,5,61,D:\Skripsi\Experiment\data\raw\RGB1\S7\AC5\RGB1_SUB7ACT5F61.jpg,1,1,0.5264244079589844
1957,7,5,76,D:\Skripsi\Experiment\data\raw\RGB1\S7\AC5\RGB1_SUB7ACT5F76.jpg,1,1,0.54697185754776
1958,7,5,91,D:\Skripsi\Experiment\data\raw\RGB1\S7\AC5\RGB1_SUB7ACT5F91.jpg,1,1,0.6036480069160461
1959,7,6,1,D:\Skripsi\Experiment\data\raw\RGB1\S7\AC6\RGB1_SUB7ACT6F1.jpg,1,0,0.2797243893146515
1960,7,6,106,D:\Skripsi\Experiment\data\raw\RGB1\S7\AC6\RGB1_SUB7ACT6F106.jpg,1,0,0.35277894139289856
1961,7,6,121,D:\Skripsi\Experiment\data\raw\RGB1\S7\AC6\RGB1_SUB7ACT6F121.jpg,1,0,0.38206028938293457
1962,7,6,136,D:\Skripsi\Experiment\data\raw\RGB1\S7\AC6\RGB1_SUB7ACT6F136.jpg,1,0,0.29387912154197693
1963,7,6,16,D:\Skripsi\Experiment\data\raw\RGB1\S7\AC6\RGB1_SUB7ACT6F16.jpg,1,0,0.39890962839126587
1964,7,6,31,D:\Skripsi\Experiment\data\raw\RGB1\S7\AC6\RGB1_SUB7ACT6F31.jpg,1,0,0.36556318402290344
1965,7,6,46,D:\Skripsi\Experiment\data\raw\RGB1\S7\AC6\RGB1_SUB7ACT6F46.jpg,1,0,0.41646793484687805
1966,7,6,61,D:\Skripsi\Experiment\data\raw\RGB1\S7\AC6\RGB1_SUB7ACT6F61.jpg,1,0,0.2724911570549011
1967,7,6,76,D:\Skripsi\Experiment\data\raw\RGB1\S7\AC6\RGB1_SUB7ACT6F76.jpg,1,0,0.4403027594089508
1968,7,6,91,D:\Skripsi\Experiment\data\raw\RGB1\S7\AC6\RGB1_SUB7ACT6F91.jpg,1,0,0.3119814097881317
1969,7,7,1,D:\Skripsi\Experiment\data\raw\RGB1\S7\AC7\RGB1_SUB7ACT7F1.jpg,1,0,0.3997948169708252
1970,7,7,106,D:\Skripsi\Experiment\data\raw\RGB1\S7\AC7\RGB1_SUB7ACT7F106.jpg,1,1,0.7291895151138306
1971,7,7,121,D:\Skripsi\Experiment\data\raw\RGB1\S7\AC7\RGB1_SUB7ACT7F121.jpg,1,1,0.7722604274749756
1972,7,7,136,D:\Skripsi\Experiment\data\raw\RGB1\S7\AC7\RGB1_SUB7ACT7F136.jpg,1,1,0.6937783360481262
1973,7,7,151,D:\Skripsi\Experiment\data\raw\RGB1\S7\AC7\RGB1_SUB7ACT7F151.jpg,1,1,0.6662518382072449
1974,7,7,16,D:\Skripsi\Experiment\data\raw\RGB1\S7\AC7\RGB1_SUB7ACT7F16.jpg,1,0,0.41188180446624756
1975,7,7,31,D:\Skripsi\Experiment\data\raw\RGB1\S7\AC7\RGB1_SUB7ACT7F31.jpg,1,1,0.6598421931266785
1976,7,7,46,D:\Skripsi\Experiment\data\raw\RGB1\S7\AC7\RGB1_SUB7ACT7F46.jpg,1,1,0.6367939710617065
1977,7,7,61,D:\Skripsi\Experiment\data\raw\RGB1\S7\AC7\RGB1_SUB7ACT7F61.jpg,1,1,0.6900519132614136
1978,7,7,76,D:\Skripsi\Experiment\data\raw\RGB1\S7\AC7\RGB1_SUB7ACT7F76.jpg,1,1,0.6991393566131592
1979,7,7,91,D:\Skripsi\Experiment\data\raw\RGB1\S7\AC7\RGB1_SUB7ACT7F91.jpg,1,1,0.7114540338516235
1980,7,8,1,D:\Skripsi\Experiment\data\raw\RGB1\S7\AC8\RGB1_SUB7ACT8F1.jpg,1,1,0.5472201704978943
1981,7,8,106,D:\Skripsi\Experiment\data\raw\RGB1\S7\AC8\RGB1_SUB7ACT8F106.jpg,1,1,0.5296671390533447
1982,7,8,121,D:\Skripsi\Experiment\data\raw\RGB1\S7\AC8\RGB1_SUB7ACT8F121.jpg,1,1,0.5394679307937622
1983,7,8,136,D:\Skripsi\Experiment\data\raw\RGB1\S7\AC8\RGB1_SUB7ACT8F136.jpg,1,1,0.6307350993156433
1984,7,8,16,D:\Skripsi\Experiment\data\raw\RGB1\S7\AC8\RGB1_SUB7ACT8F16.jpg,1,1,0.55718994140625
1985,7,8,31,D:\Skripsi\Experiment\data\raw\RGB1\S7\AC8\RGB1_SUB7ACT8F31.jpg,1,1,0.6337140202522278
1986,7,8,46,D:\Skripsi\Experiment\data\raw\RGB1\S7\AC8\RGB1_SUB7ACT8F46.jpg,1,1,0.6361358165740967
1987,7,8,61,D:\Skripsi\Experiment\data\raw\RGB1\S7\AC8\RGB1_SUB7ACT8F61.jpg,1,1,0.628151535987854
1988,7,8,76,D:\Skripsi\Experiment\data\raw\RGB1\S7\AC8\RGB1_SUB7ACT8F76.jpg,1,0,0.43406838178634644
1989,7,8,91,D:\Skripsi\Experiment\data\raw\RGB1\S7\AC8\RGB1_SUB7ACT8F91.jpg,1,0,0.47880780696868896
1990,7,9,1,D:\Skripsi\Experiment\data\raw\RGB1\S7\AC9\RGB1_SUB7ACT9F1.jpg,1,1,0.541546106338501
1991,7,9,106,D:\Skripsi\Experiment\data\raw\RGB1\S7\AC9\RGB1_SUB7ACT9F106.jpg,1,1,0.5010523200035095
1992,7,9,121,D:\Skripsi\Experiment\data\raw\RGB1\S7\AC9\RGB1_SUB7ACT9F121.jpg,1,0,0.3368292450904846
1993,7,9,136,D:\Skripsi\Experiment\data\raw\RGB1\S7\AC9\RGB1_SUB7ACT9F136.jpg,1,1,0.6879702210426331
1994,7,9,16,D:\Skripsi\Experiment\data\raw\RGB1\S7\AC9\RGB1_SUB7ACT9F16.jpg,1,1,0.5346739292144775
1995,7,9,31,D:\Skripsi\Experiment\data\raw\RGB1\S7\AC9\RGB1_SUB7ACT9F31.jpg,1,0,0.4764898419380188
1996,7,9,46,D:\Skripsi\Experiment\data\raw\RGB1\S7\AC9\RGB1_SUB7ACT9F46.jpg,1,1,0.5060524940490723
1997,7,9,61,D:\Skripsi\Experiment\data\raw\RGB1\S7\AC9\RGB1_SUB7ACT9F61.jpg,1,1,0.5664113163948059
1998,7,9,76,D:\Skripsi\Experiment\data\raw\RGB1\S7\AC9\RGB1_SUB7ACT9F76.jpg,1,1,0.6023926734924316
1999,7,9,91,D:\Skripsi\Experiment\data\raw\RGB1\S7\AC9\RGB1_SUB7ACT9F91.jpg,1,1,0.5746856331825256
2000,9,1,1,D:\Skripsi\Experiment\data\raw\RGB1\S9\AC1\RGB1_SUB9ACT1F1.jpg,0,1,0.541990339756012
2001,9,1,106,D:\Skripsi\Experiment\data\raw\RGB1\S9\AC1\RGB1_SUB9ACT1F106.jpg,0,1,0.5802691578865051
2002,9,1,121,D:\Skripsi\Experiment\data\raw\RGB1\S9\AC1\RGB1_SUB9ACT1F121.jpg,0,0,0.43700680136680603
2003,9,1,136,D:\Skripsi\Experiment\data\raw\RGB1\S9\AC1\RGB1_SUB9ACT1F136.jpg,0,0,0.4986838400363922
2004,9,1,151,D:\Skripsi\Experiment\data\raw\RGB1\S9\AC1\RGB1_SUB9ACT1F151.jpg,0,1,0.5063218474388123
2005,9,1,16,D:\Skripsi\Experiment\data\raw\RGB1\S9\AC1\RGB1_SUB9ACT1F16.jpg,0,0,0.48826831579208374
2006,9,1,31,D:\Skripsi\Experiment\data\raw\RGB1\S9\AC1\RGB1_SUB9ACT1F31.jpg,0,0,0.4713221490383148
2007,9,1,46,D:\Skripsi\Experiment\data\raw\RGB1\S9\AC1\RGB1_SUB9ACT1F46.jpg,0,0,0.4449059069156647
2008,9,1,61,D:\Skripsi\Experiment\data\raw\RGB1\S9\AC1\RGB1_SUB9ACT1F61.jpg,0,0,0.4748212695121765
2009,9,1,76,D:\Skripsi\Experiment\data\raw\RGB1\S9\AC1\RGB1_SUB9ACT1F76.jpg,0,0,0.41005194187164307
2010,9,1,91,D:\Skripsi\Experiment\data\raw\RGB1\S9\AC1\RGB1_SUB9ACT1F91.jpg,0,0,0.40769389271736145
2011,9,5,1,D:\Skripsi\Experiment\data\raw\RGB1\S9\AC5\RGB1_SUB9ACT5F1.jpg,1,1,0.5703954696655273
2012,9,5,106,D:\Skripsi\Experiment\data\raw\RGB1\S9\AC5\RGB1_SUB9ACT5F106.jpg,1,1,0.513735294342041
2013,9,5,121,D:\Skripsi\Experiment\data\raw\RGB1\S9\AC5\RGB1_SUB9ACT5F121.jpg,1,1,0.5587998032569885
2014,9,5,136,D:\Skripsi\Experiment\data\raw\RGB1\S9\AC5\RGB1_SUB9ACT5F136.jpg,1,1,0.5808882117271423
2015,9,5,151,D:\Skripsi\Experiment\data\raw\RGB1\S9\AC5\RGB1_SUB9ACT5F151.jpg,1,1,0.5302596688270569
2016,9,5,16,D:\Skripsi\Experiment\data\raw\RGB1\S9\AC5\RGB1_SUB9ACT5F16.jpg,1,0,0.48288461565971375
2017,9,5,31,D:\Skripsi\Experiment\data\raw\RGB1\S9\AC5\RGB1_SUB9ACT5F31.jpg,1,1,0.5068585276603699
2018,9,5,46,D:\Skripsi\Experiment\data\raw\RGB1\S9\AC5\RGB1_SUB9ACT5F46.jpg,1,1,0.5371226072311401
2019,9,5,61,D:\Skripsi\Experiment\data\raw\RGB1\S9\AC5\RGB1_SUB9ACT5F61.jpg,1,1,0.5402628779411316
2020,9,5,76,D:\Skripsi\Experiment\data\raw\RGB1\S9\AC5\RGB1_SUB9ACT5F76.jpg,1,1,0.6011494994163513
2021,9,5,91,D:\Skripsi\Experiment\data\raw\RGB1\S9\AC5\RGB1_SUB9ACT5F91.jpg,1,1,0.6058543920516968
2022,9,6,1,D:\Skripsi\Experiment\data\raw\RGB1\S9\AC6\RGB1_SUB9ACT6F1.jpg,1,0,0.48900356888771057
2023,9,6,106,D:\Skripsi\Experiment\data\raw\RGB1\S9\AC6\RGB1_SUB9ACT6F106.jpg,1,1,0.5429120659828186
2024,9,6,121,D:\Skripsi\Experiment\data\raw\RGB1\S9\AC6\RGB1_SUB9ACT6F121.jpg,1,1,0.5989294052124023
2025,9,6,136,D:\Skripsi\Experiment\data\raw\RGB1\S9\AC6\RGB1_SUB9ACT6F136.jpg,1,1,0.5977672934532166
2026,9,6,16,D:\Skripsi\Experiment\data\raw\RGB1\S9\AC6\RGB1_SUB9ACT6F16.jpg,1,1,0.5198606252670288
2027,9,6,31,D:\Skripsi\Experiment\data\raw\RGB1\S9\AC6\RGB1_SUB9ACT6F31.jpg,1,0,0.4886544644832611
2028,9,6,46,D:\Skripsi\Experiment\data\raw\RGB1\S9\AC6\RGB1_SUB9ACT6F46.jpg,1,1,0.5400060415267944
2029,9,6,61,D:\Skripsi\Experiment\data\raw\RGB1\S9\AC6\RGB1_SUB9ACT6F61.jpg,1,1,0.5696042776107788
2030,9,6,76,D:\Skripsi\Experiment\data\raw\RGB1\S9\AC6\RGB1_SUB9ACT6F76.jpg,1,1,0.5568516850471497
2031,9,6,91,D:\Skripsi\Experiment\data\raw\RGB1\S9\AC6\RGB1_SUB9ACT6F91.jpg,1,0,0.4020976722240448
2032,9,7,1,D:\Skripsi\Experiment\data\raw\RGB1\S9\AC7\RGB1_SUB9ACT7F1.jpg,1,1,0.5077511072158813
2033,9,7,106,D:\Skripsi\Experiment\data\raw\RGB1\S9\AC7\RGB1_SUB9ACT7F106.jpg,1,1,0.5789251327514648
2034,9,7,121,D:\Skripsi\Experiment\data\raw\RGB1\S9\AC7\RGB1_SUB9ACT7F121.jpg,1,1,0.5541515946388245
2035,9,7,136,D:\Skripsi\Experiment\data\raw\RGB1\S9\AC7\RGB1_SUB9ACT7F136.jpg,1,1,0.5148026347160339
2036,9,7,151,D:\Skripsi\Experiment\data\raw\RGB1\S9\AC7\RGB1_SUB9ACT7F151.jpg,1,1,0.5908533930778503
2037,9,7,16,D:\Skripsi\Experiment\data\raw\RGB1\S9\AC7\RGB1_SUB9ACT7F16.jpg,1,1,0.5802813172340393
2038,9,7,166,D:\Skripsi\Experiment\data\raw\RGB1\S9\AC7\RGB1_SUB9ACT7F166.jpg,1,1,0.5453821420669556
2039,9,7,181,D:\Skripsi\Experiment\data\raw\RGB1\S9\AC7\RGB1_SUB9ACT7F181.jpg,1,1,0.556235134601593
2040,9,7,196,D:\Skripsi\Experiment\data\raw\RGB1\S9\AC7\RGB1_SUB9ACT7F196.jpg,1,1,0.5884941816329956
2041,9,7,31,D:\Skripsi\Experiment\data\raw\RGB1\S9\AC7\RGB1_SUB9ACT7F31.jpg,1,1,0.5983257293701172
2042,9,7,46,D:\Skripsi\Experiment\data\raw\RGB1\S9\AC7\RGB1_SUB9ACT7F46.jpg,1,1,0.5868709683418274
2043,9,7,61,D:\Skripsi\Experiment\data\raw\RGB1\S9\AC7\RGB1_SUB9ACT7F61.jpg,1,1,0.620459794998169
2044,9,7,76,D:\Skripsi\Experiment\data\raw\RGB1\S9\AC7\RGB1_SUB9ACT7F76.jpg,1,1,0.5688522458076477
2045,9,7,91,D:\Skripsi\Experiment\data\raw\RGB1\S9\AC7\RGB1_SUB9ACT7F91.jpg,1,1,0.5890519022941589
2046,9,8,1,D:\Skripsi\Experiment\data\raw\RGB1\S9\AC8\RGB1_SUB9ACT8F1.jpg,1,0,0.4761456251144409
2047,9,8,106,D:\Skripsi\Experiment\data\raw\RGB1\S9\AC8\RGB1_SUB9ACT8F106.jpg,1,0,0.45118141174316406
2048,9,8,121,D:\Skripsi\Experiment\data\raw\RGB1\S9\AC8\RGB1_SUB9ACT8F121.jpg,1,1,0.5145827531814575
2049,9,8,136,D:\Skripsi\Experiment\data\raw\RGB1\S9\AC8\RGB1_SUB9ACT8F136.jpg,1,0,0.4375452995300293
2050,9,8,16,D:\Skripsi\Experiment\data\raw\RGB1\S9\AC8\RGB1_SUB9ACT8F16.jpg,1,1,0.6183356046676636
2051,9,8,31,D:\Skripsi\Experiment\data\raw\RGB1\S9\AC8\RGB1_SUB9ACT8F31.jpg,1,1,0.5682428479194641
2052,9,8,46,D:\Skripsi\Experiment\data\raw\RGB1\S9\AC8\RGB1_SUB9ACT8F46.jpg,1,1,0.580635666847229
2053,9,8,61,D:\Skripsi\Experiment\data\raw\RGB1\S9\AC8\RGB1_SUB9ACT8F61.jpg,1,1,0.624691367149353
2054,9,8,76,D:\Skripsi\Experiment\data\raw\RGB1\S9\AC8\RGB1_SUB9ACT8F76.jpg,1,0,0.47714295983314514
2055,9,8,91,D:\Skripsi\Experiment\data\raw\RGB1\S9\AC8\RGB1_SUB9ACT8F91.jpg,1,1,0.5315275192260742
2056,9,9,1,D:\Skripsi\Experiment\data\raw\RGB1\S9\AC9\RGB1_SUB9ACT9F1.jpg,1,0,0.4771694540977478
2057,9,9,106,D:\Skripsi\Experiment\data\raw\RGB1\S9\AC9\RGB1_SUB9ACT9F106.jpg,1,1,0.5868630409240723
2058,9,9,121,D:\Skripsi\Experiment\data\raw\RGB1\S9\AC9\RGB1_SUB9ACT9F121.jpg,1,1,0.5675778985023499
2059,9,9,136,D:\Skripsi\Experiment\data\raw\RGB1\S9\AC9\RGB1_SUB9ACT9F136.jpg,1,0,0.4247562289237976
2060,9,9,151,D:\Skripsi\Experiment\data\raw\RGB1\S9\AC9\RGB1_SUB9ACT9F151.jpg,1,0,0.4891514480113983
2061,9,9,16,D:\Skripsi\Experiment\data\raw\RGB1\S9\AC9\RGB1_SUB9ACT9F16.jpg,1,1,0.5571169257164001
2062,9,9,31,D:\Skripsi\Experiment\data\raw\RGB1\S9\AC9\RGB1_SUB9ACT9F31.jpg,1,1,0.5741901993751526
2063,9,9,46,D:\Skripsi\Experiment\data\raw\RGB1\S9\AC9\RGB1_SUB9ACT9F46.jpg,1,1,0.56810063123703
2064,9,9,61,D:\Skripsi\Experiment\data\raw\RGB1\S9\AC9\RGB1_SUB9ACT9F61.jpg,1,1,0.5926507711410522
2065,9,9,76,D:\Skripsi\Experiment\data\raw\RGB1\S9\AC9\RGB1_SUB9ACT9F76.jpg,1,1,0.5062138438224792
2066,9,9,91,D:\Skripsi\Experiment\data\raw\RGB1\S9\AC9\RGB1_SUB9ACT9F91.jpg,1,1,0.5160630941390991
